{
"type": "FeatureCollection",
"name": "Balimbing",
"crs": { "type": "name", "properties": { "name": "urn:ogc:def:crs:OGC:1.3:CRS84" } },
"features": [
{ "type": "Feature", "properties": { "Id": 0, "CLN": "15697", "PSGC": "174001007", "Barangay": "Balimbing", "Land_Class": null, "PIN": "030-01-008-14-052" }, "geometry": { "type": "Polygon", "coordinates": [ [ [ 121.884385804144259, 13.430317028762595 ], [ 121.884483878459022, 13.429494947064365 ], [ 121.883831363984825, 13.429664585120554 ], [ 121.883792099881518, 13.430177982000538 ], [ 121.884209126550132, 13.430408528668048 ], [ 121.884385804144259, 13.430317028762595 ] ] ] } },
{ "type": "Feature", "properties": { "Id": 0, "CLN": "15695", "PSGC": "174001007", "Barangay": "Balimbing", "Land_Class": null, "PIN": "030-01-008-14-049" }, "geometry": { "type": "Polygon", "coordinates": [ [ [ 121.883792099881518, 13.430177982000538 ], [ 121.883831363984825, 13.429664585120554 ], [ 121.883392081847688, 13.429815105113754 ], [ 121.883422627305961, 13.430300725329934 ], [ 121.883619632385376, 13.430245426505536 ], [ 121.883792099881518, 13.430177982000538 ] ] ] } },
{ "type": "Feature", "properties": { "Id": 0, "CLN": "15699", "PSGC": "174001007", "Barangay": "Balimbing", "Land_Class": null, "PIN": "030-01-008-14-054" }, "geometry": { "type": "Polygon", "coordinates": [ [ [ 121.883422627305961, 13.430300725329934 ], [ 121.883392081847688, 13.429815105113754 ], [ 121.882652672950002, 13.430160894793591 ], [ 121.882394147763378, 13.4302239445138 ], [ 121.883061612003573, 13.430367333787192 ], [ 121.883422627305961, 13.430300725329934 ] ] ] } },
{ "type": "Feature", "properties": { "Id": 0, "CLN": "16168", "PSGC": "174001007", "Barangay": "Balimbing", "Land_Class": null, "PIN": "030-01-008-14-055" }, "geometry": { "type": "Polygon", "coordinates": [ [ [ 121.883061612003573, 13.430367333787192 ], [ 121.882394147763378, 13.4302239445138 ], [ 121.882261052346266, 13.43064063018374 ], [ 121.882425619893311, 13.430508955296363 ], [ 121.882482799672104, 13.430553343892511 ], [ 121.882737096358454, 13.430518361249998 ], [ 121.883061612003573, 13.430367333787192 ] ] ] } },
{ "type": "Feature", "properties": { "Id": 0, "CLN": "15700", "PSGC": "174001007", "Barangay": "Balimbing", "Land_Class": null, "PIN": "030-01-008-14-019" }, "geometry": { "type": "Polygon", "coordinates": [ [ [ 121.884209126550147, 13.430408528668071 ], [ 121.883792099881518, 13.430177982000538 ], [ 121.883619632385404, 13.430245426505534 ], [ 121.883422627305961, 13.430300725329948 ], [ 121.883061612003573, 13.43036733378721 ], [ 121.882737096358483, 13.430518361249998 ], [ 121.882482799672104, 13.430553343892511 ], [ 121.88242561989334, 13.430508955296384 ], [ 121.882261052346266, 13.430640630183779 ], [ 121.882078138214382, 13.431193511849141 ], [ 121.882243756121468, 13.431258455134941 ], [ 121.882394656362578, 13.431316144815002 ], [ 121.882663404430119, 13.431384684843216 ], [ 121.882814932945109, 13.431413442717252 ], [ 121.88298389670949, 13.431217590653954 ], [ 121.88333660601829, 13.430967831376922 ], [ 121.883909519978644, 13.430491459378018 ], [ 121.884209126550147, 13.430408528668071 ] ] ] } },
{ "type": "Feature", "properties": { "Id": 0, "CLN": "15707", "PSGC": "174001007", "Barangay": "Balimbing", "Land_Class": null, "PIN": "030-01-008-14-035" }, "geometry": { "type": "Polygon", "coordinates": [ [ [ 121.884742659491906, 13.431845261734921 ], [ 121.884546768465782, 13.431771089656035 ], [ 121.884483836078147, 13.431918073937439 ], [ 121.884748416515308, 13.432028420572246 ], [ 121.884822456810966, 13.4320796423929 ], [ 121.885116215225523, 13.432268765920252 ], [ 121.885232355175475, 13.432049950675012 ], [ 121.884948468556587, 13.431913427437681 ], [ 121.884742659491906, 13.431845261734921 ] ] ] } },
{ "type": "Feature", "properties": { "Id": 0, "CLN": "15713", "PSGC": "174001007", "Barangay": "Balimbing", "Land_Class": null, "PIN": "030-01-008-14-034" }, "geometry": { "type": "Polygon", "coordinates": [ [ [ 121.884483836078147, 13.431918073937439 ], [ 121.884546768465782, 13.431771089656035 ], [ 121.884639402481199, 13.431558222427464 ], [ 121.884596484916713, 13.431490325320905 ], [ 121.884666412172507, 13.43132644518467 ], [ 121.884322176697182, 13.431342974033978 ], [ 121.884031762509196, 13.431321375673212 ], [ 121.883624231509216, 13.431197697426999 ], [ 121.88354703968939, 13.431436587044171 ], [ 121.884030781753069, 13.431533520202247 ], [ 121.883986275858192, 13.431684535545481 ], [ 121.884483836078147, 13.431918073937439 ] ] ] } },
{ "type": "Feature", "properties": { "Id": 0, "CLN": "15712", "PSGC": "174001007", "Barangay": "Balimbing", "Land_Class": null, "PIN": "030-01-008-14-033" }, "geometry": { "type": "Polygon", "coordinates": [ [ [ 121.884030781753069, 13.431533520202247 ], [ 121.88354703968939, 13.431436587044171 ], [ 121.883367241187059, 13.431927432913538 ], [ 121.883340596030195, 13.431972599616529 ], [ 121.883435781972295, 13.432112110556192 ], [ 121.884252357801785, 13.432034862668477 ], [ 121.884483836078147, 13.431918073937439 ], [ 121.883986275858192, 13.431684535545481 ], [ 121.884030781753069, 13.431533520202247 ] ] ] } },
{ "type": "Feature", "properties": { "Id": 0, "CLN": "15701", "PSGC": "174001007", "Barangay": "Balimbing", "Land_Class": null, "PIN": "030-01-008-14-051" }, "geometry": { "type": "Polygon", "coordinates": [ [ [ 121.884666412172507, 13.43132644518467 ], [ 121.884696238951307, 13.431233479961715 ], [ 121.884747267243426, 13.431145639885562 ], [ 121.884385804144259, 13.430317028762595 ], [ 121.884209126550147, 13.430408528668071 ], [ 121.883909519978644, 13.430491459378018 ], [ 121.88333660601829, 13.430967831376922 ], [ 121.883624231509216, 13.431197697426999 ], [ 121.884031762509196, 13.431321375673212 ], [ 121.884322176697182, 13.431342974033978 ], [ 121.884666412172507, 13.43132644518467 ] ] ] } },
{ "type": "Feature", "properties": { "Id": 0, "CLN": "15714", "PSGC": "174001007", "Barangay": "Balimbing", "Land_Class": null, "PIN": "030-01-008-14-022" }, "geometry": { "type": "Polygon", "coordinates": [ [ [ 121.88354703968939, 13.431436587044171 ], [ 121.883624231509216, 13.431197697426999 ], [ 121.88333660601829, 13.430967831376922 ], [ 121.88298389670949, 13.431217590653954 ], [ 121.882814932945109, 13.431413442717252 ], [ 121.882663404430119, 13.431384684843216 ], [ 121.882630241503222, 13.431492372504326 ], [ 121.882629740058192, 13.431600701572552 ], [ 121.88267874614678, 13.431858795601411 ], [ 121.882692751710906, 13.431932556813166 ], [ 121.882864694064111, 13.431983428255627 ], [ 121.88294627268391, 13.432206979360627 ], [ 121.883441822326404, 13.432235053229702 ], [ 121.883435781972295, 13.432112110556192 ], [ 121.883340596030195, 13.431972599616529 ], [ 121.883367241187059, 13.431927432913538 ], [ 121.88354703968939, 13.431436587044171 ] ] ] } },
{ "type": "Feature", "properties": { "Id": 0, "CLN": "15722", "PSGC": "174001007", "Barangay": "Balimbing", "Land_Class": null, "PIN": "030-01-008-14-063" }, "geometry": { "type": "Polygon", "coordinates": [ [ [ 121.8824375952466, 13.432159438520408 ], [ 121.882533856492117, 13.432212019980797 ], [ 121.882692751710906, 13.431932556813166 ], [ 121.88267874614678, 13.431858795601411 ], [ 121.882456554530393, 13.431799848032524 ], [ 121.88240559896434, 13.431932872618765 ], [ 121.882517591138182, 13.432011000486339 ], [ 121.8824375952466, 13.432159438520408 ] ] ] } },
{ "type": "Feature", "properties": { "Id": 0, "CLN": "15721", "PSGC": "174001007", "Barangay": "Balimbing", "Land_Class": null, "PIN": "030-01-008-14-021" }, "geometry": { "type": "Polygon", "coordinates": [ [ [ 121.88267874614678, 13.431858795601393 ], [ 121.882629740058192, 13.431600701572538 ], [ 121.882346284532161, 13.43157010451236 ], [ 121.882313117610337, 13.431761794014617 ], [ 121.88267874614678, 13.431858795601393 ] ] ] } },
{ "type": "Feature", "properties": { "Id": 0, "CLN": "15715", "PSGC": "174001007", "Barangay": "Balimbing", "Land_Class": null, "PIN": "030-01-008-14-020" }, "geometry": { "type": "Polygon", "coordinates": [ [ [ 121.882629740058192, 13.431600701572538 ], [ 121.882630241503222, 13.431492372504326 ], [ 121.882663404430147, 13.431384684843184 ], [ 121.88239465636255, 13.431316144814968 ], [ 121.882346284532161, 13.431570104512369 ], [ 121.882629740058192, 13.431600701572538 ] ] ] } },
{ "type": "Feature", "properties": { "Id": 0, "CLN": "15720", "PSGC": "174001007", "Barangay": "Balimbing", "Land_Class": null, "PIN": "030-01-008-14-025" }, "geometry": { "type": "Polygon", "coordinates": [ [ [ 121.882252366739735, 13.431935305910347 ], [ 121.882313117610366, 13.431761794014621 ], [ 121.882116175500613, 13.431704638723216 ], [ 121.88207551263767, 13.43180347984174 ], [ 121.882017068288249, 13.43189371691067 ], [ 121.882084735204302, 13.431918024295996 ], [ 121.882252366739735, 13.431935305910347 ] ] ] } },
{ "type": "Feature", "properties": { "Id": 0, "CLN": "15717", "PSGC": "174001007", "Barangay": "Balimbing", "Land_Class": null, "PIN": "030-01-008-15-006" }, "geometry": { "type": "Polygon", "coordinates": [ [ [ 121.882313117610366, 13.431761794014621 ], [ 121.882346284532161, 13.431570104512385 ], [ 121.882394656362578, 13.431316144815002 ], [ 121.882243756121468, 13.431258455134941 ], [ 121.882182167451674, 13.431457377642934 ], [ 121.882006052161415, 13.431399468352302 ], [ 121.881975155543671, 13.431482329445348 ], [ 121.882071328647555, 13.431514577479369 ], [ 121.882057134875836, 13.431571078492304 ], [ 121.882162037731661, 13.431603281650506 ], [ 121.882116175500613, 13.431704638723216 ], [ 121.882313117610366, 13.431761794014621 ] ] ] } },
{ "type": "Feature", "properties": { "Id": 0, "CLN": "15716", "PSGC": "174001007", "Barangay": "Balimbing", "Land_Class": null, "PIN": "030-01-008-14-018" }, "geometry": { "type": "Polygon", "coordinates": [ [ [ 121.882182167451674, 13.431457377642893 ], [ 121.882243756121454, 13.43125845513492 ], [ 121.882078138214382, 13.431193511849139 ], [ 121.882006052161415, 13.431399468352286 ], [ 121.882182167451674, 13.431457377642893 ] ] ] } },
{ "type": "Feature", "properties": { "Id": 0, "CLN": "15719", "PSGC": "174001007", "Barangay": "Balimbing", "Land_Class": null, "PIN": "030-01-008-14-016" }, "geometry": { "type": "Polygon", "coordinates": [ [ [ 121.882116175500613, 13.431704638723216 ], [ 121.882162037731661, 13.431603281650506 ], [ 121.882057134875836, 13.431571078492304 ], [ 121.882007068358973, 13.431674874922162 ], [ 121.882116175500613, 13.431704638723216 ] ] ] } },
{ "type": "Feature", "properties": { "Id": 0, "CLN": "aln 014 sec14", "PSGC": "174001007", "Barangay": "Balimbing", "Land_Class": null, "PIN": "030-01-008-14-014" }, "geometry": { "type": "Polygon", "coordinates": [ [ [ 121.88207551263767, 13.43180347984174 ], [ 121.882116175500613, 13.431704638723216 ], [ 121.882007068358973, 13.431674874922162 ], [ 121.8818985647587, 13.431645275710599 ], [ 121.881875494402124, 13.431712012738771 ], [ 121.881993459034561, 13.431747587830197 ], [ 121.88207551263767, 13.43180347984174 ] ] ] } },
{ "type": "Feature", "properties": { "Id": 0, "CLN": "15735", "PSGC": "174001007", "Barangay": "Balimbing", "Land_Class": null, "PIN": "030-01-008-14-001" }, "geometry": { "type": "Polygon", "coordinates": [ [ [ 121.881896825347923, 13.431933891155738 ], [ 121.881937166641478, 13.431885622985201 ], [ 121.881947511763556, 13.431867390165639 ], [ 121.882017068288249, 13.43189371691067 ], [ 121.88207551263767, 13.43180347984174 ], [ 121.881993459034561, 13.431747587830197 ], [ 121.881875494402124, 13.431712012738771 ], [ 121.881791850733961, 13.43193346288451 ], [ 121.881767329243047, 13.432040017662747 ], [ 121.881839892475085, 13.432069451389022 ], [ 121.881896547727436, 13.431966194764897 ], [ 121.881896825347923, 13.431933891155738 ] ] ] } },
{ "type": "Feature", "properties": { "Id": 0, "CLN": "15739", "PSGC": "174001007", "Barangay": "Balimbing", "Land_Class": null, "PIN": "030-01-008-17-015" }, "geometry": { "type": "Polygon", "coordinates": [ [ [ 121.881787534176624, 13.431767263352919 ], [ 121.881836349502336, 13.43168171776801 ], [ 121.881454411210754, 13.431508497814237 ], [ 121.881428505582861, 13.431625741653074 ], [ 121.881787534176624, 13.431767263352919 ] ] ] } },
{ "type": "Feature", "properties": { "Id": 0, "CLN": "15740", "PSGC": "174001007", "Barangay": "Balimbing", "Land_Class": null, "PIN": "030-01-008-17-010" }, "geometry": { "type": "Polygon", "coordinates": [ [ [ 121.881836349502336, 13.43168171776801 ], [ 121.881897403738463, 13.431442757191633 ], [ 121.881556925038979, 13.431278749013865 ], [ 121.881496958005926, 13.431402866430499 ], [ 121.881454411210754, 13.431508497814237 ], [ 121.881836349502336, 13.43168171776801 ] ] ] } },
{ "type": "Feature", "properties": { "Id": 0, "CLN": "15750", "PSGC": "174001007", "Barangay": "Balimbing", "Land_Class": null, "PIN": "030-01-008-17-014" }, "geometry": { "type": "Polygon", "coordinates": [ [ [ 121.881113277306866, 13.432700212105757 ], [ 121.881396536639372, 13.431923378690835 ], [ 121.881422817146742, 13.431858177205177 ], [ 121.881333117512028, 13.431810383997057 ], [ 121.880858996502084, 13.431627726210651 ], [ 121.881056470180965, 13.43130586653475 ], [ 121.880919053867274, 13.431106648913914 ], [ 121.88078022517854, 13.431212106555844 ], [ 121.880687644747439, 13.431288429879839 ], [ 121.880641270788729, 13.431344646359916 ], [ 121.880504831196049, 13.431432059240052 ], [ 121.880435516124649, 13.43146334782992 ], [ 121.880398416885939, 13.43150832097129 ], [ 121.880458732150686, 13.431926115578824 ], [ 121.880568127274231, 13.432215028920364 ], [ 121.880615478795605, 13.432177225811918 ], [ 121.880719749239418, 13.432138873585888 ], [ 121.880894137017378, 13.432479284095658 ], [ 121.881113277306866, 13.432700212105757 ] ] ] } },
{ "type": "Feature", "properties": { "Id": 0, "CLN": "15741", "PSGC": "174001007", "Barangay": "Balimbing", "Land_Class": null, "PIN": "030-01-008-17-023" }, "geometry": { "type": "Polygon", "coordinates": [ [ [ 121.881779274104716, 13.43138585436499 ], [ 121.881860042847421, 13.431046505176473 ], [ 121.88175207098503, 13.430961392163407 ], [ 121.881656756644603, 13.431130236695029 ], [ 121.88133707091761, 13.430957292952348 ], [ 121.881181255921391, 13.431245484394104 ], [ 121.881496958005926, 13.431402866430499 ], [ 121.881556925038979, 13.431278749013865 ], [ 121.881779274104716, 13.43138585436499 ] ] ] } },
{ "type": "Feature", "properties": { "Id": 0, "CLN": "15743", "PSGC": "174001007", "Barangay": "Balimbing", "Land_Class": null, "PIN": "030-01-008-17-020" }, "geometry": { "type": "Polygon", "coordinates": [ [ [ 121.88175207098503, 13.430961392163407 ], [ 121.881483338915544, 13.430739022936692 ], [ 121.881355500521053, 13.43046311342203 ], [ 121.880776217209259, 13.430584670341739 ], [ 121.881058217189022, 13.430928971841883 ], [ 121.880909998807255, 13.431070498279771 ], [ 121.880919053867274, 13.431106648913914 ], [ 121.881056470180965, 13.43130586653475 ], [ 121.880858996502084, 13.431627726210651 ], [ 121.881333117512028, 13.431810383997057 ], [ 121.881428505582861, 13.431625741653074 ], [ 121.881454411210754, 13.431508497814237 ], [ 121.881496958005926, 13.431402866430499 ], [ 121.881181255921391, 13.431245484394104 ], [ 121.88133707091761, 13.430957292952348 ], [ 121.881656756644603, 13.431130236695029 ], [ 121.88175207098503, 13.430961392163407 ] ] ] } },
{ "type": "Feature", "properties": { "Id": 0, "CLN": "15843", "PSGC": "174001007", "Barangay": "Balimbing", "Land_Class": null, "PIN": "030-01-008-17-008" }, "geometry": { "type": "Polygon", "coordinates": [ [ [ 121.880253971666747, 13.431087445201092 ], [ 121.879955902017699, 13.430852531097406 ], [ 121.879696961647952, 13.431128978524418 ], [ 121.880011734462158, 13.431490917823465 ], [ 121.879926445369776, 13.431610718580092 ], [ 121.880104862277946, 13.431917885938818 ], [ 121.880391142612325, 13.432375254907749 ], [ 121.880568127274231, 13.432215028920364 ], [ 121.880458732150686, 13.431926115578824 ], [ 121.880398416885939, 13.43150832097129 ], [ 121.880435516124649, 13.43146334782992 ], [ 121.880504831196049, 13.431432059240052 ], [ 121.880253971666747, 13.431087445201092 ] ] ] } },
{ "type": "Feature", "properties": { "Id": 0, "CLN": "15749", "PSGC": "174001007", "Barangay": "Balimbing", "Land_Class": null, "PIN": "030-01-008-17-009" }, "geometry": { "type": "Polygon", "coordinates": [ [ [ 121.880504831196049, 13.431432059240052 ], [ 121.880641270788729, 13.431344646359916 ], [ 121.880329042157342, 13.430933745384035 ], [ 121.880253971666747, 13.431087445201092 ], [ 121.880504831196049, 13.431432059240052 ] ] ] } },
{ "type": "Feature", "properties": { "Id": 0, "CLN": "15746", "PSGC": "174001007", "Barangay": "Balimbing", "Land_Class": null, "PIN": "030-01-008-17-010" }, "geometry": { "type": "Polygon", "coordinates": [ [ [ 121.880641270788729, 13.431344646359916 ], [ 121.880687644747439, 13.431288429879855 ], [ 121.880382906720499, 13.43087812647191 ], [ 121.880329042157342, 13.430933745384035 ], [ 121.880641270788729, 13.431344646359916 ] ] ] } },
{ "type": "Feature", "properties": { "Id": 0, "CLN": "15747", "PSGC": "174001007", "Barangay": "Balimbing", "Land_Class": null, "PIN": "030-01-008-17-011" }, "geometry": { "type": "Polygon", "coordinates": [ [ [ 121.880687644747439, 13.431288429879855 ], [ 121.880780225178526, 13.431212106555845 ], [ 121.880478366468807, 13.430802380272381 ], [ 121.880382906720499, 13.43087812647191 ], [ 121.880687644747439, 13.431288429879855 ] ] ] } },
{ "type": "Feature", "properties": { "Id": 0, "CLN": "15746", "PSGC": "174001007", "Barangay": "Balimbing", "Land_Class": null, "PIN": "030-01-008-17-012" }, "geometry": { "type": "Polygon", "coordinates": [ [ [ 121.880780225178526, 13.431212106555845 ], [ 121.880919053867274, 13.431106648913914 ], [ 121.880909998807198, 13.431070498279741 ], [ 121.880601603373876, 13.430703059989568 ], [ 121.880478366468807, 13.430802380272381 ], [ 121.880780225178526, 13.431212106555845 ] ] ] } },
{ "type": "Feature", "properties": { "Id": 0, "CLN": "15744", "PSGC": "174001007", "Barangay": "Balimbing", "Land_Class": null, "PIN": "030-01-008-17-013" }, "geometry": { "type": "Polygon", "coordinates": [ [ [ 121.880909998807198, 13.431070498279741 ], [ 121.881058217188993, 13.430928971841865 ], [ 121.880776217209259, 13.430584670341725 ], [ 121.880754330878275, 13.430583558539714 ], [ 121.880601603373876, 13.430703059989568 ], [ 121.880909998807198, 13.431070498279741 ] ] ] } },
{ "type": "Feature", "properties": { "Id": 0, "CLN": "15745", "PSGC": "174001007", "Barangay": "Balimbing", "Land_Class": null, "PIN": "030-01-008-17-019" }, "geometry": { "type": "Polygon", "coordinates": [ [ [ 121.880382906720499, 13.43087812647191 ], [ 121.880478366468807, 13.430802380272381 ], [ 121.880601603373876, 13.430703059989568 ], [ 121.880754330878275, 13.430583558539714 ], [ 121.880504121730581, 13.430469037649255 ], [ 121.880382906720499, 13.43087812647191 ] ] ] } },
{ "type": "Feature", "properties": { "Id": 0, "CLN": "15844", "PSGC": "174001007", "Barangay": "Balimbing", "Land_Class": null, "PIN": "030-01-008-17-007" }, "geometry": { "type": "Polygon", "coordinates": [ [ [ 121.879696961647952, 13.431128978524427 ], [ 121.879955902017699, 13.430852531097381 ], [ 121.880253971666747, 13.431087445201095 ], [ 121.880329042157342, 13.430933745384033 ], [ 121.880382906720499, 13.430878126471899 ], [ 121.880504121730581, 13.430469037649258 ], [ 121.880099774020536, 13.430301922742151 ], [ 121.878645110105069, 13.429320472234032 ], [ 121.878902906248157, 13.430051222762913 ], [ 121.878976818072218, 13.430268843024381 ], [ 121.879265825072295, 13.430703453489855 ], [ 121.879696961647952, 13.431128978524427 ] ] ] } },
{ "type": "Feature", "properties": { "Id": 0, "CLN": "15863", "PSGC": "174001007", "Barangay": "Balimbing", "Land_Class": null, "PIN": "030-01-008-17-004" }, "geometry": { "type": "Polygon", "coordinates": [ [ [ 121.879265825072295, 13.43070345348986 ], [ 121.878976818072218, 13.430268843024381 ], [ 121.878593686366841, 13.430684413678376 ], [ 121.878871011387858, 13.430986567806288 ], [ 121.879265825072295, 13.43070345348986 ] ] ] } },
{ "type": "Feature", "properties": { "Id": 0, "CLN": "15864", "PSGC": "174001007", "Barangay": "Balimbing", "Land_Class": null, "PIN": "030-01-008-17-005" }, "geometry": { "type": "Polygon", "coordinates": [ [ [ 121.878976818072218, 13.430268843024381 ], [ 121.878902906248129, 13.430051222762922 ], [ 121.878108662897461, 13.430092451468518 ], [ 121.878593686366841, 13.430684413678376 ], [ 121.878976818072218, 13.430268843024381 ] ] ] } },
{ "type": "Feature", "properties": { "Id": 0, "CLN": "15865", "PSGC": "174001007", "Barangay": "Balimbing", "Land_Class": null, "PIN": "030-01-008-17-006" }, "geometry": { "type": "Polygon", "coordinates": [ [ [ 121.877951120032108, 13.429594229090839 ], [ 121.878349889723793, 13.430079929793179 ], [ 121.878591116543973, 13.430067407884797 ], [ 121.878233845226873, 13.429435857630223 ], [ 121.877951120032108, 13.429594229090839 ] ] ] } },
{ "type": "Feature", "properties": { "Id": 0, "CLN": "15866", "PSGC": "174001007", "Barangay": "Balimbing", "Land_Class": null, "PIN": "030-01-008-16-017" }, "geometry": { "type": "Polygon", "coordinates": [ [ [ 121.877957881888975, 13.429903203598498 ], [ 121.877610020905038, 13.429785298589909 ], [ 121.876647960512756, 13.430410936514066 ], [ 121.876631303718284, 13.430467033930562 ], [ 121.876851372512363, 13.43074084894719 ], [ 121.877100693736722, 13.43089442627752 ], [ 121.877171792673465, 13.430589811115233 ], [ 121.877468458854821, 13.430258115129011 ], [ 121.877957881888975, 13.429903203598498 ] ] ] } },
{ "type": "Feature", "properties": { "Id": 0, "CLN": "15742", "PSGC": "174001007", "Barangay": "Balimbing", "Land_Class": null, "PIN": "030-01-008-17-018" }, "geometry": { "type": "Polygon", "coordinates": [ [ [ 121.881968014787319, 13.431131618148655 ], [ 121.882066267302321, 13.43078704781891 ], [ 121.882290051236552, 13.430259925652647 ], [ 121.881355500521053, 13.430463113422014 ], [ 121.881483338915544, 13.430739022936674 ], [ 121.881752070985002, 13.43096139216339 ], [ 121.881968014787319, 13.431131618148655 ] ] ] } },
{ "type": "Feature", "properties": { "Id": 0, "CLN": "15862", "PSGC": "174001007", "Barangay": "Balimbing", "Land_Class": null, "PIN": "030-01-008-16-003" }, "geometry": { "type": "Polygon", "coordinates": [ [ [ 121.87887101138783, 13.430986567806283 ], [ 121.878593686366841, 13.430684413678367 ], [ 121.878108662897461, 13.43009245146853 ], [ 121.877957881888975, 13.429903203598498 ], [ 121.877468458854821, 13.430258115129021 ], [ 121.878024239557064, 13.430859356163863 ], [ 121.877978984232215, 13.430895265007834 ], [ 121.878473026763444, 13.431310728016573 ], [ 121.878691124239381, 13.431127134599688 ], [ 121.87887101138783, 13.430986567806283 ] ] ] } },
{ "type": "Feature", "properties": { "Id": 0, "CLN": "16169", "PSGC": "174001007", "Barangay": "Balimbing", "Land_Class": null, "PIN": "030-01-008-16-016" }, "geometry": { "type": "Polygon", "coordinates": [ [ [ 121.877978984232215, 13.430895265007834 ], [ 121.878024239557064, 13.430859356163872 ], [ 121.877468458854821, 13.430258115129011 ], [ 121.877171792673465, 13.430589811115233 ], [ 121.877100693736722, 13.43089442627752 ], [ 121.877513611261151, 13.431366639211605 ], [ 121.877645502649756, 13.431210748512466 ], [ 121.877810240745362, 13.431042967243293 ], [ 121.877978984232215, 13.430895265007834 ] ] ] } },
{ "type": "Feature", "properties": { "Id": 0, "CLN": "15861", "PSGC": "174001007", "Barangay": "Balimbing", "Land_Class": null, "PIN": "030-01-008-16-012" }, "geometry": { "type": "Polygon", "coordinates": [ [ [ 121.878473026763444, 13.431310728016573 ], [ 121.877978984232215, 13.430895265007834 ], [ 121.877810240745362, 13.431042967243293 ], [ 121.87829947589583, 13.431610875236313 ], [ 121.87839030365366, 13.43147085034939 ], [ 121.878473026763444, 13.431310728016573 ] ] ] } },
{ "type": "Feature", "properties": { "Id": 0, "CLN": "15860", "PSGC": "174001007", "Barangay": "Balimbing", "Land_Class": null, "PIN": "030-01-008-16-013" }, "geometry": { "type": "Polygon", "coordinates": [ [ [ 121.87829947589583, 13.431610875236313 ], [ 121.877810240745362, 13.431042967243293 ], [ 121.877645502649756, 13.431210748512466 ], [ 121.878204642379757, 13.431730820921487 ], [ 121.87829947589583, 13.431610875236313 ] ] ] } },
{ "type": "Feature", "properties": { "Id": 0, "CLN": "15859", "PSGC": "174001007", "Barangay": "Balimbing", "Land_Class": null, "PIN": "030-01-008-16-014" }, "geometry": { "type": "Polygon", "coordinates": [ [ [ 121.878204642379757, 13.431730820921487 ], [ 121.877645502649756, 13.431210748512466 ], [ 121.877513611261151, 13.431366639211605 ], [ 121.878126278875513, 13.431834790848919 ], [ 121.878204642379757, 13.431730820921487 ] ] ] } },
{ "type": "Feature", "properties": { "Id": 0, "CLN": "15857", "PSGC": "174001007", "Barangay": "Balimbing", "Land_Class": null, "PIN": "030-01-008-16-006" }, "geometry": { "type": "Polygon", "coordinates": [ [ [ 121.878126278875513, 13.431834790848937 ], [ 121.877513611261151, 13.431366639211623 ], [ 121.877311702970317, 13.431594438565858 ], [ 121.877401896863063, 13.431590828217104 ], [ 121.877942853051621, 13.432059588629929 ], [ 121.878126278875513, 13.431834790848937 ] ] ] } },
{ "type": "Feature", "properties": { "Id": 0, "CLN": "15845", "PSGC": "174001007", "Barangay": "Balimbing", "Land_Class": null, "PIN": "030-01-008-17-002" }, "geometry": { "type": "Polygon", "coordinates": [ [ [ 121.879696961647952, 13.431128978524418 ], [ 121.879265825072295, 13.430703453489874 ], [ 121.878871011387858, 13.430986567806288 ], [ 121.878691124239381, 13.431127134599715 ], [ 121.879225281761848, 13.431731351287874 ], [ 121.879458042505078, 13.431920963180181 ], [ 121.879868863824314, 13.43225217384702 ], [ 121.879992897347421, 13.432108964175818 ], [ 121.880104862277946, 13.431917885938818 ], [ 121.879926445369776, 13.431610718580092 ], [ 121.880011734462158, 13.431490917823465 ], [ 121.879696961647952, 13.431128978524418 ] ] ] } },
{ "type": "Feature", "properties": { "Id": 0, "CLN": "15846", "PSGC": "174001007", "Barangay": "Balimbing", "Land_Class": null, "PIN": "030-01-008-17-001" }, "geometry": { "type": "Polygon", "coordinates": [ [ [ 121.879458042505078, 13.431920963180181 ], [ 121.879225281761848, 13.431731351287874 ], [ 121.879097527157995, 13.431879236737494 ], [ 121.879171064836356, 13.431931723372134 ], [ 121.879276437658021, 13.432054023913516 ], [ 121.879428803217564, 13.432135207910289 ], [ 121.879715510543846, 13.432383752171551 ], [ 121.879868863824314, 13.43225217384702 ], [ 121.879458042505078, 13.431920963180181 ] ] ] } },
{ "type": "Feature", "properties": { "Id": 0, "CLN": "15847", "PSGC": "174001007", "Barangay": "Balimbing", "Land_Class": null, "PIN": "030-01-008-16-011" }, "geometry": { "type": "Polygon", "coordinates": [ [ [ 121.879097527157981, 13.431879236737498 ], [ 121.879225281761848, 13.431731351287874 ], [ 121.878691124239381, 13.431127134599679 ], [ 121.878473026763444, 13.431310728016573 ], [ 121.87839030365366, 13.43147085034939 ], [ 121.878562009000547, 13.431567909081787 ], [ 121.879097527157981, 13.431879236737498 ] ] ] } },
{ "type": "Feature", "properties": { "Id": 0, "CLN": "15848", "PSGC": "174001007", "Barangay": "Balimbing", "Land_Class": null, "PIN": "030-01-008-16-010" }, "geometry": { "type": "Polygon", "coordinates": [ [ [ 121.879097527157995, 13.431879236737494 ], [ 121.878562009000547, 13.431567909081803 ], [ 121.878466840078886, 13.431760074152441 ], [ 121.878749160647288, 13.431921336123384 ], [ 121.878933436350152, 13.4320340346761 ], [ 121.879076087492393, 13.432185392757479 ], [ 121.879276437658021, 13.432054023913516 ], [ 121.879171064836356, 13.431931723372134 ], [ 121.879097527157995, 13.431879236737494 ] ] ] } },
{ "type": "Feature", "properties": { "Id": 0, "CLN": "15850", "PSGC": "174001007", "Barangay": "Balimbing", "Land_Class": null, "PIN": "030-01-008-16-008" }, "geometry": { "type": "Polygon", "coordinates": [ [ [ 121.878749160647288, 13.431921336123384 ], [ 121.878466840078886, 13.431760074152441 ], [ 121.878330849975157, 13.431915947043503 ], [ 121.878758832898541, 13.432189731384383 ], [ 121.878933436350152, 13.4320340346761 ], [ 121.878749160647288, 13.431921336123384 ] ] ] } },
{ "type": "Feature", "properties": { "Id": 0, "CLN": "15858", "PSGC": "174001007", "Barangay": "Balimbing", "Land_Class": null, "PIN": "030-01-008-16-007" }, "geometry": { "type": "Polygon", "coordinates": [ [ [ 121.878562009000547, 13.431567909081803 ], [ 121.878390303653703, 13.43147085034941 ], [ 121.87829947589583, 13.431610875236313 ], [ 121.878204642379757, 13.431730820921487 ], [ 121.878126278875513, 13.431834790848937 ], [ 121.877942853051621, 13.432059588629929 ], [ 121.87809497755643, 13.432192526306496 ], [ 121.878212950373253, 13.4320895436935 ], [ 121.878330849975157, 13.431915947043503 ], [ 121.878466840078886, 13.431760074152441 ], [ 121.878562009000547, 13.431567909081803 ] ] ] } },
{ "type": "Feature", "properties": { "Id": 0, "CLN": "15856", "PSGC": "174001007", "Barangay": "Balimbing", "Land_Class": null, "PIN": "030-01-008-16-005" }, "geometry": { "type": "Polygon", "coordinates": [ [ [ 121.878193616220059, 13.432457485905113 ], [ 121.878329506857, 13.432291328166745 ], [ 121.878212950373253, 13.4320895436935 ], [ 121.87809497755643, 13.432192526306496 ], [ 121.877942853051621, 13.432059588629929 ], [ 121.877401896863063, 13.431590828217104 ], [ 121.877311702970317, 13.431594438565858 ], [ 121.876913682857264, 13.431684946604026 ], [ 121.87642588363299, 13.431418029418317 ], [ 121.875662950840663, 13.431034929855118 ], [ 121.875359150205071, 13.431221613771129 ], [ 121.875792826613932, 13.43170449746402 ], [ 121.876423628197543, 13.43190258375957 ], [ 121.876844680390789, 13.431974188885095 ], [ 121.877224575600337, 13.432395664437561 ], [ 121.877382440742323, 13.432557380316771 ], [ 121.877565382185338, 13.432379931821814 ], [ 121.877964159500564, 13.432531219758305 ], [ 121.878052144811633, 13.432560363838693 ], [ 121.878193616220059, 13.432457485905113 ] ] ] } },
{ "type": "Feature", "properties": { "Id": 0, "CLN": "15868", "PSGC": "174001007", "Barangay": "Balimbing", "Land_Class": null, "PIN": "030-01-008-16-015" }, "geometry": { "type": "Polygon", "coordinates": [ [ [ 121.87641180221533, 13.430171875372315 ], [ 121.876188917224539, 13.429945198528676 ], [ 121.875662950840663, 13.431034929855112 ], [ 121.87642588363299, 13.431418029418314 ], [ 121.876913682857264, 13.431684946604026 ], [ 121.877311702970317, 13.431594438565856 ], [ 121.877513611261151, 13.431366639211605 ], [ 121.877100693736722, 13.430894426277513 ], [ 121.876851372512363, 13.430740848947179 ], [ 121.876631303718284, 13.430467033930563 ], [ 121.876647960512756, 13.430410936514066 ], [ 121.87641180221533, 13.430171875372315 ] ] ] } },
{ "type": "Feature", "properties": { "Id": 0, "CLN": "15475", "PSGC": "174001007", "Barangay": "Balimbing", "Land_Class": null, "PIN": "030-01-008-05-032" }, "geometry": { "type": "Polygon", "coordinates": [ [ [ 121.881963347992809, 13.437877392137928 ], [ 121.882318955726362, 13.438165309892527 ], [ 121.882553381581033, 13.438068359442651 ], [ 121.882759105725526, 13.438086059558934 ], [ 121.882519648400105, 13.437423447877789 ], [ 121.8822652839455, 13.436695338767862 ], [ 121.881964597830247, 13.437097001775019 ], [ 121.881974243505041, 13.43720963642051 ], [ 121.881963347992809, 13.437877392137928 ] ] ] } },
{ "type": "Feature", "properties": { "Id": 0, "CLN": "15474", "PSGC": "174001007", "Barangay": "Balimbing", "Land_Class": null, "PIN": "030-01-008-05-031" }, "geometry": { "type": "Polygon", "coordinates": [ [ [ 121.882759105725526, 13.438086059558934 ], [ 121.882814804875352, 13.438094700323981 ], [ 121.882893243633333, 13.437822254557194 ], [ 121.882962407662589, 13.437700853380104 ], [ 121.883109610087843, 13.437331296067429 ], [ 121.882878658387526, 13.437268208701424 ], [ 121.882842256223284, 13.437037928212119 ], [ 121.882557802171192, 13.437160978019939 ], [ 121.882519648400105, 13.437423447877789 ], [ 121.882759105725526, 13.438086059558934 ] ] ] } },
{ "type": "Feature", "properties": { "Id": 0, "CLN": "15441", "PSGC": "174001007", "Barangay": "Balimbing", "Land_Class": null, "PIN": "030-01-008-05-030" }, "geometry": { "type": "Polygon", "coordinates": [ [ [ 121.883483253325366, 13.438185798343163 ], [ 121.88350123859837, 13.438005414501038 ], [ 121.883501316281738, 13.437988627535116 ], [ 121.883580530994607, 13.437548311820459 ], [ 121.882962407662589, 13.437700853380104 ], [ 121.882893243633333, 13.437822254557194 ], [ 121.882814804875352, 13.438094700323981 ], [ 121.883483253325366, 13.438185798343163 ] ] ] } },
{ "type": "Feature", "properties": { "Id": 0, "CLN": "15442", "PSGC": "174001007", "Barangay": "Balimbing", "Land_Class": null, "PIN": "030-01-008-05-008" }, "geometry": { "type": "Polygon", "coordinates": [ [ [ 121.883501316281738, 13.437988627535116 ], [ 121.883809650210594, 13.438069734130606 ], [ 121.884320313974669, 13.437975470059493 ], [ 121.884531955652335, 13.437640661314781 ], [ 121.884262425230276, 13.437541958729426 ], [ 121.883892996632383, 13.437663011219493 ], [ 121.883662110594202, 13.437523492500537 ], [ 121.883580530994607, 13.437548311820459 ], [ 121.883501316281738, 13.437988627535116 ] ] ] } },
{ "type": "Feature", "properties": { "Id": 0, "CLN": "15443", "PSGC": "174001007", "Barangay": "Balimbing", "Land_Class": null, "PIN": "030-01-008-05-009" }, "geometry": { "type": "Polygon", "coordinates": [ [ [ 121.884504275407608, 13.438131567686048 ], [ 121.884320313974669, 13.437975470059493 ], [ 121.883809650210594, 13.438069734130606 ], [ 121.883984196976215, 13.438339104745259 ], [ 121.884504275407608, 13.438131567686048 ] ] ] } },
{ "type": "Feature", "properties": { "Id": 0, "CLN": "15440", "PSGC": "174001007", "Barangay": "Balimbing", "Land_Class": null, "PIN": "030-01-008-05-007" }, "geometry": { "type": "Polygon", "coordinates": [ [ [ 121.883903584715426, 13.439081586003121 ], [ 121.883984196976215, 13.438339104745259 ], [ 121.883809650210594, 13.438069734130606 ], [ 121.883501316281738, 13.437988627535116 ], [ 121.88350123859837, 13.438005414501038 ], [ 121.883483253325366, 13.438185798343163 ], [ 121.882814804875352, 13.438094700323981 ], [ 121.882759105725526, 13.438086059558934 ], [ 121.882553381581033, 13.438068359442651 ], [ 121.882318955726362, 13.438165309892527 ], [ 121.882797491889079, 13.439055696783356 ], [ 121.883903584715426, 13.439081586003121 ] ] ] } },
{ "type": "Feature", "properties": { "Id": 0, "CLN": "15478", "PSGC": "174001007", "Barangay": "Balimbing", "Land_Class": null, "PIN": "030-01-008-06-008" }, "geometry": { "type": "Polygon", "coordinates": [ [ [ 121.880247940504844, 13.43922075014191 ], [ 121.880580897130031, 13.438950413278183 ], [ 121.880753574079137, 13.43877802331771 ], [ 121.880583263568482, 13.438440399960626 ], [ 121.880524420653941, 13.438343409713786 ], [ 121.880020572337429, 13.438656954121482 ], [ 121.879662128437602, 13.438805435550131 ], [ 121.879887956549894, 13.439012794622863 ], [ 121.880152158720236, 13.439210944437264 ], [ 121.880196964277275, 13.439192384204912 ], [ 121.880247940504844, 13.43922075014191 ] ] ] } },
{ "type": "Feature", "properties": { "Id": 0, "CLN": "15439", "PSGC": "174001007", "Barangay": "Balimbing", "Land_Class": null, "PIN": "030-01-008-05-006" }, "geometry": { "type": "Polygon", "coordinates": [ [ [ 121.883903584715426, 13.439081586003121 ], [ 121.882797491889079, 13.439055696783356 ], [ 121.882929726019654, 13.439203172371885 ], [ 121.883979933630414, 13.43946366244457 ], [ 121.883903584715426, 13.439081586003121 ] ] ] } },
{ "type": "Feature", "properties": { "Id": 0, "CLN": "15477", "PSGC": "174001007", "Barangay": "Balimbing", "Land_Class": null, "PIN": "030-01-008-06-029" }, "geometry": { "type": "Polygon", "coordinates": [ [ [ 121.881481471942948, 13.439918597105679 ], [ 121.882797491889079, 13.439055696783356 ], [ 121.882531663373342, 13.439054517215691 ], [ 121.882480057174064, 13.439087862797111 ], [ 121.882321262024746, 13.439120732609032 ], [ 121.881948536301365, 13.439056125533316 ], [ 121.881746748850233, 13.43911398503168 ], [ 121.881472987358137, 13.43897427389761 ], [ 121.881178236083926, 13.438737942267364 ], [ 121.880936318014435, 13.438203870611112 ], [ 121.881121969564063, 13.437963111440032 ], [ 121.881172657951524, 13.437889822270533 ], [ 121.880734176267865, 13.43741396929682 ], [ 121.880582793963271, 13.437659533752395 ], [ 121.880450905037492, 13.437859048761966 ], [ 121.880328569353409, 13.43806485932565 ], [ 121.879667726268011, 13.437986882177935 ], [ 121.879453383542071, 13.438057839882486 ], [ 121.879456461536989, 13.438082866234691 ], [ 121.879244964270427, 13.438228874374007 ], [ 121.879554267146204, 13.438645499955294 ], [ 121.879864885436859, 13.438478046435147 ], [ 121.880020572337429, 13.438656954121482 ], [ 121.880524420653941, 13.438343409713786 ], [ 121.880583263568482, 13.438440399960626 ], [ 121.880753574079137, 13.43877802331771 ], [ 121.880580897130031, 13.438950413278183 ], [ 121.880247940504844, 13.43922075014191 ], [ 121.880301762654284, 13.439324166704706 ], [ 121.880588179715645, 13.439553680719584 ], [ 121.880719550207246, 13.439642417752287 ], [ 121.881040942351902, 13.439681617624737 ], [ 121.881113032899052, 13.439854007764618 ], [ 121.881481471942948, 13.439918597105679 ] ] ] } },
{ "type": "Feature", "properties": { "Id": 0, "CLN": "15422", "PSGC": "174001007", "Barangay": "Balimbing", "Land_Class": null, "PIN": "030-01-008-06-003" }, "geometry": { "type": "Polygon", "coordinates": [ [ [ 121.882929726019654, 13.439203172371885 ], [ 121.882797491889079, 13.439055696783356 ], [ 121.881481471942948, 13.439918597105679 ], [ 121.881293753880641, 13.440241546561687 ], [ 121.881210392891447, 13.440463285235618 ], [ 121.881449089171639, 13.440521347223916 ], [ 121.881601034219614, 13.440233083825515 ], [ 121.882929726019654, 13.439203172371885 ] ] ] } },
{ "type": "Feature", "properties": { "Id": 0, "CLN": "15423", "PSGC": "174001007", "Barangay": "Balimbing", "Land_Class": null, "PIN": "030-01-008-06-002" }, "geometry": { "type": "Polygon", "coordinates": [ [ [ 121.881577636324167, 13.440948446350932 ], [ 121.881878147956456, 13.440234314587412 ], [ 121.881986413324071, 13.4401348777698 ], [ 121.882958961649578, 13.43937117512785 ], [ 121.882929726019654, 13.439203172371885 ], [ 121.881601034219614, 13.440233083825515 ], [ 121.881449089171639, 13.440521347223916 ], [ 121.881210392891447, 13.440463285235618 ], [ 121.881205027546926, 13.440754165305311 ], [ 121.881226596744, 13.440866298466235 ], [ 121.881272089671157, 13.441015883702779 ], [ 121.881577636324167, 13.440948446350932 ] ] ] } },
{ "type": "Feature", "properties": { "Id": 0, "CLN": "15424", "PSGC": "174001007", "Barangay": "Balimbing", "Land_Class": null, "PIN": "030-01-008-06-001" }, "geometry": { "type": "Polygon", "coordinates": [ [ [ 121.882962549646493, 13.439522276796597 ], [ 121.882958961649578, 13.43937117512785 ], [ 121.881986413324071, 13.4401348777698 ], [ 121.881878147956456, 13.440234314587412 ], [ 121.881577636324167, 13.440948446350932 ], [ 121.881701681440973, 13.441047275716627 ], [ 121.881856248730202, 13.441059755623652 ], [ 121.881962758833708, 13.441042538522145 ], [ 121.882043810704033, 13.440885653044493 ], [ 121.882072543203705, 13.440752122038255 ], [ 121.882057079819347, 13.440622325924592 ], [ 121.882039162013584, 13.440588831718024 ], [ 121.881967171989913, 13.440523648326764 ], [ 121.881915262730828, 13.440458554091499 ], [ 121.882193433283419, 13.440231783376973 ], [ 121.882828527325671, 13.439760901293088 ], [ 121.882931739928907, 13.439694209994011 ], [ 121.882962549646493, 13.439522276796597 ] ] ] } },
{ "type": "Feature", "properties": { "Id": 0, "CLN": "15431", "PSGC": "174001007", "Barangay": "Balimbing", "Land_Class": null, "PIN": "030-01-008-04-010" }, "geometry": { "type": "Polygon", "coordinates": [ [ [ 121.883430405205218, 13.440237271945499 ], [ 121.883440814569283, 13.439944080757044 ], [ 121.88296458300546, 13.440009117671755 ], [ 121.883070314227709, 13.440375230150035 ], [ 121.883391223742791, 13.440459207406523 ], [ 121.883430405205218, 13.440237271945499 ] ] ] } },
{ "type": "Feature", "properties": { "Id": 0, "CLN": "15432", "PSGC": "174001007", "Barangay": "Balimbing", "Land_Class": null, "PIN": "030-01-008-05-001" }, "geometry": { "type": "Polygon", "coordinates": [ [ [ 121.883672304714025, 13.439953500851122 ], [ 121.883979933630414, 13.43946366244457 ], [ 121.882929726019654, 13.439203172371885 ], [ 121.882958961649578, 13.43937117512785 ], [ 121.882962549646493, 13.439522276796597 ], [ 121.882931739928907, 13.439694209994011 ], [ 121.882828527325671, 13.439760901293088 ], [ 121.88296458300546, 13.440009117671755 ], [ 121.883440814569283, 13.439944080757044 ], [ 121.883672304714025, 13.439953500851122 ] ] ] } },
{ "type": "Feature", "properties": { "Id": 0, "CLN": "16184", "PSGC": "174001007", "Barangay": "Balimbing", "Land_Class": null, "PIN": "030-01-008-05-002" }, "geometry": { "type": "Polygon", "coordinates": [ [ [ 121.883706372264456, 13.440004013817187 ], [ 121.883809759529072, 13.439899551477055 ], [ 121.883939085708974, 13.439749038958894 ], [ 121.88399949999733, 13.439665370182889 ], [ 121.884012925722331, 13.439543721684043 ], [ 121.883979933630414, 13.43946366244457 ], [ 121.883672304714025, 13.439953500851122 ], [ 121.883706372264456, 13.440004013817187 ] ] ] } },
{ "type": "Feature", "properties": { "Id": 0, "CLN": "15433", "PSGC": "174001007", "Barangay": "Balimbing", "Land_Class": null, "PIN": "030-01-008-04-018" }, "geometry": { "type": "Polygon", "coordinates": [ [ [ 121.883915414944184, 13.440231569197939 ], [ 121.883843166893527, 13.440092753630568 ], [ 121.883706372264456, 13.440004013817179 ], [ 121.883748335289908, 13.440201450735593 ], [ 121.883915414944184, 13.440231569197939 ] ] ] } },
{ "type": "Feature", "properties": { "Id": 0, "CLN": "15436", "PSGC": "174001007", "Barangay": "Balimbing", "Land_Class": null, "PIN": "030-01-008-05-003" }, "geometry": { "type": "Polygon", "coordinates": [ [ [ 121.884816172806623, 13.43910566793407 ], [ 121.884778527097765, 13.438900080384229 ], [ 121.884742223988709, 13.438925892346969 ], [ 121.883979933630414, 13.43946366244457 ], [ 121.884012925722331, 13.439543721684043 ], [ 121.88399949999733, 13.439665370182889 ], [ 121.883939085708974, 13.439749038958894 ], [ 121.883809759529072, 13.439899551477055 ], [ 121.883706372264456, 13.440004013817187 ], [ 121.883843166893527, 13.440092753630564 ], [ 121.883915414944184, 13.440231569197945 ], [ 121.883975479889003, 13.440223441786676 ], [ 121.883971211725608, 13.440219226040657 ], [ 121.884509061014413, 13.439810320311064 ], [ 121.884738567374725, 13.439716864345261 ], [ 121.88478448670844, 13.43969817846107 ], [ 121.884788282335734, 13.439620063933308 ], [ 121.884817013328146, 13.43944567853122 ], [ 121.884816172806623, 13.43910566793407 ] ] ] } },
{ "type": "Feature", "properties": { "Id": 0, "CLN": "16179", "PSGC": "174001007", "Barangay": "Balimbing", "Land_Class": null, "PIN": "030-01-008-04-017" }, "geometry": { "type": "Polygon", "coordinates": [ [ [ 121.883975479889003, 13.440223441786676 ], [ 121.884738567374725, 13.439716864345261 ], [ 121.884509061014413, 13.439810320311064 ], [ 121.883971211725608, 13.440219226040657 ], [ 121.883975479889003, 13.440223441786676 ] ] ] } },
{ "type": "Feature", "properties": { "Id": 0, "CLN": "15434", "PSGC": "174001007", "Barangay": "Balimbing", "Land_Class": null, "PIN": "030-01-008-04-013" }, "geometry": { "type": "Polygon", "coordinates": [ [ [ 121.884603082530944, 13.440684722652771 ], [ 121.884442054656134, 13.440766563121652 ], [ 121.884378087092429, 13.440703381483635 ], [ 121.884466488515898, 13.440594600575338 ], [ 121.884589230124789, 13.44048163238887 ], [ 121.884765189411837, 13.440381665228687 ], [ 121.884831220694409, 13.440361540326741 ], [ 121.884957509982968, 13.440275801088543 ], [ 121.884998253777297, 13.439881108794747 ], [ 121.88498148043459, 13.439873776646005 ], [ 121.88478448670844, 13.439698178461065 ], [ 121.884738567374725, 13.439716864345264 ], [ 121.883975479889003, 13.440223441786673 ], [ 121.883915414944184, 13.440231569197939 ], [ 121.883905035988349, 13.440516521492485 ], [ 121.883900528750956, 13.440622642216494 ], [ 121.883910150793071, 13.440713101024562 ], [ 121.883961906077118, 13.440811608874299 ], [ 121.884157579255643, 13.441054241109233 ], [ 121.884189235723255, 13.441156590980436 ], [ 121.884532281098856, 13.441230837141328 ], [ 121.884762083907688, 13.441053366729266 ], [ 121.88481402958692, 13.440958368354586 ], [ 121.884763016250432, 13.440851710576233 ], [ 121.884603082530944, 13.440684722652771 ] ] ] } },
{ "type": "Feature", "properties": { "Id": 0, "CLN": "15421", "PSGC": "174001007", "Barangay": "Balimbing", "Land_Class": null, "PIN": "030-01-008-06-004" }, "geometry": { "type": "Polygon", "coordinates": [ [ [ 121.880381048926807, 13.440600694780064 ], [ 121.880604174086614, 13.440413417153673 ], [ 121.881210392891447, 13.440463285235618 ], [ 121.881293753880641, 13.440241546561687 ], [ 121.881481471942948, 13.439918597105679 ], [ 121.881113032899052, 13.439854007764618 ], [ 121.881040942351902, 13.439681617624737 ], [ 121.880719550207246, 13.439642417752287 ], [ 121.880592594998703, 13.439978915591574 ], [ 121.880430935785313, 13.440227553245656 ], [ 121.880303622416207, 13.440553176868304 ], [ 121.880381048926807, 13.440600694780064 ] ] ] } },
{ "type": "Feature", "properties": { "Id": 0, "CLN": "15869", "PSGC": "174001007", "Barangay": "Balimbing", "Land_Class": null, "PIN": "030-01-008-16-002" }, "geometry": { "type": "Polygon", "coordinates": [ [ [ 121.875792826613932, 13.431704497464017 ], [ 121.875359150205071, 13.431221613771129 ], [ 121.875030807673809, 13.431918064944513 ], [ 121.874728512265321, 13.432629993412222 ], [ 121.874869646608005, 13.432743289613301 ], [ 121.874509389807855, 13.433259230580443 ], [ 121.874856209520686, 13.433566999789758 ], [ 121.875536124496179, 13.433170928975226 ], [ 121.876144199861528, 13.432831311728897 ], [ 121.876255759178704, 13.432641144105911 ], [ 121.875987677916825, 13.432219617808137 ], [ 121.87608146949124, 13.432206339177469 ], [ 121.876423628197543, 13.431902583759575 ], [ 121.875792826613932, 13.431704497464017 ] ] ] } },
{ "type": "Feature", "properties": { "Id": 0, "CLN": "15867", "PSGC": "174001007", "Barangay": "Balimbing", "Land_Class": null, "PIN": "030-01-008-16-018" }, "geometry": { "type": "Polygon", "coordinates": [ [ [ 121.876647960512756, 13.430410936514066 ], [ 121.877610020905038, 13.429785298589916 ], [ 121.876407008880633, 13.429917241956375 ], [ 121.876188917224539, 13.429945198528676 ], [ 121.87641180221533, 13.430171875372315 ], [ 121.876647960512756, 13.430410936514066 ] ] ] } },
{ "type": "Feature", "properties": { "Id": 0, "CLN": "15516", "PSGC": "174001007", "Barangay": "Balimbing", "Land_Class": null, "PIN": "030-01-008-13-012" }, "geometry": { "type": "Polygon", "coordinates": [ [ [ 121.888544789961102, 13.43125513583451 ], [ 121.888385345456257, 13.431123402495677 ], [ 121.888306461721044, 13.431191417849094 ], [ 121.888241314393468, 13.431436099275945 ], [ 121.888447608150116, 13.431796793927184 ], [ 121.888804067098562, 13.431825317389587 ], [ 121.888896876946873, 13.431913540705935 ], [ 121.889151357207567, 13.432069395142413 ], [ 121.889141340341965, 13.431914618768676 ], [ 121.889172629448396, 13.431799860070406 ], [ 121.888912860464899, 13.431581485623939 ], [ 121.888544789961102, 13.43125513583451 ] ] ] } },
{ "type": "Feature", "properties": { "Id": 0, "CLN": "15517", "PSGC": "174001007", "Barangay": "Balimbing", "Land_Class": null, "PIN": "030-01-008-13-013" }, "geometry": { "type": "Polygon", "coordinates": [ [ [ 121.889272930496688, 13.431438774651165 ], [ 121.889001472790667, 13.430993230930177 ], [ 121.88891670226819, 13.431018871725749 ], [ 121.888544789961102, 13.43125513583451 ], [ 121.888912860464899, 13.431581485623939 ], [ 121.889172629448396, 13.431799860070406 ], [ 121.889272930496688, 13.431438774651165 ] ] ] } },
{ "type": "Feature", "properties": { "Id": 0, "CLN": "15518", "PSGC": "174001007", "Barangay": "Balimbing", "Land_Class": null, "PIN": "030-01-008-13-014" }, "geometry": { "type": "Polygon", "coordinates": [ [ [ 121.888544789961102, 13.43125513583451 ], [ 121.88891670226819, 13.431018871725749 ], [ 121.889001472790667, 13.430993230930177 ], [ 121.88935015706754, 13.430801428308634 ], [ 121.889360894946833, 13.430795521653053 ], [ 121.889154588005368, 13.430422019069992 ], [ 121.888919350131843, 13.430443569292777 ], [ 121.888681679550501, 13.430447523816788 ], [ 121.888492871573803, 13.430384156814343 ], [ 121.88834253214759, 13.430290943023879 ], [ 121.88831206378299, 13.430248285381859 ], [ 121.888199271389198, 13.430325330014449 ], [ 121.888306461721044, 13.431191417849094 ], [ 121.888385345456257, 13.431123402495677 ], [ 121.888544789961102, 13.43125513583451 ] ] ] } },
{ "type": "Feature", "properties": { "Id": 0, "CLN": "15519", "PSGC": "174001007", "Barangay": "Balimbing", "Land_Class": null, "PIN": "030-01-008-13-019" }, "geometry": { "type": "Polygon", "coordinates": [ [ [ 121.888076093871916, 13.428920798629973 ], [ 121.888417701845654, 13.430337549929298 ], [ 121.888492871573803, 13.430384156814343 ], [ 121.888587275548488, 13.430415840332355 ], [ 121.888263396465305, 13.428893540758061 ], [ 121.888076093871916, 13.428920798629973 ] ] ] } },
{ "type": "Feature", "properties": { "Id": 0, "CLN": "15476", "PSGC": "174001007", "Barangay": "Balimbing", "Land_Class": null, "PIN": "030-01-008-06-030" }, "geometry": { "type": "Polygon", "coordinates": [ [ [ 121.882531663373342, 13.439054517215691 ], [ 121.882797491889079, 13.439055696783356 ], [ 121.882318955726362, 13.438165309892527 ], [ 121.881963347992809, 13.437877392137928 ], [ 121.881408012703076, 13.437549527494525 ], [ 121.881172657951524, 13.437889822270533 ], [ 121.881121969564063, 13.437963111440032 ], [ 121.880936318014435, 13.438203870611112 ], [ 121.881178236083926, 13.438737942267364 ], [ 121.881472987358137, 13.43897427389761 ], [ 121.881746748850233, 13.43911398503168 ], [ 121.881948536301365, 13.439056125533316 ], [ 121.882321262024746, 13.439120732609032 ], [ 121.882480057174064, 13.439087862797111 ], [ 121.882531663373342, 13.439054517215691 ] ] ] } },
{ "type": "Feature", "properties": { "Id": 0, "CLN": "15873", "PSGC": "174001007", "Barangay": "Balimbing", "Land_Class": null, "PIN": "030-01-008-16-003" }, "geometry": { "type": "Polygon", "coordinates": [ [ [ 121.876844680390789, 13.431974188885091 ], [ 121.876423628197543, 13.431902583759575 ], [ 121.87608146949124, 13.432206339177469 ], [ 121.875987677916825, 13.432219617808137 ], [ 121.876255759178704, 13.432641144105911 ], [ 121.876144199861528, 13.432831311728897 ], [ 121.876411054373392, 13.433115589745443 ], [ 121.876611022036087, 13.432950721760228 ], [ 121.877224575600337, 13.432395664437555 ], [ 121.876844680390789, 13.431974188885091 ] ] ] } },
{ "type": "Feature", "properties": { "Id": 0, "CLN": "15874", "PSGC": "174001007", "Barangay": "Balimbing", "Land_Class": null, "PIN": "030-01-008-07-008" }, "geometry": { "type": "Polygon", "coordinates": [ [ [ 121.877043602463047, 13.433412685667511 ], [ 121.877528342960019, 13.432765046333838 ], [ 121.877382440742323, 13.432557380316771 ], [ 121.877224575600337, 13.432395664437561 ], [ 121.876611022036087, 13.432950721760236 ], [ 121.877043602463047, 13.433412685667511 ] ] ] } },
{ "type": "Feature", "properties": { "Id": 0, "CLN": "15851", "PSGC": "174001007", "Barangay": "Balimbing", "Land_Class": null, "PIN": "030-01-008-15-039" }, "geometry": { "type": "Polygon", "coordinates": [ [ [ 121.878212950373253, 13.4320895436935 ], [ 121.878329506857, 13.432291328166745 ], [ 121.878562834116607, 13.432648894397348 ], [ 121.878882081505736, 13.433045658346517 ], [ 121.879418667603105, 13.433487954822112 ], [ 121.879461881076708, 13.4334331584336 ], [ 121.879589608232394, 13.432929484485991 ], [ 121.879461060911751, 13.432779401167359 ], [ 121.878946232239372, 13.432317075139071 ], [ 121.878758832898541, 13.432189731384383 ], [ 121.878330849975157, 13.431915947043503 ], [ 121.878212950373253, 13.4320895436935 ] ] ] } },
{ "type": "Feature", "properties": { "Id": 0, "CLN": "15849", "PSGC": "174001007", "Barangay": "Balimbing", "Land_Class": null, "PIN": "030-01-008-16-009" }, "geometry": { "type": "Polygon", "coordinates": [ [ [ 121.878758832898541, 13.432189731384383 ], [ 121.878946232239372, 13.432317075139071 ], [ 121.879076087492393, 13.432185392757479 ], [ 121.878933436350152, 13.4320340346761 ], [ 121.878758832898541, 13.432189731384383 ] ] ] } },
{ "type": "Feature", "properties": { "Id": 0, "CLN": "15841", "PSGC": "174001007", "Barangay": "Balimbing", "Land_Class": null, "PIN": "030-01-008-15-050" }, "geometry": { "type": "Polygon", "coordinates": [ [ [ 121.879277792008153, 13.432332243902703 ], [ 121.879607423775752, 13.432598042363924 ], [ 121.879673774495814, 13.432515826798326 ], [ 121.879802281799499, 13.432674535500206 ], [ 121.880109402036283, 13.432322248596561 ], [ 121.879992897347421, 13.432108964175818 ], [ 121.879868863824314, 13.43225217384702 ], [ 121.879715510543846, 13.432383752171551 ], [ 121.879428803217564, 13.432135207910289 ], [ 121.879277792008153, 13.432332243902703 ] ] ] } },
{ "type": "Feature", "properties": { "Id": 0, "CLN": "15842", "PSGC": "174001007", "Barangay": "Balimbing", "Land_Class": null, "PIN": "030-01-008-15-043" }, "geometry": { "type": "Polygon", "coordinates": [ [ [ 121.879992897347421, 13.432108964175818 ], [ 121.880225906920103, 13.432535532976049 ], [ 121.880391142612325, 13.432375254907749 ], [ 121.880104862277946, 13.431917885938818 ], [ 121.879992897347421, 13.432108964175818 ] ] ] } },
{ "type": "Feature", "properties": { "Id": 0, "CLN": "15855", "PSGC": "174001007", "Barangay": "Balimbing", "Land_Class": null, "PIN": "030-01-008-15-046" }, "geometry": { "type": "Polygon", "coordinates": [ [ [ 121.877528342960019, 13.432765046333838 ], [ 121.87795630677158, 13.432956717463499 ], [ 121.877964159500564, 13.432531219758305 ], [ 121.877565382185338, 13.432379931821814 ], [ 121.877382440742323, 13.432557380316771 ], [ 121.877528342960019, 13.432765046333838 ] ] ] } },
{ "type": "Feature", "properties": { "Id": 0, "CLN": "15854", "PSGC": "174001007", "Barangay": "Balimbing", "Land_Class": null, "PIN": "030-01-008-15-041" }, "geometry": { "type": "Polygon", "coordinates": [ [ [ 121.87795630677158, 13.432956717463499 ], [ 121.877973449423351, 13.433060301766995 ], [ 121.878243227155565, 13.433159260759322 ], [ 121.878562834116607, 13.432648894397348 ], [ 121.878329506857, 13.432291328166745 ], [ 121.878193616220059, 13.432457485905113 ], [ 121.878052144811633, 13.432560363838693 ], [ 121.877964159500564, 13.432531219758305 ], [ 121.87795630677158, 13.432956717463499 ] ] ] } },
{ "type": "Feature", "properties": { "Id": 0, "CLN": "15829", "PSGC": "174001007", "Barangay": "Balimbing", "Land_Class": null, "PIN": "030-01-008-15-029" }, "geometry": { "type": "Polygon", "coordinates": [ [ [ 121.879589608232394, 13.432929484485991 ], [ 121.879777462312688, 13.432959072151732 ], [ 121.879930789269025, 13.432833244147787 ], [ 121.879673774495814, 13.432515826798326 ], [ 121.879461060911751, 13.432779401167359 ], [ 121.879589608232394, 13.432929484485991 ] ] ] } },
{ "type": "Feature", "properties": { "Id": 0, "CLN": "15831", "PSGC": "174001007", "Barangay": "Balimbing", "Land_Class": null, "PIN": "030-01-008-15-025" }, "geometry": { "type": "Polygon", "coordinates": [ [ [ 121.880501185478366, 13.433783884408399 ], [ 121.880351520383257, 13.433318151925503 ], [ 121.880299128978322, 13.43321441103309 ], [ 121.880169540541331, 13.433288590776872 ], [ 121.880283765043544, 13.433637359884214 ], [ 121.880328618396391, 13.433789177876433 ], [ 121.880348834235249, 13.433857603653902 ], [ 121.880501185478366, 13.433783884408399 ] ] ] } },
{ "type": "Feature", "properties": { "Id": 0, "CLN": "15838", "PSGC": "174001007", "Barangay": "Balimbing", "Land_Class": null, "PIN": "030-01-008-15-036" }, "geometry": { "type": "Polygon", "coordinates": [ [ [ 121.880299128978322, 13.43321441103309 ], [ 121.88000163144693, 13.432758803334092 ], [ 121.879930789269025, 13.432833244147787 ], [ 121.879777462312688, 13.432959072151732 ], [ 121.879847610714577, 13.433034139870133 ], [ 121.880041072710853, 13.433121256735573 ], [ 121.880169540541331, 13.433288590776872 ], [ 121.880299128978322, 13.43321441103309 ] ] ] } },
{ "type": "Feature", "properties": { "Id": 0, "CLN": "15837", "PSGC": "174001007", "Barangay": "Balimbing", "Land_Class": null, "PIN": "030-01-008-15-035" }, "geometry": { "type": "Polygon", "coordinates": [ [ [ 121.880169540541331, 13.433288590776872 ], [ 121.880041072710853, 13.433121256735573 ], [ 121.879847610714577, 13.433034139870133 ], [ 121.879917465617737, 13.433172461160977 ], [ 121.879728997471688, 13.43327513108073 ], [ 121.879821978781564, 13.433454167758953 ], [ 121.880169540541331, 13.433288590776872 ] ] ] } },
{ "type": "Feature", "properties": { "Id": 0, "CLN": "16164", "PSGC": "174001007", "Barangay": "Balimbing", "Land_Class": null, "PIN": "030-01-008-15-037" }, "geometry": { "type": "Polygon", "coordinates": [ [ [ 121.879461881076708, 13.4334331584336 ], [ 121.879548037678248, 13.433381787674136 ], [ 121.879604378906876, 13.433346457397855 ], [ 121.879728997471688, 13.43327513108073 ], [ 121.879917465617737, 13.433172461160977 ], [ 121.879847610714577, 13.433034139870133 ], [ 121.879777462312688, 13.432959072151732 ], [ 121.879589608232394, 13.432929484485991 ], [ 121.879461881076708, 13.4334331584336 ] ] ] } },
{ "type": "Feature", "properties": { "Id": 0, "CLN": "15853", "PSGC": "174001007", "Barangay": "Balimbing", "Land_Class": null, "PIN": "030-01-008-15-040" }, "geometry": { "type": "Polygon", "coordinates": [ [ [ 121.878594474941579, 13.433425345005679 ], [ 121.878882081505736, 13.433045658346517 ], [ 121.878562834116607, 13.432648894397348 ], [ 121.878243227155565, 13.433159260759322 ], [ 121.878594474941579, 13.433425345005679 ] ] ] } },
{ "type": "Feature", "properties": { "Id": 0, "CLN": "15875", "PSGC": "174001007", "Barangay": "Balimbing", "Land_Class": null, "PIN": "030-01-008-09-003" }, "geometry": { "type": "Polygon", "coordinates": [ [ [ 121.87758831480518, 13.434120261135897 ], [ 121.877664152432175, 13.434156179905852 ], [ 121.877829857843508, 13.434053410247831 ], [ 121.877910559532424, 13.433951340030202 ], [ 121.877973449423351, 13.433060301766995 ], [ 121.87795630677158, 13.432956717463499 ], [ 121.877528342960019, 13.432765046333838 ], [ 121.877043602463047, 13.433412685667511 ], [ 121.87758831480518, 13.434120261135897 ] ] ] } },
{ "type": "Feature", "properties": { "Id": 0, "CLN": "15876", "PSGC": "174001007", "Barangay": "Balimbing", "Land_Class": null, "PIN": "030-01-008-09-002" }, "geometry": { "type": "Polygon", "coordinates": [ [ [ 121.877910559532424, 13.433951340030202 ], [ 121.878068112795106, 13.434022484730681 ], [ 121.878493330991262, 13.433541341171875 ], [ 121.878594474941579, 13.433425345005679 ], [ 121.878243227155565, 13.433159260759322 ], [ 121.877973449423351, 13.433060301766995 ], [ 121.877910559532424, 13.433951340030202 ] ] ] } },
{ "type": "Feature", "properties": { "Id": 0, "CLN": "15836", "PSGC": "174001007", "Barangay": "Balimbing", "Land_Class": null, "PIN": "030-01-008-15-034" }, "geometry": { "type": "Polygon", "coordinates": [ [ [ 121.879821978781564, 13.433454167758953 ], [ 121.879728997471688, 13.43327513108073 ], [ 121.879604378906876, 13.433346457397855 ], [ 121.879735777162963, 13.433515242289106 ], [ 121.879821978781564, 13.433454167758953 ] ] ] } },
{ "type": "Feature", "properties": { "Id": 0, "CLN": "15835", "PSGC": "174001007", "Barangay": "Balimbing", "Land_Class": null, "PIN": "030-01-008-15-033" }, "geometry": { "type": "Polygon", "coordinates": [ [ [ 121.879735777162963, 13.433515242289106 ], [ 121.879604378906876, 13.433346457397855 ], [ 121.879548037678248, 13.433381787674136 ], [ 121.879662958570108, 13.433540795434466 ], [ 121.879735777162963, 13.433515242289106 ] ] ] } },
{ "type": "Feature", "properties": { "Id": 0, "CLN": "15834", "PSGC": "174001007", "Barangay": "Balimbing", "Land_Class": null, "PIN": "030-01-008-15-032" }, "geometry": { "type": "Polygon", "coordinates": [ [ [ 121.879624517478405, 13.433487607292196 ], [ 121.879586076403143, 13.433434419145115 ], [ 121.879508121454094, 13.433489385692296 ], [ 121.87954907814597, 13.43353918808087 ], [ 121.879624517478405, 13.433487607292196 ] ] ] } },
{ "type": "Feature", "properties": { "Id": 0, "CLN": "15833", "PSGC": "174001007", "Barangay": "Balimbing", "Land_Class": null, "PIN": "030-01-008-15-031" }, "geometry": { "type": "Polygon", "coordinates": [ [ [ 121.879590034854388, 13.433588990463885 ], [ 121.879461881076708, 13.4334331584336 ], [ 121.879418667603105, 13.433487954822112 ], [ 121.879500783940657, 13.433595062721556 ], [ 121.879590034854388, 13.433588990463885 ] ] ] } },
{ "type": "Feature", "properties": { "Id": 0, "CLN": "15759", "PSGC": "174001007", "Barangay": "Balimbing", "Land_Class": null, "PIN": "030-01-008-15-016" }, "geometry": { "type": "Polygon", "coordinates": [ [ [ 121.880702969989613, 13.433948957781189 ], [ 121.880791302986609, 13.433833529107686 ], [ 121.880809814761719, 13.433849986652039 ], [ 121.880833471544804, 13.433803594011451 ], [ 121.880676962070112, 13.433638337000586 ], [ 121.880620566844186, 13.433693845424429 ], [ 121.880501185478366, 13.433783884408399 ], [ 121.880348834235249, 13.433857603653902 ], [ 121.880407654684774, 13.434000188624911 ], [ 121.880466235897458, 13.43412510188271 ], [ 121.88060172377044, 13.434074272814478 ], [ 121.880702969989613, 13.433948957781189 ] ] ] } },
{ "type": "Feature", "properties": { "Id": 0, "CLN": "15825", "PSGC": "174001007", "Barangay": "Balimbing", "Land_Class": null, "PIN": "030-01-008-15-012" }, "geometry": { "type": "Polygon", "coordinates": [ [ [ 121.880466235897458, 13.43412510188271 ], [ 121.880407654684774, 13.434000188624911 ], [ 121.880238735830943, 13.434083538026725 ], [ 121.880294744812034, 13.434228656292564 ], [ 121.880466235897458, 13.43412510188271 ] ] ] } },
{ "type": "Feature", "properties": { "Id": 0, "CLN": "15827", "PSGC": "174001007", "Barangay": "Balimbing", "Land_Class": null, "PIN": "030-01-008-15-027" }, "geometry": { "type": "Polygon", "coordinates": [ [ [ 121.880407654684774, 13.434000188624911 ], [ 121.880348834235249, 13.433857603653902 ], [ 121.880328618396391, 13.433789177876433 ], [ 121.880157290015688, 13.433852101157838 ], [ 121.88019968233246, 13.43395397940029 ], [ 121.880238735830943, 13.434083538026725 ], [ 121.880407654684774, 13.434000188624911 ] ] ] } },
{ "type": "Feature", "properties": { "Id": 0, "CLN": "15832", "PSGC": "174001007", "Barangay": "Balimbing", "Land_Class": null, "PIN": "030-01-008-15-030" }, "geometry": { "type": "Polygon", "coordinates": [ [ [ 121.879454115790637, 13.433682189993581 ], [ 121.879681606658608, 13.434208952943598 ], [ 121.879745902231292, 13.434181620052822 ], [ 121.880014165981095, 13.434053427988497 ], [ 121.879978532803918, 13.43391923352282 ], [ 121.879945983350936, 13.433812346163068 ], [ 121.88008500103885, 13.433743218909905 ], [ 121.880283765043544, 13.433637359884214 ], [ 121.880169540541331, 13.433288590776872 ], [ 121.879821978781564, 13.433454167758953 ], [ 121.879735777162963, 13.433515242289106 ], [ 121.879662958570108, 13.433540795434466 ], [ 121.879590034854388, 13.433588990463885 ], [ 121.879500783940657, 13.433595062721556 ], [ 121.879454115790637, 13.433682189993581 ] ] ] } },
{ "type": "Feature", "properties": { "Id": 0, "CLN": "15823", "PSGC": "174001007", "Barangay": "Balimbing", "Land_Class": null, "PIN": "030-01-008-15-011" }, "geometry": { "type": "Polygon", "coordinates": [ [ [ 121.880294744812034, 13.434228656292564 ], [ 121.880238735830943, 13.434083538026725 ], [ 121.88019968233246, 13.43395397940029 ], [ 121.880014165981095, 13.434053427988497 ], [ 121.880122073259798, 13.434299739272744 ], [ 121.880294744812034, 13.434228656292564 ] ] ] } },
{ "type": "Feature", "properties": { "Id": 0, "CLN": "15821", "PSGC": "174001007", "Barangay": "Balimbing", "Land_Class": null, "PIN": "030-01-008-15-007" }, "geometry": { "type": "Polygon", "coordinates": [ [ [ 121.880122073259798, 13.434299739272744 ], [ 121.880014165981095, 13.434053427988497 ], [ 121.879745902231292, 13.434181620052822 ], [ 121.879916534514066, 13.434441148868409 ], [ 121.880003577324956, 13.434403923770665 ], [ 121.880080941246547, 13.434370837951704 ], [ 121.880138112523909, 13.434334702604154 ], [ 121.880122073259798, 13.434299739272744 ] ] ] } },
{ "type": "Feature", "properties": { "Id": 0, "CLN": "15717", "PSGC": "174001007", "Barangay": "Balimbing", "Land_Class": null, "PIN": "030-01-008-15-006" }, "geometry": { "type": "Polygon", "coordinates": [ [ [ 121.879916534514066, 13.434441148868409 ], [ 121.879745902231292, 13.434181620052822 ], [ 121.879681606658608, 13.434208952943598 ], [ 121.879817581346813, 13.434510373056261 ], [ 121.879916534514066, 13.434441148868409 ] ] ] } },
{ "type": "Feature", "properties": { "Id": 0, "CLN": "15852", "PSGC": "174001007", "Barangay": "Balimbing", "Land_Class": null, "PIN": "030-01-008-15-003" }, "geometry": { "type": "Polygon", "coordinates": [ [ [ 121.879817581346813, 13.434510373056261 ], [ 121.879681606658608, 13.434208952943598 ], [ 121.879454115790637, 13.433682189993581 ], [ 121.879500783940657, 13.433595062721556 ], [ 121.879418667603105, 13.433487954822112 ], [ 121.878882081505736, 13.433045658346517 ], [ 121.878594474941579, 13.433425345005679 ], [ 121.878493330991262, 13.433541341171875 ], [ 121.879205062978258, 13.434654703893933 ], [ 121.879368575267307, 13.435024178596207 ], [ 121.879503482372797, 13.434901982859813 ], [ 121.879575749342166, 13.434817395443595 ], [ 121.879740346559743, 13.434597364430706 ], [ 121.879817581346813, 13.434510373056261 ] ] ] } },
{ "type": "Feature", "properties": { "Id": 0, "CLN": "15877", "PSGC": "174001007", "Barangay": "Balimbing", "Land_Class": null, "PIN": "030-01-008-09-004" }, "geometry": { "type": "Polygon", "coordinates": [ [ [ 121.877417544433214, 13.43460145888041 ], [ 121.877961701040718, 13.434165771772413 ], [ 121.877829857843508, 13.434053410247831 ], [ 121.877664152432175, 13.434156179905852 ], [ 121.87758831480518, 13.434120261135897 ], [ 121.877043602463047, 13.433412685667511 ], [ 121.87678889373143, 13.433703874653814 ], [ 121.87673076040582, 13.433770333889358 ], [ 121.877417544433214, 13.43460145888041 ] ] ] } },
{ "type": "Feature", "properties": { "Id": 0, "CLN": "15878", "PSGC": "174001007", "Barangay": "Balimbing", "Land_Class": null, "PIN": "030-01-008-09-005" }, "geometry": { "type": "Polygon", "coordinates": [ [ [ 121.877417544433214, 13.43460145888041 ], [ 121.87673076040582, 13.433770333889358 ], [ 121.87667136320664, 13.433840459660114 ], [ 121.876654335906267, 13.433860562492212 ], [ 121.877307128651665, 13.434697646021732 ], [ 121.877366062382706, 13.434657655620153 ], [ 121.877417544433214, 13.43460145888041 ] ] ] } },
{ "type": "Feature", "properties": { "Id": 0, "CLN": "15879", "PSGC": "174001007", "Barangay": "Balimbing", "Land_Class": null, "PIN": "030-01-008-09-006" }, "geometry": { "type": "Polygon", "coordinates": [ [ [ 121.877307128651665, 13.434697646021732 ], [ 121.876654335906267, 13.433860562492212 ], [ 121.876594539134743, 13.433928222872678 ], [ 121.877212572458561, 13.434817983769941 ], [ 121.877347796437448, 13.434795584760572 ], [ 121.877307128651665, 13.434697646021732 ] ] ] } },
{ "type": "Feature", "properties": { "Id": 0, "CLN": "15880", "PSGC": "174001007", "Barangay": "Balimbing", "Land_Class": null, "PIN": "030-01-008-09-007" }, "geometry": { "type": "Polygon", "coordinates": [ [ [ 121.877212572458561, 13.434817983769941 ], [ 121.876594539134743, 13.433928222872678 ], [ 121.87652164486984, 13.433969947845755 ], [ 121.877059135844419, 13.4349668111686 ], [ 121.877212572458561, 13.434817983769941 ] ] ] } },
{ "type": "Feature", "properties": { "Id": 0, "CLN": "15881", "PSGC": "174001007", "Barangay": "Balimbing", "Land_Class": null, "PIN": "030-01-008-09-009" }, "geometry": { "type": "Polygon", "coordinates": [ [ [ 121.876330471433519, 13.433826988388955 ], [ 121.876289918287497, 13.433979556375821 ], [ 121.876888923138139, 13.435091124288347 ], [ 121.877059135844419, 13.4349668111686 ], [ 121.87652164486984, 13.433969947845755 ], [ 121.876330471433519, 13.433826988388955 ] ] ] } },
{ "type": "Feature", "properties": { "Id": 0, "CLN": "15893", "PSGC": "174001007", "Barangay": "Balimbing", "Land_Class": null, "PIN": "030-01-008-09-011" }, "geometry": { "type": "Polygon", "coordinates": [ [ [ 121.876399430856011, 13.434668080963004 ], [ 121.876076289802526, 13.434157756839424 ], [ 121.875937399672736, 13.434617596843195 ], [ 121.876323550170838, 13.435353092221961 ], [ 121.876412165663581, 13.435284512837679 ], [ 121.876682962180595, 13.435164961512097 ], [ 121.876399430856011, 13.434668080963004 ] ] ] } },
{ "type": "Feature", "properties": { "Id": 0, "CLN": "15882", "PSGC": "174001007", "Barangay": "Balimbing", "Land_Class": null, "PIN": "030-01-008-09-010" }, "geometry": { "type": "Polygon", "coordinates": [ [ [ 121.876289918287497, 13.433979556375821 ], [ 121.876190464661818, 13.43394661292135 ], [ 121.876076289802526, 13.434157756839424 ], [ 121.876399430856011, 13.434668080963004 ], [ 121.876682962180595, 13.435164961512097 ], [ 121.876888923138139, 13.435091124288347 ], [ 121.876289918287497, 13.433979556375821 ] ] ] } },
{ "type": "Feature", "properties": { "Id": 0, "CLN": "15895", "PSGC": "174001007", "Barangay": "Balimbing", "Land_Class": null, "PIN": "030-01-008-09-020" }, "geometry": { "type": "Polygon", "coordinates": [ [ [ 121.877961701040718, 13.434165771772413 ], [ 121.878751210285571, 13.435513127129193 ], [ 121.878971037442128, 13.435345991747662 ], [ 121.879117824986309, 13.435225346637669 ], [ 121.879194670054929, 13.435163863860467 ], [ 121.879368575267307, 13.435024178596207 ], [ 121.879205062978258, 13.434654703893933 ], [ 121.878493330991262, 13.433541341171875 ], [ 121.878068112795106, 13.434022484730681 ], [ 121.877910559532424, 13.433951340030202 ], [ 121.877829857843508, 13.434053410247831 ], [ 121.877961701040718, 13.434165771772413 ] ] ] } },
{ "type": "Feature", "properties": { "Id": 0, "CLN": "15894", "PSGC": "174001007", "Barangay": "Balimbing", "Land_Class": null, "PIN": "030-01-008-09-008" }, "geometry": { "type": "Polygon", "coordinates": [ [ [ 121.87800987005464, 13.436076767506325 ], [ 121.877564436403105, 13.434951812142389 ], [ 121.877366062382706, 13.434657655620153 ], [ 121.877307128651665, 13.434697646021732 ], [ 121.877347796437448, 13.434795584760572 ], [ 121.877212572458561, 13.434817983769941 ], [ 121.877059135844419, 13.4349668111686 ], [ 121.876888923138139, 13.435091124288347 ], [ 121.877267083878664, 13.435886370856208 ], [ 121.8773729885812, 13.435852340299817 ], [ 121.877482167815472, 13.43607931509365 ], [ 121.877634031965528, 13.436392649973078 ], [ 121.877745652277028, 13.4364306663522 ], [ 121.877864329723195, 13.436324891409017 ], [ 121.87800987005464, 13.436076767506325 ] ] ] } },
{ "type": "Feature", "properties": { "Id": 0, "CLN": "15919", "PSGC": "174001007", "Barangay": "Balimbing", "Land_Class": null, "PIN": "030-01-008-07-014" }, "geometry": { "type": "Polygon", "coordinates": [ [ [ 121.880579274617901, 13.436352606284919 ], [ 121.880388917320175, 13.436073494201153 ], [ 121.880374009292794, 13.436028867923975 ], [ 121.880301099938805, 13.436073833507637 ], [ 121.880205944529962, 13.435927847365505 ], [ 121.880093290966869, 13.435992038962448 ], [ 121.879999234214878, 13.436054887378461 ], [ 121.880015188920936, 13.436074959114844 ], [ 121.880313392101982, 13.436517133263736 ], [ 121.880579274617901, 13.436352606284919 ] ] ] } },
{ "type": "Feature", "properties": { "Id": 0, "CLN": "16167", "PSGC": "174001007", "Barangay": "Balimbing", "Land_Class": null, "PIN": "030-01-008-07-011" }, "geometry": { "type": "Polygon", "coordinates": [ [ [ 121.880599321287804, 13.435660845957203 ], [ 121.880420314476481, 13.435307752360879 ], [ 121.880347195233639, 13.435397996832661 ], [ 121.880101791409629, 13.43558451403497 ], [ 121.880094341770587, 13.435765619900655 ], [ 121.880205944529962, 13.435927847365505 ], [ 121.880599321287804, 13.435660845957203 ] ] ] } },
{ "type": "Feature", "properties": { "Id": 0, "CLN": "15941", "PSGC": "174001007", "Barangay": "Balimbing", "Land_Class": null, "PIN": "030-01-008-07-017" }, "geometry": { "type": "Polygon", "coordinates": [ [ [ 121.879739903570922, 13.435948417224152 ], [ 121.87961397177726, 13.436025488031587 ], [ 121.879643487106037, 13.436074138693547 ], [ 121.879672360482061, 13.436122666204671 ], [ 121.879717539199717, 13.43620182519944 ], [ 121.879842487899296, 13.436121089807203 ], [ 121.879739903570922, 13.435948417224152 ] ] ] } },
{ "type": "Feature", "properties": { "Id": 0, "CLN": "15940", "PSGC": "174001007", "Barangay": "Balimbing", "Land_Class": null, "PIN": "030-01-008-07-016" }, "geometry": { "type": "Polygon", "coordinates": [ [ [ 121.879972935837372, 13.436075638802846 ], [ 121.87985251214964, 13.435893929464157 ], [ 121.879739903570922, 13.435948417224152 ], [ 121.879842487899296, 13.436121089807203 ], [ 121.879972935837372, 13.436075638802846 ] ] ] } },
{ "type": "Feature", "properties": { "Id": 0, "CLN": "15921", "PSGC": "174001007", "Barangay": "Balimbing", "Land_Class": null, "PIN": "030-01-008-07-015" }, "geometry": { "type": "Polygon", "coordinates": [ [ [ 121.879972935837372, 13.436075638802846 ], [ 121.879999234214878, 13.436054887378461 ], [ 121.880093290966869, 13.435992038962448 ], [ 121.879978428791816, 13.435820093083214 ], [ 121.879902274966966, 13.435852100661171 ], [ 121.87985251214964, 13.435893929464157 ], [ 121.879972935837372, 13.436075638802846 ] ] ] } },
{ "type": "Feature", "properties": { "Id": 0, "CLN": "15920", "PSGC": "174001007", "Barangay": "Balimbing", "Land_Class": null, "PIN": "030-01-008-07-013" }, "geometry": { "type": "Polygon", "coordinates": [ [ [ 121.880205944529962, 13.435927847365505 ], [ 121.880094341770587, 13.435765619900655 ], [ 121.879978428791816, 13.435820093083214 ], [ 121.880093290966869, 13.435992038962448 ], [ 121.880205944529962, 13.435927847365505 ] ] ] } },
{ "type": "Feature", "properties": { "Id": 0, "CLN": "15916", "PSGC": "174001007", "Barangay": "Balimbing", "Land_Class": null, "PIN": "030-01-008-07-010" }, "geometry": { "type": "Polygon", "coordinates": [ [ [ 121.880600097763036, 13.43549345754635 ], [ 121.880453449528332, 13.435288491895486 ], [ 121.880420314476481, 13.435307752360879 ], [ 121.880599321287804, 13.435660845957203 ], [ 121.880624750870794, 13.435697780372156 ], [ 121.880710927153586, 13.435644360180197 ], [ 121.880600097763036, 13.43549345754635 ] ] ] } },
{ "type": "Feature", "properties": { "Id": 0, "CLN": "15917", "PSGC": "174001007", "Barangay": "Balimbing", "Land_Class": null, "PIN": "030-01-008-07-009" }, "geometry": { "type": "Polygon", "coordinates": [ [ [ 121.880600671672696, 13.435369735676026 ], [ 121.880506561634149, 13.435236973965521 ], [ 121.880453449528332, 13.435288491895486 ], [ 121.880600097763036, 13.43549345754635 ], [ 121.880710927153586, 13.435644360180197 ], [ 121.880758151392314, 13.435615458412865 ], [ 121.880600671672696, 13.435369735676026 ] ] ] } },
{ "type": "Feature", "properties": { "Id": 0, "CLN": "15780", "PSGC": "174001007", "Barangay": "Balimbing", "Land_Class": null, "PIN": "030-01-008-07-007" }, "geometry": { "type": "Polygon", "coordinates": [ [ [ 121.880758151392314, 13.435615458412865 ], [ 121.880864076646233, 13.435555949584741 ], [ 121.880901919914805, 13.43561124531862 ], [ 121.881058395453522, 13.43556139950557 ], [ 121.880997489565814, 13.435418457210229 ], [ 121.880923207472094, 13.435284429312805 ], [ 121.880906018304799, 13.435261923954565 ], [ 121.880727147663535, 13.435353315969717 ], [ 121.880609511285812, 13.435127454262336 ], [ 121.880553064717162, 13.435185426648522 ], [ 121.880506561634149, 13.435236973965521 ], [ 121.880600671672696, 13.435369735676026 ], [ 121.880758151392314, 13.435615458412865 ] ] ] } },
{ "type": "Feature", "properties": { "Id": 0, "CLN": "15963", "PSGC": "174001007", "Barangay": "Balimbing", "Land_Class": null, "PIN": "030-01-008-07-018" }, "geometry": { "type": "Polygon", "coordinates": [ [ [ 121.87961397177726, 13.436025488031587 ], [ 121.879739903570922, 13.435948417224152 ], [ 121.87985251214964, 13.435893929464157 ], [ 121.879902274966966, 13.435852100661171 ], [ 121.879777454429316, 13.435689814289171 ], [ 121.879751273649873, 13.435634709225598 ], [ 121.879671755287774, 13.43567964026898 ], [ 121.879598936017672, 13.435705193339805 ], [ 121.879529256032129, 13.435766341221074 ], [ 121.879482872780372, 13.435792011861793 ], [ 121.87961397177726, 13.436025488031587 ] ] ] } },
{ "type": "Feature", "properties": { "Id": 0, "CLN": "15922", "PSGC": "174001007", "Barangay": "Balimbing", "Land_Class": null, "PIN": "030-01-008-07-012" }, "geometry": { "type": "Polygon", "coordinates": [ [ [ 121.879902274966966, 13.435852100661171 ], [ 121.879978428791816, 13.435820093083214 ], [ 121.880094341770587, 13.435765619900655 ], [ 121.880101791409629, 13.43558451403497 ], [ 121.879999757090104, 13.435496725455788 ], [ 121.879777454429316, 13.435689814289171 ], [ 121.879902274966966, 13.435852100661171 ] ] ] } },
{ "type": "Feature", "properties": { "Id": 0, "CLN": "15934", "PSGC": "174001007", "Barangay": "Balimbing", "Land_Class": null, "PIN": "030-01-008-10-001" }, "geometry": { "type": "Polygon", "coordinates": [ [ [ 121.879333974682538, 13.43583339948783 ], [ 121.879426606037597, 13.435811169271537 ], [ 121.879261163915444, 13.435569785322341 ], [ 121.879189582924553, 13.435616037162919 ], [ 121.879333974682538, 13.43583339948783 ] ] ] } },
{ "type": "Feature", "properties": { "Id": 0, "CLN": "15932", "PSGC": "174001007", "Barangay": "Balimbing", "Land_Class": null, "PIN": "030-01-008-10-002" }, "geometry": { "type": "Polygon", "coordinates": [ [ [ 121.879189582924553, 13.435616037162919 ], [ 121.879261163915444, 13.435569785322341 ], [ 121.87926913138638, 13.435564637162619 ], [ 121.879177161145549, 13.43544454681531 ], [ 121.87910909403719, 13.435504294096139 ], [ 121.879189582924553, 13.435616037162919 ] ] ] } },
{ "type": "Feature", "properties": { "Id": 0, "CLN": "16178", "PSGC": "174001007", "Barangay": "Balimbing", "Land_Class": null, "PIN": "030-01-008-10-004" }, "geometry": { "type": "Polygon", "coordinates": [ [ [ 121.879426606037597, 13.435811169271537 ], [ 121.879482872780372, 13.435792011861793 ], [ 121.879529256032129, 13.435766341221074 ], [ 121.879345495480905, 13.435487345972879 ], [ 121.879322733671344, 13.435510384129426 ], [ 121.87926913138638, 13.435564637162619 ], [ 121.879261163915444, 13.435569785322341 ], [ 121.879426606037597, 13.435811169271537 ] ] ] } },
{ "type": "Feature", "properties": { "Id": 0, "CLN": "15937", "PSGC": "174001007", "Barangay": "Balimbing", "Land_Class": null, "PIN": "030-01-008-10-006" }, "geometry": { "type": "Polygon", "coordinates": [ [ [ 121.879529256032129, 13.435766341221074 ], [ 121.879598936017672, 13.435705193339805 ], [ 121.879500461679868, 13.435562431792787 ], [ 121.879414630405577, 13.435437091128467 ], [ 121.879363288533511, 13.435470525158115 ], [ 121.879345495480905, 13.435487345972879 ], [ 121.879529256032129, 13.435766341221074 ] ] ] } },
{ "type": "Feature", "properties": { "Id": 0, "CLN": "15938", "PSGC": "174001007", "Barangay": "Balimbing", "Land_Class": null, "PIN": "030-01-008-10-009" }, "geometry": { "type": "Polygon", "coordinates": [ [ [ 121.879598936017672, 13.435705193339805 ], [ 121.879671755287774, 13.43567964026898 ], [ 121.879586604053841, 13.435514295645076 ], [ 121.879500461679868, 13.435562431792787 ], [ 121.879598936017672, 13.435705193339805 ] ] ] } },
{ "type": "Feature", "properties": { "Id": 0, "CLN": "15939", "PSGC": "174001007", "Barangay": "Balimbing", "Land_Class": null, "PIN": "030-01-008-10-010" }, "geometry": { "type": "Polygon", "coordinates": [ [ [ 121.879751273649873, 13.435634709225598 ], [ 121.879682734986304, 13.435450030772882 ], [ 121.879586604053841, 13.435514295645076 ], [ 121.879671755287774, 13.43567964026898 ], [ 121.879751273649873, 13.435634709225598 ] ] ] } },
{ "type": "Feature", "properties": { "Id": 0, "CLN": "15923", "PSGC": "174001007", "Barangay": "Balimbing", "Land_Class": null, "PIN": "030-01-008-10-011" }, "geometry": { "type": "Polygon", "coordinates": [ [ [ 121.879777454429316, 13.435689814289171 ], [ 121.879999757090104, 13.435496725455788 ], [ 121.879775696503671, 13.435356640142029 ], [ 121.879682734986304, 13.435450030772882 ], [ 121.879751273649873, 13.435634709225598 ], [ 121.879777454429316, 13.435689814289171 ] ] ] } },
{ "type": "Feature", "properties": { "Id": 0, "CLN": "15931", "PSGC": "174001007", "Barangay": "Balimbing", "Land_Class": null, "PIN": "030-01-008-10-003" }, "geometry": { "type": "Polygon", "coordinates": [ [ [ 121.87926913138638, 13.435564637162619 ], [ 121.879322733671344, 13.435510384129426 ], [ 121.879240202065503, 13.435389838735418 ], [ 121.879177161145549, 13.43544454681531 ], [ 121.87926913138638, 13.435564637162619 ] ] ] } },
{ "type": "Feature", "properties": { "Id": 0, "CLN": "15929", "PSGC": "174001007", "Barangay": "Balimbing", "Land_Class": null, "PIN": "030-01-008-10-005" }, "geometry": { "type": "Polygon", "coordinates": [ [ [ 121.879322733671344, 13.435510384129426 ], [ 121.879345495480905, 13.435487345972879 ], [ 121.879363288533511, 13.435470525158115 ], [ 121.879276671755449, 13.43536412402314 ], [ 121.879240202065503, 13.435389838735418 ], [ 121.879322733671344, 13.435510384129426 ] ] ] } },
{ "type": "Feature", "properties": { "Id": 0, "CLN": "15926", "PSGC": "174001007", "Barangay": "Balimbing", "Land_Class": null, "PIN": "030-01-008-10-007" }, "geometry": { "type": "Polygon", "coordinates": [ [ [ 121.879414630405577, 13.435437091128467 ], [ 121.879336302985081, 13.435332043112785 ], [ 121.879276671755449, 13.43536412402314 ], [ 121.879363288533511, 13.435470525158115 ], [ 121.879414630405577, 13.435437091128467 ] ] ] } },
{ "type": "Feature", "properties": { "Id": 0, "CLN": "15924", "PSGC": "174001007", "Barangay": "Balimbing", "Land_Class": null, "PIN": "030-01-008-10-008" }, "geometry": { "type": "Polygon", "coordinates": [ [ [ 121.879648412713522, 13.435013203796379 ], [ 121.879465674148236, 13.435225876102587 ], [ 121.879336302985081, 13.435332043112785 ], [ 121.879414630405577, 13.435437091128467 ], [ 121.879500461679868, 13.435562431792787 ], [ 121.879586604053841, 13.435514295645076 ], [ 121.879682734986304, 13.435450030772882 ], [ 121.879775696503671, 13.435356640142029 ], [ 121.879835778102006, 13.43522752237142 ], [ 121.879697388311527, 13.435069224758312 ], [ 121.879648412713522, 13.435013203796379 ] ] ] } },
{ "type": "Feature", "properties": { "Id": 0, "CLN": "15914", "PSGC": "174001007", "Barangay": "Balimbing", "Land_Class": null, "PIN": "030-01-008-10-012" }, "geometry": { "type": "Polygon", "coordinates": [ [ [ 121.880127474710733, 13.435034741991819 ], [ 121.880016198685979, 13.435102421341321 ], [ 121.879961643062558, 13.435141150210464 ], [ 121.879835778102006, 13.43522752237142 ], [ 121.879775696503671, 13.435356640142029 ], [ 121.879999757090104, 13.435496725455788 ], [ 121.880101791409629, 13.43558451403497 ], [ 121.880347195233639, 13.435397996832661 ], [ 121.88017621665135, 13.43521286307954 ], [ 121.880189989997504, 13.435093243189158 ], [ 121.880127474710733, 13.435034741991819 ] ] ] } },
{ "type": "Feature", "properties": { "Id": 0, "CLN": "15715", "PSGC": "174001007", "Barangay": "Balimbing", "Land_Class": null, "PIN": "030-01-008-14-020" }, "geometry": { "type": "Polygon", "coordinates": [ [ [ 121.880553064717162, 13.435185426648522 ], [ 121.880348197401872, 13.434928487282026 ], [ 121.880306172711187, 13.43498054782237 ], [ 121.880189989997504, 13.435093243189158 ], [ 121.88017621665135, 13.43521286307954 ], [ 121.880347195233639, 13.435397996832661 ], [ 121.880420314476481, 13.435307752360879 ], [ 121.880453449528332, 13.435288491895486 ], [ 121.880506561634149, 13.435236973965521 ], [ 121.880553064717162, 13.435185426648522 ] ] ] } },
{ "type": "Feature", "properties": { "Id": 0, "CLN": "15912", "PSGC": "174001007", "Barangay": "Balimbing", "Land_Class": null, "PIN": "030-01-008-10-055" }, "geometry": { "type": "Polygon", "coordinates": [ [ [ 121.879873450740533, 13.435051307819231 ], [ 121.879766583184363, 13.435148373572833 ], [ 121.879835778102006, 13.43522752237142 ], [ 121.879961643062558, 13.435141150210464 ], [ 121.879873450740533, 13.435051307819231 ] ] ] } },
{ "type": "Feature", "properties": { "Id": 0, "CLN": "15913", "PSGC": "174001007", "Barangay": "Balimbing", "Land_Class": null, "PIN": "030-01-008-10-016" }, "geometry": { "type": "Polygon", "coordinates": [ [ [ 121.879961643062558, 13.435141150210464 ], [ 121.880016198685979, 13.435102421341321 ], [ 121.879910408600495, 13.434977757934847 ], [ 121.879873208576186, 13.434994795854982 ], [ 121.879840058512698, 13.435017290801953 ], [ 121.879961643062558, 13.435141150210464 ] ] ] } },
{ "type": "Feature", "properties": { "Id": 0, "CLN": "15909", "PSGC": "174001007", "Barangay": "Balimbing", "Land_Class": null, "PIN": "030-01-008-10-015" }, "geometry": { "type": "Polygon", "coordinates": [ [ [ 121.879873208576186, 13.434994795854982 ], [ 121.87980412944745, 13.434926561519825 ], [ 121.879751432118951, 13.434878826084582 ], [ 121.879708916205132, 13.434932217333179 ], [ 121.879761889424742, 13.434986077932848 ], [ 121.879840058512698, 13.435017290801953 ], [ 121.879873208576186, 13.434994795854982 ] ] ] } },
{ "type": "Feature", "properties": { "Id": 0, "CLN": "15907", "PSGC": "174001007", "Barangay": "Balimbing", "Land_Class": null, "PIN": "030-01-008-10-018" }, "geometry": { "type": "Polygon", "coordinates": [ [ [ 121.879985936761557, 13.434914431528867 ], [ 121.879893807691161, 13.434838446727131 ], [ 121.879844008601083, 13.434878219504718 ], [ 121.87980412944745, 13.434926561519825 ], [ 121.879873208576186, 13.434994795854982 ], [ 121.879910408600495, 13.434977757934847 ], [ 121.879985936761557, 13.434914431528867 ] ] ] } },
{ "type": "Feature", "properties": { "Id": 0, "CLN": "15906", "PSGC": "174001007", "Barangay": "Balimbing", "Land_Class": null, "PIN": "030-01-008-10-019" }, "geometry": { "type": "Polygon", "coordinates": [ [ [ 121.87980412944745, 13.434926561519825 ], [ 121.879844008601083, 13.434878219504718 ], [ 121.879796268015227, 13.434830506122609 ], [ 121.879751432118951, 13.434878826084582 ], [ 121.87980412944745, 13.434926561519825 ] ] ] } },
{ "type": "Feature", "properties": { "Id": 0, "CLN": "15904", "PSGC": "174001007", "Barangay": "Balimbing", "Land_Class": null, "PIN": "030-01-008-10-020" }, "geometry": { "type": "Polygon", "coordinates": [ [ [ 121.87982973782681, 13.434776389766949 ], [ 121.879796268015227, 13.434830506122609 ], [ 121.879844008601083, 13.434878219504718 ], [ 121.879893807691161, 13.434838446727131 ], [ 121.87982973782681, 13.434776389766949 ] ] ] } },
{ "type": "Feature", "properties": { "Id": 0, "CLN": "15910", "PSGC": "174001007", "Barangay": "Balimbing", "Land_Class": null, "PIN": "030-01-008-10-017" }, "geometry": { "type": "Polygon", "coordinates": [ [ [ 121.880027976673034, 13.434895455282406 ], [ 121.879985936761557, 13.434914431528867 ], [ 121.879910408600495, 13.434977757934847 ], [ 121.880016198685979, 13.435102421341321 ], [ 121.880127474710733, 13.435034741991819 ], [ 121.880027976673034, 13.434895455282406 ] ] ] } },
{ "type": "Feature", "properties": { "Id": 0, "CLN": "15902", "PSGC": "174001007", "Barangay": "Balimbing", "Land_Class": null, "PIN": "030-01-008-10-021" }, "geometry": { "type": "Polygon", "coordinates": [ [ [ 121.880027976673034, 13.434895455282406 ], [ 121.879989571515154, 13.434843285943364 ], [ 121.879867920755785, 13.434710125356446 ], [ 121.87982973782681, 13.434776389766949 ], [ 121.879893807691161, 13.434838446727131 ], [ 121.879985936761557, 13.434914431528867 ], [ 121.880027976673034, 13.434895455282406 ] ] ] } },
{ "type": "Feature", "properties": { "Id": 0, "CLN": "15809", "PSGC": "174001007", "Barangay": "Balimbing", "Land_Class": null, "PIN": "030-01-008-10-028" }, "geometry": { "type": "Polygon", "coordinates": [ [ [ 121.880306172711187, 13.43498054782237 ], [ 121.880147496458576, 13.434767456553692 ], [ 121.880075698526255, 13.434798384156137 ], [ 121.879989571515154, 13.434843285943364 ], [ 121.880027976673034, 13.434895455282406 ], [ 121.880127474710733, 13.435034741991819 ], [ 121.880189989997504, 13.435093243189158 ], [ 121.880306172711187, 13.43498054782237 ] ] ] } },
{ "type": "Feature", "properties": { "Id": 0, "CLN": "15813", "PSGC": "174001007", "Barangay": "Balimbing", "Land_Class": null, "PIN": "030-01-008-10-022" }, "geometry": { "type": "Polygon", "coordinates": [ [ [ 121.880075698526255, 13.434798384156137 ], [ 121.880052679794531, 13.434771128802073 ], [ 121.880033427198725, 13.434751429088134 ], [ 121.879961792242355, 13.434678130457742 ], [ 121.87994746877618, 13.434658725103509 ], [ 121.879867920755785, 13.434710125356446 ], [ 121.879989571515154, 13.434843285943364 ], [ 121.880075698526255, 13.434798384156137 ] ] ] } },
{ "type": "Feature", "properties": { "Id": 0, "CLN": "15899", "PSGC": "174001007", "Barangay": "Balimbing", "Land_Class": null, "PIN": "030-01-008-10-052" }, "geometry": { "type": "Polygon", "coordinates": [ [ [ 121.880026911687395, 13.43462996673043 ], [ 121.880013798797705, 13.434607266049321 ], [ 121.87994746877618, 13.434658725103509 ], [ 121.879961792242355, 13.434678130457742 ], [ 121.880026911687395, 13.43462996673043 ] ] ] } },
{ "type": "Feature", "properties": { "Id": 0, "CLN": "15793", "PSGC": "174001007", "Barangay": "Balimbing", "Land_Class": null, "PIN": "030-01-008-10-031" }, "geometry": { "type": "Polygon", "coordinates": [ [ [ 121.880421286475908, 13.434844711912767 ], [ 121.880281177480541, 13.434669912685143 ], [ 121.880211542998623, 13.434721357121774 ], [ 121.880147496458576, 13.434767456553692 ], [ 121.880306172711187, 13.43498054782237 ], [ 121.880348197401872, 13.434928487282026 ], [ 121.880421286475908, 13.434844711912767 ] ] ] } },
{ "type": "Feature", "properties": { "Id": 0, "CLN": "15792", "PSGC": "174001007", "Barangay": "Balimbing", "Land_Class": null, "PIN": "030-01-008-10-041" }, "geometry": { "type": "Polygon", "coordinates": [ [ [ 121.880521089589635, 13.434734455399351 ], [ 121.880433172283787, 13.434607402992045 ], [ 121.880410841126206, 13.434590841749671 ], [ 121.880340853437147, 13.434628127835472 ], [ 121.880281177480541, 13.434669912685143 ], [ 121.880421286475908, 13.434844711912767 ], [ 121.880521089589635, 13.434734455399351 ] ] ] } },
{ "type": "Feature", "properties": { "Id": 0, "CLN": "15786", "PSGC": "174001007", "Barangay": "Balimbing", "Land_Class": null, "PIN": "030-01-008-10-042" }, "geometry": { "type": "Polygon", "coordinates": [ [ [ 121.880521089589635, 13.434734455399351 ], [ 121.88059876727678, 13.434683621610581 ], [ 121.880503043639735, 13.434570625492507 ], [ 121.880433172283787, 13.434607402992045 ], [ 121.880521089589635, 13.434734455399351 ] ] ] } },
{ "type": "Feature", "properties": { "Id": 0, "CLN": "15807", "PSGC": "174001007", "Barangay": "Balimbing", "Land_Class": null, "PIN": "030-01-008-10-026" }, "geometry": { "type": "Polygon", "coordinates": [ [ [ 121.880211542998623, 13.434721357121774 ], [ 121.880168899777061, 13.434653240409299 ], [ 121.88010469860393, 13.434714422381882 ], [ 121.880117104475374, 13.434729331823151 ], [ 121.880147496458576, 13.434767456553692 ], [ 121.880211542998623, 13.434721357121774 ] ] ] } },
{ "type": "Feature", "properties": { "Id": 0, "CLN": "15802", "PSGC": "174001007", "Barangay": "Balimbing", "Land_Class": null, "PIN": "030-01-008-10-033" }, "geometry": { "type": "Polygon", "coordinates": [ [ [ 121.880168899777061, 13.434653240409299 ], [ 121.880116283065774, 13.434598017848822 ], [ 121.880026911687395, 13.43462996673043 ], [ 121.880069852072324, 13.434675682635584 ], [ 121.88010469860393, 13.434714422381882 ], [ 121.880168899777061, 13.434653240409299 ] ] ] } },
{ "type": "Feature", "properties": { "Id": 0, "CLN": "15804", "PSGC": "174001007", "Barangay": "Balimbing", "Land_Class": null, "PIN": "030-01-008-10-036" }, "geometry": { "type": "Polygon", "coordinates": [ [ [ 121.880211542998623, 13.434721357121774 ], [ 121.880281177480541, 13.434669912685143 ], [ 121.880242489142233, 13.434617653887672 ], [ 121.88023424521775, 13.434606518291453 ], [ 121.880168899777061, 13.434653240409299 ], [ 121.880211542998623, 13.434721357121774 ] ] ] } },
{ "type": "Feature", "properties": { "Id": 0, "CLN": "15803", "PSGC": "174001007", "Barangay": "Balimbing", "Land_Class": null, "PIN": "030-01-008-10-035" }, "geometry": { "type": "Polygon", "coordinates": [ [ [ 121.88023424521775, 13.434606518291453 ], [ 121.880185665546861, 13.434519751132401 ], [ 121.880116283065774, 13.434598017848822 ], [ 121.880168899777061, 13.434653240409299 ], [ 121.88023424521775, 13.434606518291453 ] ] ] } },
{ "type": "Feature", "properties": { "Id": 0, "CLN": "15794", "PSGC": "174001007", "Barangay": "Balimbing", "Land_Class": null, "PIN": "030-01-008-10-037" }, "geometry": { "type": "Polygon", "coordinates": [ [ [ 121.880281177480541, 13.434669912685143 ], [ 121.880340853437147, 13.434628127835472 ], [ 121.880304729131154, 13.434579447873608 ], [ 121.880242489142233, 13.434617653887694 ], [ 121.880281177480541, 13.434669912685143 ] ] ] } },
{ "type": "Feature", "properties": { "Id": 0, "CLN": "15796", "PSGC": "174001007", "Barangay": "Balimbing", "Land_Class": null, "PIN": "030-01-008-10-038" }, "geometry": { "type": "Polygon", "coordinates": [ [ [ 121.880304729131154, 13.434579447873608 ], [ 121.880245814050909, 13.434495327840503 ], [ 121.880185665546861, 13.434519751132401 ], [ 121.88023424521775, 13.434606518291453 ], [ 121.880242489142233, 13.434617653887694 ], [ 121.880304729131154, 13.434579447873608 ] ] ] } },
{ "type": "Feature", "properties": { "Id": 0, "CLN": "15820", "PSGC": "174001007", "Barangay": "Balimbing", "Land_Class": null, "PIN": "030-01-008-10-034" }, "geometry": { "type": "Polygon", "coordinates": [ [ [ 121.880139684674759, 13.434539898640701 ], [ 121.880096651245978, 13.434555880437081 ], [ 121.880013798797705, 13.434607266049321 ], [ 121.880026911687395, 13.43462996673043 ], [ 121.880116283065774, 13.434598017848822 ], [ 121.880185665546861, 13.434519751132401 ], [ 121.880139684674759, 13.434539898640701 ] ] ] } },
{ "type": "Feature", "properties": { "Id": 0, "CLN": "15791", "PSGC": "174001007", "Barangay": "Balimbing", "Land_Class": null, "PIN": "030-01-008-10-040" }, "geometry": { "type": "Polygon", "coordinates": [ [ [ 121.880410841126206, 13.434590841749671 ], [ 121.880371044054826, 13.434531223275979 ], [ 121.880304729131154, 13.434579447873608 ], [ 121.880340853437147, 13.434628127835472 ], [ 121.880410841126206, 13.434590841749671 ] ] ] } },
{ "type": "Feature", "properties": { "Id": 0, "CLN": "15789", "PSGC": "174001007", "Barangay": "Balimbing", "Land_Class": null, "PIN": "030-01-008-10-039" }, "geometry": { "type": "Polygon", "coordinates": [ [ [ 121.880371044054826, 13.434531223275979 ], [ 121.880322814996731, 13.434456863081731 ], [ 121.880245814050909, 13.434495327840503 ], [ 121.880304729131154, 13.434579447873608 ], [ 121.880371044054826, 13.434531223275979 ] ] ] } },
{ "type": "Feature", "properties": { "Id": 0, "CLN": "15788", "PSGC": "174001007", "Barangay": "Balimbing", "Land_Class": null, "PIN": "030-01-008-10-043" }, "geometry": { "type": "Polygon", "coordinates": [ [ [ 121.880503043639735, 13.434570625492507 ], [ 121.880398020190057, 13.434414896669688 ], [ 121.880322814996731, 13.434456863081731 ], [ 121.880371044054826, 13.434531223275979 ], [ 121.880410841126206, 13.434590841749671 ], [ 121.880433172283787, 13.434607402992045 ], [ 121.880503043639735, 13.434570625492507 ] ] ] } },
{ "type": "Feature", "properties": { "Id": 0, "CLN": "15768", "PSGC": "174001007", "Barangay": "Balimbing", "Land_Class": null, "PIN": "030-01-008-11-051" }, "geometry": { "type": "Polygon", "coordinates": [ [ [ 121.880943637313678, 13.43442577266857 ], [ 121.880749885570509, 13.434191377732073 ], [ 121.880609355228813, 13.434298160014947 ], [ 121.880494105456677, 13.434360335107586 ], [ 121.880398020190057, 13.434414896669688 ], [ 121.880503043639735, 13.434570625492507 ], [ 121.88059876727678, 13.434683621610581 ], [ 121.880943637313678, 13.43442577266857 ] ] ] } },
{ "type": "Feature", "properties": { "Id": 0, "CLN": "15761", "PSGC": "174001007", "Barangay": "Balimbing", "Land_Class": null, "PIN": null }, "geometry": { "type": "Polygon", "coordinates": [ [ [ 121.880749885570509, 13.434191377732073 ], [ 121.880730171158021, 13.434167030437715 ], [ 121.880606938163439, 13.434257328547101 ], [ 121.880490936007448, 13.434331209391011 ], [ 121.88038489226804, 13.434395430564411 ], [ 121.880398020190057, 13.434414896669688 ], [ 121.880494105456677, 13.434360335107586 ], [ 121.880609355228813, 13.434298160014947 ], [ 121.880749885570509, 13.434191377732073 ] ] ] } },
{ "type": "Feature", "properties": { "Id": 0, "CLN": "15787", "PSGC": "174001007", "Barangay": "Balimbing", "Land_Class": null, "PIN": null }, "geometry": { "type": "Polygon", "coordinates": [ [ [ 121.880398020190057, 13.434414896669688 ], [ 121.88038489226804, 13.434395430564411 ], [ 121.880312043441606, 13.434427452997578 ], [ 121.880322814996731, 13.434456863081731 ], [ 121.880398020190057, 13.434414896669688 ] ] ] } },
{ "type": "Feature", "properties": { "Id": 0, "CLN": "15790", "PSGC": "174001007", "Barangay": "Balimbing", "Land_Class": null, "PIN": null }, "geometry": { "type": "Polygon", "coordinates": [ [ [ 121.880322814996731, 13.434456863081731 ], [ 121.880312043441606, 13.434427452997578 ], [ 121.880229221095817, 13.434472369571168 ], [ 121.880245814050909, 13.434495327840503 ], [ 121.880322814996731, 13.434456863081731 ] ] ] } },
{ "type": "Feature", "properties": { "Id": 0, "CLN": "15795", "PSGC": "174001007", "Barangay": "Balimbing", "Land_Class": null, "PIN": null }, "geometry": { "type": "Polygon", "coordinates": [ [ [ 121.880245814050909, 13.434495327840503 ], [ 121.880229221095817, 13.434472369571168 ], [ 121.880165364539366, 13.434490736521431 ], [ 121.880185665546861, 13.434519751132401 ], [ 121.880245814050909, 13.434495327840503 ] ] ] } },
{ "type": "Feature", "properties": { "Id": 0, "CLN": "15797", "PSGC": "174001007", "Barangay": "Balimbing", "Land_Class": null, "PIN": null }, "geometry": { "type": "Polygon", "coordinates": [ [ [ 121.880185665546861, 13.434519751132401 ], [ 121.880165364539366, 13.434490736521431 ], [ 121.880129813498939, 13.434504891155029 ], [ 121.880086857853513, 13.434529959893219 ], [ 121.880096651245978, 13.434555880437081 ], [ 121.880139684674759, 13.434539898640701 ], [ 121.880185665546861, 13.434519751132401 ] ] ] } },
{ "type": "Feature", "properties": { "Id": 0, "CLN": "15899", "PSGC": "174001007", "Barangay": "Balimbing", "Land_Class": null, "PIN": "030-01-008-10-052" }, "geometry": { "type": "Polygon", "coordinates": [ [ [ 121.879994218070308, 13.4345822807056 ], [ 121.879926281171834, 13.434633519124207 ], [ 121.87994746877618, 13.434658725103509 ], [ 121.880013798797705, 13.434607266049321 ], [ 121.879994218070308, 13.4345822807056 ] ] ] } },
{ "type": "Feature", "properties": { "Id": 0, "CLN": "15955", "PSGC": "174001007", "Barangay": "Balimbing", "Land_Class": null, "PIN": null }, "geometry": { "type": "Polygon", "coordinates": [ [ [ 121.87910909403719, 13.435504294096152 ], [ 121.879089354322886, 13.43547708685257 ], [ 121.878411718773251, 13.436070950060419 ], [ 121.877952965936458, 13.43649724826837 ], [ 121.877965582570368, 13.436531696868556 ], [ 121.878456422115377, 13.43607427571559 ], [ 121.87910909403719, 13.435504294096152 ] ] ] } },
{ "type": "Feature", "properties": { "Id": 0, "CLN": "15933", "PSGC": "174001007", "Barangay": "Balimbing", "Land_Class": null, "PIN": null }, "geometry": { "type": "Polygon", "coordinates": [ [ [ 121.879177161145549, 13.435444546815315 ], [ 121.879156550412262, 13.435414612194135 ], [ 121.879089354322886, 13.43547708685257 ], [ 121.87910909403719, 13.435504294096152 ], [ 121.879177161145549, 13.435444546815315 ] ] ] } },
{ "type": "Feature", "properties": { "Id": 0, "CLN": "15930", "PSGC": "174001007", "Barangay": "Balimbing", "Land_Class": null, "PIN": null }, "geometry": { "type": "Polygon", "coordinates": [ [ [ 121.879177161145549, 13.435444546815315 ], [ 121.879240202065503, 13.435389838735418 ], [ 121.879222385069838, 13.435362979842765 ], [ 121.879156550412262, 13.435414612194135 ], [ 121.879177161145549, 13.435444546815315 ] ] ] } },
{ "type": "Feature", "properties": { "Id": 0, "CLN": "15928", "PSGC": "174001007", "Barangay": "Balimbing", "Land_Class": null, "PIN": null }, "geometry": { "type": "Polygon", "coordinates": [ [ [ 121.879240202065503, 13.435389838735418 ], [ 121.879276671755449, 13.435364124023133 ], [ 121.879256095686827, 13.435337556468848 ], [ 121.879222385069838, 13.435362979842765 ], [ 121.879240202065503, 13.435389838735418 ] ] ] } },
{ "type": "Feature", "properties": { "Id": 0, "CLN": "15927", "PSGC": "174001007", "Barangay": "Balimbing", "Land_Class": null, "PIN": null }, "geometry": { "type": "Polygon", "coordinates": [ [ [ 121.879336302985081, 13.435332043112785 ], [ 121.879313312377136, 13.435291717667001 ], [ 121.879256095686827, 13.435337556468845 ], [ 121.879276671755449, 13.43536412402314 ], [ 121.879336302985081, 13.435332043112785 ] ] ] } },
{ "type": "Feature", "properties": { "Id": 0, "CLN": "15925", "PSGC": "174001007", "Barangay": "Balimbing", "Land_Class": null, "PIN": null }, "geometry": { "type": "Polygon", "coordinates": [ [ [ 121.879622117580965, 13.434972863677391 ], [ 121.879313312377136, 13.435291717667001 ], [ 121.879336302985081, 13.435332043112785 ], [ 121.879465674148236, 13.435225876102587 ], [ 121.879648412713522, 13.435013203796379 ], [ 121.879622117580965, 13.434972863677391 ] ] ] } },
{ "type": "Feature", "properties": { "Id": 0, "CLN": "15911", "PSGC": "174001007", "Barangay": "Balimbing", "Land_Class": null, "PIN": "030-01-008-10-014" }, "geometry": { "type": "Polygon", "coordinates": [ [ [ 121.879708916205132, 13.434932217333179 ], [ 121.879674489993036, 13.434902743548113 ], [ 121.879622117580965, 13.434972863677391 ], [ 121.879648412713522, 13.435013203796379 ], [ 121.879708916205132, 13.434932217333179 ] ] ] } },
{ "type": "Feature", "properties": { "Id": 0, "CLN": "15908", "PSGC": "174001007", "Barangay": "Balimbing", "Land_Class": null, "PIN": null }, "geometry": { "type": "Polygon", "coordinates": [ [ [ 121.879751432118951, 13.434878826084582 ], [ 121.879721815540833, 13.434852008706153 ], [ 121.879674489993036, 13.434902743548113 ], [ 121.879708916205132, 13.434932217333179 ], [ 121.879751432118951, 13.434878826084582 ] ] ] } },
{ "type": "Feature", "properties": { "Id": 0, "CLN": "15905", "PSGC": "174001007", "Barangay": "Balimbing", "Land_Class": null, "PIN": null }, "geometry": { "type": "Polygon", "coordinates": [ [ [ 121.879796268015227, 13.434830506122609 ], [ 121.879759205064829, 13.43480608159984 ], [ 121.879721815540833, 13.434852008706153 ], [ 121.879751432118951, 13.434878826084582 ], [ 121.879796268015227, 13.434830506122609 ] ] ] } },
{ "type": "Feature", "properties": { "Id": 0, "CLN": "15903", "PSGC": "174001007", "Barangay": "Balimbing", "Land_Class": null, "PIN": null }, "geometry": { "type": "Polygon", "coordinates": [ [ [ 121.87982973782681, 13.434776389766949 ], [ 121.879801596356671, 13.434750472857361 ], [ 121.879759205064829, 13.43480608159984 ], [ 121.879796268015227, 13.434830506122609 ], [ 121.87982973782681, 13.434776389766949 ] ] ] } },
{ "type": "Feature", "properties": { "Id": 0, "CLN": "15811", "PSGC": "174001007", "Barangay": "Balimbing", "Land_Class": null, "PIN": null }, "geometry": { "type": "Polygon", "coordinates": [ [ [ 121.879867920755785, 13.434710125356446 ], [ 121.879843184046123, 13.434684886269755 ], [ 121.879801596356671, 13.434750472857361 ], [ 121.87982973782681, 13.434776389766949 ], [ 121.879867920755785, 13.434710125356446 ] ] ] } },
{ "type": "Feature", "properties": { "Id": 0, "CLN": "15812", "PSGC": "174001007", "Barangay": "Balimbing", "Land_Class": null, "PIN": null }, "geometry": { "type": "Polygon", "coordinates": [ [ [ 121.87994746877618, 13.434658725103509 ], [ 121.879926281171834, 13.434633519124207 ], [ 121.879843184046123, 13.434684886269755 ], [ 121.879867920755785, 13.434710125356446 ], [ 121.87994746877618, 13.434658725103509 ] ] ] } },
{ "type": "Feature", "properties": { "Id": 0, "CLN": "15960", "PSGC": "174001007", "Barangay": "Balimbing", "Land_Class": null, "PIN": "030-01-008-07-038" }, "geometry": { "type": "Polygon", "coordinates": [ [ [ 121.879015434087421, 13.435392282736638 ], [ 121.878971037442128, 13.435345991747662 ], [ 121.87800987005464, 13.436076767506325 ], [ 121.877864329723195, 13.436324891409017 ], [ 121.877908684162392, 13.436403253551367 ], [ 121.878255177152894, 13.43607650604687 ], [ 121.879015434087421, 13.435392282736638 ] ] ] } },
{ "type": "Feature", "properties": { "Id": 0, "CLN": "15896", "PSGC": "174001007", "Barangay": "Balimbing", "Land_Class": null, "PIN": "030-01-008-10-054" }, "geometry": { "type": "Polygon", "coordinates": [ [ [ 121.879015434087421, 13.435392282736638 ], [ 121.879157264892086, 13.435271615543684 ], [ 121.879117824986309, 13.435225346637669 ], [ 121.878971037442128, 13.435345991747662 ], [ 121.879015434087421, 13.435392282736638 ] ] ] } },
{ "type": "Feature", "properties": { "Id": 0, "CLN": "15897", "PSGC": "174001007", "Barangay": "Balimbing", "Land_Class": null, "PIN": "030-01-008-10-053" }, "geometry": { "type": "Polygon", "coordinates": [ [ [ 121.879157264892086, 13.435271615543684 ], [ 121.87923933292565, 13.435211331539595 ], [ 121.879194670054929, 13.435163863860467 ], [ 121.879117824986309, 13.435225346637669 ], [ 121.879157264892086, 13.435271615543684 ] ] ] } },
{ "type": "Feature", "properties": { "Id": 0, "CLN": "15898", "PSGC": "174001007", "Barangay": "Balimbing", "Land_Class": null, "PIN": "030-01-008-10-051" }, "geometry": { "type": "Polygon", "coordinates": [ [ [ 121.87923933292565, 13.435211331539595 ], [ 121.879532237192848, 13.434934324998357 ], [ 121.879503482372797, 13.434901982859813 ], [ 121.879368575267307, 13.435024178596207 ], [ 121.879194670054929, 13.435163863860467 ], [ 121.87923933292565, 13.435211331539595 ] ] ] } },
{ "type": "Feature", "properties": { "Id": 0, "CLN": "15900", "PSGC": "174001007", "Barangay": "Balimbing", "Land_Class": null, "PIN": "030-01-008-10-050" }, "geometry": { "type": "Polygon", "coordinates": [ [ [ 121.879532237192848, 13.434934324998357 ], [ 121.879600375369236, 13.434851468543977 ], [ 121.879575749342166, 13.434817395443595 ], [ 121.879503482372797, 13.434901982859813 ], [ 121.879532237192848, 13.434934324998357 ] ] ] } },
{ "type": "Feature", "properties": { "Id": 0, "CLN": "15815", "PSGC": "174001007", "Barangay": "Balimbing", "Land_Class": null, "PIN": "030-01-008-10-049" }, "geometry": { "type": "Polygon", "coordinates": [ [ [ 121.879600375369236, 13.434851468543977 ], [ 121.879767450960131, 13.434631448538193 ], [ 121.879740346559743, 13.434597364430706 ], [ 121.879575749342166, 13.434817395443595 ], [ 121.879600375369236, 13.434851468543977 ] ] ] } },
{ "type": "Feature", "properties": { "Id": 0, "CLN": "15816", "PSGC": "174001007", "Barangay": "Balimbing", "Land_Class": null, "PIN": null }, "geometry": { "type": "Polygon", "coordinates": [ [ [ 121.879774841023206, 13.434641185279485 ], [ 121.879864287497327, 13.434593063699804 ], [ 121.879834670938067, 13.434566246335857 ], [ 121.879767450960131, 13.434631448538193 ], [ 121.879774841023206, 13.434641185279485 ] ] ] } },
{ "type": "Feature", "properties": { "Id": 0, "CLN": "16014", "PSGC": "174001007", "Barangay": "Balimbing", "Land_Class": null, "PIN": "030-01-008-08-025" }, "geometry": { "type": "Polygon", "coordinates": [ [ [ 121.879767450960131, 13.434631448538193 ], [ 121.879834670938067, 13.434566246335857 ], [ 121.879817581346813, 13.434510373056261 ], [ 121.879740346559743, 13.434597364430706 ], [ 121.879767450960131, 13.434631448538193 ] ] ] } },
{ "type": "Feature", "properties": { "Id": 0, "CLN": "16052", "PSGC": "174001007", "Barangay": "Balimbing", "Land_Class": null, "PIN": "030-01-008-10-047" }, "geometry": { "type": "Polygon", "coordinates": [ [ [ 121.879834670938067, 13.434566246335857 ], [ 121.879939122686579, 13.434489079832378 ], [ 121.879916534514066, 13.434441148868409 ], [ 121.879817581346813, 13.434510373056261 ], [ 121.879834670938067, 13.434566246335857 ] ] ] } },
{ "type": "Feature", "properties": { "Id": 0, "CLN": "16086", "PSGC": "174001007", "Barangay": "Balimbing", "Land_Class": null, "PIN": "030-01-008-15-009" }, "geometry": { "type": "Polygon", "coordinates": [ [ [ 121.880022759278901, 13.434444223068132 ], [ 121.880100621832582, 13.43440246304904 ], [ 121.880080941246547, 13.434370837951704 ], [ 121.880003577324956, 13.434403923770665 ], [ 121.880022759278901, 13.434444223068132 ] ] ] } },
{ "type": "Feature", "properties": { "Id": 0, "CLN": "15822", "PSGC": "174001007", "Barangay": "Balimbing", "Land_Class": null, "PIN": "030-01-008-10-044" }, "geometry": { "type": "Polygon", "coordinates": [ [ [ 121.880100621832582, 13.43440246304904 ], [ 121.880326625911039, 13.434301577081918 ], [ 121.880294744812005, 13.434228656292563 ], [ 121.880122073259798, 13.434299739272735 ], [ 121.880138112523937, 13.434334702604158 ], [ 121.880080941246547, 13.434370837951708 ], [ 121.880100621832582, 13.43440246304904 ] ] ] } },
{ "type": "Feature", "properties": { "Id": 0, "CLN": "15824", "PSGC": "174001007", "Barangay": "Balimbing", "Land_Class": null, "PIN": "030-01-008-15-013" }, "geometry": { "type": "Polygon", "coordinates": [ [ [ 121.880326625911039, 13.434301577081925 ], [ 121.880614825227241, 13.434150021944427 ], [ 121.88060172377044, 13.434074272814478 ], [ 121.880466235897458, 13.43412510188271 ], [ 121.880294744812034, 13.434228656292564 ], [ 121.880326625911039, 13.434301577081925 ] ] ] } },
{ "type": "Feature", "properties": { "Id": 0, "CLN": "15767", "PSGC": "174001007", "Barangay": "Balimbing", "Land_Class": null, "PIN": null }, "geometry": { "type": "Polygon", "coordinates": [ [ [ 121.880614825227241, 13.434150021944427 ], [ 121.880326625911039, 13.434301577081925 ], [ 121.880338871427625, 13.434333169112506 ], [ 121.880621079175242, 13.434174739840698 ], [ 121.880614825227241, 13.434150021944427 ] ] ] } },
{ "type": "Feature", "properties": { "Id": 0, "CLN": "15826", "PSGC": "174001007", "Barangay": "Balimbing", "Land_Class": null, "PIN": null }, "geometry": { "type": "Polygon", "coordinates": [ [ [ 121.880338871427654, 13.434333169112509 ], [ 121.880326625911039, 13.434301577081918 ], [ 121.880100621832582, 13.43440246304904 ], [ 121.880120302423549, 13.434434088145197 ], [ 121.880338871427654, 13.434333169112509 ] ] ] } },
{ "type": "Feature", "properties": { "Id": 0, "CLN": "15818", "PSGC": "174001007", "Barangay": "Balimbing", "Land_Class": null, "PIN": null }, "geometry": { "type": "Polygon", "coordinates": [ [ [ 121.879864287497327, 13.434593063699804 ], [ 121.879953812749548, 13.434527960654725 ], [ 121.879939122686579, 13.434489079832378 ], [ 121.879834670938067, 13.434566246335857 ], [ 121.879864287497327, 13.434593063699804 ] ] ] } },
{ "type": "Feature", "properties": { "Id": 0, "CLN": "15800", "PSGC": "174001007", "Barangay": "Balimbing", "Land_Class": null, "PIN": "030-01-008-10-045" }, "geometry": { "type": "Polygon", "coordinates": [ [ [ 121.880120302423549, 13.434434088145197 ], [ 121.880100621832582, 13.43440246304904 ], [ 121.880022759278901, 13.434444223068132 ], [ 121.880041516126909, 13.434478510547851 ], [ 121.880120302423549, 13.434434088145197 ] ] ] } },
{ "type": "Feature", "properties": { "Id": 0, "CLN": "15814", "PSGC": "174001007", "Barangay": "Balimbing", "Land_Class": null, "PIN": null }, "geometry": { "type": "Polygon", "coordinates": [ [ [ 121.879774841023206, 13.434641185279485 ], [ 121.879767450960131, 13.434631448538193 ], [ 121.879600375369236, 13.434851468543977 ], [ 121.879623663085511, 13.434882756127891 ], [ 121.879774841023206, 13.434641185279485 ] ] ] } },
{ "type": "Feature", "properties": { "Id": 0, "CLN": "15901", "PSGC": "174001007", "Barangay": "Balimbing", "Land_Class": null, "PIN": "030-01-008-10-050" }, "geometry": { "type": "Polygon", "coordinates": [ [ [ 121.879623663085511, 13.434882756127891 ], [ 121.879600375369236, 13.434851468543977 ], [ 121.879532237192848, 13.434934324998357 ], [ 121.879556896902756, 13.434958624373142 ], [ 121.879623663085511, 13.434882756127891 ] ] ] } },
{ "type": "Feature", "properties": { "Id": 0, "CLN": "15899", "PSGC": "174001007", "Barangay": "Balimbing", "Land_Class": null, "PIN": "030-01-008-10-052" }, "geometry": { "type": "Polygon", "coordinates": [ [ [ 121.879556896902756, 13.434958624373142 ], [ 121.879532237192848, 13.434934324998357 ], [ 121.87923933292565, 13.435211331539595 ], [ 121.879261946232376, 13.435236841887439 ], [ 121.879556896902756, 13.434958624373142 ] ] ] } },
{ "type": "Feature", "properties": { "Id": 0, "CLN": "15897", "PSGC": "174001007", "Barangay": "Balimbing", "Land_Class": null, "PIN": null }, "geometry": { "type": "Polygon", "coordinates": [ [ [ 121.879261946232376, 13.435236841887439 ], [ 121.87923933292565, 13.435211331539595 ], [ 121.879157264892086, 13.435271615543684 ], [ 121.879181998962267, 13.43530449383633 ], [ 121.879261946232376, 13.435236841887439 ] ] ] } },
{ "type": "Feature", "properties": { "Id": 0, "CLN": "16166", "PSGC": "174001007", "Barangay": "Balimbing", "Land_Class": null, "PIN": null }, "geometry": { "type": "Polygon", "coordinates": [ [ [ 121.879181998962267, 13.43530449383633 ], [ 121.879157264892086, 13.435271615543684 ], [ 121.879015434087421, 13.435392282736638 ], [ 121.879038846597638, 13.435418495741082 ], [ 121.879181998962267, 13.43530449383633 ] ] ] } },
{ "type": "Feature", "properties": { "Id": 0, "CLN": "15957", "PSGC": "174001007", "Barangay": "Balimbing", "Land_Class": null, "PIN": null }, "geometry": { "type": "Polygon", "coordinates": [ [ [ 121.879038846597638, 13.435418495741082 ], [ 121.879015434087421, 13.435392282736638 ], [ 121.878255177152894, 13.43607650604687 ], [ 121.877908684162392, 13.436403253551367 ], [ 121.877930955893888, 13.436422112265447 ], [ 121.8782935067577, 13.43607667676126 ], [ 121.879038846597638, 13.435418495741082 ] ] ] } },
{ "type": "Feature", "properties": { "Id": 0, "CLN": "15779", "PSGC": "174001007", "Barangay": "Balimbing", "Land_Class": null, "PIN": "030-01-008-07-005" }, "geometry": { "type": "Polygon", "coordinates": [ [ [ 121.880719951749896, 13.435836051842456 ], [ 121.880739835065214, 13.435824010359061 ], [ 121.880958506408774, 13.435701257604393 ], [ 121.880901919914805, 13.43561124531862 ], [ 121.880864076646233, 13.435555949584741 ], [ 121.880758151392314, 13.435615458412865 ], [ 121.880710927153586, 13.435644360180197 ], [ 121.880624750870794, 13.435697780372156 ], [ 121.880719951749896, 13.435836051842456 ] ] ] } },
{ "type": "Feature", "properties": { "Id": 0, "CLN": "15778", "PSGC": "174001007", "Barangay": "Balimbing", "Land_Class": null, "PIN": "030-01-008-07-004" }, "geometry": { "type": "Polygon", "coordinates": [ [ [ 121.88093002917158, 13.436072614818999 ], [ 121.881101071405766, 13.43595661777182 ], [ 121.880958506408774, 13.435701257604393 ], [ 121.880739835065214, 13.435824010359061 ], [ 121.880719951749896, 13.435836051842456 ], [ 121.880731733225502, 13.435854053689823 ], [ 121.880751366488894, 13.435841375722521 ], [ 121.88093002917158, 13.436072614818999 ] ] ] } },
{ "type": "Feature", "properties": { "Id": 0, "CLN": "15777", "PSGC": "174001007", "Barangay": "Balimbing", "Land_Class": null, "PIN": "030-01-008-07-003" }, "geometry": { "type": "Polygon", "coordinates": [ [ [ 121.881194776676253, 13.436075906547753 ], [ 121.881101071405766, 13.43595661777182 ], [ 121.88093002917158, 13.436072614818999 ], [ 121.881078126691733, 13.436343291923558 ], [ 121.8812680617133, 13.436163152387595 ], [ 121.881194776676253, 13.436075906547753 ] ] ] } },
{ "type": "Feature", "properties": { "Id": 0, "CLN": "15784", "PSGC": "174001007", "Barangay": "Balimbing", "Land_Class": null, "PIN": "030-01-008-07-008" }, "geometry": { "type": "Polygon", "coordinates": [ [ [ 121.880610032729564, 13.435084540226542 ], [ 121.880609511285812, 13.435127454262336 ], [ 121.880727147663535, 13.435353315969717 ], [ 121.880906018304799, 13.435261923954565 ], [ 121.880741193518745, 13.434996760916356 ], [ 121.880722434816505, 13.434971986899377 ], [ 121.880610032729564, 13.435084540226542 ] ] ] } },
{ "type": "Feature", "properties": { "Id": 0, "CLN": "15783", "PSGC": "174001007", "Barangay": "Balimbing", "Land_Class": null, "PIN": "030-01-008-11-045" }, "geometry": { "type": "Polygon", "coordinates": [ [ [ 121.880906018304799, 13.435261923954565 ], [ 121.880923207472094, 13.435284429312805 ], [ 121.881077897482925, 13.435181608537844 ], [ 121.880910161639775, 13.434902898902559 ], [ 121.880741193518745, 13.434996760916356 ], [ 121.880906018304799, 13.435261923954565 ] ] ] } },
{ "type": "Feature", "properties": { "Id": 0, "CLN": "15765", "PSGC": "174001007", "Barangay": "Balimbing", "Land_Class": null, "PIN": null }, "geometry": { "type": "Polygon", "coordinates": [ [ [ 121.880621079175242, 13.434174739840698 ], [ 121.880668414564454, 13.434123088565961 ], [ 121.880749709693134, 13.43398436089524 ], [ 121.880731071209169, 13.433972956886127 ], [ 121.880658579867415, 13.434106063077639 ], [ 121.880614825227241, 13.434150021944427 ], [ 121.880621079175242, 13.434174739840698 ] ] ] } },
{ "type": "Feature", "properties": { "Id": 0, "CLN": "15766", "PSGC": "174001007", "Barangay": "Balimbing", "Land_Class": null, "PIN": "030-01-008-15-014" }, "geometry": { "type": "Polygon", "coordinates": [ [ [ 121.880614825227241, 13.434150021944427 ], [ 121.880658579867415, 13.434106063077639 ], [ 121.880731071209169, 13.433972956886127 ], [ 121.880702969989613, 13.433948957781189 ], [ 121.88060172377044, 13.434074272814478 ], [ 121.880614825227241, 13.434150021944427 ] ] ] } },
{ "type": "Feature", "properties": { "Id": 0, "CLN": "15738", "PSGC": "174001007", "Barangay": "Balimbing", "Land_Class": null, "PIN": "030-01-008-15-069" }, "geometry": { "type": "Polygon", "coordinates": [ [ [ 121.881634503648115, 13.432175638975743 ], [ 121.881526778246368, 13.432167046444727 ], [ 121.881588604735043, 13.432008847807937 ], [ 121.881693529273264, 13.432020731262904 ], [ 121.8817291512933, 13.431927244197569 ], [ 121.881787534176624, 13.431767263352919 ], [ 121.881428505582861, 13.431625741653074 ], [ 121.881333117512028, 13.431810383997057 ], [ 121.881422817146742, 13.431858177205177 ], [ 121.881396536639372, 13.431923378690835 ], [ 121.88116834203781, 13.432549198582157 ], [ 121.88146163596997, 13.432629314061224 ], [ 121.881634503648115, 13.432175638975743 ] ] ] } },
{ "type": "Feature", "properties": { "Id": 0, "CLN": "15737", "PSGC": "174001007", "Barangay": "Balimbing", "Land_Class": null, "PIN": "030-01-008-14-002" }, "geometry": { "type": "Polygon", "coordinates": [ [ [ 121.881941956142484, 13.432150770062798 ], [ 121.881998671301062, 13.432034575169988 ], [ 121.881896547727436, 13.43196619476489 ], [ 121.881839892475085, 13.432069451389019 ], [ 121.881941956142484, 13.432150770062798 ] ] ] } },
{ "type": "Feature", "properties": { "Id": 0, "CLN": "15736", "PSGC": "174001007", "Barangay": "Balimbing", "Land_Class": null, "PIN": "030-01-008-14-003" }, "geometry": { "type": "Polygon", "coordinates": [ [ [ 121.881937166641478, 13.431885622985201 ], [ 121.881896825347923, 13.431933891155738 ], [ 121.881896547727436, 13.431966194764897 ], [ 121.881998671301062, 13.432034575169988 ], [ 121.882041838995164, 13.431989481949847 ], [ 121.881989000102848, 13.431937053674393 ], [ 121.881937166641478, 13.431885622985201 ] ] ] } },
{ "type": "Feature", "properties": { "Id": 0, "CLN": "15732", "PSGC": "174001007", "Barangay": "Balimbing", "Land_Class": null, "PIN": "030-01-008-14-006" }, "geometry": { "type": "Polygon", "coordinates": [ [ [ 121.882252366739735, 13.431935305910347 ], [ 121.882084735204302, 13.431918024295996 ], [ 121.882073970971618, 13.431936489817472 ], [ 121.882041838995164, 13.431989481949847 ], [ 121.882177142026663, 13.432028897873167 ], [ 121.882252366739735, 13.431935305910347 ] ] ] } },
{ "type": "Feature", "properties": { "Id": 0, "CLN": "15731", "PSGC": "174001007", "Barangay": "Balimbing", "Land_Class": null, "PIN": "030-01-008-14-007" }, "geometry": { "type": "Polygon", "coordinates": [ [ [ 121.882177142026663, 13.432028897873167 ], [ 121.882256329211472, 13.432055126246219 ], [ 121.882384858663144, 13.432130092917385 ], [ 121.8824375952466, 13.432159438520408 ], [ 121.882517591138182, 13.432011000486339 ], [ 121.88240559896434, 13.431932872618765 ], [ 121.882317766587065, 13.431971191499015 ], [ 121.882252366739735, 13.431935305910347 ], [ 121.882177142026663, 13.432028897873167 ] ] ] } },
{ "type": "Feature", "properties": { "Id": 0, "CLN": "15730", "PSGC": "174001007", "Barangay": "Balimbing", "Land_Class": null, "PIN": "030-01-008-14-008" }, "geometry": { "type": "Polygon", "coordinates": [ [ [ 121.882256329211472, 13.432055126246219 ], [ 121.88222953405517, 13.432132638427451 ], [ 121.88230634792086, 13.432186273486758 ], [ 121.882362711637739, 13.432225629259959 ], [ 121.882391242938013, 13.432178640659439 ], [ 121.882384858663144, 13.432130092917385 ], [ 121.882256329211472, 13.432055126246219 ] ] ] } },
{ "type": "Feature", "properties": { "Id": 0, "CLN": "15729", "PSGC": "174001007", "Barangay": "Balimbing", "Land_Class": null, "PIN": "030-01-008-14-009" }, "geometry": { "type": "Polygon", "coordinates": [ [ [ 121.882172998729345, 13.432210018643143 ], [ 121.882241662538831, 13.432255267612286 ], [ 121.88230634792086, 13.432186273486758 ], [ 121.88222953405517, 13.432132638427451 ], [ 121.882172998729345, 13.432210018643143 ] ] ] } },
{ "type": "Feature", "properties": { "Id": 0, "CLN": "15727", "PSGC": "174001007", "Barangay": "Balimbing", "Land_Class": null, "PIN": "030-01-008-14-011" }, "geometry": { "type": "Polygon", "coordinates": [ [ [ 121.882172998729345, 13.432210018643143 ], [ 121.882142958982982, 13.432274577903232 ], [ 121.882261530181481, 13.432359204337097 ], [ 121.882301483296999, 13.432294689044536 ], [ 121.882241662538831, 13.432255267612286 ], [ 121.882172998729345, 13.432210018643143 ] ] ] } },
{ "type": "Feature", "properties": { "Id": 0, "CLN": "15723", "PSGC": "174001007", "Barangay": "Balimbing", "Land_Class": null, "PIN": "030-01-008-14-023" }, "geometry": { "type": "Polygon", "coordinates": [ [ [ 121.882469876107621, 13.432324547749088 ], [ 121.88277265905252, 13.432591130243168 ], [ 121.882829224238179, 13.432507280763277 ], [ 121.882964901943922, 13.432465832243086 ], [ 121.88296879019795, 13.43233969897358 ], [ 121.883421397039172, 13.432364347858632 ], [ 121.883444962203185, 13.432270648064922 ], [ 121.883441822326404, 13.432235053229702 ], [ 121.88294627268391, 13.432206979360627 ], [ 121.882864694064111, 13.431983428255627 ], [ 121.882692751710906, 13.431932556813166 ], [ 121.882469876107621, 13.432324547749088 ] ] ] } },
{ "type": "Feature", "properties": { "Id": 0, "CLN": "15724", "PSGC": "174001007", "Barangay": "Balimbing", "Land_Class": null, "PIN": "030-01-008-14-024" }, "geometry": { "type": "Polygon", "coordinates": [ [ [ 121.882396578858291, 13.43245360770509 ], [ 121.882501707743586, 13.432586693821458 ], [ 121.88265616419595, 13.432771752743934 ], [ 121.88277265905252, 13.432591130243168 ], [ 121.882469876107621, 13.432324547749088 ], [ 121.882396578858291, 13.43245360770509 ] ] ] } },
{ "type": "Feature", "properties": { "Id": 0, "CLN": "15711", "PSGC": "174001007", "Barangay": "Balimbing", "Land_Class": null, "PIN": "030-01-008-14-032" }, "geometry": { "type": "Polygon", "coordinates": [ [ [ 121.883421397039172, 13.432364347858632 ], [ 121.88420129566876, 13.4323580994895 ], [ 121.884252357801785, 13.432034862668477 ], [ 121.883435781972295, 13.432112110556192 ], [ 121.883441822326404, 13.432235053229702 ], [ 121.883444962203185, 13.432270648064922 ], [ 121.883421397039172, 13.432364347858632 ] ] ] } },
{ "type": "Feature", "properties": { "Id": 0, "CLN": "15708", "PSGC": "174001007", "Barangay": "Balimbing", "Land_Class": null, "PIN": "030-01-008-14-031" }, "geometry": { "type": "Polygon", "coordinates": [ [ [ 121.884748416515308, 13.432028420572246 ], [ 121.884483836078147, 13.431918073937439 ], [ 121.884252357801785, 13.432034862668477 ], [ 121.88420129566876, 13.4323580994895 ], [ 121.884650762794351, 13.432347151338277 ], [ 121.884747688693281, 13.432185946585809 ], [ 121.884822456810966, 13.4320796423929 ], [ 121.884748416515308, 13.432028420572246 ] ] ] } },
{ "type": "Feature", "properties": { "Id": 0, "CLN": "15669", "PSGC": "174001007", "Barangay": "Balimbing", "Land_Class": null, "PIN": "030-01-008-14-030" }, "geometry": { "type": "Polygon", "coordinates": [ [ [ 121.885116215225523, 13.432268765920252 ], [ 121.884822456810966, 13.4320796423929 ], [ 121.884747688693281, 13.432185946585809 ], [ 121.884650762794351, 13.432347151338277 ], [ 121.884613985219175, 13.432477827963718 ], [ 121.884748658484298, 13.432511915214459 ], [ 121.885025662890442, 13.432576153072652 ], [ 121.885045794360963, 13.432505959894797 ], [ 121.885086964961516, 13.432437071590973 ], [ 121.885116215225523, 13.432268765920252 ] ] ] } },
{ "type": "Feature", "properties": { "Id": 0, "CLN": "15668", "PSGC": "174001007", "Barangay": "Balimbing", "Land_Class": null, "PIN": "030-01-008-14-029" }, "geometry": { "type": "Polygon", "coordinates": [ [ [ 121.884748658484298, 13.432511915214459 ], [ 121.884613985219175, 13.432477827963718 ], [ 121.884540759451028, 13.43264927579555 ], [ 121.884747729075414, 13.432713063808388 ], [ 121.884926971014735, 13.43276959838424 ], [ 121.885111959544346, 13.432654087864517 ], [ 121.885025662890442, 13.432576153072652 ], [ 121.884748658484298, 13.432511915214459 ] ] ] } },
{ "type": "Feature", "properties": { "Id": 0, "CLN": "15665", "PSGC": "174001007", "Barangay": "Balimbing", "Land_Class": null, "PIN": "030-01-008-14-028" }, "geometry": { "type": "Polygon", "coordinates": [ [ [ 121.884747729075414, 13.432713063808388 ], [ 121.884540759451028, 13.43264927579555 ], [ 121.884512227637259, 13.432734902375566 ], [ 121.884747409937532, 13.432782132903137 ], [ 121.884873560985142, 13.432808138389872 ], [ 121.884926971014735, 13.43276959838424 ], [ 121.884747729075414, 13.432713063808388 ] ] ] } },
{ "type": "Feature", "properties": { "Id": 0, "CLN": "15662", "PSGC": "174001007", "Barangay": "Balimbing", "Land_Class": null, "PIN": "030-01-008-14-027" }, "geometry": { "type": "Polygon", "coordinates": [ [ [ 121.884747409937532, 13.432782132903137 ], [ 121.884512227637259, 13.432734902375566 ], [ 121.884379797047671, 13.43306080470561 ], [ 121.884431532435613, 13.433306865679222 ], [ 121.88474622988096, 13.432943797447116 ], [ 121.884873560985142, 13.432808138389872 ], [ 121.884747409937532, 13.432782132903137 ] ] ] } },
{ "type": "Feature", "properties": { "Id": 0, "CLN": "15709", "PSGC": "174001007", "Barangay": "Balimbing", "Land_Class": null, "PIN": "030-01-008-14-026" }, "geometry": { "type": "Polygon", "coordinates": [ [ [ 121.884650762794351, 13.432347151338277 ], [ 121.88420129566876, 13.4323580994895 ], [ 121.884244702330349, 13.432976106008336 ], [ 121.884379797047671, 13.43306080470561 ], [ 121.884512227637259, 13.432734902375566 ], [ 121.884540759451028, 13.43264927579555 ], [ 121.884613985219175, 13.432477827963718 ], [ 121.884650762794351, 13.432347151338277 ] ] ] } },
{ "type": "Feature", "properties": { "Id": 0, "CLN": "15710", "PSGC": "174001007", "Barangay": "Balimbing", "Land_Class": null, "PIN": "030-01-008-14-025" }, "geometry": { "type": "Polygon", "coordinates": [ [ [ 121.88296879019795, 13.43233969897358 ], [ 121.882964901943922, 13.432465832243086 ], [ 121.882994103259747, 13.43258240834839 ], [ 121.882993938602709, 13.432617988531252 ], [ 121.882887552905231, 13.432754325843213 ], [ 121.88304532822103, 13.432938444607446 ], [ 121.883226475546081, 13.433068632882925 ], [ 121.883675860720416, 13.433196229454143 ], [ 121.883714729925629, 13.433245466938871 ], [ 121.884244702330349, 13.432976106008336 ], [ 121.88420129566876, 13.4323580994895 ], [ 121.883421397039172, 13.432364347858632 ], [ 121.88296879019795, 13.43233969897358 ] ] ] } },
{ "type": "Feature", "properties": { "Id": 0, "CLN": "15652", "PSGC": "174001007", "Barangay": "Balimbing", "Land_Class": null, "PIN": "030-01-008-01-085" }, "geometry": { "type": "Polygon", "coordinates": [ [ [ 121.882520291593778, 13.432855250378621 ], [ 121.882668967759912, 13.43301787712358 ], [ 121.882792920314841, 13.432891916978781 ], [ 121.882887552905231, 13.432754325843213 ], [ 121.882993938602709, 13.432617988531252 ], [ 121.882994103259747, 13.43258240834839 ], [ 121.882964901943922, 13.432465832243086 ], [ 121.882829224238179, 13.432507280763277 ], [ 121.88277265905252, 13.432591130243168 ], [ 121.88265616419595, 13.432771752743934 ], [ 121.882520291593778, 13.432855250378621 ] ] ] } },
{ "type": "Feature", "properties": { "Id": 0, "CLN": "15725", "PSGC": "174001007", "Barangay": "Balimbing", "Land_Class": null, "PIN": "030-01-008-11-088" }, "geometry": { "type": "Polygon", "coordinates": [ [ [ 121.882179946146209, 13.432850505746977 ], [ 121.882291234641372, 13.433080658113166 ], [ 121.882374355711733, 13.432971049563372 ], [ 121.882520291593778, 13.432855250378621 ], [ 121.88265616419595, 13.432771752743934 ], [ 121.882501707743586, 13.432586693821458 ], [ 121.882179946146209, 13.432850505746977 ] ] ] } },
{ "type": "Feature", "properties": { "Id": 0, "CLN": "15726", "PSGC": "174001007", "Barangay": "Balimbing", "Land_Class": null, "PIN": "030-01-008-11-095" }, "geometry": { "type": "Polygon", "coordinates": [ [ [ 121.881402256539744, 13.433092885297242 ], [ 121.881662410627982, 13.433288118000856 ], [ 121.881934875981543, 13.432965864748153 ], [ 121.882117490796333, 13.432779066797012 ], [ 121.882179946146209, 13.432850505746977 ], [ 121.882501707743586, 13.432586693821458 ], [ 121.882396578858291, 13.43245360770509 ], [ 121.882261530181481, 13.432359204337097 ], [ 121.882142958982982, 13.432274577903232 ], [ 121.882172998729345, 13.432210018643143 ], [ 121.88222953405517, 13.432132638427451 ], [ 121.882256329211472, 13.432055126246219 ], [ 121.882177142026663, 13.432028897873167 ], [ 121.882041838995164, 13.431989481949847 ], [ 121.881998671301062, 13.432034575169988 ], [ 121.881941956142484, 13.432150770062798 ], [ 121.881839892475085, 13.432069451389022 ], [ 121.881767329243047, 13.432040017662747 ], [ 121.881402256539744, 13.433092885297242 ] ] ] } },
{ "type": "Feature", "properties": { "Id": 0, "CLN": "15651", "PSGC": "174001007", "Barangay": "Balimbing", "Land_Class": null, "PIN": "030-01-008-11-086" }, "geometry": { "type": "Polygon", "coordinates": [ [ [ 121.882505636032519, 13.433165709641216 ], [ 121.882668967759912, 13.43301787712358 ], [ 121.882520291593778, 13.432855250378621 ], [ 121.882374355711733, 13.432971049563372 ], [ 121.882505636032519, 13.433165709641216 ] ] ] } },
{ "type": "Feature", "properties": { "Id": 0, "CLN": "15650", "PSGC": "174001007", "Barangay": "Balimbing", "Land_Class": null, "PIN": "030-01-008-11-087" }, "geometry": { "type": "Polygon", "coordinates": [ [ [ 121.882505636032519, 13.433165709641216 ], [ 121.882374355711733, 13.432971049563372 ], [ 121.882291234641372, 13.433080658113166 ], [ 121.882388986594407, 13.433283353422979 ], [ 121.882505636032519, 13.433165709641216 ] ] ] } },
{ "type": "Feature", "properties": { "Id": 0, "CLN": "15622", "PSGC": "174001007", "Barangay": "Balimbing", "Land_Class": null, "PIN": "030-01-008-11-099" }, "geometry": { "type": "Polygon", "coordinates": [ [ [ 121.881146147807044, 13.433450791448491 ], [ 121.881182793099086, 13.433484204875814 ], [ 121.881202278934637, 13.433460744636111 ], [ 121.881191855052407, 13.433452821970663 ], [ 121.881159470675613, 13.433428208238547 ], [ 121.881146147807044, 13.433450791448491 ] ] ] } },
{ "type": "Feature", "properties": { "Id": 0, "CLN": "15640", "PSGC": "174001007", "Barangay": "Balimbing", "Land_Class": null, "PIN": "030-01-008-11-098" }, "geometry": { "type": "Polygon", "coordinates": [ [ [ 121.881159470675613, 13.433428208238547 ], [ 121.881191855052407, 13.433452821970663 ], [ 121.881463762741703, 13.433430783568543 ], [ 121.881275847012148, 13.433273463031812 ], [ 121.881159470675613, 13.433428208238547 ] ] ] } },
{ "type": "Feature", "properties": { "Id": 0, "CLN": "15642", "PSGC": "174001007", "Barangay": "Balimbing", "Land_Class": null, "PIN": "030-01-008-11-128" }, "geometry": { "type": "Polygon", "coordinates": [ [ [ 121.881566955937728, 13.433216484068776 ], [ 121.881419729756118, 13.433393919771301 ], [ 121.881463762741703, 13.433430783568543 ], [ 121.881470061520105, 13.43343605681584 ], [ 121.881833494087488, 13.433450608830945 ], [ 121.881662410627982, 13.433288118000856 ], [ 121.881566955937728, 13.433216484068776 ] ] ] } },
{ "type": "Feature", "properties": { "Id": 0, "CLN": "16179", "PSGC": "174001007", "Barangay": "Balimbing", "Land_Class": null, "PIN": "030-01-008-11-094" }, "geometry": { "type": "Polygon", "coordinates": [ [ [ 121.881833494087488, 13.433450608830945 ], [ 121.881972297139768, 13.43344799030031 ], [ 121.881966137689716, 13.433350924145273 ], [ 121.882028967692392, 13.433341499117477 ], [ 121.882031972516742, 13.433406204999336 ], [ 121.882100512038633, 13.433398186749494 ], [ 121.882197286272344, 13.433387530861388 ], [ 121.881934875981543, 13.432965864748153 ], [ 121.881662410627982, 13.433288118000856 ], [ 121.881833494087488, 13.433450608830945 ] ] ] } },
{ "type": "Feature", "properties": { "Id": 0, "CLN": "15644", "PSGC": "174001007", "Barangay": "Balimbing", "Land_Class": null, "PIN": "030-01-008-11-093" }, "geometry": { "type": "Polygon", "coordinates": [ [ [ 121.881972297139768, 13.433447990300298 ], [ 121.88203678287357, 13.433459762812671 ], [ 121.882031972516742, 13.43340620499934 ], [ 121.882028967692392, 13.433341499117482 ], [ 121.881966137689716, 13.433350924145266 ], [ 121.881972297139768, 13.433447990300298 ] ] ] } },
{ "type": "Feature", "properties": { "Id": 0, "CLN": "16154", "PSGC": "174001007", "Barangay": "Balimbing", "Land_Class": null, "PIN": "030-01-008-11-082" }, "geometry": { "type": "Polygon", "coordinates": [ [ [ 121.882264186709136, 13.433024721144818 ], [ 121.882178034957292, 13.433090461663891 ], [ 121.882140292134849, 13.433008486159837 ], [ 121.882225381039092, 13.432944468326824 ], [ 121.882179946146209, 13.432850505746977 ], [ 121.882117490796333, 13.432779066797012 ], [ 121.881934875981543, 13.432965864748153 ], [ 121.882197286272344, 13.433387530861388 ], [ 121.882210294457934, 13.433432873368846 ], [ 121.882256013560152, 13.433389824327515 ], [ 121.882388986594407, 13.433283353422979 ], [ 121.88235396755266, 13.43321073910276 ], [ 121.882272501783518, 13.433271719622976 ], [ 121.882236211831469, 13.433192621033344 ], [ 121.882315647148857, 13.433131279136894 ], [ 121.882291234641372, 13.433080658113166 ], [ 121.882264186709136, 13.433024721144818 ] ] ] } },
{ "type": "Feature", "properties": { "Id": 0, "CLN": "15643", "PSGC": "174001007", "Barangay": "Balimbing", "Land_Class": null, "PIN": null }, "geometry": { "type": "Polygon", "coordinates": [ [ [ 121.882061383202782, 13.433477497326624 ], [ 121.882321352038801, 13.433531672252986 ], [ 121.882312403738581, 13.433504488255561 ], [ 121.88203678287357, 13.433459762812676 ], [ 121.882038139018661, 13.433474792494557 ], [ 121.882061383202782, 13.433477497326624 ] ] ] } },
{ "type": "Feature", "properties": { "Id": 0, "CLN": "15609", "PSGC": "174001007", "Barangay": "Balimbing", "Land_Class": null, "PIN": "030-01-008-11-090" }, "geometry": { "type": "Polygon", "coordinates": [ [ [ 121.882312403738581, 13.433504488255567 ], [ 121.882256013560152, 13.433389824327495 ], [ 121.882210294457934, 13.433432873368838 ], [ 121.882104044177169, 13.433438230938203 ], [ 121.88203678287357, 13.433459762812671 ], [ 121.882312403738581, 13.433504488255567 ] ] ] } },
{ "type": "Feature", "properties": { "Id": 0, "CLN": "15649", "PSGC": "174001007", "Barangay": "Balimbing", "Land_Class": null, "PIN": "030-01-008-11-084" }, "geometry": { "type": "Polygon", "coordinates": [ [ [ 121.882312403738581, 13.433504488255561 ], [ 121.882751600020811, 13.433571129158942 ], [ 121.883169161983574, 13.433314210554467 ], [ 121.883087073941866, 13.433200634604754 ], [ 121.88269698325891, 13.433311274324016 ], [ 121.882312403738581, 13.433504488255561 ] ] ] } },
{ "type": "Feature", "properties": { "Id": 0, "CLN": "15654", "PSGC": "174001007", "Barangay": "Balimbing", "Land_Class": null, "PIN": null }, "geometry": { "type": "Polygon", "coordinates": [ [ [ 121.882321352038801, 13.433531672252986 ], [ 121.882718467844825, 13.433601178924855 ], [ 121.882751600020811, 13.433571129158942 ], [ 121.882312403738581, 13.433504488255561 ], [ 121.882321352038801, 13.433531672252986 ] ] ] } },
{ "type": "Feature", "properties": { "Id": 0, "CLN": "16170", "PSGC": "174001007", "Barangay": "Balimbing", "Land_Class": null, "PIN": null }, "geometry": { "type": "Polygon", "coordinates": [ [ [ 121.883576318420666, 13.433770471052785 ], [ 121.88371589510156, 13.433708024041746 ], [ 121.883702796852717, 13.433682088965258 ], [ 121.883573637733107, 13.433742974501735 ], [ 121.882965548639959, 13.433622144346025 ], [ 121.882939641027079, 13.433639890299196 ], [ 121.883576318420666, 13.433770471052785 ] ] ] } },
{ "type": "Feature", "properties": { "Id": 0, "CLN": "15655", "PSGC": "174001007", "Barangay": "Balimbing", "Land_Class": null, "PIN": "030-01-008-11-081" }, "geometry": { "type": "Polygon", "coordinates": [ [ [ 121.882965548639959, 13.433622144346025 ], [ 121.883558656441167, 13.433409741339691 ], [ 121.883615176699195, 13.433335595369885 ], [ 121.883714729925629, 13.433245466938871 ], [ 121.883675860720416, 13.433196229454143 ], [ 121.883226475546081, 13.433068632882925 ], [ 121.883087073941866, 13.433200634604754 ], [ 121.883169161983574, 13.433314210554467 ], [ 121.882751600020811, 13.433571129158942 ], [ 121.882965548639959, 13.433622144346025 ] ] ] } },
{ "type": "Feature", "properties": { "Id": 0, "CLN": "15653", "PSGC": "174001007", "Barangay": "Balimbing", "Land_Class": null, "PIN": "030-01-008-11-083" }, "geometry": { "type": "Polygon", "coordinates": [ [ [ 121.883087073941866, 13.433200634604754 ], [ 121.883226475546081, 13.433068632882925 ], [ 121.88304532822103, 13.432938444607446 ], [ 121.88269698325891, 13.433311274324016 ], [ 121.883087073941866, 13.433200634604754 ] ] ] } },
{ "type": "Feature", "properties": { "Id": 0, "CLN": "15657", "PSGC": "174001007", "Barangay": "Balimbing", "Land_Class": null, "PIN": "030-01-008-11-020" }, "geometry": { "type": "Polygon", "coordinates": [ [ [ 121.883573637733107, 13.433742974501735 ], [ 121.883702796852717, 13.433682088965258 ], [ 121.883558656441167, 13.433409741339691 ], [ 121.882965548639959, 13.433622144346025 ], [ 121.883573637733107, 13.433742974501735 ] ] ] } },
{ "type": "Feature", "properties": { "Id": 0, "CLN": "16171", "PSGC": "174001007", "Barangay": "Balimbing", "Land_Class": null, "PIN": "030-01-008-11-017" }, "geometry": { "type": "Polygon", "coordinates": [ [ [ 121.883865105443121, 13.43359870783816 ], [ 121.883615176699195, 13.433335595369885 ], [ 121.883558656441167, 13.433409741339691 ], [ 121.883702796852717, 13.433682088965258 ], [ 121.883865105443121, 13.43359870783816 ] ] ] } },
{ "type": "Feature", "properties": { "Id": 0, "CLN": "15660", "PSGC": "174001007", "Barangay": "Balimbing", "Land_Class": null, "PIN": "030-01-008-11-135" }, "geometry": { "type": "Polygon", "coordinates": [ [ [ 121.884148319101257, 13.433452786932145 ], [ 121.883979716267589, 13.433110786625285 ], [ 121.883714729925629, 13.433245466938871 ], [ 121.883615176699195, 13.433335595369885 ], [ 121.883865105443121, 13.43359870783816 ], [ 121.884148319101257, 13.433452786932145 ] ] ] } },
{ "type": "Feature", "properties": { "Id": 0, "CLN": "15560", "PSGC": "174001007", "Barangay": "Balimbing", "Land_Class": null, "PIN": "030-01-008-11-091" }, "geometry": { "type": "Polygon", "coordinates": [ [ [ 121.88371589510156, 13.433708024041746 ], [ 121.883881493230646, 13.433627892111854 ], [ 121.883865105443121, 13.43359870783816 ], [ 121.883702796852717, 13.433682088965258 ], [ 121.88371589510156, 13.433708024041746 ] ] ] } },
{ "type": "Feature", "properties": { "Id": 0, "CLN": "15661", "PSGC": "174001007", "Barangay": "Balimbing", "Land_Class": null, "PIN": null }, "geometry": { "type": "Polygon", "coordinates": [ [ [ 121.884889440992808, 13.432812456956414 ], [ 121.884873560985127, 13.432808138389857 ], [ 121.88474622988096, 13.43294379744712 ], [ 121.884431532435613, 13.433306865679214 ], [ 121.884434984978171, 13.43333235033548 ], [ 121.884746057348494, 13.432981136944141 ], [ 121.884889440992808, 13.432812456956414 ] ] ] } },
{ "type": "Feature", "properties": { "Id": 0, "CLN": "15659", "PSGC": "174001007", "Barangay": "Balimbing", "Land_Class": null, "PIN": null }, "geometry": { "type": "Polygon", "coordinates": [ [ [ 121.883881493230646, 13.433627892111854 ], [ 121.884434984978171, 13.433332350335485 ], [ 121.884431532435613, 13.433306865679222 ], [ 121.883865105443121, 13.43359870783816 ], [ 121.883881493230646, 13.433627892111854 ] ] ] } },
{ "type": "Feature", "properties": { "Id": 0, "CLN": "15509", "PSGC": "174001007", "Barangay": "Balimbing", "Land_Class": null, "PIN": null }, "geometry": { "type": "Polygon", "coordinates": [ [ [ 121.884754603270096, 13.433077904109455 ], [ 121.8844588033419, 13.433416761694163 ], [ 121.884466154328479, 13.433434989039835 ], [ 121.884754603270096, 13.433077904109455 ] ] ] } },
{ "type": "Feature", "properties": { "Id": 0, "CLN": "15559", "PSGC": "174001007", "Barangay": "Balimbing", "Land_Class": null, "PIN": null }, "geometry": { "type": "Polygon", "coordinates": [ [ [ 121.884466154328479, 13.433434989039835 ], [ 121.8844588033419, 13.433416761694163 ], [ 121.883916580344021, 13.433700018072125 ], [ 121.883929482370675, 13.433723728462354 ], [ 121.884062654450815, 13.433654838812547 ], [ 121.884466154328479, 13.433434989039835 ] ] ] } },
{ "type": "Feature", "properties": { "Id": 0, "CLN": "15569", "PSGC": "174001007", "Barangay": "Balimbing", "Land_Class": null, "PIN": "030-01-008-11-006" }, "geometry": { "type": "Polygon", "coordinates": [ [ [ 121.884967888399558, 13.433523847929704 ], [ 121.884773842078616, 13.433056910352658 ], [ 121.884754603270096, 13.433077904109455 ], [ 121.884466154328479, 13.433434989039835 ], [ 121.884492000518861, 13.433473312560775 ], [ 121.884620684513408, 13.433381088943626 ], [ 121.884750165229079, 13.433520541982869 ], [ 121.884849749186287, 13.433611091185274 ], [ 121.884958860373317, 13.43381767929144 ], [ 121.885004040053246, 13.433878773968127 ], [ 121.885690070263678, 13.434027020154209 ], [ 121.88578033279228, 13.434170287776114 ], [ 121.886199842325141, 13.434001169505434 ], [ 121.886221635908754, 13.433945055368859 ], [ 121.885636163116885, 13.433783202878633 ], [ 121.884967888399558, 13.433523847929704 ] ] ] } },
{ "type": "Feature", "properties": { "Id": 0, "CLN": "15559", "PSGC": "174001007", "Barangay": "Balimbing", "Land_Class": null, "PIN": "030-01-008-11-015" }, "geometry": { "type": "Polygon", "coordinates": [ [ [ 121.884492000518861, 13.433473312560775 ], [ 121.884466154328479, 13.433434989039835 ], [ 121.884062654450815, 13.433654838812547 ], [ 121.883929482370675, 13.433723728462354 ], [ 121.883977295928631, 13.433768214290486 ], [ 121.884067340046812, 13.43366566673958 ], [ 121.884188562465567, 13.433638147728908 ], [ 121.884292866755757, 13.433592516265522 ], [ 121.884492000518861, 13.433473312560775 ] ] ] } },
{ "type": "Feature", "properties": { "Id": 0, "CLN": "15571", "PSGC": "174001007", "Barangay": "Balimbing", "Land_Class": null, "PIN": null }, "geometry": { "type": "Polygon", "coordinates": [ [ [ 121.883754720013059, 13.433812528309236 ], [ 121.88374482126369, 13.433786258200497 ], [ 121.883592245086021, 13.43389508452144 ], [ 121.883754720013059, 13.433812528309236 ] ] ] } },
{ "type": "Feature", "properties": { "Id": 0, "CLN": "15572", "PSGC": "174001007", "Barangay": "Balimbing", "Land_Class": null, "PIN": "030-01-008-11-019" }, "geometry": { "type": "Polygon", "coordinates": [ [ [ 121.883005444277003, 13.433758953604247 ], [ 121.883127007569243, 13.43382095056713 ], [ 121.883408142361091, 13.433912463284269 ], [ 121.883657041260861, 13.433951775533368 ], [ 121.883746599008248, 13.433879393272239 ], [ 121.883754720013059, 13.433812528309236 ], [ 121.883592245086021, 13.43389508452144 ], [ 121.883005444277003, 13.433758953604247 ] ] ] } },
{ "type": "Feature", "properties": { "Id": 0, "CLN": "15575", "PSGC": "174001007", "Barangay": "Balimbing", "Land_Class": null, "PIN": null }, "geometry": { "type": "Polygon", "coordinates": [ [ [ 121.883005444277003, 13.433758953604247 ], [ 121.882810415235454, 13.433698464209581 ], [ 121.88281064446808, 13.433722508809588 ], [ 121.883005444277003, 13.433758953604247 ] ] ] } },
{ "type": "Feature", "properties": { "Id": 0, "CLN": "aln 078 sec11", "PSGC": "174001007", "Barangay": "Balimbing", "Land_Class": null, "PIN": null }, "geometry": { "type": "Polygon", "coordinates": [ [ [ 121.88235840401272, 13.43363751949405 ], [ 121.882353036673393, 13.433611823902178 ], [ 121.882252936904464, 13.433602940538043 ], [ 121.882240280300579, 13.433625264597277 ], [ 121.88235840401272, 13.43363751949405 ] ] ] } },
{ "type": "Feature", "properties": { "Id": 0, "CLN": "15648", "PSGC": "174001007", "Barangay": "Balimbing", "Land_Class": null, "PIN": null }, "geometry": { "type": "Polygon", "coordinates": [ [ [ 121.882240280300579, 13.433625264597277 ], [ 121.882252936904464, 13.433602940538043 ], [ 121.882125989582903, 13.433590911675696 ], [ 121.882132513758805, 13.433615688986663 ], [ 121.882240280300579, 13.433625264597277 ] ] ] } },
{ "type": "Feature", "properties": { "Id": 0, "CLN": "aln 074 sec11", "PSGC": "174001007", "Barangay": "Balimbing", "Land_Class": null, "PIN": null }, "geometry": { "type": "Polygon", "coordinates": [ [ [ 121.882132513758805, 13.433615688986663 ], [ 121.882125989582903, 13.433590911675696 ], [ 121.881878013976376, 13.433581808845394 ], [ 121.882132513758805, 13.433615688986663 ] ] ] } },
{ "type": "Feature", "properties": { "Id": 0, "CLN": "15663", "PSGC": "174001007", "Barangay": "Balimbing", "Land_Class": null, "PIN": "not updated" }, "geometry": { "type": "Polygon", "coordinates": [ [ [ 121.88161048603861, 13.43355150956474 ], [ 121.881305647879216, 13.433550155950519 ], [ 121.881316716161905, 13.433568399879356 ], [ 121.881627113792305, 13.433573417119893 ], [ 121.88161048603861, 13.43355150956474 ] ] ] } },
{ "type": "Feature", "properties": { "Id": 0, "CLN": "15753", "PSGC": "174001007", "Barangay": "Balimbing", "Land_Class": null, "PIN": "030-01-008-15-022" }, "geometry": { "type": "Polygon", "coordinates": [ [ [ 121.881105718988522, 13.433372778677519 ], [ 121.880999607806089, 13.433251211010463 ], [ 121.880865718620086, 13.433419018941713 ], [ 121.881026967485255, 13.433519806528945 ], [ 121.881105718988522, 13.433372778677519 ] ] ] } },
{ "type": "Feature", "properties": { "Id": 0, "CLN": "15754", "PSGC": "174001007", "Barangay": "Balimbing", "Land_Class": null, "PIN": "030-01-008-15-021" }, "geometry": { "type": "Polygon", "coordinates": [ [ [ 121.881026967485255, 13.433519806528945 ], [ 121.880865718620086, 13.433419018941713 ], [ 121.880828315468378, 13.433467978650048 ], [ 121.88098950529708, 13.433581502340642 ], [ 121.881026967485255, 13.433519806528945 ] ] ] } },
{ "type": "Feature", "properties": { "Id": 0, "CLN": "15755", "PSGC": "174001007", "Barangay": "Balimbing", "Land_Class": null, "PIN": "030-01-008-15-020" }, "geometry": { "type": "Polygon", "coordinates": [ [ [ 121.88098950529708, 13.433581502340642 ], [ 121.880828315468378, 13.433467978650048 ], [ 121.880799132642679, 13.433505779813764 ], [ 121.880965147271723, 13.433623242110079 ], [ 121.88098950529708, 13.433581502340642 ] ] ] } },
{ "type": "Feature", "properties": { "Id": 0, "CLN": "15756", "PSGC": "174001007", "Barangay": "Balimbing", "Land_Class": null, "PIN": "030-01-008-15-019" }, "geometry": { "type": "Polygon", "coordinates": [ [ [ 121.880965147271723, 13.433623242110079 ], [ 121.880799132642679, 13.433505779813764 ], [ 121.880792356839592, 13.433514383899396 ], [ 121.88092590220657, 13.433668554694346 ], [ 121.880965147271723, 13.433623242110079 ] ] ] } },
{ "type": "Feature", "properties": { "Id": 0, "CLN": "15761", "PSGC": "174001007", "Barangay": "Balimbing", "Land_Class": null, "PIN": "030-01-008-15-017" }, "geometry": { "type": "Polygon", "coordinates": [ [ [ 121.880833471544804, 13.433803594011451 ], [ 121.880869784771107, 13.433744723422668 ], [ 121.880718034867343, 13.433577465942058 ], [ 121.880676962070112, 13.433638337000586 ], [ 121.880833471544804, 13.433803594011451 ] ] ] } },
{ "type": "Feature", "properties": { "Id": 0, "CLN": "15760", "PSGC": "174001007", "Barangay": "Balimbing", "Land_Class": null, "PIN": "030-01-008-15-018" }, "geometry": { "type": "Polygon", "coordinates": [ [ [ 121.880869784771107, 13.433744723422675 ], [ 121.88092590220657, 13.433668554694346 ], [ 121.880792356839592, 13.433514383899396 ], [ 121.880790188509209, 13.43351713729977 ], [ 121.880718034867343, 13.433577465942053 ], [ 121.880869784771107, 13.433744723422675 ] ] ] } },
{ "type": "Feature", "properties": { "Id": 0, "CLN": "15764", "PSGC": "174001007", "Barangay": "Balimbing", "Land_Class": null, "PIN": "030-01-008-15-015" }, "geometry": { "type": "Polygon", "coordinates": [ [ [ 121.880731071209169, 13.433972956886127 ], [ 121.880809814761719, 13.433849986652039 ], [ 121.880791302986609, 13.433833529107686 ], [ 121.880702969989613, 13.433948957781189 ], [ 121.880731071209169, 13.433972956886127 ] ] ] } },
{ "type": "Feature", "properties": { "Id": 0, "CLN": "15763", "PSGC": "174001007", "Barangay": "Balimbing", "Land_Class": null, "PIN": null }, "geometry": { "type": "Polygon", "coordinates": [ [ [ 121.880749709693134, 13.43398436089524 ], [ 121.880828667799818, 13.433867734335562 ], [ 121.880809814761719, 13.433849986652039 ], [ 121.880731071209169, 13.433972956886127 ], [ 121.880749709693134, 13.43398436089524 ] ] ] } },
{ "type": "Feature", "properties": { "Id": 0, "CLN": "15758", "PSGC": "174001007", "Barangay": "Balimbing", "Land_Class": null, "PIN": null }, "geometry": { "type": "Polygon", "coordinates": [ [ [ 121.880860493530434, 13.43382072549835 ], [ 121.880887090426825, 13.433764415386509 ], [ 121.880869784771107, 13.433744723422668 ], [ 121.880833471544804, 13.433803594011451 ], [ 121.880860493530434, 13.43382072549835 ] ] ] } },
{ "type": "Feature", "properties": { "Id": 0, "CLN": "15635", "PSGC": "174001007", "Barangay": "Balimbing", "Land_Class": null, "PIN": "030-01-008-11-064" }, "geometry": { "type": "Polygon", "coordinates": [ [ [ 121.880730171158021, 13.434167030437715 ], [ 121.880749885570509, 13.434191377732073 ], [ 121.880917159485463, 13.433950534816868 ], [ 121.880898656131862, 13.433932257839698 ], [ 121.880842496434667, 13.434017523753058 ], [ 121.880730171158021, 13.434167030437715 ] ] ] } },
{ "type": "Feature", "properties": { "Id": 0, "CLN": "15624", "PSGC": "174001007", "Barangay": "Balimbing", "Land_Class": null, "PIN": null }, "geometry": { "type": "Polygon", "coordinates": [ [ [ 121.880917159485463, 13.433950534816868 ], [ 121.880999687807119, 13.433790787457179 ], [ 121.880980825588367, 13.433772397368505 ], [ 121.880898656131862, 13.433932257839698 ], [ 121.880917159485463, 13.433950534816868 ] ] ] } },
{ "type": "Feature", "properties": { "Id": 0, "CLN": "15629 pt.", "PSGC": "174001007", "Barangay": "Balimbing", "Land_Class": null, "PIN": null }, "geometry": { "type": "Polygon", "coordinates": [ [ [ 121.880999687807119, 13.433790787457179 ], [ 121.881055864262919, 13.433701882619257 ], [ 121.881044779124835, 13.433687277559807 ], [ 121.880980825588367, 13.433772397368505 ], [ 121.880999687807119, 13.433790787457179 ] ] ] } },
{ "type": "Feature", "properties": { "Id": 0, "CLN": "15628", "PSGC": "174001007", "Barangay": "Balimbing", "Land_Class": null, "PIN": null }, "geometry": { "type": "Polygon", "coordinates": [ [ [ 121.881055864262919, 13.433701882619257 ], [ 121.88112670839881, 13.43365671037165 ], [ 121.881110055383644, 13.433640261106188 ], [ 121.881044779124835, 13.433687277559807 ], [ 121.881055864262919, 13.433701882619257 ] ] ] } },
{ "type": "Feature", "properties": { "Id": 0, "CLN": "15631", "PSGC": "174001007", "Barangay": "Balimbing", "Land_Class": null, "PIN": null }, "geometry": { "type": "Polygon", "coordinates": [ [ [ 121.88112670839881, 13.43365671037165 ], [ 121.881234778504009, 13.433600786573647 ], [ 121.881220345206145, 13.433575833749103 ], [ 121.881110055383644, 13.433640261106188 ], [ 121.88112670839881, 13.43365671037165 ] ] ] } },
{ "type": "Feature", "properties": { "Id": 0, "CLN": "15638", "PSGC": "174001007", "Barangay": "Balimbing", "Land_Class": null, "PIN": null }, "geometry": { "type": "Polygon", "coordinates": [ [ [ 121.881316716161905, 13.433568399879356 ], [ 121.881305647879216, 13.433550155950519 ], [ 121.881220345206145, 13.433575833749103 ], [ 121.881234778504009, 13.433600786573647 ], [ 121.881316716161905, 13.433568399879356 ] ] ] } },
{ "type": "Feature", "properties": { "Id": 0, "CLN": "15622", "PSGC": "174001007", "Barangay": "Balimbing", "Land_Class": null, "PIN": "030-01-008-11-114" }, "geometry": { "type": "Polygon", "coordinates": [ [ [ 121.881017878195166, 13.434153652486904 ], [ 121.880846761395844, 13.434308575215805 ], [ 121.880943637313678, 13.43442577266857 ], [ 121.881060110736726, 13.434389663874221 ], [ 121.881116072230256, 13.434347154749696 ], [ 121.881056556614354, 13.434259140274293 ], [ 121.881091896861477, 13.43422676543112 ], [ 121.881017878195166, 13.434153652486904 ] ] ] } },
{ "type": "Feature", "properties": { "Id": 0, "CLN": "15623", "PSGC": "174001007", "Barangay": "Balimbing", "Land_Class": null, "PIN": "030-01-008-11-054" }, "geometry": { "type": "Polygon", "coordinates": [ [ [ 121.881216821425653, 13.434266635522293 ], [ 121.881317439833481, 13.434214317567228 ], [ 121.881391510865299, 13.434168611707326 ], [ 121.881184729886769, 13.433971737661727 ], [ 121.881063277029142, 13.434107658973593 ], [ 121.881216821425653, 13.434266635522293 ] ] ] } },
{ "type": "Feature", "properties": { "Id": 0, "CLN": "15624", "PSGC": "174001007", "Barangay": "Balimbing", "Land_Class": null, "PIN": "030-01-008-11-053" }, "geometry": { "type": "Polygon", "coordinates": [ [ [ 121.881184729886769, 13.433971737661727 ], [ 121.880999687807119, 13.433790787457191 ], [ 121.880917159485463, 13.433950534816864 ], [ 121.881063277029142, 13.434107658973593 ], [ 121.881184729886769, 13.433971737661727 ] ] ] } },
{ "type": "Feature", "properties": { "Id": 0, "CLN": "15630", "PSGC": "174001007", "Barangay": "Balimbing", "Land_Class": null, "PIN": "030-01-008-11-104" }, "geometry": { "type": "Polygon", "coordinates": [ [ [ 121.88116755023897, 13.433807125472383 ], [ 121.881092811176799, 13.4338818516184 ], [ 121.881184729886769, 13.433971737661716 ], [ 121.881205163439191, 13.43399119225797 ], [ 121.881284242216609, 13.433917085388618 ], [ 121.88116755023897, 13.433807125472383 ] ] ] } },
{ "type": "Feature", "properties": { "Id": 0, "CLN": "15627 pt.", "PSGC": "174001007", "Barangay": "Balimbing", "Land_Class": null, "PIN": "030-01-008-11-109" }, "geometry": { "type": "Polygon", "coordinates": [ [ [ 121.881223702410566, 13.433743249638777 ], [ 121.88116755023897, 13.433807125472383 ], [ 121.881284242216609, 13.433917085388618 ], [ 121.881351094069657, 13.43384787929023 ], [ 121.881334072609931, 13.433834120663139 ], [ 121.881241479835168, 13.43375911086839 ], [ 121.881223702410566, 13.433743249638777 ] ] ] } },
{ "type": "Feature", "properties": { "Id": 0, "CLN": "15636", "PSGC": "174001007", "Barangay": "Balimbing", "Land_Class": null, "PIN": "030-01-008-11-065" }, "geometry": { "type": "Polygon", "coordinates": [ [ [ 121.881587636643374, 13.434069959218965 ], [ 121.881647277581152, 13.434035653948921 ], [ 121.881755448923101, 13.433957896650597 ], [ 121.881662948699372, 13.4338628731558 ], [ 121.88151731524222, 13.434002326309631 ], [ 121.881587636643374, 13.434069959218965 ] ] ] } },
{ "type": "Feature", "properties": { "Id": 0, "CLN": "15632", "PSGC": "174001007", "Barangay": "Balimbing", "Land_Class": null, "PIN": "030-01-008-11-060" }, "geometry": { "type": "Polygon", "coordinates": [ [ [ 121.88112670839881, 13.43365671037165 ], [ 121.881241479835168, 13.43375911086839 ], [ 121.881301247236706, 13.433697514078061 ], [ 121.881234778504009, 13.433600786573647 ], [ 121.88112670839881, 13.43365671037165 ] ] ] } },
{ "type": "Feature", "properties": { "Id": 0, "CLN": "15639", "PSGC": "174001007", "Barangay": "Balimbing", "Land_Class": null, "PIN": "030-01-008-11-061" }, "geometry": { "type": "Polygon", "coordinates": [ [ [ 121.881316716161905, 13.433568399879356 ], [ 121.881234778504009, 13.433600786573647 ], [ 121.881301247236706, 13.433697514078061 ], [ 121.88139827433163, 13.433617887958066 ], [ 121.881316716161905, 13.433568399879356 ] ] ] } },
{ "type": "Feature", "properties": { "Id": 0, "CLN": "15633", "PSGC": "174001007", "Barangay": "Balimbing", "Land_Class": null, "PIN": "030-01-008-11-062" }, "geometry": { "type": "Polygon", "coordinates": [ [ [ 121.88139827433163, 13.433617887958066 ], [ 121.881301247236706, 13.433697514078061 ], [ 121.881241479835168, 13.43375911086839 ], [ 121.881334072609931, 13.433834120663139 ], [ 121.881453958615054, 13.433685113890899 ], [ 121.88139827433163, 13.433617887958066 ] ] ] } },
{ "type": "Feature", "properties": { "Id": 0, "CLN": "15634", "PSGC": "174001007", "Barangay": "Balimbing", "Land_Class": null, "PIN": "030-01-008-11-063" }, "geometry": { "type": "Polygon", "coordinates": [ [ [ 121.881453958615054, 13.433685113890899 ], [ 121.881334072609931, 13.433834120663139 ], [ 121.881415554974737, 13.433899983702528 ], [ 121.881542550119946, 13.433771364714996 ], [ 121.881453958615054, 13.433685113890899 ] ] ] } },
{ "type": "Feature", "properties": { "Id": 0, "CLN": "15635", "PSGC": "174001007", "Barangay": "Balimbing", "Land_Class": null, "PIN": "030-01-008-11-064" }, "geometry": { "type": "Polygon", "coordinates": [ [ [ 121.881542550119946, 13.433771364714996 ], [ 121.881415554974737, 13.433899983702528 ], [ 121.88151731524222, 13.434002326309631 ], [ 121.881662948699372, 13.4338628731558 ], [ 121.881542550119946, 13.433771364714996 ] ] ] } },
{ "type": "Feature", "properties": { "Id": 0, "CLN": "15637", "PSGC": "174001007", "Barangay": "Balimbing", "Land_Class": null, "PIN": "030-01-008-11-072" }, "geometry": { "type": "Polygon", "coordinates": [ [ [ 121.881627113792305, 13.433573417119893 ], [ 121.881316716161905, 13.433568399879356 ], [ 121.88139827433163, 13.433617887958066 ], [ 121.881453958615054, 13.433685113890899 ], [ 121.881542550119946, 13.433771364714996 ], [ 121.881662948699372, 13.4338628731558 ], [ 121.881755448923101, 13.433957896650597 ], [ 121.881871021568273, 13.433887450064786 ], [ 121.88182665549563, 13.433834488271689 ], [ 121.881627113792305, 13.433573417119893 ] ] ] } },
{ "type": "Feature", "properties": { "Id": 0, "CLN": "15613", "PSGC": "174001007", "Barangay": "Balimbing", "Land_Class": null, "PIN": "030-01-008-11-145" }, "geometry": { "type": "Polygon", "coordinates": [ [ [ 121.88177133453398, 13.433578240825188 ], [ 121.88187872701134, 13.433797705882597 ], [ 121.881957199372749, 13.43374227436389 ], [ 121.881878013976376, 13.433581808845394 ], [ 121.88177133453398, 13.433578240825188 ] ] ] } },
{ "type": "Feature", "properties": { "Id": 0, "CLN": "15612", "PSGC": "174001007", "Barangay": "Balimbing", "Land_Class": null, "PIN": "030-01-008-11-074" }, "geometry": { "type": "Polygon", "coordinates": [ [ [ 121.881957199372749, 13.43374227436389 ], [ 121.882143556828481, 13.433639391205659 ], [ 121.882132513758805, 13.433615688986663 ], [ 121.881878013976376, 13.433581808845394 ], [ 121.881957199372749, 13.43374227436389 ] ] ] } },
{ "type": "Feature", "properties": { "Id": 0, "CLN": "15608", "PSGC": "174001007", "Barangay": "Balimbing", "Land_Class": null, "PIN": "030-01-008-11-078" }, "geometry": { "type": "Polygon", "coordinates": [ [ [ 121.88235840401272, 13.43363751949405 ], [ 121.882240280300579, 13.433625264597277 ], [ 121.882280743520568, 13.433718237519466 ], [ 121.882364590430427, 13.43367494208063 ], [ 121.88235840401272, 13.43363751949405 ] ] ] } },
{ "type": "Feature", "properties": { "Id": 0, "CLN": "15611", "PSGC": "174001007", "Barangay": "Balimbing", "Land_Class": null, "PIN": "030-01-008-11-075" }, "geometry": { "type": "Polygon", "coordinates": [ [ [ 121.881999647691401, 13.43380796396805 ], [ 121.882075730912476, 13.433835593808952 ], [ 121.882203230006027, 13.433763111449656 ], [ 121.882143556828481, 13.433639391205659 ], [ 121.881957199372749, 13.43374227436389 ], [ 121.881999647691401, 13.43380796396805 ] ] ] } },
{ "type": "Feature", "properties": { "Id": 0, "CLN": "15610", "PSGC": "174001007", "Barangay": "Balimbing", "Land_Class": null, "PIN": "030-01-008-11-077" }, "geometry": { "type": "Polygon", "coordinates": [ [ [ 121.882240280300579, 13.433625264597277 ], [ 121.882132513758805, 13.433615688986663 ], [ 121.882143556828481, 13.433639391205659 ], [ 121.882203230006027, 13.433763111449656 ], [ 121.882280743520568, 13.433718237519466 ], [ 121.882240280300579, 13.433625264597277 ] ] ] } },
{ "type": "Feature", "properties": { "Id": 0, "CLN": "15578", "PSGC": "174001007", "Barangay": "Balimbing", "Land_Class": null, "PIN": "030-01-008-11-079" }, "geometry": { "type": "Polygon", "coordinates": [ [ [ 121.88235840401272, 13.43363751949405 ], [ 121.882364590430427, 13.43367494208063 ], [ 121.882390469992998, 13.433705988029953 ], [ 121.882549426757421, 13.433666361471454 ], [ 121.88235840401272, 13.43363751949405 ] ] ] } },
{ "type": "Feature", "properties": { "Id": 0, "CLN": "15614", "PSGC": "174001007", "Barangay": "Balimbing", "Land_Class": null, "PIN": "030-01-008-11-146" }, "geometry": { "type": "Polygon", "coordinates": [ [ [ 121.881871021568273, 13.433887450064786 ], [ 121.882021171293971, 13.43410498816135 ], [ 121.882098504103183, 13.433991058066642 ], [ 121.882075730912476, 13.433835593808952 ], [ 121.881999647691401, 13.43380796396805 ], [ 121.881957199372749, 13.43374227436389 ], [ 121.88182665549563, 13.433834488271689 ], [ 121.881871021568273, 13.433887450064786 ] ] ] } },
{ "type": "Feature", "properties": { "Id": 0, "CLN": "15606", "PSGC": "174001007", "Barangay": "Balimbing", "Land_Class": null, "PIN": "030-01-008-11-076" }, "geometry": { "type": "Polygon", "coordinates": [ [ [ 121.882364590430427, 13.43367494208063 ], [ 121.882280743520568, 13.433718237519466 ], [ 121.882203230006027, 13.433763111449656 ], [ 121.882075730912476, 13.433835593808952 ], [ 121.882098504103183, 13.433991058066642 ], [ 121.882320309080924, 13.433904707404245 ], [ 121.882472599941167, 13.433843925166203 ], [ 121.882390469992998, 13.433705988029953 ], [ 121.882364590430427, 13.43367494208063 ] ] ] } },
{ "type": "Feature", "properties": { "Id": 0, "CLN": "15615", "PSGC": "174001007", "Barangay": "Balimbing", "Land_Class": null, "PIN": "030-01-008-11-069" }, "geometry": { "type": "Polygon", "coordinates": [ [ [ 121.881943838409256, 13.434218918225538 ], [ 121.881755448923101, 13.433957896650597 ], [ 121.881647277581152, 13.434035653948921 ], [ 121.881719137442659, 13.43417243380336 ], [ 121.881803041138184, 13.434284097668137 ], [ 121.881943838409256, 13.434218918225538 ] ] ] } },
{ "type": "Feature", "properties": { "Id": 0, "CLN": "15616", "PSGC": "174001007", "Barangay": "Balimbing", "Land_Class": null, "PIN": "030-01-008-11-066" }, "geometry": { "type": "Polygon", "coordinates": [ [ [ 121.88159419485784, 13.434259213998747 ], [ 121.881719137442659, 13.43417243380336 ], [ 121.881647277581152, 13.434035653948921 ], [ 121.881587636643374, 13.434069959218965 ], [ 121.881498187854646, 13.434118687934889 ], [ 121.88159419485784, 13.434259213998747 ] ] ] } },
{ "type": "Feature", "properties": { "Id": 0, "CLN": "15617", "PSGC": "174001007", "Barangay": "Balimbing", "Land_Class": null, "PIN": "030-01-008-11-067" }, "geometry": { "type": "Polygon", "coordinates": [ [ [ 121.88159419485784, 13.434259213998747 ], [ 121.881679049313533, 13.434399690517722 ], [ 121.881803041138184, 13.434284097668137 ], [ 121.881719137442659, 13.43417243380336 ], [ 121.88159419485784, 13.434259213998747 ] ] ] } },
{ "type": "Feature", "properties": { "Id": 0, "CLN": "15618", "PSGC": "174001007", "Barangay": "Balimbing", "Land_Class": null, "PIN": "030-01-008-11-057" }, "geometry": { "type": "Polygon", "coordinates": [ [ [ 121.881391510865299, 13.434168611707317 ], [ 121.881627993920361, 13.434586870016515 ], [ 121.881687642122287, 13.434562167577463 ], [ 121.881754744867166, 13.434511014711799 ], [ 121.881679049313533, 13.434399690517722 ], [ 121.88159419485784, 13.434259213998747 ], [ 121.881498187854646, 13.434118687934889 ], [ 121.881391510865299, 13.434168611707317 ] ] ] } },
{ "type": "Feature", "properties": { "Id": 0, "CLN": "15619", "PSGC": "174001007", "Barangay": "Balimbing", "Land_Class": null, "PIN": "030-01-008-11-056" }, "geometry": { "type": "Polygon", "coordinates": [ [ [ 121.881627993920361, 13.434586870016515 ], [ 121.881391510865299, 13.434168611707317 ], [ 121.881317439833481, 13.43421431756723 ], [ 121.881564609986214, 13.434626617082426 ], [ 121.881591467516913, 13.434609394971469 ], [ 121.881627993920361, 13.434586870016515 ] ] ] } },
{ "type": "Feature", "properties": { "Id": 0, "CLN": "15621", "PSGC": "174001007", "Barangay": "Balimbing", "Land_Class": null, "PIN": "030-01-008-11-049" }, "geometry": { "type": "Polygon", "coordinates": [ [ [ 121.881260970052253, 13.434778610133675 ], [ 121.881281264799455, 13.434811450864323 ], [ 121.881402498663135, 13.434722834909536 ], [ 121.881172033704445, 13.434304645611039 ], [ 121.881060110736726, 13.434389663874221 ], [ 121.881273991252939, 13.434765426217156 ], [ 121.881260970052253, 13.434778610133675 ] ] ] } },
{ "type": "Feature", "properties": { "Id": 0, "CLN": "15620", "PSGC": "174001007", "Barangay": "Balimbing", "Land_Class": null, "PIN": "030-01-008-11-055" }, "geometry": { "type": "Polygon", "coordinates": [ [ [ 121.881402498663135, 13.434722834909536 ], [ 121.881564609986214, 13.434626617082426 ], [ 121.881317439833481, 13.43421431756723 ], [ 121.881216821425653, 13.434266635522295 ], [ 121.881172033704445, 13.434304645611039 ], [ 121.881402498663135, 13.434722834909536 ] ] ] } },
{ "type": "Feature", "properties": { "Id": 0, "CLN": "15773", "PSGC": "174001007", "Barangay": "Balimbing", "Land_Class": null, "PIN": "030-01-008-11-041" }, "geometry": { "type": "Polygon", "coordinates": [ [ [ 121.881603009383781, 13.436076911033444 ], [ 121.881597067163213, 13.436045953532952 ], [ 121.88164742310191, 13.436009787595175 ], [ 121.881499223492469, 13.435443777469494 ], [ 121.881408367552226, 13.435178763580813 ], [ 121.88133852045533, 13.435280624878819 ], [ 121.881395274030737, 13.43546828309476 ], [ 121.88151004143657, 13.435972787979125 ], [ 121.88130894071908, 13.436025468308989 ], [ 121.881323342562723, 13.436075668980694 ], [ 121.881366035388055, 13.436130674368265 ], [ 121.881603009383781, 13.436076911033444 ] ] ] } },
{ "type": "Feature", "properties": { "Id": 0, "CLN": "15774", "PSGC": "174001007", "Barangay": "Balimbing", "Land_Class": null, "PIN": "030-01-008-11-042" }, "geometry": { "type": "Polygon", "coordinates": [ [ [ 121.88130894071908, 13.436025468308989 ], [ 121.88151004143657, 13.435972787979125 ], [ 121.881395274030737, 13.43546828309476 ], [ 121.881158887917991, 13.435536373258108 ], [ 121.88130894071908, 13.436025468308989 ] ] ] } },
{ "type": "Feature", "properties": { "Id": 0, "CLN": "15781", "PSGC": "174001007", "Barangay": "Balimbing", "Land_Class": null, "PIN": "030-01-008-11-043" }, "geometry": { "type": "Polygon", "coordinates": [ [ [ 121.881395274030737, 13.43546828309476 ], [ 121.88133852045533, 13.435280624878819 ], [ 121.881280413582033, 13.435217010801434 ], [ 121.880997489565814, 13.435418457210229 ], [ 121.881058395453522, 13.43556139950557 ], [ 121.881158887917991, 13.435536373258108 ], [ 121.881395274030737, 13.43546828309476 ] ] ] } },
{ "type": "Feature", "properties": { "Id": 0, "CLN": "15782", "PSGC": "174001007", "Barangay": "Balimbing", "Land_Class": null, "PIN": "030-01-008-11-046" }, "geometry": { "type": "Polygon", "coordinates": [ [ [ 121.881232567372365, 13.43508310040267 ], [ 121.881085841277439, 13.434853744851321 ], [ 121.880910161639775, 13.434902898902559 ], [ 121.881077897482925, 13.435181608537844 ], [ 121.881232567372365, 13.43508310040267 ] ] ] } },
{ "type": "Feature", "properties": { "Id": 0, "CLN": "15592", "PSGC": "174001007", "Barangay": "Balimbing", "Land_Class": null, "PIN": "030-01-008-05-043" }, "geometry": { "type": "Polygon", "coordinates": [ [ [ 121.881991374830548, 13.435994939358455 ], [ 121.881911539662909, 13.43597457070055 ], [ 121.88175717593009, 13.435992080148104 ], [ 121.881753635415222, 13.435953855403966 ], [ 121.88164742310191, 13.436009787595175 ], [ 121.881597067163213, 13.436045953532952 ], [ 121.881603009383781, 13.436076911033444 ], [ 121.881681239556428, 13.436122476577719 ], [ 121.882137037763698, 13.436187772417421 ], [ 121.882059753828941, 13.436080758330926 ], [ 121.882059838121577, 13.436062563930021 ], [ 121.881991374830548, 13.435994939358455 ] ] ] } },
{ "type": "Feature", "properties": { "Id": 0, "CLN": "15590", "PSGC": "174001007", "Barangay": "Balimbing", "Land_Class": null, "PIN": "030-01-008-05-042" }, "geometry": { "type": "Polygon", "coordinates": [ [ [ 121.882301716668735, 13.436012692093607 ], [ 121.882205346210469, 13.435950402160415 ], [ 121.88221126812391, 13.435875829860938 ], [ 121.881753635415222, 13.435953855403966 ], [ 121.88175717593009, 13.435992080148104 ], [ 121.881911539662909, 13.43597457070055 ], [ 121.881991374830548, 13.435994939358455 ], [ 121.882059838121577, 13.436062563930021 ], [ 121.882059753828941, 13.436080758330926 ], [ 121.882137037763698, 13.436187772417421 ], [ 121.882261172633093, 13.436149323583042 ], [ 121.882282800106154, 13.43608356777189 ], [ 121.882301716668735, 13.436012692093607 ] ] ] } },
{ "type": "Feature", "properties": { "Id": 0, "CLN": "15591", "PSGC": "174001007", "Barangay": "Balimbing", "Land_Class": null, "PIN": "030-01-008-11-039" }, "geometry": { "type": "Polygon", "coordinates": [ [ [ 121.881753635415222, 13.435953855403966 ], [ 121.88221126812391, 13.435875829860938 ], [ 121.882082659889647, 13.435761743861974 ], [ 121.881722901010491, 13.435845055711367 ], [ 121.881753635415222, 13.435953855403966 ] ] ] } },
{ "type": "Feature", "properties": { "Id": 0, "CLN": "15588", "PSGC": "174001007", "Barangay": "Balimbing", "Land_Class": null, "PIN": "030-01-008-11-003" }, "geometry": { "type": "Polygon", "coordinates": [ [ [ 121.883049850973833, 13.435821326926979 ], [ 121.882967207766555, 13.435604442517695 ], [ 121.882673679649713, 13.435568570448527 ], [ 121.882290019822008, 13.435728801669635 ], [ 121.882082659889647, 13.435761743861974 ], [ 121.88221126812391, 13.435875829860938 ], [ 121.882205346210469, 13.435950402160415 ], [ 121.882301716668735, 13.436012692093607 ], [ 121.882591940486606, 13.435959395558204 ], [ 121.883049850973833, 13.435821326926979 ] ] ] } },
{ "type": "Feature", "properties": { "Id": 0, "CLN": "15500", "PSGC": "174001007", "Barangay": "Balimbing", "Land_Class": null, "PIN": "030-01-008-05-027" }, "geometry": { "type": "Polygon", "coordinates": [ [ [ 121.883202290159673, 13.435215510180623 ], [ 121.883065884507076, 13.435179627658274 ], [ 121.882967207766555, 13.435604442517695 ], [ 121.883049850973833, 13.435821326926979 ], [ 121.883141577735984, 13.43608373855051 ], [ 121.883210621721744, 13.436360721887775 ], [ 121.883198645644839, 13.43643744962308 ], [ 121.883740557757363, 13.436285226919608 ], [ 121.883641903610439, 13.436086074914986 ], [ 121.883202290159673, 13.435215510180623 ] ] ] } },
{ "type": "Feature", "properties": { "Id": 0, "CLN": "15502", "PSGC": "174001007", "Barangay": "Balimbing", "Land_Class": null, "PIN": "030-01-008-05-026" }, "geometry": { "type": "Polygon", "coordinates": [ [ [ 121.884229314026754, 13.435545142142182 ], [ 121.883667091742126, 13.435462593794783 ], [ 121.883560364253739, 13.435496084326724 ], [ 121.883693222352193, 13.435353540900486 ], [ 121.883202290159673, 13.435215510180623 ], [ 121.883641903610439, 13.436086074914986 ], [ 121.883740557757363, 13.436285226919608 ], [ 121.883758078545299, 13.436086471683527 ], [ 121.883813550365659, 13.435948437167699 ], [ 121.884254961031317, 13.43589459568256 ], [ 121.884229314026754, 13.435545142142182 ] ] ] } },
{ "type": "Feature", "properties": { "Id": 0, "CLN": "15501", "PSGC": "174001007", "Barangay": "Balimbing", "Land_Class": null, "PIN": "030-01-008-05-025" }, "geometry": { "type": "Polygon", "coordinates": [ [ [ 121.884254961031317, 13.43589459568256 ], [ 121.883813550365659, 13.435948437167699 ], [ 121.883758078545299, 13.436086471683527 ], [ 121.883740557757363, 13.436285226919608 ], [ 121.88401895902804, 13.436393710154483 ], [ 121.884277604613843, 13.436466355757865 ], [ 121.884815777516465, 13.436059770875085 ], [ 121.884254961031317, 13.43589459568256 ] ] ] } },
{ "type": "Feature", "properties": { "Id": 0, "CLN": "15503", "PSGC": "174001007", "Barangay": "Balimbing", "Land_Class": null, "PIN": "030-01-008-05-046" }, "geometry": { "type": "Polygon", "coordinates": [ [ [ 121.884754360784058, 13.435584679685057 ], [ 121.884229314026754, 13.435545142142182 ], [ 121.884254961031317, 13.43589459568256 ], [ 121.884815777516465, 13.436059770875085 ], [ 121.884885705286905, 13.435840932541872 ], [ 121.884754360784058, 13.435584679685057 ] ] ] } },
{ "type": "Feature", "properties": { "Id": 0, "CLN": "15586", "PSGC": "174001007", "Barangay": "Balimbing", "Land_Class": null, "PIN": "030-01-008-11-003" }, "geometry": { "type": "Polygon", "coordinates": [ [ [ 121.883693222352193, 13.435353540900486 ], [ 121.883787209775278, 13.435213251102526 ], [ 121.883090553936654, 13.435070568362303 ], [ 121.883065884507076, 13.435179627658274 ], [ 121.883202290159673, 13.435215510180623 ], [ 121.883693222352193, 13.435353540900486 ] ] ] } },
{ "type": "Feature", "properties": { "Id": 0, "CLN": "15504", "PSGC": "174001007", "Barangay": "Balimbing", "Land_Class": null, "PIN": "030-01-008-11-002" }, "geometry": { "type": "Polygon", "coordinates": [ [ [ 121.884754360784058, 13.435584679685057 ], [ 121.88472183875102, 13.435156742054708 ], [ 121.884713214553315, 13.434877717067771 ], [ 121.884004399025272, 13.434885797615053 ], [ 121.883852590099934, 13.435009759232662 ], [ 121.883787209775278, 13.435213251102526 ], [ 121.883693222352193, 13.435353540900486 ], [ 121.883560364253739, 13.435496084326724 ], [ 121.883667091742126, 13.435462593794783 ], [ 121.884229314026754, 13.435545142142182 ], [ 121.884754360784058, 13.435584679685057 ] ] ] } },
{ "type": "Feature", "properties": { "Id": 0, "CLN": "15587", "PSGC": "174001007", "Barangay": "Balimbing", "Land_Class": null, "PIN": "030-01-008-11-029" }, "geometry": { "type": "Polygon", "coordinates": [ [ [ 121.882446513880907, 13.43526239572609 ], [ 121.882673679649713, 13.435568570448527 ], [ 121.882967207766555, 13.435604442517695 ], [ 121.883065884507076, 13.435179627658274 ], [ 121.882605304508573, 13.435147361222786 ], [ 121.882446513880907, 13.43526239572609 ] ] ] } },
{ "type": "Feature", "properties": { "Id": 0, "CLN": "15585", "PSGC": "174001007", "Barangay": "Balimbing", "Land_Class": null, "PIN": "030-01-008-11-004" }, "geometry": { "type": "Polygon", "coordinates": [ [ [ 121.883090553936654, 13.435070568362303 ], [ 121.883787209775278, 13.435213251102526 ], [ 121.883852590099934, 13.435009759232662 ], [ 121.883706298588564, 13.435023666746524 ], [ 121.883429461007665, 13.434873545677874 ], [ 121.883185122685234, 13.434830412239757 ], [ 121.883142250575759, 13.434800402915146 ], [ 121.883020880249688, 13.434862838876702 ], [ 121.883090553936654, 13.435070568362303 ] ] ] } },
{ "type": "Feature", "properties": { "Id": 0, "CLN": "15556", "PSGC": "174001007", "Barangay": "Balimbing", "Land_Class": null, "PIN": "030-01-008-11-012" }, "geometry": { "type": "Polygon", "coordinates": [ [ [ 121.884329414175895, 13.434264672405201 ], [ 121.884358263054551, 13.434457664958419 ], [ 121.884531642493982, 13.434481479565511 ], [ 121.884745733768099, 13.434372985268453 ], [ 121.884825591095378, 13.434351479205157 ], [ 121.884769230738868, 13.43430443318811 ], [ 121.884671810269026, 13.434183705673375 ], [ 121.884589867150652, 13.434217306437946 ], [ 121.884459455531513, 13.434012947254944 ], [ 121.88439782157181, 13.433942321100075 ], [ 121.884333260711045, 13.43396872085227 ], [ 121.884465971153872, 13.434211905826576 ], [ 121.884329414175895, 13.434264672405201 ] ] ] } },
{ "type": "Feature", "properties": { "Id": 0, "CLN": "15555", "PSGC": "174001007", "Barangay": "Balimbing", "Land_Class": null, "PIN": "030-01-008-12-006" }, "geometry": { "type": "Polygon", "coordinates": [ [ [ 121.885004040053246, 13.433878773968127 ], [ 121.884958860373317, 13.43381767929144 ], [ 121.884811716220881, 13.434074659251818 ], [ 121.884746983808881, 13.434102477892809 ], [ 121.884651286556874, 13.434149092410824 ], [ 121.884671810269026, 13.434183705673375 ], [ 121.884769230738868, 13.43430443318811 ], [ 121.88504930631278, 13.433921132194248 ], [ 121.885004040053246, 13.433878773968127 ] ] ] } },
{ "type": "Feature", "properties": { "Id": 0, "CLN": "15554", "PSGC": "174001007", "Barangay": "Balimbing", "Land_Class": null, "PIN": "030-01-008-12-007" }, "geometry": { "type": "Polygon", "coordinates": [ [ [ 121.884958860373317, 13.43381767929144 ], [ 121.884849749186287, 13.433611091185274 ], [ 121.884749105027339, 13.433643435060143 ], [ 121.884728800644709, 13.433650244089069 ], [ 121.884658251763724, 13.433899806878063 ], [ 121.884747395071727, 13.434013479793917 ], [ 121.884811716220881, 13.434074659251818 ], [ 121.884958860373317, 13.43381767929144 ] ] ] } },
{ "type": "Feature", "properties": { "Id": 0, "CLN": "15557", "PSGC": "174001007", "Barangay": "Balimbing", "Land_Class": null, "PIN": "030-01-008-11-013" }, "geometry": { "type": "Polygon", "coordinates": [ [ [ 121.884747395071727, 13.434013479793917 ], [ 121.884658251763724, 13.433899806878063 ], [ 121.884459455531513, 13.434012947254944 ], [ 121.884589867150652, 13.434217306437946 ], [ 121.884671810269026, 13.434183705673375 ], [ 121.884651286556874, 13.434149092410824 ], [ 121.884746983808881, 13.434102477892809 ], [ 121.884811716220881, 13.434074659251818 ], [ 121.884747395071727, 13.434013479793917 ] ] ] } },
{ "type": "Feature", "properties": { "Id": 0, "CLN": "15558", "PSGC": "174001007", "Barangay": "Balimbing", "Land_Class": null, "PIN": "030-01-008-11-014" }, "geometry": { "type": "Polygon", "coordinates": [ [ [ 121.884492000518861, 13.433473312560775 ], [ 121.884292866755757, 13.433592516265522 ], [ 121.88439782157181, 13.433942321100075 ], [ 121.884459455531513, 13.434012947254944 ], [ 121.884658251763724, 13.433899806878063 ], [ 121.884728800644709, 13.433650244089069 ], [ 121.884492000518861, 13.433473312560775 ] ] ] } },
{ "type": "Feature", "properties": { "Id": 0, "CLN": "15561", "PSGC": "174001007", "Barangay": "Balimbing", "Land_Class": null, "PIN": "030-01-008-11-010" }, "geometry": { "type": "Polygon", "coordinates": [ [ [ 121.883977295928631, 13.433768214290486 ], [ 121.884033838381185, 13.433867929642579 ], [ 121.884150478538416, 13.433834482759481 ], [ 121.884244746101146, 13.433815492554906 ], [ 121.884188562465567, 13.433638147728908 ], [ 121.884067340046812, 13.43366566673958 ], [ 121.883977295928631, 13.433768214290486 ] ] ] } },
{ "type": "Feature", "properties": { "Id": 0, "CLN": "15562", "PSGC": "174001007", "Barangay": "Balimbing", "Land_Class": null, "PIN": "030-01-008-11-011" }, "geometry": { "type": "Polygon", "coordinates": [ [ [ 121.884150478538416, 13.433834482759481 ], [ 121.884275686335826, 13.434092190413557 ], [ 121.884319747424485, 13.434211258204099 ], [ 121.884329414175895, 13.434264672405201 ], [ 121.884465971153872, 13.434211905826576 ], [ 121.884333260711045, 13.43396872085227 ], [ 121.88439782157181, 13.433942321100075 ], [ 121.884292866755757, 13.433592516265522 ], [ 121.884188562465567, 13.433638147728908 ], [ 121.884244746101146, 13.433815492554906 ], [ 121.884150478538416, 13.433834482759481 ] ] ] } },
{ "type": "Feature", "properties": { "Id": 0, "CLN": "15563", "PSGC": "174001007", "Barangay": "Balimbing", "Land_Class": null, "PIN": "030-01-008-11-126" }, "geometry": { "type": "Polygon", "coordinates": [ [ [ 121.884077024388247, 13.43417621939458 ], [ 121.884138355454411, 13.434312345523065 ], [ 121.884319747424485, 13.434211258204099 ], [ 121.884275686335826, 13.434092190413557 ], [ 121.884150478538416, 13.433834482759481 ], [ 121.884033838381185, 13.433867929642579 ], [ 121.884077024388247, 13.43417621939458 ] ] ] } },
{ "type": "Feature", "properties": { "Id": 0, "CLN": "15564", "PSGC": "174001007", "Barangay": "Balimbing", "Land_Class": null, "PIN": "030-01-008-11-008" }, "geometry": { "type": "Polygon", "coordinates": [ [ [ 121.884010845092035, 13.434184113851417 ], [ 121.884077024388247, 13.43417621939458 ], [ 121.884033838381185, 13.433867929642579 ], [ 121.883977295928631, 13.433768214290486 ], [ 121.883964132328373, 13.433834566947811 ], [ 121.884010845092035, 13.434184113851417 ] ] ] } },
{ "type": "Feature", "properties": { "Id": 0, "CLN": "15568", "PSGC": "174001007", "Barangay": "Balimbing", "Land_Class": null, "PIN": "030-01-008-11-007" }, "geometry": { "type": "Polygon", "coordinates": [ [ [ 121.884005864882852, 13.434568810474945 ], [ 121.884006076487111, 13.434465847767852 ], [ 121.883962559528243, 13.434275177105308 ], [ 121.884010845092035, 13.434184113851417 ], [ 121.883964132328373, 13.433834566947811 ], [ 121.883846953899962, 13.433850423062447 ], [ 121.883937814347661, 13.434300236921949 ], [ 121.883900529430477, 13.434323724940606 ], [ 121.883906879607665, 13.434536025599721 ], [ 121.884005864882852, 13.434568810474945 ] ] ] } },
{ "type": "Feature", "properties": { "Id": 0, "CLN": "15569", "PSGC": "174001007", "Barangay": "Balimbing", "Land_Class": null, "PIN": "030-01-008-11-006" }, "geometry": { "type": "Polygon", "coordinates": [ [ [ 121.883906879607665, 13.434536025599721 ], [ 121.883900529430477, 13.434323724940606 ], [ 121.883937814347661, 13.434300236921949 ], [ 121.883846953899962, 13.433850423062447 ], [ 121.883746599008248, 13.433879393272239 ], [ 121.8838309360642, 13.434522750566268 ], [ 121.883906879607665, 13.434536025599721 ] ] ] } },
{ "type": "Feature", "properties": { "Id": 0, "CLN": "15570", "PSGC": "174001007", "Barangay": "Balimbing", "Land_Class": null, "PIN": "030-01-008-11-005" }, "geometry": { "type": "Polygon", "coordinates": [ [ [ 121.883706298588564, 13.435023666746524 ], [ 121.883852590099934, 13.435009759232662 ], [ 121.884004399025272, 13.434885797615053 ], [ 121.884005864882852, 13.434568810474945 ], [ 121.883906879607665, 13.434536025599721 ], [ 121.8838309360642, 13.434522750566268 ], [ 121.883746599008248, 13.433879393272239 ], [ 121.883657041260861, 13.433951775533368 ], [ 121.883408142361091, 13.433912463284269 ], [ 121.883429461007665, 13.434873545677874 ], [ 121.883706298588564, 13.435023666746524 ] ] ] } },
{ "type": "Feature", "properties": { "Id": 0, "CLN": "15573", "PSGC": "174001007", "Barangay": "Balimbing", "Land_Class": null, "PIN": "030-01-008-11-021" }, "geometry": { "type": "Polygon", "coordinates": [ [ [ 121.883185122685234, 13.434830412239757 ], [ 121.883429461007665, 13.434873545677874 ], [ 121.883408142361091, 13.433912463284269 ], [ 121.883127007569243, 13.43382095056713 ], [ 121.883185122685234, 13.434830412239757 ] ] ] } },
{ "type": "Feature", "properties": { "Id": 0, "CLN": "15574", "PSGC": "174001007", "Barangay": "Balimbing", "Land_Class": null, "PIN": "030-01-008-11-022" }, "geometry": { "type": "Polygon", "coordinates": [ [ [ 121.883020880249688, 13.434862838876702 ], [ 121.883142250575759, 13.434800402915146 ], [ 121.883185122685234, 13.434830412239757 ], [ 121.883127007569243, 13.43382095056713 ], [ 121.883005444277003, 13.433758953604247 ], [ 121.88281064446808, 13.433722508809588 ], [ 121.882836003354612, 13.433864944909965 ], [ 121.882878661194809, 13.434020396240777 ], [ 121.882907997340624, 13.434107861299182 ], [ 121.88295327207139, 13.434321547530594 ], [ 121.882978121050485, 13.434664528292737 ], [ 121.883004648084395, 13.434755417678444 ], [ 121.882996867690323, 13.43482998178118 ], [ 121.883020880249688, 13.434862838876702 ] ] ] } },
{ "type": "Feature", "properties": { "Id": 0, "CLN": "15583", "PSGC": "174001007", "Barangay": "Balimbing", "Land_Class": null, "PIN": "030-01-008-11-101" }, "geometry": { "type": "Polygon", "coordinates": [ [ [ 121.882957738701876, 13.434383198720246 ], [ 121.88295327207139, 13.434321547530594 ], [ 121.882943979560196, 13.434277689057938 ], [ 121.882748223130932, 13.434321720512692 ], [ 121.882777827477469, 13.434434531014345 ], [ 121.882957738701876, 13.434383198720246 ] ] ] } },
{ "type": "Feature", "properties": { "Id": 0, "CLN": "15580", "PSGC": "174001007", "Barangay": "Balimbing", "Land_Class": null, "PIN": "030-01-008-11-023" }, "geometry": { "type": "Polygon", "coordinates": [ [ [ 121.882320309080924, 13.433904707404245 ], [ 121.882382585015534, 13.434014961057699 ], [ 121.882836003354612, 13.433864944909965 ], [ 121.88281064446808, 13.433722508809588 ], [ 121.882472599941167, 13.433843925166203 ], [ 121.882320309080924, 13.433904707404245 ] ] ] } },
{ "type": "Feature", "properties": { "Id": 0, "CLN": "15579", "PSGC": "174001007", "Barangay": "Balimbing", "Land_Class": null, "PIN": "030-01-008-11-080" }, "geometry": { "type": "Polygon", "coordinates": [ [ [ 121.882549426757421, 13.433666361471454 ], [ 121.882390469992998, 13.433705988029953 ], [ 121.882472599941167, 13.433843925166203 ], [ 121.88281064446808, 13.433722508809588 ], [ 121.882549426757421, 13.433666361471454 ] ] ] } },
{ "type": "Feature", "properties": { "Id": 0, "CLN": "15581", "PSGC": "174001007", "Barangay": "Balimbing", "Land_Class": null, "PIN": "030-01-008-11-024" }, "geometry": { "type": "Polygon", "coordinates": [ [ [ 121.882878661194809, 13.434020396240777 ], [ 121.882836003354612, 13.433864944909965 ], [ 121.882382585015534, 13.434014961057699 ], [ 121.882449912575964, 13.434127056589512 ], [ 121.882680695418372, 13.43406439865754 ], [ 121.882878661194809, 13.434020396240777 ] ] ] } },
{ "type": "Feature", "properties": { "Id": 0, "CLN": "15604", "PSGC": "174001007", "Barangay": "Balimbing", "Land_Class": null, "PIN": "030-01-008-11-068" }, "geometry": { "type": "Polygon", "coordinates": [ [ [ 121.881754744867166, 13.434511014711799 ], [ 121.881927854282949, 13.434470440604906 ], [ 121.882021054400184, 13.434414450480213 ], [ 121.881943838409256, 13.434218918225538 ], [ 121.881803041138184, 13.434284097668137 ], [ 121.881679049313533, 13.434399690517722 ], [ 121.881754744867166, 13.434511014711799 ] ] ] } },
{ "type": "Feature", "properties": { "Id": 0, "CLN": "15605", "PSGC": "174001007", "Barangay": "Balimbing", "Land_Class": null, "PIN": "030-01-008-11-070" }, "geometry": { "type": "Polygon", "coordinates": [ [ [ 121.882021054400184, 13.434414450480213 ], [ 121.882123497789379, 13.434369418206353 ], [ 121.882449912575964, 13.434127056589512 ], [ 121.882382585015534, 13.434014961057699 ], [ 121.882320309080924, 13.433904707404245 ], [ 121.882098504103183, 13.433991058066642 ], [ 121.881943838409256, 13.434218918225538 ], [ 121.882021054400184, 13.434414450480213 ] ] ] } },
{ "type": "Feature", "properties": { "Id": 0, "CLN": "15582", "PSGC": "174001007", "Barangay": "Balimbing", "Land_Class": null, "PIN": "030-01-008-11-026" }, "geometry": { "type": "Polygon", "coordinates": [ [ [ 121.882226957226635, 13.434506338179288 ], [ 121.882493436360988, 13.434361962348262 ], [ 121.882731213770313, 13.434796052936587 ], [ 121.882854221705387, 13.434725638893282 ], [ 121.882680695418372, 13.43406439865754 ], [ 121.882449912575964, 13.434127056589512 ], [ 121.882123497789379, 13.434369418206353 ], [ 121.882226957226635, 13.434506338179288 ] ] ] } },
{ "type": "Feature", "properties": { "Id": 0, "CLN": "15972", "PSGC": "174001007", "Barangay": "Balimbing", "Land_Class": null, "PIN": "030-01-008-11-027" }, "geometry": { "type": "Polygon", "coordinates": [ [ [ 121.882731213770313, 13.434796052936587 ], [ 121.882493436360988, 13.434361962348262 ], [ 121.882226957226635, 13.434506338179288 ], [ 121.882537251976473, 13.434935292294972 ], [ 121.882660293730495, 13.434857600594611 ], [ 121.882731213770313, 13.434796052936587 ] ] ] } },
{ "type": "Feature", "properties": { "Id": 0, "CLN": "15584", "PSGC": "174001007", "Barangay": "Balimbing", "Land_Class": null, "PIN": "030-01-008-11-028" }, "geometry": { "type": "Polygon", "coordinates": [ [ [ 121.882605304508573, 13.435147361222786 ], [ 121.883065884507076, 13.435179627658274 ], [ 121.883090553936654, 13.435070568362303 ], [ 121.883020880249688, 13.434862838876702 ], [ 121.882996867690323, 13.43482998178118 ], [ 121.883004648084395, 13.434755417678444 ], [ 121.882978121050485, 13.434664528292737 ], [ 121.882854221705387, 13.434725638893282 ], [ 121.882731213770313, 13.434796052936587 ], [ 121.882660293730495, 13.434857600594611 ], [ 121.882537251976473, 13.434935292294972 ], [ 121.88250523987179, 13.43502430468615 ], [ 121.882605304508573, 13.435147361222786 ] ] ] } },
{ "type": "Feature", "properties": { "Id": 0, "CLN": "15601", "PSGC": "174001007", "Barangay": "Balimbing", "Land_Class": null, "PIN": "030-01-008-11-030" }, "geometry": { "type": "Polygon", "coordinates": [ [ [ 121.882446513880907, 13.43526239572609 ], [ 121.882605304508573, 13.435147361222786 ], [ 121.88250523987179, 13.43502430468615 ], [ 121.882537251976473, 13.434935292294972 ], [ 121.882226957226635, 13.434506338179288 ], [ 121.882123497789379, 13.434369418206353 ], [ 121.882021054400184, 13.434414450480213 ], [ 121.881927854282949, 13.434470440604906 ], [ 121.882446513880907, 13.43526239572609 ] ] ] } },
{ "type": "Feature", "properties": { "Id": 0, "CLN": "15602", "PSGC": "174001007", "Barangay": "Balimbing", "Land_Class": null, "PIN": "030-01-008-11-121" }, "geometry": { "type": "Polygon", "coordinates": [ [ [ 121.88196044572905, 13.434676065467396 ], [ 121.881841299581211, 13.434490727673852 ], [ 121.881754744867166, 13.434511014711799 ], [ 121.881879150441364, 13.434708020801137 ], [ 121.88196044572905, 13.434676065467396 ] ] ] } },
{ "type": "Feature", "properties": { "Id": 0, "CLN": "15603", "PSGC": "174001007", "Barangay": "Balimbing", "Land_Class": null, "PIN": "030-01-008-11-032" }, "geometry": { "type": "Polygon", "coordinates": [ [ [ 121.882277010687119, 13.435338061642494 ], [ 121.881754744867166, 13.434511014711799 ], [ 121.881687642122287, 13.434562167577463 ], [ 121.882187738511206, 13.435348582326938 ], [ 121.882277010687119, 13.435338061642494 ] ] ] } },
{ "type": "Feature", "properties": { "Id": 0, "CLN": "15599", "PSGC": "174001007", "Barangay": "Balimbing", "Land_Class": null, "PIN": "030-01-008-11-035" }, "geometry": { "type": "Polygon", "coordinates": [ [ [ 121.882187738511206, 13.435348582326938 ], [ 121.881687642122287, 13.434562167577463 ], [ 121.881627993920361, 13.434586870016515 ], [ 121.881591467516913, 13.434609394971469 ], [ 121.881636642262436, 13.434670503297147 ], [ 121.881862303214291, 13.435178532890829 ], [ 121.881995870773949, 13.435436885128652 ], [ 121.882098356759386, 13.435382755701857 ], [ 121.882187738511206, 13.435348582326938 ] ] ] } },
{ "type": "Feature", "properties": { "Id": 0, "CLN": "15771", "PSGC": "174001007", "Barangay": "Balimbing", "Land_Class": null, "PIN": "030-01-008-11-047" }, "geometry": { "type": "Polygon", "coordinates": [ [ [ 121.881382811151454, 13.434988885340397 ], [ 121.881281264799455, 13.434811450864323 ], [ 121.881260970052253, 13.434778610133675 ], [ 121.881085841277439, 13.434853744851321 ], [ 121.881232567372365, 13.43508310040267 ], [ 121.881382811151454, 13.434988885340397 ] ] ] } },
{ "type": "Feature", "properties": { "Id": 0, "CLN": "15598", "PSGC": "174001007", "Barangay": "Balimbing", "Land_Class": null, "PIN": "030-01-008-11-048" }, "geometry": { "type": "Polygon", "coordinates": [ [ [ 121.881281264799455, 13.434811450864323 ], [ 121.881382811151454, 13.434988885340397 ], [ 121.881479614442014, 13.434928778310949 ], [ 121.88156886055873, 13.434857002013523 ], [ 121.881507272281212, 13.43477667152537 ], [ 121.881636642262436, 13.434670503297147 ], [ 121.881591467516913, 13.434609394971469 ], [ 121.881564609986214, 13.434626617082426 ], [ 121.881402498663135, 13.434722834909536 ], [ 121.881281264799455, 13.434811450864323 ] ] ] } },
{ "type": "Feature", "properties": { "Id": 0, "CLN": "15597", "PSGC": "174001007", "Barangay": "Balimbing", "Land_Class": null, "PIN": "030-01-008-11-037" }, "geometry": { "type": "Polygon", "coordinates": [ [ [ 121.881457213372542, 13.435097036640315 ], [ 121.881520804543072, 13.435065422024897 ], [ 121.881683831498407, 13.435718731807777 ], [ 121.881888815722718, 13.435674761451665 ], [ 121.881572022207479, 13.435043815730845 ], [ 121.881536696939321, 13.435045478346044 ], [ 121.881479614442014, 13.434928778310949 ], [ 121.881382811151454, 13.434988885340397 ], [ 121.881457213372542, 13.435097036640315 ] ] ] } },
{ "type": "Feature", "properties": { "Id": 0, "CLN": "15596", "PSGC": "174001007", "Barangay": "Balimbing", "Land_Class": null, "PIN": "030-01-008-11-036" }, "geometry": { "type": "Polygon", "coordinates": [ [ [ 121.881888815722718, 13.435674761451665 ], [ 121.881926960854514, 13.435663323194179 ], [ 121.88156886055873, 13.434857002013523 ], [ 121.881479614442014, 13.434928778310949 ], [ 121.881536696939321, 13.435045478346044 ], [ 121.881572022207479, 13.435043815730845 ], [ 121.881888815722718, 13.435674761451665 ] ] ] } },
{ "type": "Feature", "properties": { "Id": 0, "CLN": "15600", "PSGC": "174001007", "Barangay": "Balimbing", "Land_Class": null, "PIN": "030-01-008-11-034" }, "geometry": { "type": "Polygon", "coordinates": [ [ [ 121.882082659889647, 13.435761743861974 ], [ 121.882290019822008, 13.435728801669635 ], [ 121.882673679649713, 13.435568570448527 ], [ 121.882446513880907, 13.43526239572609 ], [ 121.882277010687119, 13.435338061642494 ], [ 121.882187738511206, 13.435348582326938 ], [ 121.882098356759386, 13.435382755701857 ], [ 121.881995870773949, 13.435436885128652 ], [ 121.882021251049281, 13.435642598751143 ], [ 121.882082659889647, 13.435761743861974 ] ] ] } },
{ "type": "Feature", "properties": { "Id": 0, "CLN": "15595", "PSGC": "174001007", "Barangay": "Balimbing", "Land_Class": null, "PIN": "030-01-008-11-035" }, "geometry": { "type": "Polygon", "coordinates": [ [ [ 121.882021251049281, 13.435642598751143 ], [ 121.881995870773949, 13.435436885128652 ], [ 121.881862303214291, 13.435178532890829 ], [ 121.881636642262436, 13.434670503297147 ], [ 121.881507272281212, 13.43477667152537 ], [ 121.88156886055873, 13.434857002013523 ], [ 121.881926960854514, 13.435663323194179 ], [ 121.882021251049281, 13.435642598751143 ] ] ] } },
{ "type": "Feature", "properties": { "Id": 0, "CLN": "15594", "PSGC": "174001007", "Barangay": "Balimbing", "Land_Class": null, "PIN": "030-01-008-11-038" }, "geometry": { "type": "Polygon", "coordinates": [ [ [ 121.881722901010491, 13.435845055711367 ], [ 121.882082659889647, 13.435761743861974 ], [ 121.882021251049281, 13.435642598751143 ], [ 121.881926960854514, 13.435663323194179 ], [ 121.881888815722718, 13.435674761451665 ], [ 121.881683831498407, 13.435718731807777 ], [ 121.881722901010491, 13.435845055711367 ] ] ] } },
{ "type": "Feature", "properties": { "Id": 0, "CLN": "15593", "PSGC": "174001007", "Barangay": "Balimbing", "Land_Class": null, "PIN": "030-01-008-11-040" }, "geometry": { "type": "Polygon", "coordinates": [ [ [ 121.881753635415222, 13.435953855403966 ], [ 121.881722901010491, 13.435845055711367 ], [ 121.881683831498407, 13.435718731807777 ], [ 121.881520804543072, 13.435065422024897 ], [ 121.881457213372542, 13.435097036640315 ], [ 121.881408367552226, 13.435178763580813 ], [ 121.881499223492469, 13.435443777469494 ], [ 121.88164742310191, 13.436009787595175 ], [ 121.881753635415222, 13.435953855403966 ] ] ] } },
{ "type": "Feature", "properties": { "Id": 0, "CLN": "15772", "PSGC": "174001007", "Barangay": "Balimbing", "Land_Class": null, "PIN": "030-01-008-11-044" }, "geometry": { "type": "Polygon", "coordinates": [ [ [ 121.880923207472094, 13.435284429312805 ], [ 121.880997489565814, 13.435418457210229 ], [ 121.881280413582033, 13.435217010801434 ], [ 121.88133852045533, 13.435280624878819 ], [ 121.881408367552226, 13.435178763580813 ], [ 121.881457213372542, 13.435097036640315 ], [ 121.881382811151454, 13.434988885340397 ], [ 121.881232567372365, 13.43508310040267 ], [ 121.881077897482925, 13.435181608537844 ], [ 121.880923207472094, 13.435284429312805 ] ] ] } },
{ "type": "Feature", "properties": { "Id": 0, "CLN": "15649", "PSGC": "174001007", "Barangay": "Balimbing", "Land_Class": null, "PIN": "030-01-008-11-084" }, "geometry": { "type": "Polygon", "coordinates": [ [ [ 121.882312403738581, 13.433504488255561 ], [ 121.88269698325891, 13.433311274324016 ], [ 121.88304532822103, 13.432938444607446 ], [ 121.882887552905231, 13.432754325843213 ], [ 121.882792920314841, 13.432891916978781 ], [ 121.882668967759912, 13.43301787712358 ], [ 121.882505636032519, 13.433165709641216 ], [ 121.882388986594407, 13.433283353422979 ], [ 121.882256013560152, 13.433389824327515 ], [ 121.882312403738581, 13.433504488255561 ] ] ] } },
{ "type": "Feature", "properties": { "Id": 0, "CLN": "15660", "PSGC": "174001007", "Barangay": "Balimbing", "Land_Class": null, "PIN": "030-01-008-11-091" }, "geometry": { "type": "Polygon", "coordinates": [ [ [ 121.882104044177169, 13.433438230938203 ], [ 121.882210294457934, 13.433432873368838 ], [ 121.882197286272344, 13.43338753086139 ], [ 121.882100512038633, 13.433398186749486 ], [ 121.882104044177169, 13.433438230938203 ] ] ] } },
{ "type": "Feature", "properties": { "Id": 0, "CLN": "15665", "PSGC": "174001007", "Barangay": "Balimbing", "Land_Class": null, "PIN": "030-01-008-11-092" }, "geometry": { "type": "Polygon", "coordinates": [ [ [ 121.88203678287357, 13.433459762812671 ], [ 121.882104044177169, 13.433438230938203 ], [ 121.882100512038633, 13.433398186749486 ], [ 121.882031972516742, 13.43340620499934 ], [ 121.88203678287357, 13.433459762812671 ] ] ] } },
{ "type": "Feature", "properties": { "Id": 0, "CLN": "15801", "PSGC": "174001007", "Barangay": "Balimbing", "Land_Class": null, "PIN": "030-01-008-10-024" }, "geometry": { "type": "Polygon", "coordinates": [ [ [ 121.880033427198725, 13.434751429088148 ], [ 121.880069852072324, 13.434675682635584 ], [ 121.880026911687395, 13.43462996673043 ], [ 121.879961792242355, 13.434678130457742 ], [ 121.880033427198725, 13.434751429088148 ] ] ] } },
{ "type": "Feature", "properties": { "Id": 0, "CLN": "16182", "PSGC": "174001007", "Barangay": "Balimbing", "Land_Class": null, "PIN": "030-01-008-10-025" }, "geometry": { "type": "Polygon", "coordinates": [ [ [ 121.880052679794531, 13.434771128802073 ], [ 121.880117104475374, 13.434729331823151 ], [ 121.88010469860393, 13.434714422381882 ], [ 121.880069852072324, 13.434675682635584 ], [ 121.880033427198725, 13.434751429088148 ], [ 121.880052679794531, 13.434771128802073 ] ] ] } },
{ "type": "Feature", "properties": { "Id": 0, "CLN": "15806", "PSGC": "174001007", "Barangay": "Balimbing", "Land_Class": null, "PIN": "030-01-008-10-027" }, "geometry": { "type": "Polygon", "coordinates": [ [ [ 121.880075698526255, 13.434798384156137 ], [ 121.880147496458576, 13.434767456553692 ], [ 121.880117104475374, 13.434729331823151 ], [ 121.880052679794531, 13.434771128802073 ], [ 121.880075698526255, 13.434798384156137 ] ] ] } },
{ "type": "Feature", "properties": { "Id": 0, "CLN": "15829", "PSGC": "174001007", "Barangay": "Balimbing", "Land_Class": null, "PIN": "030-01-008-15-029" }, "geometry": { "type": "Polygon", "coordinates": [ [ [ 121.879978532803918, 13.43391923352282 ], [ 121.880157290015688, 13.433852101157838 ], [ 121.88008500103885, 13.433743218909905 ], [ 121.879945983350936, 13.433812346163068 ], [ 121.879978532803918, 13.43391923352282 ] ] ] } },
{ "type": "Feature", "properties": { "Id": 0, "CLN": "15828", "PSGC": "174001007", "Barangay": "Balimbing", "Land_Class": null, "PIN": "030-01-008-15-028" }, "geometry": { "type": "Polygon", "coordinates": [ [ [ 121.880014165981095, 13.434053427988497 ], [ 121.88019968233246, 13.43395397940029 ], [ 121.880157290015688, 13.433852101157838 ], [ 121.879978532803918, 13.43391923352282 ], [ 121.880014165981095, 13.434053427988497 ] ] ] } },
{ "type": "Feature", "properties": { "Id": 0, "CLN": "15785", "PSGC": "174001007", "Barangay": "Balimbing", "Land_Class": null, "PIN": "030-01-008-10-030" }, "geometry": { "type": "Polygon", "coordinates": [ [ [ 121.880722434816505, 13.434971986899377 ], [ 121.88059876727678, 13.434683621610581 ], [ 121.880521089589635, 13.434734455399351 ], [ 121.880421286475908, 13.434844711912767 ], [ 121.880348197401872, 13.434928487282026 ], [ 121.880553064717162, 13.435185426648522 ], [ 121.880609511285812, 13.435127454262336 ], [ 121.880610032729564, 13.435084540226542 ], [ 121.880722434816505, 13.434971986899377 ] ] ] } },
{ "type": "Feature", "properties": { "Id": 0, "CLN": "15740", "PSGC": "174001007", "Barangay": "Balimbing", "Land_Class": null, "PIN": "030-01-008-17-016" }, "geometry": { "type": "Polygon", "coordinates": [ [ [ 121.880790188509209, 13.433517137299772 ], [ 121.880620694009082, 13.433190322631088 ], [ 121.880202221770261, 13.432575680813807 ], [ 121.88000163144693, 13.432758803334092 ], [ 121.880299128978322, 13.43321441103309 ], [ 121.880351520383257, 13.433318151925503 ], [ 121.880501185478366, 13.433783884408399 ], [ 121.880620566844186, 13.433693845424429 ], [ 121.880676962070112, 13.433638337000586 ], [ 121.880718034867343, 13.433577465942058 ], [ 121.880790188509209, 13.433517137299772 ] ] ] } },
{ "type": "Feature", "properties": { "Id": 0, "CLN": "15752", "PSGC": "174001007", "Barangay": "Balimbing", "Land_Class": null, "PIN": "030-01-008-15-023" }, "geometry": { "type": "Polygon", "coordinates": [ [ [ 121.880999607806075, 13.433251211010473 ], [ 121.880681137492701, 13.43298293946385 ], [ 121.880391142612325, 13.432375254907749 ], [ 121.880225906920103, 13.432535532976049 ], [ 121.880202221770261, 13.432575680813807 ], [ 121.880620694009082, 13.433190322631088 ], [ 121.880790188509209, 13.433517137299772 ], [ 121.880792356839592, 13.433514383899427 ], [ 121.880799132642693, 13.433505779813787 ], [ 121.880828315468378, 13.433467978650043 ], [ 121.880865718620086, 13.433419018941713 ], [ 121.880999607806075, 13.433251211010473 ] ] ] } },
{ "type": "Feature", "properties": { "Id": 0, "CLN": "15757", "PSGC": "174001007", "Barangay": "Balimbing", "Land_Class": null, "PIN": "030-01-008-15-044" }, "geometry": { "type": "Polygon", "coordinates": [ [ [ 121.880719749239418, 13.432138873585888 ], [ 121.880615478795605, 13.432177225811918 ], [ 121.880568127274231, 13.432215028920364 ], [ 121.880391142612325, 13.432375254907749 ], [ 121.880681137492701, 13.43298293946385 ], [ 121.881113277306866, 13.432700212105757 ], [ 121.880894137017378, 13.432479284095658 ], [ 121.880719749239418, 13.432138873585888 ] ] ] } },
{ "type": "Feature", "properties": { "Id": 0, "CLN": "15402", "PSGC": "174001007", "Barangay": "Balimbing", "Land_Class": null, "PIN": "030-01-008-02-021" }, "geometry": { "type": "Polygon", "coordinates": [ [ [ 121.87691936865528, 13.439943798753268 ], [ 121.87677338246192, 13.439739919917002 ], [ 121.876594013322119, 13.439845423378623 ], [ 121.87655228511332, 13.439889009299906 ], [ 121.876697630598443, 13.440230454865464 ], [ 121.876725952006836, 13.440329522189259 ], [ 121.876761499780784, 13.440233866381558 ], [ 121.87691936865528, 13.439943798753268 ] ] ] } },
{ "type": "Feature", "properties": { "Id": 0, "CLN": "15397", "PSGC": "174001007", "Barangay": "Balimbing", "Land_Class": null, "PIN": "030-01-008-02-034" }, "geometry": { "type": "Polygon", "coordinates": [ [ [ 121.876407697223883, 13.439384984958975 ], [ 121.876327845171858, 13.43928987639762 ], [ 121.876189319401192, 13.439366207013395 ], [ 121.876208192314166, 13.439405931554065 ], [ 121.87640942064607, 13.439700777098929 ], [ 121.876463313980167, 13.439788561789181 ], [ 121.876556032588894, 13.439770216026899 ], [ 121.876645804509693, 13.43969870524174 ], [ 121.876407697223883, 13.439384984958975 ] ] ] } },
{ "type": "Feature", "properties": { "Id": 0, "CLN": "15401", "PSGC": "174001007", "Barangay": "Balimbing", "Land_Class": null, "PIN": "030-01-008-02-031" }, "geometry": { "type": "Polygon", "coordinates": [ [ [ 121.877014539202619, 13.440084919298975 ], [ 121.877296791604792, 13.439836051653721 ], [ 121.877255761975363, 13.439729565002079 ], [ 121.877121300766248, 13.439794623567348 ], [ 121.876933950254937, 13.43955616797667 ], [ 121.87677338246192, 13.439739919917002 ], [ 121.87691936865528, 13.439943798753268 ], [ 121.877014539202619, 13.440084919298975 ] ] ] } },
{ "type": "Feature", "properties": { "Id": 0, "CLN": "15406", "PSGC": "174001007", "Barangay": "Balimbing", "Land_Class": null, "PIN": "030-01-008-02-030" }, "geometry": { "type": "Polygon", "coordinates": [ [ [ 121.877121300766248, 13.439794623567309 ], [ 121.877255761975363, 13.439729565002079 ], [ 121.877290941618327, 13.439720342127721 ], [ 121.877030372312888, 13.439428408272061 ], [ 121.876933950254937, 13.43955616797667 ], [ 121.877121300766248, 13.439794623567309 ] ] ] } },
{ "type": "Feature", "properties": { "Id": 0, "CLN": "15404", "PSGC": "174001007", "Barangay": "Balimbing", "Land_Class": null, "PIN": "030-01-008-02-023" }, "geometry": { "type": "Polygon", "coordinates": [ [ [ 121.877014539202619, 13.440084919298963 ], [ 121.876986026582486, 13.440117292859824 ], [ 121.877077898970015, 13.4401977587325 ], [ 121.877254466907019, 13.440007824797723 ], [ 121.877405102821584, 13.439899066169751 ], [ 121.877357539271273, 13.439823816195227 ], [ 121.877296791604763, 13.439836051653721 ], [ 121.877014539202619, 13.440084919298963 ] ] ] } },
{ "type": "Feature", "properties": { "Id": 0, "CLN": "15407", "PSGC": "174001007", "Barangay": "Balimbing", "Land_Class": null, "PIN": "030-01-008-02-029" }, "geometry": { "type": "Polygon", "coordinates": [ [ [ 121.877290941618327, 13.439720342127721 ], [ 121.877457460935545, 13.439630413750802 ], [ 121.877235483528892, 13.439282373709244 ], [ 121.877030372312888, 13.439428408272061 ], [ 121.877290941618327, 13.439720342127721 ] ] ] } },
{ "type": "Feature", "properties": { "Id": 0, "CLN": "15413", "PSGC": "174001007", "Barangay": "Balimbing", "Land_Class": null, "PIN": "030-01-008-06-017" }, "geometry": { "type": "Polygon", "coordinates": [ [ [ 121.878327000811453, 13.440165807499625 ], [ 121.878542348614758, 13.439879121340603 ], [ 121.878275025726239, 13.439665323084784 ], [ 121.878097023988317, 13.439476935213767 ], [ 121.878056997321266, 13.439154719092373 ], [ 121.877941730759559, 13.439213610502492 ], [ 121.877976575858014, 13.439276297380191 ], [ 121.87780811809759, 13.439439692128479 ], [ 121.877764625819154, 13.439519226081773 ], [ 121.877811796766423, 13.439678891897223 ], [ 121.877869713773393, 13.439588479192111 ], [ 121.878327000811453, 13.440165807499625 ] ] ] } },
{ "type": "Feature", "properties": { "Id": 0, "CLN": "15405", "PSGC": "174001007", "Barangay": "Balimbing", "Land_Class": null, "PIN": "030-01-008-02-024" }, "geometry": { "type": "Polygon", "coordinates": [ [ [ 121.878056997321266, 13.43915471909237 ], [ 121.878019103448054, 13.439060752836582 ], [ 121.877948598980609, 13.439110463959 ], [ 121.877785187106937, 13.439219166034428 ], [ 121.877586042747723, 13.43945589848872 ], [ 121.877604873247464, 13.439527893764263 ], [ 121.877457460935545, 13.439630413750802 ], [ 121.877290941618327, 13.439720342127721 ], [ 121.877255761975348, 13.439729565002079 ], [ 121.877296791604763, 13.439836051653721 ], [ 121.877357539271273, 13.439823816195247 ], [ 121.877405102821584, 13.439899066169792 ], [ 121.877465370394404, 13.439990005673344 ], [ 121.877811796766423, 13.439678891897213 ], [ 121.87776462581914, 13.439519226081797 ], [ 121.87780811809759, 13.439439692128486 ], [ 121.877976575858014, 13.439276297380195 ], [ 121.877941730759559, 13.439213610502492 ], [ 121.878056997321266, 13.43915471909237 ] ] ] } },
{ "type": "Feature", "properties": { "Id": 0, "CLN": "15408", "PSGC": "174001007", "Barangay": "Balimbing", "Land_Class": null, "PIN": "030-01-008-02-028" }, "geometry": { "type": "Polygon", "coordinates": [ [ [ 121.877457460935545, 13.439630413750802 ], [ 121.877604873247464, 13.439527893764263 ], [ 121.877586042747723, 13.43945589848872 ], [ 121.877323195767744, 13.438966980251283 ], [ 121.877137511854372, 13.439056823114498 ], [ 121.877235483528892, 13.439282373709244 ], [ 121.877457460935545, 13.439630413750802 ] ] ] } },
{ "type": "Feature", "properties": { "Id": 0, "CLN": "15400", "PSGC": "174001007", "Barangay": "Balimbing", "Land_Class": null, "PIN": "030-01-008-02-032" }, "geometry": { "type": "Polygon", "coordinates": [ [ [ 121.877137511854372, 13.439056823114498 ], [ 121.876985988587549, 13.439356299000856 ], [ 121.876886459696138, 13.439465285356645 ], [ 121.876748760706434, 13.439539709022908 ], [ 121.876748542343194, 13.439586606734254 ], [ 121.876645804509693, 13.43969870524174 ], [ 121.876556032588894, 13.439770216026883 ], [ 121.876594013322119, 13.439845423378623 ], [ 121.87677338246192, 13.439739919916985 ], [ 121.876933950254937, 13.43955616797667 ], [ 121.877030372312888, 13.439428408272061 ], [ 121.877235483528892, 13.439282373709244 ], [ 121.877137511854372, 13.439056823114498 ] ] ] } },
{ "type": "Feature", "properties": { "Id": 0, "CLN": "15483", "PSGC": "174001007", "Barangay": "Balimbing", "Land_Class": null, "PIN": "030-01-008-06-018" }, "geometry": { "type": "Polygon", "coordinates": [ [ [ 121.878019103448025, 13.439060752836582 ], [ 121.878056997321266, 13.43915471909237 ], [ 121.878097023988317, 13.439476935213765 ], [ 121.878275025726239, 13.439665323084776 ], [ 121.878730314250419, 13.439298414408414 ], [ 121.87850463231355, 13.4390597891979 ], [ 121.878259887560006, 13.438799192829741 ], [ 121.878096621425755, 13.438876629980335 ], [ 121.878019103448025, 13.439060752836582 ] ] ] } },
{ "type": "Feature", "properties": { "Id": 0, "CLN": "15414", "PSGC": "174001007", "Barangay": "Balimbing", "Land_Class": null, "PIN": "030-01-008-03-010" }, "geometry": { "type": "Polygon", "coordinates": [ [ [ 121.879313886780736, 13.440352216822873 ], [ 121.879402138166739, 13.440234681150743 ], [ 121.879515398719008, 13.440136706488003 ], [ 121.879340342893556, 13.44000148439955 ], [ 121.879063262216434, 13.43982516246532 ], [ 121.879011835641293, 13.439893718300643 ], [ 121.87882348044576, 13.439870993588835 ], [ 121.878542348614758, 13.439879121340603 ], [ 121.878327000811453, 13.44016580749962 ], [ 121.878828168648482, 13.440236961559094 ], [ 121.879313886780736, 13.440352216822873 ] ] ] } },
{ "type": "Feature", "properties": { "Id": 0, "CLN": "15415", "PSGC": "174001007", "Barangay": "Balimbing", "Land_Class": null, "PIN": "030-01-008-06-016" }, "geometry": { "type": "Polygon", "coordinates": [ [ [ 121.87882348044576, 13.439870993588835 ], [ 121.879013433764143, 13.439549801487397 ], [ 121.878730314250419, 13.439298414408414 ], [ 121.878275025726239, 13.439665323084776 ], [ 121.878542348614758, 13.439879121340603 ], [ 121.87882348044576, 13.439870993588835 ] ] ] } },
{ "type": "Feature", "properties": { "Id": 0, "CLN": "15416", "PSGC": "174001007", "Barangay": "Balimbing", "Land_Class": null, "PIN": "030-01-008-06-015" }, "geometry": { "type": "Polygon", "coordinates": [ [ [ 121.879013433764143, 13.439549801487406 ], [ 121.878823480445789, 13.439870993588833 ], [ 121.879011835641293, 13.439893718300638 ], [ 121.87906326221642, 13.439825162465292 ], [ 121.879150788612634, 13.439675802681309 ], [ 121.87919849287897, 13.439594397438329 ], [ 121.879013433764143, 13.439549801487406 ] ] ] } },
{ "type": "Feature", "properties": { "Id": 0, "CLN": "15481", "PSGC": "174001007", "Barangay": "Balimbing", "Land_Class": null, "PIN": "030-01-008-06-014" }, "geometry": { "type": "Polygon", "coordinates": [ [ [ 121.87919849287897, 13.439594397438333 ], [ 121.8792821371065, 13.439466579906375 ], [ 121.879224859752242, 13.439419426243289 ], [ 121.878843243781986, 13.439055043933264 ], [ 121.878730314250419, 13.439298414408414 ], [ 121.879013433764143, 13.439549801487397 ], [ 121.87919849287897, 13.439594397438333 ] ] ] } },
{ "type": "Feature", "properties": { "Id": 0, "CLN": "15482", "PSGC": "174001007", "Barangay": "Balimbing", "Land_Class": null, "PIN": "030-01-008-06-019" }, "geometry": { "type": "Polygon", "coordinates": [ [ [ 121.878697285410325, 13.438844913080496 ], [ 121.87850463231355, 13.439059789197914 ], [ 121.878730314250419, 13.439298414408414 ], [ 121.878843243781986, 13.439055043933264 ], [ 121.878818913686573, 13.439020016826911 ], [ 121.878697285410325, 13.438844913080496 ] ] ] } },
{ "type": "Feature", "properties": { "Id": 0, "CLN": "15419", "PSGC": "174001007", "Barangay": "Balimbing", "Land_Class": null, "PIN": "030-01-008-03-008" }, "geometry": { "type": "Polygon", "coordinates": [ [ [ 121.879892022677794, 13.440200913883658 ], [ 121.879515398719008, 13.440136706488003 ], [ 121.879402138166739, 13.440234681150743 ], [ 121.879313886780736, 13.440352216822873 ], [ 121.879162294819196, 13.440707964625206 ], [ 121.879890921037088, 13.440632584581955 ], [ 121.879891164421807, 13.44058017056676 ], [ 121.880036001141576, 13.440525779020499 ], [ 121.879965049062307, 13.440237180349843 ], [ 121.879892022677794, 13.440200913883658 ] ] ] } },
{ "type": "Feature", "properties": { "Id": 0, "CLN": "15418", "PSGC": "174001007", "Barangay": "Balimbing", "Land_Class": null, "PIN": "030-01-008-06-006" }, "geometry": { "type": "Polygon", "coordinates": [ [ [ 121.879515398719008, 13.440136706488003 ], [ 121.880165459180901, 13.439786294736118 ], [ 121.879991259608587, 13.439466608550505 ], [ 121.879340342893556, 13.440001484399534 ], [ 121.879515398719008, 13.440136706488003 ] ] ] } },
{ "type": "Feature", "properties": { "Id": 0, "CLN": "15417", "PSGC": "174001007", "Barangay": "Balimbing", "Land_Class": null, "PIN": "030-01-008-06-007" }, "geometry": { "type": "Polygon", "coordinates": [ [ [ 121.879991259608587, 13.439466608550505 ], [ 121.880301762654256, 13.439324166704688 ], [ 121.880247940504844, 13.439220750141892 ], [ 121.880196964277275, 13.439192384204881 ], [ 121.880152158720236, 13.439210944437264 ], [ 121.879150788612634, 13.439675802681304 ], [ 121.87906326221642, 13.439825162465286 ], [ 121.879340342893556, 13.440001484399534 ], [ 121.879991259608587, 13.439466608550505 ] ] ] } },
{ "type": "Feature", "properties": { "Id": 0, "CLN": "15420", "PSGC": "174001007", "Barangay": "Balimbing", "Land_Class": null, "PIN": "030-01-008-06-005" }, "geometry": { "type": "Polygon", "coordinates": [ [ [ 121.880588179715645, 13.439553680719584 ], [ 121.880301762654284, 13.439324166704706 ], [ 121.879991259608587, 13.439466608550505 ], [ 121.880165459180901, 13.439786294736136 ], [ 121.879515398719008, 13.440136706488003 ], [ 121.879892022677794, 13.440200913883658 ], [ 121.879965049062307, 13.440237180349843 ], [ 121.880036001141576, 13.440525779020499 ], [ 121.880303622416207, 13.440553176868304 ], [ 121.880430935785313, 13.440227553245656 ], [ 121.880592594998703, 13.439978915591574 ], [ 121.880719550207246, 13.439642417752287 ], [ 121.880588179715645, 13.439553680719584 ] ] ] } },
{ "type": "Feature", "properties": { "Id": 0, "CLN": "15484", "PSGC": "174001007", "Barangay": "Balimbing", "Land_Class": null, "PIN": "030-01-008-06-020" }, "geometry": { "type": "Polygon", "coordinates": [ [ [ 121.87850463231355, 13.4390597891979 ], [ 121.878697285410297, 13.438844913080482 ], [ 121.878793706274323, 13.438717152597819 ], [ 121.878710948497783, 13.438654252474672 ], [ 121.878481869493527, 13.438459384284965 ], [ 121.878353463310688, 13.438596381918007 ], [ 121.878372250391593, 13.438677756701791 ], [ 121.878259887560006, 13.438799192829741 ], [ 121.87850463231355, 13.4390597891979 ] ] ] } },
{ "type": "Feature", "properties": { "Id": 0, "CLN": "15486", "PSGC": "174001007", "Barangay": "Balimbing", "Land_Class": null, "PIN": "030-01-008-06-011" }, "geometry": { "type": "Polygon", "coordinates": [ [ [ 121.879246769995362, 13.438828599857633 ], [ 121.879362021572859, 13.438772834325897 ], [ 121.879047309477201, 13.438446269075666 ], [ 121.878897735760475, 13.438326793110537 ], [ 121.878814251609199, 13.438420218858596 ], [ 121.878710948497783, 13.438654252474672 ], [ 121.878793706274323, 13.438717152597819 ], [ 121.879246769995362, 13.438828599857633 ] ] ] } },
{ "type": "Feature", "properties": { "Id": 0, "CLN": "15479", "PSGC": "174001007", "Barangay": "Balimbing", "Land_Class": null, "PIN": "030-01-008-06-009" }, "geometry": { "type": "Polygon", "coordinates": [ [ [ 121.880152158720236, 13.439210944437272 ], [ 121.879887956549894, 13.439012794622853 ], [ 121.879662128437602, 13.438805435550133 ], [ 121.880020572337429, 13.438656954121477 ], [ 121.879864885436859, 13.438478046435124 ], [ 121.879554267146204, 13.438645499955268 ], [ 121.879362021572859, 13.438772834325897 ], [ 121.879246769995362, 13.438828599857642 ], [ 121.879262404870673, 13.438925679901004 ], [ 121.879343015331088, 13.439426205301066 ], [ 121.879282137106472, 13.43946657990638 ], [ 121.87919849287897, 13.439594397438329 ], [ 121.879150788612634, 13.439675802681309 ], [ 121.880152158720236, 13.439210944437272 ] ] ] } },
{ "type": "Feature", "properties": { "Id": 0, "CLN": "15480", "PSGC": "174001007", "Barangay": "Balimbing", "Land_Class": null, "PIN": "030-01-008-06-013" }, "geometry": { "type": "Polygon", "coordinates": [ [ [ 121.879224859752242, 13.439419426243289 ], [ 121.8792821371065, 13.439466579906375 ], [ 121.87934301533106, 13.439426205301061 ], [ 121.879262404870673, 13.438925679901004 ], [ 121.878818913686558, 13.439020016826893 ], [ 121.878843243781986, 13.439055043933264 ], [ 121.879224859752242, 13.439419426243289 ] ] ] } },
{ "type": "Feature", "properties": { "Id": 0, "CLN": "15485", "PSGC": "174001007", "Barangay": "Balimbing", "Land_Class": null, "PIN": "030-01-008-06-012" }, "geometry": { "type": "Polygon", "coordinates": [ [ [ 121.879262404870673, 13.438925679901004 ], [ 121.879246769995362, 13.438828599857633 ], [ 121.878793706274323, 13.438717152597819 ], [ 121.878697285410297, 13.438844913080482 ], [ 121.878818913686558, 13.439020016826893 ], [ 121.879262404870673, 13.438925679901004 ] ] ] } },
{ "type": "Feature", "properties": { "Id": 0, "CLN": "15487", "PSGC": "174001007", "Barangay": "Balimbing", "Land_Class": null, "PIN": "030-01-008-06-010" }, "geometry": { "type": "Polygon", "coordinates": [ [ [ 121.879554267146176, 13.438645499955255 ], [ 121.879244964270427, 13.438228874374007 ], [ 121.879047309477201, 13.438446269075666 ], [ 121.879362021572859, 13.438772834325897 ], [ 121.879554267146176, 13.438645499955255 ] ] ] } },
{ "type": "Feature", "properties": { "Id": 0, "CLN": "15970", "PSGC": "174001007", "Barangay": "Balimbing", "Land_Class": null, "PIN": "030-01-008-06-026" }, "geometry": { "type": "Polygon", "coordinates": [ [ [ 121.879453383542042, 13.438057839882486 ], [ 121.879437862885723, 13.437960846777226 ], [ 121.879383896163162, 13.437888695245096 ], [ 121.879157851630865, 13.437728233575719 ], [ 121.878962194581064, 13.437902451227576 ], [ 121.8787468201444, 13.438195391000269 ], [ 121.878897735760475, 13.438326793110537 ], [ 121.879047309477201, 13.438446269075666 ], [ 121.879244964270427, 13.438228874374007 ], [ 121.879456461536989, 13.438082866234691 ], [ 121.879453383542042, 13.438057839882486 ] ] ] } },
{ "type": "Feature", "properties": { "Id": 0, "CLN": "15971", "PSGC": "174001007", "Barangay": "Balimbing", "Land_Class": null, "PIN": "030-01-008-06-027" }, "geometry": { "type": "Polygon", "coordinates": [ [ [ 121.879453383542042, 13.438057839882486 ], [ 121.879667726268011, 13.437986882177935 ], [ 121.87964671732523, 13.437696016563995 ], [ 121.879383896163162, 13.437888695245096 ], [ 121.879437862885723, 13.437960846777226 ], [ 121.879453383542042, 13.438057839882486 ] ] ] } },
{ "type": "Feature", "properties": { "Id": 0, "CLN": "15967", "PSGC": "174001007", "Barangay": "Balimbing", "Land_Class": null, "PIN": "030-01-008-06-033" }, "geometry": { "type": "Polygon", "coordinates": [ [ [ 121.878499134510889, 13.438223990547103 ], [ 121.878790443114212, 13.438474157148949 ], [ 121.878814251609199, 13.438420218858626 ], [ 121.878897735760532, 13.438326793110539 ], [ 121.8787468201444, 13.438195391000269 ], [ 121.878962194581064, 13.437902451227576 ], [ 121.878860460938853, 13.437798821133166 ], [ 121.87856534872823, 13.438066393085135 ], [ 121.878485000583183, 13.438172339012715 ], [ 121.878499134510889, 13.438223990547103 ] ] ] } },
{ "type": "Feature", "properties": { "Id": 0, "CLN": "15969", "PSGC": "174001007", "Barangay": "Balimbing", "Land_Class": null, "PIN": "030-01-008-06-025" }, "geometry": { "type": "Polygon", "coordinates": [ [ [ 121.878860460938853, 13.43779882113315 ], [ 121.878962194581064, 13.437902451227576 ], [ 121.879157851630865, 13.437728233575719 ], [ 121.879037432381892, 13.437521343187765 ], [ 121.87883518372314, 13.437739303548756 ], [ 121.878860460938853, 13.43779882113315 ] ] ] } },
{ "type": "Feature", "properties": { "Id": 0, "CLN": "15968", "PSGC": "174001007", "Barangay": "Balimbing", "Land_Class": null, "PIN": "030-01-008-06-024" }, "geometry": { "type": "Polygon", "coordinates": [ [ [ 121.879037432381892, 13.437521343187765 ], [ 121.878869159177967, 13.437301733392868 ], [ 121.878641444536939, 13.437500820742043 ], [ 121.878736891360745, 13.43758253684933 ], [ 121.87883518372314, 13.437739303548756 ], [ 121.879037432381892, 13.437521343187765 ] ] ] } },
{ "type": "Feature", "properties": { "Id": 0, "CLN": "15966", "PSGC": "174001007", "Barangay": "Balimbing", "Land_Class": null, "PIN": "030-01-008-06-022" }, "geometry": { "type": "Polygon", "coordinates": [ [ [ 121.878096621425755, 13.438876629980347 ], [ 121.878259887560006, 13.438799192829741 ], [ 121.878372250391593, 13.438677756701809 ], [ 121.878353463310688, 13.438596381918021 ], [ 121.878481869493527, 13.438459384284965 ], [ 121.878513268443783, 13.438275642080875 ], [ 121.878485000583154, 13.438172339012715 ], [ 121.87856534872823, 13.438066393085135 ], [ 121.878860460938853, 13.437798821133166 ], [ 121.878835183723112, 13.437739303548753 ], [ 121.878736891360745, 13.437582536849368 ], [ 121.878641444536939, 13.437500820742075 ], [ 121.878542004366864, 13.4375910487878 ], [ 121.878463934672567, 13.437520073639996 ], [ 121.878250624100076, 13.437742953494288 ], [ 121.878128344844541, 13.437936256784148 ], [ 121.877683111549018, 13.437515311106727 ], [ 121.877413508120128, 13.437792375067323 ], [ 121.877734416314908, 13.438159615307816 ], [ 121.877968026260248, 13.438066858897461 ], [ 121.87797087145826, 13.438141909507893 ], [ 121.877941847741837, 13.438201185215116 ], [ 121.877995174309021, 13.438410903718417 ], [ 121.877934223450964, 13.438466910581557 ], [ 121.877956408117768, 13.438504528399333 ], [ 121.878009603880841, 13.438742385541781 ], [ 121.878096621425755, 13.438876629980347 ] ] ] } },
{ "type": "Feature", "properties": { "Id": 0, "CLN": "15973", "PSGC": "174001007", "Barangay": "Balimbing", "Land_Class": null, "PIN": "030-01-008-02-046" }, "geometry": { "type": "Polygon", "coordinates": [ [ [ 121.877734416314865, 13.438159615307773 ], [ 121.877596689237109, 13.438240292555088 ], [ 121.877625000349141, 13.438334216147187 ], [ 121.87763334652584, 13.438600012658794 ], [ 121.877934223450936, 13.438466910581539 ], [ 121.877995174309021, 13.438410903718417 ], [ 121.877941847741809, 13.438201185215116 ], [ 121.87797087145826, 13.438141909507893 ], [ 121.877968026260248, 13.438066858897461 ], [ 121.877734416314865, 13.438159615307773 ] ] ] } },
{ "type": "Feature", "properties": { "Id": 0, "CLN": "15988", "PSGC": "174001007", "Barangay": "Balimbing", "Land_Class": null, "PIN": "030-01-008-02-045" }, "geometry": { "type": "Polygon", "coordinates": [ [ [ 121.877625000349141, 13.438334216147206 ], [ 121.87742369535664, 13.438348951725363 ], [ 121.87731195785382, 13.438335947263431 ], [ 121.877276822065667, 13.438335790612722 ], [ 121.877219283490319, 13.438344913809326 ], [ 121.877200074863822, 13.438354207901551 ], [ 121.877180838752778, 13.438398717616497 ], [ 121.877170978181454, 13.43842911607622 ], [ 121.877055711797965, 13.438488007094239 ], [ 121.877226712543717, 13.438807680732371 ], [ 121.877351488811144, 13.438764464943116 ], [ 121.877386871984626, 13.438711470833661 ], [ 121.877489332649219, 13.438658775742335 ], [ 121.87763334652584, 13.438600012658833 ], [ 121.877625000349141, 13.438334216147206 ] ] ] } },
{ "type": "Feature", "properties": { "Id": 0, "CLN": "15987", "PSGC": "174001007", "Barangay": "Balimbing", "Land_Class": null, "PIN": "030-01-008-02-047" }, "geometry": { "type": "Polygon", "coordinates": [ [ [ 121.877170978181454, 13.438429116076202 ], [ 121.877180838752778, 13.438398717616462 ], [ 121.877200074863822, 13.438354207901551 ], [ 121.877219283490319, 13.438344913809312 ], [ 121.877276822065667, 13.438335790612722 ], [ 121.877311957853792, 13.438335947263429 ], [ 121.877423695356626, 13.438348951725347 ], [ 121.877625000349141, 13.438334216147187 ], [ 121.877596689237109, 13.438240292555088 ], [ 121.877734416314865, 13.438159615307773 ], [ 121.877413508120128, 13.437792375067305 ], [ 121.87730783912059, 13.43784818243379 ], [ 121.87707720507494, 13.437987850195663 ], [ 121.877137326590599, 13.438110054892633 ], [ 121.877070016415573, 13.438159780022975 ], [ 121.877170978181454, 13.438429116076202 ] ] ] } },
{ "type": "Feature", "properties": { "Id": 0, "CLN": "15410", "PSGC": "174001007", "Barangay": "Balimbing", "Land_Class": null, "PIN": "030-01-008-02-027" }, "geometry": { "type": "Polygon", "coordinates": [ [ [ 121.877586042747723, 13.43945589848872 ], [ 121.877785187106937, 13.439219166034395 ], [ 121.877489332649219, 13.438658775742319 ], [ 121.877386871984612, 13.43871147083366 ], [ 121.877351488811115, 13.438764464943104 ], [ 121.877226712543688, 13.438807680732353 ], [ 121.877140309921231, 13.438841687836478 ], [ 121.877149790567657, 13.438863616169547 ], [ 121.877251989439699, 13.43886719845098 ], [ 121.877323195767744, 13.438966980251283 ], [ 121.877586042747723, 13.43945589848872 ] ] ] } },
{ "type": "Feature", "properties": { "Id": 0, "CLN": "15411", "PSGC": "174001007", "Barangay": "Balimbing", "Land_Class": null, "PIN": "030-01-008-02-026" }, "geometry": { "type": "Polygon", "coordinates": [ [ [ 121.877785187106937, 13.439219166034395 ], [ 121.877948598980609, 13.439110463959002 ], [ 121.87763334652584, 13.438600012658794 ], [ 121.877489332649219, 13.438658775742319 ], [ 121.877785187106937, 13.439219166034395 ] ] ] } },
{ "type": "Feature", "properties": { "Id": 0, "CLN": "15412", "PSGC": "174001007", "Barangay": "Balimbing", "Land_Class": null, "PIN": "030-01-008-02-025" }, "geometry": { "type": "Polygon", "coordinates": [ [ [ 121.877948598980609, 13.439110463959002 ], [ 121.878019103448025, 13.439060752836582 ], [ 121.878096621425755, 13.438876629980335 ], [ 121.878009603880841, 13.438742385541767 ], [ 121.877956408117768, 13.438504528399353 ], [ 121.877934223450936, 13.438466910581539 ], [ 121.87763334652584, 13.438600012658794 ], [ 121.877948598980609, 13.439110463959002 ] ] ] } },
{ "type": "Feature", "properties": { "Id": 0, "CLN": "15996", "PSGC": "174001007", "Barangay": "Balimbing", "Land_Class": null, "PIN": "030-01-008-02-049" }, "geometry": { "type": "Polygon", "coordinates": [ [ [ 121.876417330387909, 13.438388235518271 ], [ 121.876487252527369, 13.438463585393889 ], [ 121.876490330213315, 13.438488611757876 ], [ 121.876963153802265, 13.438471961423666 ], [ 121.87687486702184, 13.438224567891622 ], [ 121.876862235924932, 13.438193245761127 ], [ 121.876813857755423, 13.438293080525495 ], [ 121.876717931017438, 13.438314538697149 ], [ 121.876628465377493, 13.438320392758433 ], [ 121.876411175032572, 13.438338182789574 ], [ 121.876417330387909, 13.438388235518271 ] ] ] } },
{ "type": "Feature", "properties": { "Id": 0, "CLN": "15994", "PSGC": "174001007", "Barangay": "Balimbing", "Land_Class": null, "PIN": "030-01-008-02-066" }, "geometry": { "type": "Polygon", "coordinates": [ [ [ 121.876628465377493, 13.438320392758433 ], [ 121.876717931017438, 13.438314538697149 ], [ 121.876627047234109, 13.437938943763186 ], [ 121.876569494184224, 13.437951193331344 ], [ 121.876628465377493, 13.438320392758433 ] ] ] } },
{ "type": "Feature", "properties": { "Id": 0, "CLN": "15993", "PSGC": "174001007", "Barangay": "Balimbing", "Land_Class": null, "PIN": "030-01-008-02-067" }, "geometry": { "type": "Polygon", "coordinates": [ [ [ 121.876717931017438, 13.438314538697149 ], [ 121.876813857755423, 13.438293080525495 ], [ 121.876713376799884, 13.437920569385399 ], [ 121.876627047234109, 13.437938943763186 ], [ 121.876717931017438, 13.438314538697149 ] ] ] } },
{ "type": "Feature", "properties": { "Id": 0, "CLN": "15992", "PSGC": "174001007", "Barangay": "Balimbing", "Land_Class": null, "PIN": "030-01-008-02-068" }, "geometry": { "type": "Polygon", "coordinates": [ [ [ 121.876862235924932, 13.438193245761127 ], [ 121.87677090072691, 13.43791457281222 ], [ 121.876713376799884, 13.437920569385399 ], [ 121.876813857755423, 13.438293080525495 ], [ 121.876862235924932, 13.438193245761127 ] ] ] } },
{ "type": "Feature", "properties": { "Id": 0, "CLN": "15991", "PSGC": "174001007", "Barangay": "Balimbing", "Land_Class": null, "PIN": "030-01-008-02-069" }, "geometry": { "type": "Polygon", "coordinates": [ [ [ 121.876862235924932, 13.438193245761127 ], [ 121.87687486702184, 13.438224567891622 ], [ 121.877031613734502, 13.438175241670129 ], [ 121.876895705689833, 13.437865104186665 ], [ 121.87677090072691, 13.43791457281222 ], [ 121.876862235924932, 13.438193245761127 ] ] ] } },
{ "type": "Feature", "properties": { "Id": 0, "CLN": "15985", "PSGC": "174001007", "Barangay": "Balimbing", "Land_Class": null, "PIN": "030-01-008-02-072" }, "geometry": { "type": "Polygon", "coordinates": [ [ [ 121.87673439030965, 13.437523587527373 ], [ 121.876931569064311, 13.437708935149017 ], [ 121.877130144977897, 13.437594137202556 ], [ 121.877229411043416, 13.437541427937308 ], [ 121.877195075589114, 13.437369312954358 ], [ 121.877044921456957, 13.437374896601805 ], [ 121.87673439030965, 13.437523587527373 ] ] ] } },
{ "type": "Feature", "properties": { "Id": 0, "CLN": "15975", "PSGC": "174001007", "Barangay": "Balimbing", "Land_Class": null, "PIN": "030-01-008-02-073" }, "geometry": { "type": "Polygon", "coordinates": [ [ [ 121.877130144977897, 13.437594137202556 ], [ 121.87730783912059, 13.43784818243379 ], [ 121.877413508120128, 13.437792375067305 ], [ 121.877683111549018, 13.437515311106708 ], [ 121.877712193401024, 13.437443529362145 ], [ 121.877578838991255, 13.437270973113129 ], [ 121.877313331867711, 13.437354207275893 ], [ 121.877195075589114, 13.437369312954358 ], [ 121.877229411043416, 13.437541427937308 ], [ 121.877130144977897, 13.437594137202556 ] ] ] } },
{ "type": "Feature", "properties": { "Id": 0, "CLN": "15965", "PSGC": "174001007", "Barangay": "Balimbing", "Land_Class": null, "PIN": "030-01-008-06-023" }, "geometry": { "type": "Polygon", "coordinates": [ [ [ 121.877712193401024, 13.437443529362138 ], [ 121.877683111549018, 13.437515311106704 ], [ 121.878128344844541, 13.437936256784148 ], [ 121.878250624100076, 13.437742953494265 ], [ 121.878463934672567, 13.437520073639975 ], [ 121.878182576785008, 13.437264283494395 ], [ 121.878023494472387, 13.437129131824147 ], [ 121.877927292023159, 13.437209994306336 ], [ 121.877770109838025, 13.437353116625109 ], [ 121.877712193401024, 13.437443529362138 ] ] ] } },
{ "type": "Feature", "properties": { "Id": 0, "CLN": "15977", "PSGC": "174001007", "Barangay": "Balimbing", "Land_Class": null, "PIN": "030-01-008-07-035" }, "geometry": { "type": "Polygon", "coordinates": [ [ [ 121.877578838991255, 13.437270973113147 ], [ 121.877712193401038, 13.437443529362163 ], [ 121.877770109838025, 13.437353116625131 ], [ 121.877927292023159, 13.437209994306356 ], [ 121.877867451207095, 13.437080050339199 ], [ 121.877815979373253, 13.43696827945354 ], [ 121.877696445980916, 13.436708712758895 ], [ 121.87698979869181, 13.436865018282058 ], [ 121.877044921456957, 13.437374896601805 ], [ 121.877195075589114, 13.437369312954376 ], [ 121.877313331867711, 13.437354207275893 ], [ 121.877578838991255, 13.437270973113147 ] ] ] } },
{ "type": "Feature", "properties": { "Id": 0, "CLN": "15262", "PSGC": "174001007", "Barangay": "Balimbing", "Land_Class": null, "PIN": "030-01-008-07-044" }, "geometry": { "type": "Polygon", "coordinates": [ [ [ 121.877815979373253, 13.43696827945354 ], [ 121.877907198509661, 13.436916003521509 ], [ 121.877871395387174, 13.436839005401231 ], [ 121.877850533343377, 13.436848615588003 ], [ 121.877760528630574, 13.436666293003224 ], [ 121.877696445980916, 13.436708712758895 ], [ 121.877815979373253, 13.43696827945354 ] ] ] } },
{ "type": "Feature", "properties": { "Id": 0, "CLN": "15963 pt.", "PSGC": "174001007", "Barangay": "Balimbing", "Land_Class": null, "PIN": "030-01-008-07-060" }, "geometry": { "type": "Polygon", "coordinates": [ [ [ 121.878033280448619, 13.437085403290338 ], [ 121.878148633151142, 13.437007752649674 ], [ 121.878063408839722, 13.436788512327221 ], [ 121.87802545622236, 13.436688878426969 ], [ 121.877894331321755, 13.436771856720817 ], [ 121.877947879039866, 13.436892690273574 ], [ 121.877997390157773, 13.437004414895128 ], [ 121.878033280448619, 13.437085403290338 ] ] ] } },
{ "type": "Feature", "properties": { "Id": 0, "CLN": "15164", "PSGC": "174001007", "Barangay": "Balimbing", "Land_Class": null, "PIN": "030-01-008-07-041" }, "geometry": { "type": "Polygon", "coordinates": [ [ [ 121.878245081234425, 13.436942949296911 ], [ 121.878147621655216, 13.437005150569417 ], [ 121.878148633151142, 13.437007752649674 ], [ 121.878033280448619, 13.437085403290338 ], [ 121.878023494472387, 13.437129131824165 ], [ 121.878182576785008, 13.437264283494402 ], [ 121.878362146785591, 13.437115007444683 ], [ 121.878245081234425, 13.436942949296911 ] ] ] } },
{ "type": "Feature", "properties": { "Id": 0, "CLN": "15953", "PSGC": "174001007", "Barangay": "Balimbing", "Land_Class": null, "PIN": "030-01-008-07-030" }, "geometry": { "type": "Polygon", "coordinates": [ [ [ 121.878362146785591, 13.437115007444683 ], [ 121.878461572273736, 13.437027905973052 ], [ 121.878249148788328, 13.436686162535558 ], [ 121.878121034242639, 13.436760629807424 ], [ 121.878362146785591, 13.437115007444683 ] ] ] } },
{ "type": "Feature", "properties": { "Id": 0, "CLN": "15952", "PSGC": "174001007", "Barangay": "Balimbing", "Land_Class": null, "PIN": "030-01-008-07-029" }, "geometry": { "type": "Polygon", "coordinates": [ [ [ 121.878461572273736, 13.437027905973052 ], [ 121.878576997480081, 13.436934622539342 ], [ 121.878377292324672, 13.436605442158697 ], [ 121.878249148788328, 13.436686162535558 ], [ 121.878461572273736, 13.437027905973052 ] ] ] } },
{ "type": "Feature", "properties": { "Id": 0, "CLN": "15951", "PSGC": "174001007", "Barangay": "Balimbing", "Land_Class": null, "PIN": "030-01-008-07-028" }, "geometry": { "type": "Polygon", "coordinates": [ [ [ 121.878576997480081, 13.436934622539342 ], [ 121.878667101917898, 13.43679120100094 ], [ 121.878505348590053, 13.436543480809721 ], [ 121.878377292324672, 13.436605442158697 ], [ 121.878576997480081, 13.436934622539342 ] ] ] } },
{ "type": "Feature", "properties": { "Id": 0, "CLN": "15950", "PSGC": "174001007", "Barangay": "Balimbing", "Land_Class": null, "PIN": "030-01-008-07-027" }, "geometry": { "type": "Polygon", "coordinates": [ [ [ 121.878576997480081, 13.436934622539342 ], [ 121.878678672538229, 13.437050758784206 ], [ 121.878983220475916, 13.43681449439681 ], [ 121.878859302568827, 13.436673246597575 ], [ 121.87877930373314, 13.436704156269739 ], [ 121.878667101917898, 13.43679120100094 ], [ 121.878576997480081, 13.436934622539342 ] ] ] } },
{ "type": "Feature", "properties": { "Id": 0, "CLN": "15949", "PSGC": "174001007", "Barangay": "Balimbing", "Land_Class": null, "PIN": "030-01-008-07-026" }, "geometry": { "type": "Polygon", "coordinates": [ [ [ 121.878667101917898, 13.43679120100094 ], [ 121.87877930373314, 13.436704156269739 ], [ 121.878859302568827, 13.436673246597575 ], [ 121.87880831251384, 13.436648006945848 ], [ 121.878795681223693, 13.43661668489532 ], [ 121.87855766087155, 13.436284207489425 ], [ 121.878458148552525, 13.436390068131045 ], [ 121.878505348590053, 13.436543480809721 ], [ 121.878667101917898, 13.43679120100094 ] ] ] } },
{ "type": "Feature", "properties": { "Id": 0, "CLN": "15948", "PSGC": "174001007", "Barangay": "Balimbing", "Land_Class": null, "PIN": "030-01-008-07-025" }, "geometry": { "type": "Polygon", "coordinates": [ [ [ 121.878795681223693, 13.43661668489532 ], [ 121.878891795997745, 13.436554581139008 ], [ 121.878787231959905, 13.436372773905871 ], [ 121.878679546580003, 13.436175319832929 ], [ 121.87855766087155, 13.436284207489425 ], [ 121.878795681223693, 13.43661668489532 ] ] ] } },
{ "type": "Feature", "properties": { "Id": 0, "CLN": "15946", "PSGC": "174001007", "Barangay": "Balimbing", "Land_Class": null, "PIN": "030-01-008-07-058" }, "geometry": { "type": "Polygon", "coordinates": [ [ [ 121.878914476552538, 13.43628187070545 ], [ 121.878787760252536, 13.436069497825256 ], [ 121.878679546580003, 13.436175319832929 ], [ 121.878787231959905, 13.436372773905871 ], [ 121.878914476552538, 13.43628187070545 ] ] ] } },
{ "type": "Feature", "properties": { "Id": 0, "CLN": "15925", "PSGC": "174001007", "Barangay": "Balimbing", "Land_Class": null, "PIN": "030-01-008-07-046" }, "geometry": { "type": "Polygon", "coordinates": [ [ [ 121.87952711976159, 13.436191201632823 ], [ 121.879333974682567, 13.43583339948783 ], [ 121.879201538986209, 13.435887798777438 ], [ 121.87928374648169, 13.43606857879152 ], [ 121.879381878963883, 13.436259736970364 ], [ 121.87952711976159, 13.436191201632823 ] ] ] } },
{ "type": "Feature", "properties": { "Id": 0, "CLN": "15944", "PSGC": "174001007", "Barangay": "Balimbing", "Land_Class": null, "PIN": "030-01-008-07-032" }, "geometry": { "type": "Polygon", "coordinates": [ [ [ 121.879189582924553, 13.435616037162919 ], [ 121.87910909403719, 13.435504294096139 ], [ 121.878456422115377, 13.436074275715583 ], [ 121.877965582570368, 13.436531696868553 ], [ 121.87802545622236, 13.436688878426969 ], [ 121.878063408839722, 13.436788512327221 ], [ 121.878121034242639, 13.43676062980744 ], [ 121.878249148788328, 13.436686162535558 ], [ 121.878377292324672, 13.436605442158697 ], [ 121.878505348590053, 13.436543480809741 ], [ 121.878458148552525, 13.436390068131063 ], [ 121.878557660871579, 13.436284207489415 ], [ 121.878679546580003, 13.436175319832929 ], [ 121.878787760252536, 13.436069497825256 ], [ 121.878920346470068, 13.435996368721401 ], [ 121.879201538986209, 13.435887798777438 ], [ 121.879333974682538, 13.43583339948783 ], [ 121.879189582924553, 13.435616037162919 ] ] ] } },
{ "type": "Feature", "properties": { "Id": 0, "CLN": "15947", "PSGC": "174001007", "Barangay": "Balimbing", "Land_Class": null, "PIN": "030-01-008-07-057" }, "geometry": { "type": "Polygon", "coordinates": [ [ [ 121.878914476552566, 13.43628187070545 ], [ 121.8790137499183, 13.436480247766017 ], [ 121.879090399157334, 13.43643352845371 ], [ 121.879154441696386, 13.436399421078102 ], [ 121.879030799836059, 13.436198769537551 ], [ 121.878914476552566, 13.43628187070545 ] ] ] } },
{ "type": "Feature", "properties": { "Id": 0, "CLN": "15945", "PSGC": "174001007", "Barangay": "Balimbing", "Land_Class": null, "PIN": "030-01-008-07-022" }, "geometry": { "type": "Polygon", "coordinates": [ [ [ 121.87928374648169, 13.43606857879152 ], [ 121.879201538986209, 13.435887798777438 ], [ 121.878920346470068, 13.435996368721401 ], [ 121.878961124367592, 13.436070269549852 ], [ 121.879030799836059, 13.436198769537551 ], [ 121.879154441696386, 13.436399421078102 ], [ 121.8793466127713, 13.436287719291334 ], [ 121.879381878963883, 13.436259736970364 ], [ 121.87928374648169, 13.43606857879152 ] ] ] } },
{ "type": "Feature", "properties": { "Id": 0, "CLN": "15943", "PSGC": "174001007", "Barangay": "Balimbing", "Land_Class": null, "PIN": "030-01-008-07-021" }, "geometry": { "type": "Polygon", "coordinates": [ [ [ 121.87909039915732, 13.43643352845371 ], [ 121.879264798927892, 13.436709443827418 ], [ 121.879623007534519, 13.436610987002039 ], [ 121.879346612771243, 13.436287719291348 ], [ 121.879154441696386, 13.436399421078102 ], [ 121.87909039915732, 13.43643352845371 ] ] ] } },
{ "type": "Feature", "properties": { "Id": 0, "CLN": "15942", "PSGC": "174001007", "Barangay": "Balimbing", "Land_Class": null, "PIN": "030-01-008-07-020" }, "geometry": { "type": "Polygon", "coordinates": [ [ [ 121.879623007534519, 13.436610987002034 ], [ 121.879645206846604, 13.436645478165765 ], [ 121.879904396849412, 13.436546580412008 ], [ 121.879717539199717, 13.436201825199442 ], [ 121.879672360482061, 13.436122666204673 ], [ 121.879381878963869, 13.436259736970369 ], [ 121.879346612771243, 13.436287719291343 ], [ 121.879623007534519, 13.436610987002034 ] ] ] } },
{ "type": "Feature", "properties": { "Id": 0, "CLN": "15491", "PSGC": "174001007", "Barangay": "Balimbing", "Land_Class": null, "PIN": "030-01-008-06-028" }, "geometry": { "type": "Polygon", "coordinates": [ [ [ 121.87964671732523, 13.437696016563995 ], [ 121.879667726268011, 13.437986882177935 ], [ 121.880328569353409, 13.438064859325628 ], [ 121.88045090503752, 13.437859048761949 ], [ 121.879777865780639, 13.43696810628164 ], [ 121.879470922760916, 13.4370323989921 ], [ 121.879502268954994, 13.437160728334179 ], [ 121.87942797586598, 13.437338612952926 ], [ 121.87964671732523, 13.437696016563995 ] ] ] } },
{ "type": "Feature", "properties": { "Id": 0, "CLN": "15492", "PSGC": "174001007", "Barangay": "Balimbing", "Land_Class": null, "PIN": "030-01-008-07-001" }, "geometry": { "type": "Polygon", "coordinates": [ [ [ 121.87942797586598, 13.437338612952926 ], [ 121.879502268954994, 13.437160728334197 ], [ 121.879470922760916, 13.437032398992116 ], [ 121.879777865780639, 13.436968106281656 ], [ 121.880450905037492, 13.437859048761966 ], [ 121.880582793963271, 13.437659533752395 ], [ 121.880734176267865, 13.43741396929682 ], [ 121.881172657951524, 13.437889822270533 ], [ 121.881408012703105, 13.437549527494523 ], [ 121.881756631466232, 13.437074411880118 ], [ 121.881829390449042, 13.436658737345171 ], [ 121.881526806595133, 13.436583447590836 ], [ 121.881155174474046, 13.436710983594638 ], [ 121.881154282122026, 13.43653421115294 ], [ 121.881078126691733, 13.436343291923558 ], [ 121.880817613273308, 13.43636472837828 ], [ 121.880637669094639, 13.436433439968194 ], [ 121.880579274617901, 13.436352606284919 ], [ 121.880313392101982, 13.436517133263736 ], [ 121.880015188920936, 13.436074959114844 ], [ 121.879999234214878, 13.436054887378461 ], [ 121.879972935837372, 13.436075638802846 ], [ 121.879842487899296, 13.436121089807203 ], [ 121.879717539199717, 13.43620182519944 ], [ 121.879904396849412, 13.436546580412022 ], [ 121.879645206846604, 13.43664547816576 ], [ 121.879623007534519, 13.436610987002039 ], [ 121.879264798927892, 13.436709443827436 ], [ 121.87909039915732, 13.43643352845371 ], [ 121.878891795997745, 13.436554581139021 ], [ 121.878795681223721, 13.43661668489532 ], [ 121.87880831251384, 13.43664800694587 ], [ 121.878859302568856, 13.436673246597593 ], [ 121.878983220475916, 13.43681449439681 ], [ 121.8786786725382, 13.437050758784226 ], [ 121.878576997480081, 13.436934622539358 ], [ 121.878461572273736, 13.437027905973068 ], [ 121.878362146785591, 13.437115007444683 ], [ 121.878182576785008, 13.437264283494402 ], [ 121.878463934672567, 13.437520073639996 ], [ 121.878542004366864, 13.4375910487878 ], [ 121.878641444536939, 13.437500820742075 ], [ 121.878869159177967, 13.437301733392868 ], [ 121.879037432381892, 13.437521343187786 ], [ 121.879157851630865, 13.43772823357574 ], [ 121.879383896163162, 13.437888695245128 ], [ 121.87964671732523, 13.437696016564017 ], [ 121.87942797586598, 13.437338612952926 ] ] ] } },
{ "type": "Feature", "properties": { "Id": 0, "CLN": "15976", "PSGC": "174001007", "Barangay": "Balimbing", "Land_Class": null, "PIN": null }, "geometry": { "type": "Polygon", "coordinates": [ [ [ 121.877696445980916, 13.436708712758895 ], [ 121.877680649780643, 13.436671123397891 ], [ 121.876983614126615, 13.436821218585225 ], [ 121.876989798691781, 13.436865018282061 ], [ 121.877696445980916, 13.436708712758895 ] ] ] } },
{ "type": "Feature", "properties": { "Id": 0, "CLN": "15983", "PSGC": "174001007", "Barangay": "Balimbing", "Land_Class": null, "PIN": null }, "geometry": { "type": "Polygon", "coordinates": [ [ [ 121.876983614126615, 13.436821218585225 ], [ 121.876561419671333, 13.43694127217886 ], [ 121.876989798691781, 13.436865018282061 ], [ 121.876983614126615, 13.436821218585225 ] ] ] } },
{ "type": "Feature", "properties": { "Id": 0, "CLN": "15961 pt.", "PSGC": "174001007", "Barangay": "Balimbing", "Land_Class": null, "PIN": null }, "geometry": { "type": "Polygon", "coordinates": [ [ [ 121.877743124932195, 13.436626491818632 ], [ 121.877680649780643, 13.436671123397891 ], [ 121.877696445980916, 13.436708712758895 ], [ 121.877760528630574, 13.436666293003224 ], [ 121.877743124932195, 13.436626491818632 ] ] ] } },
{ "type": "Feature", "properties": { "Id": 0, "CLN": "15944", "PSGC": "174001007", "Barangay": "Balimbing", "Land_Class": null, "PIN": null }, "geometry": { "type": "Polygon", "coordinates": [ [ [ 121.877802434276148, 13.436584121827311 ], [ 121.877827812912784, 13.436621753879436 ], [ 121.87796558257034, 13.436531696868553 ], [ 121.87795296593643, 13.43649724826837 ], [ 121.877802434276148, 13.436584121827311 ] ] ] } },
{ "type": "Feature", "properties": { "Id": 0, "CLN": "15981", "PSGC": "174001007", "Barangay": "Balimbing", "Land_Class": null, "PIN": "030-01-008-08-047" }, "geometry": { "type": "Polygon", "coordinates": [ [ [ 121.876961764439258, 13.43671169085559 ], [ 121.876530089647972, 13.436809816078991 ], [ 121.87653949738629, 13.436847377000529 ], [ 121.876968021756994, 13.436739857977724 ], [ 121.876961764439258, 13.43671169085559 ] ] ] } },
{ "type": "Feature", "properties": { "Id": 0, "CLN": "15978", "PSGC": "174001007", "Barangay": "Balimbing", "Land_Class": null, "PIN": null }, "geometry": { "type": "Polygon", "coordinates": [ [ [ 121.877620237419833, 13.436611449138844 ], [ 121.877598125673714, 13.436558198724986 ], [ 121.877070481626319, 13.436687162990198 ], [ 121.877070307024255, 13.436724681171894 ], [ 121.877620237419833, 13.436611449138844 ] ] ] } },
{ "type": "Feature", "properties": { "Id": 0, "CLN": "16006", "PSGC": "174001007", "Barangay": "Balimbing", "Land_Class": null, "PIN": "030-01-008-08-037" }, "geometry": { "type": "Polygon", "coordinates": [ [ [ 121.875844755727812, 13.436624824079505 ], [ 121.876035676779111, 13.436551059151819 ], [ 121.876110570290408, 13.436838202725644 ], [ 121.876472973608827, 13.436728270212528 ], [ 121.876417502703575, 13.436293428197899 ], [ 121.876382328948381, 13.436286782661643 ], [ 121.875586544491753, 13.436313544245797 ], [ 121.875635157501037, 13.436616893066162 ], [ 121.875783441556351, 13.437002299235884 ], [ 121.875929145120708, 13.436919005427058 ], [ 121.875844755727812, 13.436624824079505 ] ] ] } },
{ "type": "Feature", "properties": { "Id": 0, "CLN": "15980", "PSGC": "174001007", "Barangay": "Balimbing", "Land_Class": null, "PIN": "030-01-008-08-038" }, "geometry": { "type": "Polygon", "coordinates": [ [ [ 121.877061001056717, 13.43666523465777 ], [ 121.877135499272683, 13.436443579635172 ], [ 121.876417502703575, 13.436293428197892 ], [ 121.876472973608827, 13.436728270212516 ], [ 121.876504915012774, 13.436728412707687 ], [ 121.876962426386712, 13.436676434016428 ], [ 121.877061001056717, 13.43666523465777 ] ] ] } },
{ "type": "Feature", "properties": { "Id": 0, "CLN": "15979", "PSGC": "174001007", "Barangay": "Balimbing", "Land_Class": null, "PIN": "030-01-008-07-036" }, "geometry": { "type": "Polygon", "coordinates": [ [ [ 121.877135499272683, 13.436443579635174 ], [ 121.877061001056717, 13.436665234657776 ], [ 121.877070481626319, 13.436687162990198 ], [ 121.877598125673714, 13.436558198724986 ], [ 121.877634031965528, 13.436392649973078 ], [ 121.877314254595476, 13.436469389192625 ], [ 121.877135499272683, 13.436443579635174 ] ] ] } },
{ "type": "Feature", "properties": { "Id": 0, "CLN": "15958", "PSGC": "174001007", "Barangay": "Balimbing", "Land_Class": null, "PIN": "030-01-008-07-037" }, "geometry": { "type": "Polygon", "coordinates": [ [ [ 121.877745652277028, 13.4364306663522 ], [ 121.877634031965528, 13.436392649973078 ], [ 121.877598125673714, 13.436558198724969 ], [ 121.877770987267695, 13.436477677956367 ], [ 121.877745652277028, 13.4364306663522 ] ] ] } },
{ "type": "Feature", "properties": { "Id": 0, "CLN": "15961", "PSGC": "174001007", "Barangay": "Balimbing", "Land_Class": null, "PIN": "030-01-008-07-039" }, "geometry": { "type": "Polygon", "coordinates": [ [ [ 121.877770987267667, 13.436477677956388 ], [ 121.877908684162378, 13.436403253551346 ], [ 121.877864329723224, 13.436324891409017 ], [ 121.877745652277028, 13.436430666352186 ], [ 121.877770987267667, 13.436477677956388 ] ] ] } },
{ "type": "Feature", "properties": { "Id": 0, "CLN": "15961", "PSGC": "174001007", "Barangay": "Balimbing", "Land_Class": null, "PIN": null }, "geometry": { "type": "Polygon", "coordinates": [ [ [ 121.877620237419833, 13.436611449138844 ], [ 121.877786754390954, 13.436521520344277 ], [ 121.877770987267695, 13.436477677956367 ], [ 121.877598125673714, 13.436558198724969 ], [ 121.877620237419833, 13.436611449138844 ] ] ] } },
{ "type": "Feature", "properties": { "Id": 0, "CLN": "16007", "PSGC": "174001007", "Barangay": "Balimbing", "Land_Class": null, "PIN": "030-01-008-08-036" }, "geometry": { "type": "Polygon", "coordinates": [ [ [ 121.875844755727812, 13.436624824079487 ], [ 121.875929145120708, 13.436919005427027 ], [ 121.876110570290408, 13.436838202725625 ], [ 121.876035676779111, 13.436551059151819 ], [ 121.875844755727812, 13.436624824079487 ] ] ] } },
{ "type": "Feature", "properties": { "Id": 0, "CLN": "16015", "PSGC": "174001007", "Barangay": "Balimbing", "Land_Class": null, "PIN": "030-01-008-08-026" }, "geometry": { "type": "Polygon", "coordinates": [ [ [ 121.875635157501037, 13.436616893066162 ], [ 121.875586544491753, 13.436313544245797 ], [ 121.875103019340401, 13.43629972612225 ], [ 121.875121739689874, 13.43637209499799 ], [ 121.875217506362361, 13.436780584683866 ], [ 121.875432260250747, 13.436704594896096 ], [ 121.875635157501037, 13.436616893066162 ] ] ] } },
{ "type": "Feature", "properties": { "Id": 0, "CLN": "15891", "PSGC": "174001007", "Barangay": "Balimbing", "Land_Class": null, "PIN": "030-01-008-08-019" }, "geometry": { "type": "Polygon", "coordinates": [ [ [ 121.874756996763395, 13.435737449461186 ], [ 121.874553134895507, 13.435665851641255 ], [ 121.874652999831866, 13.436076615281284 ], [ 121.874675908929191, 13.436215624978544 ], [ 121.874893823737111, 13.436205520360486 ], [ 121.874756996763395, 13.435737449461186 ] ] ] } },
{ "type": "Feature", "properties": { "Id": 0, "CLN": "15890", "PSGC": "174001007", "Barangay": "Balimbing", "Land_Class": null, "PIN": "030-01-008-08-018" }, "geometry": { "type": "Polygon", "coordinates": [ [ [ 121.874652999831866, 13.436076615281284 ], [ 121.874553134895507, 13.435665851641255 ], [ 121.874146808368849, 13.435701410340906 ], [ 121.874236944968146, 13.436074337005827 ], [ 121.874264823835333, 13.436226027453046 ], [ 121.874675908929191, 13.436215624978544 ], [ 121.874652999831866, 13.436076615281284 ] ] ] } },
{ "type": "Feature", "properties": { "Id": 0, "CLN": "16016", "PSGC": "174001007", "Barangay": "Balimbing", "Land_Class": null, "PIN": "030-01-008-08-020" }, "geometry": { "type": "Polygon", "coordinates": [ [ [ 121.874959415426034, 13.436443655187897 ], [ 121.874718479576558, 13.436514864032738 ], [ 121.874544559674931, 13.436518750443911 ], [ 121.87473488363824, 13.437083892202505 ], [ 121.874983216633339, 13.436959085435939 ], [ 121.875236259380131, 13.436845958351732 ], [ 121.875217506362361, 13.436780584683849 ], [ 121.875121739689845, 13.436372094997978 ], [ 121.874959415426034, 13.436443655187897 ] ] ] } },
{ "type": "Feature", "properties": { "Id": 0, "CLN": "16017", "PSGC": "174001007", "Barangay": "Balimbing", "Land_Class": null, "PIN": "030-01-008-08-015" }, "geometry": { "type": "Polygon", "coordinates": [ [ [ 121.87473488363824, 13.437083892202505 ], [ 121.874544559674931, 13.436518750443911 ], [ 121.874337267694131, 13.436527151140114 ], [ 121.874515190861928, 13.437197167792043 ], [ 121.87473488363824, 13.437083892202505 ] ] ] } },
{ "type": "Feature", "properties": { "Id": 0, "CLN": "16018", "PSGC": "174001007", "Barangay": "Balimbing", "Land_Class": null, "PIN": "030-01-008-08-014" }, "geometry": { "type": "Polygon", "coordinates": [ [ [ 121.874337267694131, 13.436527151140114 ], [ 121.874199156445798, 13.436514874886772 ], [ 121.874180697071452, 13.436897204600093 ], [ 121.874316970092579, 13.437303543807527 ], [ 121.874515190861928, 13.437197167792043 ], [ 121.874337267694131, 13.436527151140114 ] ] ] } },
{ "type": "Feature", "properties": { "Id": 0, "CLN": "16019", "PSGC": "174001007", "Barangay": "Balimbing", "Land_Class": null, "PIN": "030-01-008-08-021" }, "geometry": { "type": "Polygon", "coordinates": [ [ [ 121.87473488363824, 13.437083892202505 ], [ 121.874883927556482, 13.437306077438965 ], [ 121.875079874651732, 13.437176372977799 ], [ 121.874983216633339, 13.436959085435939 ], [ 121.87473488363824, 13.437083892202505 ] ] ] } },
{ "type": "Feature", "properties": { "Id": 0, "CLN": "16014", "PSGC": "174001007", "Barangay": "Balimbing", "Land_Class": null, "PIN": "030-01-008-08-025" }, "geometry": { "type": "Polygon", "coordinates": [ [ [ 121.875217506362361, 13.436780584683849 ], [ 121.875236259380131, 13.436845958351732 ], [ 121.875332308957439, 13.437193822922779 ], [ 121.875551914474087, 13.437099200464123 ], [ 121.875432260250747, 13.436704594896096 ], [ 121.875217506362361, 13.436780584683849 ] ] ] } },
{ "type": "Feature", "properties": { "Id": 0, "CLN": "16008", "PSGC": "174001007", "Barangay": "Balimbing", "Land_Class": null, "PIN": "030-01-008-08-027" }, "geometry": { "type": "Polygon", "coordinates": [ [ [ 121.875551914474087, 13.437099200464123 ], [ 121.875671251295557, 13.437050765831339 ], [ 121.87580818967524, 13.437314868630592 ], [ 121.875911036013463, 13.43722671996308 ], [ 121.875884940726891, 13.437203285652775 ], [ 121.875885027633203, 13.437184631776431 ], [ 121.875856691405644, 13.437130874281532 ], [ 121.875783441556351, 13.437002299235884 ], [ 121.875635157501037, 13.436616893066162 ], [ 121.875432260250747, 13.436704594896096 ], [ 121.875551914474087, 13.437099200464123 ] ] ] } },
{ "type": "Feature", "properties": { "Id": 0, "CLN": "16010", "PSGC": "174001007", "Barangay": "Balimbing", "Land_Class": null, "PIN": "030-01-008-08-028" }, "geometry": { "type": "Polygon", "coordinates": [ [ [ 121.87580818967524, 13.437314868630592 ], [ 121.875671251295557, 13.437050765831339 ], [ 121.875551914474087, 13.437099200464123 ], [ 121.875693356324959, 13.437419286214059 ], [ 121.87580818967524, 13.437314868630592 ] ] ] } },
{ "type": "Feature", "properties": { "Id": 0, "CLN": "16013", "PSGC": "174001007", "Barangay": "Balimbing", "Land_Class": null, "PIN": "030-01-008-08-029" }, "geometry": { "type": "Polygon", "coordinates": [ [ [ 121.875551914474087, 13.437099200464123 ], [ 121.875332308957439, 13.437193822922779 ], [ 121.875480375442365, 13.437625863926351 ], [ 121.875693356324959, 13.437419286214059 ], [ 121.875551914474087, 13.437099200464123 ] ] ] } },
{ "type": "Feature", "properties": { "Id": 0, "CLN": "16021", "PSGC": "174001007", "Barangay": "Balimbing", "Land_Class": null, "PIN": "030-01-008-08-024" }, "geometry": { "type": "Polygon", "coordinates": [ [ [ 121.875480375442365, 13.437625863926351 ], [ 121.875332308957439, 13.437193822922779 ], [ 121.875236259380131, 13.436845958351732 ], [ 121.874983216633339, 13.436959085435939 ], [ 121.875079874651732, 13.437176372977799 ], [ 121.875280609441717, 13.437552686548759 ], [ 121.875391810983956, 13.437716407954015 ], [ 121.875480375442365, 13.437625863926351 ] ] ] } },
{ "type": "Feature", "properties": { "Id": 0, "CLN": "16020", "PSGC": "174001007", "Barangay": "Balimbing", "Land_Class": null, "PIN": "030-01-008-08-022" }, "geometry": { "type": "Polygon", "coordinates": [ [ [ 121.875079874651732, 13.437176372977799 ], [ 121.874883927556482, 13.437306077438965 ], [ 121.87513477483246, 13.437663960736796 ], [ 121.875280609441717, 13.437552686548759 ], [ 121.875079874651732, 13.437176372977799 ] ] ] } },
{ "type": "Feature", "properties": { "Id": 0, "CLN": "16004", "PSGC": "174001007", "Barangay": "Balimbing", "Land_Class": null, "PIN": "030-01-008-08-034" }, "geometry": { "type": "Polygon", "coordinates": [ [ [ 121.875856691405644, 13.437130874281547 ], [ 121.875885027633259, 13.437184631776448 ], [ 121.875884940726948, 13.437203285652775 ], [ 121.875911036013491, 13.437226719963114 ], [ 121.876206374514595, 13.436974113664581 ], [ 121.875856691405644, 13.437130874281547 ] ] ] } },
{ "type": "Feature", "properties": { "Id": 0, "CLN": "16003", "PSGC": "174001007", "Barangay": "Balimbing", "Land_Class": null, "PIN": null }, "geometry": { "type": "Polygon", "coordinates": [ [ [ 121.876206374514595, 13.436974113664581 ], [ 121.875911036013491, 13.437226719963114 ], [ 121.875925198705374, 13.437254764575776 ], [ 121.876206374514595, 13.436974113664581 ] ] ] } },
{ "type": "Feature", "properties": { "Id": 0, "CLN": "16009", "PSGC": "174001007", "Barangay": "Balimbing", "Land_Class": null, "PIN": null }, "geometry": { "type": "Polygon", "coordinates": [ [ [ 121.875911036013463, 13.43722671996308 ], [ 121.87580818967524, 13.437314868630592 ], [ 121.875819959319401, 13.437345234348852 ], [ 121.875925198705346, 13.43725476457576 ], [ 121.875911036013463, 13.43722671996308 ] ] ] } },
{ "type": "Feature", "properties": { "Id": 0, "CLN": "16011", "PSGC": "174001007", "Barangay": "Balimbing", "Land_Class": null, "PIN": null }, "geometry": { "type": "Polygon", "coordinates": [ [ [ 121.87580818967524, 13.437314868630592 ], [ 121.875693356324959, 13.437419286214059 ], [ 121.875714687259901, 13.437442699274145 ], [ 121.875819959319401, 13.437345234348852 ], [ 121.87580818967524, 13.437314868630592 ] ] ] } },
{ "type": "Feature", "properties": { "Id": 0, "CLN": "16012", "PSGC": "174001007", "Barangay": "Balimbing", "Land_Class": null, "PIN": null }, "geometry": { "type": "Polygon", "coordinates": [ [ [ 121.875693356324959, 13.437419286214059 ], [ 121.875480375442365, 13.437625863926351 ], [ 121.875501728106514, 13.437644613535596 ], [ 121.875714687259901, 13.437442699274145 ], [ 121.875693356324959, 13.437419286214059 ] ] ] } },
{ "type": "Feature", "properties": { "Id": 0, "CLN": "16022", "PSGC": "174001007", "Barangay": "Balimbing", "Land_Class": null, "PIN": null }, "geometry": { "type": "Polygon", "coordinates": [ [ [ 121.875501728106514, 13.437644613535596 ], [ 121.875480375442365, 13.437625863926351 ], [ 121.875391810983956, 13.437716407954015 ], [ 121.875408410158158, 13.437732804560314 ], [ 121.875501728106514, 13.437644613535596 ] ] ] } },
{ "type": "Feature", "properties": { "Id": 0, "CLN": "16001", "PSGC": "174001007", "Barangay": "Balimbing", "Land_Class": null, "PIN": null }, "geometry": { "type": "Polygon", "coordinates": [ [ [ 121.875986722480178, 13.437343646939556 ], [ 121.876256994324962, 13.437111674776947 ], [ 121.875979651990463, 13.437327292900054 ], [ 121.875986722480178, 13.437343646939556 ] ] ] } },
{ "type": "Feature", "properties": { "Id": 0, "CLN": "16028", "PSGC": "174001007", "Barangay": "Balimbing", "Land_Class": null, "PIN": null }, "geometry": { "type": "Polygon", "coordinates": [ [ [ 121.875986722480178, 13.437343646939556 ], [ 121.875979651990463, 13.437327292900054 ], [ 121.875728513121715, 13.437543027661681 ], [ 121.875745101444735, 13.437561755981204 ], [ 121.875986722480178, 13.437343646939556 ] ] ] } },
{ "type": "Feature", "properties": { "Id": 0, "CLN": "16027", "PSGC": "174001007", "Barangay": null, "Land_Class": null, "PIN": null }, "geometry": { "type": "Polygon", "coordinates": [ [ [ 121.875728513121715, 13.437543027661681 ], [ 121.87553941914507, 13.437735721361427 ], [ 121.875556007464397, 13.437754449693028 ], [ 121.875745101444735, 13.437561755981204 ], [ 121.875728513121715, 13.437543027661681 ] ] ] } },
{ "type": "Feature", "properties": { "Id": 0, "CLN": "16023", "PSGC": "174001007", "Barangay": "Balimbing", "Land_Class": null, "PIN": "030-01-008-08-023" }, "geometry": { "type": "Polygon", "coordinates": [ [ [ 121.875280609441717, 13.437552686548759 ], [ 121.87513477483246, 13.437663960736796 ], [ 121.875274421168044, 13.437858122418501 ], [ 121.875391810983956, 13.437716407954015 ], [ 121.875280609441717, 13.437552686548759 ] ] ] } },
{ "type": "Feature", "properties": { "Id": 0, "CLN": "16024", "PSGC": "174001007", "Barangay": "Balimbing", "Land_Class": null, "PIN": null }, "geometry": { "type": "Polygon", "coordinates": [ [ [ 121.875274421168044, 13.437858122418501 ], [ 121.875288649031802, 13.437872176659097 ], [ 121.875408410158158, 13.437732804560314 ], [ 121.875391810983956, 13.437716407954015 ], [ 121.875274421168044, 13.437858122418501 ] ] ] } },
{ "type": "Feature", "properties": { "Id": 0, "CLN": "16029", "PSGC": "174001007", "Barangay": "Balimbing", "Land_Class": null, "PIN": "030-01-008-08-031" }, "geometry": { "type": "Polygon", "coordinates": [ [ [ 121.875745101444735, 13.437561755981204 ], [ 121.875785348580422, 13.43761556666187 ], [ 121.875917121045234, 13.437965922329631 ], [ 121.876053361628124, 13.437868595555743 ], [ 121.876208605241686, 13.43778301241827 ], [ 121.876178114778568, 13.437680277891838 ], [ 121.876107920190876, 13.437407146000682 ], [ 121.876038782764255, 13.437418496355701 ], [ 121.875986722480178, 13.437343646939556 ], [ 121.875745101444735, 13.437561755981204 ] ] ] } },
{ "type": "Feature", "properties": { "Id": 0, "CLN": "16026", "PSGC": "174001007", "Barangay": "Balimbing", "Land_Class": null, "PIN": "030-01-008-08-042" }, "geometry": { "type": "Polygon", "coordinates": [ [ [ 121.875864866496485, 13.438010085346288 ], [ 121.875674691724001, 13.437633506128751 ], [ 121.875556007464397, 13.437754449693044 ], [ 121.875749705539121, 13.438107413715548 ], [ 121.875864866496485, 13.438010085346288 ] ] ] } },
{ "type": "Feature", "properties": { "Id": 0, "CLN": "16125", "PSGC": "174001007", "Barangay": "Balimbing", "Land_Class": null, "PIN": null }, "geometry": { "type": "Polygon", "coordinates": [ [ [ 121.87553941914507, 13.437735721361427 ], [ 121.875328678719811, 13.437972622086603 ], [ 121.875280600299249, 13.438065678655441 ], [ 121.875313896503755, 13.438077486278178 ], [ 121.875369186672998, 13.437970471214776 ], [ 121.875556007464397, 13.437754449693028 ], [ 121.87553941914507, 13.437735721361427 ] ] ] } },
{ "type": "Feature", "properties": { "Id": 0, "CLN": "16052", "PSGC": "174001007", "Barangay": "Balimbing", "Land_Class": null, "PIN": "030-01-008-08-062" }, "geometry": { "type": "Polygon", "coordinates": [ [ [ 121.875313896503755, 13.438077486278178 ], [ 121.8754256960531, 13.43811296231342 ], [ 121.875547122178332, 13.438127495243645 ], [ 121.875761507801968, 13.438130784234282 ], [ 121.875749705539121, 13.438107413715512 ], [ 121.875556007464397, 13.437754449693028 ], [ 121.875369186672998, 13.437970471214776 ], [ 121.875313896503755, 13.438077486278178 ] ] ] } },
{ "type": "Feature", "properties": { "Id": 0, "CLN": "16025..", "PSGC": "174001007", "Barangay": "Balimbing", "Land_Class": null, "PIN": null }, "geometry": { "type": "Polygon", "coordinates": [ [ [ 121.875274421168044, 13.437858122418501 ], [ 121.875072328483654, 13.438283935887585 ], [ 121.875288649031802, 13.437872176659097 ], [ 121.875274421168044, 13.437858122418501 ] ] ] } },
{ "type": "Feature", "properties": { "Id": 0, "CLN": "16045", "PSGC": "174001007", "Barangay": "Balimbing", "Land_Class": null, "PIN": "030-01-008-02-060" }, "geometry": { "type": "Polygon", "coordinates": [ [ [ 121.875313896503755, 13.438077486278178 ], [ 121.875280600299249, 13.438065678655441 ], [ 121.87524929495369, 13.438137824087583 ], [ 121.875282612905806, 13.438144968247309 ], [ 121.875313896503755, 13.438077486278178 ] ] ] } },
{ "type": "Feature", "properties": { "Id": 0, "CLN": "16042", "PSGC": "174001007", "Barangay": "Balimbing", "Land_Class": null, "PIN": "030-01-008-02-060" }, "geometry": { "type": "Polygon", "coordinates": [ [ [ 121.875282612905806, 13.438144968247309 ], [ 121.875399165978109, 13.438182797309651 ], [ 121.8754256960531, 13.43811296231342 ], [ 121.875313896503755, 13.438077486278178 ], [ 121.875282612905806, 13.438144968247309 ] ] ] } },
{ "type": "Feature", "properties": { "Id": 0, "CLN": "16044", "PSGC": "174001007", "Barangay": "Balimbing", "Land_Class": null, "PIN": "030-01-008-02-059" }, "geometry": { "type": "Polygon", "coordinates": [ [ [ 121.875282612905806, 13.438144968247309 ], [ 121.87524929495369, 13.438137824087583 ], [ 121.875210734330324, 13.438233254930873 ], [ 121.875241648369055, 13.438245051924085 ], [ 121.875282612905806, 13.438144968247309 ] ] ] } },
{ "type": "Feature", "properties": { "Id": 0, "CLN": "16041", "PSGC": "174001007", "Barangay": "Balimbing", "Land_Class": null, "PIN": "030-01-008-02-059" }, "geometry": { "type": "Polygon", "coordinates": [ [ [ 121.875241648369055, 13.438245051924085 ], [ 121.875374963724937, 13.438264301610088 ], [ 121.875399165978109, 13.438182797309651 ], [ 121.875282612905806, 13.438144968247309 ], [ 121.875241648369055, 13.438245051924085 ] ] ] } },
{ "type": "Feature", "properties": { "Id": 0, "CLN": "16046", "PSGC": "174001007", "Barangay": "Balimbing", "Land_Class": null, "PIN": "030-01-008-02-058" }, "geometry": { "type": "Polygon", "coordinates": [ [ [ 121.875210734330324, 13.438233254930873 ], [ 121.875169813231324, 13.438324011656697 ], [ 121.875200694666347, 13.438342803856969 ], [ 121.875241648369055, 13.438245051924085 ], [ 121.875210734330324, 13.438233254930873 ] ] ] } },
{ "type": "Feature", "properties": { "Id": 0, "CLN": "16040", "PSGC": "174001007", "Barangay": "Balimbing", "Land_Class": null, "PIN": "030-01-008-02-058" }, "geometry": { "type": "Polygon", "coordinates": [ [ [ 121.875200694666347, 13.438342803856969 ], [ 121.875372103296471, 13.438366887263751 ], [ 121.875374963724937, 13.438264301610088 ], [ 121.875241648369055, 13.438245051924085 ], [ 121.875200694666347, 13.438342803856969 ] ] ] } },
{ "type": "Feature", "properties": { "Id": 0, "CLN": "16030", "PSGC": "174001007", "Barangay": "Balimbing", "Land_Class": null, "PIN": "030-01-008-02-063" }, "geometry": { "type": "Polygon", "coordinates": [ [ [ 121.875749705539121, 13.438107413715512 ], [ 121.875761507801968, 13.438130784234282 ], [ 121.875773179684757, 13.438182135563862 ], [ 121.876119193762875, 13.438055432015743 ], [ 121.876053361628124, 13.437868595555743 ], [ 121.875917121045234, 13.437965922329631 ], [ 121.875749705539121, 13.438107413715512 ] ] ] } },
{ "type": "Feature", "properties": { "Id": 0, "CLN": "15999", "PSGC": "174001007", "Barangay": "Balimbing", "Land_Class": null, "PIN": "030-01-008-02-064" }, "geometry": { "type": "Polygon", "coordinates": [ [ [ 121.876119193762875, 13.438055432015743 ], [ 121.876409508384384, 13.437960732326987 ], [ 121.876332608931335, 13.437755584365124 ], [ 121.876302172714887, 13.437641191175704 ], [ 121.876178114778568, 13.437680277891838 ], [ 121.876208605241686, 13.43778301241827 ], [ 121.876053361628124, 13.437868595555743 ], [ 121.876119193762875, 13.438055432015743 ] ] ] } },
{ "type": "Feature", "properties": { "Id": 0, "CLN": "16047", "PSGC": "174001007", "Barangay": "Balimbing", "Land_Class": null, "PIN": "030-01-008-02-057" }, "geometry": { "type": "Polygon", "coordinates": [ [ [ 121.875200694666347, 13.438342803856969 ], [ 121.875169813231324, 13.438324011656697 ], [ 121.875124138599702, 13.438412415356368 ], [ 121.875155063526975, 13.438421880627757 ], [ 121.875200694666347, 13.438342803856969 ] ] ] } },
{ "type": "Feature", "properties": { "Id": 0, "CLN": "16031", "PSGC": "174001007", "Barangay": "Balimbing", "Land_Class": null, "PIN": "030-01-008-02-051" }, "geometry": { "type": "Polygon", "coordinates": [ [ [ 121.875789344312622, 13.438291801519791 ], [ 121.875773179684757, 13.438182135563862 ], [ 121.875761507801968, 13.438130784234282 ], [ 121.875547122178332, 13.438127495243645 ], [ 121.87560004326896, 13.438528798159039 ], [ 121.87579055305342, 13.438543639452767 ], [ 121.875789344312622, 13.438291801519791 ] ] ] } },
{ "type": "Feature", "properties": { "Id": 0, "CLN": "16032", "PSGC": "174001007", "Barangay": "Balimbing", "Land_Class": null, "PIN": "030-01-008-02-061" }, "geometry": { "type": "Polygon", "coordinates": [ [ [ 121.87560004326896, 13.438528798159039 ], [ 121.875547122178332, 13.438127495243645 ], [ 121.8754256960531, 13.43811296231342 ], [ 121.875399165978109, 13.438182797309651 ], [ 121.875374963724937, 13.438264301610088 ], [ 121.875372103296471, 13.438366887263751 ], [ 121.875359855419134, 13.438439117819076 ], [ 121.875352339297592, 13.438518364853135 ], [ 121.875383307726366, 13.438518503162662 ], [ 121.87560004326896, 13.438528798159039 ] ] ] } },
{ "type": "Feature", "properties": { "Id": 0, "CLN": "16039", "PSGC": "174001007", "Barangay": "Balimbing", "Land_Class": null, "PIN": "030-01-008-02-057" }, "geometry": { "type": "Polygon", "coordinates": [ [ [ 121.875155063526975, 13.438421880627757 ], [ 121.875359855419134, 13.438439117819076 ], [ 121.875372103296471, 13.438366887263751 ], [ 121.875200694666347, 13.438342803856969 ], [ 121.875155063526975, 13.438421880627757 ] ] ] } },
{ "type": "Feature", "properties": { "Id": 0, "CLN": "16048", "PSGC": "174001007", "Barangay": "Balimbing", "Land_Class": null, "PIN": "030-01-008-02-056" }, "geometry": { "type": "Polygon", "coordinates": [ [ [ 121.875124138599702, 13.438412415356368 ], [ 121.875078453060482, 13.438503150778114 ], [ 121.875155063526975, 13.438421880627757 ], [ 121.875124138599702, 13.438412415356368 ] ] ] } },
{ "type": "Feature", "properties": { "Id": 0, "CLN": "16038", "PSGC": "174001007", "Barangay": "Balimbing", "Land_Class": null, "PIN": "030-01-008-02-056" }, "geometry": { "type": "Polygon", "coordinates": [ [ [ 121.875078453060482, 13.438503150778114 ], [ 121.875352339297592, 13.438518364853135 ], [ 121.875359855419134, 13.438439117819076 ], [ 121.875155063526975, 13.438421880627757 ], [ 121.875078453060482, 13.438503150778114 ] ] ] } },
{ "type": "Feature", "properties": { "Id": 0, "CLN": "16037", "PSGC": "174001007", "Barangay": "Balimbing", "Land_Class": null, "PIN": "030-01-008-02-055" }, "geometry": { "type": "Polygon", "coordinates": [ [ [ 121.875078453060482, 13.438503150778114 ], [ 121.875087492560098, 13.438608121359866 ], [ 121.875368623306059, 13.438602381747478 ], [ 121.875383307726366, 13.438518503162662 ], [ 121.875352339297592, 13.438518364853135 ], [ 121.875078453060482, 13.438503150778114 ] ] ] } },
{ "type": "Feature", "properties": { "Id": 0, "CLN": "16036", "PSGC": "174001007", "Barangay": "Balimbing", "Land_Class": null, "PIN": "030-01-008-02-054" }, "geometry": { "type": "Polygon", "coordinates": [ [ [ 121.875087492560098, 13.438608121359866 ], [ 121.875075157601515, 13.438699005761224 ], [ 121.875361074569057, 13.438688623982179 ], [ 121.875368623306059, 13.438602381747478 ], [ 121.875087492560098, 13.438608121359866 ] ] ] } },
{ "type": "Feature", "properties": { "Id": 0, "CLN": "15893", "PSGC": "174001007", "Barangay": "Balimbing", "Land_Class": null, "PIN": "030-01-008-09-026" }, "geometry": { "type": "Polygon", "coordinates": [ [ [ 121.875075157601515, 13.438699005761244 ], [ 121.875050792084878, 13.438815486018253 ], [ 121.874981393261308, 13.43888279765026 ], [ 121.875085720366869, 13.438988193937368 ], [ 121.875331466529047, 13.438907679285204 ], [ 121.875361074569057, 13.438688623982197 ], [ 121.875075157601515, 13.438699005761244 ] ] ] } },
{ "type": "Feature", "properties": { "Id": 0, "CLN": "16033", "PSGC": "174001007", "Barangay": "Balimbing", "Land_Class": null, "PIN": "030-01-008-02-052" }, "geometry": { "type": "Polygon", "coordinates": [ [ [ 121.875331466529047, 13.438907679285183 ], [ 121.875677264528548, 13.438827611132963 ], [ 121.87579055305342, 13.438543639452767 ], [ 121.87560004326896, 13.438528798159039 ], [ 121.875383307726366, 13.438518503162662 ], [ 121.875368623306059, 13.438602381747478 ], [ 121.875361074569057, 13.438688623982179 ], [ 121.875331466529047, 13.438907679285183 ] ] ] } },
{ "type": "Feature", "properties": { "Id": 0, "CLN": "16034", "PSGC": "174001007", "Barangay": "Balimbing", "Land_Class": null, "PIN": "030-01-008-02-042" }, "geometry": { "type": "Polygon", "coordinates": [ [ [ 121.875331466529047, 13.438907679285183 ], [ 121.875085720366869, 13.438988193937329 ], [ 121.875254051498644, 13.439161497771588 ], [ 121.875750416998471, 13.438977171837458 ], [ 121.875677264528548, 13.438827611132963 ], [ 121.875331466529047, 13.438907679285183 ] ] ] } },
{ "type": "Feature", "properties": { "Id": 0, "CLN": "16090", "PSGC": "174001007", "Barangay": "Balimbing", "Land_Class": null, "PIN": "030-01-008-02-075" }, "geometry": { "type": "Polygon", "coordinates": [ [ [ 121.876327845171858, 13.439289876397588 ], [ 121.876067780794955, 13.438864331233027 ], [ 121.87594796508732, 13.439015362290347 ], [ 121.876189319401192, 13.439366207013395 ], [ 121.876327845171858, 13.439289876397588 ] ] ] } },
{ "type": "Feature", "properties": { "Id": 0, "CLN": "16089", "PSGC": "174001007", "Barangay": "Balimbing", "Land_Class": null, "PIN": "030-01-008-02-074" }, "geometry": { "type": "Polygon", "coordinates": [ [ [ 121.876189319401192, 13.439366207013395 ], [ 121.87594796508732, 13.439015362290347 ], [ 121.875780679209853, 13.439128872820186 ], [ 121.875792014285281, 13.439252507905977 ], [ 121.875917064598809, 13.439511894061431 ], [ 121.876010002878942, 13.439505313597669 ], [ 121.876208192314166, 13.439405931554065 ], [ 121.876189319401192, 13.439366207013395 ] ] ] } },
{ "type": "Feature", "properties": { "Id": 0, "CLN": "16088", "PSGC": "174001007", "Barangay": "Balimbing", "Land_Class": null, "PIN": "030-01-008-02-037" }, "geometry": { "type": "Polygon", "coordinates": [ [ [ 121.875792014285281, 13.439252507905977 ], [ 121.875407774479811, 13.439402357952753 ], [ 121.875547193698779, 13.439645485963718 ], [ 121.875783476839104, 13.439550937957494 ], [ 121.875917064598809, 13.439511894061431 ], [ 121.875792014285281, 13.439252507905977 ] ] ] } },
{ "type": "Feature", "properties": { "Id": 0, "CLN": "15395", "PSGC": "174001007", "Barangay": "Balimbing", "Land_Class": null, "PIN": "030-01-008-02-036" }, "geometry": { "type": "Polygon", "coordinates": [ [ [ 121.875783476839104, 13.439550937957494 ], [ 121.875547193698779, 13.439645485963718 ], [ 121.875812250441356, 13.440022086493785 ], [ 121.875962589931376, 13.439966794908864 ], [ 121.876098570970569, 13.439925429834023 ], [ 121.875783476839104, 13.439550937957494 ] ] ] } },
{ "type": "Feature", "properties": { "Id": 0, "CLN": "15394", "PSGC": "174001007", "Barangay": "Balimbing", "Land_Class": null, "PIN": "030-01-008-02-094" }, "geometry": { "type": "Polygon", "coordinates": [ [ [ 121.876365861007045, 13.440231311283117 ], [ 121.875962589931376, 13.439966794908884 ], [ 121.875812250441356, 13.440022086493785 ], [ 121.875759798529444, 13.440031179428525 ], [ 121.875940700021133, 13.440231404717339 ], [ 121.87617565827135, 13.440449490262989 ], [ 121.876388079748935, 13.440265260202207 ], [ 121.876365861007045, 13.440231311283117 ] ] ] } },
{ "type": "Feature", "properties": { "Id": 0, "CLN": "15385", "PSGC": "174001007", "Barangay": "Balimbing", "Land_Class": null, "PIN": "030-01-008-02-079" }, "geometry": { "type": "Polygon", "coordinates": [ [ [ 121.875759798529444, 13.440031179428525 ], [ 121.874975867709054, 13.440358512149212 ], [ 121.875094456692679, 13.440665680921981 ], [ 121.875225073958248, 13.440574671027376 ], [ 121.875864053479276, 13.440963810226839 ], [ 121.875921466430967, 13.44086649961608 ], [ 121.87603177841352, 13.440767433983211 ], [ 121.875733740603607, 13.440553048957213 ], [ 121.875733861244342, 13.440527164387809 ], [ 121.875754361211179, 13.440493406168629 ], [ 121.875791190612119, 13.440447773886447 ], [ 121.876160175668147, 13.440716236919203 ], [ 121.87617565827135, 13.440449490262989 ], [ 121.875940700021133, 13.440231404717339 ], [ 121.875759798529444, 13.440031179428525 ] ] ] } },
{ "type": "Feature", "properties": { "Id": 0, "CLN": "16108", "PSGC": "174001007", "Barangay": "Balimbing", "Land_Class": null, "PIN": "030-01-008-02-041" }, "geometry": { "type": "Polygon", "coordinates": [ [ [ 121.874171970210483, 13.439277914645878 ], [ 121.874282418282704, 13.439238801157211 ], [ 121.874432064459128, 13.439185806161577 ], [ 121.874332741322874, 13.439029132794992 ], [ 121.874101070286983, 13.43915634500061 ], [ 121.874171970210483, 13.439277914645878 ] ] ] } },
{ "type": "Feature", "properties": { "Id": 0, "CLN": "16111", "PSGC": "174001007", "Barangay": "Balimbing", "Land_Class": null, "PIN": null }, "geometry": { "type": "Polygon", "coordinates": [ [ [ 121.874101070286954, 13.43915634500061 ], [ 121.874332741322903, 13.439029132794975 ], [ 121.874313759954845, 13.439012725468645 ], [ 121.87408451464799, 13.4391306213783 ], [ 121.874101070286954, 13.43915634500061 ] ] ] } },
{ "type": "Feature", "properties": { "Id": 0, "CLN": "16153", "PSGC": "174001007", "Barangay": "Balimbing", "Land_Class": null, "PIN": null }, "geometry": { "type": "Polygon", "coordinates": [ [ [ 121.874332741322903, 13.439029132794975 ], [ 121.87435044562325, 13.43901609566838 ], [ 121.874342491406736, 13.438997697330054 ], [ 121.874313759954845, 13.439012725468645 ], [ 121.874332741322903, 13.439029132794975 ] ] ] } },
{ "type": "Feature", "properties": { "Id": 0, "CLN": "19948", "PSGC": "174001007", "Barangay": "Balimbing", "Land_Class": null, "PIN": "030-01-008-02-040" }, "geometry": { "type": "Polygon", "coordinates": [ [ [ 121.87435044562325, 13.43901609566838 ], [ 121.874332741322903, 13.439029132794975 ], [ 121.874432064459128, 13.439185806161561 ], [ 121.874282418282704, 13.439238801157211 ], [ 121.87428733758253, 13.439330604053252 ], [ 121.874409762389746, 13.439561997722473 ], [ 121.874418622189737, 13.43957777685355 ], [ 121.874627839418835, 13.439540237620109 ], [ 121.874502031807523, 13.439315824266371 ], [ 121.874536067816422, 13.439296739200319 ], [ 121.87435044562325, 13.43901609566838 ] ] ] } },
{ "type": "Feature", "properties": { "Id": 0, "CLN": "16107", "PSGC": "174001007", "Barangay": "Balimbing", "Land_Class": null, "PIN": "030-01-008-01-021" }, "geometry": { "type": "Polygon", "coordinates": [ [ [ 121.874282418282704, 13.439238801157211 ], [ 121.874171970210483, 13.439277914645841 ], [ 121.874148088310335, 13.439354465179477 ], [ 121.874119077575543, 13.439445274937153 ], [ 121.874202397059221, 13.439585554362184 ], [ 121.874409762389746, 13.439561997722473 ], [ 121.87428733758253, 13.439330604053252 ], [ 121.874282418282704, 13.439238801157211 ] ] ] } },
{ "type": "Feature", "properties": { "Id": 0, "CLN": "16109", "PSGC": "174001007", "Barangay": "Balimbing", "Land_Class": null, "PIN": "030-01-008-01-022" }, "geometry": { "type": "Polygon", "coordinates": [ [ [ 121.874171970210483, 13.439277914645841 ], [ 121.874101070286954, 13.43915634500061 ], [ 121.874016635637744, 13.439191235640321 ], [ 121.874148088310335, 13.439354465179477 ], [ 121.874171970210483, 13.439277914645841 ] ] ] } },
{ "type": "Feature", "properties": { "Id": 0, "CLN": "16110", "PSGC": "174001007", "Barangay": "Balimbing", "Land_Class": null, "PIN": "030-01-008-01-023" }, "geometry": { "type": "Polygon", "coordinates": [ [ [ 121.874148088310335, 13.439354465179477 ], [ 121.874016635637744, 13.439191235640321 ], [ 121.873946776930765, 13.439229397633245 ], [ 121.874106571052039, 13.439445219015283 ], [ 121.874119077575543, 13.439445274937153 ], [ 121.874148088310335, 13.439354465179477 ] ] ] } },
{ "type": "Feature", "properties": { "Id": 0, "CLN": "16112", "PSGC": "174001007", "Barangay": null, "Land_Class": null, "PIN": null }, "geometry": { "type": "Polygon", "coordinates": [ [ [ 121.874016635637744, 13.439191235640321 ], [ 121.874101070286954, 13.43915634500061 ], [ 121.87408451464799, 13.4391306213783 ], [ 121.874006021882479, 13.439168453310382 ], [ 121.874016635637744, 13.439191235640321 ] ] ] } },
{ "type": "Feature", "properties": { "Id": 0, "CLN": "16113", "PSGC": "174001007", "Barangay": "Balimbing", "Land_Class": null, "PIN": null }, "geometry": { "type": "Polygon", "coordinates": [ [ [ 121.873946776930765, 13.439229397633245 ], [ 121.874016635637744, 13.439191235640321 ], [ 121.874006021882479, 13.439168453310382 ], [ 121.87393259805522, 13.439204850521405 ], [ 121.873946776930765, 13.439229397633245 ] ] ] } },
{ "type": "Feature", "properties": { "Id": 0, "CLN": "16114", "PSGC": "174001007", "Barangay": "Balimbing", "Land_Class": null, "PIN": null }, "geometry": { "type": "Polygon", "coordinates": [ [ [ 121.873946776930765, 13.439229397633245 ], [ 121.87393259805522, 13.439204850521405 ], [ 121.873773243824772, 13.439277588935898 ], [ 121.873792774457925, 13.439303908828084 ], [ 121.873946776930765, 13.439229397633245 ] ] ] } },
{ "type": "Feature", "properties": { "Id": 0, "CLN": "16115", "PSGC": "174001007", "Barangay": "Balimbing", "Land_Class": null, "PIN": "030-01-008-01-024" }, "geometry": { "type": "Polygon", "coordinates": [ [ [ 121.873946776930765, 13.439229397633245 ], [ 121.873792774457925, 13.439303908828084 ], [ 121.873929709409282, 13.439440930454893 ], [ 121.874106571052039, 13.439445219015283 ], [ 121.873946776930765, 13.439229397633245 ] ] ] } },
{ "type": "Feature", "properties": { "Id": 0, "CLN": "16116", "PSGC": "174001007", "Barangay": "Balimbing", "Land_Class": null, "PIN": null }, "geometry": { "type": "Polygon", "coordinates": [ [ [ 121.873792774457925, 13.439303908828084 ], [ 121.873773243824772, 13.439277588935898 ], [ 121.873093256919219, 13.439501895243293 ], [ 121.873100305473926, 13.439522912814473 ], [ 121.873792774457925, 13.439303908828084 ] ] ] } },
{ "type": "Feature", "properties": { "Id": 0, "CLN": "16094", "PSGC": "174001007", "Barangay": "Balimbing", "Land_Class": null, "PIN": "030-01-008-02-077" }, "geometry": { "type": "Polygon", "coordinates": [ [ [ 121.874909351405648, 13.440226798255889 ], [ 121.874782704298212, 13.440110758896804 ], [ 121.874632019165972, 13.440230088689802 ], [ 121.874550883194928, 13.440320771939117 ], [ 121.874843067666546, 13.440481370749282 ], [ 121.874975867709054, 13.440358512149212 ], [ 121.87497001577988, 13.440304724634601 ], [ 121.874909351405648, 13.440226798255889 ] ] ] } },
{ "type": "Feature", "properties": { "Id": 0, "CLN": "16106", "PSGC": "174001007", "Barangay": "Balimbing", "Land_Class": null, "PIN": "030-01-008-01-019" }, "geometry": { "type": "Polygon", "coordinates": [ [ [ 121.874489606698333, 13.439681275497266 ], [ 121.874418622189737, 13.439577776853548 ], [ 121.874409762389774, 13.439561997722491 ], [ 121.874202397059221, 13.439585554362184 ], [ 121.874119077575543, 13.439445274937153 ], [ 121.874106571052039, 13.439445219015283 ], [ 121.873929709409282, 13.439440930454909 ], [ 121.873792774457954, 13.439303908828117 ], [ 121.873100305473926, 13.439522912814473 ], [ 121.873181710479443, 13.440225322113191 ], [ 121.873256039163778, 13.440982019537417 ], [ 121.873270055507504, 13.441029870118237 ], [ 121.87333035678752, 13.441185450501486 ], [ 121.873362709081874, 13.441227409650583 ], [ 121.873477704387028, 13.44099694958169 ], [ 121.873653595938393, 13.440794638127516 ], [ 121.873587759024957, 13.440517572232007 ], [ 121.873596044665007, 13.440485750726694 ], [ 121.873647318516234, 13.440396377869522 ], [ 121.873618726988681, 13.440226784657526 ], [ 121.873580576879277, 13.43997975907352 ], [ 121.874090416944171, 13.439843881386654 ], [ 121.874076531861832, 13.439756377499631 ], [ 121.874489606698333, 13.439681275497266 ] ] ] } },
{ "type": "Feature", "properties": { "Id": 0, "CLN": "16118", "PSGC": "174001007", "Barangay": "Balimbing", "Land_Class": null, "PIN": "030-01-008-01-053" }, "geometry": { "type": "Polygon", "coordinates": [ [ [ 121.872901646452192, 13.439852584082292 ], [ 121.872829244827841, 13.439589550310172 ], [ 121.872559018763383, 13.439633581065069 ], [ 121.872476775802795, 13.439645454642511 ], [ 121.872571247406583, 13.439693096215715 ], [ 121.872666843729846, 13.439882398442482 ], [ 121.872733031447225, 13.439865206423558 ], [ 121.872901646452192, 13.439852584082292 ] ] ] } },
{ "type": "Feature", "properties": { "Id": 0, "CLN": "16124", "PSGC": "174001007", "Barangay": "Balimbing", "Land_Class": null, "PIN": "030-01-008-01-010" }, "geometry": { "type": "Polygon", "coordinates": [ [ [ 121.872376676956307, 13.44023139756335 ], [ 121.872458309174775, 13.440156031788709 ], [ 121.872499591590184, 13.440170792624105 ], [ 121.872697891966993, 13.440120379037793 ], [ 121.872666843729846, 13.439882398442482 ], [ 121.872571247406583, 13.439693096215715 ], [ 121.872476775802795, 13.439645454642511 ], [ 121.872255166220285, 13.43965845286219 ], [ 121.871686910627204, 13.439694794398708 ], [ 121.872223649837608, 13.439940946843842 ], [ 121.87215314982231, 13.440106379569757 ], [ 121.872016052794081, 13.440351242984852 ], [ 121.872336835433117, 13.440486087621267 ], [ 121.872376676956307, 13.44023139756335 ] ] ] } },
{ "type": "Feature", "properties": { "Id": 0, "CLN": "16125", "PSGC": "174001007", "Barangay": "Balimbing", "Land_Class": null, "PIN": null }, "geometry": { "type": "Polygon", "coordinates": [ [ [ 121.872476775802795, 13.439645454642511 ], [ 121.872469735474965, 13.439622688259458 ], [ 121.872257059145923, 13.439635726485427 ], [ 121.871696867911069, 13.439662637771962 ], [ 121.871686910627204, 13.439694794398708 ], [ 121.872255166220285, 13.43965845286219 ], [ 121.872476775802795, 13.439645454642511 ] ] ] } },
{ "type": "Feature", "properties": { "Id": 0, "CLN": "16117", "PSGC": "174001007", "Barangay": "Balimbing", "Land_Class": null, "PIN": null }, "geometry": { "type": "Polygon", "coordinates": [ [ [ 121.873015452639109, 13.439838489306464 ], [ 121.872972183524823, 13.439539244785729 ], [ 121.872559125013709, 13.439610846683729 ], [ 121.872469735474965, 13.439622688259458 ], [ 121.872476775802795, 13.439645454642511 ], [ 121.872559018763383, 13.439633581065069 ], [ 121.872955964815958, 13.439568902392153 ], [ 121.872997553474448, 13.439845404532511 ], [ 121.873015452639109, 13.439838489306464 ] ] ] } },
{ "type": "Feature", "properties": { "Id": 0, "CLN": "16120", "PSGC": "174001007", "Barangay": "Balimbing", "Land_Class": null, "PIN": "030-01-008-01-013" }, "geometry": { "type": "Polygon", "coordinates": [ [ [ 121.873048383984823, 13.440580866877736 ], [ 121.873019228841827, 13.440290026942954 ], [ 121.87279704329444, 13.440386599196914 ], [ 121.872754799253286, 13.440284860890991 ], [ 121.872750972736071, 13.440233073589594 ], [ 121.872697891966993, 13.440120379037793 ], [ 121.872499591590184, 13.440170792624105 ], [ 121.872458309174775, 13.440156031788709 ], [ 121.872376676956307, 13.44023139756335 ], [ 121.872336835433117, 13.440486087621267 ], [ 121.872460716849758, 13.440630229442819 ], [ 121.87279770978337, 13.440679302753999 ], [ 121.873048383984823, 13.440580866877736 ] ] ] } },
{ "type": "Feature", "properties": { "Id": 0, "CLN": "16069", "PSGC": "174001007", "Barangay": "Balimbing", "Land_Class": null, "PIN": "030-01-008-01-037" }, "geometry": { "type": "Polygon", "coordinates": [ [ [ 121.872255642113501, 13.439387747217989 ], [ 121.87216371248293, 13.439368968593758 ], [ 121.872173641178335, 13.439480572046644 ], [ 121.872256207352237, 13.439482658879944 ], [ 121.872256397947098, 13.439514662583088 ], [ 121.872293820283659, 13.439511900830446 ], [ 121.872255642113501, 13.439387747217989 ] ] ] } },
{ "type": "Feature", "properties": { "Id": 0, "CLN": "16028", "PSGC": "174001007", "Barangay": "Balimbing", "Land_Class": null, "PIN": null }, "geometry": { "type": "Polygon", "coordinates": [ [ [ 121.872304185158086, 13.439535382111075 ], [ 121.872438911056378, 13.439524268031844 ], [ 121.87243302151434, 13.439503736154508 ], [ 121.872293820283659, 13.439511900830446 ], [ 121.872304185158086, 13.439535382111075 ] ] ] } },
{ "type": "Feature", "properties": { "Id": 0, "CLN": "16026", "PSGC": "174001007", "Barangay": "Balimbing", "Land_Class": null, "PIN": null }, "geometry": { "type": "Polygon", "coordinates": [ [ [ 121.872585621405008, 13.4395102781825 ], [ 121.872919614481091, 13.439445862859447 ], [ 121.872907732673667, 13.439426768846861 ], [ 121.872582724541886, 13.439489759707422 ], [ 121.872585621405008, 13.4395102781825 ] ] ] } },
{ "type": "Feature", "properties": { "Id": 0, "CLN": "16075", "PSGC": "174001007", "Barangay": "Balimbing", "Land_Class": null, "PIN": "030-01-008-01-029" }, "geometry": { "type": "Polygon", "coordinates": [ [ [ 121.872919614481063, 13.439445862859445 ], [ 121.873577317272137, 13.439275973818306 ], [ 121.873572903463838, 13.439259842600228 ], [ 121.872907732673667, 13.439426768846861 ], [ 121.872919614481063, 13.439445862859445 ] ] ] } },
{ "type": "Feature", "properties": { "Id": 0, "CLN": "16076", "PSGC": "174001007", "Barangay": null, "Land_Class": null, "PIN": "030-01-008-01-028" }, "geometry": { "type": "Polygon", "coordinates": [ [ [ 121.873572903463838, 13.439259842600228 ], [ 121.873577317272137, 13.439275973818306 ], [ 121.873673240626488, 13.439242715286124 ], [ 121.873662827757016, 13.439229486593518 ], [ 121.873572903463838, 13.439259842600228 ] ] ] } },
{ "type": "Feature", "properties": { "Id": 0, "CLN": "16079", "PSGC": "174001007", "Barangay": null, "Land_Class": null, "PIN": null }, "geometry": { "type": "Polygon", "coordinates": [ [ [ 121.873662827757016, 13.439229486593518 ], [ 121.873673240626488, 13.439242715286124 ], [ 121.873743712423348, 13.439212272235503 ], [ 121.87373333373975, 13.439191720301332 ], [ 121.873662827757016, 13.439229486593518 ] ] ] } },
{ "type": "Feature", "properties": { "Id": 0, "CLN": "16080", "PSGC": "174001007", "Barangay": null, "Land_Class": null, "PIN": "030-01-008-01-026" }, "geometry": { "type": "Polygon", "coordinates": [ [ [ 121.87373333373975, 13.439191720301332 ], [ 121.873743712423348, 13.439212272235503 ], [ 121.873898177760353, 13.439139729106779 ], [ 121.873886316395115, 13.439116241188222 ], [ 121.87373333373975, 13.439191720301332 ] ] ] } },
{ "type": "Feature", "properties": { "Id": 0, "CLN": "16081", "PSGC": "174001007", "Barangay": null, "Land_Class": null, "PIN": "030-01-008-01-026" }, "geometry": { "type": "Polygon", "coordinates": [ [ [ 121.873886316395115, 13.439116241188222 ], [ 121.873853629282337, 13.439066295899257 ], [ 121.873730198571238, 13.438901699746937 ], [ 121.873589159406933, 13.43898309091813 ], [ 121.87373333373975, 13.439191720301332 ], [ 121.873886316395115, 13.439116241188222 ] ] ] } },
{ "type": "Feature", "properties": { "Id": 0, "CLN": "16078", "PSGC": "174001007", "Barangay": "Balimbing", "Land_Class": null, "PIN": "030-01-008-01-039" }, "geometry": { "type": "Polygon", "coordinates": [ [ [ 121.873589159406933, 13.43898309091813 ], [ 121.873448025873813, 13.438764222316228 ], [ 121.873380546865675, 13.43879467868215 ], [ 121.873662827757016, 13.439229486593518 ], [ 121.87373333373975, 13.439191720301332 ], [ 121.873589159406933, 13.43898309091813 ] ] ] } },
{ "type": "Feature", "properties": { "Id": 0, "CLN": "16077", "PSGC": "174001007", "Barangay": null, "Land_Class": null, "PIN": "030-01-008-01-028" }, "geometry": { "type": "Polygon", "coordinates": [ [ [ 121.873662827757016, 13.439229486593518 ], [ 121.873380546865675, 13.43879467868215 ], [ 121.873304082949559, 13.438826559505648 ], [ 121.873572903463838, 13.439259842600228 ], [ 121.873662827757016, 13.439229486593518 ] ] ] } },
{ "type": "Feature", "properties": { "Id": 0, "CLN": "16074", "PSGC": "174001007", "Barangay": null, "Land_Class": null, "PIN": "030-01-008-01-029" }, "geometry": { "type": "Polygon", "coordinates": [ [ [ 121.873304082949559, 13.438826559505648 ], [ 121.873023425455031, 13.439005459099551 ], [ 121.872966879168573, 13.438937830774872 ], [ 121.872917376699689, 13.438963973429939 ], [ 121.872738600184519, 13.439115499776154 ], [ 121.872907732673667, 13.439426768846861 ], [ 121.873572903463838, 13.439259842600228 ], [ 121.873304082949559, 13.438826559505648 ] ] ] } },
{ "type": "Feature", "properties": { "Id": 0, "CLN": "16072", "PSGC": "174001007", "Barangay": null, "Land_Class": null, "PIN": "030-01-008-01-052" }, "geometry": { "type": "Polygon", "coordinates": [ [ [ 121.872561776896333, 13.438954968624103 ], [ 121.872745228624851, 13.439458264331307 ], [ 121.872907732673667, 13.439426768846861 ], [ 121.872738600184519, 13.439115499776154 ], [ 121.872646655045671, 13.438937861987133 ], [ 121.872561776896333, 13.438954968624103 ] ] ] } },
{ "type": "Feature", "properties": { "Id": 0, "CLN": "16071", "PSGC": "174001007", "Barangay": null, "Land_Class": null, "PIN": "030-01-008-01-035" }, "geometry": { "type": "Polygon", "coordinates": [ [ [ 121.872255993329119, 13.438961012198167 ], [ 121.872215782480552, 13.438960435979272 ], [ 121.872258349277956, 13.439097237876897 ], [ 121.87243302151434, 13.439503736154508 ], [ 121.872582724541886, 13.439489759707422 ], [ 121.872487885322244, 13.438970838726329 ], [ 121.872255993329119, 13.438961012198167 ] ] ] } },
{ "type": "Feature", "properties": { "Id": 0, "CLN": "16073", "PSGC": "174001007", "Barangay": "Balimbing", "Land_Class": null, "PIN": "030-01-008-01-030" }, "geometry": { "type": "Polygon", "coordinates": [ [ [ 121.872646655045671, 13.438937861987121 ], [ 121.872738600184519, 13.439115499776154 ], [ 121.872917376699689, 13.438963973429939 ], [ 121.872856574086072, 13.438846526943294 ], [ 121.873006906157343, 13.438697802544453 ], [ 121.87289082107533, 13.438562532490796 ], [ 121.872621901659016, 13.438791283265864 ], [ 121.872597878063047, 13.438808751855344 ], [ 121.872646655045671, 13.438937861987121 ] ] ] } },
{ "type": "Feature", "properties": { "Id": 0, "CLN": "16064", "PSGC": "174001007", "Barangay": "Balimbing", "Land_Class": null, "PIN": "030-01-008-01-034" }, "geometry": { "type": "Polygon", "coordinates": [ [ [ 121.871819548827958, 13.439022035444021 ], [ 121.872178885689664, 13.438862771590228 ], [ 121.872215782480552, 13.438960435979272 ], [ 121.872255993329119, 13.438961012198167 ], [ 121.872487885322244, 13.438970838726329 ], [ 121.872528546152893, 13.438961666054938 ], [ 121.872253188548171, 13.438600688648448 ], [ 121.872204255256619, 13.438590314195013 ], [ 121.8722504318864, 13.438307781548902 ], [ 121.872079484564964, 13.438290758006952 ], [ 121.872081771620955, 13.438511766287439 ], [ 121.871747607414974, 13.438963213636178 ], [ 121.871819548827958, 13.439022035444021 ] ] ] } },
{ "type": "Feature", "properties": { "Id": 0, "CLN": "16061", "PSGC": "174001007", "Barangay": "Balimbing", "Land_Class": null, "PIN": "030-01-008-08-003" }, "geometry": { "type": "Polygon", "coordinates": [ [ [ 121.873194523415833, 13.438575609113116 ], [ 121.873338589324362, 13.43848690829835 ], [ 121.872777350153285, 13.43786776666998 ], [ 121.872675311895591, 13.437928826424313 ], [ 121.87296058588629, 13.438284193258221 ], [ 121.873194523415833, 13.438575609113116 ] ] ] } },
{ "type": "Feature", "properties": { "Id": 0, "CLN": "16151", "PSGC": "174001007", "Barangay": "Balimbing", "Land_Class": null, "PIN": "030-01-008-08-004" }, "geometry": { "type": "Polygon", "coordinates": [ [ [ 121.873338589324334, 13.438486908298348 ], [ 121.873467943406254, 13.438397653350915 ], [ 121.873002429125307, 13.437680806903781 ], [ 121.872894318993403, 13.437760392187792 ], [ 121.872766239402665, 13.437843793842649 ], [ 121.872777350153285, 13.43786776666998 ], [ 121.873338589324334, 13.438486908298348 ] ] ] } },
{ "type": "Feature", "properties": { "Id": 0, "CLN": "16059", "PSGC": "174001007", "Barangay": "Balimbing", "Land_Class": null, "PIN": "030-01-008-08-005" }, "geometry": { "type": "Polygon", "coordinates": [ [ [ 121.872766239402665, 13.437843793842649 ], [ 121.872894318993403, 13.437760392187792 ], [ 121.872612436377239, 13.437454477143252 ], [ 121.872508206951721, 13.437557514498845 ], [ 121.872766239402665, 13.437843793842649 ] ] ] } },
{ "type": "Feature", "properties": { "Id": 0, "CLN": "16058", "PSGC": "174001007", "Barangay": null, "Land_Class": null, "PIN": "030-01-008-08-006" }, "geometry": { "type": "Polygon", "coordinates": [ [ [ 121.872894318993403, 13.437760392187792 ], [ 121.873002429125307, 13.437680806903781 ], [ 121.87272870024087, 13.437337823267681 ], [ 121.872612436377239, 13.437454477143252 ], [ 121.872894318993403, 13.437760392187792 ] ] ] } },
{ "type": "Feature", "properties": { "Id": 0, "CLN": "16055", "PSGC": "174001007", "Barangay": "Balimbing", "Land_Class": null, "PIN": "030-01-008-08-009" }, "geometry": { "type": "Polygon", "coordinates": [ [ [ 121.873178746944134, 13.437521457637438 ], [ 121.873496380033345, 13.437434997926253 ], [ 121.873742179822145, 13.437350169457121 ], [ 121.873643727923223, 13.437070463556923 ], [ 121.873552891980935, 13.43686890794047 ], [ 121.87298863921356, 13.437215953627202 ], [ 121.873178746944134, 13.437521457637438 ] ] ] } },
{ "type": "Feature", "properties": { "Id": 0, "CLN": "16054", "PSGC": "174001007", "Barangay": "Balimbing", "Land_Class": null, "PIN": "030-01-008-08-010" }, "geometry": { "type": "Polygon", "coordinates": [ [ [ 121.873178746944134, 13.437521457637438 ], [ 121.87298863921356, 13.437215953627202 ], [ 121.873552891980935, 13.43686890794047 ], [ 121.873670949241415, 13.436771573663931 ], [ 121.873629667280809, 13.436497114202568 ], [ 121.873399478589448, 13.43641970426677 ], [ 121.872813984049344, 13.437232965090994 ], [ 121.873124437711965, 13.437591953210575 ], [ 121.873178746944134, 13.437521457637438 ] ] ] } },
{ "type": "Feature", "properties": { "Id": 0, "CLN": "16053", "PSGC": "174001007", "Barangay": "Balimbing", "Land_Class": null, "PIN": "030-01-008-08-011" }, "geometry": { "type": "Polygon", "coordinates": [ [ [ 121.873552891980935, 13.436868907940491 ], [ 121.873643727923223, 13.437070463556941 ], [ 121.873903153348166, 13.436986757290452 ], [ 121.874180697071495, 13.436897204600124 ], [ 121.874199156445798, 13.43651487488679 ], [ 121.873629667280809, 13.436497114202608 ], [ 121.873670949241415, 13.436771573663943 ], [ 121.873552891980935, 13.436868907940491 ] ] ] } },
{ "type": "Feature", "properties": { "Id": 0, "CLN": "16057", "PSGC": "174001007", "Barangay": "Balimbing", "Land_Class": null, "PIN": "030-01-008-08-007" }, "geometry": { "type": "Polygon", "coordinates": [ [ [ 121.872813984049344, 13.437232965090994 ], [ 121.87272870024087, 13.437337823267681 ], [ 121.873002429125307, 13.437680806903781 ], [ 121.873467943406254, 13.438397653350915 ], [ 121.873610034510932, 13.438304549491225 ], [ 121.873178746944134, 13.437521457637438 ], [ 121.873124437711965, 13.437591953210575 ], [ 121.872813984049344, 13.437232965090994 ] ] ] } },
{ "type": "Feature", "properties": { "Id": 0, "CLN": "16062", "PSGC": "174001007", "Barangay": "Balimbing", "Land_Class": null, "PIN": "030-01-008-01-031" }, "geometry": { "type": "Polygon", "coordinates": [ [ [ 121.872510755290065, 13.437866084961151 ], [ 121.872393518154368, 13.437764008952479 ], [ 121.872253654335822, 13.43797342844729 ], [ 121.872079484564964, 13.438290758006952 ], [ 121.8722504318864, 13.438307781548902 ], [ 121.872621901659045, 13.438791283265884 ], [ 121.87289082107533, 13.438562532490828 ], [ 121.872779472248254, 13.438427771819734 ], [ 121.872397751122406, 13.438138985723018 ], [ 121.872510755290065, 13.437866084961151 ] ] ] } },
{ "type": "Feature", "properties": { "Id": 0, "CLN": "16083", "PSGC": "174001007", "Barangay": null, "Land_Class": null, "PIN": "030-01-008-01-025" }, "geometry": { "type": "MultiPolygon", "coordinates": [ [ [ [ 121.875078453060482, 13.438503150778114 ], [ 121.875084326848352, 13.438491484933465 ], [ 121.874342491406736, 13.438997697330054 ], [ 121.87435044562325, 13.43901609566838 ], [ 121.875078453060482, 13.438503150778114 ] ] ], [ [ [ 121.87396537341381, 13.439098747344232 ], [ 121.87395050568297, 13.439078175343223 ], [ 121.873886316395115, 13.439116241188241 ], [ 121.873898177760353, 13.439139729106779 ], [ 121.87396537341381, 13.439098747344232 ] ] ] ] } },
{ "type": "Feature", "properties": { "Id": 0, "CLN": "16082", "PSGC": "174001007", "Barangay": null, "Land_Class": null, "PIN": "030-01-008-01-025" }, "geometry": { "type": "Polygon", "coordinates": [ [ [ 121.87395050568297, 13.439078175343223 ], [ 121.873922280245353, 13.439034108732839 ], [ 121.873853629282337, 13.439066295899257 ], [ 121.873886316395115, 13.439116241188222 ], [ 121.87395050568297, 13.439078175343223 ] ] ] } },
{ "type": "Feature", "properties": { "Id": 0, "CLN": "16085", "PSGC": "174001007", "Barangay": null, "Land_Class": null, "PIN": null }, "geometry": { "type": "Polygon", "coordinates": [ [ [ 121.87395050568297, 13.439078175343223 ], [ 121.87396537341381, 13.439098747344232 ], [ 121.874412657258645, 13.438826334484522 ], [ 121.874406672135137, 13.438806319766289 ], [ 121.87395050568297, 13.439078175343223 ] ] ] } },
{ "type": "Feature", "properties": { "Id": 0, "CLN": "16150", "PSGC": "174001007", "Barangay": "Balimbing", "Land_Class": null, "PIN": "030-01-008-08-013" }, "geometry": { "type": "Polygon", "coordinates": [ [ [ 121.874362711242995, 13.438606926805726 ], [ 121.874333044650697, 13.438611437016041 ], [ 121.874436694649916, 13.438785948449567 ], [ 121.874470224419881, 13.438763014176949 ], [ 121.874362711242995, 13.438606926805726 ] ] ] } },
{ "type": "Feature", "properties": { "Id": 0, "CLN": "16084", "PSGC": "174001007", "Barangay": "Balimbing", "Land_Class": null, "PIN": "030-01-008-08-001" }, "geometry": { "type": "Polygon", "coordinates": [ [ [ 121.874406672135137, 13.438806319766279 ], [ 121.874325275378311, 13.438612618177444 ], [ 121.873742179822145, 13.437350169457121 ], [ 121.873496380033345, 13.437434997926253 ], [ 121.873796127492938, 13.438188207462462 ], [ 121.873610034510932, 13.438304549491225 ], [ 121.873467943406254, 13.438397653350915 ], [ 121.873338589324334, 13.438486908298348 ], [ 121.873194523415833, 13.4385756091131 ], [ 121.87296058588629, 13.438284193258207 ], [ 121.872779472248254, 13.438427771819718 ], [ 121.87289082107533, 13.438562532490796 ], [ 121.873006906157343, 13.438697802544453 ], [ 121.872856574086072, 13.438846526943294 ], [ 121.872917376699689, 13.438963973429939 ], [ 121.872966879168573, 13.438937830774872 ], [ 121.873023425455031, 13.439005459099551 ], [ 121.873304082949559, 13.438826559505648 ], [ 121.873380546865675, 13.43879467868215 ], [ 121.873448025873813, 13.438764222316228 ], [ 121.873589159406933, 13.43898309091813 ], [ 121.873730198571238, 13.438901699746937 ], [ 121.873853629282337, 13.439066295899257 ], [ 121.873922280245353, 13.439034108732839 ], [ 121.87395050568297, 13.439078175343223 ], [ 121.874406672135137, 13.438806319766279 ] ] ] } },
{ "type": "Feature", "properties": { "Id": 0, "CLN": "16092", "PSGC": "174001007", "Barangay": "Balimbing", "Land_Class": null, "PIN": "030-01-008-02-039" }, "geometry": { "type": "Polygon", "coordinates": [ [ [ 121.874761705479088, 13.439150976364319 ], [ 121.874536067816422, 13.439296739200319 ], [ 121.874502031807523, 13.439315824266371 ], [ 121.874627839418835, 13.439540237620109 ], [ 121.874418622189737, 13.43957777685355 ], [ 121.874489606698333, 13.439681275497266 ], [ 121.874725836002668, 13.440045214860985 ], [ 121.875210575367575, 13.439800211876067 ], [ 121.874761705479088, 13.439150976364319 ] ] ] } },
{ "type": "Feature", "properties": { "Id": 0, "CLN": "16187", "PSGC": "174001007", "Barangay": "Balimbing", "Land_Class": null, "PIN": "030-01-008-01-042" }, "geometry": { "type": "Polygon", "coordinates": [ [ [ 121.87435044562325, 13.43901609566838 ], [ 121.874536067816422, 13.439296739200319 ], [ 121.874761705479088, 13.439150976364319 ], [ 121.875210575367575, 13.439800211876067 ], [ 121.875547193698779, 13.439645485963718 ], [ 121.875407774479811, 13.439402357952753 ], [ 121.875792014285281, 13.439252507905977 ], [ 121.875780679209853, 13.439128872820186 ], [ 121.875750416998471, 13.438977171837458 ], [ 121.875254051498644, 13.439161497771588 ], [ 121.875085720366869, 13.438988193937329 ], [ 121.874981393261308, 13.43888279765026 ], [ 121.875050792084878, 13.438815486018232 ], [ 121.875075157601515, 13.438699005761224 ], [ 121.875087492560098, 13.438608121359866 ], [ 121.875078453060482, 13.438503150778114 ], [ 121.87435044562325, 13.43901609566838 ] ] ] } },
{ "type": "Feature", "properties": { "Id": 0, "CLN": "16056", "PSGC": "174001007", "Barangay": "Balimbing", "Land_Class": null, "PIN": "030-01-008-08-008" }, "geometry": { "type": "Polygon", "coordinates": [ [ [ 121.873610034510961, 13.438304549491242 ], [ 121.873796127492938, 13.438188207462462 ], [ 121.873496380033345, 13.437434997926269 ], [ 121.873178746944134, 13.43752145763745 ], [ 121.873610034510961, 13.438304549491242 ] ] ] } },
{ "type": "Feature", "properties": { "Id": 0, "CLN": "15889", "PSGC": "174001007", "Barangay": "Balimbing", "Land_Class": null, "PIN": "030-01-008-08-016" }, "geometry": { "type": "Polygon", "coordinates": [ [ [ 121.874959415426034, 13.436443655187897 ], [ 121.874893823737111, 13.436205520360486 ], [ 121.874675908929191, 13.436215624978544 ], [ 121.874264823835333, 13.436226027453046 ], [ 121.874236944968146, 13.436074337005827 ], [ 121.874146808368849, 13.435701410340906 ], [ 121.873798067469451, 13.435725850970554 ], [ 121.873859584538039, 13.436080039132282 ], [ 121.873917281596633, 13.436202737782695 ], [ 121.873430866352336, 13.436281155609896 ], [ 121.873399478589448, 13.43641970426679 ], [ 121.873629667280809, 13.436497114202608 ], [ 121.874199156445798, 13.43651487488679 ], [ 121.874337267694131, 13.436527151140114 ], [ 121.874544559674959, 13.436518750443925 ], [ 121.874718479576558, 13.436514864032757 ], [ 121.874959415426034, 13.436443655187897 ] ] ] } },
{ "type": "Feature", "properties": { "Id": 0, "CLN": "15888", "PSGC": "174001007", "Barangay": "Balimbing", "Land_Class": null, "PIN": "030-01-008-08-017" }, "geometry": { "type": "Polygon", "coordinates": [ [ [ 121.873859584538039, 13.436080039132282 ], [ 121.873798067469451, 13.435725850970554 ], [ 121.873538063167928, 13.436076252532061 ], [ 121.873430866352336, 13.436281155609896 ], [ 121.873917281596633, 13.436202737782695 ], [ 121.873859584538039, 13.436080039132282 ] ] ] } },
{ "type": "Feature", "properties": { "Id": 0, "CLN": "15706", "PSGC": "174001007", "Barangay": "Balimbing", "Land_Class": null, "PIN": "030-01-008-14-036" }, "geometry": { "type": "Polygon", "coordinates": [ [ [ 121.884743850602149, 13.431587457351984 ], [ 121.884639402481199, 13.431558222427464 ], [ 121.884546768465782, 13.431771089656035 ], [ 121.884742659491906, 13.431845261734921 ], [ 121.884948468556587, 13.431913427437681 ], [ 121.885232355175475, 13.432049950675012 ], [ 121.885303461307629, 13.431913130226549 ], [ 121.885306660722875, 13.431871908655177 ], [ 121.885311578483567, 13.431808547714136 ], [ 121.884743850602149, 13.431587457351984 ] ] ] } },
{ "type": "Feature", "properties": { "Id": 0, "CLN": "15678", "PSGC": "174001007", "Barangay": null, "Land_Class": null, "PIN": "030-01-008-12-038" }, "geometry": { "type": "Polygon", "coordinates": [ [ [ 121.885960008443789, 13.431912298000467 ], [ 121.88597619048906, 13.431714341778326 ], [ 121.885613529393893, 13.431722078785343 ], [ 121.885605369230845, 13.431836002059715 ], [ 121.885601293457114, 13.431892029622096 ], [ 121.885612641063162, 13.431914498054351 ], [ 121.885620373643206, 13.431932914513554 ], [ 121.885662284037167, 13.431971876335595 ], [ 121.88572899767388, 13.432001253747964 ], [ 121.88570988621791, 13.432118710297077 ], [ 121.885927453346085, 13.432186319535786 ], [ 121.885960008443789, 13.431912298000467 ] ] ] } },
{ "type": "Feature", "properties": { "Id": 0, "CLN": "15681", "PSGC": "174001007", "Barangay": null, "Land_Class": null, "PIN": "030-01-008-12-037" }, "geometry": { "type": "Polygon", "coordinates": [ [ [ 121.885613529393893, 13.431722078785327 ], [ 121.88597619048906, 13.431714341778296 ], [ 121.88602492931183, 13.431492243081248 ], [ 121.885544406431649, 13.431398576773345 ], [ 121.885613529393893, 13.431722078785327 ] ] ] } },
{ "type": "Feature", "properties": { "Id": 0, "CLN": "15704", "PSGC": "174001007", "Barangay": null, "Land_Class": null, "PIN": "030-01-008-14-037" }, "geometry": { "type": "Polygon", "coordinates": [ [ [ 121.885613529393893, 13.431722078785343 ], [ 121.885544406431649, 13.431398576773345 ], [ 121.885464533526019, 13.431336573288297 ], [ 121.885394826461919, 13.431552974518194 ], [ 121.884744342575161, 13.431480972931386 ], [ 121.884596484916713, 13.431490325320905 ], [ 121.884639402481199, 13.431558222427464 ], [ 121.884743850602149, 13.431587457351984 ], [ 121.885311578483567, 13.431808547714136 ], [ 121.885348245738868, 13.431720905195837 ], [ 121.885605369230845, 13.431836002059715 ], [ 121.885613529393893, 13.431722078785343 ] ] ] } },
{ "type": "Feature", "properties": { "Id": 0, "CLN": "15684", "PSGC": "174001007", "Barangay": "Balimbing", "Land_Class": null, "PIN": "030-01-008-14-040" }, "geometry": { "type": "Polygon", "coordinates": [ [ [ 121.88602492931183, 13.431492243081248 ], [ 121.885940069018758, 13.430856684374461 ], [ 121.885548531476871, 13.430918471103116 ], [ 121.885464533526019, 13.431336573288277 ], [ 121.885544406431649, 13.431398576773345 ], [ 121.88602492931183, 13.431492243081248 ] ] ] } },
{ "type": "Feature", "properties": { "Id": 0, "CLN": "15879", "PSGC": "174001007", "Barangay": "Balimbing", "Land_Class": null, "PIN": "030-01-008-09-006" }, "geometry": { "type": "Polygon", "coordinates": [ [ [ 121.885992453238515, 13.43191244147121 ], [ 121.886022020731943, 13.431708939872562 ], [ 121.88597619048906, 13.431714341778326 ], [ 121.885960008443789, 13.431912298000467 ], [ 121.885927453346085, 13.432186319535786 ], [ 121.885949696847405, 13.432194900248147 ], [ 121.885992453238515, 13.43191244147121 ] ] ] } },
{ "type": "Feature", "properties": { "Id": 0, "CLN": "15680", "PSGC": "174001007", "Barangay": null, "Land_Class": null, "PIN": "030-01-008-12-037" }, "geometry": { "type": "Polygon", "coordinates": [ [ [ 121.88602492931183, 13.431492243081248 ], [ 121.88597619048906, 13.431714341778296 ], [ 121.886022020731943, 13.431708939872562 ], [ 121.886057348188046, 13.431497990984916 ], [ 121.88602492931183, 13.431492243081248 ] ] ] } },
{ "type": "Feature", "properties": { "Id": 0, "CLN": "15682", "PSGC": "174001007", "Barangay": null, "Land_Class": null, "PIN": "030-01-008-14-041" }, "geometry": { "type": "Polygon", "coordinates": [ [ [ 121.88602492931183, 13.431492243081248 ], [ 121.886057348188046, 13.431497990984916 ], [ 121.886282040640097, 13.431196338104927 ], [ 121.88602492931183, 13.431492243081248 ] ] ] } },
{ "type": "Feature", "properties": { "Id": 0, "CLN": "15683", "PSGC": "174001007", "Barangay": null, "Land_Class": null, "PIN": "030-01-008-14-041" }, "geometry": { "type": "Polygon", "coordinates": [ [ [ 121.885940069018758, 13.430856684374461 ], [ 121.88602492931183, 13.431492243081248 ], [ 121.886282040640097, 13.431196338104927 ], [ 121.886238713739559, 13.431072846240056 ], [ 121.886101878517195, 13.430947072781052 ], [ 121.886074035324185, 13.430776944681153 ], [ 121.885940069018758, 13.430856684374461 ] ] ] } },
{ "type": "Feature", "properties": { "Id": 0, "CLN": "15686", "PSGC": "174001007", "Barangay": "Balimbing", "Land_Class": null, "PIN": "030-01-008-14-043" }, "geometry": { "type": "Polygon", "coordinates": [ [ [ 121.885473415855373, 13.430652856348939 ], [ 121.885548531476871, 13.430918471103116 ], [ 121.885940069018758, 13.430856684374461 ], [ 121.885864711559506, 13.430643377863834 ], [ 121.885827205315763, 13.43049936163127 ], [ 121.885483406878535, 13.430555754847564 ], [ 121.885515515129896, 13.430628756151577 ], [ 121.885473415855373, 13.430652856348939 ] ] ] } },
{ "type": "Feature", "properties": { "Id": 0, "CLN": "15805", "PSGC": "174001007", "Barangay": null, "Land_Class": null, "PIN": "030-01-008-14-042" }, "geometry": { "type": "Polygon", "coordinates": [ [ [ 121.885940069018758, 13.430856684374461 ], [ 121.886074035324185, 13.430776944681153 ], [ 121.886031803391759, 13.430416197905956 ], [ 121.885827205315763, 13.43049936163127 ], [ 121.885864711559506, 13.430643377863834 ], [ 121.885940069018758, 13.430856684374461 ] ] ] } },
{ "type": "Feature", "properties": { "Id": 0, "CLN": "15687", "PSGC": "174001007", "Barangay": "Balimbing", "Land_Class": null, "PIN": "030-01-008-14-044" }, "geometry": { "type": "Polygon", "coordinates": [ [ [ 121.885483406878535, 13.430555754847564 ], [ 121.885827205315763, 13.43049936163127 ], [ 121.886031803391759, 13.430416197905956 ], [ 121.886003977520559, 13.430242333502509 ], [ 121.885841685698324, 13.430256561390854 ], [ 121.885930632104319, 13.430006617665592 ], [ 121.885847227026787, 13.429882948539975 ], [ 121.885848037439175, 13.429707342563068 ], [ 121.885294900318897, 13.429633904988274 ], [ 121.885261670882301, 13.429803762949403 ], [ 121.885253001751266, 13.430027906970214 ], [ 121.885483406878535, 13.430555754847564 ] ] ] } },
{ "type": "Feature", "properties": { "Id": 0, "CLN": "15688", "PSGC": "174001007", "Barangay": null, "Land_Class": null, "PIN": "030-01-008-14-045" }, "geometry": { "type": "Polygon", "coordinates": [ [ [ 121.886003977520559, 13.430242333502509 ], [ 121.885968802149364, 13.430006786435236 ], [ 121.885930632104319, 13.430006617665592 ], [ 121.885841685698324, 13.430256561390854 ], [ 121.886003977520559, 13.430242333502509 ] ] ] } },
{ "type": "Feature", "properties": { "Id": 0, "CLN": "15690", "PSGC": "174001007", "Barangay": null, "Land_Class": null, "PIN": "030-01-008-14-046" }, "geometry": { "type": "Polygon", "coordinates": [ [ [ 121.885930632104319, 13.430006617665592 ], [ 121.885968802149364, 13.430006786435236 ], [ 121.885941700482419, 13.429675997531053 ], [ 121.886022452243836, 13.429547449659401 ], [ 121.885986595915881, 13.429459486346838 ], [ 121.88584654276319, 13.429617662985992 ], [ 121.885848037439175, 13.429707342563068 ], [ 121.885847227026787, 13.429882948539975 ], [ 121.885930632104319, 13.430006617665592 ] ] ] } },
{ "type": "Feature", "properties": { "Id": 0, "CLN": "15691", "PSGC": "174001007", "Barangay": null, "Land_Class": null, "PIN": "030-01-008-14-046" }, "geometry": { "type": "Polygon", "coordinates": [ [ [ 121.885968802149364, 13.430006786435236 ], [ 121.886001255308457, 13.430005061736166 ], [ 121.885941700482419, 13.429675997531053 ], [ 121.885968802149364, 13.430006786435236 ] ] ] } },
{ "type": "Feature", "properties": { "Id": 0, "CLN": "15689", "PSGC": "174001007", "Barangay": null, "Land_Class": null, "PIN": "030-01-008-14-045" }, "geometry": { "type": "Polygon", "coordinates": [ [ [ 121.886003977520559, 13.430242333502509 ], [ 121.886001255308457, 13.430005061736166 ], [ 121.885968802149364, 13.430006786435236 ], [ 121.886003977520559, 13.430242333502509 ] ] ] } },
{ "type": "Feature", "properties": { "Id": 0, "CLN": "15524", "PSGC": "174001007", "Barangay": "Balimbing", "Land_Class": null, "PIN": "030-01-008-13-006" }, "geometry": { "type": "Polygon", "coordinates": [ [ [ 121.886102466267872, 13.429992431892929 ], [ 121.88634663391781, 13.430019665836742 ], [ 121.886303315763499, 13.429894305836715 ], [ 121.88616109176003, 13.429695649333574 ], [ 121.886096176904772, 13.429700966924374 ], [ 121.886102466267872, 13.429992431892929 ] ] ] } },
{ "type": "Feature", "properties": { "Id": 0, "CLN": "16157", "PSGC": "174001007", "Barangay": null, "Land_Class": null, "PIN": "030-01-008-13-005" }, "geometry": { "type": "Polygon", "coordinates": [ [ [ 121.88634663391781, 13.430019665836754 ], [ 121.8861024662679, 13.429992431892963 ], [ 121.886135741885411, 13.430226102365779 ], [ 121.886446810838564, 13.430231213736826 ], [ 121.88634663391781, 13.430019665836754 ] ] ] } },
{ "type": "Feature", "properties": { "Id": 0, "CLN": "15525", "PSGC": "174001007", "Barangay": null, "Land_Class": null, "PIN": "030-01-008-13-005" }, "geometry": { "type": "Polygon", "coordinates": [ [ [ 121.886135741885411, 13.430226102365761 ], [ 121.886102466267872, 13.429992431892929 ], [ 121.886110922712405, 13.430227860829641 ], [ 121.886135741885411, 13.430226102365761 ] ] ] } },
{ "type": "Feature", "properties": { "Id": 0, "CLN": "15526", "PSGC": "174001007", "Barangay": null, "Land_Class": null, "PIN": "030-01-008-13-004" }, "geometry": { "type": "Polygon", "coordinates": [ [ [ 121.886135741885411, 13.430226102365761 ], [ 121.886110922712405, 13.430227860829641 ], [ 121.88612347199718, 13.430403525877287 ], [ 121.886144474177343, 13.430401750539177 ], [ 121.886135741885411, 13.430226102365761 ] ] ] } },
{ "type": "Feature", "properties": { "Id": 0, "CLN": "15527", "PSGC": "174001007", "Barangay": null, "Land_Class": null, "PIN": "030-01-008-13-004" }, "geometry": { "type": "Polygon", "coordinates": [ [ [ 121.886144474177343, 13.430401750539177 ], [ 121.886486157001571, 13.430390183532481 ], [ 121.886446810838549, 13.430231213736826 ], [ 121.886135741885411, 13.430226102365761 ], [ 121.886144474177343, 13.430401750539177 ] ] ] } },
{ "type": "Feature", "properties": { "Id": 0, "CLN": "15522", "PSGC": "174001007", "Barangay": null, "Land_Class": null, "PIN": "030-01-008-13-019" }, "geometry": { "type": "Polygon", "coordinates": [ [ [ 121.886096176904772, 13.429700966924374 ], [ 121.88616109176003, 13.429695649333574 ], [ 121.886344299142138, 13.429698327338254 ], [ 121.886436195669972, 13.430049952673038 ], [ 121.886730979859436, 13.430275437801233 ], [ 121.886476394865312, 13.43002397571437 ], [ 121.886395975135187, 13.429666796552263 ], [ 121.886344540431651, 13.429646019165524 ], [ 121.886096418248087, 13.429648658756133 ], [ 121.886096176904772, 13.429700966924374 ] ] ] } },
{ "type": "Feature", "properties": { "Id": 0, "CLN": "15530", "PSGC": "174001007", "Barangay": null, "Land_Class": null, "PIN": "030-01-008-13-002" }, "geometry": { "type": "Polygon", "coordinates": [ [ [ 121.886134506288442, 13.431520136524048 ], [ 121.886158842366655, 13.431530852903009 ], [ 121.886414961939778, 13.431221678150134 ], [ 121.88640465025253, 13.431107588129548 ], [ 121.886358932299501, 13.431033124552938 ], [ 121.886240389832025, 13.430886729749412 ], [ 121.886213919484277, 13.430751350723634 ], [ 121.886184066707401, 13.430761827536664 ], [ 121.886213295425634, 13.430886609973484 ], [ 121.886334510612002, 13.431040973191722 ], [ 121.886374809671736, 13.431115412819846 ], [ 121.886390650347963, 13.431205657512805 ], [ 121.886134506288442, 13.431520136524048 ] ] ] } },
{ "type": "Feature", "properties": { "Id": 0, "CLN": "15531", "PSGC": "174001007", "Barangay": null, "Land_Class": null, "PIN": "030-01-008-13-002" }, "geometry": { "type": "Polygon", "coordinates": [ [ [ 121.886997878626076, 13.431728171375338 ], [ 121.887063076637318, 13.431691328649569 ], [ 121.88695597043656, 13.431415027016227 ], [ 121.886854075441775, 13.431183835718036 ], [ 121.886625228287102, 13.430867213113151 ], [ 121.88658831139513, 13.430646917656295 ], [ 121.886213919484277, 13.430751350723634 ], [ 121.886240389832025, 13.430886729749412 ], [ 121.886358932299501, 13.431033124552938 ], [ 121.88640465025253, 13.431107588129548 ], [ 121.886414961939778, 13.431221678150134 ], [ 121.886158842366655, 13.431530852903009 ], [ 121.886997878626076, 13.431728171375338 ] ] ] } },
{ "type": "Feature", "properties": { "Id": 0, "CLN": "15515", "PSGC": "174001007", "Barangay": "Balimbing", "Land_Class": null, "PIN": "030-01-008-13-011" }, "geometry": { "type": "Polygon", "coordinates": [ [ [ 121.888108240579314, 13.431844466676703 ], [ 121.888226029660203, 13.431566505754562 ], [ 121.888120605431226, 13.431512996546932 ], [ 121.887934594221477, 13.431307956334837 ], [ 121.887758911172497, 13.430625566053456 ], [ 121.88768292467671, 13.430651752572274 ], [ 121.88751443441447, 13.431348536538907 ], [ 121.887416490939358, 13.431435626533675 ], [ 121.88772912492, 13.431797705807051 ], [ 121.888108240579314, 13.431844466676703 ] ] ] } },
{ "type": "Feature", "properties": { "Id": 0, "CLN": "15520", "PSGC": "174001007", "Barangay": "Balimbing", "Land_Class": null, "PIN": "030-01-008-13-016" }, "geometry": { "type": "Polygon", "coordinates": [ [ [ 121.888241314393468, 13.431436099275908 ], [ 121.888306461721044, 13.431191417849094 ], [ 121.888199271389198, 13.43032533001443 ], [ 121.888312063782962, 13.430248285381845 ], [ 121.888195842527708, 13.429960115556261 ], [ 121.888170267981138, 13.429409702333459 ], [ 121.887804361805493, 13.428960343137742 ], [ 121.886727886141799, 13.429103169943938 ], [ 121.887315032778744, 13.429786134569376 ], [ 121.887110762431135, 13.430305516227472 ], [ 121.887807542572276, 13.430488691217459 ], [ 121.887894009637634, 13.430579122031801 ], [ 121.888051966563012, 13.431237678196192 ], [ 121.888148689970436, 13.431320650116374 ], [ 121.888241314393468, 13.431436099275908 ] ] ] } },
{ "type": "Feature", "properties": { "Id": 0, "CLN": "15535", "PSGC": "174001007", "Barangay": "Balimbing", "Land_Class": null, "PIN": "030-01-008-13-010" }, "geometry": { "type": "Polygon", "coordinates": [ [ [ 121.887574394875557, 13.430620234257065 ], [ 121.887251770726223, 13.431314188880259 ], [ 121.88738468392647, 13.43130727179623 ], [ 121.887574394875557, 13.430620234257065 ] ] ] } },
{ "type": "Feature", "properties": { "Id": 0, "CLN": "15534", "PSGC": "174001007", "Barangay": "Balimbing", "Land_Class": null, "PIN": "030-01-008-13-009" }, "geometry": { "type": "Polygon", "coordinates": [ [ [ 121.887110762431135, 13.430305516227472 ], [ 121.886950151243497, 13.43077756459645 ], [ 121.887251770726223, 13.431314188880259 ], [ 121.887574394875557, 13.430620234257065 ], [ 121.887659090265771, 13.430540564522286 ], [ 121.887807542572276, 13.430488691217459 ], [ 121.887110762431135, 13.430305516227472 ] ] ] } },
{ "type": "Feature", "properties": { "Id": 0, "CLN": "15532", "PSGC": "174001007", "Barangay": null, "Land_Class": null, "PIN": "030-01-008-13-008" }, "geometry": { "type": "Polygon", "coordinates": [ [ [ 121.88658831139513, 13.430646917656295 ], [ 121.886625228287102, 13.430867213113151 ], [ 121.886854075441775, 13.431183835718036 ], [ 121.88695597043656, 13.431415027016227 ], [ 121.88718085456685, 13.431416020443715 ], [ 121.887009865153772, 13.431128019380706 ], [ 121.886858077837914, 13.430794667368076 ], [ 121.886970103021866, 13.430329908538159 ], [ 121.88658831139513, 13.430646917656295 ] ] ] } },
{ "type": "Feature", "properties": { "Id": 0, "CLN": "15533", "PSGC": "174001007", "Barangay": null, "Land_Class": null, "PIN": "030-01-008-13-018" }, "geometry": { "type": "Polygon", "coordinates": [ [ [ 121.886970103021866, 13.430329908538159 ], [ 121.886858077837914, 13.430794667368076 ], [ 121.887009865153772, 13.431128019380706 ], [ 121.88718085456685, 13.431416020443715 ], [ 121.886901622623611, 13.430772347474546 ], [ 121.886970103021866, 13.430329908538159 ] ] ] } },
{ "type": "Feature", "properties": { "Id": 0, "CLN": "15528", "PSGC": "174001007", "Barangay": null, "Land_Class": null, "PIN": "030-01-008-13-003" }, "geometry": { "type": "Polygon", "coordinates": [ [ [ 121.88612347199718, 13.430403525877287 ], [ 121.886184066707401, 13.430761827536664 ], [ 121.886213919484277, 13.430751350723634 ], [ 121.886144474177343, 13.430401750539177 ], [ 121.88612347199718, 13.430403525877287 ] ] ] } },
{ "type": "Feature", "properties": { "Id": 0, "CLN": "15529", "PSGC": "174001007", "Barangay": null, "Land_Class": null, "PIN": "030-01-008-13-003" }, "geometry": { "type": "Polygon", "coordinates": [ [ [ 121.886486157001571, 13.430390183532481 ], [ 121.886144474177343, 13.430401750539177 ], [ 121.886213919484277, 13.430751350723634 ], [ 121.88658831139513, 13.430646917656295 ], [ 121.886548348945851, 13.43054624095905 ], [ 121.886513260055253, 13.430482589727291 ], [ 121.886486157001571, 13.430390183532481 ] ] ] } },
{ "type": "Feature", "properties": { "Id": 0, "CLN": "15523", "PSGC": "174001007", "Barangay": null, "Land_Class": null, "PIN": "030-01-008-13-007" }, "geometry": { "type": "Polygon", "coordinates": [ [ [ 121.886730979859436, 13.430275437801233 ], [ 121.886436195669972, 13.430049952673038 ], [ 121.886344299142138, 13.429698327338254 ], [ 121.88616109176003, 13.429695649333574 ], [ 121.886303315763499, 13.429894305836715 ], [ 121.88634663391781, 13.430019665836742 ], [ 121.886446810838549, 13.430231213736826 ], [ 121.886486157001571, 13.430390183532481 ], [ 121.886513260055253, 13.430482589727291 ], [ 121.886548348945851, 13.43054624095905 ], [ 121.88658831139513, 13.430646917656295 ], [ 121.886970103021866, 13.430329908538159 ], [ 121.886730979859436, 13.430275437801233 ] ] ] } },
{ "type": "Feature", "properties": { "Id": 0, "CLN": "15694", "PSGC": "174001007", "Barangay": null, "Land_Class": null, "PIN": "030-01-008-14-048" }, "geometry": { "type": "Polygon", "coordinates": [ [ [ 121.885261670882301, 13.429803762949403 ], [ 121.885294900318897, 13.429633904988274 ], [ 121.885848037439175, 13.429707342563068 ], [ 121.88584654276319, 13.429617662985992 ], [ 121.885986595915881, 13.429459486346838 ], [ 121.884961790284763, 13.429322407659837 ], [ 121.885012504958524, 13.429577771101309 ], [ 121.885039765251989, 13.429804168869314 ], [ 121.885188341449677, 13.429810598662034 ], [ 121.885261670882301, 13.429803762949403 ] ] ] } },
{ "type": "Feature", "properties": { "Id": 0, "CLN": "15693", "PSGC": "174001007", "Barangay": "Balimbing", "Land_Class": null, "PIN": "030-01-008-14-047" }, "geometry": { "type": "Polygon", "coordinates": [ [ [ 121.884961790284763, 13.429322407659837 ], [ 121.885986595915881, 13.429459486346838 ], [ 121.886022452243836, 13.429547449659401 ], [ 121.886091739753553, 13.429561763963084 ], [ 121.886147504176776, 13.429234139406013 ], [ 121.884961790284763, 13.429322407659837 ] ] ] } },
{ "type": "Feature", "properties": { "Id": 0, "CLN": "15695", "PSGC": "174001007", "Barangay": "Balimbing", "Land_Class": null, "PIN": "030-01-008-14-049" }, "geometry": { "type": "Polygon", "coordinates": [ [ [ 121.885261670882329, 13.429803762949438 ], [ 121.885188341449677, 13.429810598662034 ], [ 121.885096217963991, 13.430363569486227 ], [ 121.885248745922297, 13.43047917880007 ], [ 121.885414140007981, 13.430676880552603 ], [ 121.885473415855373, 13.430652856348955 ], [ 121.885515515129896, 13.430628756151593 ], [ 121.885483406878535, 13.430555754847578 ], [ 121.885253001751295, 13.430027906970233 ], [ 121.885261670882329, 13.429803762949438 ] ] ] } },
{ "type": "Feature", "properties": { "Id": 0, "CLN": "15521", "PSGC": "174001007", "Barangay": "Balimbing", "Land_Class": null, "PIN": "030-01-008-13-017" }, "geometry": { "type": "Polygon", "coordinates": [ [ [ 121.886091739753553, 13.429561763963084 ], [ 121.886324929229374, 13.429567059216087 ], [ 121.886466883178485, 13.429616692516221 ], [ 121.886557191714928, 13.430009138954912 ], [ 121.886808824660505, 13.430159228824255 ], [ 121.886978895973357, 13.430191343959713 ], [ 121.887110762431135, 13.430305516227472 ], [ 121.887315032778744, 13.429786134569376 ], [ 121.886727886141799, 13.429103169943938 ], [ 121.886147504176776, 13.429234139406013 ], [ 121.886091739753553, 13.429561763963084 ] ] ] } },
{ "type": "Feature", "properties": { "Id": 0, "CLN": "15990", "PSGC": "174001007", "Barangay": "Balimbing", "Land_Class": null, "PIN": "030-01-008-02-070" }, "geometry": { "type": "Polygon", "coordinates": [ [ [ 121.877031613734502, 13.438175241670129 ], [ 121.877070016415573, 13.438159780022975 ], [ 121.877137326590599, 13.438110054892633 ], [ 121.87707720507494, 13.437987850195663 ], [ 121.876966180859483, 13.437821646372317 ], [ 121.876895705689833, 13.437865104186665 ], [ 121.877031613734502, 13.438175241670129 ] ] ] } },
{ "type": "Feature", "properties": { "Id": 0, "CLN": "15989", "PSGC": "174001007", "Barangay": "Balimbing", "Land_Class": null, "PIN": "030-01-008-02-048" }, "geometry": { "type": "Polygon", "coordinates": [ [ [ 121.877031613734502, 13.438175241670129 ], [ 121.87687486702184, 13.438224567891622 ], [ 121.876963153802265, 13.438471961423666 ], [ 121.877055711797951, 13.438488007094239 ], [ 121.877170978181454, 13.438429116076202 ], [ 121.877070016415573, 13.438159780022975 ], [ 121.877031613734502, 13.438175241670129 ] ] ] } },
{ "type": "Feature", "properties": { "Id": 0, "CLN": "16060", "PSGC": "174001007", "Barangay": "Balimbing", "Land_Class": null, "PIN": "030-01-008-08-002" }, "geometry": { "type": "Polygon", "coordinates": [ [ [ 121.872508206951721, 13.437557514498845 ], [ 121.87239351815434, 13.437764008952465 ], [ 121.872510755290065, 13.437866084961135 ], [ 121.872397751122406, 13.438138985722999 ], [ 121.872779472248254, 13.438427771819718 ], [ 121.87296058588629, 13.438284193258207 ], [ 121.872675311895549, 13.437928826424296 ], [ 121.872777350153285, 13.43786776666998 ], [ 121.872766239402665, 13.437843793842649 ], [ 121.872508206951721, 13.437557514498845 ] ] ] } },
{ "type": "Feature", "properties": { "Id": 0, "CLN": "15398", "PSGC": "174001007", "Barangay": "Balimbing", "Land_Class": null, "PIN": "030-01-008-02-033" }, "geometry": { "type": "Polygon", "coordinates": [ [ [ 121.876748760706434, 13.439539709022938 ], [ 121.876462930107962, 13.439185130373094 ], [ 121.876327845171858, 13.43928987639762 ], [ 121.876407697223883, 13.439384984958975 ], [ 121.876645804509693, 13.43969870524174 ], [ 121.876748542343222, 13.439586606734272 ], [ 121.876748760706434, 13.439539709022938 ] ] ] } },
{ "type": "Feature", "properties": { "Id": 0, "CLN": "16000", "PSGC": "174001007", "Barangay": "Balimbing", "Land_Class": null, "PIN": "030-01-008-08-032" }, "geometry": { "type": "Polygon", "coordinates": [ [ [ 121.876414101627617, 13.43770975345425 ], [ 121.876567755819195, 13.437638527648712 ], [ 121.876494756187981, 13.437538151442668 ], [ 121.876412290642733, 13.437412720351981 ], [ 121.876370220224842, 13.437352353673397 ], [ 121.876107920190876, 13.437407146000682 ], [ 121.876178114778568, 13.437680277891838 ], [ 121.876302172714887, 13.437641191175704 ], [ 121.876332608931335, 13.437755584365124 ], [ 121.876414101627617, 13.43770975345425 ] ] ] } },
{ "type": "Feature", "properties": { "Id": 0, "CLN": "15696", "PSGC": "174001007", "Barangay": "Balimbing", "Land_Class": null, "PIN": "030-01-008-14-050" }, "geometry": { "type": "Polygon", "coordinates": [ [ [ 121.884747267243426, 13.431145639885562 ], [ 121.885414140007981, 13.430676880552603 ], [ 121.885248745922297, 13.43047917880007 ], [ 121.885096217963991, 13.430363569486227 ], [ 121.885188341449677, 13.429810598662034 ], [ 121.885039765251989, 13.429804168869332 ], [ 121.885012504958524, 13.429577771101325 ], [ 121.884961790284763, 13.429322407659837 ], [ 121.884756773425948, 13.429405939947198 ], [ 121.884483878459022, 13.429494947064395 ], [ 121.884385804144259, 13.430317028762595 ], [ 121.884747267243426, 13.431145639885562 ] ] ] } },
{ "type": "Feature", "properties": { "Id": 0, "CLN": "15396", "PSGC": "174001007", "Barangay": null, "Land_Class": null, "PIN": "030-01-008-02-084" }, "geometry": { "type": "Polygon", "coordinates": [ [ [ 121.876010002878942, 13.439505313597671 ], [ 121.876252122066802, 13.439872500149017 ], [ 121.876405673102354, 13.439819570364806 ], [ 121.876463313980167, 13.439788561789181 ], [ 121.87640942064607, 13.439700777098929 ], [ 121.876208192314166, 13.439405931554065 ], [ 121.876010002878942, 13.439505313597671 ] ] ] } },
{ "type": "Feature", "properties": { "Id": 0, "CLN": "15399", "PSGC": "174001007", "Barangay": null, "Land_Class": null, "PIN": "030-01-008-02-083" }, "geometry": { "type": "Polygon", "coordinates": [ [ [ 121.877181318054241, 13.438722819074464 ], [ 121.877055711797965, 13.438488007094239 ], [ 121.876963153802265, 13.438471961423682 ], [ 121.87672674200688, 13.438480286702459 ], [ 121.876831773156425, 13.438764728493837 ], [ 121.877181318054241, 13.438722819074464 ] ] ] } },
{ "type": "Feature", "properties": { "Id": 0, "CLN": "15997", "PSGC": "174001007", "Barangay": "Balimbing", "Land_Class": null, "PIN": "030-01-008-02-043" }, "geometry": { "type": "Polygon", "coordinates": [ [ [ 121.876411175032572, 13.438338182789574 ], [ 121.876448378789149, 13.438162441569997 ], [ 121.876409298857411, 13.438168652188999 ], [ 121.875789344312622, 13.438291801519791 ], [ 121.87579055305342, 13.438543639452767 ], [ 121.875677264528548, 13.438827611132963 ], [ 121.875750416998471, 13.438977171837458 ], [ 121.875780679209853, 13.439128872820186 ], [ 121.87594796508732, 13.439015362290347 ], [ 121.876067780794955, 13.438864331233027 ], [ 121.876165819175142, 13.438734927789111 ], [ 121.87615820419164, 13.438540263699997 ], [ 121.876419701562185, 13.438505285036696 ], [ 121.876490330213315, 13.438488611757876 ], [ 121.876487252527369, 13.438463585393889 ], [ 121.876417330387909, 13.438388235518271 ], [ 121.876411175032572, 13.438338182789574 ] ] ] } },
{ "type": "Feature", "properties": { "Id": 0, "CLN": "15998", "PSGC": "174001007", "Barangay": "Balimbing", "Land_Class": null, "PIN": "030-01-008-02-050" }, "geometry": { "type": "Polygon", "coordinates": [ [ [ 121.876448378789149, 13.438162441569997 ], [ 121.876409508384384, 13.437960732326987 ], [ 121.876119193762875, 13.438055432015743 ], [ 121.875773179684757, 13.438182135563862 ], [ 121.875789344312622, 13.438291801519791 ], [ 121.876409298857411, 13.438168652188999 ], [ 121.876448378789149, 13.438162441569997 ] ] ] } },
{ "type": "Feature", "properties": { "Id": 0, "CLN": "15995", "PSGC": "174001007", "Barangay": "Balimbing", "Land_Class": null, "PIN": "030-01-008-02-065" }, "geometry": { "type": "Polygon", "coordinates": [ [ [ 121.876409508384384, 13.437960732326987 ], [ 121.876448378789149, 13.438162441569997 ], [ 121.876411175032572, 13.438338182789574 ], [ 121.876628465377493, 13.438320392758433 ], [ 121.876569494184224, 13.437951193331344 ], [ 121.876409508384384, 13.437960732326987 ] ] ] } },
{ "type": "Feature", "properties": { "Id": 0, "CLN": "15986", "PSGC": "174001007", "Barangay": "Balimbing", "Land_Class": null, "PIN": "030-01-008-02-071" }, "geometry": { "type": "Polygon", "coordinates": [ [ [ 121.876332608931364, 13.437755584365139 ], [ 121.876409508384384, 13.437960732326987 ], [ 121.876569494184224, 13.43795119333136 ], [ 121.876627047234138, 13.437938943763186 ], [ 121.876713376799884, 13.437920569385399 ], [ 121.876770900726925, 13.437914572812234 ], [ 121.876895705689833, 13.437865104186665 ], [ 121.876966180859483, 13.437821646372333 ], [ 121.87707720507494, 13.437987850195682 ], [ 121.87730783912059, 13.437848182433804 ], [ 121.877130144977926, 13.437594137202556 ], [ 121.876931569064311, 13.437708935149034 ], [ 121.876734390309664, 13.437523587527371 ], [ 121.876712162252844, 13.437495349164784 ], [ 121.876494756187995, 13.437538151442704 ], [ 121.876567755819167, 13.437638527648728 ], [ 121.876414101627617, 13.43770975345425 ], [ 121.876332608931364, 13.437755584365139 ] ] ] } },
{ "type": "Feature", "properties": { "Id": 0, "CLN": "15984", "PSGC": "174001007", "Barangay": null, "Land_Class": null, "PIN": "030-01-008-08-033" }, "geometry": { "type": "Polygon", "coordinates": [ [ [ 121.876494756187981, 13.437538151442668 ], [ 121.876712162252844, 13.437495349164768 ], [ 121.87673439030965, 13.437523587527373 ], [ 121.877044921456957, 13.437374896601805 ], [ 121.876989798691781, 13.436865018282061 ], [ 121.876561419671333, 13.43694127217886 ], [ 121.876414154227362, 13.43701252652075 ], [ 121.876256994324962, 13.437111674776947 ], [ 121.875986722480178, 13.437343646939556 ], [ 121.876038782764255, 13.437418496355701 ], [ 121.876107920190876, 13.437407146000682 ], [ 121.876370220224842, 13.437352353673397 ], [ 121.876412290642733, 13.437412720351981 ], [ 121.876494756187981, 13.437538151442668 ] ] ] } },
{ "type": "Feature", "properties": { "Id": 0, "CLN": "16002", "PSGC": "174001007", "Barangay": null, "Land_Class": null, "PIN": null }, "geometry": { "type": "Polygon", "coordinates": [ [ [ 121.876530089647972, 13.436809816078991 ], [ 121.876206374514595, 13.436974113664562 ], [ 121.87653949738629, 13.436847377000529 ], [ 121.876530089647972, 13.436809816078991 ] ] ] } },
{ "type": "Feature", "properties": { "Id": 0, "CLN": "16005", "PSGC": "174001007", "Barangay": null, "Land_Class": null, "PIN": "030-01-008-08-044" }, "geometry": { "type": "Polygon", "coordinates": [ [ [ 121.875939833735259, 13.436914244963178 ], [ 121.876016850094018, 13.437059076293007 ], [ 121.876206374514595, 13.436974113664581 ], [ 121.876122562338722, 13.436834565031837 ], [ 121.876110570290408, 13.436838202725644 ], [ 121.875939833735259, 13.436914244963178 ] ] ] } },
{ "type": "Feature", "properties": { "Id": 0, "CLN": "15982", "PSGC": "174001007", "Barangay": null, "Land_Class": null, "PIN": "030-01-008-08-039" }, "geometry": { "type": "Polygon", "coordinates": [ [ [ 121.876530089647972, 13.436809816078991 ], [ 121.876961764439258, 13.43671169085559 ], [ 121.876962426386712, 13.436676434016437 ], [ 121.876504915012774, 13.436728412707684 ], [ 121.876530089647972, 13.436809816078991 ] ] ] } },
{ "type": "Feature", "properties": { "Id": 0, "CLN": "16189", "PSGC": "174001007", "Barangay": null, "Land_Class": null, "PIN": "030-01-008-08-040" }, "geometry": { "type": "Polygon", "coordinates": [ [ [ 121.876961764439258, 13.43671169085559 ], [ 121.877070481626319, 13.436687162990198 ], [ 121.877061001056717, 13.436665234657776 ], [ 121.876962426386712, 13.436676434016437 ], [ 121.876961764439258, 13.43671169085559 ] ] ] } },
{ "type": "Feature", "properties": { "Id": 0, "CLN": "16159", "PSGC": "174001007", "Barangay": "Balimbing", "Land_Class": null, "PIN": "030-01-008-08-040" }, "geometry": { "type": "Polygon", "coordinates": [ [ [ 121.876961764439258, 13.43671169085559 ], [ 121.876968021756994, 13.436739857977724 ], [ 121.877070307024255, 13.436724681171894 ], [ 121.877070481626319, 13.436687162990198 ], [ 121.876961764439258, 13.43671169085559 ] ] ] } },
{ "type": "Feature", "properties": { "Id": 0, "CLN": "16097", "PSGC": "174001007", "Barangay": "Balimbing", "Land_Class": null, "PIN": "030-01-008-02-003" }, "geometry": { "type": "Polygon", "coordinates": [ [ [ 121.876301517355188, 13.438874554885844 ], [ 121.876165819175142, 13.438734927789111 ], [ 121.876067780794955, 13.438864331233027 ], [ 121.876327845171858, 13.43928987639762 ], [ 121.876462930107962, 13.439185130373094 ], [ 121.876419771035927, 13.439100297416243 ], [ 121.876301517355188, 13.438874554885844 ] ] ] } },
{ "type": "Feature", "properties": { "Id": 0, "CLN": "15469", "PSGC": "174001007", "Barangay": "Balimbing", "Land_Class": null, "PIN": "030-01-008-05-019" }, "geometry": { "type": "Polygon", "coordinates": [ [ [ 121.885303047748522, 13.436059566811927 ], [ 121.885125493300379, 13.435729963495627 ], [ 121.885001596076634, 13.435777317352557 ], [ 121.884924044471049, 13.435829001421235 ], [ 121.884885705286905, 13.435840932541872 ], [ 121.884815777516465, 13.436059770875085 ], [ 121.885363550258589, 13.436539150019609 ], [ 121.885537739755989, 13.436428946379911 ], [ 121.885303047748522, 13.436059566811927 ] ] ] } },
{ "type": "Feature", "properties": { "Id": 0, "CLN": "15468", "PSGC": "174001007", "Barangay": "Balimbing", "Land_Class": null, "PIN": "030-01-008-05-018" }, "geometry": { "type": "Polygon", "coordinates": [ [ [ 121.885522555688013, 13.43606053824349 ], [ 121.885282032966956, 13.435683814310709 ], [ 121.885125493300379, 13.435729963495627 ], [ 121.885303047748522, 13.436059566811927 ], [ 121.885537739755989, 13.436428946379911 ], [ 121.88569737970839, 13.436335206353897 ], [ 121.885522555688013, 13.43606053824349 ] ] ] } },
{ "type": "Feature", "properties": { "Id": 0, "CLN": "15467 pt.", "PSGC": "174001007", "Barangay": null, "Land_Class": null, "PIN": "030-01-008-05-047" }, "geometry": { "type": "Polygon", "coordinates": [ [ [ 121.885592014803777, 13.435646335422252 ], [ 121.885282032966956, 13.435683814310709 ], [ 121.885522555688013, 13.43606053824349 ], [ 121.88569737970839, 13.436335206353897 ], [ 121.88592055268245, 13.436385683611984 ], [ 121.885592014803777, 13.435646335422252 ] ] ] } },
{ "type": "Feature", "properties": { "Id": 0, "CLN": "15451", "PSGC": "174001007", "Barangay": "Balimbing", "Land_Class": null, "PIN": "030-01-008-05-016" }, "geometry": { "type": "Polygon", "coordinates": [ [ [ 121.886676296855612, 13.435664998880542 ], [ 121.886179018055486, 13.435575361693818 ], [ 121.886421174897734, 13.436307712622495 ], [ 121.886834328859308, 13.436332657525169 ], [ 121.886902806172458, 13.435666000030979 ], [ 121.886676296855612, 13.435664998880542 ] ] ] } },
{ "type": "Feature", "properties": { "Id": 0, "CLN": "15450", "PSGC": "174001007", "Barangay": "Balimbing", "Land_Class": null, "PIN": "030-01-008-05-015" }, "geometry": { "type": "Polygon", "coordinates": [ [ [ 121.887492560297176, 13.43576541273371 ], [ 121.886902806172458, 13.435666000030979 ], [ 121.886834328859308, 13.436332657525169 ], [ 121.886974554774966, 13.436421519913544 ], [ 121.88717801169723, 13.436874221315877 ], [ 121.88765374090795, 13.436932798284884 ], [ 121.888268059023304, 13.436653134349388 ], [ 121.888261204836724, 13.436575450541985 ], [ 121.887908729981675, 13.436376230787081 ], [ 121.887747876563765, 13.436068436001699 ], [ 121.88772767621515, 13.435975679208353 ], [ 121.887492560297176, 13.43576541273371 ] ] ] } },
{ "type": "Feature", "properties": { "Id": 0, "CLN": "15466", "PSGC": "174001007", "Barangay": null, "Land_Class": null, "PIN": "030-01-008-12-001" }, "geometry": { "type": "Polygon", "coordinates": [ [ [ 121.885282032966956, 13.435683814310709 ], [ 121.885592014803777, 13.435646335422252 ], [ 121.885872014553243, 13.435612481228361 ], [ 121.886179018055486, 13.435575361693818 ], [ 121.88569000918713, 13.435076672709167 ], [ 121.88523689089007, 13.435096527293815 ], [ 121.885282032966956, 13.435683814310709 ] ] ] } },
{ "type": "Feature", "properties": { "Id": 0, "CLN": "15505", "PSGC": "174001007", "Barangay": "Balimbing", "Land_Class": null, "PIN": "030-01-008-11-001" }, "geometry": { "type": "Polygon", "coordinates": [ [ [ 121.88509415139562, 13.434917895656856 ], [ 121.884825591095378, 13.434351479205157 ], [ 121.884745733768099, 13.434372985268453 ], [ 121.884531642493982, 13.434481479565511 ], [ 121.884184883658875, 13.434433850234603 ], [ 121.884006076487111, 13.434465847767852 ], [ 121.884005864882852, 13.434568810474945 ], [ 121.884004399025272, 13.434885797615053 ], [ 121.884713214553315, 13.434877717067771 ], [ 121.88472183875102, 13.435156742054708 ], [ 121.884754360784058, 13.435584679685057 ], [ 121.884885705286905, 13.435840932541872 ], [ 121.884924044471049, 13.435829001421235 ], [ 121.885001596076634, 13.435777317352557 ], [ 121.885125493300379, 13.435729963495627 ], [ 121.885282032966956, 13.435683814310709 ], [ 121.88523689089007, 13.435096527293815 ], [ 121.88509415139562, 13.434917895656856 ] ] ] } },
{ "type": "Feature", "properties": { "Id": 0, "CLN": "15506", "PSGC": "174001007", "Barangay": "Balimbing", "Land_Class": null, "PIN": "030-01-008-12-002" }, "geometry": { "type": "Polygon", "coordinates": [ [ [ 121.884769230738868, 13.43430443318811 ], [ 121.884825591095378, 13.434351479205157 ], [ 121.88509415139562, 13.434917895656856 ], [ 121.88523689089007, 13.435096527293815 ], [ 121.88569000918713, 13.435076672709167 ], [ 121.885728651008861, 13.434999163889257 ], [ 121.885461793916903, 13.434754404428007 ], [ 121.885733574112209, 13.434451133393894 ], [ 121.885740957639797, 13.434406666084435 ], [ 121.88504930631278, 13.433921132194248 ], [ 121.884769230738868, 13.43430443318811 ] ] ] } },
{ "type": "Feature", "properties": { "Id": 0, "CLN": "15507", "PSGC": "174001007", "Barangay": "Balimbing", "Land_Class": null, "PIN": "030-01-008-12-005" }, "geometry": { "type": "Polygon", "coordinates": [ [ [ 121.885004040053246, 13.433878773968111 ], [ 121.88504930631278, 13.433921132194234 ], [ 121.885740957639769, 13.434406666084417 ], [ 121.88578033279228, 13.434170287776078 ], [ 121.885690070263621, 13.43402702015419 ], [ 121.885004040053246, 13.433878773968111 ] ] ] } },
{ "type": "Feature", "properties": { "Id": 0, "CLN": "15508", "PSGC": "174001007", "Barangay": "Balimbing", "Land_Class": null, "PIN": "030-01-008-12-004" }, "geometry": { "type": "Polygon", "coordinates": [ [ [ 121.88578033279228, 13.434170287776078 ], [ 121.885740957639769, 13.434406666084417 ], [ 121.886089436512378, 13.43459323362424 ], [ 121.886113547208936, 13.434553524480705 ], [ 121.886353324418906, 13.434444505824086 ], [ 121.886199842325141, 13.434001169505434 ], [ 121.88578033279228, 13.434170287776078 ] ] ] } },
{ "type": "Feature", "properties": { "Id": 0, "CLN": "15462", "PSGC": "174001007", "Barangay": "Balimbing", "Land_Class": null, "PIN": "030-01-008-12-022" }, "geometry": { "type": "Polygon", "coordinates": [ [ [ 121.886113547208936, 13.434553524480705 ], [ 121.886420345743687, 13.434957722961469 ], [ 121.886624254428156, 13.434843861278901 ], [ 121.88640573668836, 13.434493921736921 ], [ 121.886353324418906, 13.434444505824086 ], [ 121.886113547208936, 13.434553524480705 ] ] ] } },
{ "type": "Feature", "properties": { "Id": 0, "CLN": "15461", "PSGC": "174001007", "Barangay": "Balimbing", "Land_Class": null, "PIN": "030-01-008-12-021" }, "geometry": { "type": "Polygon", "coordinates": [ [ [ 121.886353324418906, 13.434444505824086 ], [ 121.88640573668836, 13.434493921736921 ], [ 121.886624254428156, 13.434843861278901 ], [ 121.886762706671306, 13.434914736376692 ], [ 121.886829756192583, 13.434903322189925 ], [ 121.88703063469552, 13.434927630942074 ], [ 121.886923838316761, 13.434737448545356 ], [ 121.886221635908754, 13.433945055368843 ], [ 121.886199842325141, 13.434001169505434 ], [ 121.886353324418906, 13.434444505824086 ] ] ] } },
{ "type": "Feature", "properties": { "Id": 0, "CLN": "15463", "PSGC": "174001007", "Barangay": "Balimbing", "Land_Class": null, "PIN": "030-01-008-12-023" }, "geometry": { "type": "Polygon", "coordinates": [ [ [ 121.886113547208936, 13.434553524480705 ], [ 121.886089436512378, 13.43459323362424 ], [ 121.88627015709379, 13.434837611600138 ], [ 121.886248330997091, 13.434900751900448 ], [ 121.886281050522982, 13.435069528072313 ], [ 121.886420345743687, 13.434957722961469 ], [ 121.886113547208936, 13.434553524480705 ] ] ] } },
{ "type": "Feature", "properties": { "Id": 0, "CLN": "15464", "PSGC": "174001007", "Barangay": "Balimbing", "Land_Class": null, "PIN": "030-01-008-12-024" }, "geometry": { "type": "Polygon", "coordinates": [ [ [ 121.886248330997091, 13.434900751900448 ], [ 121.886058389102359, 13.435098990772353 ], [ 121.886251397764383, 13.435273160004078 ], [ 121.886281050522982, 13.435069528072313 ], [ 121.886248330997091, 13.434900751900448 ] ] ] } },
{ "type": "Feature", "properties": { "Id": 0, "CLN": "16180", "PSGC": "174001007", "Barangay": "Balimbing", "Land_Class": null, "PIN": "030-01-008-12-025" }, "geometry": { "type": "Polygon", "coordinates": [ [ [ 121.886624254428156, 13.434843861278901 ], [ 121.886420345743687, 13.434957722961469 ], [ 121.886281050522982, 13.435069528072313 ], [ 121.886251397764383, 13.435273160004078 ], [ 121.886597572031647, 13.435440979924472 ], [ 121.886762706671306, 13.434914736376692 ], [ 121.886624254428156, 13.434843861278901 ] ] ] } },
{ "type": "Feature", "properties": { "Id": 0, "CLN": "15465", "PSGC": "174001007", "Barangay": null, "Land_Class": null, "PIN": "030-01-008-12-003" }, "geometry": { "type": "Polygon", "coordinates": [ [ [ 121.886597572031647, 13.435440979924472 ], [ 121.886251397764383, 13.435273160004078 ], [ 121.886058389102359, 13.435098990772353 ], [ 121.886248330997091, 13.434900751900448 ], [ 121.88627015709379, 13.434837611600138 ], [ 121.886089436512378, 13.43459323362424 ], [ 121.885740957639769, 13.434406666084417 ], [ 121.885733574112209, 13.434451133393894 ], [ 121.885461793916875, 13.434754404428009 ], [ 121.885728651008833, 13.434999163889275 ], [ 121.885690009187101, 13.435076672709151 ], [ 121.886179018055486, 13.435575361693818 ], [ 121.886676296855612, 13.435664998880542 ], [ 121.886597572031647, 13.435440979924472 ] ] ] } },
{ "type": "Feature", "properties": { "Id": 0, "CLN": "15452", "PSGC": "174001007", "Barangay": "Balimbing", "Land_Class": null, "PIN": "030-01-008-12-026" }, "geometry": { "type": "Polygon", "coordinates": [ [ [ 121.886676296855612, 13.435664998880542 ], [ 121.886902806172458, 13.435666000030979 ], [ 121.887488888070266, 13.435177918544381 ], [ 121.887492338867503, 13.434948407503038 ], [ 121.88703063469552, 13.434927630942074 ], [ 121.886829756192583, 13.434903322189925 ], [ 121.886762706671306, 13.434914736376692 ], [ 121.886597572031647, 13.435440979924472 ], [ 121.886676296855612, 13.435664998880542 ] ] ] } },
{ "type": "Feature", "properties": { "Id": 0, "CLN": "15453", "PSGC": "174001007", "Barangay": "Balimbing", "Land_Class": null, "PIN": "030-01-008-12-027" }, "geometry": { "type": "Polygon", "coordinates": [ [ [ 121.887492338867503, 13.434948407503038 ], [ 121.887488888070266, 13.435177918544381 ], [ 121.886902806172458, 13.435666000030979 ], [ 121.887492560297176, 13.43576541273371 ], [ 121.888022532581815, 13.435683827705484 ], [ 121.888374001340722, 13.435741589731631 ], [ 121.888457564872297, 13.435261826900723 ], [ 121.887998241784544, 13.435243404678243 ], [ 121.888013698763899, 13.435004578180017 ], [ 121.887929857184204, 13.435025286965706 ], [ 121.887908819364981, 13.434917457237628 ], [ 121.887597757905255, 13.434918425740834 ], [ 121.887492338867503, 13.434948407503038 ] ] ] } },
{ "type": "Feature", "properties": { "Id": 0, "CLN": "15454", "PSGC": "174001007", "Barangay": "Balimbing", "Land_Class": null, "PIN": "030-01-008-12-028" }, "geometry": { "type": "Polygon", "coordinates": [ [ [ 121.888013698763899, 13.435004578180017 ], [ 121.887998241784544, 13.435243404678243 ], [ 121.888457564872297, 13.435261826900723 ], [ 121.888331798217621, 13.435034087605736 ], [ 121.888013698763899, 13.435004578180017 ] ] ] } },
{ "type": "Feature", "properties": { "Id": 0, "CLN": "15455", "PSGC": "174001007", "Barangay": "Balimbing", "Land_Class": null, "PIN": "030-01-008-12-029" }, "geometry": { "type": "Polygon", "coordinates": [ [ [ 121.887929857184204, 13.435025286965706 ], [ 121.888013698763899, 13.435004578180017 ], [ 121.888331798217621, 13.435034087605736 ], [ 121.888375406214251, 13.434917174790945 ], [ 121.888191341119807, 13.434878888686551 ], [ 121.887921290104018, 13.434807433350674 ], [ 121.887908819364981, 13.434917457237628 ], [ 121.887929857184204, 13.435025286965706 ] ] ] } },
{ "type": "Feature", "properties": { "Id": 0, "CLN": "15457", "PSGC": "174001007", "Barangay": "Balimbing", "Land_Class": null, "PIN": "030-01-008-12-030" }, "geometry": { "type": "Polygon", "coordinates": [ [ [ 121.887597757905255, 13.434918425740834 ], [ 121.887908819364981, 13.434917457237628 ], [ 121.887921290104018, 13.434807433350674 ], [ 121.888001134006473, 13.434615733221744 ], [ 121.888003688574457, 13.434580612918884 ], [ 121.88777438930056, 13.434492942620572 ], [ 121.887597757905255, 13.434918425740834 ] ] ] } },
{ "type": "Feature", "properties": { "Id": 0, "CLN": "15456", "PSGC": "174001007", "Barangay": "Balimbing", "Land_Class": null, "PIN": "030-01-008-12-031" }, "geometry": { "type": "Polygon", "coordinates": [ [ [ 121.888375406214251, 13.434917174790945 ], [ 121.888460067564878, 13.434718469438103 ], [ 121.888001134006473, 13.434615733221744 ], [ 121.887921290104018, 13.434807433350674 ], [ 121.888191341119807, 13.434878888686551 ], [ 121.888375406214251, 13.434917174790945 ] ] ] } },
{ "type": "Feature", "properties": { "Id": 0, "CLN": "15458", "PSGC": "174001007", "Barangay": "Balimbing", "Land_Class": null, "PIN": "030-01-008-12-032" }, "geometry": { "type": "Polygon", "coordinates": [ [ [ 121.888460067564878, 13.434718469438103 ], [ 121.888603553829199, 13.434735497340615 ], [ 121.888792556587049, 13.434221067917719 ], [ 121.888304374347356, 13.433715361094604 ], [ 121.887509426544895, 13.43435593040742 ], [ 121.88777438930056, 13.434492942620572 ], [ 121.888003688574457, 13.434580612918884 ], [ 121.888001134006473, 13.434615733221744 ], [ 121.888460067564878, 13.434718469438103 ] ] ] } },
{ "type": "Feature", "properties": { "Id": 0, "CLN": "15459", "PSGC": "174001007", "Barangay": "Balimbing", "Land_Class": null, "PIN": "030-01-008-12-033" }, "geometry": { "type": "Polygon", "coordinates": [ [ [ 121.887509426544895, 13.43435593040742 ], [ 121.888304374347356, 13.433715361094604 ], [ 121.888300851151698, 13.433441319170214 ], [ 121.888220255112842, 13.433277016065626 ], [ 121.88806828878927, 13.433023397902515 ], [ 121.887762875227125, 13.433356970694252 ], [ 121.887587086804714, 13.433599773416342 ], [ 121.88705379413382, 13.434056470319764 ], [ 121.887509426544895, 13.43435593040742 ] ] ] } },
{ "type": "Feature", "properties": { "Id": 0, "CLN": "15510", "PSGC": "174001007", "Barangay": null, "Land_Class": null, "PIN": "030-01-008-12-019" }, "geometry": { "type": "Polygon", "coordinates": [ [ [ 121.88705379413382, 13.43405647031978 ], [ 121.887587086804714, 13.433599773416361 ], [ 121.887406505989787, 13.433324949583117 ], [ 121.887418408646113, 13.432819107423395 ], [ 121.886776404513398, 13.432982560606158 ], [ 121.88667011681855, 13.43268230147606 ], [ 121.886344086366989, 13.432816702444107 ], [ 121.886236664539481, 13.432762359127544 ], [ 121.886169204907048, 13.432862771353289 ], [ 121.885895773095925, 13.433524377688615 ], [ 121.885636163116885, 13.433783202878633 ], [ 121.886221635908754, 13.433945055368859 ], [ 121.886650413015673, 13.433841556197708 ], [ 121.886955747920908, 13.434044326572666 ], [ 121.88705379413382, 13.43405647031978 ] ] ] } },
{ "type": "Feature", "properties": { "Id": 0, "CLN": "15553", "PSGC": "174001007", "Barangay": "Balimbing", "Land_Class": null, "PIN": "030-01-008-12-008" }, "geometry": { "type": "Polygon", "coordinates": [ [ [ 121.884750165229079, 13.433520541982869 ], [ 121.884620684513408, 13.433381088943626 ], [ 121.884492000518861, 13.433473312560775 ], [ 121.884728800644709, 13.433650244089069 ], [ 121.884749105027339, 13.433643435060143 ], [ 121.884849749186287, 13.433611091185274 ], [ 121.884750165229079, 13.433520541982869 ] ] ] } },
{ "type": "Feature", "properties": { "Id": 0, "CLN": "15542", "PSGC": "174001007", "Barangay": null, "Land_Class": null, "PIN": "030-01-008-12-047" }, "geometry": { "type": "Polygon", "coordinates": [ [ [ 121.885765968176116, 13.433653790323154 ], [ 121.885109922786768, 13.433193569153824 ], [ 121.885240823036753, 13.433084321394801 ], [ 121.884993581092345, 13.432866080054451 ], [ 121.884773842078616, 13.433056910352658 ], [ 121.884967888399558, 13.433523847929704 ], [ 121.885636163116885, 13.433783202878633 ], [ 121.885765968176116, 13.433653790323154 ] ] ] } },
{ "type": "Feature", "properties": { "Id": 0, "CLN": "15541", "PSGC": "174001007", "Barangay": "Balimbing", "Land_Class": null, "PIN": "030-01-008-12-017" }, "geometry": { "type": "Polygon", "coordinates": [ [ [ 121.885895773095896, 13.433524377688599 ], [ 121.88616920490702, 13.432862771353292 ], [ 121.886236664539453, 13.43276235912751 ], [ 121.885989425559615, 13.432632082583147 ], [ 121.885517078769979, 13.433247543959601 ], [ 121.885490536959637, 13.433276149814684 ], [ 121.885895773095896, 13.433524377688599 ] ] ] } },
{ "type": "Feature", "properties": { "Id": 0, "CLN": "15540", "PSGC": "174001007", "Barangay": null, "Land_Class": null, "PIN": "030-01-008-12-016" }, "geometry": { "type": "Polygon", "coordinates": [ [ [ 121.885517078769979, 13.433247543959601 ], [ 121.885989425559615, 13.432632082583169 ], [ 121.886036666730973, 13.432569100249665 ], [ 121.885849398953411, 13.432453378937474 ], [ 121.885475333891748, 13.432630445686907 ], [ 121.885366163731135, 13.432884962869595 ], [ 121.885324711436127, 13.432965204643155 ], [ 121.885312708737573, 13.433022598096981 ], [ 121.88526829551563, 13.433108571411646 ], [ 121.885517078769979, 13.433247543959601 ] ] ] } },
{ "type": "Feature", "properties": { "Id": 0, "CLN": "15537", "PSGC": "174001007", "Barangay": null, "Land_Class": null, "PIN": "030-01-008-12-018" }, "geometry": { "type": "Polygon", "coordinates": [ [ [ 121.885849398953411, 13.432453378937474 ], [ 121.886036666730945, 13.432569100249649 ], [ 121.885989425559615, 13.432632082583147 ], [ 121.886236664539453, 13.43276235912751 ], [ 121.886344086366989, 13.432816702444095 ], [ 121.886670116818536, 13.432682301476044 ], [ 121.886313502413529, 13.432352027230717 ], [ 121.88606157309124, 13.432258998848406 ], [ 121.885849398953411, 13.432453378937474 ] ] ] } },
{ "type": "Feature", "properties": { "Id": 0, "CLN": "15571", "PSGC": "174001007", "Barangay": null, "Land_Class": null, "PIN": "030-01-008-12-035" }, "geometry": { "type": "Polygon", "coordinates": [ [ [ 121.888388068240801, 13.433001719723766 ], [ 121.888565002362498, 13.432812926574686 ], [ 121.888533954555115, 13.432545662795023 ], [ 121.888411201378148, 13.432438844924716 ], [ 121.88809348488229, 13.432612654981693 ], [ 121.888388068240801, 13.433001719723766 ] ] ] } },
{ "type": "Feature", "properties": { "Id": 0, "CLN": "15514", "PSGC": "174001007", "Barangay": null, "Land_Class": null, "PIN": "030-01-008-13-001" }, "geometry": { "type": "Polygon", "coordinates": [ [ [ 121.88718085456685, 13.431416020443733 ], [ 121.886955970436588, 13.431415027016241 ], [ 121.887063076637318, 13.431691328649569 ], [ 121.886997878626104, 13.431728171375374 ], [ 121.887101972361762, 13.431907428177725 ], [ 121.887352485146451, 13.432307788600447 ], [ 121.887446807787512, 13.432216290604348 ], [ 121.887687675372788, 13.432162779941089 ], [ 121.887703525051919, 13.431907212502805 ], [ 121.88772912492, 13.431797705807051 ], [ 121.887416490939358, 13.431435626533709 ], [ 121.88718085456685, 13.431416020443733 ] ] ] } },
{ "type": "Feature", "properties": { "Id": 0, "CLN": "15512", "PSGC": "174001007", "Barangay": "Balimbing", "Land_Class": null, "PIN": "030-01-008-12-034" }, "geometry": { "type": "Polygon", "coordinates": [ [ [ 121.888944448317304, 13.433156411493432 ], [ 121.888567653002866, 13.433083833749595 ], [ 121.888220255112813, 13.433277016065642 ], [ 121.888300851151698, 13.433441319170232 ], [ 121.888304374347356, 13.433715361094622 ], [ 121.888792556587049, 13.434221067917738 ], [ 121.888858471834283, 13.43409168926306 ], [ 121.888902272085986, 13.433899615804139 ], [ 121.88891721656185, 13.433880293487906 ], [ 121.889145770827, 13.433567564948463 ], [ 121.889194130826994, 13.43349724823404 ], [ 121.889108489514726, 13.43331819463773 ], [ 121.888944448317304, 13.433156411493432 ] ] ] } },
{ "type": "Feature", "properties": { "Id": 0, "CLN": "15490", "PSGC": "174001007", "Barangay": "Balimbing", "Land_Class": null, "PIN": "030-01-008-12-039" }, "geometry": { "type": "Polygon", "coordinates": [ [ [ 121.88572899767388, 13.43200125374795 ], [ 121.885662284037167, 13.431971876335595 ], [ 121.88544239941163, 13.43213812701114 ], [ 121.885580593809152, 13.432236891226431 ], [ 121.88570988621791, 13.432118710297065 ], [ 121.88572899767388, 13.43200125374795 ] ] ] } },
{ "type": "Feature", "properties": { "Id": 0, "CLN": "15677", "PSGC": "174001007", "Barangay": null, "Land_Class": null, "PIN": "030-01-008-12-040" }, "geometry": { "type": "Polygon", "coordinates": [ [ [ 121.885580593809152, 13.432236891226431 ], [ 121.885623468048522, 13.432335233740371 ], [ 121.885748308352319, 13.432376985909343 ], [ 121.885927453346056, 13.432186319535804 ], [ 121.88570988621791, 13.432118710297065 ], [ 121.885580593809152, 13.432236891226431 ] ] ] } },
{ "type": "Feature", "properties": { "Id": 0, "CLN": "15536", "PSGC": "174001007", "Barangay": null, "Land_Class": null, "PIN": "not updated" }, "geometry": { "type": "Polygon", "coordinates": [ [ [ 121.886158842366655, 13.431530852903009 ], [ 121.886134506288442, 13.431520136524068 ], [ 121.886098463492814, 13.431697674299123 ], [ 121.88606367892551, 13.431907004478067 ], [ 121.886033618508648, 13.43225101248696 ], [ 121.88606157309124, 13.432258998848406 ], [ 121.886100469645896, 13.431908027353732 ], [ 121.886158842366655, 13.431530852903009 ] ] ] } },
{ "type": "Feature", "properties": { "Id": 0, "CLN": "15676", "PSGC": "174001007", "Barangay": null, "Land_Class": null, "PIN": "030-01-008-12-040" }, "geometry": { "type": "Polygon", "coordinates": [ [ [ 121.885748308352319, 13.432376985909343 ], [ 121.885779206157451, 13.432388028443125 ], [ 121.885949696847405, 13.432194900248147 ], [ 121.885927453346056, 13.432186319535804 ], [ 121.885748308352319, 13.432376985909343 ] ] ] } },
{ "type": "Feature", "properties": { "Id": 0, "CLN": "15705", "PSGC": "174001007", "Barangay": "Balimbing", "Land_Class": null, "PIN": "030-01-008-12-044" }, "geometry": { "type": "Polygon", "coordinates": [ [ [ 121.885605369230845, 13.431836002059715 ], [ 121.885348245738868, 13.431720905195837 ], [ 121.885311578483567, 13.431808547714136 ], [ 121.885306660722875, 13.431871908655177 ], [ 121.885388869585597, 13.431914118379462 ], [ 121.885480855797439, 13.431955173087804 ], [ 121.885564919510671, 13.431916155142741 ], [ 121.885601293457114, 13.431892029622096 ], [ 121.885605369230845, 13.431836002059715 ] ] ] } },
{ "type": "Feature", "properties": { "Id": 0, "CLN": "15673", "PSGC": "174001007", "Barangay": null, "Land_Class": null, "PIN": "030-01-008-12-042" }, "geometry": { "type": "Polygon", "coordinates": [ [ [ 121.885662284037167, 13.431971876335595 ], [ 121.885620373643206, 13.431932914513554 ], [ 121.885612641063162, 13.431914498054351 ], [ 121.885601293457114, 13.431892029622096 ], [ 121.885564919510671, 13.431916155142741 ], [ 121.885480855797439, 13.431955173087804 ], [ 121.885388869585597, 13.431914118379462 ], [ 121.885306660722875, 13.431871908655177 ], [ 121.885303461307629, 13.431913130226549 ], [ 121.885232355175475, 13.432049950675012 ], [ 121.885116215225523, 13.432268765920252 ], [ 121.885086964961516, 13.432437071590973 ], [ 121.885335290050691, 13.432546017431944 ], [ 121.885614315856159, 13.432440616692357 ], [ 121.885626958052256, 13.432383719724521 ], [ 121.885623468048536, 13.432335233740375 ], [ 121.885580593809152, 13.432236891226415 ], [ 121.885442399411659, 13.432138127011156 ], [ 121.885662284037167, 13.431971876335595 ] ] ] } },
{ "type": "Feature", "properties": { "Id": 0, "CLN": "15538", "PSGC": "174001007", "Barangay": null, "Land_Class": null, "PIN": "030-01-008-12-018" }, "geometry": { "type": "Polygon", "coordinates": [ [ [ 121.885849398953411, 13.432453378937474 ], [ 121.88606157309124, 13.432258998848406 ], [ 121.886033618508662, 13.432251012486972 ], [ 121.885840873131514, 13.432437983496621 ], [ 121.885849398953411, 13.432453378937474 ] ] ] } },
{ "type": "Feature", "properties": { "Id": 0, "CLN": "15675", "PSGC": "174001007", "Barangay": null, "Land_Class": null, "PIN": "030-01-008-12-041" }, "geometry": { "type": "Polygon", "coordinates": [ [ [ 121.885614315856159, 13.432440616692357 ], [ 121.885583166297153, 13.432484102388004 ], [ 121.88577920615748, 13.432388028443144 ], [ 121.885748308352319, 13.432376985909356 ], [ 121.885614315856159, 13.432440616692357 ] ] ] } },
{ "type": "Feature", "properties": { "Id": 0, "CLN": "15674", "PSGC": "174001007", "Barangay": null, "Land_Class": null, "PIN": "030-01-008-12-041" }, "geometry": { "type": "Polygon", "coordinates": [ [ [ 121.885614315856159, 13.432440616692357 ], [ 121.885748308352319, 13.432376985909356 ], [ 121.885623468048536, 13.432335233740375 ], [ 121.885626958052256, 13.432383719724521 ], [ 121.885614315856159, 13.432440616692357 ] ] ] } },
{ "type": "Feature", "properties": { "Id": 0, "CLN": "15539", "PSGC": "174001007", "Barangay": null, "Land_Class": null, "PIN": "030-01-008-12-016" }, "geometry": { "type": "Polygon", "coordinates": [ [ [ 121.885475333891748, 13.432630445686907 ], [ 121.885849398953411, 13.432453378937474 ], [ 121.885840873131514, 13.432437983496621 ], [ 121.885447656010072, 13.432608314538177 ], [ 121.885475333891748, 13.432630445686907 ] ] ] } },
{ "type": "Feature", "properties": { "Id": 0, "CLN": "15670", "PSGC": "174001007", "Barangay": null, "Land_Class": null, "PIN": "030-01-008-12-043" }, "geometry": { "type": "Polygon", "coordinates": [ [ [ 121.885025662890442, 13.432576153072652 ], [ 121.885111959544346, 13.432654087864501 ], [ 121.885335290050691, 13.432546017431944 ], [ 121.885086964961516, 13.432437071590957 ], [ 121.885045794360934, 13.43250595989478 ], [ 121.885025662890442, 13.432576153072652 ] ] ] } },
{ "type": "Feature", "properties": { "Id": 0, "CLN": "15671", "PSGC": "174001007", "Barangay": null, "Land_Class": null, "PIN": "030-01-008-12-043" }, "geometry": { "type": "Polygon", "coordinates": [ [ [ 121.885111959544346, 13.432654087864501 ], [ 121.885131688019783, 13.43267113986332 ], [ 121.885355040918228, 13.432558222458796 ], [ 121.885335290050691, 13.432546017431944 ], [ 121.885111959544346, 13.432654087864501 ] ] ] } },
{ "type": "Feature", "properties": { "Id": 0, "CLN": "15667", "PSGC": "174001007", "Barangay": null, "Land_Class": null, "PIN": "030-01-008-14-029" }, "geometry": { "type": "Polygon", "coordinates": [ [ [ 121.884926971014735, 13.43276959838424 ], [ 121.884956658884661, 13.432774576846967 ], [ 121.885131688019783, 13.432671139863354 ], [ 121.885111959544346, 13.432654087864517 ], [ 121.884926971014735, 13.43276959838424 ] ] ] } },
{ "type": "Feature", "properties": { "Id": 0, "CLN": "15544", "PSGC": "174001007", "Barangay": null, "Land_Class": null, "PIN": "030-01-008-12-015" }, "geometry": { "type": "Polygon", "coordinates": [ [ [ 121.885366163731135, 13.432884962869595 ], [ 121.885475333891748, 13.432630445686907 ], [ 121.885274962988689, 13.432742056179908 ], [ 121.885291941414522, 13.432818472409306 ], [ 121.885366163731135, 13.432884962869595 ] ] ] } },
{ "type": "Feature", "properties": { "Id": 0, "CLN": "15672", "PSGC": "174001007", "Barangay": null, "Land_Class": null, "PIN": "030-01-008-12-042" }, "geometry": { "type": "Polygon", "coordinates": [ [ [ 121.885355040918228, 13.432558222458796 ], [ 121.885583166297153, 13.432484102388004 ], [ 121.885614315856159, 13.432440616692341 ], [ 121.885335290050691, 13.432546017431944 ], [ 121.885355040918228, 13.432558222458796 ] ] ] } },
{ "type": "Feature", "properties": { "Id": 0, "CLN": "15543", "PSGC": "174001007", "Barangay": null, "Land_Class": null, "PIN": null }, "geometry": { "type": "Polygon", "coordinates": [ [ [ 121.885274962988674, 13.432742056179892 ], [ 121.885475333891748, 13.432630445686907 ], [ 121.885447656010072, 13.432608314538141 ], [ 121.88524659698659, 13.432718907151697 ], [ 121.885274962988674, 13.432742056179892 ] ] ] } },
{ "type": "Feature", "properties": { "Id": 0, "CLN": "15545", "PSGC": "174001007", "Barangay": null, "Land_Class": null, "PIN": "030-01-008-12-013" }, "geometry": { "type": "Polygon", "coordinates": [ [ [ 121.885232302609126, 13.432865467276157 ], [ 121.885324711436127, 13.432965204643137 ], [ 121.885366163731135, 13.432884962869574 ], [ 121.885291941414522, 13.432818472409288 ], [ 121.885232302609126, 13.432865467276157 ] ] ] } },
{ "type": "Feature", "properties": { "Id": 0, "CLN": "15546", "PSGC": "174001007", "Barangay": null, "Land_Class": null, "PIN": "030-01-008-12-014" }, "geometry": { "type": "Polygon", "coordinates": [ [ [ 121.885232302609126, 13.432865467276157 ], [ 121.885291941414522, 13.432818472409288 ], [ 121.885274962988674, 13.432742056179892 ], [ 121.885142286462795, 13.432788727820981 ], [ 121.885232302609126, 13.432865467276157 ] ] ] } },
{ "type": "Feature", "properties": { "Id": 0, "CLN": "15547", "PSGC": "174001007", "Barangay": null, "Land_Class": null, "PIN": "030-01-008-12-014" }, "geometry": { "type": "Polygon", "coordinates": [ [ [ 121.885142286462795, 13.432788727820981 ], [ 121.885274962988674, 13.432742056179892 ], [ 121.88524659698659, 13.432718907151697 ], [ 121.885126322133686, 13.432760786610249 ], [ 121.885142286462795, 13.432788727820981 ] ] ] } },
{ "type": "Feature", "properties": { "Id": 0, "CLN": "15548", "PSGC": "174001007", "Barangay": null, "Land_Class": null, "PIN": "030-01-008-12-011" }, "geometry": { "type": "Polygon", "coordinates": [ [ [ 121.884993581092331, 13.432866080054419 ], [ 121.885142286462795, 13.432788727820981 ], [ 121.885126322133686, 13.432760786610249 ], [ 121.884953813567861, 13.432854540634619 ], [ 121.884993581092331, 13.432866080054419 ] ] ] } },
{ "type": "Feature", "properties": { "Id": 0, "CLN": "15489", "PSGC": "174001007", "Barangay": "Balimbing", "Land_Class": null, "PIN": "030-01-008-12-012" }, "geometry": { "type": "Polygon", "coordinates": [ [ [ 121.885232302609126, 13.432865467276157 ], [ 121.885176288016694, 13.432931866380978 ], [ 121.885307766740226, 13.433032164618904 ], [ 121.885312708737573, 13.433022598096981 ], [ 121.885324711436127, 13.432965204643137 ], [ 121.885232302609126, 13.432865467276157 ] ] ] } },
{ "type": "Feature", "properties": { "Id": 0, "CLN": "15549", "PSGC": "174001007", "Barangay": null, "Land_Class": null, "PIN": "030-01-008-12-011" }, "geometry": { "type": "Polygon", "coordinates": [ [ [ 121.884993581092331, 13.432866080054419 ], [ 121.88526829551563, 13.433108571411632 ], [ 121.885307766740226, 13.433032164618904 ], [ 121.885176288016694, 13.432931866380978 ], [ 121.885232302609126, 13.432865467276157 ], [ 121.885142286462795, 13.432788727820981 ], [ 121.884993581092331, 13.432866080054419 ] ] ] } },
{ "type": "Feature", "properties": { "Id": 0, "CLN": "15666", "PSGC": "174001007", "Barangay": null, "Land_Class": null, "PIN": "030-01-008-14-065" }, "geometry": { "type": "Polygon", "coordinates": [ [ [ 121.884873560985127, 13.432808138389857 ], [ 121.884889440992808, 13.432812456956404 ], [ 121.884956658884661, 13.432774576846967 ], [ 121.884926971014735, 13.43276959838424 ], [ 121.884873560985127, 13.432808138389857 ] ] ] } },
{ "type": "Feature", "properties": { "Id": 0, "CLN": "15560", "PSGC": "174001007", "Barangay": "Balimbing", "Land_Class": null, "PIN": "030-01-008-11-091" }, "geometry": { "type": "Polygon", "coordinates": [ [ [ 121.884953813567861, 13.432854540634619 ], [ 121.884773842078616, 13.433056910352624 ], [ 121.884993581092331, 13.432866080054419 ], [ 121.884953813567861, 13.432854540634619 ] ] ] } },
{ "type": "Feature", "properties": { "Id": 0, "CLN": "15513", "PSGC": "174001007", "Barangay": null, "Land_Class": null, "PIN": "030-01-008-12-036" }, "geometry": { "type": "Polygon", "coordinates": [ [ [ 121.887762875227125, 13.43335697069427 ], [ 121.88806828878927, 13.433023397902547 ], [ 121.888220255112813, 13.433277016065642 ], [ 121.888567653002866, 13.433083833749595 ], [ 121.888944448317304, 13.433156411493432 ], [ 121.889108489514726, 13.43331819463773 ], [ 121.888916775352783, 13.432500621684333 ], [ 121.889180845834204, 13.432208842078708 ], [ 121.888915724861405, 13.432052945574865 ], [ 121.888726549295768, 13.431913162136143 ], [ 121.888348614270612, 13.431901800634934 ], [ 121.888226029660231, 13.431566505754597 ], [ 121.888108240579314, 13.431844466676722 ], [ 121.88772912492, 13.431797705807051 ], [ 121.887703525051919, 13.431907212502805 ], [ 121.887687675372788, 13.432162779941089 ], [ 121.887446807787512, 13.432216290604348 ], [ 121.887352485146451, 13.432307788600447 ], [ 121.887101972361762, 13.431907428177725 ], [ 121.886997878626104, 13.431728171375374 ], [ 121.886158842366655, 13.431530852903009 ], [ 121.886100469645896, 13.431908027353732 ], [ 121.88606157309124, 13.432258998848406 ], [ 121.886313502413529, 13.432352027230717 ], [ 121.88667011681855, 13.43268230147606 ], [ 121.886776404513398, 13.432982560606158 ], [ 121.887418408646113, 13.432819107423395 ], [ 121.887406505989787, 13.433324949583117 ], [ 121.887587086804714, 13.433599773416361 ], [ 121.887762875227125, 13.43335697069427 ] ], [ [ 121.888388068240801, 13.433001719723785 ], [ 121.88809348488229, 13.432612654981693 ], [ 121.888411201378148, 13.432438844924716 ], [ 121.888533954555115, 13.432545662795023 ], [ 121.888565002362498, 13.432812926574686 ], [ 121.888388068240801, 13.433001719723785 ] ] ] } },
{ "type": "Feature", "properties": { "Id": 0, "CLN": "15384", "PSGC": "174001007", "Barangay": "Balimbing", "Land_Class": null, "PIN": "030-01-008-03-005" }, "geometry": { "type": "Polygon", "coordinates": [ [ [ 121.877654716606557, 13.440900935583167 ], [ 121.877394419462718, 13.440578296079646 ], [ 121.876935975207118, 13.440897730557147 ], [ 121.877186405242284, 13.441294872354099 ], [ 121.877181563645351, 13.44167499265793 ], [ 121.877741734112149, 13.441900329911306 ], [ 121.877758677422591, 13.441922653296094 ], [ 121.877861165382114, 13.441878614421164 ], [ 121.878009187093753, 13.441959971429908 ], [ 121.877941969926411, 13.441568469639416 ], [ 121.878190155998411, 13.441425143017355 ], [ 121.877654716606557, 13.440900935583167 ] ] ] } },
{ "type": "Feature", "properties": { "Id": 0, "CLN": "15382", "PSGC": "174001007", "Barangay": "Balimbing", "Land_Class": null, "PIN": "030-01-008-03-007" }, "geometry": { "type": "Polygon", "coordinates": [ [ [ 121.879313886780736, 13.440352216822873 ], [ 121.878828168648482, 13.440236961559094 ], [ 121.878327000811453, 13.44016580749962 ], [ 121.877869713773393, 13.439588479192116 ], [ 121.877811796766423, 13.439678891897213 ], [ 121.877465370394404, 13.439990005673344 ], [ 121.877405102821584, 13.439899066169792 ], [ 121.877254466907019, 13.440007824797744 ], [ 121.877388040672301, 13.440133483563212 ], [ 121.877368657300892, 13.440180295831725 ], [ 121.877403531462576, 13.440236729754115 ], [ 121.87741575263243, 13.440303574284487 ], [ 121.877680941052361, 13.44023677552403 ], [ 121.878144881153219, 13.440845281585505 ], [ 121.878606361118912, 13.441072394670384 ], [ 121.879036333811456, 13.440733611389458 ], [ 121.879162294819196, 13.440707964625206 ], [ 121.879313886780736, 13.440352216822873 ] ] ] } },
{ "type": "Feature", "properties": { "Id": 0, "CLN": "15381", "PSGC": "174001007", "Barangay": "Balimbing", "Land_Class": null, "PIN": "030-01-008-03-004" }, "geometry": { "type": "Polygon", "coordinates": [ [ [ 121.878341706411334, 13.442149812373609 ], [ 121.87862612057981, 13.442005470995896 ], [ 121.879363452812157, 13.441785990085888 ], [ 121.879433370699047, 13.441720782442355 ], [ 121.879493090112604, 13.441545457701858 ], [ 121.879560147848025, 13.441519548601377 ], [ 121.879734084058086, 13.441541288665816 ], [ 121.880017430307163, 13.441642138002633 ], [ 121.880137477142753, 13.441737019194042 ], [ 121.880688969569761, 13.441752575506905 ], [ 121.880784700854278, 13.441894521900094 ], [ 121.881098496853184, 13.441780603487912 ], [ 121.880981990264942, 13.441499664815479 ], [ 121.880819323019324, 13.441357420950565 ], [ 121.880559597576905, 13.440782320823191 ], [ 121.880381048926807, 13.440600694780057 ], [ 121.880303622416207, 13.440553176868306 ], [ 121.880036001141576, 13.440525779020478 ], [ 121.879891164421807, 13.440580170566744 ], [ 121.879890921037088, 13.440632584581962 ], [ 121.879162294819196, 13.440707964625206 ], [ 121.879036333811456, 13.440733611389428 ], [ 121.878606361118912, 13.441072394670382 ], [ 121.878144881153219, 13.440845281585492 ], [ 121.877654716606557, 13.440900935583167 ], [ 121.878190155998411, 13.441425143017355 ], [ 121.877941969926411, 13.441568469639416 ], [ 121.878009187093753, 13.441959971429908 ], [ 121.878341706411334, 13.442149812373609 ] ] ] } },
{ "type": "Feature", "properties": { "Id": 0, "CLN": "15425", "PSGC": "174001007", "Barangay": "Balimbing", "Land_Class": null, "PIN": "030-01-008-04-007" }, "geometry": { "type": "Polygon", "coordinates": [ [ [ 121.882255819752203, 13.441069392131205 ], [ 121.88323599852481, 13.441022637019113 ], [ 121.883484772778061, 13.441072879580057 ], [ 121.883535757132478, 13.440904066799723 ], [ 121.883317067790912, 13.440861820010337 ], [ 121.883356058342869, 13.440681160663987 ], [ 121.883391223742791, 13.440459207406523 ], [ 121.883070314227709, 13.440375230150035 ], [ 121.88296458300546, 13.440009117671755 ], [ 121.882828527325671, 13.439760901293088 ], [ 121.882193433283419, 13.440231783376973 ], [ 121.881915262730828, 13.440458554091499 ], [ 121.881967171989913, 13.440523648326764 ], [ 121.882039162013584, 13.440588831718024 ], [ 121.882057079819347, 13.440622325924592 ], [ 121.882072543203705, 13.440752122038255 ], [ 121.882043810704033, 13.440885653044493 ], [ 121.882255819752203, 13.441069392131205 ] ] ] } },
{ "type": "Feature", "properties": { "Id": 0, "CLN": "16158", "PSGC": "174001007", "Barangay": "Balimbing", "Land_Class": null, "PIN": "030-01-008-04-011" }, "geometry": { "type": "Polygon", "coordinates": [ [ [ 121.883641250545466, 13.440672597509185 ], [ 121.883712360905605, 13.440494046066883 ], [ 121.883828710972665, 13.440520114281174 ], [ 121.883905035988349, 13.440516521492485 ], [ 121.883915414944184, 13.440231569197939 ], [ 121.883748335289908, 13.440201450735593 ], [ 121.883706372264456, 13.440004013817179 ], [ 121.883672304714025, 13.439953500851127 ], [ 121.883440814569283, 13.439944080757044 ], [ 121.883430405205218, 13.440237271945499 ], [ 121.883391223742791, 13.440459207406526 ], [ 121.883575784581026, 13.440499337209966 ], [ 121.88353880230693, 13.440680005512515 ], [ 121.883574874890556, 13.440695890015354 ], [ 121.883535757132478, 13.440904066799726 ], [ 121.883484772778061, 13.441072879580053 ], [ 121.88362311188996, 13.441120666672425 ], [ 121.883719465438091, 13.440694565550231 ], [ 121.883641250545466, 13.440672597509185 ] ] ] } },
{ "type": "Feature", "properties": { "Id": 0, "CLN": "16155", "PSGC": "174001007", "Barangay": "Balimbing", "Land_Class": null, "PIN": "030-01-008-04-001" }, "geometry": { "type": "Polygon", "coordinates": [ [ [ 121.884756204616792, 13.442324920730128 ], [ 121.884532044770026, 13.441281940884805 ], [ 121.884532281098856, 13.441230837141333 ], [ 121.884385127576991, 13.441352050388412 ], [ 121.884189235723255, 13.441156590980436 ], [ 121.884060771592388, 13.44157861884832 ], [ 121.884059798564778, 13.441788930366997 ], [ 121.883930762713234, 13.441900395767304 ], [ 121.883263043908045, 13.441687118996441 ], [ 121.883176817165605, 13.442527999574041 ], [ 121.883026727170559, 13.442690729252842 ], [ 121.884326470287462, 13.443819491961492 ], [ 121.884762900825166, 13.443682846790342 ], [ 121.88494706565524, 13.44364299939968 ], [ 121.884748440179806, 13.44328332113751 ], [ 121.884424504293975, 13.442824435811493 ], [ 121.884756204616792, 13.442324920730128 ] ] ] } },
{ "type": "Feature", "properties": { "Id": 0, "CLN": "15383", "PSGC": "174001007", "Barangay": "Balimbing", "Land_Class": null, "PIN": "030-01-008-03-006" }, "geometry": { "type": "Polygon", "coordinates": [ [ [ 121.877394419462718, 13.440578296079639 ], [ 121.877654716606543, 13.440900935583175 ], [ 121.878144881153219, 13.440845281585505 ], [ 121.877680941052361, 13.44023677552403 ], [ 121.87741575263243, 13.440303574284487 ], [ 121.877394419462718, 13.440578296079639 ] ] ] } },
{ "type": "Feature", "properties": { "Id": 0, "CLN": "15380", "PSGC": "174001007", "Barangay": "Balimbing", "Land_Class": null, "PIN": "030-01-008-03-003" }, "geometry": { "type": "Polygon", "coordinates": [ [ [ 121.880604174086585, 13.440413417153673 ], [ 121.880381048926807, 13.440600694780064 ], [ 121.880559597576905, 13.440782320823187 ], [ 121.88081932301931, 13.441357420950554 ], [ 121.880981990264942, 13.441499664815471 ], [ 121.881098496853184, 13.441780603487913 ], [ 121.881192363933906, 13.441752616998059 ], [ 121.880604174086585, 13.440413417153673 ] ] ] } },
{ "type": "Feature", "properties": { "Id": 0, "CLN": "16174", "PSGC": "174001007", "Barangay": "Balimbing", "Land_Class": null, "PIN": "030-01-008-03-002" }, "geometry": { "type": "Polygon", "coordinates": [ [ [ 121.881192363933906, 13.441752616998059 ], [ 121.88126679974711, 13.441723464277187 ], [ 121.881272089671157, 13.441015883702761 ], [ 121.881226596744, 13.440866298466235 ], [ 121.881205027546926, 13.440754165305293 ], [ 121.881210392891433, 13.440463285235602 ], [ 121.880604174086585, 13.440413417153673 ], [ 121.881192363933906, 13.441752616998059 ] ] ] } },
{ "type": "Feature", "properties": { "Id": 0, "CLN": "15379", "PSGC": "174001007", "Barangay": "Balimbing", "Land_Class": null, "PIN": "030-01-008-04-005" }, "geometry": { "type": "Polygon", "coordinates": [ [ [ 121.88126679974711, 13.441723464277187 ], [ 121.881780805162364, 13.441739506805206 ], [ 121.881962758833708, 13.441042538522145 ], [ 121.881856248730202, 13.441059755623639 ], [ 121.881701681440973, 13.441047275716627 ], [ 121.881577636324167, 13.440948446350932 ], [ 121.881272089671157, 13.441015883702761 ], [ 121.88126679974711, 13.441723464277187 ] ] ] } },
{ "type": "Feature", "properties": { "Id": 0, "CLN": "15426", "PSGC": "174001007", "Barangay": "Balimbing", "Land_Class": null, "PIN": "030-01-008-04-006" }, "geometry": { "type": "Polygon", "coordinates": [ [ [ 121.883193382966937, 13.441118760824034 ], [ 121.883446018792085, 13.441202435218788 ], [ 121.883484772778004, 13.441072879580041 ], [ 121.88323599852481, 13.441022637019099 ], [ 121.882255819752203, 13.441069392131185 ], [ 121.882417435895391, 13.441294184292026 ], [ 121.882934464632939, 13.4415244847218 ], [ 121.883193382966937, 13.441118760824034 ] ] ] } },
{ "type": "Feature", "properties": { "Id": 0, "CLN": "15430", "PSGC": "174001007", "Barangay": "Balimbing", "Land_Class": null, "PIN": "030-01-008-04-009" }, "geometry": { "type": "Polygon", "coordinates": [ [ [ 121.883391223742763, 13.440459207406523 ], [ 121.883356058342869, 13.440681160663969 ], [ 121.88353880230693, 13.440680005512492 ], [ 121.883575784580998, 13.440499337209953 ], [ 121.883391223742763, 13.440459207406523 ] ] ] } },
{ "type": "Feature", "properties": { "Id": 0, "CLN": "15429", "PSGC": "174001007", "Barangay": "Balimbing", "Land_Class": null, "PIN": "030-01-008-04-008" }, "geometry": { "type": "Polygon", "coordinates": [ [ [ 121.88353880230693, 13.440680005512492 ], [ 121.883356058342869, 13.440681160663969 ], [ 121.883317067790912, 13.440861820010321 ], [ 121.883535757132478, 13.440904066799723 ], [ 121.883574874890527, 13.440695890015338 ], [ 121.88353880230693, 13.440680005512492 ] ] ] } },
{ "type": "Feature", "properties": { "Id": 0, "CLN": "15378", "PSGC": "174001007", "Barangay": "Balimbing", "Land_Class": null, "PIN": "030-01-008-04-020" }, "geometry": { "type": "Polygon", "coordinates": [ [ [ 121.881780805162364, 13.441739506805206 ], [ 121.881899008727416, 13.441798998813374 ], [ 121.881821635430754, 13.442028626526382 ], [ 121.881859442803773, 13.442103485999489 ], [ 121.882222633160282, 13.442164065851754 ], [ 121.882641297022957, 13.442706163822002 ], [ 121.883026727170559, 13.442690729252842 ], [ 121.883176817165605, 13.442527999574041 ], [ 121.883263043908045, 13.441687118996441 ], [ 121.882898073371507, 13.441577393582653 ], [ 121.882934464632939, 13.44152448472181 ], [ 121.882417435895391, 13.441294184292026 ], [ 121.882255819752203, 13.441069392131205 ], [ 121.882043810704033, 13.440885653044493 ], [ 121.881962758833708, 13.441042538522145 ], [ 121.881780805162364, 13.441739506805206 ] ] ] } },
{ "type": "Feature", "properties": { "Id": 0, "CLN": "16156", "PSGC": "174001007", "Barangay": "Balimbing", "Land_Class": null, "PIN": "030-01-008-04-012" }, "geometry": { "type": "Polygon", "coordinates": [ [ [ 121.883641250545466, 13.44067259750917 ], [ 121.883719465438077, 13.440694565550229 ], [ 121.883910150793071, 13.440713101024549 ], [ 121.883900528750956, 13.440622642216463 ], [ 121.883905035988349, 13.440516521492484 ], [ 121.883828710972637, 13.440520114281181 ], [ 121.883712360905605, 13.440494046066876 ], [ 121.883641250545466, 13.44067259750917 ] ] ] } },
{ "type": "Feature", "properties": { "Id": 0, "CLN": "15428", "PSGC": "174001007", "Barangay": "Balimbing", "Land_Class": null, "PIN": "030-01-008-04-003" }, "geometry": { "type": "Polygon", "coordinates": [ [ [ 121.883910150793071, 13.440713101024549 ], [ 121.883719465438077, 13.440694565550229 ], [ 121.883623111889932, 13.441120666672411 ], [ 121.883484772778004, 13.441072879580041 ], [ 121.883446018792085, 13.441202435218788 ], [ 121.883193382966937, 13.441118760824034 ], [ 121.882934464632939, 13.4415244847218 ], [ 121.882898073371493, 13.441577393582655 ], [ 121.883263043907988, 13.441687118996422 ], [ 121.883930762713234, 13.441900395767293 ], [ 121.884059798564778, 13.441788930366982 ], [ 121.884060771592388, 13.441578618848304 ], [ 121.884189235723255, 13.441156590980416 ], [ 121.884157579255643, 13.441054241109221 ], [ 121.883961906077147, 13.44081160887427 ], [ 121.883910150793071, 13.440713101024549 ] ] ] } },
{ "type": "Feature", "properties": { "Id": 0, "CLN": "15427", "PSGC": "174001007", "Barangay": "Balimbing", "Land_Class": null, "PIN": "030-01-008-04-002" }, "geometry": { "type": "Polygon", "coordinates": [ [ [ 121.884189235723255, 13.441156590980416 ], [ 121.884385127576991, 13.441352050388394 ], [ 121.884532281098856, 13.441230837141333 ], [ 121.884189235723255, 13.441156590980416 ] ] ] } },
{ "type": "Feature", "properties": { "Id": 0, "CLN": "15387", "PSGC": "174001007", "Barangay": "Balimbing", "Land_Class": null, "PIN": "030-01-008-02-005" }, "geometry": { "type": "Polygon", "coordinates": [ [ [ 121.876054966805114, 13.441466435456988 ], [ 121.875704158907496, 13.441225929650516 ], [ 121.875617606391074, 13.441209969219917 ], [ 121.875582151712493, 13.441215428970672 ], [ 121.875498061515444, 13.441362399380365 ], [ 121.875420231714301, 13.441475547966007 ], [ 121.875477134420962, 13.441487749106447 ], [ 121.875500505260362, 13.44148535916653 ], [ 121.875589072700222, 13.441476302096197 ], [ 121.87581660009397, 13.441543026518961 ], [ 121.876054966805114, 13.441466435456988 ] ] ] } },
{ "type": "Feature", "properties": { "Id": 0, "CLN": "15388", "PSGC": "174001007", "Barangay": "Balimbing", "Land_Class": null, "PIN": "030-01-008-02-004" }, "geometry": { "type": "Polygon", "coordinates": [ [ [ 121.875125723570861, 13.441376665349894 ], [ 121.875420231714301, 13.441475547966007 ], [ 121.875498061515444, 13.441362399380365 ], [ 121.875163110349334, 13.441211565969832 ], [ 121.875125723570861, 13.441376665349894 ] ] ] } },
{ "type": "Feature", "properties": { "Id": 0, "CLN": "15389", "PSGC": "174001007", "Barangay": "Balimbing", "Land_Class": null, "PIN": "030-01-008-02-008" }, "geometry": { "type": "Polygon", "coordinates": [ [ [ 121.875031312814443, 13.441119383656664 ], [ 121.875163110349305, 13.441211565969795 ], [ 121.875498061515444, 13.441362399380349 ], [ 121.875582151712493, 13.441215428970654 ], [ 121.875137761082271, 13.440976495631245 ], [ 121.875031312814443, 13.441119383656664 ] ] ] } },
{ "type": "Feature", "properties": { "Id": 0, "CLN": "1388...", "PSGC": "174001007", "Barangay": null, "Land_Class": null, "PIN": "030-01-008-02-081" }, "geometry": { "type": "Polygon", "coordinates": [ [ [ 121.876263304188384, 13.44084910953306 ], [ 121.876160175668147, 13.440716236919203 ], [ 121.87603177841352, 13.440767433983211 ], [ 121.875921466430967, 13.44086649961608 ], [ 121.875864053479276, 13.440963810226839 ], [ 121.875773786627946, 13.441126682468809 ], [ 121.875704158907496, 13.441225929650516 ], [ 121.875879562766286, 13.441346182608557 ], [ 121.876263304188384, 13.44084910953306 ] ] ] } },
{ "type": "Feature", "properties": { "Id": 0, "CLN": "16097", "PSGC": "174001007", "Barangay": "Balimbing", "Land_Class": null, "PIN": "030-01-008-02-003" }, "geometry": { "type": "Polygon", "coordinates": [ [ [ 121.875125723570861, 13.441376665349894 ], [ 121.875163110349305, 13.441211565969795 ], [ 121.875031312814443, 13.441119383656664 ], [ 121.875075647906797, 13.441209184029335 ], [ 121.875125723570861, 13.441376665349894 ] ] ] } },
{ "type": "Feature", "properties": { "Id": 0, "CLN": "16096", "PSGC": "174001007", "Barangay": "Balimbing", "Land_Class": null, "PIN": "030-01-008-02-009" }, "geometry": { "type": "Polygon", "coordinates": [ [ [ 121.874804018288302, 13.44100288057014 ], [ 121.874816121466267, 13.441024837437563 ], [ 121.875031312814443, 13.441119383656664 ], [ 121.875137761082271, 13.440976495631245 ], [ 121.874936976534713, 13.440846172977732 ], [ 121.874882015364008, 13.440853892020067 ], [ 121.874804018288302, 13.44100288057014 ] ] ] } },
{ "type": "Feature", "properties": { "Id": 0, "CLN": "15390", "PSGC": "174001007", "Barangay": "Balimbing", "Land_Class": null, "PIN": "030-01-008-02-017" }, "geometry": { "type": "Polygon", "coordinates": [ [ [ 121.874936976534713, 13.440846172977732 ], [ 121.875137761082271, 13.440976495631245 ], [ 121.875582151712493, 13.441215428970654 ], [ 121.875617606391074, 13.441209969219903 ], [ 121.875704158907467, 13.441225929650493 ], [ 121.875773786627946, 13.441126682468795 ], [ 121.875094456692679, 13.440665680921965 ], [ 121.874936976534713, 13.440846172977732 ] ] ] } },
{ "type": "Feature", "properties": { "Id": 0, "CLN": "15391", "PSGC": "174001007", "Barangay": "Balimbing", "Land_Class": null, "PIN": "030-01-008-02-018" }, "geometry": { "type": "Polygon", "coordinates": [ [ [ 121.875094456692679, 13.440665680921965 ], [ 121.875773786627946, 13.441126682468795 ], [ 121.875864053479248, 13.440963810226819 ], [ 121.875225073958248, 13.440574671027376 ], [ 121.875094456692679, 13.440665680921965 ] ] ] } },
{ "type": "Feature", "properties": { "Id": 0, "CLN": "15393", "PSGC": "174001007", "Barangay": "Balimbing", "Land_Class": null, "PIN": "030-01-008-02-019" }, "geometry": { "type": "Polygon", "coordinates": [ [ [ 121.87603177841352, 13.440767433983178 ], [ 121.876160175668119, 13.440716236919204 ], [ 121.875791190612148, 13.440447773886429 ], [ 121.875754361211193, 13.44049340616861 ], [ 121.875733861244314, 13.440527164387809 ], [ 121.875733740603607, 13.440553048957213 ], [ 121.87603177841352, 13.440767433983178 ] ] ] } },
{ "type": "Feature", "properties": { "Id": 0, "CLN": "16098", "PSGC": "174001007", "Barangay": "Balimbing", "Land_Class": null, "PIN": "030-01-008-02-002" }, "geometry": { "type": "Polygon", "coordinates": [ [ [ 121.875125723570861, 13.441376665349894 ], [ 121.875075647906797, 13.441209184029335 ], [ 121.875031312814443, 13.441119383656664 ], [ 121.874816121466267, 13.441024837437563 ], [ 121.874496144351781, 13.441152832707747 ], [ 121.874282262634779, 13.441213602472475 ], [ 121.8743892960956, 13.441381338569867 ], [ 121.874871955952372, 13.441266017508395 ], [ 121.875125723570861, 13.441376665349894 ] ] ] } },
{ "type": "Feature", "properties": { "Id": 0, "CLN": "16095", "PSGC": "174001007", "Barangay": "Balimbing", "Land_Class": null, "PIN": "030-01-008-02-016" }, "geometry": { "type": "Polygon", "coordinates": [ [ [ 121.874668904980339, 13.440749399187069 ], [ 121.874882015364008, 13.440853892020067 ], [ 121.874936976534713, 13.440846172977732 ], [ 121.875094456692679, 13.440665680921965 ], [ 121.874975867709054, 13.44035851214919 ], [ 121.874843067666575, 13.440481370749264 ], [ 121.874668904980339, 13.440749399187069 ] ] ] } },
{ "type": "Feature", "properties": { "Id": 0, "CLN": "15392", "PSGC": "174001007", "Barangay": "Balimbing", "Land_Class": null, "PIN": "030-01-008-02-015" }, "geometry": { "type": "Polygon", "coordinates": [ [ [ 121.874273337481583, 13.440510682655402 ], [ 121.874362443622317, 13.44059670097937 ], [ 121.874668904980339, 13.440749399187069 ], [ 121.874843067666546, 13.440481370749282 ], [ 121.874550883194928, 13.440320771939117 ], [ 121.874273337481583, 13.440510682655402 ] ] ] } },
{ "type": "Feature", "properties": { "Id": 0, "CLN": "16093", "PSGC": "174001007", "Barangay": "Balimbing", "Land_Class": null, "PIN": "030-01-008-02-014" }, "geometry": { "type": "Polygon", "coordinates": [ [ [ 121.874725836002668, 13.440045214861003 ], [ 121.874489606698333, 13.439681275497266 ], [ 121.874076531861832, 13.439756377499631 ], [ 121.874090416944171, 13.439843881386654 ], [ 121.874132259962082, 13.440066170656999 ], [ 121.874122090645187, 13.440227261478846 ], [ 121.874125936044905, 13.440275066543284 ], [ 121.874157591405336, 13.440466359569244 ], [ 121.874273337481583, 13.440510682655402 ], [ 121.874550883194928, 13.440320771939117 ], [ 121.874632019165972, 13.440230088689802 ], [ 121.874782704298212, 13.440110758896804 ], [ 121.874725836002668, 13.440045214861003 ] ] ] } },
{ "type": "Feature", "properties": { "Id": 0, "CLN": "16099", "PSGC": "174001007", "Barangay": null, "Land_Class": null, "PIN": "030-01-008-02-096" }, "geometry": { "type": "Polygon", "coordinates": [ [ [ 121.874362443622317, 13.44059670097937 ], [ 121.874161984132868, 13.440832752869028 ], [ 121.874057811263484, 13.440923880432944 ], [ 121.874388776407287, 13.441056776965075 ], [ 121.874433250609698, 13.441116710635589 ], [ 121.874496144351781, 13.441152832707747 ], [ 121.874816121466267, 13.441024837437563 ], [ 121.874804018288302, 13.44100288057014 ], [ 121.874882015364008, 13.440853892020067 ], [ 121.874668904980339, 13.440749399187069 ], [ 121.874362443622317, 13.44059670097937 ] ] ] } },
{ "type": "Feature", "properties": { "Id": 0, "CLN": "16102", "PSGC": "174001007", "Barangay": "Balimbing", "Land_Class": null, "PIN": "030-01-008-02-013" }, "geometry": { "type": "Polygon", "coordinates": [ [ [ 121.873959649397236, 13.440598882175376 ], [ 121.874010597847544, 13.44057919842006 ], [ 121.874093842882672, 13.440613420431902 ], [ 121.874037228590851, 13.440539494293562 ], [ 121.874157591405336, 13.440466359569244 ], [ 121.874125936044905, 13.440275066543284 ], [ 121.873955043178242, 13.440278284639572 ], [ 121.8739667837594, 13.440377895202269 ], [ 121.873999154663011, 13.440415872033304 ], [ 121.873998959482719, 13.440457685543874 ], [ 121.873793503360986, 13.440456766623242 ], [ 121.873872084972504, 13.440618402148866 ], [ 121.873959649397236, 13.440598882175376 ] ] ] } },
{ "type": "Feature", "properties": { "Id": 0, "CLN": "16102", "PSGC": "174001007", "Barangay": "Balimbing", "Land_Class": null, "PIN": "030-01-008-02-013" }, "geometry": { "type": "Polygon", "coordinates": [ [ [ 121.873872084972504, 13.440618402148866 ], [ 121.873793503360986, 13.440456766623242 ], [ 121.873687742571306, 13.440452311211565 ], [ 121.873652909827243, 13.440505916731979 ], [ 121.873776355765244, 13.440643859051768 ], [ 121.873872084972504, 13.440618402148866 ] ] ] } },
{ "type": "Feature", "properties": { "Id": 0, "CLN": "16101", "PSGC": "174001007", "Barangay": "Balimbing", "Land_Class": null, "PIN": "030-01-008-02-011" }, "geometry": { "type": "Polygon", "coordinates": [ [ [ 121.873776355765244, 13.440643859051768 ], [ 121.873773559242892, 13.440807121739013 ], [ 121.873823764066543, 13.440946727575195 ], [ 121.874057811263484, 13.440923880432944 ], [ 121.874161984132868, 13.440832752869028 ], [ 121.873959649397236, 13.440598882175376 ], [ 121.873872084972504, 13.440618402148866 ], [ 121.873776355765244, 13.440643859051768 ] ] ] } },
{ "type": "Feature", "properties": { "Id": 0, "CLN": "16104", "PSGC": "174001007", "Barangay": "Balimbing", "Land_Class": null, "PIN": "030-01-008-01-020" }, "geometry": { "type": "Polygon", "coordinates": [ [ [ 121.874132259962082, 13.440066170656999 ], [ 121.874090416944171, 13.439843881386654 ], [ 121.873580576879277, 13.43997975907352 ], [ 121.873618726988681, 13.440226784657526 ], [ 121.873647318516234, 13.440396377869522 ], [ 121.873887309814762, 13.440407407175497 ], [ 121.873923935044743, 13.440405579822084 ], [ 121.873948373552238, 13.440399715637913 ], [ 121.8739667837594, 13.440377895202269 ], [ 121.873955043178242, 13.440278284639572 ], [ 121.874125936044905, 13.440275066543284 ], [ 121.874122090645187, 13.440227261478846 ], [ 121.874132259962082, 13.440066170656999 ] ] ] } },
{ "type": "Feature", "properties": { "Id": 0, "CLN": "16100", "PSGC": "174001007", "Barangay": "Balimbing", "Land_Class": null, "PIN": "030-01-008-02-001" }, "geometry": { "type": "Polygon", "coordinates": [ [ [ 121.873823764066515, 13.440946727575176 ], [ 121.8740567796021, 13.441144894696807 ], [ 121.874079063134971, 13.441164905961895 ], [ 121.874087069918062, 13.441192818023557 ], [ 121.874080799946725, 13.441228630882671 ], [ 121.87405019361745, 13.441248405616729 ], [ 121.874027742776505, 13.441264234498689 ], [ 121.874029600404029, 13.441302074865691 ], [ 121.87410698464862, 13.441284500491305 ], [ 121.874282262634779, 13.441213602472475 ], [ 121.874496144351781, 13.441152832707747 ], [ 121.874433250609698, 13.441116710635569 ], [ 121.874388776407287, 13.441056776965045 ], [ 121.874057811263512, 13.44092388043291 ], [ 121.873823764066515, 13.440946727575176 ] ] ] } },
{ "type": "Feature", "properties": { "Id": 0, "CLN": "19950", "PSGC": "174001007", "Barangay": "Balimbing", "Land_Class": null, "PIN": "030-01-008-01-018" }, "geometry": { "type": "Polygon", "coordinates": [ [ [ 121.873477704387028, 13.44099694958169 ], [ 121.873550806248488, 13.441025152909852 ], [ 121.873689570425441, 13.44093218916171 ], [ 121.873653595938393, 13.440794638127494 ], [ 121.873477704387028, 13.44099694958169 ] ] ] } },
{ "type": "Feature", "properties": { "Id": 0, "CLN": "16105", "PSGC": "174001007", "Barangay": null, "Land_Class": null, "PIN": null }, "geometry": { "type": "Polygon", "coordinates": [ [ [ 121.873740165687408, 13.440988168001882 ], [ 121.873689570425469, 13.440932189161726 ], [ 121.873550806248488, 13.441025152909852 ], [ 121.873617015131074, 13.441222574045486 ], [ 121.873620879025694, 13.441266396869004 ], [ 121.87364704502474, 13.441326248755578 ], [ 121.873744836635538, 13.441294827667919 ], [ 121.873805928491251, 13.441281162825666 ], [ 121.873877247245773, 13.441255596746768 ], [ 121.873938357677261, 13.441237949632194 ], [ 121.873966929787684, 13.441218165814186 ], [ 121.873894106681504, 13.441130229017983 ], [ 121.87379860967954, 13.441105907929863 ], [ 121.873788475743495, 13.441097897955226 ], [ 121.873740165687408, 13.440988168001882 ] ] ] } },
{ "type": "Feature", "properties": { "Id": 0, "CLN": "16122", "PSGC": "174001007", "Barangay": "Balimbing", "Land_Class": null, "PIN": "030-01-008-01-015" }, "geometry": { "type": "Polygon", "coordinates": [ [ [ 121.873029412474779, 13.441158218492262 ], [ 121.873024971910823, 13.441237845031255 ], [ 121.873093791373904, 13.441311826013685 ], [ 121.873199636221415, 13.441298361633716 ], [ 121.873135350274822, 13.441124842945692 ], [ 121.873029412474779, 13.441158218492262 ] ] ] } },
{ "type": "Feature", "properties": { "Id": 0, "CLN": "16119", "PSGC": "174001007", "Barangay": null, "Land_Class": null, "PIN": "030-01-008-01-049" }, "geometry": { "type": "Polygon", "coordinates": [ [ [ 121.873012922650901, 13.440160669357107 ], [ 121.873006616461097, 13.440031311770346 ], [ 121.872690005837001, 13.440059932934737 ], [ 121.872697891966993, 13.440120379037793 ], [ 121.872737111223088, 13.440203644542613 ], [ 121.873012922650901, 13.440160669357107 ] ] ] } },
{ "type": "Feature", "properties": { "Id": 0, "CLN": "16133 pt.", "PSGC": "174001007", "Barangay": null, "Land_Class": null, "PIN": "030-01-008-01-058" }, "geometry": { "type": "Polygon", "coordinates": [ [ [ 121.871824351912664, 13.440958523771215 ], [ 121.871919797083677, 13.440924265762899 ], [ 121.872141508624509, 13.440929241382319 ], [ 121.872279086094949, 13.440655077570572 ], [ 121.872262998513932, 13.440615182312184 ], [ 121.871964750443439, 13.440446588817551 ], [ 121.871884540186784, 13.44056409718012 ], [ 121.871824351912664, 13.440958523771215 ] ] ] } },
{ "type": "Feature", "properties": { "Id": 0, "CLN": "16136", "PSGC": "174001007", "Barangay": null, "Land_Class": null, "PIN": "030-01-008-01-006" }, "geometry": { "type": "Polygon", "coordinates": [ [ [ 121.870668658455557, 13.44017284986468 ], [ 121.870454270102712, 13.440324165403668 ], [ 121.870482708688655, 13.440388593218282 ], [ 121.870468960407337, 13.440401927423439 ], [ 121.870534940823617, 13.440632632589397 ], [ 121.870926386987634, 13.440695102786719 ], [ 121.870970934118759, 13.440681073410738 ], [ 121.8709556482371, 13.440469941986406 ], [ 121.870668658455557, 13.44017284986468 ] ] ] } },
{ "type": "Feature", "properties": { "Id": 0, "CLN": "16134", "PSGC": "174001007", "Barangay": "Balimbing", "Land_Class": null, "PIN": "030-01-008-01-002" }, "geometry": { "type": "Polygon", "coordinates": [ [ [ 121.871494505077223, 13.440952227239608 ], [ 121.871406899780695, 13.440545638019723 ], [ 121.871427353205405, 13.44048068699956 ], [ 121.871523668245757, 13.440181428895027 ], [ 121.871616136713016, 13.439918725193087 ], [ 121.871686910627204, 13.439694794398708 ], [ 121.871180822662865, 13.439816837392216 ], [ 121.871051013923918, 13.439884504767381 ], [ 121.870668658455557, 13.44017284986468 ], [ 121.8709556482371, 13.440469941986406 ], [ 121.870970934118759, 13.440681073410738 ], [ 121.870926386987634, 13.440695102786719 ], [ 121.870534940823617, 13.440632632589397 ], [ 121.870468960407337, 13.440401927423439 ], [ 121.870349279389345, 13.440399104562792 ], [ 121.869943608389761, 13.440678795040496 ], [ 121.869868792301077, 13.440831209489076 ], [ 121.869842978916651, 13.440889066778976 ], [ 121.869674521409664, 13.441240745576494 ], [ 121.870212835047937, 13.44140444566613 ], [ 121.870701915912647, 13.441221462165442 ], [ 121.871225624464856, 13.441028677110973 ], [ 121.871250110348583, 13.441021715140671 ], [ 121.871494505077223, 13.440952227239608 ] ] ] } },
{ "type": "Feature", "properties": { "Id": 0, "CLN": "16147", "PSGC": "174001007", "Barangay": null, "Land_Class": null, "PIN": "030-01-008-01-001" }, "geometry": { "type": "Polygon", "coordinates": [ [ [ 121.869836999300219, 13.440821477862691 ], [ 121.869756515998816, 13.440805839389173 ], [ 121.869576477471284, 13.440891852676426 ], [ 121.869384672867184, 13.441016434389493 ], [ 121.869662931894624, 13.441109277093579 ], [ 121.869674521409664, 13.441240745576494 ], [ 121.869842978916651, 13.440889066778976 ], [ 121.869868792301077, 13.440831209489076 ], [ 121.869836999300219, 13.440821477862691 ] ] ] } },
{ "type": "Feature", "properties": { "Id": 0, "CLN": "16146", "PSGC": "174001007", "Barangay": null, "Land_Class": null, "PIN": null }, "geometry": { "type": "Polygon", "coordinates": [ [ [ 121.869756515998816, 13.440805839389173 ], [ 121.869735031829151, 13.44079067257926 ], [ 121.869498926006798, 13.440894333083724 ], [ 121.869344908114527, 13.440998225400534 ], [ 121.869384672867213, 13.441016434389493 ], [ 121.869576477471284, 13.440891852676426 ], [ 121.869756515998816, 13.440805839389173 ] ] ] } },
{ "type": "Feature", "properties": { "Id": 0, "CLN": "16142", "PSGC": "174001007", "Barangay": null, "Land_Class": null, "PIN": null }, "geometry": { "type": "Polygon", "coordinates": [ [ [ 121.869683240246559, 13.440726600336811 ], [ 121.869691633621457, 13.440687789970177 ], [ 121.869446118913075, 13.440801607506222 ], [ 121.869256071851439, 13.440885157230994 ], [ 121.869271316539354, 13.44089645582873 ], [ 121.869299767611935, 13.440902557078131 ], [ 121.869446169908684, 13.44083347731377 ], [ 121.869683240246559, 13.440726600336811 ] ] ] } },
{ "type": "Feature", "properties": { "Id": 0, "CLN": "16149", "PSGC": "174001007", "Barangay": "Balimbing", "Land_Class": null, "PIN": "030-01-008-01-046" }, "geometry": { "type": "Polygon", "coordinates": [ [ [ 121.868840687633735, 13.440761113885745 ], [ 121.869166442570119, 13.440702842473025 ], [ 121.869185769993138, 13.440727203559241 ], [ 121.869282486319577, 13.440683452069749 ], [ 121.869445956464034, 13.44070008605628 ], [ 121.869471201785586, 13.440706894091502 ], [ 121.869470260207279, 13.440323767758166 ], [ 121.869445366958558, 13.440331696313946 ], [ 121.868715583967585, 13.440543515589237 ], [ 121.868840687633735, 13.440761113885745 ] ] ] } },
{ "type": "Feature", "properties": { "Id": 0, "CLN": "16121", "PSGC": "174001007", "Barangay": "Balimbing", "Land_Class": null, "PIN": "030-01-008-01-014" }, "geometry": { "type": "Polygon", "coordinates": [ [ [ 121.873135350274794, 13.441124842945673 ], [ 121.873117237600951, 13.441082947506118 ], [ 121.873109116628726, 13.440998022976524 ], [ 121.8730959029795, 13.440859842040437 ], [ 121.873048383984823, 13.440580866877736 ], [ 121.87279770978337, 13.440679302753981 ], [ 121.872785182167462, 13.440801326394428 ], [ 121.872668218995912, 13.440935588421985 ], [ 121.87267225049014, 13.441088983316028 ], [ 121.873004924788248, 13.441027727615632 ], [ 121.873015619443748, 13.441062581051217 ], [ 121.873029412474779, 13.441158218492262 ], [ 121.873135350274794, 13.441124842945673 ] ] ] } },
{ "type": "Feature", "properties": { "Id": 0, "CLN": "16123", "PSGC": "174001007", "Barangay": "Balimbing", "Land_Class": null, "PIN": "030-01-008-01-009" }, "geometry": { "type": "Polygon", "coordinates": [ [ [ 121.872141508624509, 13.440929241382319 ], [ 121.872281803927521, 13.441056000271903 ], [ 121.872394224990487, 13.44114118776368 ], [ 121.872423059944495, 13.440872650116789 ], [ 121.872394419000813, 13.440653420718526 ], [ 121.872460716849758, 13.440630229442819 ], [ 121.872336835433117, 13.440486087621267 ], [ 121.872016052794081, 13.440351242984852 ], [ 121.871964750443439, 13.440446588817551 ], [ 121.872262998513932, 13.440615182312184 ], [ 121.872279086094949, 13.440655077570572 ], [ 121.872141508624509, 13.440929241382319 ] ] ] } },
{ "type": "Feature", "properties": { "Id": 0, "CLN": "16144", "PSGC": "174001007", "Barangay": null, "Land_Class": null, "PIN": null }, "geometry": { "type": "Polygon", "coordinates": [ [ [ 121.869691633621457, 13.440687789970177 ], [ 121.869683240246559, 13.440726600336779 ], [ 121.869926177749633, 13.440577657014266 ], [ 121.869905787468227, 13.440548094558702 ], [ 121.869691633621457, 13.440687789970177 ] ] ] } },
{ "type": "Feature", "properties": { "Id": 0, "CLN": "16143", "PSGC": "174001007", "Barangay": null, "Land_Class": null, "PIN": "030-01-008-01-045" }, "geometry": { "type": "Polygon", "coordinates": [ [ [ 121.869691633621457, 13.440687789970177 ], [ 121.869905787468227, 13.440548094558702 ], [ 121.869751730605529, 13.440421481769347 ], [ 121.869691633621457, 13.440687789970177 ] ] ] } },
{ "type": "Feature", "properties": { "Id": 0, "CLN": "16141", "PSGC": "174001007", "Barangay": null, "Land_Class": null, "PIN": "030-01-008-01-044" }, "geometry": { "type": "Polygon", "coordinates": [ [ [ 121.869446118913075, 13.440801607506222 ], [ 121.869691633621457, 13.440687789970177 ], [ 121.869751730605529, 13.440421481769347 ], [ 121.869905787468227, 13.44054809455872 ], [ 121.870188632365085, 13.440352444491992 ], [ 121.869993410007041, 13.440243909014027 ], [ 121.869819354672487, 13.440301222412888 ], [ 121.869470260207279, 13.440323767758166 ], [ 121.869471201785586, 13.440706894091502 ], [ 121.869445956464034, 13.44070008605628 ], [ 121.869282486319577, 13.440683452069749 ], [ 121.869156094126268, 13.440740627997002 ], [ 121.86914373012965, 13.440774422151151 ], [ 121.869165901173844, 13.440818327210822 ], [ 121.869256071851439, 13.440885157230994 ], [ 121.869446118913075, 13.440801607506222 ] ] ] } },
{ "type": "Feature", "properties": { "Id": 0, "CLN": "16140", "PSGC": "174001007", "Barangay": "Balimbing", "Land_Class": null, "PIN": "030-01-008-01-043" }, "geometry": { "type": "Polygon", "coordinates": [ [ [ 121.869993410007055, 13.440243909014015 ], [ 121.870188632365085, 13.440352444492007 ], [ 121.870320496685594, 13.440241396282255 ], [ 121.869993410007055, 13.440243909014015 ] ] ] } },
{ "type": "Feature", "properties": { "Id": 0, "CLN": "16144", "PSGC": "174001007", "Barangay": null, "Land_Class": null, "PIN": null }, "geometry": { "type": "Polygon", "coordinates": [ [ [ 121.870380724232561, 13.440240933558306 ], [ 121.870320496685594, 13.440241396282255 ], [ 121.870188632365085, 13.440352444491992 ], [ 121.869905787468227, 13.44054809455872 ], [ 121.869926177749633, 13.440577657014286 ], [ 121.870380724232561, 13.440240933558306 ] ] ] } },
{ "type": "Feature", "properties": { "Id": 0, "CLN": "16137", "PSGC": "174001007", "Barangay": null, "Land_Class": null, "PIN": null }, "geometry": { "type": "Polygon", "coordinates": [ [ [ 121.870668658455557, 13.44017284986468 ], [ 121.870642978873363, 13.440150908800437 ], [ 121.870436641972518, 13.440289257026125 ], [ 121.870454270102712, 13.440324165403668 ], [ 121.870668658455557, 13.44017284986468 ] ] ] } },
{ "type": "Feature", "properties": { "Id": 0, "CLN": "16172", "PSGC": "174001007", "Barangay": null, "Land_Class": null, "PIN": null }, "geometry": { "type": "Polygon", "coordinates": [ [ [ 121.869968308488794, 13.440627872280071 ], [ 121.869943608389761, 13.440678795040496 ], [ 121.870349279389345, 13.440399104562792 ], [ 121.870297226097065, 13.44039664497179 ], [ 121.87011391469747, 13.44052625564861 ], [ 121.869968308488794, 13.440627872280071 ] ] ] } },
{ "type": "Feature", "properties": { "Id": 0, "CLN": "15470", "PSGC": "174001007", "Barangay": "Balimbing", "Land_Class": null, "PIN": "030-01-008-05-020" }, "geometry": { "type": "Polygon", "coordinates": [ [ [ 121.885363550258589, 13.436539150019609 ], [ 121.884815777516465, 13.436059770875085 ], [ 121.884277604613843, 13.436466355757865 ], [ 121.884609486191323, 13.436784204853229 ], [ 121.884837924837186, 13.437009055001159 ], [ 121.885451808466314, 13.43675440616053 ], [ 121.885363550258589, 13.436539150019609 ] ] ] } },
{ "type": "Feature", "properties": { "Id": 0, "CLN": "15449", "PSGC": "174001007", "Barangay": "Balimbing", "Land_Class": null, "PIN": "030-01-008-05-014" }, "geometry": { "type": "Polygon", "coordinates": [ [ [ 121.884837924837186, 13.437009055001159 ], [ 121.885268309578322, 13.437313188829656 ], [ 121.885526086482457, 13.437385164526015 ], [ 121.885682213566128, 13.437529886157984 ], [ 121.885907967322254, 13.437745750542399 ], [ 121.886151566066673, 13.437753911596126 ], [ 121.886497287302674, 13.438109614556058 ], [ 121.886766136841771, 13.437350509523847 ], [ 121.887117074971016, 13.437621232940591 ], [ 121.887401506792969, 13.437667351800846 ], [ 121.887718418387024, 13.437470414199872 ], [ 121.887695580867856, 13.437191696300836 ], [ 121.88765374090795, 13.436932798284884 ], [ 121.88717801169723, 13.436874221315877 ], [ 121.886974554774966, 13.436421519913544 ], [ 121.886834328859308, 13.436332657525169 ], [ 121.886421174897734, 13.436307712622495 ], [ 121.886194798606411, 13.436419261338747 ], [ 121.886155224938761, 13.436438761545302 ], [ 121.88592055268245, 13.436385683611984 ], [ 121.88569737970839, 13.436335206353897 ], [ 121.885537739755989, 13.436428946379911 ], [ 121.885363550258589, 13.436539150019609 ], [ 121.885451808466314, 13.43675440616053 ], [ 121.884837924837186, 13.437009055001159 ] ] ] } },
{ "type": "Feature", "properties": { "Id": 0, "CLN": "15448", "PSGC": "174001007", "Barangay": "Balimbing", "Land_Class": null, "PIN": "030-01-008-05-021" }, "geometry": { "type": "Polygon", "coordinates": [ [ [ 121.884609486191323, 13.436784204853229 ], [ 121.884409632299821, 13.436921985615065 ], [ 121.885096095081209, 13.437517847338151 ], [ 121.885268309578322, 13.437313188829656 ], [ 121.884837924837186, 13.437009055001159 ], [ 121.884609486191323, 13.436784204853229 ] ] ] } },
{ "type": "Feature", "properties": { "Id": 0, "CLN": "15447", "PSGC": "174001007", "Barangay": "Balimbing", "Land_Class": null, "PIN": "030-01-008-05-013" }, "geometry": { "type": "Polygon", "coordinates": [ [ [ 121.885096095081181, 13.437517847338135 ], [ 121.884999247432958, 13.437595336812354 ], [ 121.885227849144471, 13.437716767998362 ], [ 121.885405762323671, 13.437845058125436 ], [ 121.885682213566128, 13.437529886157984 ], [ 121.885526086482457, 13.437385164525987 ], [ 121.885268309578322, 13.437313188829656 ], [ 121.885096095081181, 13.437517847338135 ] ] ] } },
{ "type": "Feature", "properties": { "Id": 0, "CLN": "15449", "PSGC": "174001007", "Barangay": "Balimbing", "Land_Class": null, "PIN": "030-01-008-05-014" }, "geometry": { "type": "Polygon", "coordinates": [ [ [ 121.884409632299821, 13.436921985615065 ], [ 121.884262425230276, 13.437541958729426 ], [ 121.884531955652335, 13.437640661314781 ], [ 121.884737792310546, 13.43779723873689 ], [ 121.884916938341647, 13.437658723665542 ], [ 121.884999247432958, 13.437595336812389 ], [ 121.885096095081209, 13.437517847338151 ], [ 121.884409632299821, 13.436921985615065 ] ] ] } },
{ "type": "Feature", "properties": { "Id": 0, "CLN": "15445", "PSGC": "174001007", "Barangay": "Balimbing", "Land_Class": null, "PIN": "030-01-008-05-012" }, "geometry": { "type": "Polygon", "coordinates": [ [ [ 121.884999247432958, 13.437595336812354 ], [ 121.884916938341647, 13.437658723665542 ], [ 121.885253270534704, 13.437957718792029 ], [ 121.885405762323671, 13.437845058125436 ], [ 121.885227849144471, 13.437716767998362 ], [ 121.884999247432958, 13.437595336812354 ] ] ] } },
{ "type": "Feature", "properties": { "Id": 0, "CLN": "15437", "PSGC": "174001007", "Barangay": "Balimbing", "Land_Class": null, "PIN": "030-01-008-05-010" }, "geometry": { "type": "Polygon", "coordinates": [ [ [ 121.885253270534704, 13.437957718792029 ], [ 121.884916938341647, 13.437658723665542 ], [ 121.884737792310546, 13.43779723873689 ], [ 121.884531955652335, 13.437640661314781 ], [ 121.884320313974669, 13.437975470059493 ], [ 121.884504275407608, 13.438131567686048 ], [ 121.884733808558337, 13.438659044121362 ], [ 121.884820287620002, 13.438737345366587 ], [ 121.885063669007948, 13.438792729763524 ], [ 121.885250042457088, 13.4391784238552 ], [ 121.885484473689047, 13.439082654061231 ], [ 121.885436840439766, 13.438950218302375 ], [ 121.885010305285448, 13.438334428609512 ], [ 121.885177150596931, 13.438247804416264 ], [ 121.885064661148064, 13.438056052491495 ], [ 121.885253270534704, 13.437957718792029 ] ] ] } },
{ "type": "Feature", "properties": { "Id": 0, "CLN": "16185", "PSGC": "174001007", "Barangay": "Balimbing", "Land_Class": null, "PIN": "030-01-008-05-004" }, "geometry": { "type": "Polygon", "coordinates": [ [ [ 121.885250042457088, 13.4391784238552 ], [ 121.885063669007948, 13.438792729763524 ], [ 121.884820287620002, 13.438737345366587 ], [ 121.8848221541204, 13.438855411579706 ], [ 121.884778527097765, 13.438900080384229 ], [ 121.884816172806623, 13.43910566793407 ], [ 121.884817013328146, 13.43944567853122 ], [ 121.884788282335734, 13.439620063933308 ], [ 121.88478448670844, 13.43969817846107 ], [ 121.88498148043459, 13.439873776646005 ], [ 121.885063331986572, 13.439909556485539 ], [ 121.885136462215513, 13.439744599170988 ], [ 121.88530791472698, 13.439705218550591 ], [ 121.885250042457088, 13.4391784238552 ] ] ] } },
{ "type": "Feature", "properties": { "Id": 0, "CLN": "15438", "PSGC": "174001007", "Barangay": "Balimbing", "Land_Class": null, "PIN": "030-01-008-05-005" }, "geometry": { "type": "Polygon", "coordinates": [ [ [ 121.884733808558337, 13.438659044121362 ], [ 121.884504275407608, 13.438131567686048 ], [ 121.883984196976215, 13.438339104745259 ], [ 121.883903584715426, 13.439081586003121 ], [ 121.883979933630414, 13.43946366244457 ], [ 121.884742223988709, 13.438925892346969 ], [ 121.884778527097765, 13.438900080384229 ], [ 121.8848221541204, 13.438855411579706 ], [ 121.884820287620002, 13.438737345366587 ], [ 121.884733808558337, 13.438659044121362 ] ] ] } },
{ "type": "Feature", "properties": { "Id": 0, "CLN": "16176", "PSGC": "174001007", "Barangay": "Balimbing", "Land_Class": null, "PIN": "030-01-008-04-016" }, "geometry": { "type": "Polygon", "coordinates": [ [ [ 121.885063331986572, 13.439909556485539 ], [ 121.884998253777297, 13.439881108794751 ], [ 121.884957509982968, 13.440275801088543 ], [ 121.885052613678994, 13.440140902595028 ], [ 121.885063331986572, 13.439909556485539 ] ] ] } },
{ "type": "Feature", "properties": { "Id": 0, "CLN": "16175", "PSGC": "174001007", "Barangay": "Balimbing", "Land_Class": null, "PIN": "030-01-008-04-015" }, "geometry": { "type": "Polygon", "coordinates": [ [ [ 121.88520631819236, 13.440277164317141 ], [ 121.885052613678994, 13.440140902595028 ], [ 121.884957509982968, 13.440275801088543 ], [ 121.884831220694409, 13.440361540326741 ], [ 121.884765189411837, 13.44038166522868 ], [ 121.88458923012476, 13.440481632388867 ], [ 121.884612076528001, 13.440552551678227 ], [ 121.884603082530944, 13.440684722652765 ], [ 121.884763016250432, 13.440851710576226 ], [ 121.884814029586948, 13.4409583683546 ], [ 121.885209085601971, 13.440920906165738 ], [ 121.88545762574887, 13.440389847321017 ], [ 121.88520631819236, 13.440277164317141 ] ] ] } },
{ "type": "Feature", "properties": { "Id": 0, "CLN": "15446", "PSGC": "174001007", "Barangay": "Balimbing", "Land_Class": null, "PIN": "030-01-008-05-011" }, "geometry": { "type": "Polygon", "coordinates": [ [ [ 121.885484473689047, 13.439082654061231 ], [ 121.885762193573868, 13.439015409505396 ], [ 121.885984803316461, 13.438867641392658 ], [ 121.886137415321755, 13.438729008080657 ], [ 121.886135482766562, 13.438625108496177 ], [ 121.886179382016536, 13.438521411638453 ], [ 121.886235167824466, 13.438455545903745 ], [ 121.886380412042072, 13.438345213744823 ], [ 121.886497287302646, 13.438109614556041 ], [ 121.886151566066673, 13.437753911596126 ], [ 121.885907967322254, 13.43774575054238 ], [ 121.885682213566128, 13.437529886157984 ], [ 121.885405762323671, 13.437845058125436 ], [ 121.885253270534704, 13.437957718792029 ], [ 121.885064661148064, 13.438056052491479 ], [ 121.885177150596931, 13.438247804416251 ], [ 121.885010305285434, 13.438334428609494 ], [ 121.885436840439766, 13.438950218302358 ], [ 121.885484473689047, 13.439082654061231 ] ] ] } },
{ "type": "Feature", "properties": { "Id": 0, "CLN": "15460", "PSGC": "174001007", "Barangay": "Balimbing", "Land_Class": null, "PIN": "030-01-008-12-020" }, "geometry": { "type": "Polygon", "coordinates": [ [ [ 121.88703063469552, 13.434927630942074 ], [ 121.887492338867503, 13.434948407503038 ], [ 121.887597757905255, 13.434918425740834 ], [ 121.88777438930056, 13.434492942620572 ], [ 121.887509426544895, 13.43435593040742 ], [ 121.88705379413382, 13.434056470319764 ], [ 121.886955747920936, 13.434044326572648 ], [ 121.886650413015673, 13.433841556197672 ], [ 121.886221635908754, 13.433945055368843 ], [ 121.886923838316761, 13.434737448545356 ], [ 121.88703063469552, 13.434927630942074 ] ] ] } },
{ "type": "Feature", "properties": { "Id": 0, "CLN": "15472", "PSGC": "174001007", "Barangay": "Balimbing", "Land_Class": null, "PIN": "030-01-008-05-023" }, "geometry": { "type": "Polygon", "coordinates": [ [ [ 121.883662110594202, 13.437523492500537 ], [ 121.883892996632383, 13.437663011219493 ], [ 121.884262425230276, 13.437541958729426 ], [ 121.884409632299821, 13.436921985615065 ], [ 121.883561638753804, 13.436737500153132 ], [ 121.883629328184341, 13.437043095494753 ], [ 121.883602521740201, 13.437185569664882 ], [ 121.883521351158436, 13.437371677584224 ], [ 121.883662110594202, 13.437523492500537 ] ] ] } },
{ "type": "Feature", "properties": { "Id": 0, "CLN": "15473", "PSGC": "174001007", "Barangay": "Balimbing", "Land_Class": null, "PIN": "030-01-008-05-029" }, "geometry": { "type": "Polygon", "coordinates": [ [ [ 121.883109610087843, 13.437331296067429 ], [ 121.882962407662589, 13.437700853380104 ], [ 121.883580530994607, 13.437548311820459 ], [ 121.883662110594202, 13.437523492500537 ], [ 121.883521351158436, 13.437371677584224 ], [ 121.883602521740201, 13.437185569664882 ], [ 121.883629328184341, 13.437043095494753 ], [ 121.883206020516823, 13.437055204124519 ], [ 121.883109610087843, 13.437331296067429 ] ] ] } },
{ "type": "Feature", "properties": { "Id": 0, "CLN": "15471", "PSGC": "174001007", "Barangay": "Balimbing", "Land_Class": null, "PIN": "030-01-008-05-024" }, "geometry": { "type": "Polygon", "coordinates": [ [ [ 121.883561638753804, 13.436737500153132 ], [ 121.884409632299821, 13.436921985615065 ], [ 121.884609486191295, 13.436784204853229 ], [ 121.884277604613843, 13.436466355757865 ], [ 121.88401895902804, 13.436393710154448 ], [ 121.883740557757363, 13.436285226919596 ], [ 121.883682986638604, 13.436528720485207 ], [ 121.883561638753804, 13.436737500153132 ] ] ] } },
{ "type": "Feature", "properties": { "Id": 0, "CLN": "15499", "PSGC": "174001007", "Barangay": "Balimbing", "Land_Class": null, "PIN": "030-01-008-05-028" }, "geometry": { "type": "Polygon", "coordinates": [ [ [ 121.883206020516823, 13.437055204124519 ], [ 121.883629328184341, 13.437043095494753 ], [ 121.883561638753804, 13.436737500153132 ], [ 121.883682986638632, 13.436528720485205 ], [ 121.883740557757363, 13.436285226919608 ], [ 121.883198645644839, 13.43643744962308 ], [ 121.883206020516823, 13.437055204124519 ] ] ] } },
{ "type": "Feature", "properties": { "Id": 0, "CLN": "16181", "PSGC": "174001007", "Barangay": "Balimbing", "Land_Class": null, "PIN": "030-01-008-05-038" }, "geometry": { "type": "Polygon", "coordinates": [ [ [ 121.882842256223284, 13.437037928212145 ], [ 121.882878658387526, 13.437268208701424 ], [ 121.883109610087843, 13.437331296067429 ], [ 121.883206020516823, 13.437055204124519 ], [ 121.883198645644839, 13.43643744962308 ], [ 121.883210621721744, 13.436360721887775 ], [ 121.8830613929793, 13.436321060322401 ], [ 121.882799317432713, 13.436451522187257 ], [ 121.882850290363166, 13.43673693424603 ], [ 121.882842256223284, 13.437037928212145 ] ] ] } },
{ "type": "Feature", "properties": { "Id": 0, "CLN": "15497", "PSGC": "174001007", "Barangay": "Balimbing", "Land_Class": null, "PIN": "030-01-008-05-034" }, "geometry": { "type": "Polygon", "coordinates": [ [ [ 121.882557802171192, 13.437160978019939 ], [ 121.882842256223284, 13.437037928212133 ], [ 121.882850290363166, 13.436736934246012 ], [ 121.882725500309022, 13.436797317826713 ], [ 121.882648406979115, 13.436775038419599 ], [ 121.882498828160621, 13.436810937036347 ], [ 121.882565023944025, 13.437035479512843 ], [ 121.882557802171192, 13.437160978019939 ] ] ] } },
{ "type": "Feature", "properties": { "Id": 0, "CLN": "15496", "PSGC": "174001007", "Barangay": "Balimbing", "Land_Class": null, "PIN": "030-01-008-05-035" }, "geometry": { "type": "Polygon", "coordinates": [ [ [ 121.882498828160621, 13.436810937036347 ], [ 121.882648406979115, 13.436775038419599 ], [ 121.882605096634791, 13.43644822306319 ], [ 121.882325725126222, 13.43654935782962 ], [ 121.882498828160621, 13.436810937036347 ] ] ] } },
{ "type": "Feature", "properties": { "Id": 0, "CLN": "15488", "PSGC": "174001007", "Barangay": "Balimbing", "Land_Class": null, "PIN": "030-01-008-05-036" }, "geometry": { "type": "Polygon", "coordinates": [ [ [ 121.882605096634791, 13.43644822306319 ], [ 121.882648406979115, 13.436775038419599 ], [ 121.882725500309022, 13.436797317826713 ], [ 121.882712173294308, 13.43644869811448 ], [ 121.882605096634791, 13.43644822306319 ] ] ] } },
{ "type": "Feature", "properties": { "Id": 0, "CLN": "15498", "PSGC": "174001007", "Barangay": "Balimbing", "Land_Class": null, "PIN": "030-01-008-05-037" }, "geometry": { "type": "Polygon", "coordinates": [ [ [ 121.882712173294308, 13.43644869811448 ], [ 121.882725500309022, 13.436797317826713 ], [ 121.882850290363166, 13.436736934246012 ], [ 121.882799317432713, 13.436451522187221 ], [ 121.882712173294308, 13.43644869811448 ] ] ] } },
{ "type": "Feature", "properties": { "Id": 0, "CLN": "15494", "PSGC": "174001007", "Barangay": "Balimbing", "Land_Class": null, "PIN": "030-01-008-05-033" }, "geometry": { "type": "Polygon", "coordinates": [ [ [ 121.881408012703076, 13.437549527494491 ], [ 121.881963347992809, 13.437877392137914 ], [ 121.881974243505041, 13.437209636420496 ], [ 121.881964597830247, 13.437097001774987 ], [ 121.882265283945515, 13.43669533876785 ], [ 121.882519648400105, 13.437423447877789 ], [ 121.882557802171192, 13.437160978019939 ], [ 121.882565023944025, 13.437035479512843 ], [ 121.882498828160621, 13.436810937036347 ], [ 121.882325725126222, 13.43654935782962 ], [ 121.882261172633093, 13.436149323583024 ], [ 121.882137037763698, 13.436187772417421 ], [ 121.881681239556428, 13.436122476577703 ], [ 121.881829390449042, 13.436658737345139 ], [ 121.881756631466203, 13.437074411880101 ], [ 121.881408012703076, 13.437549527494491 ] ] ] } },
{ "type": "Feature", "properties": { "Id": 0, "CLN": "15445", "PSGC": "174001007", "Barangay": "Balimbing", "Land_Class": null, "PIN": "030-01-008-05-012" }, "geometry": { "type": "Polygon", "coordinates": [ [ [ 121.882591367571663, 13.436083117507305 ], [ 121.882591940486606, 13.435959395558204 ], [ 121.882301716668735, 13.436012692093607 ], [ 121.882282800106154, 13.43608356777189 ], [ 121.882261172633093, 13.436149323583042 ], [ 121.88232572512625, 13.43654935782962 ], [ 121.882605096634791, 13.436448223063204 ], [ 121.882591367571663, 13.436083117507305 ] ] ] } },
{ "type": "Feature", "properties": { "Id": 0, "CLN": "15589", "PSGC": "174001007", "Barangay": "Balimbing", "Land_Class": null, "PIN": "030-01-008-05-039" }, "geometry": { "type": "Polygon", "coordinates": [ [ [ 121.882799317432713, 13.436451522187257 ], [ 121.8830613929793, 13.436321060322401 ], [ 121.883210621721744, 13.436360721887775 ], [ 121.883141577735984, 13.43608373855051 ], [ 121.883049850973833, 13.435821326926979 ], [ 121.882591940486606, 13.435959395558204 ], [ 121.882591367571663, 13.436083117507305 ], [ 121.882605096634791, 13.436448223063204 ], [ 121.882712173294308, 13.4364486981145 ], [ 121.882799317432713, 13.436451522187257 ] ] ] } },
{ "type": "Feature", "properties": { "Id": 0, "CLN": "15775", "PSGC": "174001007", "Barangay": "Balimbing", "Land_Class": null, "PIN": "030-01-008-07-006" }, "geometry": { "type": "Polygon", "coordinates": [ [ [ 121.88130894071908, 13.436025468308989 ], [ 121.881158887917991, 13.435536373258108 ], [ 121.881058395453522, 13.43556139950557 ], [ 121.880901919914805, 13.43561124531862 ], [ 121.880958506408774, 13.435701257604393 ], [ 121.881101071405766, 13.43595661777182 ], [ 121.881194776676253, 13.436075906547753 ], [ 121.8812680617133, 13.436163152387595 ], [ 121.881366035388055, 13.436130674368265 ], [ 121.881323574850569, 13.436076478668928 ], [ 121.88130894071908, 13.436025468308989 ] ] ] } },
{ "type": "Feature", "properties": { "Id": 0, "CLN": "15576", "PSGC": "174001007", "Barangay": "Balimbing", "Land_Class": null, "PIN": "030-01-008-05-045" }, "geometry": { "type": "Polygon", "coordinates": [ [ [ 121.881078126691733, 13.436343291923558 ], [ 121.881154282122026, 13.436534211152926 ], [ 121.881412813955507, 13.436362602763424 ], [ 121.8812680617133, 13.436163152387559 ], [ 121.881078126691733, 13.436343291923558 ] ] ] } },
{ "type": "Feature", "properties": { "Id": 0, "CLN": "15493", "PSGC": "174001007", "Barangay": "Balimbing", "Land_Class": null, "PIN": "030-01-008-05-044" }, "geometry": { "type": "Polygon", "coordinates": [ [ [ 121.881154282122026, 13.436534211152926 ], [ 121.881155174474046, 13.436710983594656 ], [ 121.881526806595133, 13.436583447590836 ], [ 121.881829390449042, 13.436658737345139 ], [ 121.881681239556428, 13.436122476577703 ], [ 121.881603009383767, 13.43607691103343 ], [ 121.881366035388027, 13.436130674368245 ], [ 121.8812680617133, 13.436163152387559 ], [ 121.881412813955507, 13.436362602763424 ], [ 121.881154282122026, 13.436534211152926 ] ] ] } },
{ "type": "Feature", "properties": { "Id": 0, "CLN": "15887", "PSGC": "174001007", "Barangay": null, "Land_Class": null, "PIN": "030-01-008-09-030" }, "geometry": { "type": "Polygon", "coordinates": [ [ [ 121.874353887323196, 13.435086936432144 ], [ 121.873820334296624, 13.435179430952667 ], [ 121.873798067469451, 13.435725850970554 ], [ 121.874146808368849, 13.435701410340906 ], [ 121.874553134895507, 13.435665851641255 ], [ 121.874756996763395, 13.435737449461186 ], [ 121.874353887323196, 13.435086936432144 ] ] ] } },
{ "type": "Feature", "properties": { "Id": 0, "CLN": "15892", "PSGC": "174001007", "Barangay": "Balimbing", "Land_Class": null, "PIN": "030-01-008-09-012" }, "geometry": { "type": "Polygon", "coordinates": [ [ [ 121.877634031965528, 13.436392649973078 ], [ 121.877482167815472, 13.43607931509365 ], [ 121.8773729885812, 13.435852340299817 ], [ 121.877267083878664, 13.435886370856208 ], [ 121.876888923138139, 13.435091124288347 ], [ 121.876682962180595, 13.435164961512097 ], [ 121.876412165663581, 13.435284512837679 ], [ 121.876323550170838, 13.435353092221961 ], [ 121.875937399672736, 13.434617596843195 ], [ 121.876076289802526, 13.434157756839424 ], [ 121.876087841938926, 13.434000050490898 ], [ 121.875917126442275, 13.433901067219217 ], [ 121.874925750630283, 13.435109965183294 ], [ 121.875219396586829, 13.435429052022725 ], [ 121.874756996763395, 13.435737449461186 ], [ 121.874893823737111, 13.436205520360486 ], [ 121.874959415426034, 13.436443655187897 ], [ 121.875121739689874, 13.43637209499799 ], [ 121.875103019340401, 13.43629972612225 ], [ 121.875586544491753, 13.436313544245797 ], [ 121.876382328948381, 13.436286782661643 ], [ 121.876417502703575, 13.436293428197899 ], [ 121.877135499272683, 13.436443579635194 ], [ 121.877314254595476, 13.436469389192624 ], [ 121.877634031965528, 13.436392649973078 ] ] ] } },
{ "type": "Feature", "properties": { "Id": 0, "CLN": "15885", "PSGC": "174001007", "Barangay": null, "Land_Class": null, "PIN": "030-01-008-09-017" }, "geometry": { "type": "Polygon", "coordinates": [ [ [ 121.873856792443348, 13.434284750200744 ], [ 121.874756996763395, 13.435737449461186 ], [ 121.875219396586829, 13.435429052022725 ], [ 121.874925750630283, 13.435109965183294 ], [ 121.874462198471022, 13.434518565447181 ], [ 121.874433332555114, 13.434379770881151 ], [ 121.875096811853709, 13.433868516523377 ], [ 121.874856209520658, 13.433566999789756 ], [ 121.874509389807855, 13.433259230580436 ], [ 121.874330725119222, 13.433599318479102 ], [ 121.87429444776572, 13.433784043800229 ], [ 121.874111443096069, 13.433789003626456 ], [ 121.873856792443348, 13.434284750200744 ] ] ] } },
{ "type": "Feature", "properties": { "Id": 0, "CLN": "15884", "PSGC": "174001007", "Barangay": "Balimbing", "Land_Class": null, "PIN": "030-01-008-09-016" }, "geometry": { "type": "Polygon", "coordinates": [ [ [ 121.875096811853709, 13.433868516523377 ], [ 121.874433332555114, 13.434379770881151 ], [ 121.874462198471022, 13.434518565447181 ], [ 121.874925750630283, 13.435109965183294 ], [ 121.875917126442303, 13.433901067219217 ], [ 121.875840662883874, 13.43384294863433 ], [ 121.87552319244412, 13.433569978089929 ], [ 121.875096811853709, 13.433868516523377 ] ] ] } },
{ "type": "Feature", "properties": { "Id": 0, "CLN": "15883 pt.", "PSGC": "174001007", "Barangay": null, "Land_Class": null, "PIN": "030-01-008-09-024" }, "geometry": { "type": "Polygon", "coordinates": [ [ [ 121.87678889373143, 13.433703874653814 ], [ 121.877043602463047, 13.433412685667511 ], [ 121.876611022036087, 13.432950721760236 ], [ 121.876411054373392, 13.433115589745443 ], [ 121.876297925879044, 13.433258626218029 ], [ 121.87678889373143, 13.433703874653814 ] ] ] } },
{ "type": "Feature", "properties": { "Id": 0, "CLN": "15871", "PSGC": "174001007", "Barangay": null, "Land_Class": null, "PIN": "030-01-008-09-029" }, "geometry": { "type": "Polygon", "coordinates": [ [ [ 121.875269856388186, 13.433326038503397 ], [ 121.87552319244412, 13.433569978089929 ], [ 121.875840662883874, 13.43384294863433 ], [ 121.876029396043634, 13.433598146811351 ], [ 121.875536124496179, 13.43317092897523 ], [ 121.875269856388186, 13.433326038503397 ] ] ] } },
{ "type": "Feature", "properties": { "Id": 0, "CLN": "15872", "PSGC": "174001007", "Barangay": "Balimbing", "Land_Class": null, "PIN": "030-01-008-09-014" }, "geometry": { "type": "Polygon", "coordinates": [ [ [ 121.875536124496179, 13.43317092897523 ], [ 121.876029396043634, 13.433598146811351 ], [ 121.876168934562273, 13.433421718907244 ], [ 121.876297925879044, 13.433258626218029 ], [ 121.876411054373392, 13.433115589745443 ], [ 121.876144199861528, 13.432831311728892 ], [ 121.875536124496179, 13.43317092897523 ] ] ] } },
{ "type": "Feature", "properties": { "Id": 0, "CLN": "15870", "PSGC": "174001007", "Barangay": "Balimbing", "Land_Class": null, "PIN": "030-01-008-16-001" }, "geometry": { "type": "Polygon", "coordinates": [ [ [ 121.874509389807855, 13.433259230580436 ], [ 121.874869646608033, 13.432743289613294 ], [ 121.874728512265321, 13.432629993412203 ], [ 121.874509389807855, 13.433259230580436 ] ] ] } },
{ "type": "Feature", "properties": { "Id": 0, "CLN": "15886", "PSGC": "174001007", "Barangay": "Balimbing", "Land_Class": null, "PIN": "030-01-008-09-018" }, "geometry": { "type": "Polygon", "coordinates": [ [ [ 121.874111443096069, 13.433789003626456 ], [ 121.87429444776572, 13.433784043800229 ], [ 121.874330725119222, 13.433599318479102 ], [ 121.874171099426619, 13.43355845342357 ], [ 121.874111443096069, 13.433789003626456 ] ] ] } },
{ "type": "Feature", "properties": { "Id": 0, "CLN": "16132", "PSGC": "174001007", "Barangay": "Balimbing", "Land_Class": null, "PIN": "030-01-008-01-008" }, "geometry": { "type": "Polygon", "coordinates": [ [ [ 121.871686910627204, 13.439694794398708 ], [ 121.871616136713016, 13.439918725193087 ], [ 121.872153149822282, 13.440106379569759 ], [ 121.872223649837608, 13.439940946843825 ], [ 121.871686910627204, 13.439694794398708 ] ] ] } },
{ "type": "Feature", "properties": { "Id": 0, "CLN": "16170", "PSGC": "174001007", "Barangay": null, "Land_Class": null, "PIN": "030-01-008-01-036" }, "geometry": { "type": "Polygon", "coordinates": [ [ [ 121.872215782480552, 13.438960435979272 ], [ 121.872178885689664, 13.438862771590228 ], [ 121.871819548827958, 13.439022035444021 ], [ 121.871881461198399, 13.439095437170435 ], [ 121.871965796566954, 13.439166501858828 ], [ 121.872062651235325, 13.439222997733701 ], [ 121.872081968644508, 13.439352270608646 ], [ 121.87216371248293, 13.439368968593758 ], [ 121.872255642113501, 13.439387747217989 ], [ 121.872293820283659, 13.439511900830446 ], [ 121.87243302151434, 13.439503736154508 ], [ 121.872258349277956, 13.439097237876897 ], [ 121.872215782480552, 13.438960435979272 ] ] ] } },
{ "type": "Feature", "properties": { "Id": 0, "CLN": "16129", "PSGC": "174001007", "Barangay": null, "Land_Class": null, "PIN": null }, "geometry": { "type": "Polygon", "coordinates": [ [ [ 121.872256397947098, 13.439514662583088 ], [ 121.872256207352237, 13.439482658879944 ], [ 121.872173641178335, 13.439480572046644 ], [ 121.872101624656835, 13.439480525791268 ], [ 121.87197175127217, 13.439490713120861 ], [ 121.871969939388762, 13.439523201148909 ], [ 121.872108697528859, 13.43951798629689 ], [ 121.872256397947098, 13.439514662583088 ] ] ] } },
{ "type": "Feature", "properties": { "Id": 0, "CLN": "16068", "PSGC": "174001007", "Barangay": "Balimbing", "Land_Class": null, "PIN": "030-01-008-01-038" }, "geometry": { "type": "Polygon", "coordinates": [ [ [ 121.872101624656807, 13.439480525791248 ], [ 121.872173641178335, 13.439480572046609 ], [ 121.87216371248293, 13.439368968593758 ], [ 121.872081968644508, 13.439352270608644 ], [ 121.872101624656807, 13.439480525791248 ] ] ] } },
{ "type": "Feature", "properties": { "Id": 0, "CLN": "16078", "PSGC": "174001007", "Barangay": "Balimbing", "Land_Class": null, "PIN": "030-01-008-01-027" }, "geometry": { "type": "Polygon", "coordinates": [ [ [ 121.871971751272142, 13.439490713120827 ], [ 121.872101624656807, 13.439480525791248 ], [ 121.872081968644508, 13.439352270608644 ], [ 121.872062651235325, 13.439222997733701 ], [ 121.871965796566954, 13.439166501858828 ], [ 121.871971751272142, 13.439490713120827 ] ] ] } },
{ "type": "Feature", "properties": { "Id": 0, "CLN": "16066", "PSGC": "174001007", "Barangay": "Balimbing", "Land_Class": null, "PIN": "030-01-008-01-040" }, "geometry": { "type": "Polygon", "coordinates": [ [ [ 121.87197175127217, 13.439490713120861 ], [ 121.871965796566954, 13.439166501858828 ], [ 121.871421805270444, 13.439539435827973 ], [ 121.871122265454986, 13.439691654147744 ], [ 121.87197175127217, 13.439490713120861 ] ] ] } },
{ "type": "Feature", "properties": { "Id": 0, "CLN": "16186", "PSGC": "174001007", "Barangay": "Balimbing", "Land_Class": null, "PIN": "030-01-008-01-041" }, "geometry": { "type": "Polygon", "coordinates": [ [ [ 121.871122265454986, 13.439691654147744 ], [ 121.871421805270444, 13.439539435827973 ], [ 121.871965796566954, 13.439166501858828 ], [ 121.871881461198399, 13.439095437170435 ], [ 121.871819548827958, 13.439022035444021 ], [ 121.871747607414974, 13.438963213636178 ], [ 121.871389008903947, 13.439363790438874 ], [ 121.871122265454986, 13.439691654147744 ] ] ] } },
{ "type": "Feature", "properties": { "Id": 0, "CLN": "16187", "PSGC": "174001007", "Barangay": "Balimbing", "Land_Class": null, "PIN": "030-01-008-01-042" }, "geometry": { "type": "Polygon", "coordinates": [ [ [ 121.871122265454986, 13.439691654147744 ], [ 121.870475985796887, 13.43989420856748 ], [ 121.870542025410302, 13.439972504073557 ], [ 121.870508655616035, 13.440008104043011 ], [ 121.870607943342762, 13.440076798773063 ], [ 121.871122265454986, 13.439691654147744 ] ] ] } },
{ "type": "Feature", "properties": { "Id": 0, "CLN": "16137", "PSGC": "174001007", "Barangay": null, "Land_Class": null, "PIN": null }, "geometry": { "type": "Polygon", "coordinates": [ [ [ 121.871696867911069, 13.439662637771962 ], [ 121.871171243817329, 13.439790804910649 ], [ 121.871040368100267, 13.439855169909482 ], [ 121.870642978873363, 13.440150908800437 ], [ 121.870668658455557, 13.44017284986468 ], [ 121.871051013923918, 13.439884504767381 ], [ 121.871180822662865, 13.439816837392216 ], [ 121.871686910627204, 13.439694794398708 ], [ 121.871696867911069, 13.439662637771962 ] ] ] } },
{ "type": "Feature", "properties": { "Id": 0, "CLN": "15718", "PSGC": "174001007", "Barangay": "Balimbing", "Land_Class": null, "PIN": "030-01-008-14-015" }, "geometry": { "type": "Polygon", "coordinates": [ [ [ 121.882007068358973, 13.431674874922162 ], [ 121.882057134875836, 13.431571078492304 ], [ 121.882071328647555, 13.431514577479369 ], [ 121.881975155543671, 13.431482329445348 ], [ 121.8818985647587, 13.431645275710599 ], [ 121.882007068358973, 13.431674874922162 ] ] ] } },
{ "type": "Feature", "properties": { "Id": 0, "CLN": "15702", "PSGC": "174001007", "Barangay": "Balimbing", "Land_Class": null, "PIN": "030-01-008-14-039" }, "geometry": { "type": "Polygon", "coordinates": [ [ [ 121.885464533526019, 13.431336573288297 ], [ 121.885548531476871, 13.430918471103116 ], [ 121.885473415855373, 13.430652856348955 ], [ 121.885414140007981, 13.430676880552603 ], [ 121.884747267243426, 13.431145639885562 ], [ 121.884696238951307, 13.431233479961715 ], [ 121.885464533526019, 13.431336573288297 ] ] ] } },
{ "type": "Feature", "properties": { "Id": 0, "CLN": "15703", "PSGC": "174001007", "Barangay": "Balimbing", "Land_Class": null, "PIN": "030-01-008-14-038" }, "geometry": { "type": "Polygon", "coordinates": [ [ [ 121.885394826461919, 13.431552974518194 ], [ 121.885464533526019, 13.431336573288297 ], [ 121.884696238951307, 13.431233479961715 ], [ 121.884666412172507, 13.43132644518467 ], [ 121.884596484916713, 13.431490325320905 ], [ 121.884744342575161, 13.431480972931386 ], [ 121.885394826461919, 13.431552974518194 ] ] ] } },
{ "type": "Feature", "properties": { "Id": 0, "CLN": "15377", "PSGC": "174001007", "Barangay": null, "Land_Class": null, "PIN": "030-01-008-03-001" }, "geometry": { "type": "Polygon", "coordinates": [ [ [ 121.880530909021417, 13.443314363975784 ], [ 121.880781496887707, 13.443111320605361 ], [ 121.881005426704746, 13.443736087418962 ], [ 121.881165135454935, 13.443624609392577 ], [ 121.881464091918076, 13.44349405535549 ], [ 121.881974459423631, 13.442968950856253 ], [ 121.882254476374001, 13.44302162937149 ], [ 121.882641297022957, 13.442706163822002 ], [ 121.882222633160282, 13.442164065851754 ], [ 121.881859442803773, 13.442103485999489 ], [ 121.881821635430754, 13.442028626526382 ], [ 121.881899008727416, 13.441798998813374 ], [ 121.881780805162364, 13.441739506805206 ], [ 121.88126679974711, 13.441723464277205 ], [ 121.881192363933906, 13.441752616998059 ], [ 121.881098496853184, 13.441780603487913 ], [ 121.880784700854278, 13.441894521900119 ], [ 121.880688969569803, 13.441752575506912 ], [ 121.880137477142753, 13.441737019194065 ], [ 121.880017430307163, 13.441642138002628 ], [ 121.879734084058114, 13.441541288665844 ], [ 121.879560147848053, 13.441519548601383 ], [ 121.879493090112604, 13.441545457701876 ], [ 121.879433370699047, 13.441720782442346 ], [ 121.879363452812143, 13.441785990085895 ], [ 121.87862612057981, 13.442005470995925 ], [ 121.878341706411334, 13.442149812373636 ], [ 121.878238181130257, 13.442191936100873 ], [ 121.877999289476946, 13.442724648614243 ], [ 121.878426056470175, 13.44259862515346 ], [ 121.878599905933271, 13.443094414529885 ], [ 121.87878163624805, 13.443117471881319 ], [ 121.8793100131454, 13.443136510613339 ], [ 121.879796754003166, 13.443555824584651 ], [ 121.879876487277812, 13.443517245623843 ], [ 121.880530909021417, 13.443314363975784 ] ] ] } },
{ "type": "Feature", "properties": { "Id": 0, "CLN": "16145", "PSGC": "174001007", "Barangay": null, "Land_Class": null, "PIN": "030-01-008-01-003" }, "geometry": { "type": "Polygon", "coordinates": [ [ [ 121.869836999300219, 13.440821477862691 ], [ 121.869890234959868, 13.440714835416022 ], [ 121.869756515998816, 13.440805839389173 ], [ 121.869836999300219, 13.440821477862691 ] ] ] } },
{ "type": "Feature", "properties": { "Id": 0, "CLN": "16173", "PSGC": "174001007", "Barangay": null, "Land_Class": null, "PIN": null }, "geometry": { "type": "Polygon", "coordinates": [ [ [ 121.869890234959868, 13.440714835416022 ], [ 121.869907074187424, 13.440670606829309 ], [ 121.869735031829151, 13.44079067257926 ], [ 121.869756515998816, 13.440805839389173 ], [ 121.869890234959868, 13.440714835416022 ] ] ] } },
{ "type": "Feature", "properties": { "Id": 0, "CLN": "16161", "PSGC": "174001007", "Barangay": null, "Land_Class": null, "PIN": "030-01-008-01-004" }, "geometry": { "type": "Polygon", "coordinates": [ [ [ 121.869868792301077, 13.440831209489076 ], [ 121.869943608389761, 13.440678795040496 ], [ 121.869890234959868, 13.440714835416022 ], [ 121.869836999300219, 13.440821477862691 ], [ 121.869868792301077, 13.440831209489076 ] ] ] } },
{ "type": "Feature", "properties": { "Id": 0, "CLN": "16162", "PSGC": "174001007", "Barangay": null, "Land_Class": null, "PIN": null }, "geometry": { "type": "Polygon", "coordinates": [ [ [ 121.869943608389761, 13.440678795040496 ], [ 121.869968308488794, 13.440627872280071 ], [ 121.869907074187424, 13.440670606829309 ], [ 121.869890234959868, 13.440714835416022 ], [ 121.869943608389761, 13.440678795040496 ] ] ] } },
{ "type": "Feature", "properties": { "Id": 0, "CLN": "16138", "PSGC": "174001007", "Barangay": null, "Land_Class": null, "PIN": "030-01-008-01-005" }, "geometry": { "type": "Polygon", "coordinates": [ [ [ 121.870468960407337, 13.440401927423439 ], [ 121.870482708688655, 13.440388593218282 ], [ 121.870454270102712, 13.440324165403668 ], [ 121.870349279389345, 13.440399104562792 ], [ 121.870468960407337, 13.440401927423439 ] ] ] } },
{ "type": "Feature", "properties": { "Id": 0, "CLN": "16139", "PSGC": "174001007", "Barangay": null, "Land_Class": null, "PIN": null }, "geometry": { "type": "Polygon", "coordinates": [ [ [ 121.870349279389345, 13.440399104562792 ], [ 121.870454270102712, 13.440324165403668 ], [ 121.870436641972518, 13.440289257026125 ], [ 121.870297226097065, 13.44039664497179 ], [ 121.870349279389345, 13.440399104562792 ] ] ] } },
{ "type": "Feature", "properties": { "Id": 0, "CLN": "16063", "PSGC": "174001007", "Barangay": "Balimbing", "Land_Class": null, "PIN": "030-01-008-01-032" }, "geometry": { "type": "Polygon", "coordinates": [ [ [ 121.872621901659045, 13.438791283265884 ], [ 121.8722504318864, 13.438307781548902 ], [ 121.872204255256619, 13.438590314195013 ], [ 121.872253188548171, 13.438600688648448 ], [ 121.872528546152893, 13.438961666054938 ], [ 121.872646655045671, 13.438937861987133 ], [ 121.872597878063075, 13.43880875185536 ], [ 121.872621901659045, 13.438791283265884 ] ] ] } },
{ "type": "Feature", "properties": { "Id": 0, "CLN": "15403", "PSGC": "174001007", "Barangay": null, "Land_Class": null, "PIN": "030-01-008-02-022" }, "geometry": { "type": "Polygon", "coordinates": [ [ [ 121.877014539202619, 13.440084919298975 ], [ 121.87691936865528, 13.439943798753268 ], [ 121.876761499780784, 13.440233866381558 ], [ 121.876725952006836, 13.440329522189259 ], [ 121.876773747517916, 13.440415237463499 ], [ 121.876882878893227, 13.440234407841114 ], [ 121.876986026582486, 13.440117292859824 ], [ 121.877014539202619, 13.440084919298975 ] ] ] } },
{ "type": "Feature", "properties": { "Id": 0, "CLN": "15435", "PSGC": "174001007", "Barangay": "Balimbing", "Land_Class": null, "PIN": "030-01-008-04-014" }, "geometry": { "type": "Polygon", "coordinates": [ [ [ 121.884442054656134, 13.440766563121645 ], [ 121.884603082530944, 13.440684722652765 ], [ 121.884612076528001, 13.440552551678227 ], [ 121.88458923012476, 13.440481632388867 ], [ 121.884466488515869, 13.440594600575361 ], [ 121.884378087092429, 13.440703381483633 ], [ 121.884442054656134, 13.440766563121645 ] ] ] } },
{ "type": "Feature", "properties": { "Id": 0, "CLN": "15959", "PSGC": "174001007", "Barangay": null, "Land_Class": null, "PIN": null }, "geometry": { "type": "Polygon", "coordinates": [ [ [ 121.877786754390954, 13.436521520344277 ], [ 121.877930955893888, 13.436422112265447 ], [ 121.877908684162392, 13.436403253551367 ], [ 121.877770987267695, 13.436477677956367 ], [ 121.877786754390954, 13.436521520344277 ] ] ] } },
{ "type": "Feature", "properties": { "Id": 0, "CLN": "15918", "PSGC": "174001007", "Barangay": "Balimbing", "Land_Class": null, "PIN": "030-01-008-07-002" }, "geometry": { "type": "Polygon", "coordinates": [ [ [ 121.88093002917158, 13.436072614818999 ], [ 121.880751366488894, 13.435841375722521 ], [ 121.880731733225502, 13.435854053689823 ], [ 121.880719951749896, 13.435836051842456 ], [ 121.880624750870794, 13.435697780372156 ], [ 121.880599321287804, 13.435660845957203 ], [ 121.880205944529962, 13.435927847365505 ], [ 121.880301099918498, 13.436073828544059 ], [ 121.880374009292794, 13.436028867923975 ], [ 121.880388917320175, 13.436073494201153 ], [ 121.880579274617901, 13.436352606284919 ], [ 121.880637669094639, 13.436433439968194 ], [ 121.880817613273308, 13.43636472837828 ], [ 121.881078126691733, 13.436343291923558 ], [ 121.88093002917158, 13.436072614818999 ] ] ] } },
{ "type": "Feature", "properties": { "Id": 0, "CLN": "16056", "PSGC": "174001007", "Barangay": "Balimbing", "Land_Class": null, "PIN": "030-01-008-08-008" }, "geometry": { "type": "Polygon", "coordinates": [ [ [ 121.874483925376651, 13.438779714429728 ], [ 121.874888128911437, 13.438505195817882 ], [ 121.874470224419881, 13.438763014176949 ], [ 121.874436694649916, 13.438785948449567 ], [ 121.874406672135137, 13.438806319766289 ], [ 121.874412657258645, 13.438826334484522 ], [ 121.874438074826713, 13.438810854175436 ], [ 121.874444996991798, 13.438806152936081 ], [ 121.874483925376651, 13.438779714429728 ] ] ] } },
{ "type": "Feature", "properties": { "Id": 0, "CLN": "15911", "PSGC": "174001007", "Barangay": "Balimbing", "Land_Class": null, "PIN": "030-01-008-10-014" }, "geometry": { "type": "Polygon", "coordinates": [ [ [ 121.879761889424742, 13.434986077932848 ], [ 121.879708916205132, 13.434932217333179 ], [ 121.879648412713522, 13.435013203796379 ], [ 121.879697388311527, 13.435069224758312 ], [ 121.879761889424742, 13.434986077932848 ] ] ] } },
{ "type": "Feature", "properties": { "Id": 0, "CLN": "15798", "PSGC": "174001007", "Barangay": null, "Land_Class": null, "PIN": null }, "geometry": { "type": "Polygon", "coordinates": [ [ [ 121.880013798797705, 13.434607266049321 ], [ 121.880096651245978, 13.434555880437081 ], [ 121.880086857853513, 13.434529959893219 ], [ 121.879994218070308, 13.4345822807056 ], [ 121.880013798797705, 13.434607266049321 ] ] ] } },
{ "type": "Feature", "properties": { "Id": 0, "CLN": "15819", "PSGC": "174001007", "Barangay": null, "Land_Class": null, "PIN": null }, "geometry": { "type": "Polygon", "coordinates": [ [ [ 121.879953812749548, 13.434527960654725 ], [ 121.880041516126909, 13.434478510547851 ], [ 121.880022759278901, 13.434444223068132 ], [ 121.879939122686579, 13.434489079832378 ], [ 121.879953812749548, 13.434527960654725 ] ] ] } },
{ "type": "Feature", "properties": { "Id": 0, "CLN": "16065", "PSGC": "174001007", "Barangay": null, "Land_Class": null, "PIN": "030-01-008-15-008" }, "geometry": { "type": "Polygon", "coordinates": [ [ [ 121.879939122686579, 13.434489079832378 ], [ 121.880022759278901, 13.434444223068132 ], [ 121.880003577324956, 13.434403923770665 ], [ 121.879916534514066, 13.434441148868409 ], [ 121.879939122686579, 13.434489079832378 ] ] ] } },
{ "type": "Feature", "properties": { "Id": 0, "CLN": "15643", "PSGC": "174001007", "Barangay": null, "Land_Class": null, "PIN": null }, "geometry": { "type": "Polygon", "coordinates": [ [ [ 121.881833494087488, 13.433450608830945 ], [ 121.881974168508805, 13.433467348492874 ], [ 121.881972297139768, 13.43344799030031 ], [ 121.881833494087488, 13.433450608830945 ] ] ] } },
{ "type": "Feature", "properties": { "Id": 0, "CLN": "15645", "PSGC": "174001007", "Barangay": null, "Land_Class": null, "PIN": null }, "geometry": { "type": "Polygon", "coordinates": [ [ [ 121.881974168508805, 13.433467348492874 ], [ 121.882038139018661, 13.433474792494557 ], [ 121.88203678287357, 13.433459762812676 ], [ 121.881972297139768, 13.43344799030031 ], [ 121.881974168508805, 13.433467348492874 ] ] ] } },
{ "type": "Feature", "properties": { "Id": 0, "CLN": "15640", "PSGC": "174001007", "Barangay": "Balimbing", "Land_Class": null, "PIN": "030-01-008-11-098" }, "geometry": { "type": "Polygon", "coordinates": [ [ [ 121.881202278934637, 13.433460744636111 ], [ 121.881470061520105, 13.43343605681584 ], [ 121.881463762741703, 13.433430783568543 ], [ 121.881191855052407, 13.433452821970663 ], [ 121.881202278934637, 13.433460744636111 ] ] ] } },
{ "type": "Feature", "properties": { "Id": 0, "CLN": "15655", "PSGC": "174001007", "Barangay": null, "Land_Class": null, "PIN": null }, "geometry": { "type": "Polygon", "coordinates": [ [ [ 121.882718467844825, 13.433601178924855 ], [ 121.882939641027079, 13.433639890299196 ], [ 121.882965548639959, 13.433622144346025 ], [ 121.882751600020811, 13.433571129158942 ], [ 121.882718467844825, 13.433601178924855 ] ] ] } },
{ "type": "Feature", "properties": { "Id": 0, "CLN": "15770", "PSGC": "174001007", "Barangay": null, "Land_Class": null, "PIN": "030-01-008-11-050" }, "geometry": { "type": "Polygon", "coordinates": [ [ [ 121.880722434816505, 13.434971986899377 ], [ 121.880741193518745, 13.434996760916356 ], [ 121.880910161639775, 13.434902898902559 ], [ 121.881085841277439, 13.434853744851321 ], [ 121.881260970052253, 13.434778610133675 ], [ 121.881273991252939, 13.434765426217156 ], [ 121.881060110736726, 13.434389663874221 ], [ 121.880943637313678, 13.43442577266857 ], [ 121.88059876727678, 13.434683621610581 ], [ 121.880722434816505, 13.434971986899377 ] ] ] } },
{ "type": "Feature", "properties": { "Id": 0, "CLN": "aln 079 sec11", "PSGC": "174001007", "Barangay": null, "Land_Class": null, "PIN": null }, "geometry": { "type": "Polygon", "coordinates": [ [ [ 121.88235840401272, 13.43363751949405 ], [ 121.882549426757421, 13.433666361471454 ], [ 121.882549126410282, 13.433635517556585 ], [ 121.882353036673393, 13.433611823902178 ], [ 121.88235840401272, 13.43363751949405 ] ] ] } },
{ "type": "Feature", "properties": { "Id": 0, "CLN": "15776", "PSGC": "174001007", "Barangay": null, "Land_Class": null, "PIN": null }, "geometry": { "type": "Polygon", "coordinates": [ [ [ 121.88281064446808, 13.433722508809588 ], [ 121.882810415235454, 13.433698464209581 ], [ 121.882582235097402, 13.433639518086038 ], [ 121.882549126410282, 13.433635517556585 ], [ 121.882549426757421, 13.433666361471454 ], [ 121.88281064446808, 13.433722508809588 ] ] ] } },
{ "type": "Feature", "properties": { "Id": 0, "CLN": "15566", "PSGC": "174001007", "Barangay": null, "Land_Class": null, "PIN": "030-01-008-11-018" }, "geometry": { "type": "Polygon", "coordinates": [ [ [ 121.883746599008248, 13.433879393272239 ], [ 121.883846953899962, 13.433850423062447 ], [ 121.883964132328373, 13.433834566947811 ], [ 121.883977295928631, 13.433768214290486 ], [ 121.883929482370675, 13.433723728462354 ], [ 121.883754720013059, 13.433812528309236 ], [ 121.883746599008248, 13.433879393272239 ] ] ] } },
{ "type": "Feature", "properties": { "Id": 0, "CLN": "15567", "PSGC": "174001007", "Barangay": null, "Land_Class": null, "PIN": null }, "geometry": { "type": "Polygon", "coordinates": [ [ [ 121.883754720013059, 13.433812528309236 ], [ 121.883929482370675, 13.433723728462354 ], [ 121.883916580344021, 13.433700018072125 ], [ 121.883754496927963, 13.433779356939782 ], [ 121.88374482126369, 13.433786258200497 ], [ 121.883754720013059, 13.433812528309236 ] ] ] } },
{ "type": "Feature", "properties": { "Id": 0, "CLN": "15733", "PSGC": "174001007", "Barangay": "Balimbing", "Land_Class": null, "PIN": "030-01-008-14-005" }, "geometry": { "type": "Polygon", "coordinates": [ [ [ 121.882084735204302, 13.431918024295996 ], [ 121.882017068288249, 13.43189371691067 ], [ 121.881989000102848, 13.431937053674393 ], [ 121.882041838995164, 13.431989481949847 ], [ 121.882073970971618, 13.431936489817472 ], [ 121.882084735204302, 13.431918024295996 ] ] ] } },
{ "type": "Feature", "properties": { "Id": 0, "CLN": "15735", "PSGC": "174001007", "Barangay": "Balimbing", "Land_Class": null, "PIN": "030-01-008-14-001" }, "geometry": { "type": "Polygon", "coordinates": [ [ [ 121.881937166641478, 13.431885622985201 ], [ 121.881989000102848, 13.431937053674393 ], [ 121.882017068288249, 13.43189371691067 ], [ 121.881947511763556, 13.431867390165639 ], [ 121.881937166641478, 13.431885622985201 ] ] ] } },
{ "type": "Feature", "properties": { "Id": 0, "CLN": "15728", "PSGC": "174001007", "Barangay": "Balimbing", "Land_Class": null, "PIN": "030-01-008-14-010" }, "geometry": { "type": "Polygon", "coordinates": [ [ [ 121.882241662538831, 13.432255267612286 ], [ 121.882301483296999, 13.432294689044536 ], [ 121.882362711637739, 13.432225629259959 ], [ 121.88230634792086, 13.432186273486758 ], [ 121.882241662538831, 13.432255267612286 ] ] ] } },
{ "type": "Feature", "properties": { "Id": 0, "CLN": "15757", "PSGC": "174001007", "Barangay": null, "Land_Class": null, "PIN": null }, "geometry": { "type": "Polygon", "coordinates": [ [ [ 121.880869784771107, 13.433744723422668 ], [ 121.880887090426825, 13.433764415386509 ], [ 121.88092590220657, 13.433668554694341 ], [ 121.880869784771107, 13.433744723422668 ] ] ] } },
{ "type": "Feature", "properties": { "Id": 0, "CLN": "15762", "PSGC": "174001007", "Barangay": null, "Land_Class": null, "PIN": null }, "geometry": { "type": "Polygon", "coordinates": [ [ [ 121.880860493530434, 13.43382072549835 ], [ 121.880833471544804, 13.433803594011451 ], [ 121.880809814761719, 13.433849986652039 ], [ 121.880828667799818, 13.433867734335562 ], [ 121.880860493530434, 13.43382072549835 ] ] ] } },
{ "type": "Feature", "properties": { "Id": 0, "CLN": "15830", "PSGC": "174001007", "Barangay": "Balimbing", "Land_Class": null, "PIN": "030-01-008-15-026" }, "geometry": { "type": "Polygon", "coordinates": [ [ [ 121.880157290015688, 13.433852101157838 ], [ 121.880328618396391, 13.433789177876433 ], [ 121.880283765043544, 13.433637359884214 ], [ 121.88008500103885, 13.433743218909905 ], [ 121.880157290015688, 13.433852101157838 ] ] ] } },
{ "type": "Feature", "properties": { "Id": 0, "CLN": "16127", "PSGC": "174001007", "Barangay": null, "Land_Class": null, "PIN": null }, "geometry": { "type": "Polygon", "coordinates": [ [ [ 121.872438911056378, 13.439524268031859 ], [ 121.872585621405008, 13.4395102781825 ], [ 121.872582724541886, 13.439489759707422 ], [ 121.87243302151434, 13.439503736154508 ], [ 121.872438911056378, 13.439524268031859 ] ] ] } },
{ "type": "Feature", "properties": { "Id": 0, "CLN": "15664", "PSGC": "174001007", "Barangay": null, "Land_Class": null, "PIN": "not updated" }, "geometry": { "type": "Polygon", "coordinates": [ [ [ 121.881627113792305, 13.433573417119893 ], [ 121.881878013976376, 13.433581808845394 ], [ 121.88161048603861, 13.43355150956474 ], [ 121.881627113792305, 13.433573417119893 ] ] ] } },
{ "type": "Feature", "properties": { "Id": 0, "CLN": "15962 pt.", "PSGC": "174001007", "Barangay": null, "Land_Class": null, "PIN": "030-01-008-07-045" }, "geometry": { "type": "Polygon", "coordinates": [ [ [ 121.877907198509661, 13.436916003521509 ], [ 121.877947879039866, 13.436892690273574 ], [ 121.877894331321755, 13.436771856720817 ], [ 121.877827812912784, 13.43662175387945 ], [ 121.877760528630574, 13.436666293003224 ], [ 121.877850533343377, 13.436848615588003 ], [ 121.877871395387174, 13.436839005401231 ], [ 121.877907198509661, 13.436916003521509 ] ] ] } },
{ "type": "Feature", "properties": { "Id": 0, "CLN": "15961 pt.", "PSGC": "174001007", "Barangay": null, "Land_Class": null, "PIN": null }, "geometry": { "type": "Polygon", "coordinates": [ [ [ 121.877760528630574, 13.436666293003224 ], [ 121.877827812912784, 13.43662175387945 ], [ 121.877802434276148, 13.436584121827329 ], [ 121.877743124932195, 13.436626491818632 ], [ 121.877760528630574, 13.436666293003224 ] ] ] } },
{ "type": "Feature", "properties": { "Id": 0, "CLN": "15962 pt.", "PSGC": "174001007", "Barangay": null, "Land_Class": null, "PIN": "030-01-008-07-043" }, "geometry": { "type": "Polygon", "coordinates": [ [ [ 121.877947879039866, 13.436892690273574 ], [ 121.877907198509661, 13.436916003521509 ], [ 121.877815979373253, 13.43696827945354 ], [ 121.877867451207095, 13.437080050339199 ], [ 121.877997390157773, 13.437004414895128 ], [ 121.877947879039866, 13.436892690273574 ] ] ] } },
{ "type": "Feature", "properties": { "Id": 0, "CLN": "15962 pt.", "PSGC": "174001007", "Barangay": null, "Land_Class": null, "PIN": "030-01-008-07-042" }, "geometry": { "type": "Polygon", "coordinates": [ [ [ 121.877997390157773, 13.437004414895128 ], [ 121.877867451207095, 13.437080050339199 ], [ 121.877927292023159, 13.437209994306356 ], [ 121.878023494472387, 13.437129131824165 ], [ 121.878033280448619, 13.437085403290338 ], [ 121.877997390157773, 13.437004414895128 ] ] ] } },
{ "type": "Feature", "properties": { "Id": 0, "CLN": "15963 pt.", "PSGC": "174001007", "Barangay": null, "Land_Class": null, "PIN": "030-01-008-07-061" }, "geometry": { "type": "Polygon", "coordinates": [ [ [ 121.877894331321755, 13.436771856720817 ], [ 121.87802545622236, 13.436688878426969 ], [ 121.877965582570368, 13.436531696868553 ], [ 121.877827812912784, 13.43662175387945 ], [ 121.877894331321755, 13.436771856720817 ] ] ] } },
{ "type": "Feature", "properties": { "Id": 0, "CLN": "16051", "PSGC": "174001007", "Barangay": null, "Land_Class": null, "PIN": "030-01-008-08-045" }, "geometry": { "type": "Polygon", "coordinates": [ [ [ 121.874924823841624, 13.438476008960061 ], [ 121.874255440973357, 13.437332573322355 ], [ 121.874060778915251, 13.437414228471226 ], [ 121.873903153348166, 13.436986757290452 ], [ 121.873643727923223, 13.437070463556941 ], [ 121.873742179822145, 13.437350169457121 ], [ 121.874325275378311, 13.438612618177444 ], [ 121.874406672135137, 13.438806319766289 ], [ 121.874436694649916, 13.438785948449567 ], [ 121.874333044650697, 13.438611437016041 ], [ 121.874362711242995, 13.438606926805726 ], [ 121.874470224419881, 13.438763014176949 ], [ 121.874888128911437, 13.438505195817882 ], [ 121.874924823841624, 13.438476008960061 ] ] ] } },
{ "type": "Feature", "properties": { "Id": 0, "CLN": "15467 pt.", "PSGC": "174001007", "Barangay": null, "Land_Class": null, "PIN": "030-01-008-05-049" }, "geometry": { "type": "Polygon", "coordinates": [ [ [ 121.886194798606411, 13.436419261338747 ], [ 121.886421174897734, 13.436307712622495 ], [ 121.886179018055486, 13.435575361693818 ], [ 121.885872014553243, 13.435612481228361 ], [ 121.886194798606411, 13.436419261338747 ] ] ] } },
{ "type": "Feature", "properties": { "Id": 0, "CLN": "15467 pt.", "PSGC": "174001007", "Barangay": null, "Land_Class": null, "PIN": "030-01-008-05-048" }, "geometry": { "type": "Polygon", "coordinates": [ [ [ 121.88592055268245, 13.436385683611984 ], [ 121.886155224938761, 13.436438761545302 ], [ 121.886194798606411, 13.436419261338747 ], [ 121.885872014553243, 13.435612481228361 ], [ 121.885592014803777, 13.435646335422252 ], [ 121.88592055268245, 13.436385683611984 ] ] ] } },
{ "type": "Feature", "properties": { "Id": 0, "CLN": "15883 pt.", "PSGC": "174001007", "Barangay": null, "Land_Class": null, "PIN": "030-01-008-09-021" }, "geometry": { "type": "Polygon", "coordinates": [ [ [ 121.876029396043634, 13.433598146811351 ], [ 121.875840662883874, 13.43384294863433 ], [ 121.875917126442275, 13.433901067219217 ], [ 121.876087841938926, 13.434000050490898 ], [ 121.876076289802526, 13.434157756839424 ], [ 121.876190464661818, 13.43394661292135 ], [ 121.876289918287497, 13.433979556375821 ], [ 121.876330471433519, 13.433826988388955 ], [ 121.876029396043634, 13.433598146811351 ] ] ] } },
{ "type": "Feature", "properties": { "Id": 0, "CLN": "15885 pt.", "PSGC": "174001007", "Barangay": null, "Land_Class": null, "PIN": "030-01-008-09-023" }, "geometry": { "type": "Polygon", "coordinates": [ [ [ 121.87678889373143, 13.433703874653814 ], [ 121.876297925879044, 13.433258626218029 ], [ 121.876168934562273, 13.433421718907244 ], [ 121.87667136320664, 13.433840459660114 ], [ 121.87673076040582, 13.433770333889358 ], [ 121.87678889373143, 13.433703874653814 ] ] ] } },
{ "type": "Feature", "properties": { "Id": 0, "CLN": "15883 pt.", "PSGC": "174001007", "Barangay": null, "Land_Class": null, "PIN": "030-01-008-09-022" }, "geometry": { "type": "Polygon", "coordinates": [ [ [ 121.87667136320664, 13.433840459660114 ], [ 121.876168934562273, 13.433421718907244 ], [ 121.876029396043634, 13.433598146811351 ], [ 121.876330471433519, 13.433826988388955 ], [ 121.87652164486984, 13.433969947845755 ], [ 121.876594539134743, 13.433928222872678 ], [ 121.876654335906267, 13.433860562492212 ], [ 121.87667136320664, 13.433840459660114 ] ] ] } },
{ "type": "Feature", "properties": { "Id": 0, "CLN": "16133 pt.", "PSGC": "174001007", "Barangay": null, "Land_Class": null, "PIN": "030-01-008-01-055" }, "geometry": { "type": "Polygon", "coordinates": [ [ [ 121.871884540186784, 13.44056409718012 ], [ 121.871427353205405, 13.44048068699956 ], [ 121.871406899780695, 13.440545638019723 ], [ 121.871494505077223, 13.440952227239608 ], [ 121.871673237159669, 13.441012763091956 ], [ 121.871824351912664, 13.440958523771215 ], [ 121.871884540186784, 13.44056409718012 ] ] ] } },
{ "type": "Feature", "properties": { "Id": 0, "CLN": "16133 pt.", "PSGC": "174001007", "Barangay": null, "Land_Class": null, "PIN": "030-01-008-01-056" }, "geometry": { "type": "Polygon", "coordinates": [ [ [ 121.871964750443439, 13.440446588817551 ], [ 121.872016052794081, 13.440351242984852 ], [ 121.871523668245757, 13.440181428895027 ], [ 121.871427353205405, 13.44048068699956 ], [ 121.871884540186784, 13.44056409718012 ], [ 121.871964750443439, 13.440446588817551 ] ] ] } },
{ "type": "Feature", "properties": { "Id": 0, "CLN": "16133 pt.", "PSGC": "174001007", "Barangay": null, "Land_Class": null, "PIN": "030-01-008-01-057" }, "geometry": { "type": "Polygon", "coordinates": [ [ [ 121.872016052794081, 13.440351242984852 ], [ 121.87215314982231, 13.440106379569757 ], [ 121.871616136713016, 13.439918725193087 ], [ 121.871523668245757, 13.440181428895027 ], [ 121.872016052794081, 13.440351242984852 ] ] ] } },
{ "type": "Feature", "properties": { "Id": 0, "CLN": "15487", "PSGC": null, "Barangay": null, "Land_Class": null, "PIN": "030-01-008-06-010" }, "geometry": null },
{ "type": "Feature", "properties": { "Id": 0, "CLN": null, "PSGC": null, "Barangay": "Balimbing", "Land_Class": null, "PIN": null }, "geometry": null },
{ "type": "Feature", "properties": { "Id": 0, "CLN": "15722", "PSGC": "174001007", "Barangay": "Balimbing", "Land_Class": null, "PIN": "030-01-008-14-062" }, "geometry": { "type": "Polygon", "coordinates": [ [ [ 121.88240559896434, 13.431932872618765 ], [ 121.882456554530393, 13.431799848032524 ], [ 121.882313117610337, 13.431761794014623 ], [ 121.882252366739735, 13.431935305910347 ], [ 121.882317766587065, 13.431971191499015 ], [ 121.88240559896434, 13.431932872618765 ] ] ] } },
{ "type": "Feature", "properties": { "Id": 0, "CLN": "15722", "PSGC": "174001007", "Barangay": "Balimbing", "Land_Class": null, "PIN": null }, "geometry": { "type": "Polygon", "coordinates": [ [ [ 121.882533856492117, 13.432212019980797 ], [ 121.8824375952466, 13.432159438520408 ], [ 121.882384858663144, 13.432130092917385 ], [ 121.882391242938013, 13.432178640659439 ], [ 121.882362711637739, 13.432225629259959 ], [ 121.882301483296999, 13.432294689044536 ], [ 121.882261530181481, 13.432359204337097 ], [ 121.882396578858291, 13.43245360770509 ], [ 121.882469876107621, 13.432324547749088 ], [ 121.882533856492117, 13.432212019980797 ] ] ] } },
{ "type": "Feature", "properties": { "Id": 0, "CLN": "15741", "PSGC": "174001007", "Barangay": "Balimbing", "Land_Class": null, "PIN": "030-01-008-17-022" }, "geometry": { "type": "Polygon", "coordinates": [ [ [ 121.881860042847421, 13.431046505176473 ], [ 121.881779274104716, 13.43138585436499 ], [ 121.881897403738463, 13.431442757191633 ], [ 121.881968014787319, 13.431131618148655 ], [ 121.881860042847421, 13.431046505176473 ] ] ] } },
{ "type": "Feature", "properties": { "Id": 0, "CLN": "15865", "PSGC": "174001007", "Barangay": "Balimbing", "Land_Class": null, "PIN": "030-01-008-17-021" }, "geometry": { "type": "Polygon", "coordinates": [ [ [ 121.878233845226873, 13.429435857630223 ], [ 121.878591116543973, 13.430067407884797 ], [ 121.878902906248157, 13.43005122276292 ], [ 121.878645110105069, 13.42932047223402 ], [ 121.878292218644631, 13.429403159084632 ], [ 121.878233845226873, 13.429435857630223 ] ] ] } },
{ "type": "Feature", "properties": { "Id": 0, "CLN": "15865", "PSGC": "174001007", "Barangay": "Balimbing", "Land_Class": null, "PIN": "030-01-008-17-005" }, "geometry": { "type": "Polygon", "coordinates": [ [ [ 121.878349889723793, 13.430079929793179 ], [ 121.877951120032108, 13.429594229090839 ], [ 121.87761002090501, 13.429785298589946 ], [ 121.877957881888975, 13.429903203598498 ], [ 121.878108662897461, 13.430092451468518 ], [ 121.878349889723793, 13.430079929793179 ] ] ] } },
{ "type": "Feature", "properties": { "Id": 0, "CLN": "15519", "PSGC": "174001007", "Barangay": "Balimbing", "Land_Class": null, "PIN": "030-01-008-13-026" }, "geometry": { "type": "Polygon", "coordinates": [ [ [ 121.888987406422416, 13.428821835673467 ], [ 121.889314062832199, 13.430392394788456 ], [ 121.889473697063849, 13.4303281112827 ], [ 121.889411017974936, 13.429623338460539 ], [ 121.889228992694427, 13.428804138859235 ], [ 121.888987406422416, 13.428821835673467 ] ] ] } },
{ "type": "Feature", "properties": { "Id": 0, "CLN": "15519", "PSGC": "174001007", "Barangay": "Balimbing", "Land_Class": null, "PIN": "030-01-008-13-023" }, "geometry": { "type": "Polygon", "coordinates": [ [ [ 121.888659471207106, 13.428850325409194 ], [ 121.888968762569249, 13.430439042621011 ], [ 121.889111169531247, 13.430425996668358 ], [ 121.88879242162632, 13.428838314106953 ], [ 121.888659471207106, 13.428850325409194 ] ] ] } },
{ "type": "Feature", "properties": { "Id": 0, "CLN": "15519", "PSGC": "174001007", "Barangay": "Balimbing", "Land_Class": null, "PIN": "030-01-008-13-021" }, "geometry": { "type": "Polygon", "coordinates": [ [ [ 121.888818145327036, 13.430445253234296 ], [ 121.888541014588398, 13.428861027219732 ], [ 121.888422557963679, 13.428871728973702 ], [ 121.888716940524134, 13.430446937135047 ], [ 121.888818145327036, 13.430445253234296 ] ] ] } },
{ "type": "Feature", "properties": { "Id": 0, "CLN": "15519", "PSGC": "174001007", "Barangay": "Balimbing", "Land_Class": null, "PIN": "030-01-008-13-022" }, "geometry": { "type": "Polygon", "coordinates": [ [ [ 121.888541014588398, 13.428861027219732 ], [ 121.888818145327036, 13.430445253234296 ], [ 121.888919350131843, 13.430443569292777 ], [ 121.888968762569249, 13.430439042621011 ], [ 121.888659471207106, 13.428850325409194 ], [ 121.888541014588398, 13.428861027219732 ] ] ] } },
{ "type": "Feature", "properties": { "Id": 0, "CLN": "15519", "PSGC": "174001007", "Barangay": "Balimbing", "Land_Class": null, "PIN": "030-01-008-13-020" }, "geometry": { "type": "Polygon", "coordinates": [ [ [ 121.888263396465305, 13.428893540758061 ], [ 121.888587275548488, 13.430415840332355 ], [ 121.888681679550501, 13.430447523816788 ], [ 121.888716940524134, 13.430446937135047 ], [ 121.888422557963679, 13.428871728973702 ], [ 121.888398079724936, 13.428873940409723 ], [ 121.888263396465305, 13.428893540758061 ] ] ] } },
{ "type": "Feature", "properties": { "Id": 0, "CLN": "15519", "PSGC": "174001007", "Barangay": "Balimbing", "Land_Class": null, "PIN": "030-01-008-13-018" }, "geometry": { "type": "Polygon", "coordinates": [ [ [ 121.888076093871916, 13.428920798629973 ], [ 121.887804361805493, 13.428960343137778 ], [ 121.888170267981138, 13.429409702333459 ], [ 121.888195842527708, 13.429960115556277 ], [ 121.88831206378299, 13.430248285381859 ], [ 121.88834253214759, 13.430290943023879 ], [ 121.888417701845654, 13.430337549929298 ], [ 121.888076093871916, 13.428920798629973 ] ] ] } },
{ "type": "Feature", "properties": { "Id": 0, "CLN": "15519", "PSGC": "174001007", "Barangay": "Balimbing", "Land_Class": null, "PIN": "030-01-008-13-025" }, "geometry": { "type": "Polygon", "coordinates": [ [ [ 121.888881641272519, 13.428830253587099 ], [ 121.889234325422706, 13.430407206942233 ], [ 121.889314062832199, 13.430392394788456 ], [ 121.888987406422416, 13.428821835673467 ], [ 121.888920862659972, 13.428826710133382 ], [ 121.888881641272519, 13.428830253587099 ] ] ] } },
{ "type": "Feature", "properties": { "Id": 0, "CLN": "15519", "PSGC": "174001007", "Barangay": "Balimbing", "Land_Class": null, "PIN": "030-01-008-13-024" }, "geometry": { "type": "Polygon", "coordinates": [ [ [ 121.889234325422706, 13.430407206942233 ], [ 121.888881641272519, 13.428830253587099 ], [ 121.88879242162632, 13.428838314106953 ], [ 121.889111169531247, 13.430425996668358 ], [ 121.889154588005368, 13.430422019069992 ], [ 121.889234325422706, 13.430407206942233 ] ] ] } },
{ "type": "Feature", "properties": { "Id": 0, "CLN": "15841", "PSGC": "174001007", "Barangay": "Balimbing", "Land_Class": null, "PIN": "030-01-008-15-042" }, "geometry": { "type": "Polygon", "coordinates": [ [ [ 121.880109402036283, 13.432322248596561 ], [ 121.879802281799499, 13.432674535500206 ], [ 121.879930789269025, 13.432833244147787 ], [ 121.88000163144693, 13.432758803334092 ], [ 121.880202221770261, 13.432575680813807 ], [ 121.880225906920103, 13.432535532976049 ], [ 121.880109402036283, 13.432322248596561 ] ] ] } },
{ "type": "Feature", "properties": { "Id": 0, "CLN": "15841", "PSGC": "174001007", "Barangay": "Balimbing", "Land_Class": null, "PIN": null }, "geometry": { "type": "Polygon", "coordinates": [ [ [ 121.879428803217564, 13.432135207910289 ], [ 121.879276437658021, 13.432054023913516 ], [ 121.879076087492393, 13.432185392757479 ], [ 121.878946232239372, 13.432317075139071 ], [ 121.879124023623277, 13.432476735518911 ], [ 121.879277792008153, 13.432332243902703 ], [ 121.879428803217564, 13.432135207910289 ] ] ] } },
{ "type": "Feature", "properties": { "Id": 0, "CLN": "15841", "PSGC": "174001007", "Barangay": "Balimbing", "Land_Class": null, "PIN": "030-01-008-15-054" }, "geometry": { "type": "Polygon", "coordinates": [ [ [ 121.879420419828023, 13.432591666201331 ], [ 121.879534242371761, 13.432688721778778 ], [ 121.879607423775752, 13.432598042363924 ], [ 121.879489951374296, 13.432503318645626 ], [ 121.879420419828023, 13.432591666201331 ] ] ] } },
{ "type": "Feature", "properties": { "Id": 0, "CLN": "15841", "PSGC": "174001007", "Barangay": "Balimbing", "Land_Class": null, "PIN": "030-01-008-15-053" }, "geometry": { "type": "Polygon", "coordinates": [ [ [ 121.879310668415854, 13.432498081928047 ], [ 121.879200907838666, 13.432404489724551 ], [ 121.879124023623277, 13.432476735518911 ], [ 121.879237352015835, 13.432578506616911 ], [ 121.879310668415854, 13.432498081928047 ] ] ] } },
{ "type": "Feature", "properties": { "Id": 0, "CLN": "15841", "PSGC": "174001007", "Barangay": "Balimbing", "Land_Class": null, "PIN": "030-01-008-15-052" }, "geometry": { "type": "Polygon", "coordinates": [ [ [ 121.879420419828023, 13.432591666201331 ], [ 121.879310668415854, 13.432498081928047 ], [ 121.879237352015835, 13.432578506616911 ], [ 121.879350680504658, 13.43268027767061 ], [ 121.879420419828023, 13.432591666201331 ] ] ] } },
{ "type": "Feature", "properties": { "Id": 0, "CLN": "15834", "PSGC": "174001007", "Barangay": "Balimbing", "Land_Class": null, "PIN": "030-01-008-15-049" }, "geometry": { "type": "Polygon", "coordinates": [ [ [ 121.879586076403143, 13.433434419145115 ], [ 121.879548037678248, 13.433381787674136 ], [ 121.879461881076708, 13.4334331584336 ], [ 121.879508121454094, 13.433489385692296 ], [ 121.879586076403143, 13.433434419145115 ] ] ] } },
{ "type": "Feature", "properties": { "Id": 0, "CLN": "15834", "PSGC": "174001007", "Barangay": "Balimbing", "Land_Class": null, "PIN": "030-01-008-15-048" }, "geometry": { "type": "Polygon", "coordinates": [ [ [ 121.879624517478405, 13.433487607292196 ], [ 121.87954907814597, 13.43353918808087 ], [ 121.879590034854388, 13.433588990463885 ], [ 121.879662958570108, 13.433540795434466 ], [ 121.879624517478405, 13.433487607292196 ] ] ] } },
{ "type": "Feature", "properties": { "Id": 0, "CLN": "15895", "PSGC": "174001007", "Barangay": "Balimbing", "Land_Class": null, "PIN": "030-01-008-09-025" }, "geometry": { "type": "Polygon", "coordinates": [ [ [ 121.878751210285571, 13.435513127129193 ], [ 121.877961701040718, 13.434165771772413 ], [ 121.877417544433214, 13.43460145888041 ], [ 121.877366062382706, 13.434657655620153 ], [ 121.877564436403105, 13.434951812142389 ], [ 121.87800987005464, 13.436076767506325 ], [ 121.878751210285571, 13.435513127129193 ] ] ] } },
{ "type": "Feature", "properties": { "Id": 0, "CLN": "15912", "PSGC": "174001007", "Barangay": "Balimbing", "Land_Class": null, "PIN": "030-01-008-10-056" }, "geometry": { "type": "Polygon", "coordinates": [ [ [ 121.879873450740533, 13.435051307819231 ], [ 121.879840058512698, 13.435017290801953 ], [ 121.879761889424742, 13.434986077932848 ], [ 121.879697388311527, 13.435069224758312 ], [ 121.879766583184363, 13.435148373572833 ], [ 121.879873450740533, 13.435051307819231 ] ] ] } },
{ "type": "Feature", "properties": { "Id": 0, "CLN": "15738", "PSGC": "174001007", "Barangay": "Balimbing", "Land_Class": null, "PIN": "030-01-008-15-060" }, "geometry": { "type": "Polygon", "coordinates": [ [ [ 121.88117000518848, 13.433275779413286 ], [ 121.881014985968335, 13.4331843835676 ], [ 121.880966050287142, 13.433222943028253 ], [ 121.880999607806075, 13.433251211010473 ], [ 121.881105718988522, 13.433372778677535 ], [ 121.88117000518848, 13.433275779413286 ] ] ] } },
{ "type": "Feature", "properties": { "Id": 0, "CLN": "15738", "PSGC": "174001007", "Barangay": "Balimbing", "Land_Class": null, "PIN": "030-01-008-15-065" }, "geometry": { "type": "Polygon", "coordinates": [ [ [ 121.88117000518848, 13.433275779413334 ], [ 121.881276581645977, 13.433114969590722 ], [ 121.881281728587425, 13.43310146201825 ], [ 121.881362114795451, 13.432890497165094 ], [ 121.881363007933288, 13.432888153219503 ], [ 121.88146163596997, 13.432629314061224 ], [ 121.88116834203781, 13.432549198582157 ], [ 121.881113277306909, 13.432700212105759 ], [ 121.880681137492729, 13.432982939463848 ], [ 121.880966050287142, 13.433222943028253 ], [ 121.881014985968307, 13.433184383567632 ], [ 121.88117000518848, 13.433275779413334 ] ] ] } },
{ "type": "Feature", "properties": { "Id": 0, "CLN": "15738", "PSGC": "174001007", "Barangay": "Balimbing", "Land_Class": null, "PIN": "030-01-008-15-068" }, "geometry": { "type": "Polygon", "coordinates": [ [ [ 121.881663860713687, 13.43209859389388 ], [ 121.881556946245141, 13.432089854055965 ], [ 121.881526778246368, 13.432167046444727 ], [ 121.881634503648115, 13.432175638975743 ], [ 121.881663860713687, 13.43209859389388 ] ] ] } },
{ "type": "Feature", "properties": { "Id": 0, "CLN": "15738", "PSGC": "174001007", "Barangay": "Balimbing", "Land_Class": null, "PIN": "030-01-008-15-066" }, "geometry": { "type": "Polygon", "coordinates": [ [ [ 121.881556946245141, 13.432089854055965 ], [ 121.881663860713687, 13.43209859389388 ], [ 121.881693529273264, 13.432020731262904 ], [ 121.881588604735043, 13.432008847807937 ], [ 121.881556946245141, 13.432089854055965 ] ] ] } },
{ "type": "Feature", "properties": { "Id": 0, "CLN": "15642", "PSGC": "174001007", "Barangay": "Balimbing", "Land_Class": null, "PIN": "030-01-008-11-127" }, "geometry": { "type": "Polygon", "coordinates": [ [ [ 121.881493342874478, 13.433305201933221 ], [ 121.881339051800325, 13.433183174174667 ], [ 121.881275847012148, 13.433273463031812 ], [ 121.881419729756118, 13.433393919771301 ], [ 121.881493342874478, 13.433305201933221 ] ] ] } },
{ "type": "Feature", "properties": { "Id": 0, "CLN": "15642", "PSGC": "174001007", "Barangay": "Balimbing", "Land_Class": null, "PIN": "030-01-008-11-124" }, "geometry": { "type": "Polygon", "coordinates": [ [ [ 121.881339051800325, 13.433183174174667 ], [ 121.881493342874478, 13.433305201933221 ], [ 121.881566955937728, 13.433216484068776 ], [ 121.881402256539744, 13.433092885297242 ], [ 121.881339051800325, 13.433183174174667 ] ] ] } },
{ "type": "Feature", "properties": { "Id": 0, "CLN": "16154", "PSGC": "174001007", "Barangay": "Balimbing", "Land_Class": null, "PIN": "030-01-008-11-140" }, "geometry": { "type": "Polygon", "coordinates": [ [ [ 121.88235396755266, 13.43321073910276 ], [ 121.882315647148857, 13.433131279136894 ], [ 121.882236211831469, 13.433192621033344 ], [ 121.882272501783518, 13.433271719622976 ], [ 121.88235396755266, 13.43321073910276 ] ] ] } },
{ "type": "Feature", "properties": { "Id": 0, "CLN": "16154", "PSGC": "174001007", "Barangay": "Balimbing", "Land_Class": null, "PIN": "030-01-008-11-137" }, "geometry": { "type": "Polygon", "coordinates": [ [ [ 121.882264186709136, 13.433024721144818 ], [ 121.882225381039092, 13.432944468326824 ], [ 121.882140292134849, 13.433008486159837 ], [ 121.882178034957292, 13.433090461663891 ], [ 121.882264186709136, 13.433024721144818 ] ] ] } },
{ "type": "Feature", "properties": { "Id": 0, "CLN": "15660", "PSGC": "174001007", "Barangay": "Balimbing", "Land_Class": null, "PIN": "030-01-008-11-136" }, "geometry": { "type": "Polygon", "coordinates": [ [ [ 121.883979716267589, 13.433110786625285 ], [ 121.884148319101257, 13.433452786932145 ], [ 121.884431532435613, 13.433306865679222 ], [ 121.884379797047671, 13.43306080470561 ], [ 121.884244702330349, 13.432976106008336 ], [ 121.883979716267589, 13.433110786625285 ] ] ] } },
{ "type": "Feature", "properties": { "Id": 0, "CLN": "15622", "PSGC": "174001007", "Barangay": "Balimbing", "Land_Class": null, "PIN": "030-01-008-11-115" }, "geometry": { "type": "Polygon", "coordinates": [ [ [ 121.881140049202244, 13.434187147257918 ], [ 121.881091896861477, 13.43422676543112 ], [ 121.881056556614354, 13.434259140274293 ], [ 121.881116072230256, 13.434347154749696 ], [ 121.881172033704445, 13.434304645611039 ], [ 121.881216821425653, 13.434266635522295 ], [ 121.881140049202244, 13.434187147257918 ] ] ] } },
{ "type": "Feature", "properties": { "Id": 0, "CLN": "15622", "PSGC": "174001007", "Barangay": "Balimbing", "Land_Class": null, "PIN": "030-01-008-11-119" }, "geometry": { "type": "Polygon", "coordinates": [ [ [ 121.880990218233705, 13.434029096904192 ], [ 121.880946174237025, 13.434082825867138 ], [ 121.881091896861477, 13.43422676543112 ], [ 121.881140049202244, 13.434187147257918 ], [ 121.881063277029142, 13.434107658973593 ], [ 121.880990218233705, 13.434029096904192 ] ] ] } },
{ "type": "Feature", "properties": { "Id": 0, "CLN": "15622", "PSGC": "174001007", "Barangay": "Balimbing", "Land_Class": null, "PIN": "030-01-008-11-111" }, "geometry": { "type": "Polygon", "coordinates": [ [ [ 121.881017878195166, 13.434153652486904 ], [ 121.880874470320904, 13.434011999229829 ], [ 121.880749885570509, 13.434191377732073 ], [ 121.880846761395844, 13.434308575215805 ], [ 121.881017878195166, 13.434153652486904 ] ] ] } },
{ "type": "Feature", "properties": { "Id": 0, "CLN": "15622", "PSGC": "174001007", "Barangay": "Balimbing", "Land_Class": null, "PIN": "030-01-008-11-112" }, "geometry": { "type": "Polygon", "coordinates": [ [ [ 121.880990218233705, 13.434029096904192 ], [ 121.880917159485463, 13.433950534816868 ], [ 121.880874470320904, 13.434011999229829 ], [ 121.880946174237025, 13.434082825867138 ], [ 121.880990218233705, 13.434029096904192 ] ] ] } },
{ "type": "Feature", "properties": { "Id": 0, "CLN": "15630", "PSGC": "174001007", "Barangay": "Balimbing", "Land_Class": null, "PIN": "030-01-008-11-058" }, "geometry": { "type": "Polygon", "coordinates": [ [ [ 121.88116755023897, 13.433807125472383 ], [ 121.881055864262919, 13.433701882619257 ], [ 121.880999687807119, 13.433790787457179 ], [ 121.881092811176799, 13.4338818516184 ], [ 121.88116755023897, 13.433807125472383 ] ] ] } },
{ "type": "Feature", "properties": { "Id": 0, "CLN": "15630", "PSGC": "174001007", "Barangay": "Balimbing", "Land_Class": null, "PIN": "030-01-008-11-106" }, "geometry": { "type": "Polygon", "coordinates": [ [ [ 121.881394269423154, 13.434020764895369 ], [ 121.881313479991732, 13.434094319369175 ], [ 121.881391510865299, 13.434168611707317 ], [ 121.881498187854646, 13.434118687934889 ], [ 121.881394269423154, 13.434020764895369 ] ] ] } },
{ "type": "Feature", "properties": { "Id": 0, "CLN": "15630", "PSGC": "174001007", "Barangay": "Balimbing", "Land_Class": null, "PIN": "030-01-008-11-105" }, "geometry": { "type": "Polygon", "coordinates": [ [ [ 121.881394269423154, 13.434020764895369 ], [ 121.881284242216609, 13.433917085388618 ], [ 121.881205163439191, 13.43399119225797 ], [ 121.881313479991732, 13.434094319369175 ], [ 121.881394269423154, 13.434020764895369 ] ] ] } },
{ "type": "Feature", "properties": { "Id": 0, "CLN": "15627 pt.", "PSGC": "174001007", "Barangay": "Balimbing", "Land_Class": null, "PIN": "030-01-008-11-107" }, "geometry": { "type": "Polygon", "coordinates": [ [ [ 121.881469569403492, 13.433954307252746 ], [ 121.881394269423154, 13.434020764895369 ], [ 121.881498187854646, 13.434118687934889 ], [ 121.881587636643374, 13.434069959218965 ], [ 121.88151731524222, 13.434002326309631 ], [ 121.881469569403492, 13.433954307252746 ] ] ] } },
{ "type": "Feature", "properties": { "Id": 0, "CLN": "15627 pt.", "PSGC": "174001007", "Barangay": "Balimbing", "Land_Class": null, "PIN": "030-01-008-11-108" }, "geometry": { "type": "Polygon", "coordinates": [ [ [ 121.881351094069657, 13.43384787929023 ], [ 121.881284242216609, 13.433917085388618 ], [ 121.881394269423154, 13.434020764895369 ], [ 121.881469569403492, 13.433954307252746 ], [ 121.881415554974737, 13.433899983702528 ], [ 121.881351094069657, 13.43384787929023 ] ] ] } },
{ "type": "Feature", "properties": { "Id": 0, "CLN": "15627 pt.", "PSGC": "174001007", "Barangay": "Balimbing", "Land_Class": null, "PIN": "030-01-008-11-059" }, "geometry": { "type": "Polygon", "coordinates": [ [ [ 121.881223702410566, 13.433743249638777 ], [ 121.88112670839881, 13.43365671037165 ], [ 121.881055864262919, 13.433701882619257 ], [ 121.88116755023897, 13.433807125472383 ], [ 121.881223702410566, 13.433743249638777 ] ] ] } },
{ "type": "Feature", "properties": { "Id": 0, "CLN": "15613", "PSGC": "174001007", "Barangay": "Balimbing", "Land_Class": null, "PIN": "030-01-008-11-143" }, "geometry": { "type": "Polygon", "coordinates": [ [ [ 121.881857185662454, 13.433812922309688 ], [ 121.881735174959104, 13.433577031415131 ], [ 121.881627113792305, 13.433573417119893 ], [ 121.88182665549563, 13.433834488271689 ], [ 121.881857185662454, 13.433812922309688 ] ] ] } },
{ "type": "Feature", "properties": { "Id": 0, "CLN": "15613", "PSGC": "174001007", "Barangay": "Balimbing", "Land_Class": null, "PIN": "030-01-008-11-144" }, "geometry": { "type": "Polygon", "coordinates": [ [ [ 121.88187872701134, 13.433797705882597 ], [ 121.88177133453398, 13.433578240825188 ], [ 121.881735174959104, 13.433577031415131 ], [ 121.881857185662454, 13.433812922309688 ], [ 121.88187872701134, 13.433797705882597 ] ] ] } },
{ "type": "Feature", "properties": { "Id": 0, "CLN": "15614", "PSGC": "174001007", "Barangay": "Balimbing", "Land_Class": null, "PIN": "030-01-008-11-131" }, "geometry": { "type": "Polygon", "coordinates": [ [ [ 121.882021171293971, 13.43410498816135 ], [ 121.881871021568273, 13.433887450064786 ], [ 121.881755448923101, 13.433957896650597 ], [ 121.881943838409256, 13.434218918225538 ], [ 121.882021171293971, 13.43410498816135 ] ] ] } },
{ "type": "Feature", "properties": { "Id": 0, "CLN": "15556", "PSGC": "174001007", "Barangay": "Balimbing", "Land_Class": null, "PIN": "030-01-008-11-111" }, "geometry": { "type": "Polygon", "coordinates": [ [ [ 121.884329414175895, 13.434264672405201 ], [ 121.884319747424485, 13.434211258204099 ], [ 121.884138355454411, 13.434312345523065 ], [ 121.884184883658875, 13.434433850234603 ], [ 121.884358263054551, 13.434457664958419 ], [ 121.884329414175895, 13.434264672405201 ] ] ] } },
{ "type": "Feature", "properties": { "Id": 0, "CLN": "15563", "PSGC": "174001007", "Barangay": "Balimbing", "Land_Class": null, "PIN": "030-01-008-11-125" }, "geometry": { "type": "Polygon", "coordinates": [ [ [ 121.884138355454411, 13.434312345523065 ], [ 121.884077024388247, 13.43417621939458 ], [ 121.884010845092035, 13.434184113851417 ], [ 121.883962559528243, 13.434275177105308 ], [ 121.884006076487111, 13.434465847767852 ], [ 121.884184883658875, 13.434433850234603 ], [ 121.884138355454411, 13.434312345523065 ] ] ] } },
{ "type": "Feature", "properties": { "Id": 0, "CLN": "15583", "PSGC": "174001007", "Barangay": "Balimbing", "Land_Class": null, "PIN": "030-01-008-11-025" }, "geometry": { "type": "Polygon", "coordinates": [ [ [ 121.882916041726745, 13.43414582895929 ], [ 121.882907997340624, 13.434107861299182 ], [ 121.882878661194809, 13.434020396240777 ], [ 121.882680695418372, 13.43406439865754 ], [ 121.882714459259248, 13.43419305958661 ], [ 121.882916041726745, 13.43414582895929 ] ] ] } },
{ "type": "Feature", "properties": { "Id": 0, "CLN": "15583", "PSGC": "174001007", "Barangay": "Balimbing", "Land_Class": null, "PIN": "030-01-008-11-100" }, "geometry": { "type": "Polygon", "coordinates": [ [ [ 121.882916041726745, 13.43414582895929 ], [ 121.882714459259248, 13.43419305958661 ], [ 121.882748223130932, 13.434321720512692 ], [ 121.882943979560196, 13.434277689057938 ], [ 121.882916041726745, 13.43414582895929 ] ] ] } },
{ "type": "Feature", "properties": { "Id": 0, "CLN": "15583", "PSGC": "174001007", "Barangay": "Balimbing", "Land_Class": null, "PIN": "030-01-008-11-103" }, "geometry": { "type": "Polygon", "coordinates": [ [ [ 121.882966244195757, 13.43450059675537 ], [ 121.882806108455512, 13.434542298593627 ], [ 121.882854221705387, 13.434725638893282 ], [ 121.882978121050485, 13.434664528292737 ], [ 121.882966244195757, 13.43450059675537 ] ] ] } },
{ "type": "Feature", "properties": { "Id": 0, "CLN": "15583", "PSGC": "174001007", "Barangay": "Balimbing", "Land_Class": null, "PIN": "030-01-008-11-102" }, "geometry": { "type": "Polygon", "coordinates": [ [ [ 121.882957738701876, 13.434383198720246 ], [ 121.882777827477469, 13.434434531014345 ], [ 121.882806108455512, 13.434542298593627 ], [ 121.882966244195757, 13.43450059675537 ], [ 121.882957738701876, 13.434383198720246 ] ] ] } },
{ "type": "Feature", "properties": { "Id": 0, "CLN": "15602", "PSGC": "174001007", "Barangay": "Balimbing", "Land_Class": null, "PIN": "030-01-008-11-122" }, "geometry": { "type": "Polygon", "coordinates": [ [ [ 121.882143746594608, 13.434800093023705 ], [ 121.882066068699118, 13.434840367015028 ], [ 121.8821833021657, 13.435022728948445 ], [ 121.882266295760886, 13.434987216554267 ], [ 121.882143746594608, 13.434800093023705 ] ] ] } },
{ "type": "Feature", "properties": { "Id": 0, "CLN": "15602", "PSGC": "174001007", "Barangay": "Balimbing", "Land_Class": null, "PIN": "030-01-008-11-119" }, "geometry": { "type": "Polygon", "coordinates": [ [ [ 121.882066068699118, 13.434840367015028 ], [ 121.881988214636024, 13.434880732305755 ], [ 121.882100308547862, 13.435058241313255 ], [ 121.8821833021657, 13.435022728948445 ], [ 121.882066068699118, 13.434840367015028 ] ] ] } },
{ "type": "Feature", "properties": { "Id": 0, "CLN": "15602", "PSGC": "174001007", "Barangay": "Balimbing", "Land_Class": null, "PIN": "030-01-008-11-123" }, "geometry": { "type": "Polygon", "coordinates": [ [ [ 121.88204162242927, 13.434644156711993 ], [ 121.88196044572905, 13.434676065467396 ], [ 121.882066068699118, 13.434840367015028 ], [ 121.882143746594608, 13.434800093023705 ], [ 121.88204162242927, 13.434644156711993 ] ] ] } },
{ "type": "Feature", "properties": { "Id": 0, "CLN": "15602", "PSGC": "174001007", "Barangay": "Balimbing", "Land_Class": null, "PIN": "030-01-008-11-124" }, "geometry": { "type": "Polygon", "coordinates": [ [ [ 121.88204162242927, 13.434644156711993 ], [ 121.881927854282949, 13.434470440604906 ], [ 121.881841299581211, 13.434490727673852 ], [ 121.88196044572905, 13.434676065467396 ], [ 121.88204162242927, 13.434644156711993 ] ] ] } },
{ "type": "Feature", "properties": { "Id": 0, "CLN": "15602", "PSGC": "174001007", "Barangay": "Balimbing", "Land_Class": null, "PIN": "030-01-008-11-120" }, "geometry": { "type": "Polygon", "coordinates": [ [ [ 121.88196044572905, 13.434676065467396 ], [ 121.881879150441364, 13.434708020801137 ], [ 121.881988214636024, 13.434880732305755 ], [ 121.882066068699118, 13.434840367015028 ], [ 121.88196044572905, 13.434676065467396 ] ] ] } },
{ "type": "Feature", "properties": { "Id": 0, "CLN": "15602", "PSGC": "174001007", "Barangay": "Balimbing", "Land_Class": null, "PIN": "030-01-008-11-116" }, "geometry": { "type": "Polygon", "coordinates": [ [ [ 121.88233214609653, 13.435313449314688 ], [ 121.88215867561135, 13.435033266475838 ], [ 121.882100308547862, 13.435058241313255 ], [ 121.882277010687119, 13.435338061642494 ], [ 121.88233214609653, 13.435313449314688 ] ] ] } },
{ "type": "Feature", "properties": { "Id": 0, "CLN": "15602", "PSGC": "174001007", "Barangay": "Balimbing", "Land_Class": null, "PIN": "030-01-008-11-118" }, "geometry": { "type": "Polygon", "coordinates": [ [ [ 121.882212485690872, 13.435010241521224 ], [ 121.882389329994382, 13.435287922527399 ], [ 121.882446513880907, 13.43526239572609 ], [ 121.882266295760886, 13.434987216554267 ], [ 121.882212485690872, 13.435010241521224 ] ] ] } },
{ "type": "Feature", "properties": { "Id": 0, "CLN": "15602", "PSGC": "174001007", "Barangay": "Balimbing", "Land_Class": null, "PIN": "030-01-008-11-117" }, "geometry": { "type": "Polygon", "coordinates": [ [ [ 121.882389329994382, 13.435287922527399 ], [ 121.882212485690872, 13.435010241521224 ], [ 121.88215867561135, 13.435033266475838 ], [ 121.88233214609653, 13.435313449314688 ], [ 121.882389329994382, 13.435287922527399 ] ] ] } },
{ "type": "Feature", "properties": { "Id": 0, "CLN": "15967", "PSGC": "174001007", "Barangay": "Balimbing", "Land_Class": null, "PIN": "030-01-008-11-032" }, "geometry": { "type": "Polygon", "coordinates": [ [ [ 121.878790443114212, 13.438474157148949 ], [ 121.878499134510889, 13.438223990547103 ], [ 121.878513268443783, 13.438275642080875 ], [ 121.878481869493527, 13.438459384284965 ], [ 121.878710948497783, 13.438654252474684 ], [ 121.878790443114212, 13.438474157148949 ] ] ] } },
{ "type": "Feature", "properties": { "Id": 0, "CLN": "15164", "PSGC": "174001007", "Barangay": "Balimbing", "Land_Class": null, "PIN": "030-01-008-07-040" }, "geometry": { "type": "Polygon", "coordinates": [ [ [ 121.878245081234425, 13.436942949296911 ], [ 121.878121034242639, 13.43676062980744 ], [ 121.878063408839722, 13.436788512327221 ], [ 121.878147621655216, 13.437005150569417 ], [ 121.878245081234425, 13.436942949296911 ] ] ] } },
{ "type": "Feature", "properties": { "Id": 0, "CLN": "15947", "PSGC": "174001007", "Barangay": "Balimbing", "Land_Class": null, "PIN": "030-01-008-07-056" }, "geometry": { "type": "Polygon", "coordinates": [ [ [ 121.8790137499183, 13.436480247766017 ], [ 121.878914476552566, 13.43628187070545 ], [ 121.878787231959905, 13.436372773905871 ], [ 121.878891795997745, 13.436554581139021 ], [ 121.8790137499183, 13.436480247766017 ] ] ] } },
{ "type": "Feature", "properties": { "Id": 0, "CLN": "15946", "PSGC": "174001007", "Barangay": "Balimbing", "Land_Class": null, "PIN": "030-01-008-07-059" }, "geometry": { "type": "Polygon", "coordinates": [ [ [ 121.878787760252536, 13.436069497825256 ], [ 121.878914476552538, 13.43628187070545 ], [ 121.879030799836059, 13.436198769537551 ], [ 121.878961124367592, 13.436070269549852 ], [ 121.878920346470068, 13.435996368721401 ], [ 121.878787760252536, 13.436069497825256 ] ] ] } },
{ "type": "Feature", "properties": { "Id": 0, "CLN": "15925", "PSGC": "174001007", "Barangay": "Balimbing", "Land_Class": null, "PIN": "030-01-008-07-053" }, "geometry": { "type": "Polygon", "coordinates": [ [ [ 121.87961397177726, 13.436025488031587 ], [ 121.879565747673098, 13.43593960505725 ], [ 121.879501558216546, 13.435974118887787 ], [ 121.879548875579019, 13.436062224005649 ], [ 121.87961397177726, 13.436025488031587 ] ] ] } },
{ "type": "Feature", "properties": { "Id": 0, "CLN": "15925", "PSGC": "174001007", "Barangay": "Balimbing", "Land_Class": null, "PIN": "030-01-008-07-052" }, "geometry": { "type": "Polygon", "coordinates": [ [ [ 121.87961397177726, 13.436025488031587 ], [ 121.879548875579019, 13.436062224005649 ], [ 121.879599740131482, 13.436156933930082 ], [ 121.879672360482061, 13.436122666204671 ], [ 121.879643487106037, 13.436074138693547 ], [ 121.87961397177726, 13.436025488031587 ] ] ] } },
{ "type": "Feature", "properties": { "Id": 0, "CLN": "15925", "PSGC": "174001007", "Barangay": "Balimbing", "Land_Class": null, "PIN": "030-01-008-07-049" }, "geometry": { "type": "Polygon", "coordinates": [ [ [ 121.879548875579019, 13.436062224005649 ], [ 121.879501558216546, 13.435974118887787 ], [ 121.879430547154399, 13.436012300574479 ], [ 121.87947883344107, 13.436101751107165 ], [ 121.879548875579019, 13.436062224005649 ] ] ] } },
{ "type": "Feature", "properties": { "Id": 0, "CLN": "15925", "PSGC": "174001007", "Barangay": "Balimbing", "Land_Class": null, "PIN": "030-01-008-07-048" }, "geometry": { "type": "Polygon", "coordinates": [ [ [ 121.879548875579019, 13.436062224005649 ], [ 121.87947883344107, 13.436101751107165 ], [ 121.87952711976159, 13.436191201632823 ], [ 121.879599740131482, 13.436156933930082 ], [ 121.879548875579019, 13.436062224005649 ] ] ] } },
{ "type": "Feature", "properties": { "Id": 0, "CLN": "15925", "PSGC": "174001007", "Barangay": "Balimbing", "Land_Class": null, "PIN": "030-01-008-07-055" }, "geometry": { "type": "Polygon", "coordinates": [ [ [ 121.879524310214748, 13.435865808462157 ], [ 121.879482872780372, 13.435792011861793 ], [ 121.879426606037597, 13.435811169271537 ], [ 121.879415479350072, 13.435813839521392 ], [ 121.879457745034216, 13.435892538507103 ], [ 121.879524310214748, 13.435865808462157 ] ] ] } },
{ "type": "Feature", "properties": { "Id": 0, "CLN": "15925", "PSGC": "174001007", "Barangay": "Balimbing", "Land_Class": null, "PIN": "030-01-008-07-054" }, "geometry": { "type": "Polygon", "coordinates": [ [ [ 121.879524310214748, 13.435865808462157 ], [ 121.879457745034216, 13.435892538507103 ], [ 121.879501558216546, 13.435974118887787 ], [ 121.879565747673098, 13.43593960505725 ], [ 121.879524310214748, 13.435865808462157 ] ] ] } },
{ "type": "Feature", "properties": { "Id": 0, "CLN": "15925", "PSGC": "174001007", "Barangay": "Balimbing", "Land_Class": null, "PIN": "030-01-008-07-051" }, "geometry": { "type": "Polygon", "coordinates": [ [ [ 121.879457745034216, 13.435892538507103 ], [ 121.879415479350072, 13.435813839521392 ], [ 121.879333974682567, 13.43583339948783 ], [ 121.879382260901536, 13.435922850034682 ], [ 121.879457745034216, 13.435892538507103 ] ] ] } },
{ "type": "Feature", "properties": { "Id": 0, "CLN": "15925", "PSGC": "174001007", "Barangay": "Balimbing", "Land_Class": null, "PIN": "030-01-008-07-050" }, "geometry": { "type": "Polygon", "coordinates": [ [ [ 121.879457745034216, 13.435892538507103 ], [ 121.879382260901536, 13.435922850034682 ], [ 121.879430547154399, 13.436012300574479 ], [ 121.879501558216546, 13.435974118887787 ], [ 121.879457745034216, 13.435892538507103 ] ] ] } },
{ "type": "Feature", "properties": { "Id": 0, "CLN": "16026", "PSGC": "174001007", "Barangay": "Balimbing", "Land_Class": null, "PIN": "030-01-008-08-041" }, "geometry": { "type": "Polygon", "coordinates": [ [ [ 121.875674691724001, 13.437633506128751 ], [ 121.875864866496485, 13.438010085346288 ], [ 121.875917121045262, 13.437965922329655 ], [ 121.875785348580422, 13.437615566661885 ], [ 121.875745101444735, 13.437561755981219 ], [ 121.875674691724001, 13.437633506128751 ] ] ] } },
{ "type": "Feature", "properties": { "Id": 0, "CLN": "15385", "PSGC": "174001007", "Barangay": "Balimbing", "Land_Class": null, "PIN": "030-01-008-02-094" }, "geometry": { "type": "Polygon", "coordinates": [ [ [ 121.876773747517916, 13.440415237463499 ], [ 121.876697201672371, 13.440487465427823 ], [ 121.876799725327089, 13.440774967862065 ], [ 121.876935975207147, 13.440897730557161 ], [ 121.877394419462718, 13.440578296079639 ], [ 121.87741575263243, 13.440303574284487 ], [ 121.877403531462576, 13.440236729754115 ], [ 121.877368657300892, 13.440180295831725 ], [ 121.877388040672301, 13.440133483563212 ], [ 121.877254466907019, 13.440007824797744 ], [ 121.877077898970015, 13.440197758732481 ], [ 121.876986026582486, 13.440117292859824 ], [ 121.876882878893227, 13.440234407841114 ], [ 121.876773747517916, 13.440415237463499 ] ] ] } },
{ "type": "Feature", "properties": { "Id": 0, "CLN": "15385", "PSGC": "174001007", "Barangay": "Balimbing", "Land_Class": null, "PIN": "030-01-008-02-095" }, "geometry": { "type": "Polygon", "coordinates": [ [ [ 121.876799725327089, 13.440774967862065 ], [ 121.876386135094279, 13.441119460252811 ], [ 121.876054966805114, 13.441466435456988 ], [ 121.87618291914373, 13.441510812215348 ], [ 121.876233366709144, 13.441598648541403 ], [ 121.876418509497384, 13.44159350139936 ], [ 121.876828027649552, 13.441651528824018 ], [ 121.877009886088999, 13.441646778121882 ], [ 121.877140526450773, 13.441658484746455 ], [ 121.877181563645379, 13.441674992657935 ], [ 121.877186405242284, 13.441294872354099 ], [ 121.876935975207147, 13.440897730557161 ], [ 121.876799725327089, 13.440774967862065 ] ] ] } },
{ "type": "Feature", "properties": { "Id": 0, "CLN": "15385", "PSGC": "174001007", "Barangay": "Balimbing", "Land_Class": null, "PIN": "030-01-008-02-090" }, "geometry": { "type": "Polygon", "coordinates": [ [ [ 121.876624957808531, 13.440059732090267 ], [ 121.87655228511332, 13.439889009299906 ], [ 121.876594013322119, 13.439845423378623 ], [ 121.876556032588894, 13.439770216026899 ], [ 121.876463313980167, 13.439788561789181 ], [ 121.876405673102354, 13.439819570364806 ], [ 121.876098570970569, 13.439925429834039 ], [ 121.875962589931376, 13.439966794908884 ], [ 121.876365861007045, 13.440231311283117 ], [ 121.876624957808531, 13.440059732090267 ] ] ] } },
{ "type": "Feature", "properties": { "Id": 0, "CLN": "15385", "PSGC": "174001007", "Barangay": "Balimbing", "Land_Class": null, "PIN": "030-01-008-02-077" }, "geometry": { "type": "Polygon", "coordinates": [ [ [ 121.87617565827135, 13.440449490262989 ], [ 121.876160175668147, 13.440716236919203 ], [ 121.876366432819708, 13.440981982112184 ], [ 121.876386135094279, 13.441119460252811 ], [ 121.876799725327089, 13.440774967862065 ], [ 121.876697201672371, 13.440487465427823 ], [ 121.876773747517916, 13.440415237463499 ], [ 121.876725952006836, 13.440329522189259 ], [ 121.876697630598443, 13.440230454865464 ], [ 121.876624957808531, 13.440059732090267 ], [ 121.876365861007045, 13.440231311283117 ], [ 121.876388079748935, 13.440265260202207 ], [ 121.87617565827135, 13.440449490262989 ] ] ] } },
{ "type": "Feature", "properties": { "Id": 0, "CLN": "15385", "PSGC": "174001007", "Barangay": "Balimbing", "Land_Class": null, "PIN": "030-01-008-02-078" }, "geometry": { "type": "Polygon", "coordinates": [ [ [ 121.875210575367575, 13.439800211876067 ], [ 121.875491298355684, 13.440143292887392 ], [ 121.875759798529444, 13.440031179428525 ], [ 121.875812250441356, 13.440022086493785 ], [ 121.875547193698779, 13.439645485963718 ], [ 121.875210575367575, 13.439800211876067 ] ] ] } },
{ "type": "Feature", "properties": { "Id": 0, "CLN": "15385", "PSGC": "174001007", "Barangay": "Balimbing", "Land_Class": null, "PIN": "030-01-008-02-080" }, "geometry": { "type": "Polygon", "coordinates": [ [ [ 121.875491298355684, 13.440143292887392 ], [ 121.875210575367575, 13.439800211876067 ], [ 121.874725836002668, 13.440045214861003 ], [ 121.874782704298212, 13.440110758896804 ], [ 121.874909351405648, 13.440226798255889 ], [ 121.87497001577988, 13.440304724634601 ], [ 121.874975867709054, 13.440358512149212 ], [ 121.875491298355684, 13.440143292887392 ] ] ] } },
{ "type": "Feature", "properties": { "Id": 0, "CLN": "16118", "PSGC": "174001007", "Barangay": "Balimbing", "Land_Class": null, "PIN": "030-01-008-01-054" }, "geometry": { "type": "Polygon", "coordinates": [ [ [ 121.872829244827841, 13.439589550310172 ], [ 121.872901646452192, 13.439852584082292 ], [ 121.872997553474448, 13.439845404532511 ], [ 121.872955964815958, 13.439568902392153 ], [ 121.872829244827841, 13.439589550310172 ] ] ] } },
{ "type": "Feature", "properties": { "Id": 0, "CLN": "16072", "PSGC": "174001007", "Barangay": null, "Land_Class": null, "PIN": "030-01-008-01-051" }, "geometry": { "type": "Polygon", "coordinates": [ [ [ 121.872745228624851, 13.439458264331307 ], [ 121.872561776896333, 13.438954968624103 ], [ 121.872528546152893, 13.438961666054938 ], [ 121.872487885322244, 13.438970838726329 ], [ 121.872582724541886, 13.439489759707422 ], [ 121.872745228624851, 13.439458264331307 ] ] ] } },
{ "type": "Feature", "properties": { "Id": 0, "CLN": "15396", "PSGC": "174001007", "Barangay": null, "Land_Class": null, "PIN": "030-01-008-02-083" }, "geometry": { "type": "Polygon", "coordinates": [ [ [ 121.876252122066802, 13.439872500149017 ], [ 121.876010002878942, 13.439505313597671 ], [ 121.875917064598809, 13.439511894061431 ], [ 121.87578347683916, 13.439550937957506 ], [ 121.876098570970569, 13.439925429834039 ], [ 121.876252122066802, 13.439872500149017 ] ] ] } },
{ "type": "Feature", "properties": { "Id": 0, "CLN": "15399", "PSGC": "174001007", "Barangay": null, "Land_Class": null, "PIN": "030-01-008-02-080" }, "geometry": { "type": "Polygon", "coordinates": [ [ [ 121.8771375118544, 13.439056823114498 ], [ 121.876570245820218, 13.439318257840263 ], [ 121.876748760706434, 13.439539709022938 ], [ 121.876886459696138, 13.439465285356659 ], [ 121.876985988587549, 13.43935629900087 ], [ 121.8771375118544, 13.439056823114498 ] ] ] } },
{ "type": "Feature", "properties": { "Id": 0, "CLN": "15399", "PSGC": "174001007", "Barangay": null, "Land_Class": null, "PIN": "030-01-008-02-079" }, "geometry": { "type": "Polygon", "coordinates": [ [ [ 121.876926820589148, 13.439153924185716 ], [ 121.876787398565938, 13.438925091505208 ], [ 121.876462930107962, 13.439185130373094 ], [ 121.876570245820218, 13.439318257840263 ], [ 121.876926820589148, 13.439153924185716 ] ] ] } },
{ "type": "Feature", "properties": { "Id": 0, "CLN": "15399", "PSGC": "174001007", "Barangay": null, "Land_Class": null, "PIN": "030-01-008-02-081" }, "geometry": { "type": "Polygon", "coordinates": [ [ [ 121.877251989439699, 13.438867198451 ], [ 121.876875662189889, 13.439069958212144 ], [ 121.876926820589148, 13.439153924185716 ], [ 121.8771375118544, 13.439056823114498 ], [ 121.877323195767744, 13.438966980251283 ], [ 121.877251989439699, 13.438867198451 ] ] ] } },
{ "type": "Feature", "properties": { "Id": 0, "CLN": "15399", "PSGC": "174001007", "Barangay": null, "Land_Class": null, "PIN": "030-01-008-02-082" }, "geometry": { "type": "Polygon", "coordinates": [ [ [ 121.877181318054241, 13.438722819074464 ], [ 121.876831773156425, 13.438764728493837 ], [ 121.876867332759531, 13.438861029658785 ], [ 121.876787398565938, 13.438925091505208 ], [ 121.876875662189889, 13.439069958212144 ], [ 121.877251989439699, 13.438867198451 ], [ 121.877149790567685, 13.438863616169545 ], [ 121.877140309921231, 13.438841687836511 ], [ 121.877226712543717, 13.438807680732371 ], [ 121.877181318054241, 13.438722819074464 ] ] ] } },
{ "type": "Feature", "properties": { "Id": 0, "CLN": "15399", "PSGC": "174001007", "Barangay": null, "Land_Class": null, "PIN": "030-01-008-02-044" }, "geometry": { "type": "Polygon", "coordinates": [ [ [ 121.876362614872505, 13.43851292114584 ], [ 121.876715455521378, 13.438982748933059 ], [ 121.876867332759531, 13.438861029658785 ], [ 121.87672674200688, 13.438480286702459 ], [ 121.876490330213343, 13.438488611757895 ], [ 121.876419701562213, 13.438505285036698 ], [ 121.876362614872505, 13.43851292114584 ] ] ] } },
{ "type": "Feature", "properties": { "Id": 0, "CLN": "15399", "PSGC": "174001007", "Barangay": null, "Land_Class": null, "PIN": "030-01-008-02-078" }, "geometry": { "type": "Polygon", "coordinates": [ [ [ 121.876715455521378, 13.438982748933059 ], [ 121.876362614872505, 13.43851292114584 ], [ 121.876158204191668, 13.438540263699997 ], [ 121.876165819175142, 13.438734927789111 ], [ 121.876301517355188, 13.438874554885844 ], [ 121.876419771035927, 13.439100297416243 ], [ 121.876462930107962, 13.439185130373094 ], [ 121.876715455521378, 13.438982748933059 ] ] ] } },
{ "type": "Feature", "properties": { "Id": 0, "CLN": "16005", "PSGC": "174001007", "Barangay": null, "Land_Class": null, "PIN": "030-01-008-08-045" }, "geometry": { "type": "Polygon", "coordinates": [ [ [ 121.876333456900497, 13.436909614661031 ], [ 121.876277161898358, 13.436787668405131 ], [ 121.876122562338722, 13.436834565031837 ], [ 121.876206374514595, 13.436974113664581 ], [ 121.876333456900497, 13.436909614661031 ] ] ] } },
{ "type": "Feature", "properties": { "Id": 0, "CLN": "16005", "PSGC": "174001007", "Barangay": null, "Land_Class": null, "PIN": "030-01-008-08-046" }, "geometry": { "type": "Polygon", "coordinates": [ [ [ 121.876277161898358, 13.436787668405131 ], [ 121.876333456900497, 13.436909614661031 ], [ 121.876530089647972, 13.436809816079009 ], [ 121.876504915012774, 13.436728412707703 ], [ 121.876472973608827, 13.436728270212528 ], [ 121.876277161898358, 13.436787668405131 ] ] ] } },
{ "type": "Feature", "properties": { "Id": 0, "CLN": "16005", "PSGC": "174001007", "Barangay": null, "Land_Class": null, "PIN": "030-01-008-08-046" }, "geometry": { "type": "Polygon", "coordinates": [ [ [ 121.875936770760958, 13.437094975301001 ], [ 121.875864400589236, 13.436956017708164 ], [ 121.875783441556351, 13.437002299235884 ], [ 121.875856691405644, 13.437130874281547 ], [ 121.875936770760958, 13.437094975301001 ] ] ] } },
{ "type": "Feature", "properties": { "Id": 0, "CLN": "16005", "PSGC": "174001007", "Barangay": null, "Land_Class": null, "PIN": "030-01-008-08-045" }, "geometry": { "type": "Polygon", "coordinates": [ [ [ 121.875864400589236, 13.436956017708164 ], [ 121.875936770760958, 13.437094975301001 ], [ 121.876016850094018, 13.437059076293007 ], [ 121.875939833735259, 13.436914244963178 ], [ 121.875929145120708, 13.436919005427058 ], [ 121.875864400589236, 13.436956017708164 ] ] ] } },
{ "type": "Feature", "properties": { "Id": 0, "CLN": "15542", "PSGC": "174001007", "Barangay": null, "Land_Class": null, "PIN": "030-01-008-12-048" }, "geometry": { "type": "Polygon", "coordinates": [ [ [ 121.885240823036753, 13.433084321394801 ], [ 121.885109922786768, 13.433193569153824 ], [ 121.885765968176116, 13.433653790323154 ], [ 121.885895773095925, 13.433524377688615 ], [ 121.885490536959637, 13.433276149814683 ], [ 121.885517078769979, 13.433247543959601 ], [ 121.88526829551563, 13.433108571411646 ], [ 121.885240823036753, 13.433084321394801 ] ] ] } },
{ "type": "Feature", "properties": { "Id": 0, "CLN": "1388...", "PSGC": "174001007", "Barangay": null, "Land_Class": null, "PIN": "030-01-008-02-082" }, "geometry": { "type": "Polygon", "coordinates": [ [ [ 121.876263304188384, 13.44084910953306 ], [ 121.875879562766286, 13.441346182608557 ], [ 121.876054966805114, 13.441466435456988 ], [ 121.876386135094279, 13.441119460252811 ], [ 121.876366432819708, 13.440981982112184 ], [ 121.876263304188384, 13.44084910953306 ] ] ] } },
{ "type": "Feature", "properties": { "Id": 0, "CLN": "16099", "PSGC": "174001007", "Barangay": null, "Land_Class": null, "PIN": "030-01-008-02-097" }, "geometry": { "type": "Polygon", "coordinates": [ [ [ 121.874362443622317, 13.44059670097937 ], [ 121.874273337481583, 13.440510682655402 ], [ 121.874157591405336, 13.440466359569244 ], [ 121.874037228590851, 13.440539494293562 ], [ 121.874093842882672, 13.440613420431902 ], [ 121.874010597847544, 13.44057919842006 ], [ 121.873959649397236, 13.440598882175376 ], [ 121.874161984132868, 13.440832752869028 ], [ 121.874362443622317, 13.44059670097937 ] ] ] } },
{ "type": "Feature", "properties": { "Id": 0, "CLN": "16119", "PSGC": "174001007", "Barangay": null, "Land_Class": null, "PIN": "030-01-008-01-050" }, "geometry": { "type": "Polygon", "coordinates": [ [ [ 121.873006616461097, 13.440031311770346 ], [ 121.872997553474448, 13.439845404532511 ], [ 121.872733031447225, 13.439865206423558 ], [ 121.872666843729846, 13.439882398442482 ], [ 121.872690005837001, 13.440059932934737 ], [ 121.873006616461097, 13.440031311770346 ] ] ] } },
{ "type": "Feature", "properties": { "Id": 0, "CLN": "16119", "PSGC": "174001007", "Barangay": null, "Land_Class": null, "PIN": "030-01-008-01-048" }, "geometry": { "type": "Polygon", "coordinates": [ [ [ 121.873012922650901, 13.440160669357107 ], [ 121.872737111223088, 13.440203644542613 ], [ 121.872750972736071, 13.440233073589594 ], [ 121.872754799253286, 13.440284860890991 ], [ 121.87279704329444, 13.440386599196914 ], [ 121.873019228841827, 13.440290026942954 ], [ 121.873012922650901, 13.440160669357107 ] ] ] } },
{ "type": "Feature", "properties": { "Id": 0, "CLN": "15871", "PSGC": "174001007", "Barangay": null, "Land_Class": null, "PIN": "030-01-008-09-028" }, "geometry": { "type": "Polygon", "coordinates": [ [ [ 121.87552319244412, 13.433569978089929 ], [ 121.875269856388186, 13.433326038503397 ], [ 121.874856209520686, 13.433566999789754 ], [ 121.875096811853709, 13.433868516523393 ], [ 121.87552319244412, 13.433569978089929 ] ] ] } },
{ "type": "Feature", "properties": { "Id": 0, "CLN": "15377", "PSGC": "174001007", "Barangay": null, "Land_Class": null, "PIN": "030-01-008-03-011" }, "geometry": { "type": "Polygon", "coordinates": [ [ [ 121.881005426704746, 13.443736087418962 ], [ 121.880781496887707, 13.443111320605361 ], [ 121.880530909021417, 13.443314363975784 ], [ 121.88080742902514, 13.443971566109672 ], [ 121.880923748020194, 13.443793099732401 ], [ 121.881005426704746, 13.443736087418962 ] ] ] } },
{ "type": "Feature", "properties": { "Id": 0, "CLN": "16051", "PSGC": "174001007", "Barangay": null, "Land_Class": null, "PIN": "030-01-008-08-044" }, "geometry": { "type": "Polygon", "coordinates": [ [ [ 121.873903153348166, 13.436986757290452 ], [ 121.874060778915251, 13.437414228471226 ], [ 121.874255440973357, 13.437332573322355 ], [ 121.874924823841624, 13.438476008960061 ], [ 121.874961518763101, 13.438446822096072 ], [ 121.875004505409322, 13.438412630825006 ], [ 121.875072328483668, 13.438283935887601 ], [ 121.875274421168044, 13.437858122418501 ], [ 121.87513477483246, 13.437663960736812 ], [ 121.874883927556482, 13.437306077438965 ], [ 121.874734883638254, 13.437083892202535 ], [ 121.874515190861942, 13.437197167792046 ], [ 121.874316970092551, 13.437303543807529 ], [ 121.874180697071495, 13.436897204600124 ], [ 121.873903153348166, 13.436986757290452 ] ] ] } },
{ "type": "Feature", "properties": { "Id": 0, "CLN": "15841", "PSGC": "174001007", "Barangay": "Balimbing", "Land_Class": null, "PIN": "030-01-008-08-051" }, "geometry": { "type": "Polygon", "coordinates": [ [ [ 121.879534242371761, 13.432688721778778 ], [ 121.879420419828023, 13.432591666201331 ], [ 121.879350680504658, 13.43268027767061 ], [ 121.879461060911751, 13.432779401167359 ], [ 121.879534242371761, 13.432688721778778 ] ] ] } },
{ "type": "Feature", "properties": { "Id": 0, "CLN": "15841", "PSGC": "174001007", "Barangay": "Balimbing", "Land_Class": null, "PIN": "030-01-008-15-056" }, "geometry": { "type": "Polygon", "coordinates": [ [ [ 121.879200907838666, 13.432404489724551 ], [ 121.879310668415854, 13.432498081928047 ], [ 121.879383871653076, 13.432417781293852 ], [ 121.879277792008153, 13.432332243902703 ], [ 121.879200907838666, 13.432404489724551 ] ] ] } },
{ "type": "Feature", "properties": { "Id": 0, "CLN": "15841", "PSGC": "174001007", "Barangay": "Balimbing", "Land_Class": null, "PIN": "030-01-008-15-055" }, "geometry": { "type": "Polygon", "coordinates": [ [ [ 121.879310668415854, 13.432498081928047 ], [ 121.879420419828023, 13.432591666201331 ], [ 121.879489951374296, 13.432503318645626 ], [ 121.879383871653076, 13.432417781293852 ], [ 121.879310668415854, 13.432498081928047 ] ] ] } },
{ "type": "Feature", "properties": { "Id": 0, "CLN": "15887", "PSGC": "174001007", "Barangay": null, "Land_Class": null, "PIN": "030-01-008-09-031" }, "geometry": { "type": "Polygon", "coordinates": [ [ [ 121.874353887323196, 13.435086936432144 ], [ 121.873856792443348, 13.434284750200744 ], [ 121.873820334296624, 13.435179430952667 ], [ 121.874353887323196, 13.435086936432144 ] ] ] } }
]
}
