{
"type": "FeatureCollection",
"name": "Tagwak",
"crs": { "type": "name", "properties": { "name": "urn:ogc:def:crs:OGC:1.3:CRS84" } },
"features": [
{ "type": "Feature", "properties": { "Id": 0, "CLN": "15263", "PSGC": "174001054", "Barangay": "Tagwak", "Land_Class": null, "PIN": "030-01-050-01-042", "ALN": "042", "Section": "01", "Brgy_Code": "050" }, "geometry": { "type": "Polygon", "coordinates": [ [ [ 121.875296819824968, 13.44497415257033 ], [ 121.875418417147358, 13.444554885760928 ], [ 121.875663715876726, 13.444717277070714 ], [ 121.875673270650537, 13.444604633864589 ], [ 121.875689247202743, 13.444567143265816 ], [ 121.87575490596852, 13.44452545551931 ], [ 121.875764203170164, 13.444468049335834 ], [ 121.875622982666428, 13.444303466470524 ], [ 121.875460834873508, 13.444350127748763 ], [ 121.875300417339702, 13.444383724751534 ], [ 121.875285553231649, 13.444349344604959 ], [ 121.875200165670648, 13.444401453207314 ], [ 121.875330648565978, 13.444497045912058 ], [ 121.875148216069761, 13.444891736013007 ], [ 121.875296819824968, 13.44497415257033 ] ] ] } },
{ "type": "Feature", "properties": { "Id": 0, "CLN": "15265 pt", "PSGC": "174001054", "Barangay": "Tagwak", "Land_Class": null, "PIN": "030-01-050-01-074", "ALN": "074", "Section": "01", "Brgy_Code": "050" }, "geometry": { "type": "Polygon", "coordinates": [ [ [ 121.875116644101993, 13.44488496633635 ], [ 121.874957062976208, 13.444736214815185 ], [ 121.874737739410449, 13.444812567839669 ], [ 121.874654073176117, 13.444843127159121 ], [ 121.8746355091358, 13.444951310955085 ], [ 121.874691282973259, 13.445092970008139 ], [ 121.874919801153894, 13.444981305719541 ], [ 121.875116644101993, 13.44488496633635 ] ] ] } },
{ "type": "Feature", "properties": { "Id": 0, "CLN": "15249", "PSGC": "174001054", "Barangay": "Tagwak", "Land_Class": null, "PIN": "030-01-050-01-031", "ALN": "031", "Section": "01", "Brgy_Code": "050" }, "geometry": { "type": "Polygon", "coordinates": [ [ [ 121.875148216069732, 13.444891736013005 ], [ 121.875116644101993, 13.44488496633635 ], [ 121.874919801153894, 13.444981305719541 ], [ 121.875018464842412, 13.445123156424781 ], [ 121.875296819824968, 13.444974152570312 ], [ 121.875148216069732, 13.444891736013005 ] ] ] } },
{ "type": "Feature", "properties": { "Id": 0, "CLN": "15266", "PSGC": "174001054", "Barangay": "Tagwak", "Land_Class": null, "PIN": "030-01-050-01-033", "ALN": "033", "Section": "01", "Brgy_Code": "050" }, "geometry": { "type": "Polygon", "coordinates": [ [ [ 121.875200165670648, 13.444401453207314 ], [ 121.875015560824238, 13.44425336681525 ], [ 121.874809645076439, 13.444399707816117 ], [ 121.874639674048211, 13.444542567181822 ], [ 121.874737739410449, 13.444812567839669 ], [ 121.874957062976208, 13.444736214815185 ], [ 121.875200165670648, 13.444401453207314 ] ] ] } },
{ "type": "Feature", "properties": { "Id": 0, "CLN": "15248", "PSGC": "174001054", "Barangay": "Tagwak", "Land_Class": null, "PIN": "030-01-050-01-030", "ALN": "030", "Section": "01", "Brgy_Code": "050" }, "geometry": { "type": "Polygon", "coordinates": [ [ [ 121.874691282973245, 13.445092970008126 ], [ 121.874843545667829, 13.445358793888465 ], [ 121.875302035762644, 13.445307814430391 ], [ 121.875340905413282, 13.445201930827375 ], [ 121.875476336247019, 13.44520474546443 ], [ 121.875350460374747, 13.445089287651127 ], [ 121.87537583738316, 13.44497229611402 ], [ 121.875296819824968, 13.444974152570312 ], [ 121.875018464842412, 13.445123156424781 ], [ 121.874919801153894, 13.444981305719541 ], [ 121.874691282973245, 13.445092970008126 ] ] ] } },
{ "type": "Feature", "properties": { "Id": 0, "CLN": "15250", "PSGC": "174001054", "Barangay": "Tagwak", "Land_Class": null, "PIN": "030-01-050-01-043", "ALN": "043", "Section": "01", "Brgy_Code": "050" }, "geometry": { "type": "Polygon", "coordinates": [ [ [ 121.875296819824968, 13.444974152570312 ], [ 121.87537583738316, 13.44497229611402 ], [ 121.875350460374747, 13.445089287651127 ], [ 121.875476336247019, 13.44520474546443 ], [ 121.875684620484037, 13.445075313845262 ], [ 121.875714934390018, 13.444867753700512 ], [ 121.875755546077485, 13.444872354152569 ], [ 121.875761111466588, 13.44464700723441 ], [ 121.875673270650537, 13.444604633864589 ], [ 121.875663715876726, 13.44471727707068 ], [ 121.875418417147358, 13.444554885760894 ], [ 121.875296819824968, 13.444974152570312 ] ] ] } },
{ "type": "Feature", "properties": { "Id": 0, "CLN": "15251", "PSGC": "174001054", "Barangay": "Tagwak", "Land_Class": null, "PIN": "030-01-050-01-050", "ALN": "050", "Section": "01", "Brgy_Code": "050" }, "geometry": { "type": "Polygon", "coordinates": [ [ [ 121.875761111466588, 13.44464700723441 ], [ 121.875755546077485, 13.444872354152569 ], [ 121.875714934390018, 13.444867753700512 ], [ 121.875684620484037, 13.445075313845262 ], [ 121.875713760019721, 13.445119634549636 ], [ 121.875697206525231, 13.445280856086303 ], [ 121.875774028645125, 13.445265732542502 ], [ 121.875891831624983, 13.444691781604154 ], [ 121.875761111466588, 13.44464700723441 ] ] ] } },
{ "type": "Feature", "properties": { "Id": 0, "CLN": "15252", "PSGC": "174001054", "Barangay": "Tagwak", "Land_Class": null, "PIN": "030-01-050-01-049", "ALN": "049", "Section": "01", "Brgy_Code": "050" }, "geometry": { "type": "Polygon", "coordinates": [ [ [ 121.875891831624983, 13.444691781604154 ], [ 121.875774028645125, 13.445265732542502 ], [ 121.875918705248324, 13.445222188169309 ], [ 121.876018275949619, 13.445169604178437 ], [ 121.876071698599489, 13.444847251738658 ], [ 121.875984156316449, 13.444740803507955 ], [ 121.876006915175509, 13.444701133646047 ], [ 121.875891831624983, 13.444691781604154 ] ] ] } },
{ "type": "Feature", "properties": { "Id": 0, "CLN": "15245", "PSGC": "174001054", "Barangay": "Tagwak", "Land_Class": null, "PIN": "030-01-050-01-044", "ALN": "044", "Section": "01", "Brgy_Code": "050" }, "geometry": { "type": "Polygon", "coordinates": [ [ [ 121.875918705248324, 13.445222188169309 ], [ 121.875774028645125, 13.445265732542502 ], [ 121.875697206525231, 13.445280856086303 ], [ 121.875713760019721, 13.445119634549636 ], [ 121.875684620484037, 13.445075313845262 ], [ 121.875476336247019, 13.44520474546443 ], [ 121.875518401660514, 13.445381695556653 ], [ 121.875687507480833, 13.445424432020749 ], [ 121.875918705248324, 13.445222188169309 ] ] ] } },
{ "type": "Feature", "properties": { "Id": 0, "CLN": "15253", "PSGC": "174001054", "Barangay": "Tagwak", "Land_Class": null, "PIN": "030-01-050-01-048", "ALN": "048", "Section": "01", "Brgy_Code": "050" }, "geometry": { "type": "Polygon", "coordinates": [ [ [ 121.876018275949619, 13.445169604178437 ], [ 121.87614259510093, 13.445134806869376 ], [ 121.87616240446998, 13.44475927565141 ], [ 121.876006915175509, 13.444701133646047 ], [ 121.875984156316449, 13.444740803507955 ], [ 121.876071698599489, 13.444847251738658 ], [ 121.876018275949619, 13.445169604178437 ] ] ] } },
{ "type": "Feature", "properties": { "Id": 0, "CLN": "15254", "PSGC": "174001054", "Barangay": "Tagwak", "Land_Class": null, "PIN": "030-01-050-01-047", "ALN": "047", "Section": "01", "Brgy_Code": "050" }, "geometry": { "type": "Polygon", "coordinates": [ [ [ 121.87614259510093, 13.445134806869376 ], [ 121.87618997890371, 13.445139437493287 ], [ 121.876296846680276, 13.444974200061095 ], [ 121.876318295381907, 13.444731247782661 ], [ 121.87616240446998, 13.44475927565141 ], [ 121.87614259510093, 13.445134806869376 ] ] ] } },
{ "type": "Feature", "properties": { "Id": 0, "CLN": "15244", "PSGC": "174001054", "Barangay": "Tagwak", "Land_Class": null, "PIN": "030-01-050-01-046", "ALN": "046", "Section": "01", "Brgy_Code": "050" }, "geometry": { "type": "Polygon", "coordinates": [ [ [ 121.87618997890371, 13.445139437493287 ], [ 121.87614259510093, 13.445134806869376 ], [ 121.876018275949619, 13.445169604178437 ], [ 121.875918705248324, 13.445222188169309 ], [ 121.875687507480833, 13.445424432020749 ], [ 121.875807136975737, 13.445427175904182 ], [ 121.875936197588558, 13.445343790288522 ], [ 121.876035490271079, 13.445350862290498 ], [ 121.87618997890371, 13.445139437493287 ] ] ] } },
{ "type": "Feature", "properties": { "Id": 0, "CLN": "15258", "PSGC": "174001054", "Barangay": "Tagwak", "Land_Class": null, "PIN": "030-01-050-01-051", "ALN": "051", "Section": "01", "Brgy_Code": "050" }, "geometry": { "type": "Polygon", "coordinates": [ [ [ 121.876318295381907, 13.444731247782661 ], [ 121.876253460347527, 13.444596177150977 ], [ 121.87575490596852, 13.44452545551931 ], [ 121.875689247202743, 13.444567143265816 ], [ 121.875673270650537, 13.444604633864589 ], [ 121.875761111466588, 13.44464700723441 ], [ 121.875891831624983, 13.444691781604154 ], [ 121.876006915175509, 13.444701133646047 ], [ 121.87616240446998, 13.44475927565141 ], [ 121.876318295381907, 13.444731247782661 ] ] ] } },
{ "type": "Feature", "properties": { "Id": 0, "CLN": "15259", "PSGC": "174001054", "Barangay": "Tagwak", "Land_Class": null, "PIN": "030-01-050-01-052", "ALN": "052", "Section": "01", "Brgy_Code": "050" }, "geometry": { "type": "Polygon", "coordinates": [ [ [ 121.875622982666428, 13.444303466470524 ], [ 121.875764203170164, 13.444468049335834 ], [ 121.87575490596852, 13.44452545551931 ], [ 121.876253460347527, 13.444596177151009 ], [ 121.876210828164787, 13.444540748627361 ], [ 121.875622982666428, 13.444303466470524 ] ] ] } },
{ "type": "Feature", "properties": { "Id": 0, "CLN": "15260 RW", "PSGC": "174001054", "Barangay": "Tagwak", "Land_Class": null, "PIN": "030-01-050-01-", "ALN": null, "Section": "01", "Brgy_Code": "050" }, "geometry": { "type": "Polygon", "coordinates": [ [ [ 121.876235792831395, 13.444512136225956 ], [ 121.875659822611723, 13.444279121218345 ], [ 121.875622982666428, 13.444303466470524 ], [ 121.876210828164787, 13.444540748627361 ], [ 121.876253460347527, 13.444596177151009 ], [ 121.876300957302917, 13.444576503447895 ], [ 121.876235792831395, 13.444512136225956 ] ] ] } },
{ "type": "Feature", "properties": { "Id": 0, "CLN": "15257 RW", "PSGC": "174001054", "Barangay": "Tagwak", "Land_Class": null, "PIN": "030-01-050-01-", "ALN": null, "Section": "01", "Brgy_Code": "050" }, "geometry": { "type": "Polygon", "coordinates": [ [ [ 121.876253460347527, 13.444596177150977 ], [ 121.876318295381907, 13.444731247782661 ], [ 121.876354423254995, 13.444729199537335 ], [ 121.876300957302917, 13.444576503447877 ], [ 121.876253460347527, 13.444596177150977 ] ] ] } },
{ "type": "Feature", "properties": { "Id": 0, "CLN": "15246", "PSGC": "174001054", "Barangay": "Tagwak", "Land_Class": null, "PIN": "030-01-050-01-028", "ALN": "028", "Section": "01", "Brgy_Code": "050" }, "geometry": { "type": "Polygon", "coordinates": [ [ [ 121.875476336247019, 13.44520474546443 ], [ 121.875340905413282, 13.445201930827375 ], [ 121.875302035762644, 13.445307814430391 ], [ 121.875313075198122, 13.44536089240337 ], [ 121.875220420634676, 13.44538257363001 ], [ 121.875461215604403, 13.445542735525857 ], [ 121.875511217450509, 13.445470044537384 ], [ 121.87541239876289, 13.445361336207801 ], [ 121.875476336247019, 13.44520474546443 ] ] ] } },
{ "type": "Feature", "properties": { "Id": 0, "CLN": "15247", "PSGC": "174001054", "Barangay": "Tagwak", "Land_Class": null, "PIN": "030-01-050-01-029", "ALN": "029", "Section": "01", "Brgy_Code": "050" }, "geometry": { "type": "Polygon", "coordinates": [ [ [ 121.875302035762644, 13.445307814430391 ], [ 121.874843545667829, 13.445358793888465 ], [ 121.875077856886236, 13.445457060400713 ], [ 121.875220420634676, 13.44538257363001 ], [ 121.875313075198122, 13.44536089240337 ], [ 121.875302035762644, 13.445307814430391 ] ] ] } },
{ "type": "Feature", "properties": { "Id": 0, "CLN": "15239 pt", "PSGC": "174001054", "Barangay": "Tagwak", "Land_Class": null, "PIN": "030-01-050-01-026", "ALN": "026", "Section": "01", "Brgy_Code": "050" }, "geometry": { "type": "Polygon", "coordinates": [ [ [ 121.875461215604432, 13.445542735525876 ], [ 121.875470172897295, 13.445558242234513 ], [ 121.875792593630948, 13.445641435075233 ], [ 121.875856221946989, 13.44555112865957 ], [ 121.875511217450509, 13.445470044537416 ], [ 121.875461215604432, 13.445542735525876 ] ] ] } },
{ "type": "Feature", "properties": { "Id": 0, "CLN": "15365", "PSGC": "174001054", "Barangay": "Tagwak", "Land_Class": null, "PIN": "030-01-050-01-027", "ALN": "027", "Section": "01", "Brgy_Code": "050" }, "geometry": { "type": "Polygon", "coordinates": [ [ [ 121.875807136975737, 13.445427175904182 ], [ 121.875687507480833, 13.445424432020749 ], [ 121.875518401660514, 13.445381695556653 ], [ 121.875476336247019, 13.44520474546443 ], [ 121.87541239876289, 13.445361336207801 ], [ 121.875511217450509, 13.445470044537384 ], [ 121.875856221946989, 13.445551128659552 ], [ 121.875926632579166, 13.445458642986766 ], [ 121.875807136975737, 13.445427175904182 ] ] ] } },
{ "type": "Feature", "properties": { "Id": 0, "CLN": "15243", "PSGC": "174001054", "Barangay": "Tagwak", "Land_Class": null, "PIN": "030-01-050-01-045", "ALN": "045", "Section": "01", "Brgy_Code": "050" }, "geometry": { "type": "Polygon", "coordinates": [ [ [ 121.875807136975737, 13.445427175904182 ], [ 121.875926632579166, 13.445458642986766 ], [ 121.876035490271079, 13.445350862290498 ], [ 121.875936197588558, 13.445343790288522 ], [ 121.875807136975737, 13.445427175904182 ] ] ] } },
{ "type": "Feature", "properties": { "Id": 0, "CLN": "15256 RW", "PSGC": "174001054", "Barangay": "Tagwak", "Land_Class": null, "PIN": "030-01-050-01-", "ALN": null, "Section": "01", "Brgy_Code": "050" }, "geometry": { "type": "Polygon", "coordinates": [ [ [ 121.87618997890371, 13.445139437493287 ], [ 121.876244114172707, 13.445148517306663 ], [ 121.876335201053408, 13.444978790344029 ], [ 121.876354423254995, 13.444729199537335 ], [ 121.876318295381907, 13.444731247782661 ], [ 121.876296846680276, 13.444974200061095 ], [ 121.87618997890371, 13.445139437493287 ] ] ] } },
{ "type": "Feature", "properties": { "Id": 0, "CLN": "15255 RW", "PSGC": "174001054", "Barangay": "Tagwak", "Land_Class": null, "PIN": "030-01-050-01-", "ALN": null, "Section": "01", "Brgy_Code": "050" }, "geometry": { "type": "Polygon", "coordinates": [ [ [ 121.876035490271079, 13.445350862290498 ], [ 121.876082853515499, 13.445359911900324 ], [ 121.876244114172707, 13.445148517306663 ], [ 121.87618997890371, 13.445139437493287 ], [ 121.876035490271079, 13.445350862290498 ] ] ] } },
{ "type": "Feature", "properties": { "Id": 0, "CLN": "15242 RW", "PSGC": "174001054", "Barangay": "Tagwak", "Land_Class": null, "PIN": "030-01-050-01-", "ALN": null, "Section": "01", "Brgy_Code": "050" }, "geometry": { "type": "Polygon", "coordinates": [ [ [ 121.876035490271079, 13.445350862290498 ], [ 121.875926632579166, 13.445458642986766 ], [ 121.875967172275239, 13.445478709781289 ], [ 121.876082853515499, 13.445359911900324 ], [ 121.876035490271079, 13.445350862290498 ] ] ] } },
{ "type": "Feature", "properties": { "Id": 0, "CLN": "15241 RW", "PSGC": "174001054", "Barangay": "Tagwak", "Land_Class": null, "PIN": "030-01-050-01-", "ALN": null, "Section": "01", "Brgy_Code": "050" }, "geometry": { "type": "Polygon", "coordinates": [ [ [ 121.875856221946989, 13.445551128659552 ], [ 121.875896782251701, 13.445566776503712 ], [ 121.875967172275239, 13.445478709781289 ], [ 121.875926632579166, 13.445458642986766 ], [ 121.875856221946989, 13.445551128659552 ] ] ] } },
{ "type": "Feature", "properties": { "Id": 0, "CLN": "15237", "PSGC": "174001054", "Barangay": "Tagwak", "Land_Class": null, "PIN": "030-01-050-01-025", "ALN": "025", "Section": "01", "Brgy_Code": "050" }, "geometry": { "type": "Polygon", "coordinates": [ [ [ 121.875411120984182, 13.445635311828809 ], [ 121.875406441394105, 13.445670643348834 ], [ 121.875724409342794, 13.445740559227509 ], [ 121.875792593630919, 13.445641435075197 ], [ 121.875470172897266, 13.445558242234513 ], [ 121.875411120984182, 13.445635311828809 ] ] ] } },
{ "type": "Feature", "properties": { "Id": 0, "CLN": "15240 RW", "PSGC": "174001054", "Barangay": "Tagwak", "Land_Class": null, "PIN": "030-01-050-01-", "ALN": null, "Section": "01", "Brgy_Code": "050" }, "geometry": { "type": "Polygon", "coordinates": [ [ [ 121.875792593630919, 13.445641435075197 ], [ 121.875830886287574, 13.445659282329004 ], [ 121.875896782251701, 13.445566776503712 ], [ 121.875856221946989, 13.445551128659552 ], [ 121.875792593630919, 13.445641435075197 ] ] ] } },
{ "type": "Feature", "properties": { "Id": 0, "CLN": "15238 RW", "PSGC": "174001054", "Barangay": "Tagwak", "Land_Class": null, "PIN": "030-01-050-01-", "ALN": null, "Section": "01", "Brgy_Code": "050" }, "geometry": { "type": "Polygon", "coordinates": [ [ [ 121.875792593630919, 13.445641435075197 ], [ 121.875724409342794, 13.445740559227509 ], [ 121.875762732913643, 13.445751778049248 ], [ 121.875830886287574, 13.445659282329004 ], [ 121.875792593630919, 13.445641435075197 ] ] ] } },
{ "type": "Feature", "properties": { "Id": 0, "CLN": "15236", "PSGC": "174001054", "Barangay": "Tagwak", "Land_Class": null, "PIN": "030-01-050-01-024", "ALN": "024", "Section": "01", "Brgy_Code": "050" }, "geometry": { "type": "Polygon", "coordinates": [ [ [ 121.875724409342794, 13.445740559227509 ], [ 121.875406441394105, 13.445670643348834 ], [ 121.875410963014545, 13.445783274779876 ], [ 121.87564307994775, 13.445846278094491 ], [ 121.875724409342794, 13.445740559227509 ] ] ] } },
{ "type": "Feature", "properties": { "Id": 0, "CLN": "15235 RW", "PSGC": "174001054", "Barangay": "Tagwak", "Land_Class": null, "PIN": "030-01-050-01-", "ALN": null, "Section": "01", "Brgy_Code": "050" }, "geometry": { "type": "Polygon", "coordinates": [ [ [ 121.875724409342794, 13.445740559227509 ], [ 121.87564307994775, 13.445846278094491 ], [ 121.875680515355015, 13.445857044821576 ], [ 121.875762732913643, 13.445751778049248 ], [ 121.875724409342794, 13.445740559227509 ] ] ] } },
{ "type": "Feature", "properties": { "Id": 0, "CLN": "15234 RW", "PSGC": "174001054", "Barangay": "Tagwak", "Land_Class": null, "PIN": "030-01-050-01-", "ALN": null, "Section": "01", "Brgy_Code": "050" }, "geometry": { "type": "Polygon", "coordinates": [ [ [ 121.875680515355015, 13.445857044821576 ], [ 121.87564307994775, 13.445846278094491 ], [ 121.875600365216798, 13.445895823359468 ], [ 121.875641071784301, 13.445919650238171 ], [ 121.875680515355015, 13.445857044821576 ] ] ] } },
{ "type": "Feature", "properties": { "Id": 0, "CLN": "15233", "PSGC": "174001054", "Barangay": "Tagwak", "Land_Class": null, "PIN": "030-01-050-01-023", "ALN": "023", "Section": "01", "Brgy_Code": "050" }, "geometry": { "type": "Polygon", "coordinates": [ [ [ 121.875600365216798, 13.445895823359468 ], [ 121.87564307994775, 13.445846278094491 ], [ 121.875410963014545, 13.445783274779876 ], [ 121.87540573687852, 13.445832172168283 ], [ 121.875600365216798, 13.445895823359468 ] ] ] } },
{ "type": "Feature", "properties": { "Id": 0, "CLN": "15232", "PSGC": "174001054", "Barangay": "Tagwak", "Land_Class": null, "PIN": "030-01-050-01-022", "ALN": "022", "Section": "01", "Brgy_Code": "050" }, "geometry": { "type": "Polygon", "coordinates": [ [ [ 121.87540573687852, 13.445832172168283 ], [ 121.875384231279398, 13.445978022947124 ], [ 121.875526620469188, 13.445990073994537 ], [ 121.875600365216798, 13.445895823359468 ], [ 121.87540573687852, 13.445832172168283 ] ] ] } },
{ "type": "Feature", "properties": { "Id": 0, "CLN": "15231 RW", "PSGC": "174001054", "Barangay": "Tagwak", "Land_Class": null, "PIN": "030-01-050-01-", "ALN": null, "Section": "01", "Brgy_Code": "050" }, "geometry": { "type": "Polygon", "coordinates": [ [ [ 121.875600365216798, 13.445895823359468 ], [ 121.875526620469188, 13.445990073994537 ], [ 121.875574055654567, 13.446000070069855 ], [ 121.875641071784301, 13.445919650238171 ], [ 121.875600365216798, 13.445895823359468 ] ] ] } },
{ "type": "Feature", "properties": { "Id": 0, "CLN": "15271", "PSGC": "174001054", "Barangay": "Tagwak", "Land_Class": null, "PIN": "030-01-050-01-019", "ALN": "019", "Section": "01", "Brgy_Code": "050" }, "geometry": { "type": "Polygon", "coordinates": [ [ [ 121.874635509135828, 13.444951310955068 ], [ 121.874654073176117, 13.4448431271591 ], [ 121.874737739410449, 13.444812567839648 ], [ 121.874639674048211, 13.444542567181822 ], [ 121.874409032355388, 13.44460000723412 ], [ 121.873814573553773, 13.444643595963099 ], [ 121.873800606693649, 13.444910347391797 ], [ 121.874022526505357, 13.445254640830441 ], [ 121.874251933239847, 13.445163171489366 ], [ 121.874414018162724, 13.445089188472258 ], [ 121.874438057674467, 13.445000357985849 ], [ 121.874635509135828, 13.444951310955068 ] ] ] } },
{ "type": "Feature", "properties": { "Id": 0, "CLN": "15270", "PSGC": "174001054", "Barangay": "Tagwak", "Land_Class": null, "PIN": "030-01-050-01-034", "ALN": "034", "Section": "01", "Brgy_Code": "050" }, "geometry": { "type": "Polygon", "coordinates": [ [ [ 121.874809645076425, 13.444399707816114 ], [ 121.875015560824238, 13.44425336681525 ], [ 121.874884086363437, 13.444166177871741 ], [ 121.87457614103738, 13.444333101869249 ], [ 121.874516509672588, 13.444233162052473 ], [ 121.874394532895622, 13.444257126430713 ], [ 121.874384329698643, 13.44444158714308 ], [ 121.874409032355388, 13.44460000723414 ], [ 121.874639674048211, 13.444542567181822 ], [ 121.874809645076425, 13.444399707816114 ] ] ] } },
{ "type": "Feature", "properties": { "Id": 0, "CLN": "15273", "PSGC": "174001054", "Barangay": "Tagwak", "Land_Class": null, "PIN": "030-01-050-01-036", "ALN": "036", "Section": "01", "Brgy_Code": "050" }, "geometry": { "type": "Polygon", "coordinates": [ [ [ 121.874384329698643, 13.44444158714308 ], [ 121.874394532895622, 13.444257126430713 ], [ 121.873857827832339, 13.444256090850493 ], [ 121.873844571694079, 13.444446287872355 ], [ 121.874384329698643, 13.44444158714308 ] ] ] } },
{ "type": "Feature", "properties": { "Id": 0, "CLN": "15272", "PSGC": "174001054", "Barangay": "Tagwak", "Land_Class": null, "PIN": "030-01-050-01-035", "ALN": "035", "Section": "01", "Brgy_Code": "050" }, "geometry": { "type": "Polygon", "coordinates": [ [ [ 121.873814573553773, 13.444643595963099 ], [ 121.874409032355388, 13.44460000723412 ], [ 121.874384329698643, 13.444441587143043 ], [ 121.873844571694079, 13.444446287872355 ], [ 121.873814573553773, 13.444643595963099 ] ] ] } },
{ "type": "Feature", "properties": { "Id": 0, "CLN": "15274", "PSGC": "174001054", "Barangay": "Tagwak", "Land_Class": null, "PIN": "030-01-050-01-016", "ALN": "016", "Section": "01", "Brgy_Code": "050" }, "geometry": { "type": "Polygon", "coordinates": [ [ [ 121.873866015991538, 13.443932598162551 ], [ 121.873357438257585, 13.443807773416987 ], [ 121.873303772483951, 13.444217663751301 ], [ 121.873458853820978, 13.44425430556055 ], [ 121.873465784972225, 13.444615353781744 ], [ 121.873814573553801, 13.444643595963113 ], [ 121.873844571694079, 13.444446287872374 ], [ 121.873857827832339, 13.444256090850493 ], [ 121.873867105451041, 13.444056786009147 ], [ 121.873866015991538, 13.443932598162551 ] ] ] } },
{ "type": "Feature", "properties": { "Id": 0, "CLN": "15201 pt", "PSGC": "174001054", "Barangay": "Tagwak", "Land_Class": null, "PIN": "030-01-050-01-058", "ALN": "058", "Section": "01", "Brgy_Code": "050" }, "geometry": { "type": "Polygon", "coordinates": [ [ [ 121.873633294291196, 13.444936280114135 ], [ 121.873589510033824, 13.444925874996969 ], [ 121.873542489527381, 13.444923422430273 ], [ 121.873377010981258, 13.444945805668226 ], [ 121.873347225645503, 13.445486415129871 ], [ 121.873534179336644, 13.445535278423469 ], [ 121.873633294291196, 13.444936280114135 ] ] ] } },
{ "type": "Feature", "properties": { "Id": 0, "CLN": "15198", "PSGC": "174001054", "Barangay": "Tagwak", "Land_Class": null, "PIN": "030-01-050-01-012", "ALN": "012", "Section": "01", "Brgy_Code": "050" }, "geometry": { "type": "Polygon", "coordinates": [ [ [ 121.87301865030291, 13.445410236232066 ], [ 121.872979342482211, 13.445590307794497 ], [ 121.873231070331158, 13.445648355147769 ], [ 121.873281887308337, 13.445468335055358 ], [ 121.873142332166452, 13.44538766613236 ], [ 121.87301865030291, 13.445410236232066 ] ] ] } },
{ "type": "Feature", "properties": { "Id": 0, "CLN": "15202", "PSGC": "174001054", "Barangay": "Tagwak", "Land_Class": null, "PIN": "030-01-050-01-018", "ALN": "018", "Section": "01", "Brgy_Code": "050" }, "geometry": { "type": "Polygon", "coordinates": [ [ [ 121.873534179336644, 13.445535278423469 ], [ 121.873823768632064, 13.445537080059397 ], [ 121.874023862551198, 13.445552292564061 ], [ 121.874005076443424, 13.445424137838248 ], [ 121.874022526505357, 13.445254640830461 ], [ 121.873800606693649, 13.444910347391797 ], [ 121.873633294291196, 13.444936280114135 ], [ 121.873534179336644, 13.445535278423469 ] ] ] } },
{ "type": "Feature", "properties": { "Id": 0, "CLN": "15203", "PSGC": "174001054", "Barangay": "Tagwak", "Land_Class": null, "PIN": "030-01-050-01-009", "ALN": "009", "Section": "01", "Brgy_Code": "050" }, "geometry": { "type": "Polygon", "coordinates": [ [ [ 121.874022526505357, 13.445254640830461 ], [ 121.874005076443424, 13.445424137838248 ], [ 121.874023862551198, 13.445552292564061 ], [ 121.874076659536826, 13.445661626003213 ], [ 121.874053877810169, 13.445870231866502 ], [ 121.874145941542736, 13.445873015387852 ], [ 121.874082032558434, 13.44658660494629 ], [ 121.874091270602634, 13.446683885120422 ], [ 121.874142021327089, 13.446712572310583 ], [ 121.874449326982173, 13.446284672885543 ], [ 121.874323783612027, 13.446186872545635 ], [ 121.874697251333586, 13.445600366084413 ], [ 121.874330690691536, 13.44522637323875 ], [ 121.874251933239847, 13.445163171489366 ], [ 121.874022526505357, 13.445254640830461 ] ] ] } },
{ "type": "Feature", "properties": { "Id": 0, "CLN": "15228", "PSGC": "174001054", "Barangay": "Tagwak", "Land_Class": null, "PIN": "030-01-050-01-020", "ALN": "020", "Section": "01", "Brgy_Code": "050" }, "geometry": { "type": "Polygon", "coordinates": [ [ [ 121.874697251333586, 13.445600366084397 ], [ 121.874926320495831, 13.44584092981925 ], [ 121.875273710818846, 13.445572831071631 ], [ 121.875077856886236, 13.445457060400713 ], [ 121.874843545667829, 13.445358793888465 ], [ 121.874691282973245, 13.445092970008126 ], [ 121.874635509135828, 13.444951310955068 ], [ 121.874438057674467, 13.445000357985849 ], [ 121.874414018162724, 13.445089188472258 ], [ 121.874251933239847, 13.445163171489366 ], [ 121.874330690691536, 13.44522637323875 ], [ 121.874697251333586, 13.445600366084397 ] ] ] } },
{ "type": "Feature", "properties": { "Id": 0, "CLN": "15199", "PSGC": "174001054", "Barangay": "Tagwak", "Land_Class": null, "PIN": "030-01-050-01-011", "ALN": "011", "Section": "01", "Brgy_Code": "050" }, "geometry": { "type": "Polygon", "coordinates": [ [ [ 121.872979342482211, 13.445590307794497 ], [ 121.872927749645385, 13.445741864189415 ], [ 121.873181756572166, 13.445830753630466 ], [ 121.873231070331158, 13.445648355147769 ], [ 121.872979342482211, 13.445590307794497 ] ] ] } },
{ "type": "Feature", "properties": { "Id": 0, "CLN": "15196 pt", "PSGC": "174001054", "Barangay": "Tagwak", "Land_Class": null, "PIN": "030-01-050-01-054", "ALN": "054", "Section": "01", "Brgy_Code": "050" }, "geometry": { "type": "Polygon", "coordinates": [ [ [ 121.872995099067808, 13.444616804268094 ], [ 121.873011503801692, 13.444186867024516 ], [ 121.873081150843447, 13.444187241294982 ], [ 121.873096911705346, 13.44418731328345 ], [ 121.873107743973065, 13.444012537971245 ], [ 121.872843051378226, 13.443958816131413 ], [ 121.872861740199255, 13.443770083657437 ], [ 121.872728279281688, 13.443750967514346 ], [ 121.872723155579919, 13.443894735330719 ], [ 121.872596305786203, 13.443889809930745 ], [ 121.872608280074033, 13.443709035791136 ], [ 121.872260025120184, 13.443682560946776 ], [ 121.872224977096309, 13.44367859024198 ], [ 121.872203935545826, 13.444012193345239 ], [ 121.872256471985509, 13.44402577661943 ], [ 121.872533005797607, 13.444098676597866 ], [ 121.872574969959459, 13.444168581285153 ], [ 121.872514333737584, 13.444506739840152 ], [ 121.872304191780302, 13.444882895292972 ], [ 121.872659531591097, 13.445064734622497 ], [ 121.872465563017997, 13.44560935176591 ], [ 121.872927749645342, 13.445741864189431 ], [ 121.872979342482211, 13.445590307794513 ], [ 121.87301865030291, 13.44541023623208 ], [ 121.872724727891011, 13.445307530742117 ], [ 121.872917485718901, 13.444892164388726 ], [ 121.873038809727248, 13.444985203098534 ], [ 121.873295342392467, 13.444922316234488 ], [ 121.872995099067808, 13.444616804268094 ] ] ] } },
{ "type": "Feature", "properties": { "Id": 0, "CLN": "15227", "PSGC": "174001054", "Barangay": "Tagwak", "Land_Class": null, "PIN": "030-01-050-01-008", "ALN": "008", "Section": "01", "Brgy_Code": "050" }, "geometry": { "type": "Polygon", "coordinates": [ [ [ 121.874449326982173, 13.446284672885543 ], [ 121.874534265724336, 13.446256592578189 ], [ 121.874642892313531, 13.446344830461337 ], [ 121.875023772237654, 13.446246922695995 ], [ 121.875028861725625, 13.446194768487075 ], [ 121.874998701316954, 13.445907660401003 ], [ 121.874926320495831, 13.44584092981925 ], [ 121.874697251333586, 13.445600366084397 ], [ 121.874323783611999, 13.446186872545633 ], [ 121.874449326982173, 13.446284672885543 ] ] ] } },
{ "type": "Feature", "properties": { "Id": 0, "CLN": "15229 pt", "PSGC": "174001054", "Barangay": "Tagwak", "Land_Class": null, "PIN": "030-01-050-01-073", "ALN": "073", "Section": "01", "Brgy_Code": "050" }, "geometry": { "type": "Polygon", "coordinates": [ [ [ 121.875005927885269, 13.445976452816508 ], [ 121.875384231279398, 13.445978022947124 ], [ 121.87540573687852, 13.445832172168299 ], [ 121.875410963014545, 13.445783274779894 ], [ 121.875406441394119, 13.445670643348855 ], [ 121.875411120984182, 13.445635311828825 ], [ 121.875273710818846, 13.445572831071633 ], [ 121.874926320495859, 13.445840929819267 ], [ 121.874998701316954, 13.445907660401019 ], [ 121.875005927885269, 13.445976452816508 ] ] ] } },
{ "type": "Feature", "properties": { "Id": 0, "CLN": "15226", "PSGC": "174001054", "Barangay": "Tagwak", "Land_Class": null, "PIN": "030-01-050-01-007", "ALN": "007", "Section": "01", "Brgy_Code": "050" }, "geometry": { "type": "Polygon", "coordinates": [ [ [ 121.875397073095371, 13.44621538750979 ], [ 121.875028861725625, 13.446194768487075 ], [ 121.875023772237654, 13.446246922695995 ], [ 121.875123315341853, 13.446724075291719 ], [ 121.87518976612678, 13.446503806056835 ], [ 121.875397073095371, 13.44621538750979 ] ] ] } },
{ "type": "Feature", "properties": { "Id": 0, "CLN": "15230 RW", "PSGC": "174001054", "Barangay": "Tagwak", "Land_Class": null, "PIN": "030-01-050-01-", "ALN": null, "Section": "01", "Brgy_Code": "050" }, "geometry": { "type": "Polygon", "coordinates": [ [ [ 121.875574055654567, 13.446000070069855 ], [ 121.875526620469188, 13.445990073994537 ], [ 121.875397073095371, 13.44621538750979 ], [ 121.875428517123723, 13.44622738641324 ], [ 121.875574055654567, 13.446000070069855 ] ] ] } },
{ "type": "Feature", "properties": { "Id": 0, "CLN": "15225 RW", "PSGC": "174001054", "Barangay": "Tagwak", "Land_Class": null, "PIN": "030-01-050-01-", "ALN": null, "Section": "01", "Brgy_Code": "050" }, "geometry": { "type": "Polygon", "coordinates": [ [ [ 121.875428517123723, 13.44622738641324 ], [ 121.875397073095371, 13.44621538750979 ], [ 121.87518976612678, 13.446503806056835 ], [ 121.875123315341853, 13.446724075291719 ], [ 121.87517176489095, 13.446726663518982 ], [ 121.875184300482587, 13.446636595707622 ], [ 121.875230858039473, 13.446525334826024 ], [ 121.875428517123723, 13.44622738641324 ] ] ] } },
{ "type": "Feature", "properties": { "Id": 0, "CLN": "15204", "PSGC": "174001054", "Barangay": "Tagwak", "Land_Class": null, "PIN": "030-01-050-01-006", "ALN": "006", "Section": "01", "Brgy_Code": "050" }, "geometry": { "type": "Polygon", "coordinates": [ [ [ 121.875123315341853, 13.446724075291719 ], [ 121.875023772237654, 13.446246922695995 ], [ 121.874642892313531, 13.446344830461337 ], [ 121.874534265724364, 13.446256592578207 ], [ 121.874449326982173, 13.446284672885543 ], [ 121.874142021327089, 13.446712572310583 ], [ 121.874341234160795, 13.447033640123522 ], [ 121.874518155666451, 13.447198867841195 ], [ 121.874679322345628, 13.447278644540544 ], [ 121.874943813018149, 13.447371532038392 ], [ 121.875148857029245, 13.447164443510349 ], [ 121.875123315341853, 13.446724075291719 ] ] ] } },
{ "type": "Feature", "properties": { "Id": 0, "CLN": "15211", "PSGC": "174001054", "Barangay": "Tagwak", "Land_Class": null, "PIN": "030-01-050-01-005", "ALN": "005", "Section": "01", "Brgy_Code": "050" }, "geometry": { "type": "Polygon", "coordinates": [ [ [ 121.875925005310677, 13.446885769311635 ], [ 121.875312660175382, 13.446563647279982 ], [ 121.875260467347871, 13.446670930194239 ], [ 121.875271620025174, 13.447050448833799 ], [ 121.875704034117035, 13.447159897157606 ], [ 121.875925005310677, 13.446885769311635 ] ] ] } },
{ "type": "Feature", "properties": { "Id": 0, "CLN": "15223", "PSGC": "174001054", "Barangay": "Tagwak", "Land_Class": null, "PIN": "030-01-050-04-002", "ALN": "002", "Section": "04", "Brgy_Code": "050" }, "geometry": { "type": "Polygon", "coordinates": [ [ [ 121.875537083092482, 13.446242101574054 ], [ 121.875516843531472, 13.446425421086024 ], [ 121.875684279816866, 13.446546334270856 ], [ 121.875881500305198, 13.446515592841092 ], [ 121.876015905034819, 13.446098777341877 ], [ 121.875835649264076, 13.445955671440297 ], [ 121.875751828043562, 13.445917350144754 ], [ 121.875537083092482, 13.446242101574054 ] ] ] } },
{ "type": "Feature", "properties": { "Id": 0, "CLN": "15212", "PSGC": "174001054", "Barangay": "Tagwak", "Land_Class": null, "PIN": "030-01-050-04-001", "ALN": "001", "Section": "04", "Brgy_Code": "050" }, "geometry": { "type": "Polygon", "coordinates": [ [ [ 121.876294933750714, 13.446653766852643 ], [ 121.875881500305198, 13.446515592841108 ], [ 121.875684279816866, 13.446546334270856 ], [ 121.875516843531472, 13.446425421086024 ], [ 121.875537083092482, 13.446242101574054 ], [ 121.875312660175382, 13.446563647280003 ], [ 121.875925005310677, 13.446885769311633 ], [ 121.875704034117078, 13.447159897157622 ], [ 121.875901782311161, 13.447208565480983 ], [ 121.876189684558611, 13.447469352499294 ], [ 121.876421072260854, 13.447246268296968 ], [ 121.876489772159815, 13.447173046645123 ], [ 121.876683440081834, 13.447073795890917 ], [ 121.876294933750714, 13.446653766852643 ] ] ] } },
{ "type": "Feature", "properties": { "Id": 0, "CLN": "15213", "PSGC": "174001054", "Barangay": "Tagwak", "Land_Class": null, "PIN": "030-01-050-04-005", "ALN": "005", "Section": "04", "Brgy_Code": "050" }, "geometry": { "type": "Polygon", "coordinates": [ [ [ 121.876173110142801, 13.445680658090772 ], [ 121.876015905034819, 13.446098777341877 ], [ 121.875881500305198, 13.446515592841108 ], [ 121.876294933750714, 13.446653766852643 ], [ 121.876683440081834, 13.447073795890917 ], [ 121.87689988923897, 13.446963522719942 ], [ 121.876419089048682, 13.446488610038831 ], [ 121.876625753697425, 13.446039013807914 ], [ 121.876173110142801, 13.445680658090772 ] ] ] } },
{ "type": "Feature", "properties": { "Id": 0, "CLN": "15220", "PSGC": "174001054", "Barangay": "Tagwak", "Land_Class": null, "PIN": "030-01-050-04-003", "ALN": "003", "Section": "04", "Brgy_Code": "050" }, "geometry": { "type": "Polygon", "coordinates": [ [ [ 121.875751828043562, 13.445917350144754 ], [ 121.875835649264076, 13.445955671440297 ], [ 121.875913851471807, 13.445697771054338 ], [ 121.875751828043562, 13.445917350144754 ] ] ] } },
{ "type": "Feature", "properties": { "Id": 0, "CLN": "15219", "PSGC": "174001054", "Barangay": "Tagwak", "Land_Class": null, "PIN": "030-01-050-04-004", "ALN": "004", "Section": "04", "Brgy_Code": "050" }, "geometry": { "type": "Polygon", "coordinates": [ [ [ 121.875835649264076, 13.445955671440297 ], [ 121.876015905034819, 13.446098777341877 ], [ 121.876173110142801, 13.445680658090772 ], [ 121.876177125568091, 13.445589322386875 ], [ 121.876039498831346, 13.445542328296485 ], [ 121.875913851471807, 13.445697771054338 ], [ 121.875835649264076, 13.445955671440297 ] ] ] } },
{ "type": "Feature", "properties": { "Id": 0, "CLN": "15216", "PSGC": "174001054", "Barangay": "Tagwak", "Land_Class": null, "PIN": "030-01-050-04-009", "ALN": "009", "Section": "04", "Brgy_Code": "050" }, "geometry": { "type": "Polygon", "coordinates": [ [ [ 121.876039498831346, 13.445542328296485 ], [ 121.876177125568091, 13.445589322386875 ], [ 121.876340676509486, 13.445619566857809 ], [ 121.876341816069498, 13.445375025281155 ], [ 121.876186801864961, 13.445361684225778 ], [ 121.876039498831346, 13.445542328296485 ] ] ] } },
{ "type": "Feature", "properties": { "Id": 0, "CLN": "15215 pt", "PSGC": "174001054", "Barangay": "Tagwak", "Land_Class": null, "PIN": "030-01-050-04-007", "ALN": "007", "Section": "04", "Brgy_Code": "050" }, "geometry": { "type": "Polygon", "coordinates": [ [ [ 121.877883015903947, 13.446951237077567 ], [ 121.877883009916189, 13.446951233427042 ], [ 121.877584287888794, 13.44642706573349 ], [ 121.87689988923897, 13.446963522719942 ], [ 121.877869703113035, 13.447842309153991 ], [ 121.87779023867482, 13.447351269836028 ], [ 121.8777965941687, 13.447206687168192 ], [ 121.877883015903947, 13.446951237077567 ] ] ] } },
{ "type": "Feature", "properties": { "Id": 0, "CLN": "15307", "PSGC": "174001054", "Barangay": "Tagwak", "Land_Class": null, "PIN": "030-01-050-04-010", "ALN": "010", "Section": "04", "Brgy_Code": "050" }, "geometry": { "type": "Polygon", "coordinates": [ [ [ 121.876349852283667, 13.445152650178485 ], [ 121.876186801864961, 13.445361684225778 ], [ 121.876341816069498, 13.445375025281171 ], [ 121.876340676509486, 13.445619566857822 ], [ 121.876894508986922, 13.445678685782751 ], [ 121.87668594576877, 13.445316227582616 ], [ 121.876349852283667, 13.445152650178485 ] ] ] } },
{ "type": "Feature", "properties": { "Id": 0, "CLN": "15306 RW", "PSGC": "174001054", "Barangay": "Tagwak", "Land_Class": null, "PIN": "030-01-050-04-", "ALN": null, "Section": "04", "Brgy_Code": "050" }, "geometry": { "type": "Polygon", "coordinates": [ [ [ 121.876349852283695, 13.44515265017845 ], [ 121.876302643997775, 13.445143743259061 ], [ 121.876140815987867, 13.445357657853437 ], [ 121.876186801864961, 13.445361684225778 ], [ 121.876349852283695, 13.44515265017845 ] ] ] } },
{ "type": "Feature", "properties": { "Id": 0, "CLN": "15217 RW", "PSGC": "174001054", "Barangay": "Tagwak", "Land_Class": null, "PIN": "030-01-050-04-", "ALN": null, "Section": "04", "Brgy_Code": "050" }, "geometry": { "type": "Polygon", "coordinates": [ [ [ 121.876186801864961, 13.445361684225778 ], [ 121.876140815987867, 13.445357657853437 ], [ 121.87600380819238, 13.44551001946226 ], [ 121.876039498831346, 13.445542328296485 ], [ 121.876186801864961, 13.445361684225778 ] ] ] } },
{ "type": "Feature", "properties": { "Id": 0, "CLN": "15218 RW", "PSGC": "174001054", "Barangay": "Tagwak", "Land_Class": null, "PIN": "030-01-050-04-", "ALN": null, "Section": "04", "Brgy_Code": "050" }, "geometry": { "type": "Polygon", "coordinates": [ [ [ 121.876039498831346, 13.445542328296485 ], [ 121.87600380819238, 13.44551001946226 ], [ 121.875874002944713, 13.44567664323478 ], [ 121.875913851471807, 13.445697771054338 ], [ 121.876039498831346, 13.445542328296485 ] ] ] } },
{ "type": "Feature", "properties": { "Id": 0, "CLN": "15221 RW", "PSGC": "174001054", "Barangay": "Tagwak", "Land_Class": null, "PIN": "030-01-050-04-", "ALN": null, "Section": "04", "Brgy_Code": "050" }, "geometry": { "type": "Polygon", "coordinates": [ [ [ 121.875913851471807, 13.445697771054338 ], [ 121.875874002944713, 13.44567664323478 ], [ 121.875713071755783, 13.445892933176617 ], [ 121.875751828043562, 13.445917350144754 ], [ 121.875913851471807, 13.445697771054338 ] ] ] } },
{ "type": "Feature", "properties": { "Id": 0, "CLN": "15222 RW", "PSGC": "174001054", "Barangay": "Tagwak", "Land_Class": null, "PIN": "030-01-050-04-", "ALN": null, "Section": "04", "Brgy_Code": "050" }, "geometry": { "type": "Polygon", "coordinates": [ [ [ 121.875751828043562, 13.445917350144754 ], [ 121.875713071755783, 13.445892933176617 ], [ 121.875482553146398, 13.446222752734695 ], [ 121.875537083092482, 13.446242101574054 ], [ 121.875751828043562, 13.445917350144754 ] ] ] } },
{ "type": "Feature", "properties": { "Id": 0, "CLN": "15224 RW", "PSGC": "174001054", "Barangay": "Tagwak", "Land_Class": null, "PIN": "030-01-050-04-", "ALN": null, "Section": "04", "Brgy_Code": "050" }, "geometry": { "type": "Polygon", "coordinates": [ [ [ 121.875537083092482, 13.446242101574054 ], [ 121.875482553146398, 13.446222752734695 ], [ 121.875275675014407, 13.446549120156298 ], [ 121.875312660175382, 13.446563647279982 ], [ 121.875537083092482, 13.446242101574054 ] ] ] } },
{ "type": "Feature", "properties": { "Id": 0, "CLN": "15210 RW", "PSGC": "174001054", "Barangay": "Tagwak", "Land_Class": null, "PIN": "030-01-050-01-", "ALN": null, "Section": "01", "Brgy_Code": "050" }, "geometry": { "type": "Polygon", "coordinates": [ [ [ 121.875312660175382, 13.446563647279982 ], [ 121.875275675014407, 13.446549120156298 ], [ 121.875224285241472, 13.446657394851082 ], [ 121.875235180623534, 13.447048770738023 ], [ 121.875271620025174, 13.447050448833799 ], [ 121.875260467347871, 13.446670930194239 ], [ 121.875312660175382, 13.446563647279982 ] ] ] } },
{ "type": "Feature", "properties": { "Id": 0, "CLN": "15209 RW", "PSGC": "174001054", "Barangay": "Tagwak", "Land_Class": null, "PIN": "030-01-050-01-", "ALN": null, "Section": "01", "Brgy_Code": "050" }, "geometry": { "type": "Polygon", "coordinates": [ [ [ 121.875271620025202, 13.447050448833819 ], [ 121.875235180623534, 13.447048770738023 ], [ 121.875250465669694, 13.447278299082713 ], [ 121.875140134407516, 13.447555292489849 ], [ 121.874944481957499, 13.4478123380373 ], [ 121.874804708249442, 13.448167465030416 ], [ 121.874929700587856, 13.447943620526701 ], [ 121.874969766184478, 13.447846247508036 ], [ 121.875165402041929, 13.447592759387108 ], [ 121.875290379387607, 13.447292707545689 ], [ 121.875292402961279, 13.447169487073229 ], [ 121.875271620025202, 13.447050448833819 ] ] ] } },
{ "type": "Feature", "properties": { "Id": 0, "CLN": "15208 RW", "PSGC": "174001054", "Barangay": "Tagwak", "Land_Class": null, "PIN": "030-01-050-01-", "ALN": null, "Section": "01", "Brgy_Code": "050" }, "geometry": { "type": "Polygon", "coordinates": [ [ [ 121.875148857029245, 13.447164443510333 ], [ 121.875192852194559, 13.447162422190647 ], [ 121.87517176489095, 13.446726663518982 ], [ 121.875123315341853, 13.446724075291719 ], [ 121.875148857029245, 13.447164443510333 ] ] ] } },
{ "type": "Feature", "properties": { "Id": 0, "CLN": "15207 RW", "PSGC": "174001054", "Barangay": "Tagwak", "Land_Class": null, "PIN": "030-01-050-01-", "ALN": null, "Section": "01", "Brgy_Code": "050" }, "geometry": { "type": "Polygon", "coordinates": [ [ [ 121.875192852194559, 13.447162422190647 ], [ 121.875148857029245, 13.447164443510333 ], [ 121.875161385891488, 13.447285015981777 ], [ 121.875058564331695, 13.447510458877854 ], [ 121.874859260676402, 13.447771045553681 ], [ 121.874888270759925, 13.447785405333628 ], [ 121.875096569501466, 13.447544425199618 ], [ 121.875205000545577, 13.447285210920704 ], [ 121.875192852194559, 13.447162422190647 ] ] ] } },
{ "type": "Feature", "properties": { "Id": 0, "CLN": "15206", "PSGC": "174001054", "Barangay": "Tagwak", "Land_Class": null, "PIN": "030-01-050-01-003", "ALN": "003", "Section": "01", "Brgy_Code": "050" }, "geometry": { "type": "Polygon", "coordinates": [ [ [ 121.875148857029245, 13.447164443510333 ], [ 121.87494381301812, 13.447371532038359 ], [ 121.874810194097606, 13.447770826171684 ], [ 121.874859260676402, 13.447771045553681 ], [ 121.875058564331695, 13.447510458877854 ], [ 121.875161385891488, 13.447285015981777 ], [ 121.875148857029245, 13.447164443510333 ] ] ] } },
{ "type": "Feature", "properties": { "Id": 0, "CLN": "15205", "PSGC": "174001054", "Barangay": "Tagwak", "Land_Class": null, "PIN": "030-01-050-01-002", "ALN": "002", "Section": "01", "Brgy_Code": "050" }, "geometry": { "type": "Polygon", "coordinates": [ [ [ 121.874679322345628, 13.447278644540505 ], [ 121.874755718012636, 13.447372140439249 ], [ 121.874741278567882, 13.447740279113882 ], [ 121.874810194097606, 13.447770826171684 ], [ 121.87494381301812, 13.447371532038359 ], [ 121.874679322345628, 13.447278644540505 ] ] ] } },
{ "type": "Feature", "properties": { "Id": 0, "CLN": "15374 RW", "PSGC": "174001054", "Barangay": "Tagwak", "Land_Class": null, "PIN": "030-01-050-01-", "ALN": null, "Section": "01", "Brgy_Code": "050" }, "geometry": { "type": "Polygon", "coordinates": [ [ [ 121.874859260676402, 13.447771045553681 ], [ 121.874809488459476, 13.44792201758286 ], [ 121.874888270759925, 13.447785405333628 ], [ 121.874859260676402, 13.447771045553681 ] ] ] } },
{ "type": "Feature", "properties": { "Id": 0, "CLN": "15373", "PSGC": "174001054", "Barangay": "Tagwak", "Land_Class": null, "PIN": "030-01-050-01-001", "ALN": "001", "Section": "01", "Brgy_Code": "050" }, "geometry": { "type": "Polygon", "coordinates": [ [ [ 121.874859260676402, 13.447771045553681 ], [ 121.874810194097606, 13.447770826171684 ], [ 121.874741278567882, 13.447740279113882 ], [ 121.874658472621689, 13.448025103278233 ], [ 121.874809488459476, 13.44792201758286 ], [ 121.874859260676402, 13.447771045553681 ] ] ] } },
{ "type": "Feature", "properties": { "Id": 0, "CLN": "15197", "PSGC": "174001054", "Barangay": "Tagwak", "Land_Class": null, "PIN": "030-01-050-01-013", "ALN": "013", "Section": "01", "Brgy_Code": "050" }, "geometry": { "type": "Polygon", "coordinates": [ [ [ 121.873465784972225, 13.44461535378173 ], [ 121.873369345750049, 13.444641603530672 ], [ 121.872995099067808, 13.444616804268094 ], [ 121.873295342392467, 13.44492231623447 ], [ 121.873038809727291, 13.444985203098533 ], [ 121.872963767488727, 13.444927656110444 ], [ 121.872917485718901, 13.444892164388705 ], [ 121.87272472789104, 13.445307530742102 ], [ 121.87301865030291, 13.445410236232066 ], [ 121.873142332166452, 13.44538766613236 ], [ 121.873281887308337, 13.445468335055358 ], [ 121.873347225645503, 13.445486415129853 ], [ 121.873377010981258, 13.444945805668208 ], [ 121.873542489527381, 13.444923422430273 ], [ 121.873465784972225, 13.44461535378173 ] ] ] } },
{ "type": "Feature", "properties": { "Id": 0, "CLN": "15200 pt", "PSGC": "174001054", "Barangay": "Tagwak", "Land_Class": null, "PIN": "030-01-050-01-063", "ALN": "063", "Section": "01", "Brgy_Code": "050" }, "geometry": { "type": "Polygon", "coordinates": [ [ [ 121.873585692263532, 13.445535598927666 ], [ 121.873530417260142, 13.446231516270897 ], [ 121.8737397632447, 13.446280084938442 ], [ 121.873795204751204, 13.445536902368342 ], [ 121.873585692263532, 13.445535598927666 ] ] ] } },
{ "type": "Feature", "properties": { "Id": 0, "CLN": "15185", "PSGC": "174001054", "Barangay": "Tagwak", "Land_Class": null, "PIN": "030-01-050-02-002", "ALN": "002", "Section": "02", "Brgy_Code": "050" }, "geometry": { "type": "Polygon", "coordinates": [ [ [ 121.870084702051543, 13.44222517487159 ], [ 121.87023678497448, 13.442219774059625 ], [ 121.870221171117237, 13.44183713044591 ], [ 121.870123739974701, 13.441842413717273 ], [ 121.870066852411341, 13.441926059410614 ], [ 121.870084702051543, 13.44222517487159 ] ] ] } },
{ "type": "Feature", "properties": { "Id": 0, "CLN": "15183", "PSGC": "174001054", "Barangay": "Tagwak", "Land_Class": null, "PIN": "030-01-050-02-001", "ALN": "001", "Section": "02", "Brgy_Code": "050" }, "geometry": { "type": "Polygon", "coordinates": [ [ [ 121.870084702051543, 13.44222517487159 ], [ 121.870066852411341, 13.441926059410614 ], [ 121.870012377426164, 13.441910560178062 ], [ 121.870030848181813, 13.441710424761302 ], [ 121.869917966414235, 13.44168703599194 ], [ 121.869855827496934, 13.442207194261799 ], [ 121.870084702051543, 13.44222517487159 ] ] ] } },
{ "type": "Feature", "properties": { "Id": 0, "CLN": "15187", "PSGC": "174001054", "Barangay": "Tagwak", "Land_Class": null, "PIN": "030-01-050-02-005", "ALN": "005", "Section": "02", "Brgy_Code": "050" }, "geometry": { "type": "Polygon", "coordinates": [ [ [ 121.870773287072694, 13.442499374697729 ], [ 121.871065286780052, 13.442546448529571 ], [ 121.871056153240687, 13.442416742337087 ], [ 121.871059743570527, 13.442065899564907 ], [ 121.871182482127026, 13.442064543096237 ], [ 121.871202489532166, 13.441952129138656 ], [ 121.871294085387547, 13.441944912447481 ], [ 121.871298392026233, 13.441857217028833 ], [ 121.871187475956688, 13.441830023944213 ], [ 121.870776652694673, 13.441780510530837 ], [ 121.870774017214444, 13.441927325511971 ], [ 121.870806679433741, 13.442024720935569 ], [ 121.870773287072694, 13.442499374697729 ] ] ] } },
{ "type": "Feature", "properties": { "Id": 0, "CLN": "15186", "PSGC": "174001054", "Barangay": "Tagwak", "Land_Class": null, "PIN": "030-01-050-02-004", "ALN": "004", "Section": "02", "Brgy_Code": "050" }, "geometry": { "type": "Polygon", "coordinates": [ [ [ 121.870453639150639, 13.442532263817508 ], [ 121.870773287072694, 13.442499374697729 ], [ 121.870806679433741, 13.442024720935569 ], [ 121.870774017214444, 13.441927325511971 ], [ 121.870776652694673, 13.441780510530837 ], [ 121.871187475956688, 13.441830023944213 ], [ 121.871003038936934, 13.441278119632393 ], [ 121.87033385529547, 13.441486777294241 ], [ 121.87041646203734, 13.441735037325603 ], [ 121.87033655477984, 13.441742306149902 ], [ 121.870349834164003, 13.441818639389787 ], [ 121.870414156751991, 13.441811300637768 ], [ 121.870453639150639, 13.442532263817508 ] ] ] } },
{ "type": "Feature", "properties": { "Id": 0, "CLN": "15371", "PSGC": "174001054", "Barangay": "Tagwak", "Land_Class": null, "PIN": "030-01-050-02-024", "ALN": "024", "Section": "02", "Brgy_Code": "050" }, "geometry": { "type": "Polygon", "coordinates": [ [ [ 121.871065286780052, 13.442546448529571 ], [ 121.871620725355896, 13.442499360878081 ], [ 121.871634424454413, 13.442486074386549 ], [ 121.871056153240687, 13.442416742337087 ], [ 121.871065286780052, 13.442546448529571 ] ] ] } },
{ "type": "Feature", "properties": { "Id": 0, "CLN": "15189", "PSGC": "174001054", "Barangay": "Tagwak", "Land_Class": null, "PIN": "030-01-050-02-007", "ALN": "007", "Section": "02", "Brgy_Code": "050" }, "geometry": { "type": "Polygon", "coordinates": [ [ [ 121.871634424454413, 13.442486074386549 ], [ 121.871587104897046, 13.442190301776861 ], [ 121.871830910576435, 13.442128468676637 ], [ 121.871683196714216, 13.44162529806648 ], [ 121.871612307280216, 13.441383820535435 ], [ 121.871603878130742, 13.441103476958006 ], [ 121.871518599643153, 13.441009659469426 ], [ 121.871438746160337, 13.441005487852932 ], [ 121.871293936820805, 13.441144038166984 ], [ 121.871395909344599, 13.441417173714624 ], [ 121.871467310435676, 13.441562413778302 ], [ 121.87150903531878, 13.441804769749671 ], [ 121.871493218659722, 13.441854276743621 ], [ 121.871298392026262, 13.441857217028851 ], [ 121.871294085387518, 13.441944912447482 ], [ 121.871202489532166, 13.441952129138674 ], [ 121.871182482127026, 13.442064543096253 ], [ 121.871059743570527, 13.442065899564907 ], [ 121.871056153240687, 13.442416742337107 ], [ 121.871634424454413, 13.442486074386549 ] ] ] } },
{ "type": "Feature", "properties": { "Id": 0, "CLN": "15191", "PSGC": "174001054", "Barangay": "Tagwak", "Land_Class": null, "PIN": "030-01-050-02-009", "ALN": "009", "Section": "02", "Brgy_Code": "050" }, "geometry": { "type": "Polygon", "coordinates": [ [ [ 121.871830910576435, 13.442128468676616 ], [ 121.872127261080863, 13.442078311796831 ], [ 121.872071979178187, 13.441818733563409 ], [ 121.87197970157537, 13.441555175878799 ], [ 121.871683196714216, 13.44162529806648 ], [ 121.871830910576435, 13.442128468676616 ] ] ] } },
{ "type": "Feature", "properties": { "Id": 0, "CLN": "15190", "PSGC": "174001054", "Barangay": "Tagwak", "Land_Class": null, "PIN": "030-01-050-02-008", "ALN": "008", "Section": "02", "Brgy_Code": "050" }, "geometry": { "type": "Polygon", "coordinates": [ [ [ 121.871634424454413, 13.442486074386549 ], [ 121.871620725355896, 13.442499360878081 ], [ 121.871731258226873, 13.442608546287525 ], [ 121.871827637201307, 13.442828265065105 ], [ 121.871913219645194, 13.442857251223195 ], [ 121.872030185688729, 13.442840613765346 ], [ 121.871982785342993, 13.442562002414453 ], [ 121.871914646647539, 13.442552162875941 ], [ 121.871830910576406, 13.442128468676618 ], [ 121.871587104897046, 13.442190301776861 ], [ 121.871634424454413, 13.442486074386549 ] ] ] } },
{ "type": "Feature", "properties": { "Id": 0, "CLN": "15194 pt", "PSGC": "174001054", "Barangay": "Tagwak", "Land_Class": null, "PIN": "030-01-050-02-030", "ALN": "030", "Section": "02", "Brgy_Code": "050" }, "geometry": { "type": "Polygon", "coordinates": [ [ [ 121.872828633002328, 13.441633217494184 ], [ 121.8728076246623, 13.441555997192857 ], [ 121.872742807747542, 13.441572604944112 ], [ 121.872765502321101, 13.441648810217922 ], [ 121.872828633002328, 13.441633217494184 ] ] ] } },
{ "type": "Feature", "properties": { "Id": 0, "CLN": "15372", "PSGC": "174001054", "Barangay": "Tagwak", "Land_Class": null, "PIN": "030-01-050-02-013", "ALN": "013", "Section": "02", "Brgy_Code": "050" }, "geometry": { "type": "Polygon", "coordinates": [ [ [ 121.872193223663771, 13.443386701123805 ], [ 121.872243923477001, 13.442959795599995 ], [ 121.87203782646975, 13.442873064318713 ], [ 121.872030185688729, 13.442840613765346 ], [ 121.871913219645194, 13.442857251223195 ], [ 121.872002243475606, 13.44298350172399 ], [ 121.872148529126747, 13.442946020326847 ], [ 121.872162036216778, 13.443390375078481 ], [ 121.872193223663771, 13.443386701123805 ] ] ] } },
{ "type": "Feature", "properties": { "Id": 0, "CLN": "15195", "PSGC": "174001054", "Barangay": "Tagwak", "Land_Class": null, "PIN": "030-01-050-02-014", "ALN": "014", "Section": "02", "Brgy_Code": "050" }, "geometry": { "type": "Polygon", "coordinates": [ [ [ 121.872723155579919, 13.443894735330719 ], [ 121.872728279281688, 13.443750967514346 ], [ 121.872861740199255, 13.443770083657437 ], [ 121.872936625594662, 13.443622270893421 ], [ 121.872996835195082, 13.44343953402389 ], [ 121.872902085434532, 13.443392631977916 ], [ 121.872857108087416, 13.443491195968955 ], [ 121.872329248163396, 13.443404590798636 ], [ 121.8721932236638, 13.443386701123806 ], [ 121.872162036216778, 13.443390375078481 ], [ 121.872131798100256, 13.443607619603506 ], [ 121.872224977096309, 13.44367859024198 ], [ 121.872260025120184, 13.443682560946776 ], [ 121.872608280074033, 13.443709035791136 ], [ 121.872596305786203, 13.443889809930745 ], [ 121.872723155579919, 13.443894735330719 ] ] ] } },
{ "type": "Feature", "properties": { "Id": 0, "CLN": "15188", "PSGC": "174001054", "Barangay": "Tagwak", "Land_Class": null, "PIN": "030-01-050-02-006", "ALN": "006", "Section": "02", "Brgy_Code": "050" }, "geometry": { "type": "Polygon", "coordinates": [ [ [ 121.871187475956688, 13.441830023944213 ], [ 121.871298392026233, 13.441857217028833 ], [ 121.871493218659722, 13.441854276743621 ], [ 121.87150903531878, 13.441804769749671 ], [ 121.871467310435705, 13.44156241377828 ], [ 121.871395909344571, 13.441417173714605 ], [ 121.871293936820777, 13.44114403816697 ], [ 121.871003038936934, 13.441278119632393 ], [ 121.871187475956688, 13.441830023944213 ] ] ] } },
{ "type": "Feature", "properties": { "Id": 0, "CLN": "15192", "PSGC": "174001054", "Barangay": "Tagwak", "Land_Class": null, "PIN": "030-01-050-02-010", "ALN": "010", "Section": "02", "Brgy_Code": "050" }, "geometry": { "type": "Polygon", "coordinates": [ [ [ 121.872384901155428, 13.441779773033208 ], [ 121.872156001151211, 13.441348119906364 ], [ 121.872153638505324, 13.441020132412721 ], [ 121.871617612824451, 13.441082563250973 ], [ 121.871603878130742, 13.441103476958006 ], [ 121.871612307280216, 13.441383820535435 ], [ 121.871683196714216, 13.44162529806648 ], [ 121.871979701575398, 13.441555175878824 ], [ 121.872071979178187, 13.441818733563421 ], [ 121.872413410639894, 13.441841175201324 ], [ 121.872384901155428, 13.441779773033208 ] ] ] } },
{ "type": "Feature", "properties": { "Id": 0, "CLN": "15193", "PSGC": "174001054", "Barangay": "Tagwak", "Land_Class": null, "PIN": "030-01-050-02-011", "ALN": "011", "Section": "02", "Brgy_Code": "050" }, "geometry": { "type": "Polygon", "coordinates": [ [ [ 121.872935560696575, 13.441293268429739 ], [ 121.872996818772123, 13.441044768225604 ], [ 121.872655932903299, 13.441116771453483 ], [ 121.872638069395094, 13.440920613117301 ], [ 121.87276007964735, 13.440799835932934 ], [ 121.8727717999855, 13.440703074716897 ], [ 121.872483836187087, 13.440703010790214 ], [ 121.872473964183555, 13.441207868302815 ], [ 121.872252749967842, 13.441072061130834 ], [ 121.872153638505324, 13.441020132412721 ], [ 121.872156001151211, 13.441348119906364 ], [ 121.872384901155428, 13.441779773033208 ], [ 121.872611776124671, 13.441724416582575 ], [ 121.87258600544142, 13.441612781625079 ], [ 121.873056076660404, 13.441492337257241 ], [ 121.873036806235845, 13.441329260855596 ], [ 121.872935560696575, 13.441293268429739 ] ] ] } },
{ "type": "Feature", "properties": { "Id": 0, "CLN": "15214", "PSGC": "174001054", "Barangay": "Tagwak", "Land_Class": null, "PIN": "030-01-050-04-006", "ALN": "006", "Section": "04", "Brgy_Code": "050" }, "geometry": { "type": "Polygon", "coordinates": [ [ [ 121.876419089048653, 13.446488610038802 ], [ 121.87689988923897, 13.446963522719923 ], [ 121.877584287888794, 13.446427065733483 ], [ 121.876625753697411, 13.446039013807898 ], [ 121.876419089048653, 13.446488610038802 ] ] ] } },
{ "type": "Feature", "properties": { "Id": 0, "CLN": "15309", "PSGC": "174001054", "Barangay": "Tagwak", "Land_Class": null, "PIN": "030-01-050-04-014", "ALN": "014", "Section": "04", "Brgy_Code": "050" }, "geometry": { "type": "Polygon", "coordinates": [ [ [ 121.877493539054541, 13.445169657594034 ], [ 121.877147096956477, 13.445129178581551 ], [ 121.877123383376727, 13.445340427331377 ], [ 121.877338406524515, 13.445536055179804 ], [ 121.877445387422981, 13.445747886896434 ], [ 121.878020407762108, 13.446734918288364 ], [ 121.878205161584674, 13.44612734365136 ], [ 121.87822815657043, 13.446051722928274 ], [ 121.877498496460007, 13.445325414644506 ], [ 121.877493539054541, 13.445169657594034 ] ] ] } },
{ "type": "Feature", "properties": { "Id": 0, "CLN": "15308", "PSGC": "174001054", "Barangay": "Tagwak", "Land_Class": null, "PIN": "030-01-050-04-011", "ALN": "011", "Section": "04", "Brgy_Code": "050" }, "geometry": { "type": "Polygon", "coordinates": [ [ [ 121.877123383376684, 13.445340427331377 ], [ 121.87676025679319, 13.445222005885645 ], [ 121.876685945768742, 13.445316227582598 ], [ 121.876894508986922, 13.445678685782733 ], [ 121.877445387422952, 13.445747886896399 ], [ 121.877338406524458, 13.445536055179804 ], [ 121.877123383376684, 13.445340427331377 ] ] ] } },
{ "type": "Feature", "properties": { "Id": 0, "CLN": "15303", "PSGC": "174001054", "Barangay": "Tagwak", "Land_Class": null, "PIN": "030-01-050-04-013", "ALN": "013", "Section": "04", "Brgy_Code": "050" }, "geometry": { "type": "Polygon", "coordinates": [ [ [ 121.876608465722612, 13.444870924917389 ], [ 121.87676025679319, 13.445222005885645 ], [ 121.877123383376684, 13.445340427331377 ], [ 121.877147096956477, 13.445129178581551 ], [ 121.876965469005768, 13.445083872563504 ], [ 121.876608465722612, 13.444870924917389 ] ] ] } },
{ "type": "Feature", "properties": { "Id": 0, "CLN": "15310", "PSGC": "174001054", "Barangay": "Tagwak", "Land_Class": null, "PIN": "030-01-050-04-015", "ALN": "015", "Section": "04", "Brgy_Code": "050" }, "geometry": { "type": "Polygon", "coordinates": [ [ [ 121.877211286103247, 13.444767937408251 ], [ 121.876965469005768, 13.445083872563504 ], [ 121.877147096956477, 13.445129178581551 ], [ 121.877493539054541, 13.445169657594034 ], [ 121.877498496459992, 13.445325414644504 ], [ 121.878228145578532, 13.446051734067547 ], [ 121.878336820236342, 13.445902034218989 ], [ 121.878683858659898, 13.445814589173049 ], [ 121.878345529639475, 13.445251323302116 ], [ 121.878057799778674, 13.444805083843224 ], [ 121.877927131760856, 13.444798939408084 ], [ 121.877381678660328, 13.444785383314255 ], [ 121.877211286103247, 13.444767937408251 ] ] ] } },
{ "type": "Feature", "properties": { "Id": 0, "CLN": "15314", "PSGC": "174001054", "Barangay": "Tagwak", "Land_Class": null, "PIN": "030-01-050-04-033", "ALN": "033", "Section": "04", "Brgy_Code": "050" }, "geometry": { "type": "Polygon", "coordinates": [ [ [ 121.87747412365448, 13.444457639825023 ], [ 121.877381678660328, 13.444785383314255 ], [ 121.877927131760856, 13.444798939408084 ], [ 121.877895444577902, 13.444281535571584 ], [ 121.877617346899612, 13.444207990177032 ], [ 121.87747412365448, 13.444457639825023 ] ] ] } },
{ "type": "Feature", "properties": { "Id": 0, "CLN": "15313", "PSGC": "174001054", "Barangay": "Tagwak", "Land_Class": null, "PIN": "030-01-050-04-034", "ALN": "034", "Section": "04", "Brgy_Code": "050" }, "geometry": { "type": "Polygon", "coordinates": [ [ [ 121.877895444577902, 13.444281535571584 ], [ 121.877927131760856, 13.444798939408084 ], [ 121.878212439104487, 13.44454436079088 ], [ 121.878128290780964, 13.444310383281111 ], [ 121.877895444577902, 13.444281535571584 ] ] ] } },
{ "type": "Feature", "properties": { "Id": 0, "CLN": "15311", "PSGC": "174001054", "Barangay": "Tagwak", "Land_Class": null, "PIN": "030-01-050-04-037", "ALN": "037", "Section": "04", "Brgy_Code": "050" }, "geometry": { "type": "Polygon", "coordinates": [ [ [ 121.878683858659898, 13.445814589173049 ], [ 121.878958474139409, 13.44541535104567 ], [ 121.879311788581177, 13.445200007813046 ], [ 121.879528131593148, 13.445111979541611 ], [ 121.879472160941162, 13.444928185507113 ], [ 121.879598128767881, 13.444722953519021 ], [ 121.87901979655166, 13.444447842269 ], [ 121.878345529639475, 13.445251323302116 ], [ 121.878683858659898, 13.445814589173049 ] ] ] } },
{ "type": "Feature", "properties": { "Id": 0, "CLN": "15312", "PSGC": "174001054", "Barangay": "Tagwak", "Land_Class": null, "PIN": "030-01-050-04-036", "ALN": "036", "Section": "04", "Brgy_Code": "050" }, "geometry": { "type": "Polygon", "coordinates": [ [ [ 121.878345529639475, 13.445251323302116 ], [ 121.87901979655166, 13.444447842269 ], [ 121.879049061398732, 13.444264427744475 ], [ 121.878431730695809, 13.443822282658502 ], [ 121.878509162245933, 13.444278708734533 ], [ 121.878212439104487, 13.44454436079088 ], [ 121.877927131760856, 13.444798939408084 ], [ 121.878057799778674, 13.444805083843224 ], [ 121.878345529639475, 13.445251323302116 ] ] ] } },
{ "type": "Feature", "properties": { "Id": 0, "CLN": "15359", "PSGC": "174001054", "Barangay": "Tagwak", "Land_Class": null, "PIN": "030-01-050-04-035", "ALN": "035", "Section": "04", "Brgy_Code": "050" }, "geometry": { "type": "Polygon", "coordinates": [ [ [ 121.878431730695809, 13.443822282658502 ], [ 121.878101612731982, 13.443937612808185 ], [ 121.878128290780964, 13.444310383281111 ], [ 121.878212439104487, 13.44454436079088 ], [ 121.878509162245933, 13.444278708734533 ], [ 121.878431730695809, 13.443822282658502 ] ] ] } },
{ "type": "Feature", "properties": { "Id": 0, "CLN": "15356", "PSGC": "174001054", "Barangay": "Tagwak", "Land_Class": null, "PIN": "030-01-050-04-030", "ALN": "030", "Section": "04", "Brgy_Code": "050" }, "geometry": { "type": "Polygon", "coordinates": [ [ [ 121.878431730695809, 13.443822282658502 ], [ 121.878381158893703, 13.443699694110144 ], [ 121.878285128618103, 13.443576902990502 ], [ 121.878240549688229, 13.443387597554615 ], [ 121.878041487705374, 13.443425644157768 ], [ 121.877813884714158, 13.443491373183498 ], [ 121.877915027700013, 13.443736550452748 ], [ 121.878101612731982, 13.443937612808185 ], [ 121.878431730695809, 13.443822282658502 ] ] ] } },
{ "type": "Feature", "properties": { "Id": 0, "CLN": "15358", "PSGC": "174001054", "Barangay": "Tagwak", "Land_Class": null, "PIN": "030-01-050-04-032", "ALN": "032", "Section": "04", "Brgy_Code": "050" }, "geometry": { "type": "Polygon", "coordinates": [ [ [ 121.877617346899626, 13.444207990177048 ], [ 121.877895444577902, 13.444281535571584 ], [ 121.878128290780964, 13.444310383281143 ], [ 121.878101612731982, 13.443937612808222 ], [ 121.877915027700041, 13.443736550452758 ], [ 121.877556368630593, 13.443879562464284 ], [ 121.877617346899626, 13.444207990177048 ] ] ] } },
{ "type": "Feature", "properties": { "Id": 0, "CLN": "15357", "PSGC": "174001054", "Barangay": "Tagwak", "Land_Class": null, "PIN": "030-01-050-04-031", "ALN": "031", "Section": "04", "Brgy_Code": "050" }, "geometry": { "type": "Polygon", "coordinates": [ [ [ 121.877556368630593, 13.443879562464284 ], [ 121.877915027700013, 13.443736550452748 ], [ 121.877813884714158, 13.443491373183498 ], [ 121.877575072302378, 13.443523680233751 ], [ 121.877556368630593, 13.443879562464284 ] ] ] } },
{ "type": "Feature", "properties": { "Id": 0, "CLN": "15361", "PSGC": "174001054", "Barangay": "Tagwak", "Land_Class": null, "PIN": "030-01-050-04-038", "ALN": "038", "Section": "04", "Brgy_Code": "050" }, "geometry": { "type": "Polygon", "coordinates": [ [ [ 121.879019796551688, 13.444447842269 ], [ 121.879598128767881, 13.444722953519035 ], [ 121.879911019416681, 13.444646478544749 ], [ 121.879934239625911, 13.444540904506916 ], [ 121.880059147808012, 13.444563708166136 ], [ 121.880112179882616, 13.444467743634757 ], [ 121.879272455874315, 13.443881646848951 ], [ 121.879049061398732, 13.444264427744475 ], [ 121.879019796551688, 13.444447842269 ] ] ] } },
{ "type": "Feature", "properties": { "Id": 0, "CLN": "15362", "PSGC": "174001054", "Barangay": "Tagwak", "Land_Class": null, "PIN": "030-01-050-04-040", "ALN": "040", "Section": "04", "Brgy_Code": "050" }, "geometry": { "type": "Polygon", "coordinates": [ [ [ 121.880112179882616, 13.444467743634757 ], [ 121.880172387192331, 13.444401121116742 ], [ 121.880173024105446, 13.444263963939303 ], [ 121.879876487277812, 13.443517245623843 ], [ 121.879796754003166, 13.443555824584651 ], [ 121.879272455874315, 13.443881646848951 ], [ 121.880112179882616, 13.444467743634757 ] ] ] } },
{ "type": "Feature", "properties": { "Id": 0, "CLN": "15363", "PSGC": "174001054", "Barangay": "Tagwak", "Land_Class": null, "PIN": "030-01-050-04-041", "ALN": "041", "Section": "04", "Brgy_Code": "050" }, "geometry": { "type": "Polygon", "coordinates": [ [ [ 121.880173024105446, 13.444263963939303 ], [ 121.880515820531329, 13.443999741191206 ], [ 121.88065574977395, 13.444043225980758 ], [ 121.88080742902514, 13.443971566109672 ], [ 121.880530909021388, 13.443314363975748 ], [ 121.879876487277812, 13.443517245623843 ], [ 121.880173024105446, 13.444263963939303 ] ] ] } },
{ "type": "Feature", "properties": { "Id": 0, "CLN": "15360", "PSGC": "174001054", "Barangay": "Tagwak", "Land_Class": null, "PIN": "030-01-050-04-039", "ALN": "039", "Section": "04", "Brgy_Code": "050" }, "geometry": { "type": "Polygon", "coordinates": [ [ [ 121.878431730695809, 13.443822282658502 ], [ 121.879049061398732, 13.444264427744475 ], [ 121.879272455874315, 13.443881646848933 ], [ 121.879796754003166, 13.443555824584651 ], [ 121.8793100131454, 13.443136510613339 ], [ 121.87878163624805, 13.443117471881299 ], [ 121.878928083488304, 13.443396222388282 ], [ 121.878381158893703, 13.443699694110144 ], [ 121.878431730695809, 13.443822282658502 ] ] ] } },
{ "type": "Feature", "properties": { "Id": 0, "CLN": "15366", "PSGC": "174001054", "Barangay": "Tagwak", "Land_Class": null, "PIN": "030-01-050-04-029", "ALN": "029", "Section": "04", "Brgy_Code": "050" }, "geometry": { "type": "Polygon", "coordinates": [ [ [ 121.878240549688229, 13.443387597554615 ], [ 121.878285128618103, 13.443576902990502 ], [ 121.878381158893703, 13.443699694110144 ], [ 121.878928083488304, 13.443396222388282 ], [ 121.87878163624805, 13.443117471881299 ], [ 121.878599905933271, 13.443094414529867 ], [ 121.878240549688229, 13.443387597554615 ] ] ] } },
{ "type": "Feature", "properties": { "Id": 0, "CLN": "15355", "PSGC": "174001054", "Barangay": "Tagwak", "Land_Class": null, "PIN": "030-01-050-04-028", "ALN": "028", "Section": "04", "Brgy_Code": "050" }, "geometry": { "type": "Polygon", "coordinates": [ [ [ 121.878041487705374, 13.443425644157768 ], [ 121.878240549688229, 13.443387597554615 ], [ 121.878599905933271, 13.443094414529867 ], [ 121.878426056470175, 13.44259862515346 ], [ 121.877999289476946, 13.442724648614204 ], [ 121.878041487705374, 13.443425644157768 ] ] ] } },
{ "type": "Feature", "properties": { "Id": 0, "CLN": "15353", "PSGC": "174001054", "Barangay": "Tagwak", "Land_Class": null, "PIN": "030-01-050-04-027", "ALN": "027", "Section": "04", "Brgy_Code": "050" }, "geometry": { "type": "Polygon", "coordinates": [ [ [ 121.877575072302378, 13.443523680233765 ], [ 121.877813884714158, 13.443491373183514 ], [ 121.878041487705374, 13.443425644157768 ], [ 121.877999289476946, 13.442724648614243 ], [ 121.877584714971789, 13.442672742850538 ], [ 121.877576206290044, 13.443423610582261 ], [ 121.877575072302378, 13.443523680233765 ] ] ] } },
{ "type": "Feature", "properties": { "Id": 0, "CLN": "15352", "PSGC": "174001054", "Barangay": "Tagwak", "Land_Class": null, "PIN": "030-01-050-04-025", "ALN": "025", "Section": "04", "Brgy_Code": "050" }, "geometry": { "type": "Polygon", "coordinates": [ [ [ 121.877576206290044, 13.443423610582245 ], [ 121.877584714971789, 13.442672742850538 ], [ 121.877476829077779, 13.442655575916046 ], [ 121.876887036281431, 13.442402657012973 ], [ 121.876931173730881, 13.442686514000883 ], [ 121.876629364653269, 13.442824216429042 ], [ 121.877098560895448, 13.443349134228615 ], [ 121.877576206290044, 13.443423610582245 ] ] ] } },
{ "type": "Feature", "properties": { "Id": 0, "CLN": "15350", "PSGC": "174001054", "Barangay": "Tagwak", "Land_Class": null, "PIN": "030-01-050-04-022", "ALN": "022", "Section": "04", "Brgy_Code": "050" }, "geometry": { "type": "Polygon", "coordinates": [ [ [ 121.876524484109837, 13.442161874939552 ], [ 121.87688703628146, 13.442402657013007 ], [ 121.877297636511358, 13.442087456592022 ], [ 121.876524489808958, 13.441991323293145 ], [ 121.876524484109837, 13.442161874939552 ] ] ] } },
{ "type": "Feature", "properties": { "Id": 0, "CLN": "15354", "PSGC": "174001054", "Barangay": "Tagwak", "Land_Class": null, "PIN": "030-01-050-04-024", "ALN": "024", "Section": "04", "Brgy_Code": "050" }, "geometry": { "type": "Polygon", "coordinates": [ [ [ 121.877297636511358, 13.442087456592022 ], [ 121.876887036281431, 13.442402657012973 ], [ 121.877476829077779, 13.442655575916046 ], [ 121.877775180809508, 13.44203952810777 ], [ 121.877467975430307, 13.442116025991105 ], [ 121.877297636511358, 13.442087456592022 ] ] ] } },
{ "type": "Feature", "properties": { "Id": 0, "CLN": "15369", "PSGC": "174001054", "Barangay": "Tagwak", "Land_Class": null, "PIN": "030-01-050-04-026", "ALN": "026", "Section": "04", "Brgy_Code": "050" }, "geometry": { "type": "Polygon", "coordinates": [ [ [ 121.877476829077779, 13.44265557591606 ], [ 121.877584714971789, 13.442672742850538 ], [ 121.877999289476946, 13.442724648614243 ], [ 121.878238181130257, 13.442191936100873 ], [ 121.878341706411334, 13.442149812373636 ], [ 121.878009187093753, 13.441959971429931 ], [ 121.877861165382114, 13.44187861442119 ], [ 121.877758666428591, 13.441922664435562 ], [ 121.877775180809508, 13.442039528107754 ], [ 121.877476829077779, 13.44265557591606 ] ] ] } },
{ "type": "Feature", "properties": { "Id": 0, "CLN": "15347", "PSGC": "174001054", "Barangay": "Tagwak", "Land_Class": null, "PIN": "030-01-050-03-015", "ALN": "015", "Section": "03", "Brgy_Code": "050" }, "geometry": { "type": "Polygon", "coordinates": [ [ [ 121.875487308427921, 13.441854874917455 ], [ 121.875541690472289, 13.442285038102794 ], [ 121.875600990430669, 13.442296922432881 ], [ 121.875751325505362, 13.441879292999323 ], [ 121.875487308427921, 13.441854874917455 ] ] ] } },
{ "type": "Feature", "properties": { "Id": 0, "CLN": "15342", "PSGC": "174001054", "Barangay": "Tagwak", "Land_Class": null, "PIN": "030-01-050-03-016", "ALN": "016", "Section": "03", "Brgy_Code": "050" }, "geometry": { "type": "Polygon", "coordinates": [ [ [ 121.875496930805866, 13.441485724696197 ], [ 121.875477134420962, 13.441487749106447 ], [ 121.875420231714301, 13.441475547966007 ], [ 121.875125723570861, 13.441376665349894 ], [ 121.874871955952372, 13.441266017508415 ], [ 121.874389285103192, 13.441381349707271 ], [ 121.874599884674055, 13.441868338696571 ], [ 121.874764083779382, 13.442296087964047 ], [ 121.874835390021744, 13.442278977475279 ], [ 121.874736412437613, 13.441866044103532 ], [ 121.874974140097962, 13.441800294633335 ], [ 121.875040351387895, 13.442239225321726 ], [ 121.875060895001653, 13.442288699849083 ], [ 121.875221069841785, 13.442306844741928 ], [ 121.875541690472289, 13.442285038102808 ], [ 121.875487308427921, 13.441854874917455 ], [ 121.875496930805866, 13.441485724696197 ] ] ] } },
{ "type": "Feature", "properties": { "Id": 0, "CLN": "15341", "PSGC": "174001054", "Barangay": "Tagwak", "Land_Class": null, "PIN": "030-01-050-03-028", "ALN": "028", "Section": "03", "Brgy_Code": "050" }, "geometry": { "type": "Polygon", "coordinates": [ [ [ 121.874029600404029, 13.441302074865691 ], [ 121.874129661027212, 13.441514747513651 ], [ 121.8743892960956, 13.441381338569867 ], [ 121.874282262634779, 13.441213602472475 ], [ 121.87410698464862, 13.441284500491305 ], [ 121.874029600404029, 13.441302074865691 ] ] ] } },
{ "type": "Feature", "properties": { "Id": 0, "CLN": "15340", "PSGC": "174001054", "Barangay": "Tagwak", "Land_Class": null, "PIN": "030-01-050-03-027", "ALN": "027", "Section": "03", "Brgy_Code": "050" }, "geometry": { "type": "Polygon", "coordinates": [ [ [ 121.874027742776505, 13.441264234498689 ], [ 121.873777373333709, 13.441327260459529 ], [ 121.873832281197252, 13.441644136400654 ], [ 121.874129661027212, 13.441514747513651 ], [ 121.874029600404029, 13.441302074865691 ], [ 121.874027742776505, 13.441264234498689 ] ] ] } },
{ "type": "Feature", "properties": { "Id": 0, "CLN": "15339", "PSGC": "174001054", "Barangay": "Tagwak", "Land_Class": null, "PIN": "030-01-050-03-023", "ALN": "023", "Section": "03", "Brgy_Code": "050" }, "geometry": { "type": "Polygon", "coordinates": [ [ [ 121.874471257605364, 13.442482959781294 ], [ 121.874795619449515, 13.442374932631886 ], [ 121.874764083779326, 13.442296087964028 ], [ 121.874599884674055, 13.441868338696571 ], [ 121.874448733854635, 13.441943643369816 ], [ 121.874361821845838, 13.441966130601994 ], [ 121.874296595887159, 13.441991982746247 ], [ 121.874471257605364, 13.442482959781294 ] ] ] } },
{ "type": "Feature", "properties": { "Id": 0, "CLN": "15335", "PSGC": "174001054", "Barangay": "Tagwak", "Land_Class": null, "PIN": "030-01-050-03-024", "ALN": "024", "Section": "03", "Brgy_Code": "050" }, "geometry": { "type": "Polygon", "coordinates": [ [ [ 121.874190206714857, 13.442610788025565 ], [ 121.87435729286392, 13.442578855455169 ], [ 121.87448763071059, 13.442551660436774 ], [ 121.874471257605364, 13.442482959781294 ], [ 121.874296595887159, 13.441991982746247 ], [ 121.873999164936734, 13.442052744115133 ], [ 121.874190206714857, 13.442610788025565 ] ] ] } },
{ "type": "Feature", "properties": { "Id": 0, "CLN": "15338", "PSGC": "174001054", "Barangay": "Tagwak", "Land_Class": null, "PIN": "030-01-050-03-022", "ALN": "022", "Section": "03", "Brgy_Code": "050" }, "geometry": { "type": "Polygon", "coordinates": [ [ [ 121.874538937894712, 13.442646661065538 ], [ 121.874821490311191, 13.442554786849719 ], [ 121.874795619449515, 13.442374932631886 ], [ 121.874471257605364, 13.442482959781294 ], [ 121.87448763071059, 13.442551660436774 ], [ 121.874538937894712, 13.442646661065538 ] ] ] } },
{ "type": "Feature", "properties": { "Id": 0, "CLN": "15337", "PSGC": "174001054", "Barangay": "Tagwak", "Land_Class": null, "PIN": "030-01-050-03-021", "ALN": "021", "Section": "03", "Brgy_Code": "050" }, "geometry": { "type": "Polygon", "coordinates": [ [ [ 121.874821490311191, 13.442554786849719 ], [ 121.874538937894712, 13.442646661065538 ], [ 121.874631635464027, 13.442815376135632 ], [ 121.874967965082519, 13.442646944768192 ], [ 121.874821490311191, 13.442554786849719 ] ] ] } },
{ "type": "Feature", "properties": { "Id": 0, "CLN": "15343", "PSGC": "174001054", "Barangay": "Tagwak", "Land_Class": null, "PIN": "030-01-050-03-017", "ALN": "017", "Section": "03", "Brgy_Code": "050" }, "geometry": { "type": "Polygon", "coordinates": [ [ [ 121.874835390021744, 13.442278977475295 ], [ 121.874889582406041, 13.442272411397807 ], [ 121.875040351387895, 13.442239225321726 ], [ 121.874974140097933, 13.441800294633339 ], [ 121.874736412437613, 13.441866044103532 ], [ 121.874835390021744, 13.442278977475295 ] ] ] } },
{ "type": "Feature", "properties": { "Id": 0, "CLN": "15344", "PSGC": "174001054", "Barangay": "Tagwak", "Land_Class": null, "PIN": "030-01-050-03-019", "ALN": "019", "Section": "03", "Brgy_Code": "050" }, "geometry": { "type": "Polygon", "coordinates": [ [ [ 121.874889582406041, 13.442272411397807 ], [ 121.874835390021744, 13.442278977475295 ], [ 121.874764083779326, 13.442296087964028 ], [ 121.874795619449515, 13.442374932631886 ], [ 121.874821490311191, 13.442554786849719 ], [ 121.874967965082519, 13.442646944768192 ], [ 121.875234167458657, 13.442839310803842 ], [ 121.875264276510094, 13.44282637343081 ], [ 121.875329449282333, 13.442811958720299 ], [ 121.874889582406041, 13.442272411397807 ] ] ] } },
{ "type": "Feature", "properties": { "Id": 0, "CLN": "15345", "PSGC": "174001054", "Barangay": "Tagwak", "Land_Class": null, "PIN": "030-01-050-03-018", "ALN": "018", "Section": "03", "Brgy_Code": "050" }, "geometry": { "type": "Polygon", "coordinates": [ [ [ 121.875329449282333, 13.442811958720299 ], [ 121.87543473949745, 13.442786285296087 ], [ 121.875221069841757, 13.442306844741905 ], [ 121.875060895001653, 13.442288699849083 ], [ 121.875040351387895, 13.442239225321726 ], [ 121.874889582406041, 13.442272411397807 ], [ 121.875329449282333, 13.442811958720299 ] ] ] } },
{ "type": "Feature", "properties": { "Id": 0, "CLN": "15348", "PSGC": "174001054", "Barangay": "Tagwak", "Land_Class": null, "PIN": "030-01-050-03-014", "ALN": "014", "Section": "03", "Brgy_Code": "050" }, "geometry": { "type": "Polygon", "coordinates": [ [ [ 121.875600990430669, 13.442296922432881 ], [ 121.8760086246821, 13.442509436396154 ], [ 121.876174583471197, 13.442122286758469 ], [ 121.876255469396853, 13.441959975248523 ], [ 121.875751325505362, 13.441879292999323 ], [ 121.875600990430669, 13.442296922432881 ] ] ] } },
{ "type": "Feature", "properties": { "Id": 0, "CLN": "15351", "PSGC": "174001054", "Barangay": "Tagwak", "Land_Class": null, "PIN": "030-01-050-04-021", "ALN": "021", "Section": "04", "Brgy_Code": "050" }, "geometry": { "type": "Polygon", "coordinates": [ [ [ 121.87688703628146, 13.442402657013007 ], [ 121.876524484109837, 13.442161874939552 ], [ 121.876352402182874, 13.442175368101715 ], [ 121.876174583471197, 13.442122286758487 ], [ 121.8760086246821, 13.442509436396154 ], [ 121.876095209376984, 13.442557208612664 ], [ 121.876629364653269, 13.442824216429061 ], [ 121.876931173730881, 13.442686514000901 ], [ 121.87688703628146, 13.442402657013007 ] ] ] } },
{ "type": "Feature", "properties": { "Id": 0, "CLN": "15346", "PSGC": "174001054", "Barangay": "Tagwak", "Land_Class": null, "PIN": "030-01-050-03-013", "ALN": "013", "Section": "03", "Brgy_Code": "050" }, "geometry": { "type": "Polygon", "coordinates": [ [ [ 121.876095209377013, 13.44255720861263 ], [ 121.8760086246821, 13.442509436396154 ], [ 121.875600990430669, 13.442296922432881 ], [ 121.875541690472289, 13.442285038102794 ], [ 121.875221069841757, 13.442306844741905 ], [ 121.87543473949745, 13.442786285296087 ], [ 121.875472936194939, 13.442828939598494 ], [ 121.875280993331572, 13.443179389379269 ], [ 121.875672823790339, 13.4432808129795 ], [ 121.876095209377013, 13.44255720861263 ] ] ] } },
{ "type": "Feature", "properties": { "Id": 0, "CLN": "15315", "PSGC": "174001054", "Barangay": "Tagwak", "Land_Class": null, "PIN": "030-01-050-04-020", "ALN": "020", "Section": "04", "Brgy_Code": "050" }, "geometry": { "type": "Polygon", "coordinates": [ [ [ 121.877576206290044, 13.443423610582261 ], [ 121.877098560895448, 13.443349134228633 ], [ 121.876629364653269, 13.442824216429061 ], [ 121.876095209376984, 13.442557208612664 ], [ 121.875672823790339, 13.443280812979516 ], [ 121.875613604571171, 13.443450483169524 ], [ 121.875947145693658, 13.44352223423817 ], [ 121.875994473696281, 13.44339662852474 ], [ 121.877028327235621, 13.443788215930596 ], [ 121.876931054406981, 13.44393239296887 ], [ 121.876816527251421, 13.444120988661599 ], [ 121.87747412365448, 13.444457639825023 ], [ 121.877617346899626, 13.444207990177048 ], [ 121.877556368630593, 13.443879562464284 ], [ 121.877575072302378, 13.443523680233765 ], [ 121.877576206290044, 13.443423610582261 ] ] ] } },
{ "type": "Feature", "properties": { "Id": 0, "CLN": "15325", "PSGC": "174001054", "Barangay": "Tagwak", "Land_Class": null, "PIN": "030-01-050-03-011", "ALN": "011", "Section": "03", "Brgy_Code": "050" }, "geometry": { "type": "Polygon", "coordinates": [ [ [ 121.875613604571171, 13.443450483169507 ], [ 121.875672823790339, 13.4432808129795 ], [ 121.875280993331572, 13.443179389379269 ], [ 121.874937642706726, 13.443063475981742 ], [ 121.875141401587726, 13.443400987915945 ], [ 121.875172852359569, 13.443458318005504 ], [ 121.875611440060254, 13.443556682683612 ], [ 121.875616554742578, 13.443533829705613 ], [ 121.875613604571171, 13.443450483169507 ] ] ] } },
{ "type": "Feature", "properties": { "Id": 0, "CLN": "15326", "PSGC": "174001054", "Barangay": "Tagwak", "Land_Class": null, "PIN": "030-01-050-03-012", "ALN": "012", "Section": "03", "Brgy_Code": "050" }, "geometry": { "type": "Polygon", "coordinates": [ [ [ 121.874937642706726, 13.443063475981742 ], [ 121.875280993331572, 13.443179389379269 ], [ 121.875472936194939, 13.442828939598494 ], [ 121.87543473949745, 13.442786285296087 ], [ 121.875329449282333, 13.442811958720299 ], [ 121.875264276510094, 13.44282637343081 ], [ 121.875234167458657, 13.442839310803842 ], [ 121.874934433606086, 13.443035683858154 ], [ 121.874937642706726, 13.443063475981742 ] ] ] } },
{ "type": "Feature", "properties": { "Id": 0, "CLN": "15324", "PSGC": "174001054", "Barangay": "Tagwak", "Land_Class": null, "PIN": "030-01-050-03-005", "ALN": "005", "Section": "03", "Brgy_Code": "050" }, "geometry": { "type": "Polygon", "coordinates": [ [ [ 121.874937642706726, 13.443063475981742 ], [ 121.874934433606057, 13.4430356838582 ], [ 121.87470616073071, 13.44330100342671 ], [ 121.874774024335409, 13.443425489797793 ], [ 121.874843473494309, 13.443567957098937 ], [ 121.875141401587726, 13.443400987915945 ], [ 121.874937642706726, 13.443063475981742 ] ] ] } },
{ "type": "Feature", "properties": { "Id": 0, "CLN": "15316", "PSGC": "174001054", "Barangay": "Tagwak", "Land_Class": null, "PIN": "030-01-050-04-019", "ALN": "019", "Section": "04", "Brgy_Code": "050" }, "geometry": { "type": "Polygon", "coordinates": [ [ [ 121.877028327235621, 13.443788215930596 ], [ 121.875994473696281, 13.44339662852474 ], [ 121.875947145693658, 13.44352223423817 ], [ 121.875613604571171, 13.443450483169524 ], [ 121.875616554742578, 13.443533829705613 ], [ 121.875611440060254, 13.443556682683612 ], [ 121.875513627697984, 13.443768664119228 ], [ 121.875429749001185, 13.443856524717651 ], [ 121.875952688322968, 13.44376572313662 ], [ 121.875936390897238, 13.44368068300807 ], [ 121.876416690217823, 13.443784134557076 ], [ 121.876931054406981, 13.44393239296887 ], [ 121.877028327235621, 13.443788215930596 ] ] ] } },
{ "type": "Feature", "properties": { "Id": 0, "CLN": "15318", "PSGC": "174001054", "Barangay": "Tagwak", "Land_Class": null, "PIN": "030-01-050-03-010", "ALN": "010", "Section": "03", "Brgy_Code": "050" }, "geometry": { "type": "Polygon", "coordinates": [ [ [ 121.875172852359569, 13.443458318005504 ], [ 121.875197107557696, 13.443626727069553 ], [ 121.875218069815006, 13.443785317494436 ], [ 121.875242965197529, 13.443816474491509 ], [ 121.875339474800342, 13.443883899180856 ], [ 121.875429749001185, 13.443856524717651 ], [ 121.875513627697984, 13.443768664119208 ], [ 121.875611440060254, 13.443556682683612 ], [ 121.875172852359569, 13.443458318005504 ] ] ] } },
{ "type": "Feature", "properties": { "Id": 0, "CLN": "15300 RW", "PSGC": "174001054", "Barangay": "Tagwak", "Land_Class": null, "PIN": "030-01-050-04-", "ALN": null, "Section": "04", "Brgy_Code": "050" }, "geometry": { "type": "Polygon", "coordinates": [ [ [ 121.876308194593776, 13.444472582285321 ], [ 121.875723585419877, 13.444209144565624 ], [ 121.875691745918729, 13.444235146151057 ], [ 121.87607989689468, 13.444410082253816 ], [ 121.87627660706444, 13.444491414718243 ], [ 121.876348943713111, 13.444567631443537 ], [ 121.876403899414001, 13.444733894450152 ], [ 121.876403120282603, 13.444748294338224 ], [ 121.876435407701209, 13.444748429134705 ], [ 121.876399793772521, 13.4445749734821 ], [ 121.876308194593776, 13.444472582285321 ] ] ] } },
{ "type": "Feature", "properties": { "Id": 0, "CLN": "15297 RW", "PSGC": "174001054", "Barangay": "Tagwak", "Land_Class": null, "PIN": "030-01-050-04-", "ALN": null, "Section": "04", "Brgy_Code": "050" }, "geometry": { "type": "Polygon", "coordinates": [ [ [ 121.875723585419877, 13.44420914456564 ], [ 121.875441579881766, 13.444183375026478 ], [ 121.875439704806169, 13.444227484305074 ], [ 121.875691745918729, 13.444235146151057 ], [ 121.875723585419877, 13.44420914456564 ] ] ] } },
{ "type": "Feature", "properties": { "Id": 0, "CLN": "15262", "PSGC": "174001054", "Barangay": "Tagwak", "Land_Class": null, "PIN": "030-01-050-01-041", "ALN": "041", "Section": "01", "Brgy_Code": "050" }, "geometry": { "type": "Polygon", "coordinates": [ [ [ 121.875460834873508, 13.444350127748731 ], [ 121.875622982666428, 13.444303466470524 ], [ 121.875440993175587, 13.444309189422988 ], [ 121.875460834873508, 13.444350127748731 ] ] ] } },
{ "type": "Feature", "properties": { "Id": 0, "CLN": "15261 RW", "PSGC": "174001054", "Barangay": "Tagwak", "Land_Class": null, "PIN": "030-01-050-01-", "ALN": null, "Section": "01", "Brgy_Code": "050" }, "geometry": { "type": "Polygon", "coordinates": [ [ [ 121.875440993175587, 13.444309189422988 ], [ 121.875622982666428, 13.444303466470524 ], [ 121.875659822611723, 13.444279121218333 ], [ 121.875431121856764, 13.444278099563933 ], [ 121.875440993175587, 13.444309189422988 ] ] ] } },
{ "type": "Feature", "properties": { "Id": 0, "CLN": "15296 RW", "PSGC": "174001054", "Barangay": "Tagwak", "Land_Class": null, "PIN": "030-01-050-03-", "ALN": null, "Section": "03", "Brgy_Code": "050" }, "geometry": { "type": "Polygon", "coordinates": [ [ [ 121.875122985974343, 13.444128029902537 ], [ 121.875066151946683, 13.444144115784491 ], [ 121.875220905889918, 13.444251016507616 ], [ 121.875439704806169, 13.444227484305074 ], [ 121.875441579881766, 13.444183375026478 ], [ 121.875226089217776, 13.444213457965127 ], [ 121.875122985974343, 13.444128029902537 ] ] ] } },
{ "type": "Feature", "properties": { "Id": 0, "CLN": "15295 pt", "PSGC": "174001054", "Barangay": "Tagwak", "Land_Class": null, "PIN": "030-01-050-03-030", "ALN": "030", "Section": "03", "Brgy_Code": "050" }, "geometry": { "type": "Polygon", "coordinates": [ [ [ 121.87516709385946, 13.444078290258801 ], [ 121.875273338582886, 13.444159272670184 ], [ 121.875226089217776, 13.44421345796516 ], [ 121.875441579881766, 13.444183375026496 ], [ 121.875429749001185, 13.443856524717651 ], [ 121.875339474800342, 13.443883899180856 ], [ 121.87516709385946, 13.444078290258801 ] ] ] } },
{ "type": "Feature", "properties": { "Id": 0, "CLN": "15293 RW", "PSGC": "174001054", "Barangay": "Tagwak", "Land_Class": null, "PIN": "030-01-050-03-", "ALN": null, "Section": "03", "Brgy_Code": "050" }, "geometry": { "type": "Polygon", "coordinates": [ [ [ 121.875066151946683, 13.444144115784491 ], [ 121.875122985974343, 13.444128029902537 ], [ 121.874970541797097, 13.443883884538959 ], [ 121.874932093490941, 13.443895150605384 ], [ 121.875066151946683, 13.444144115784491 ] ] ] } },
{ "type": "Feature", "properties": { "Id": 0, "CLN": "15268 RW", "PSGC": "174001054", "Barangay": "Tagwak", "Land_Class": null, "PIN": "030-01-050-01-", "ALN": null, "Section": "01", "Brgy_Code": "050" }, "geometry": { "type": "Polygon", "coordinates": [ [ [ 121.875024052389989, 13.444222359012857 ], [ 121.875210523985587, 13.444329401497781 ], [ 121.875440993175587, 13.444309189422988 ], [ 121.875431121856764, 13.444278099563933 ], [ 121.875214060832619, 13.444286933637262 ], [ 121.875045967334557, 13.444176705318222 ], [ 121.875024052389989, 13.444222359012857 ] ] ] } },
{ "type": "Feature", "properties": { "Id": 0, "CLN": "15294", "PSGC": "174001054", "Barangay": "Tagwak", "Land_Class": null, "PIN": "030-01-050-03-008", "ALN": "008", "Section": "03", "Brgy_Code": "050" }, "geometry": { "type": "Polygon", "coordinates": [ [ [ 121.874970541797097, 13.443883884538959 ], [ 121.875122985974343, 13.444128029902537 ], [ 121.875339474800342, 13.443883899180856 ], [ 121.875242965197529, 13.443816474491509 ], [ 121.875218069815006, 13.443785317494436 ], [ 121.874970541797097, 13.443883884538959 ] ] ] } },
{ "type": "Feature", "properties": { "Id": 0, "CLN": "15269", "PSGC": "174001054", "Barangay": "Tagwak", "Land_Class": null, "PIN": "030-01-050-01-038", "ALN": "038", "Section": "01", "Brgy_Code": "050" }, "geometry": { "type": "Polygon", "coordinates": [ [ [ 121.874516509672588, 13.444233162052473 ], [ 121.874576141037409, 13.444333101869232 ], [ 121.874884086363437, 13.444166177871711 ], [ 121.874713256744158, 13.443926852151245 ], [ 121.874447342723911, 13.444030238419943 ], [ 121.874516509672588, 13.444233162052473 ] ] ] } },
{ "type": "Feature", "properties": { "Id": 0, "CLN": "15291", "PSGC": "174001054", "Barangay": "Tagwak", "Land_Class": null, "PIN": "030-01-050-01-039", "ALN": "039", "Section": "01", "Brgy_Code": "050" }, "geometry": { "type": "Polygon", "coordinates": [ [ [ 121.874713256744158, 13.443926852151245 ], [ 121.874884086363437, 13.444166177871711 ], [ 121.875015560824238, 13.444253366815232 ], [ 121.875024052389989, 13.444222359012857 ], [ 121.874841811610054, 13.443924158837318 ], [ 121.874713256744158, 13.443926852151245 ] ] ] } },
{ "type": "Feature", "properties": { "Id": 0, "CLN": "15292 RW", "PSGC": "174001054", "Barangay": "Tagwak", "Land_Class": null, "PIN": "030-01-050-01-", "ALN": null, "Section": "01", "Brgy_Code": "050" }, "geometry": { "type": "Polygon", "coordinates": [ [ [ 121.874841811610054, 13.443924158837318 ], [ 121.875024052389989, 13.444222359012857 ], [ 121.875045967334557, 13.444176705318222 ], [ 121.874885275584148, 13.443911281217087 ], [ 121.874841811610054, 13.443924158837318 ] ] ] } },
{ "type": "Feature", "properties": { "Id": 0, "CLN": "15319", "PSGC": "174001054", "Barangay": "Tagwak", "Land_Class": null, "PIN": "030-01-050-03-007", "ALN": "007", "Section": "03", "Brgy_Code": "050" }, "geometry": { "type": "Polygon", "coordinates": [ [ [ 121.874970541797097, 13.443883884538959 ], [ 121.875218069815006, 13.443785317494436 ], [ 121.875197107557696, 13.443626727069553 ], [ 121.874914515845958, 13.443726771376724 ], [ 121.874970541797097, 13.443883884538959 ] ] ] } },
{ "type": "Feature", "properties": { "Id": 0, "CLN": "15322", "PSGC": "174001054", "Barangay": "Tagwak", "Land_Class": null, "PIN": "030-01-050-03-006", "ALN": "006", "Section": "03", "Brgy_Code": "050" }, "geometry": { "type": "Polygon", "coordinates": [ [ [ 121.874914515845958, 13.443726771376724 ], [ 121.875197107557696, 13.443626727069553 ], [ 121.875172852359569, 13.443458318005504 ], [ 121.875141401587726, 13.443400987915945 ], [ 121.874843473494309, 13.443567957098937 ], [ 121.874914515845958, 13.443726771376724 ] ] ] } },
{ "type": "Feature", "properties": { "Id": 0, "CLN": "15321 RW", "PSGC": "174001054", "Barangay": "Tagwak", "Land_Class": null, "PIN": "030-01-050-03-", "ALN": null, "Section": "03", "Brgy_Code": "050" }, "geometry": { "type": "Polygon", "coordinates": [ [ [ 121.874843473494309, 13.443567957098937 ], [ 121.874811656868019, 13.443589056714648 ], [ 121.874872706005334, 13.44374292437235 ], [ 121.874914515845958, 13.443726771376724 ], [ 121.874843473494309, 13.443567957098937 ] ] ] } },
{ "type": "Feature", "properties": { "Id": 0, "CLN": "15320 RW", "PSGC": "174001054", "Barangay": "Tagwak", "Land_Class": null, "PIN": "030-01-050-03-", "ALN": null, "Section": "03", "Brgy_Code": "050" }, "geometry": { "type": "Polygon", "coordinates": [ [ [ 121.874932093490941, 13.443895150605384 ], [ 121.874970541797097, 13.443883884538959 ], [ 121.874914515845958, 13.443726771376724 ], [ 121.874872706005334, 13.44374292437235 ], [ 121.874932093490941, 13.443895150605384 ] ] ] } },
{ "type": "Feature", "properties": { "Id": 0, "CLN": "15323 RW", "PSGC": "174001054", "Barangay": "Tagwak", "Land_Class": null, "PIN": "030-01-050-03-", "ALN": null, "Section": "03", "Brgy_Code": "050" }, "geometry": { "type": "Polygon", "coordinates": [ [ [ 121.874774024335409, 13.443425489797793 ], [ 121.874706160730668, 13.44330100342671 ], [ 121.874671005448064, 13.443322088102159 ], [ 121.8747422077236, 13.443446589405957 ], [ 121.874811656868019, 13.443589056714648 ], [ 121.874843473494309, 13.443567957098937 ], [ 121.874774024335409, 13.443425489797793 ] ] ] } },
{ "type": "Feature", "properties": { "Id": 0, "CLN": "15289 RW", "PSGC": "174001054", "Barangay": "Tagwak", "Land_Class": null, "PIN": "030-01-050-02-", "ALN": null, "Section": "02", "Brgy_Code": "050" }, "geometry": { "type": "Polygon", "coordinates": [ [ [ 121.874769252392284, 13.443732658020668 ], [ 121.874841811610054, 13.443924158837318 ], [ 121.874885275584148, 13.443911281217087 ], [ 121.874814408548644, 13.443714886013499 ], [ 121.874769252392284, 13.443732658020668 ] ] ] } },
{ "type": "Feature", "properties": { "Id": 0, "CLN": "15367 RW", "PSGC": "174001054", "Barangay": "Tagwak", "Land_Class": null, "PIN": "030-01-050-02-", "ALN": null, "Section": "02", "Brgy_Code": "050" }, "geometry": { "type": "Polygon", "coordinates": [ [ [ 121.874769252392284, 13.443732658020668 ], [ 121.874814408548644, 13.443714886013499 ], [ 121.874761645180982, 13.44357412727884 ], [ 121.874713180858464, 13.443585348542111 ], [ 121.874769252392284, 13.443732658020668 ] ] ] } },
{ "type": "Feature", "properties": { "Id": 0, "CLN": "15290", "PSGC": "174001054", "Barangay": "Tagwak", "Land_Class": null, "PIN": "030-01-050-02-022", "ALN": "022", "Section": "02", "Brgy_Code": "050" }, "geometry": { "type": "Polygon", "coordinates": [ [ [ 121.874447342723911, 13.444030238419943 ], [ 121.874713256744158, 13.443926852151245 ], [ 121.874841811610054, 13.443924158837318 ], [ 121.874769252392284, 13.443732658020668 ], [ 121.874404717616173, 13.443863381168885 ], [ 121.874447342723911, 13.444030238419943 ] ] ] } },
{ "type": "Feature", "properties": { "Id": 0, "CLN": "15288", "PSGC": "174001054", "Barangay": "Tagwak", "Land_Class": null, "PIN": "030-01-050-02-021", "ALN": "021", "Section": "02", "Brgy_Code": "050" }, "geometry": { "type": "Polygon", "coordinates": [ [ [ 121.874447342723911, 13.444030238419959 ], [ 121.874404717616173, 13.443863381168885 ], [ 121.874769252392284, 13.443732658020668 ], [ 121.874713180858492, 13.44358534854211 ], [ 121.874351984975902, 13.44371608655567 ], [ 121.874280149795197, 13.443727203221366 ], [ 121.87432208074371, 13.44404275017377 ], [ 121.874447342723911, 13.444030238419959 ] ] ] } },
{ "type": "Feature", "properties": { "Id": 0, "CLN": "15280", "PSGC": "174001054", "Barangay": "Tagwak", "Land_Class": null, "PIN": "030-01-050-02-017", "ALN": "017", "Section": "02", "Brgy_Code": "050" }, "geometry": { "type": "Polygon", "coordinates": [ [ [ 121.87462879919002, 13.44342320661057 ], [ 121.874597363806487, 13.44336260855769 ], [ 121.87455334879165, 13.443383611779536 ], [ 121.874580289144802, 13.443444231567184 ], [ 121.87462879919002, 13.44342320661057 ] ] ] } },
{ "type": "Feature", "properties": { "Id": 0, "CLN": "15286", "PSGC": "174001054", "Barangay": "Tagwak", "Land_Class": null, "PIN": "030-01-050-02-039", "ALN": "039", "Section": "02", "Brgy_Code": "050" }, "geometry": { "type": "Polygon", "coordinates": [ [ [ 121.874351984975888, 13.443716086555652 ], [ 121.874713180858464, 13.443585348542111 ], [ 121.874650348148904, 13.443455982685077 ], [ 121.874319154853865, 13.443596658711565 ], [ 121.874351984975888, 13.443716086555652 ] ] ] } },
{ "type": "Feature", "properties": { "Id": 0, "CLN": "15283", "PSGC": "174001054", "Barangay": "Tagwak", "Land_Class": null, "PIN": "030-01-050-02-018", "ALN": "018", "Section": "02", "Brgy_Code": "050" }, "geometry": { "type": "Polygon", "coordinates": [ [ [ 121.874319154853865, 13.443596658711565 ], [ 121.874650348148904, 13.443455982685077 ], [ 121.87462879919002, 13.44342320661057 ], [ 121.874580289144802, 13.443444231567184 ], [ 121.87455334879165, 13.443383611779536 ], [ 121.874291187875485, 13.443508298360708 ], [ 121.874319154853865, 13.443596658711565 ] ] ] } },
{ "type": "Feature", "properties": { "Id": 0, "CLN": "15327", "PSGC": "174001054", "Barangay": "Tagwak", "Land_Class": null, "PIN": "030-01-050-03-020", "ALN": "020", "Section": "03", "Brgy_Code": "050" }, "geometry": { "type": "Polygon", "coordinates": [ [ [ 121.874934433606086, 13.443035683858154 ], [ 121.875234167458657, 13.442839310803842 ], [ 121.874967965082519, 13.442646944768192 ], [ 121.874631635464027, 13.442815376135632 ], [ 121.874693730285259, 13.442923227891567 ], [ 121.874810179973764, 13.443010349730917 ], [ 121.874934433606086, 13.443035683858154 ] ] ] } },
{ "type": "Feature", "properties": { "Id": 0, "CLN": "15336", "PSGC": "174001054", "Barangay": "Tagwak", "Land_Class": null, "PIN": "030-01-050-03-003", "ALN": "003", "Section": "03", "Brgy_Code": "050" }, "geometry": { "type": "Polygon", "coordinates": [ [ [ 121.874531430812141, 13.443002567691918 ], [ 121.874693730285259, 13.442923227891583 ], [ 121.874631635464027, 13.442815376135668 ], [ 121.874538937894741, 13.442646661065575 ], [ 121.87448763071059, 13.442551660436788 ], [ 121.874357292863948, 13.442578855455187 ], [ 121.874531430812141, 13.443002567691918 ] ] ] } },
{ "type": "Feature", "properties": { "Id": 0, "CLN": "15368", "PSGC": "174001054", "Barangay": "Tagwak", "Land_Class": null, "PIN": "030-01-050-03-002", "ALN": "002", "Section": "03", "Brgy_Code": "050" }, "geometry": { "type": "Polygon", "coordinates": [ [ [ 121.874154212486786, 13.442811607428364 ], [ 121.874349396587306, 13.443018093647314 ], [ 121.874424410090427, 13.443041304881032 ], [ 121.874531430812141, 13.4430025676919 ], [ 121.87435729286392, 13.442578855455169 ], [ 121.874190206714857, 13.442610788025565 ], [ 121.874094920316026, 13.442654859579504 ], [ 121.874154212486786, 13.442811607428364 ] ] ] } },
{ "type": "Feature", "properties": { "Id": 0, "CLN": "15329 RW", "PSGC": "174001054", "Barangay": "Tagwak", "Land_Class": null, "PIN": "030-01-050-03-", "ALN": null, "Section": "03", "Brgy_Code": "050" }, "geometry": { "type": "Polygon", "coordinates": [ [ [ 121.874671005448064, 13.443322088102159 ], [ 121.874706160730668, 13.44330100342671 ], [ 121.874565869326233, 13.44313507460171 ], [ 121.874424410090427, 13.443041304881032 ], [ 121.87437094547451, 13.443050869740935 ], [ 121.874532360523318, 13.443161068580718 ], [ 121.874671005448064, 13.443322088102159 ] ] ] } },
{ "type": "Feature", "properties": { "Id": 0, "CLN": "15330 RW", "PSGC": "174001054", "Barangay": "Tagwak", "Land_Class": null, "PIN": "030-01-050-03-", "ALN": null, "Section": "03", "Brgy_Code": "050" }, "geometry": { "type": "Polygon", "coordinates": [ [ [ 121.874349396587306, 13.443018093647314 ], [ 121.87437094547451, 13.443050869740935 ], [ 121.874424410090427, 13.443041304881032 ], [ 121.874349396587306, 13.443018093647314 ] ] ] } },
{ "type": "Feature", "properties": { "Id": 0, "CLN": "15275", "PSGC": "174001054", "Barangay": "Tagwak", "Land_Class": null, "PIN": "030-01-050-01-015", "ALN": "015", "Section": "01", "Brgy_Code": "050" }, "geometry": { "type": "Polygon", "coordinates": [ [ [ 121.873096910918164, 13.444187325984064 ], [ 121.873303772483951, 13.444217663751285 ], [ 121.873357438257585, 13.443807773416971 ], [ 121.873173970745057, 13.443772638484152 ], [ 121.873107743973065, 13.444012537971224 ], [ 121.873096910918164, 13.444187325984064 ] ] ] } },
{ "type": "Feature", "properties": { "Id": 0, "CLN": "15277 RW", "PSGC": "174001054", "Barangay": "Tagwak", "Land_Class": null, "PIN": "030-01-050-02-", "ALN": null, "Section": "02", "Brgy_Code": "050" }, "geometry": { "type": "Polygon", "coordinates": [ [ [ 121.873365501185475, 13.442662680584117 ], [ 121.873404997059012, 13.442784498550175 ], [ 121.873502249717205, 13.442930903217201 ], [ 121.873639709075618, 13.443046986677357 ], [ 121.873807912726392, 13.44314802469068 ], [ 121.873813119123895, 13.443105564332258 ], [ 121.873644343790588, 13.443007791739182 ], [ 121.873535728059124, 13.442911445190306 ], [ 121.873447317458897, 13.442778151995556 ], [ 121.873418911462039, 13.44266473515 ], [ 121.873365501185475, 13.442662680584117 ] ] ] } },
{ "type": "Feature", "properties": { "Id": 0, "CLN": "15332 RW", "PSGC": "174001054", "Barangay": "Tagwak", "Land_Class": null, "PIN": "030-01-050-03-", "ALN": null, "Section": "03", "Brgy_Code": "050" }, "geometry": { "type": "Polygon", "coordinates": [ [ [ 121.873385692198042, 13.441313888576582 ], [ 121.873354708626451, 13.44136709282621 ], [ 121.873462062561515, 13.441614305189121 ], [ 121.873507880401306, 13.441812222581268 ], [ 121.87343989373916, 13.442071722219289 ], [ 121.87345159991456, 13.442424715684588 ], [ 121.873458817053319, 13.442666577976327 ], [ 121.873504757129041, 13.442838352131874 ], [ 121.873697850876582, 13.442956863158878 ], [ 121.873722874830406, 13.44294856684934 ], [ 121.873616372950039, 13.44287619492718 ], [ 121.873545026427024, 13.442782738452539 ], [ 121.873503888280084, 13.442655103424684 ], [ 121.873480112235995, 13.442066671116798 ], [ 121.873552558032316, 13.441805557429658 ], [ 121.873506078782697, 13.441590389447152 ], [ 121.873385692198042, 13.441313888576582 ] ] ] } },
{ "type": "Feature", "properties": { "Id": 0, "CLN": "15267", "PSGC": "174001054", "Barangay": "Tagwak", "Land_Class": null, "PIN": "030-01-050-01-040", "ALN": "040", "Section": "01", "Brgy_Code": "050" }, "geometry": { "type": "Polygon", "coordinates": [ [ [ 121.875015560824238, 13.44425336681523 ], [ 121.875200165670648, 13.44440145320732 ], [ 121.875285553231649, 13.444349344604928 ], [ 121.875300417339702, 13.444383724751528 ], [ 121.875460834873508, 13.444350127748741 ], [ 121.875440993175587, 13.444309189422988 ], [ 121.875210523985587, 13.444329401497777 ], [ 121.875024052389989, 13.444222359012857 ], [ 121.875015560824238, 13.44425336681523 ] ] ] } },
{ "type": "Feature", "properties": { "Id": 0, "CLN": "15349", "PSGC": "174001054", "Barangay": "Tagwak", "Land_Class": null, "PIN": "030-01-050-04-023", "ALN": "023", "Section": "04", "Brgy_Code": "050" }, "geometry": { "type": "Polygon", "coordinates": [ [ [ 121.876524484109837, 13.442161874939552 ], [ 121.876524489808958, 13.441991323293145 ], [ 121.877297636511358, 13.442087456592022 ], [ 121.877467975430335, 13.442116025991121 ], [ 121.877775180809508, 13.442039528107754 ], [ 121.877758677422591, 13.441922653296109 ], [ 121.877741734112149, 13.441900329911313 ], [ 121.877181563645379, 13.441674992657935 ], [ 121.877140526450773, 13.441658484746455 ], [ 121.877009886088999, 13.441646778121882 ], [ 121.876828027649552, 13.441651528824018 ], [ 121.876418509497384, 13.44159350139936 ], [ 121.876233366709144, 13.441598648541403 ], [ 121.87618291914373, 13.441510812215348 ], [ 121.876054966805114, 13.441466435456988 ], [ 121.87581660009397, 13.441543026518961 ], [ 121.875589072700222, 13.441476302096197 ], [ 121.875496930805866, 13.441485724696197 ], [ 121.875487308427921, 13.441854874917455 ], [ 121.875751325505362, 13.44187929299934 ], [ 121.876255469396853, 13.441959975248523 ], [ 121.876174583471197, 13.442122286758487 ], [ 121.876352402182874, 13.442175368101715 ], [ 121.876524484109837, 13.442161874939552 ] ] ] } },
{ "type": "Feature", "properties": { "Id": 0, "CLN": "15287 RW", "PSGC": "174001054", "Barangay": "Tagwak", "Land_Class": null, "PIN": "030-01-050-02-040", "ALN": "040", "Section": "02", "Brgy_Code": "050" }, "geometry": { "type": "Polygon", "coordinates": [ [ [ 121.874650348148904, 13.443455982685077 ], [ 121.874713180858464, 13.443585348542111 ], [ 121.874761645180982, 13.44357412727884 ], [ 121.874688819265486, 13.443439814798209 ], [ 121.874650348148904, 13.443455982685077 ] ] ] } },
{ "type": "Feature", "properties": { "Id": 0, "CLN": "15282 RW", "PSGC": "174001054", "Barangay": "Tagwak", "Land_Class": null, "PIN": "030-01-050-02-", "ALN": null, "Section": "02", "Brgy_Code": "050" }, "geometry": { "type": "Polygon", "coordinates": [ [ [ 121.874650348148904, 13.443455982685077 ], [ 121.874688819265486, 13.443439814798209 ], [ 121.874663954491325, 13.443402121942613 ], [ 121.87462879919002, 13.44342320661057 ], [ 121.874650348148904, 13.443455982685077 ] ] ] } },
{ "type": "Feature", "properties": { "Id": 0, "CLN": "15281 RW", "PSGC": "174001054", "Barangay": "Tagwak", "Land_Class": null, "PIN": "030-01-050-02-", "ALN": null, "Section": "02", "Brgy_Code": "050" }, "geometry": { "type": "Polygon", "coordinates": [ [ [ 121.87462879919002, 13.44342320661057 ], [ 121.874663954491325, 13.443402121942613 ], [ 121.874632488602884, 13.443348059705016 ], [ 121.874597363806487, 13.44336260855769 ], [ 121.87462879919002, 13.44342320661057 ] ] ] } },
{ "type": "Feature", "properties": { "Id": 0, "CLN": "15317 pt", "PSGC": "174001054", "Barangay": "Tagwak", "Land_Class": null, "PIN": "030-01-050-03-047", "ALN": "047", "Section": "03", "Brgy_Code": "050" }, "geometry": { "type": "Polygon", "coordinates": [ [ [ 121.874021388105277, 13.44285378225889 ], [ 121.87408054397352, 13.443023908027163 ], [ 121.874349396587306, 13.443018093647314 ], [ 121.874154212486786, 13.442811607428364 ], [ 121.874021388105277, 13.44285378225889 ] ] ] } },
{ "type": "Feature", "properties": { "Id": 0, "CLN": "15278 RW", "PSGC": "174001054", "Barangay": "Tagwak", "Land_Class": null, "PIN": "030-01-050-02-", "ALN": null, "Section": "02", "Brgy_Code": "050" }, "geometry": { "type": "Polygon", "coordinates": [ [ [ 121.874597363806487, 13.443362608557711 ], [ 121.874632488602884, 13.443348059705016 ], [ 121.874483842900418, 13.443183727475478 ], [ 121.874367385637512, 13.443098239441696 ], [ 121.873813119123895, 13.443105564332271 ], [ 121.873807912726392, 13.44314802469068 ], [ 121.874353870768232, 13.443132492732735 ], [ 121.874453688014796, 13.443206468464647 ], [ 121.874597363806487, 13.443362608557711 ] ] ] } },
{ "type": "Feature", "properties": { "Id": 0, "CLN": "15284", "PSGC": "174001054", "Barangay": "Tagwak", "Land_Class": null, "PIN": "030-01-050-02-020", "ALN": "020", "Section": "02", "Brgy_Code": "050" }, "geometry": { "type": "Polygon", "coordinates": [ [ [ 121.874280149795197, 13.443727203221332 ], [ 121.873834954631477, 13.443791936361542 ], [ 121.873866015991538, 13.443932598162538 ], [ 121.873867105451041, 13.444056786009147 ], [ 121.87432208074371, 13.444042750173756 ], [ 121.874280149795197, 13.443727203221332 ] ] ] } },
{ "type": "Feature", "properties": { "Id": 0, "CLN": "15285", "PSGC": "174001054", "Barangay": "Tagwak", "Land_Class": null, "PIN": "030-01-050-01-037", "ALN": "037", "Section": "01", "Brgy_Code": "050" }, "geometry": { "type": "Polygon", "coordinates": [ [ [ 121.874516509672588, 13.444233162052473 ], [ 121.874447342723911, 13.444030238419943 ], [ 121.87432208074371, 13.444042750173756 ], [ 121.873867105451041, 13.444056786009147 ], [ 121.873857827832339, 13.444256090850475 ], [ 121.87439453289565, 13.444257126430703 ], [ 121.874516509672588, 13.444233162052473 ] ] ] } },
{ "type": "Feature", "properties": { "Id": 0, "CLN": "15276 pt", "PSGC": "174001054", "Barangay": "Tagwak", "Land_Class": null, "PIN": "030-01-050-02-035", "ALN": "035", "Section": "02", "Brgy_Code": "050" }, "geometry": { "type": "Polygon", "coordinates": [ [ [ 121.872954529811864, 13.443713554849417 ], [ 121.873173970745114, 13.443772638484168 ], [ 121.873357438257585, 13.443807773416987 ], [ 121.873866015991538, 13.443932598162551 ], [ 121.873834954631505, 13.443791936361556 ], [ 121.874280149795197, 13.443727203221366 ], [ 121.874351984975902, 13.44371608655567 ], [ 121.874319154853865, 13.443596658711565 ], [ 121.874291187875485, 13.443508298360726 ], [ 121.873635022538835, 13.44370770850821 ], [ 121.873605317780289, 13.443634046201176 ], [ 121.873807912726392, 13.44314802469068 ], [ 121.873639709075618, 13.443046986677357 ], [ 121.873502249717205, 13.442930903217201 ], [ 121.873404997058984, 13.442784498550179 ], [ 121.873365501185475, 13.442662680584117 ], [ 121.873223078314027, 13.442656233418827 ], [ 121.873144126380879, 13.4430393221314 ], [ 121.8730076930254, 13.443021282182222 ], [ 121.872965737813644, 13.44310824027675 ], [ 121.872396371432927, 13.443012734882037 ], [ 121.872329248163396, 13.443404590798636 ], [ 121.872857108087416, 13.443491195968955 ], [ 121.872902085434532, 13.443392631977916 ], [ 121.872996835195082, 13.44343953402389 ], [ 121.872936625594662, 13.443622270893421 ], [ 121.872861740199255, 13.443770083657437 ], [ 121.872843051378226, 13.443958816131413 ], [ 121.872891611915932, 13.443968671969413 ], [ 121.872954529811864, 13.443713554849417 ] ] ] } },
{ "type": "Feature", "properties": { "Id": 0, "CLN": "15364 RW", "PSGC": "174001054", "Barangay": "Tagwak", "Land_Class": null, "PIN": "030-01-050-02-", "ALN": null, "Section": "02", "Brgy_Code": "050" }, "geometry": { "type": "Polygon", "coordinates": [ [ [ 121.873307952201557, 13.441370151559012 ], [ 121.87325290256932, 13.441361735262022 ], [ 121.873366895549623, 13.441617147303246 ], [ 121.873414375008636, 13.441816706129067 ], [ 121.873353157163621, 13.442056628188846 ], [ 121.873365501185475, 13.442662680584117 ], [ 121.873418911462039, 13.44266473515 ], [ 121.873398198597783, 13.442063365701905 ], [ 121.873466139511734, 13.44181366979268 ], [ 121.873407028129634, 13.441602621016393 ], [ 121.873307952201557, 13.441370151559012 ] ] ] } },
{ "type": "Feature", "properties": { "Id": 0, "CLN": "15264", "PSGC": "174001054", "Barangay": "Tagwak", "Land_Class": null, "PIN": "030-01-050-01-004", "ALN": "004", "Section": "01", "Brgy_Code": "050" }, "geometry": { "type": "Polygon", "coordinates": [ [ [ 121.875704034117078, 13.447159897157622 ], [ 121.875271620025202, 13.447050448833819 ], [ 121.875292402961279, 13.447169487073229 ], [ 121.875290379387607, 13.447292707545689 ], [ 121.875165402041929, 13.447592759387108 ], [ 121.874969766184478, 13.447846247508036 ], [ 121.874929700587856, 13.447943620526701 ], [ 121.874804708249442, 13.448167465030416 ], [ 121.87502827945579, 13.44825186880723 ], [ 121.875036032017519, 13.448103344994776 ], [ 121.875698062432008, 13.447681357254679 ], [ 121.876189684558611, 13.447469352499294 ], [ 121.875901782311161, 13.447208565480983 ], [ 121.875704034117078, 13.447159897157622 ] ] ] } },
{ "type": "Feature", "properties": { "Id": 0, "CLN": "15331 RW", "PSGC": "174001054", "Barangay": "Tagwak", "Land_Class": null, "PIN": "030-01-050-03-", "ALN": null, "Section": "03", "Brgy_Code": "050" }, "geometry": { "type": "Polygon", "coordinates": [ [ [ 121.873697850876582, 13.442956863158878 ], [ 121.873844338071578, 13.443061903708545 ], [ 121.874370945474567, 13.44305086974097 ], [ 121.874349396587306, 13.443018093647334 ], [ 121.87384853384674, 13.443028925396153 ], [ 121.873722874830406, 13.44294856684934 ], [ 121.873697850876582, 13.442956863158878 ] ] ] } },
{ "type": "Feature", "properties": { "Id": 0, "CLN": "15305 RW", "PSGC": "174001054", "Barangay": "Tagwak", "Land_Class": null, "PIN": "030-01-050-04-", "ALN": null, "Section": "04", "Brgy_Code": "050" }, "geometry": { "type": "Polygon", "coordinates": [ [ [ 121.876457877704283, 13.444907060253367 ], [ 121.876391072271389, 13.444923215506545 ], [ 121.876385844305503, 13.444968610287408 ], [ 121.876302643997775, 13.445143743259077 ], [ 121.876349852283667, 13.445152650178485 ], [ 121.876457877704283, 13.444907060253367 ] ] ] } },
{ "type": "Feature", "properties": { "Id": 0, "CLN": "15370", "PSGC": "174001054", "Barangay": "Tagwak", "Land_Class": null, "PIN": "030-01-050-02-023", "ALN": "023", "Section": "02", "Brgy_Code": "050" }, "geometry": { "type": "Polygon", "coordinates": [ [ [ 121.871293936820805, 13.441144038166984 ], [ 121.871438746160337, 13.441005487852932 ], [ 121.871518599643153, 13.441009659469426 ], [ 121.871494505077223, 13.440952227239608 ], [ 121.871250110348583, 13.441021715140671 ], [ 121.871272306555383, 13.44108515836599 ], [ 121.871293936820805, 13.441144038166984 ] ] ] } },
{ "type": "Feature", "properties": { "Id": 0, "CLN": "15301 RW", "PSGC": "174001054", "Barangay": "Tagwak", "Land_Class": null, "PIN": "030-01-050-04-", "ALN": null, "Section": "04", "Brgy_Code": "050" }, "geometry": { "type": "Polygon", "coordinates": [ [ [ 121.876435407701209, 13.444748429134705 ], [ 121.876403120282603, 13.444748294338224 ], [ 121.876395945239295, 13.444880903175893 ], [ 121.876391072271389, 13.444923215506545 ], [ 121.876457877704283, 13.444907060253367 ], [ 121.876435407701209, 13.444748429134705 ] ] ] } },
{ "type": "Feature", "properties": { "Id": 0, "CLN": "15229 pt", "PSGC": "174001054", "Barangay": "Tagwak", "Land_Class": null, "PIN": "030-01-050-01-072", "ALN": "072", "Section": "01", "Brgy_Code": "050" }, "geometry": { "type": "Polygon", "coordinates": [ [ [ 121.875384231279398, 13.445978022947124 ], [ 121.875005927885269, 13.445976452816508 ], [ 121.875028861725653, 13.446194768487073 ], [ 121.875397073095371, 13.44621538750979 ], [ 121.875526620469188, 13.445990073994558 ], [ 121.875384231279398, 13.445978022947124 ] ] ] } },
{ "type": "Feature", "properties": { "Id": 0, "CLN": "15201 pt", "PSGC": "174001054", "Barangay": "Tagwak", "Land_Class": null, "PIN": "030-01-050-01-059", "ALN": "059", "Section": "01", "Brgy_Code": "050" }, "geometry": { "type": "Polygon", "coordinates": [ [ [ 121.873542489527381, 13.444923422430273 ], [ 121.873589510033824, 13.444925874996969 ], [ 121.873633294291196, 13.444936280114135 ], [ 121.873800606693649, 13.444910347391797 ], [ 121.873814573553801, 13.444643595963113 ], [ 121.873465784972254, 13.444615353781744 ], [ 121.873542489527381, 13.444923422430273 ] ] ] } },
{ "type": "Feature", "properties": { "Id": 0, "CLN": "15196 pt", "PSGC": "174001054", "Barangay": "Tagwak", "Land_Class": null, "PIN": "030-01-050-01-056", "ALN": "056", "Section": "01", "Brgy_Code": "050" }, "geometry": { "type": "Polygon", "coordinates": [ [ [ 121.873247939613378, 13.444209472009128 ], [ 121.873096911705346, 13.44418731328345 ], [ 121.873011503801692, 13.444186867024516 ], [ 121.872995099067808, 13.444616804268094 ], [ 121.873244798567313, 13.444633350538163 ], [ 121.873247939613378, 13.444209472009128 ] ] ] } },
{ "type": "Feature", "properties": { "Id": 0, "CLN": "15196 pt", "PSGC": "174001054", "Barangay": "Tagwak", "Land_Class": null, "PIN": "030-01-050-01-055", "ALN": "055", "Section": "01", "Brgy_Code": "050" }, "geometry": { "type": "Polygon", "coordinates": [ [ [ 121.873247939613378, 13.444209472009128 ], [ 121.873244798567313, 13.444633350538163 ], [ 121.873369345750049, 13.444641603530684 ], [ 121.873465784972225, 13.444615353781744 ], [ 121.873458853820978, 13.44425430556055 ], [ 121.873303772483951, 13.444217663751301 ], [ 121.873247939613378, 13.444209472009128 ] ] ] } },
{ "type": "Feature", "properties": { "Id": 0, "CLN": "15194 pt", "PSGC": "174001054", "Barangay": "Tagwak", "Land_Class": null, "PIN": "030-01-050-02-033", "ALN": "033", "Section": "02", "Brgy_Code": "050" }, "geometry": { "type": "Polygon", "coordinates": [ [ [ 121.873063824388709, 13.441333321085304 ], [ 121.873094095630876, 13.441573997916597 ], [ 121.873207694346448, 13.441561744422176 ], [ 121.873168817508059, 13.441349099196119 ], [ 121.873063824388709, 13.441333321085304 ] ] ] } },
{ "type": "Feature", "properties": { "Id": 0, "CLN": "15194 pt", "PSGC": "174001054", "Barangay": "Tagwak", "Land_Class": null, "PIN": "030-01-050-02-042", "ALN": "042", "Section": "02", "Brgy_Code": "050" }, "geometry": { "type": "Polygon", "coordinates": [ [ [ 121.873168817508059, 13.441349099196119 ], [ 121.873207694346448, 13.441561744422176 ], [ 121.873335992130734, 13.441547905327067 ], [ 121.87325290256932, 13.441361735262054 ], [ 121.873168817508059, 13.441349099196119 ] ] ] } },
{ "type": "Feature", "properties": { "Id": 0, "CLN": "15194 pt", "PSGC": "174001054", "Barangay": "Tagwak", "Land_Class": null, "PIN": "030-01-050-02-043", "ALN": "043", "Section": "02", "Brgy_Code": "050" }, "geometry": { "type": "Polygon", "coordinates": [ [ [ 121.873271815419443, 13.441634006295011 ], [ 121.873264880012954, 13.44158711338736 ], [ 121.873149679850371, 13.441606834957883 ], [ 121.873150524321503, 13.441654906155954 ], [ 121.873271815419443, 13.441634006295011 ] ] ] } },
{ "type": "Feature", "properties": { "Id": 0, "CLN": "15295 pt", "PSGC": "174001054", "Barangay": "Tagwak", "Land_Class": null, "PIN": "030-01-050-03-029", "ALN": "029", "Section": "03", "Brgy_Code": "050" }, "geometry": { "type": "Polygon", "coordinates": [ [ [ 121.87516709385946, 13.444078290258801 ], [ 121.875122985974343, 13.44412802990257 ], [ 121.875226089217776, 13.44421345796516 ], [ 121.875273338582886, 13.444159272670184 ], [ 121.87516709385946, 13.444078290258801 ] ] ] } },
{ "type": "Feature", "properties": { "Id": 0, "CLN": "15279", "PSGC": "174001054", "Barangay": "Tagwak", "Land_Class": null, "PIN": "030-01-050-02-016", "ALN": "016", "Section": "02", "Brgy_Code": "050" }, "geometry": { "type": "Polygon", "coordinates": [ [ [ 121.874597363806487, 13.44336260855769 ], [ 121.874453688014796, 13.443206468464647 ], [ 121.874353870768232, 13.443132492732735 ], [ 121.873807912726392, 13.44314802469068 ], [ 121.873605317780289, 13.443634046201176 ], [ 121.873635022538835, 13.44370770850821 ], [ 121.874291187875485, 13.443508298360726 ], [ 121.87455334879165, 13.443383611779536 ], [ 121.874597363806487, 13.44336260855769 ] ] ] } },
{ "type": "Feature", "properties": { "Id": 0, "CLN": "15298 pt", "PSGC": "174001054", "Barangay": "Tagwak", "Land_Class": null, "PIN": "030-01-050-04-042", "ALN": "042", "Section": "04", "Brgy_Code": "050" }, "geometry": { "type": "Polygon", "coordinates": [ [ [ 121.875436234587838, 13.444035701222374 ], [ 121.876018098061721, 13.443864069473776 ], [ 121.876875526241363, 13.444023833101122 ], [ 121.876931054406981, 13.44393239296887 ], [ 121.876416690217823, 13.443784134557076 ], [ 121.875936390897238, 13.44368068300807 ], [ 121.875952688322968, 13.44376572313662 ], [ 121.875429749001185, 13.443856524717651 ], [ 121.875436234587838, 13.444035701222374 ] ] ] } },
{ "type": "Feature", "properties": { "Id": 0, "CLN": "15298 pt", "PSGC": "174001054", "Barangay": "Tagwak", "Land_Class": null, "PIN": "030-01-050-04-044", "ALN": "044", "Section": "04", "Brgy_Code": "050" }, "geometry": { "type": "Polygon", "coordinates": [ [ [ 121.875437088559778, 13.444059293802491 ], [ 121.875441579881766, 13.444183375026496 ], [ 121.87550583872796, 13.444189246999013 ], [ 121.87550419499658, 13.444058416000392 ], [ 121.875437088559778, 13.444059293802491 ] ] ] } },
{ "type": "Feature", "properties": { "Id": 0, "CLN": "15265 pt", "PSGC": "174001054", "Barangay": "Tagwak", "Land_Class": null, "PIN": "030-01-050-01-075", "ALN": "075", "Section": "01", "Brgy_Code": "050" }, "geometry": { "type": "Polygon", "coordinates": [ [ [ 121.874957062976208, 13.444736214815185 ], [ 121.875116644101993, 13.44488496633635 ], [ 121.875148216069761, 13.444891736013007 ], [ 121.875330648565978, 13.444497045912058 ], [ 121.875200165670648, 13.444401453207314 ], [ 121.874957062976208, 13.444736214815185 ] ] ] } },
{ "type": "Feature", "properties": { "Id": 0, "CLN": "15276 pt", "PSGC": "174001054", "Barangay": "Tagwak", "Land_Class": null, "PIN": "030-01-050-02-036", "ALN": "036", "Section": "02", "Brgy_Code": "050" }, "geometry": { "type": "Polygon", "coordinates": [ [ [ 121.873173970745057, 13.443772638484152 ], [ 121.872954529811864, 13.443713554849417 ], [ 121.872891611915932, 13.443968671969413 ], [ 121.873107743973065, 13.444012537971245 ], [ 121.873173970745057, 13.443772638484152 ] ] ] } },
{ "type": "Feature", "properties": { "Id": 0, "CLN": "15317 pt", "PSGC": "174001054", "Barangay": "Tagwak", "Land_Class": null, "PIN": "030-01-050-03-046", "ALN": "046", "Section": "03", "Brgy_Code": "050" }, "geometry": { "type": "Polygon", "coordinates": [ [ [ 121.87408054397352, 13.443023908027163 ], [ 121.874021388105277, 13.44285378225889 ], [ 121.873722874830406, 13.442948566849324 ], [ 121.87384853384674, 13.443028925396153 ], [ 121.87408054397352, 13.443023908027163 ] ] ] } },
{ "type": "Feature", "properties": { "Id": 0, "CLN": "15200 pt", "PSGC": "174001054", "Barangay": "Tagwak", "Land_Class": null, "PIN": "030-01-050-01-060", "ALN": "060", "Section": "01", "Brgy_Code": "050" }, "geometry": { "type": "Polygon", "coordinates": [ [ [ 121.873831333966422, 13.446823334243149 ], [ 121.873884866539669, 13.446294950067593 ], [ 121.8737397632447, 13.446280084938442 ], [ 121.873429516537527, 13.44620810704288 ], [ 121.873363418616705, 13.446663189816469 ], [ 121.87378196521378, 13.446819394901663 ], [ 121.873831333966422, 13.446823334243149 ] ] ] } },
{ "type": "Feature", "properties": { "Id": 0, "CLN": "15200 pt", "PSGC": "174001054", "Barangay": "Tagwak", "Land_Class": null, "PIN": "030-01-050-01-062", "ALN": "062", "Section": "01", "Brgy_Code": "050" }, "geometry": { "type": "Polygon", "coordinates": [ [ [ 121.873795204751204, 13.445536902368342 ], [ 121.8737397632447, 13.446280084938442 ], [ 121.874106123186095, 13.446317616575152 ], [ 121.874145941542736, 13.445873015387836 ], [ 121.874053877810169, 13.44587023186647 ], [ 121.874076659536826, 13.445661626003179 ], [ 121.874023862551198, 13.445552292564022 ], [ 121.873823768632064, 13.445537080059397 ], [ 121.873795204751204, 13.445536902368342 ] ] ] } },
{ "type": "Feature", "properties": { "Id": 0, "CLN": "15200 pt", "PSGC": "174001054", "Barangay": "Tagwak", "Land_Class": null, "PIN": "030-01-050-01-061", "ALN": "061", "Section": "01", "Brgy_Code": "050" }, "geometry": { "type": "Polygon", "coordinates": [ [ [ 121.873884866539669, 13.446294950067593 ], [ 121.873831333966422, 13.446823334243149 ], [ 121.873921671996968, 13.446830542671266 ], [ 121.874018622671699, 13.446788885970259 ], [ 121.874091270602605, 13.446683885120404 ], [ 121.874082032558434, 13.446586604946273 ], [ 121.874106123186095, 13.446317616575152 ], [ 121.873884866539669, 13.446294950067593 ] ] ] } },
{ "type": "Feature", "properties": { "Id": 0, "CLN": "15200 pt", "PSGC": "174001054", "Barangay": "Tagwak", "Land_Class": null, "PIN": "030-01-050-01-064", "ALN": "064", "Section": "01", "Brgy_Code": "050" }, "geometry": { "type": "Polygon", "coordinates": [ [ [ 121.873530417260142, 13.446231516270897 ], [ 121.873585692263532, 13.445535598927666 ], [ 121.87353417933663, 13.445535278423433 ], [ 121.873347225645503, 13.445486415129853 ], [ 121.873281887308337, 13.445468335055358 ], [ 121.873231070331158, 13.445648355147769 ], [ 121.873181756572166, 13.445830753630466 ], [ 121.873444877314128, 13.446102348102009 ], [ 121.873429516537527, 13.44620810704288 ], [ 121.873530417260142, 13.446231516270897 ] ] ] } },
{ "type": "Feature", "properties": { "Id": 0, "CLN": "15239 pt", "PSGC": "174001054", "Barangay": "Tagwak", "Land_Class": null, "PIN": "030-01-050-01-053", "ALN": "053", "Section": "01", "Brgy_Code": "050" }, "geometry": { "type": "Polygon", "coordinates": [ [ [ 121.875470172897295, 13.445558242234513 ], [ 121.875461215604403, 13.445542735525857 ], [ 121.875220420634676, 13.44538257363001 ], [ 121.875077856886236, 13.445457060400713 ], [ 121.875273710818846, 13.445572831071633 ], [ 121.875411120984182, 13.445635311828825 ], [ 121.875470172897295, 13.445558242234513 ] ] ] } },
{ "type": "Feature", "properties": { "Id": 0, "CLN": "15184", "PSGC": "174001054", "Barangay": "Tagwak", "Land_Class": null, "PIN": "030-01-050-02-003", "ALN": "003", "Section": "02", "Brgy_Code": "050" }, "geometry": { "type": "Polygon", "coordinates": [ [ [ 121.87023678497448, 13.442219774059625 ], [ 121.870084702051543, 13.44222517487159 ], [ 121.870079335518966, 13.442716448463312 ], [ 121.870193801451023, 13.442689365630629 ], [ 121.870248901854723, 13.442571388762167 ], [ 121.870453639150639, 13.442532263817508 ], [ 121.870414156751991, 13.441811300637786 ], [ 121.87034983416406, 13.441818639389824 ], [ 121.87033655477984, 13.441742306149902 ], [ 121.87041646203734, 13.441735037325635 ], [ 121.870333855295499, 13.441486777294253 ], [ 121.870030848181813, 13.441710424761284 ], [ 121.870012377426193, 13.441910560178064 ], [ 121.870066852411341, 13.441926059410614 ], [ 121.870123739974673, 13.441842413717289 ], [ 121.870221171117237, 13.44183713044589 ], [ 121.87023678497448, 13.442219774059625 ] ] ] } },
{ "type": "Feature", "properties": { "Id": 0, "CLN": "15194 pt", "PSGC": "174001054", "Barangay": "Tagwak", "Land_Class": null, "PIN": "030-01-050-02-029", "ALN": "029", "Section": "02", "Brgy_Code": "050" }, "geometry": { "type": "Polygon", "coordinates": [ [ [ 121.872725419834879, 13.441659027116057 ], [ 121.872703884954788, 13.441582577949774 ], [ 121.87258600544142, 13.441612781625079 ], [ 121.872603835413358, 13.441690018552764 ], [ 121.872725419834879, 13.441659027116057 ] ] ] } },
{ "type": "Feature", "properties": { "Id": 0, "CLN": "15194 pt", "PSGC": "174001054", "Barangay": "Tagwak", "Land_Class": null, "PIN": "030-01-050-02-053", "ALN": "053", "Section": "02", "Brgy_Code": "050" }, "geometry": { "type": "Polygon", "coordinates": [ [ [ 121.873345765413106, 13.441569803276906 ], [ 121.873264880012954, 13.44158711338736 ], [ 121.873271815419443, 13.441634006295011 ], [ 121.873366895549623, 13.441617147303246 ], [ 121.873345765413106, 13.441569803276906 ] ] ] } },
{ "type": "Feature", "properties": { "Id": 0, "CLN": "15194 pt", "PSGC": "174001054", "Barangay": "Tagwak", "Land_Class": null, "PIN": "030-01-050-02-028", "ALN": "028", "Section": "02", "Brgy_Code": "050" }, "geometry": { "type": "Polygon", "coordinates": [ [ [ 121.872742807747542, 13.441572604944112 ], [ 121.872703884954788, 13.441582577949774 ], [ 121.872725419834879, 13.441659027116057 ], [ 121.872603835413358, 13.441690018552764 ], [ 121.872611776124671, 13.441724416582575 ], [ 121.872384901155428, 13.441779773033208 ], [ 121.872413410639894, 13.441841175201324 ], [ 121.872071979178187, 13.441818733563421 ], [ 121.872127261080863, 13.442078311796854 ], [ 121.871830910576435, 13.442128468676637 ], [ 121.871914646647539, 13.442552162875959 ], [ 121.871982785342993, 13.442562002414469 ], [ 121.872030185688729, 13.44284061376538 ], [ 121.87203782646975, 13.442873064318713 ], [ 121.872243923477001, 13.442959795600027 ], [ 121.8721932236638, 13.443386701123806 ], [ 121.872329248163396, 13.443404590798636 ], [ 121.872396371432927, 13.443012734882037 ], [ 121.872965737813644, 13.44310824027675 ], [ 121.8730076930254, 13.443021282182222 ], [ 121.873144126380879, 13.4430393221314 ], [ 121.873223078314027, 13.442656233418827 ], [ 121.873365501185475, 13.442662680584117 ], [ 121.873353157163621, 13.442056628188846 ], [ 121.873414375008636, 13.44181670612908 ], [ 121.873366895549623, 13.441617147303246 ], [ 121.873271815419443, 13.441634006295011 ], [ 121.873150524321503, 13.441654906155954 ], [ 121.873149679850371, 13.441606834957883 ], [ 121.873264880012954, 13.44158711338736 ], [ 121.873345765413106, 13.441569803276906 ], [ 121.873335992130734, 13.441547905327067 ], [ 121.873207694346448, 13.441561744422176 ], [ 121.873094095630876, 13.441573997916597 ], [ 121.873063824388709, 13.441333321085304 ], [ 121.873036806235845, 13.441329260855627 ], [ 121.873056076660404, 13.441492337257241 ], [ 121.87303962794924, 13.4414965518584 ], [ 121.873048803822442, 13.441580897288537 ], [ 121.872911696635626, 13.441612967478861 ], [ 121.872828633002328, 13.441633217494184 ], [ 121.872765502321101, 13.441648810217922 ], [ 121.872742807747542, 13.441572604944112 ] ] ] } },
{ "type": "Feature", "properties": { "Id": 0, "CLN": "15194 pt", "PSGC": "174001054", "Barangay": "Tagwak", "Land_Class": null, "PIN": "030-01-050-02-031", "ALN": "031", "Section": "02", "Brgy_Code": "050" }, "geometry": { "type": "Polygon", "coordinates": [ [ [ 121.872911696635626, 13.441612967478861 ], [ 121.872891542444222, 13.441534495282127 ], [ 121.8728076246623, 13.441555997192857 ], [ 121.872828633002328, 13.441633217494184 ], [ 121.872911696635626, 13.441612967478861 ] ] ] } },
{ "type": "Feature", "properties": { "Id": 0, "CLN": "15194 pt", "PSGC": "174001054", "Barangay": "Tagwak", "Land_Class": null, "PIN": "030-01-050-02-027", "ALN": "027", "Section": "02", "Brgy_Code": "050" }, "geometry": { "type": "Polygon", "coordinates": [ [ [ 121.872891542444222, 13.441534495282127 ], [ 121.872911696635626, 13.441612967478861 ], [ 121.873048803822442, 13.441580897288537 ], [ 121.87303962794924, 13.4414965518584 ], [ 121.872891542444222, 13.441534495282127 ] ] ] } },
{ "type": "Feature", "properties": { "Id": 0, "CLN": "15328", "PSGC": "174001054", "Barangay": "Tagwak", "Land_Class": null, "PIN": "030-01-050-03-004", "ALN": "004", "Section": "03", "Brgy_Code": "050" }, "geometry": { "type": "Polygon", "coordinates": [ [ [ 121.874810179973764, 13.443010349730917 ], [ 121.874693730285259, 13.442923227891583 ], [ 121.874531430812141, 13.443002567691918 ], [ 121.874424410090427, 13.443041304881049 ], [ 121.874565869326233, 13.44313507460171 ], [ 121.87470616073071, 13.44330100342671 ], [ 121.874934433606086, 13.443035683858167 ], [ 121.874810179973764, 13.443010349730917 ] ] ] } },
{ "type": "Feature", "properties": { "Id": 0, "CLN": "15334", "PSGC": "174001054", "Barangay": "Tagwak", "Land_Class": null, "PIN": "030-01-050-03-025", "ALN": "025", "Section": "03", "Brgy_Code": "050" }, "geometry": { "type": "Polygon", "coordinates": [ [ [ 121.874094920316026, 13.442654859579504 ], [ 121.874190206714857, 13.442610788025565 ], [ 121.873999164936734, 13.442052744115133 ], [ 121.873843779715145, 13.442081460841074 ], [ 121.873872576544173, 13.442349563475812 ], [ 121.87401284639455, 13.442340386980344 ], [ 121.874094920316026, 13.442654859579504 ] ] ] } },
{ "type": "Feature", "properties": { "Id": 0, "CLN": "15333", "PSGC": "174001054", "Barangay": "Tagwak", "Land_Class": null, "PIN": "030-01-050-03-026", "ALN": "026", "Section": "03", "Brgy_Code": "050" }, "geometry": { "type": "Polygon", "coordinates": [ [ [ 121.873517966261787, 13.441645420591827 ], [ 121.873552558032316, 13.441805557429658 ], [ 121.873480112235995, 13.442066671116798 ], [ 121.873503888280084, 13.442655103424684 ], [ 121.873545026427024, 13.442782738452539 ], [ 121.873616372950039, 13.44287619492718 ], [ 121.873722874830406, 13.44294856684934 ], [ 121.874154212486786, 13.442811607428377 ], [ 121.874094920316026, 13.442654859579504 ], [ 121.87401284639455, 13.442340386980344 ], [ 121.873872576544201, 13.442349563475826 ], [ 121.873843779715173, 13.442081460841074 ], [ 121.873999164936734, 13.442052744115117 ], [ 121.874296595887159, 13.441991982746277 ], [ 121.874361821845838, 13.44196613060201 ], [ 121.874448733854635, 13.441943643369848 ], [ 121.874599884674055, 13.441868338696571 ], [ 121.874389285103192, 13.441381349707271 ], [ 121.874129661027212, 13.441514747513651 ], [ 121.873832281197252, 13.441644136400669 ], [ 121.87381522524052, 13.441545705717331 ], [ 121.873777373333709, 13.441327260459529 ], [ 121.873607916427389, 13.441390409400649 ], [ 121.873511624032176, 13.44103848988488 ], [ 121.873385692198042, 13.441313888576582 ], [ 121.873506078782697, 13.441590389447152 ], [ 121.873517966261787, 13.441645420591827 ] ] ] } },
{ "type": "Feature", "properties": { "Id": 0, "CLN": "15215 pt", "PSGC": "174001054", "Barangay": "Tagwak", "Land_Class": null, "PIN": "030-01-050-04-008", "ALN": "008", "Section": "04", "Brgy_Code": "050" }, "geometry": { "type": "Polygon", "coordinates": [ [ [ 121.877584287888794, 13.44642706573349 ], [ 121.877883009916189, 13.446951233427042 ], [ 121.877883015903947, 13.446951237077567 ], [ 121.877883020907419, 13.446951222288059 ], [ 121.878020407762108, 13.446734918288364 ], [ 121.877445387422952, 13.445747886896418 ], [ 121.876894508986922, 13.445678685782751 ], [ 121.876340676509486, 13.445619566857822 ], [ 121.876177125568091, 13.445589322386875 ], [ 121.876173110142801, 13.44568065809079 ], [ 121.876625753697425, 13.446039013807914 ], [ 121.877584287888794, 13.446427065733483 ], [ 121.877584287888794, 13.44642706573349 ] ] ] } },
{ "type": "Feature", "properties": { "Id": 0, "CLN": "15304", "PSGC": "174001054", "Barangay": "Tagwak", "Land_Class": null, "PIN": "030-01-050-04-012", "ALN": "012", "Section": "04", "Brgy_Code": "050" }, "geometry": { "type": "Polygon", "coordinates": [ [ [ 121.876457877704283, 13.444907060253367 ], [ 121.876349852283667, 13.445152650178485 ], [ 121.876685945768742, 13.445316227582598 ], [ 121.87676025679319, 13.445222005885677 ], [ 121.876608465722612, 13.444870924917389 ], [ 121.876457877704283, 13.444907060253367 ] ] ] } },
{ "type": "Feature", "properties": { "Id": 0, "CLN": "15302", "PSGC": "174001054", "Barangay": "Tagwak", "Land_Class": null, "PIN": "030-01-050-04-016", "ALN": "016", "Section": "04", "Brgy_Code": "050" }, "geometry": { "type": "Polygon", "coordinates": [ [ [ 121.876435407701209, 13.444748429134705 ], [ 121.876457877704283, 13.444907060253367 ], [ 121.876608465722612, 13.444870924917389 ], [ 121.876965469005796, 13.445083872563526 ], [ 121.877211286103275, 13.444767937408249 ], [ 121.876435407701209, 13.444748429134705 ] ] ] } },
{ "type": "Feature", "properties": { "Id": 0, "CLN": "15299", "PSGC": "174001054", "Barangay": "Tagwak", "Land_Class": null, "PIN": "030-01-050-04-017", "ALN": "017", "Section": "04", "Brgy_Code": "050" }, "geometry": { "type": "Polygon", "coordinates": [ [ [ 121.876399793772521, 13.4445749734821 ], [ 121.876435407701209, 13.444748429134705 ], [ 121.877211286103275, 13.444767937408249 ], [ 121.877381678660328, 13.44478538331424 ], [ 121.87747412365448, 13.444457639825023 ], [ 121.876816527251421, 13.444120988661599 ], [ 121.876415274241651, 13.44408804996201 ], [ 121.876036644558667, 13.44401936609948 ], [ 121.875723585419877, 13.444209144565624 ], [ 121.876308194593776, 13.444472582285321 ], [ 121.876399793772521, 13.4445749734821 ] ] ] } },
{ "type": "Feature", "properties": { "Id": 0, "CLN": "15298 pt", "PSGC": "174001054", "Barangay": "Tagwak", "Land_Class": null, "PIN": "030-01-050-04-043", "ALN": "043", "Section": "04", "Brgy_Code": "050" }, "geometry": { "type": "Polygon", "coordinates": [ [ [ 121.87550419499658, 13.444058416000392 ], [ 121.87550583872796, 13.444189246999013 ], [ 121.875723585419877, 13.444209144565624 ], [ 121.876036644558667, 13.44401936609948 ], [ 121.876415274241651, 13.44408804996201 ], [ 121.876816527251421, 13.444120988661599 ], [ 121.876875526241363, 13.444023833101122 ], [ 121.876018098061721, 13.443864069473776 ], [ 121.875436234587838, 13.444035701222374 ], [ 121.875437088559778, 13.444059293802491 ], [ 121.87550419499658, 13.444058416000392 ] ] ] } }
]
}
