AbstractBPApplication,objid,varchar,50,NO,NULL
AbstractBPApplication,appno,varchar,50,YES,NULL
AbstractBPApplication,state,varchar,255,YES,NULL
AbstractBPApplication,dtapplied,datetime,NULL,YES,NULL
AbstractBPApplication,taxpayerId,varchar,50,NO,NULL
AbstractBPApplication,taxpayername,varchar,255,YES,NULL
AbstractBPApplication,taxpayeraddress,varchar,255,YES,NULL
AbstractBPApplication,remarks,text,2147483647,YES,NULL
AbstractBPApplication,mode,varchar,20,YES,NULL
AbstractBPApplication,officeType,varchar,255,YES,NULL
AbstractBPApplication,organizationType,varchar,255,YES,NULL
AbstractBPApplication,ctcNo,varchar,25,YES,NULL
AbstractBPApplication,ctcPlaceIssued,varchar,50,YES,NULL
AbstractBPApplication,ctcDtIssued,datetime,NULL,YES,NULL
AbstractBPApplication,sss,varchar,25,YES,NULL
AbstractBPApplication,tin,varchar,25,YES,NULL
AbstractBPApplication,year,int,NULL,NO,NULL
AbstractBPApplication,amtDue,numeric,NULL,YES,NULL
AbstractBPApplication,amtPaid,numeric,NULL,YES,NULL
AbstractBPApplication,assessedBy,varchar,100,YES,NULL
AbstractBPApplication,assessedByPosition,varchar,50,YES,NULL
AbstractBPApplication,adminName,varchar,100,YES,NULL
AbstractBPApplication,adminAddress,varchar,100,YES,NULL
AbstractIRAF,objid,varchar,50,NO,NULL
AbstractIRAF,state,varchar,255,YES,NULL
AbstractIRAF,type,varchar,255,YES,NULL
AbstractIRAF,typeNo,varchar,20,YES,NULL
AbstractIRAF,docNo,varchar,50,YES,NULL
AbstractIRAF,docDate,datetime,NULL,YES,NULL
AbstractIRAF,fromBureau,varchar,50,YES,NULL
AbstractIRAF,toBureau,varchar,50,YES,NULL
AbstractIRAF,municipalityName,varchar,50,YES,NULL
AbstractIRAF,provCityName,varchar,50,YES,NULL
AbstractIRAF,rivid,varchar,50,NO,NULL
AbstractRIV,objid,varchar,50,NO,NULL
AbstractRIV,state,varchar,255,YES,NULL
AbstractRIV,type,varchar,255,YES,NULL
AbstractRIV,treasuryName,varchar,50,NO,NULL
AbstractRIV,bureauName,varchar,50,NO,NULL
AbstractRIV,docNo,varchar,10,YES,NULL
AbstractRIV,docDate,datetime,NULL,YES,NULL
AbstractRIV,packedBy,varchar,50,YES,NULL
AbstractRIV,shippedTo,varchar,50,YES,NULL
AbstractRIV,shippedDate,datetime,NULL,YES,NULL
AbstractRIV,billLadingNo,varchar,50,YES,NULL
AbstractRIV,lguid,varchar,35,YES,NULL
AbstractRPTCredit,DTYPE,varchar,31,NO,NULL
AbstractRPTCredit,objid,varchar,255,NO,NULL
AbstractRPTCredit,txndate,datetime,NULL,YES,NULL
AbstractRPTCredit,fromYear,int,NULL,NO,NULL
AbstractRPTCredit,fromQtr,int,NULL,NO,NULL
AbstractRPTCredit,toYear,int,NULL,NO,NULL
AbstractRPTCredit,toQtr,int,NULL,NO,NULL
AbstractRPTCredit,basic,numeric,NULL,NO,NULL
AbstractRPTCredit,basicPrevious,numeric,NULL,NO,NULL
AbstractRPTCredit,basicPrior,numeric,NULL,NO,NULL
AbstractRPTCredit,basicInterest,numeric,NULL,NO,NULL
AbstractRPTCredit,basicIntPrevious,numeric,NULL,NO,NULL
AbstractRPTCredit,basicIntPrior,numeric,NULL,NO,NULL
AbstractRPTCredit,basicDiscount,numeric,NULL,NO,NULL
AbstractRPTCredit,basicTaxcredit,numeric,NULL,NO,NULL
AbstractRPTCredit,basicAmnesty,numeric,NULL,NO,NULL
AbstractRPTCredit,basicPartial,numeric,NULL,NO,NULL
AbstractRPTCredit,sef,numeric,NULL,NO,NULL
AbstractRPTCredit,sefPrevious,numeric,NULL,NO,NULL
AbstractRPTCredit,sefPrior,numeric,NULL,NO,NULL
AbstractRPTCredit,sefInterest,numeric,NULL,NO,NULL
AbstractRPTCredit,sefIntPrevious,numeric,NULL,NO,NULL
AbstractRPTCredit,sefIntPrior,numeric,NULL,NO,NULL
AbstractRPTCredit,sefDiscount,numeric,NULL,NO,NULL
AbstractRPTCredit,sefTaxcredit,numeric,NULL,NO,NULL
AbstractRPTCredit,sefAmnesty,numeric,NULL,NO,NULL
AbstractRPTCredit,sefPartial,numeric,NULL,NO,NULL
AbstractRPTCredit,advancePayment,numeric,NULL,NO,NULL
AbstractRPTCredit,refno,varchar,25,YES,NULL
AbstractRPTCredit,postedby,varchar,50,YES,NULL
AbstractRPTCredit,creditAmount,numeric,NULL,YES,NULL
AbstractRPTCredit,jobtitle,varchar,255,YES,NULL
AbstractRPTCredit,collectorName,varchar,255,YES,NULL
AbstractRPTCredit,capturedby,varchar,255,YES,NULL
AbstractRPTCredit,dtreceipt,datetime,NULL,YES,NULL
AbstractRPTCredit,refid,varchar,50,YES,NULL
AbstractRPTCredit,collectedby,varchar,50,YES,NULL
AbstractRPTCredit,particulars,varchar,255,YES,NULL
AbstractRPTCredit,receiptNo,varchar,30,YES,NULL
AbstractRPTCredit,receiptDate,datetime,NULL,YES,NULL
AbstractRPTCredit,voided,tinyint,NULL,YES,NULL
AbstractRPTCredit,collectorId,varchar,50,YES,NULL
AbstractRPTCredit,collectorTitle,varchar,75,YES,NULL
AbstractRPTCredit,creditaccountid,varchar,50,YES,NULL
AbstractRPTCredit,ledgerid,varchar,255,YES,NULL
AbstractRPTCredit,ledgeradvancepaymentid,varchar,35,YES,NULL
AbstractRPTCredit,userid,varchar,50,YES,NULL
AbstractRPTCredit,parentid,varchar,50,YES,NULL
AbstractRule,DTYPE,varchar,31,NO,NULL
AbstractRule,objid,varchar,50,NO,NULL
AbstractRule,rulename,varchar,50,YES,NULL
AbstractRule,description,varchar,255,YES,NULL
AbstractRule,version,varchar,10,YES,NULL
AbstractRule,dtcreated,datetime,NULL,YES,NULL
AbstractRule,dtdeployed,datetime,NULL,YES,NULL
AbstractRule,packageName,varchar,255,YES,NULL
AbstractRule,author,varchar,50,YES,NULL
AbstractRule,state,varchar,10,YES,NULL
AbstractRule,fromDate,datetime,NULL,YES,NULL
AbstractRule,toDate,datetime,NULL,YES,NULL
AbstractRule,salience,int,NULL,YES,NULL
AbstractRule,rulegroupid,varchar,50,YES,NULL
AbstractRuleAction,objid,varchar,50,NO,NULL
AbstractRuleAction,indexno,int,NULL,NO,NULL
AbstractRuleAction,parentid,varchar,50,YES,NULL
AbstractRuleCondition,objid,varchar,50,NO,NULL
AbstractRuleCondition,indexno,int,NULL,NO,NULL
AbstractRuleCondition,parentid,varchar,50,YES,NULL
AbstractTDAnnotation,DTYPE,varchar,31,NO,NULL
AbstractTDAnnotation,objid,varchar,50,NO,NULL
AbstractTDAnnotation,state,varchar,20,NO,NULL
AbstractTDAnnotation,fileno,varchar,15,NO,NULL
AbstractTDAnnotation,orno,varchar,15,YES,NULL
AbstractTDAnnotation,ordate,datetime,NULL,YES,NULL
AbstractTDAnnotation,oramount,numeric,NULL,YES,NULL
AbstractTDAnnotation,remarks,varchar,255,YES,NULL
AbstractTDAnnotation,signedby,varchar,50,YES,NULL
AbstractTDAnnotation,signedbyposition,varchar,50,YES,NULL
AbstractTDAnnotation,dtsubmitted,datetime,NULL,YES,NULL
AbstractTDAnnotation,submittedby,varchar,50,YES,NULL
AbstractTDAnnotation,dtapproved,datetime,NULL,YES,NULL
AbstractTDAnnotation,approvedby,varchar,50,YES,NULL
AbstractTDAnnotation,type,varchar,255,YES,NULL
AbstractTDAnnotation,branchno,varchar,50,YES,NULL
AbstractTDAnnotation,caseno,varchar,20,YES,NULL
AbstractTDAnnotation,loanamount,numeric,NULL,YES,NULL
AbstractTDAnnotation,mortgagedate,datetime,NULL,YES,NULL
AbstractTDAnnotation,bank,varchar,30,YES,NULL
AbstractTDAnnotation,tdid,varchar,50,NO,NULL
AbstractVariable,DTYPE,varchar,31,NO,NULL
AbstractVariable,objid,varchar,50,NO,NULL
AbstractVariable,name,varchar,255,YES,NULL
AbstractVariable,dataType,varchar,20,YES,NULL
AbstractVariable,caption,varchar,50,YES,NULL
AbstractVariable,description,varchar,255,YES,NULL
AbstractVariable,arrayValue,text,2147483647,YES,NULL
AbstractVariable,system,tinyint,NULL,NO,NULL
AbstractVariable,parentid,varchar,50,YES,NULL
Account,DTYPE,varchar,31,NO,NULL
Account,objid,varchar,50,NO,NULL
Account,code,varchar,255,YES,NULL
Account,acctno,varchar,255,YES,NULL
Account,title,varchar,255,YES,NULL
Account,system,tinyint,NULL,NO,NULL
Account,chartType,varchar,255,YES,NULL
Account,target,numeric,NULL,NO,NULL
Account,subAccount,tinyint,NULL,YES,NULL
Account,fromyear,int,NULL,YES,NULL
Account,toyear,int,NULL,YES,NULL
Account,chartid,varchar,50,YES,NULL
Account,parentid,varchar,50,YES,NULL
AddLOBApplication,objid,varchar,50,NO,NULL
AdvanceDiscountRateItem,objid,varchar,50,NO,NULL
AdvanceDiscountRateItem,effectiveFrom,varchar,5,NO,NULL
AdvanceDiscountRateItem,effectiveTo,varchar,5,NO,NULL
AdvanceDiscountRateItem,rate,numeric,NULL,NO,NULL
AdvanceDiscountRateItem,parentid,varchar,255,NO,NULL
AF,objid,varchar,50,NO,NULL
AF,description,varchar,255,YES,NULL
AF,type,varchar,255,YES,NULL
AF,unit,varchar,255,YES,NULL
AF,denomination,int,NULL,NO,NULL
AF,syscreated,tinyint,NULL,NO,NULL
AF,pcsPerUnit,int,NULL,NO,NULL
AFCancelledSeries,objid,varchar,50,NO,NULL
AFCancelledSeries,startseries,int,NULL,YES,NULL
AFCancelledSeries,endseries,int,NULL,YES,NULL
AFCancelledSeries,reason,varchar,255,YES,NULL
AFCancelledSeries,dtposted,datetime,NULL,YES,NULL
AFCancelledSeries,dtremitted,datetime,NULL,YES,NULL
AFCancelledSeries,afid,varchar,50,YES,NULL
AFCancelledSeries,remittanceid,varchar,50,YES,NULL
AFControl,DTYPE,varchar,31,NO,NULL
AFControl,objid,varchar,50,NO,NULL
AFControl,state,varchar,255,YES,NULL
AFControl,txnDate,datetime,NULL,YES,NULL
AFControl,afId,varchar,50,NO,NULL
AFControl,stub,varchar,10,YES,NULL
AFControl,dtissued,datetime,NULL,YES,NULL
AFControl,collectorId,varchar,50,NO,NULL
AFControl,collectorName,varchar,75,NO,NULL
AFControl,collectorTitle,varchar,30,NO,NULL
AFControl,mode,int,NULL,YES,NULL
AFControl,numUnitReceived,int,NULL,YES,NULL
AFControl,qtyBeginning,int,NULL,YES,NULL
AFControl,qtyReceived,int,NULL,YES,NULL
AFControl,qtyIssued,int,NULL,YES,NULL
AFControl,qtyEnding,int,NULL,YES,NULL
AFControl,qtyBeginningRemitted,int,NULL,YES,NULL
AFControl,qtyReceivedRemitted,int,NULL,YES,NULL
AFControl,qtyIssuedRemitted,int,NULL,YES,NULL
AFControl,qtyEndingRemitted,int,NULL,YES,NULL
AFControl,startseries,int,NULL,YES,NULL
AFControl,endseries,int,NULL,YES,NULL
AFControl,currentseries,int,NULL,YES,NULL
AFControl,afformat,varchar,255,YES,NULL
AFControl,beginseries,int,NULL,YES,NULL
AFControl,issuedto,int,NULL,YES,NULL
AFControl,totalQtyReceived,int,NULL,YES,NULL
AFControl,totalQtyOnHand,int,NULL,YES,NULL
AFControl,totalCancelled,int,NULL,YES,NULL
AFControl,totalCancelledIssued,int,NULL,YES,NULL
AFControl,totalQtyIssued,int,NULL,YES,NULL
AFControl,prefix,varchar,5,YES,NULL
AFControl,suffix,varchar,5,YES,NULL
AFControl,af_objid,varchar,50,YES,NULL
AFInventory,objid,varchar,50,NO,NULL
AFInventory,state,varchar,255,NO,NULL
AFInventory,docNo,varchar,15,YES,NULL
AFInventory,dtposted,datetime,NULL,YES,NULL
AFInventory,irafid,varchar,50,NO,NULL
AFInventoryItem,DTYPE,varchar,31,NO,NULL
AFInventoryItem,objid,varchar,50,NO,NULL
AFInventoryItem,qty,int,NULL,NO,NULL
AFInventoryItem,qtyIssued,int,NULL,NO,NULL
AFInventoryItem,lastStubNo,int,NULL,NO,NULL
AFInventoryItem,prefix,varchar,10,YES,NULL
AFInventoryItem,suffix,varchar,10,YES,NULL
AFInventoryItem,startSeries,int,NULL,YES,NULL
AFInventoryItem,endSeries,int,NULL,YES,NULL
AFInventoryItem,lastSeriesIssued,int,NULL,YES,NULL
AFInventoryItem,afinventoryid,varchar,50,NO,NULL
AFInventoryItem,afid,varchar,50,NO,NULL
AFInventoryItem,irafitemdeliveryid,varchar,50,NO,NULL
AFInventoryItemIssued,objid,varchar,50,NO,NULL
AFInventoryItemIssued,qty,int,NULL,NO,NULL
AFInventoryItemIssued,issuedToName,varchar,50,NO,NULL
AFInventoryItemIssued,issuedToTitle,varchar,50,NO,NULL
AFInventoryItemIssued,stubNos,varchar,20,NO,NULL
AFInventoryItemIssued,afinventoryitemid,varchar,50,NO,NULL
AFInventoryItemIssued,irafitemdeliveryid,varchar,50,NO,NULL
AmalgamatedLand,objid,varchar,35,NO,NULL
AmalgamatedLand,line_no,int,NULL,YES,NULL
AmalgamatedLand,tdNo,varchar,25,NO,NULL
AmalgamatedLand,amalgamationtdtransactionid,varchar,50,YES,NULL
AmalgamatedLand,taxdeclarationid,varchar,50,YES,NULL
AmalgamationAffectedRPU,objid,varchar,35,NO,NULL
AmalgamationAffectedRPU,newTdNo,varchar,25,YES,NULL
AmalgamationAffectedRPU,newTitleNo,varchar,25,YES,NULL
AmalgamationAffectedRPU,newSuffix,int,NULL,NO,NULL
AmalgamationAffectedRPU,remarks,text,2147483647,YES,NULL
AmalgamationAffectedRPU,newtaxdeclarationid,varchar,50,YES,NULL
AmalgamationAffectedRPU,amalgamationtdtransactionid,varchar,50,YES,NULL
AmalgamationAffectedRPU,amalgamatedlandid,varchar,35,YES,NULL
AmalgamationAffectedRPU,taxdeclarationid,varchar,50,YES,NULL
AmalgamationTDTransaction,objid,varchar,50,NO,NULL
AmalgamationTDTransaction,newTdNo,varchar,35,YES,NULL
AmalgamationTDTransaction,newTitleNo,varchar,35,YES,NULL
AmalgamationTDTransaction,newTitleDate,datetime,NULL,YES,NULL
AmalgamationTDTransaction,totalAreaSqm,numeric,NULL,YES,NULL
AmalgamationTDTransaction,totalAreaHec,numeric,NULL,YES,NULL
AmalgamationTDTransaction,landrpuid,varchar,50,YES,NULL
AmalgamationTDTransaction,taxpayerid,varchar,50,YES,NULL
AmalgamationTDTransaction,administratorid,varchar,50,YES,NULL
AmalgamationTDTransaction,newtaxdeclarationid,varchar,50,YES,NULL
Bank,objid,varchar,50,NO,NULL
Bank,code,varchar,255,YES,NULL
Bank,name,varchar,255,YES,NULL
BarangayCTCAccount,objid,varchar,50,NO,NULL
BarangayCTCAccount,incomeaccountid,varchar,50,YES,NULL
BarangayCTCAccount,parentid,varchar,50,NO,NULL
BarangayCTCAccount,barangayid,varchar,35,NO,NULL
BarangayReceiptItemDetail,objid,varchar,50,NO,NULL
BarangayReceiptItemDetail,barangayid,varchar,35,YES,NULL
BldgAdditionalItem,objid,varchar,35,NO,NULL
BldgAdditionalItem,code,varchar,10,NO,NULL
BldgAdditionalItem,description,varchar,100,NO,NULL
BldgAdditionalItem,expression,varchar,200,NO,NULL
BldgAdditionalItem,unit,varchar,25,NO,NULL
BldgAdditionalItem,previd,varchar,50,YES,NULL
BldgAdditionalItem,bldgrysettingid,varchar,35,NO,NULL
BldgAdjustmentType,objid,varchar,35,NO,NULL
BldgAdjustmentType,code,varchar,3,NO,NULL
BldgAdjustmentType,description,varchar,50,NO,NULL
BldgAdjustmentType,rate,numeric,NULL,NO,NULL
BldgAdjustmentType,previd,varchar,50,YES,NULL
BldgAdjustmentType,bldgrpuid,varchar,35,NO,NULL
BldgAssessLevel,objid,varchar,35,NO,NULL
BldgAssessLevel,special,tinyint,NULL,NO,NULL
BldgAssessLevel,assessLevel,numeric,NULL,NO,NULL
BldgAssessLevel,previd,varchar,50,YES,NULL
BldgAssessLevel,bldgrysettingid,varchar,35,NO,NULL
BldgAssessLevel,propertyclassificationid,varchar,255,YES,NULL
BldgAssessLevelRange,objid,varchar,35,NO,NULL
BldgAssessLevelRange,mvFrom,numeric,NULL,NO,NULL
BldgAssessLevelRange,mvTo,numeric,NULL,NO,NULL
BldgAssessLevelRange,rate,numeric,NULL,NO,NULL
BldgAssessLevelRange,previd,varchar,35,YES,NULL
BldgAssessLevelRange,bldgassesslevelid,varchar,35,NO,NULL
BldgDepreciationSchedule,objid,varchar,50,NO,NULL
BldgDepreciationSchedule,minYear,int,NULL,NO,NULL
BldgDepreciationSchedule,maxYear,int,NULL,NO,NULL
BldgDepreciationSchedule,rate,numeric,NULL,NO,NULL
BldgDepreciationSchedule,bldgtypeid,varchar,35,NO,NULL
BldgFloor,objid,varchar,255,NO,NULL
BldgFloor,floorNo,int,NULL,NO,NULL
BldgFloor,adjustment,numeric,NULL,NO,NULL
BldgFloor,area,numeric,NULL,NO,NULL
BldgFloor,storeyRate,numeric,NULL,NO,NULL
BldgFloor,baseValue,numeric,NULL,NO,NULL
BldgFloor,unitValue,numeric,NULL,NO,NULL
BldgFloor,marketValue,numeric,NULL,NO,NULL
BldgFloor,adjMarketValue,numeric,NULL,NO,NULL
BldgFloor,assessedValue,numeric,NULL,NO,NULL
BldgFloor,assessLevel,numeric,NULL,NO,NULL
BldgFloor,bldguseid,varchar,255,NO,NULL
BldgFloorAdditional,objid,varchar,255,NO,NULL
BldgFloorAdditional,unit,varchar,20,YES,NULL
BldgFloorAdditional,amount,numeric,NULL,NO,NULL
BldgFloorAdditional,bldgAdditionalItemId,varchar,50,NO,NULL
BldgFloorAdditional,bldgAdditionalItemCode,varchar,10,NO,NULL
BldgFloorAdditional,bldgAdditionalItemTitle,varchar,150,NO,NULL
BldgFloorAdditional,bldgAdditionalItemExpression,varchar,255,NO,NULL
BldgFloorAdditional,bldgfloorid,varchar,255,NO,NULL
BldgFloorAdditional_RPTParameterValue,BldgFloorAdditional_objid,varchar,255,NO,NULL
BldgFloorAdditional_RPTParameterValue,parameters_objid,varchar,35,NO,NULL
BldgFloorDetail,objid,varchar,255,NO,NULL
BldgFloorDetail,structureId,varchar,50,YES,NULL
BldgFloorDetail,structureCode,varchar,10,YES,NULL
BldgFloorDetail,structureTitle,varchar,50,YES,NULL
BldgFloorDetail,materialId,varchar,50,YES,NULL
BldgFloorDetail,materialCode,varchar,10,YES,NULL
BldgFloorDetail,materialTitle,varchar,50,YES,NULL
BldgFloorDetail,bldgrpuid,varchar,255,NO,NULL
BldgKind,objid,varchar,35,NO,NULL
BldgKind,code,varchar,5,NO,NULL
BldgKind,description,varchar,50,NO,NULL
BldgRPU,objid,varchar,50,NO,NULL
BldgRPU,psic,varchar,255,YES,NULL
BldgRPU,permitNo,varchar,255,YES,NULL
BldgRPU,permitDate,datetime,NULL,YES,NULL
BldgRPU,permitIssuedBy,varchar,255,YES,NULL
BldgRPU,title,varchar,255,YES,NULL
BldgRPU,dtBldgCompleted,datetime,NULL,YES,NULL
BldgRPU,dtBldgOccupied,datetime,NULL,YES,NULL
BldgRPU,constructionCost,numeric,NULL,NO,NULL
BldgRPU,totalArea,numeric,NULL,NO,NULL
BldgRPU,depreciation,numeric,NULL,NO,NULL
BldgRPU,totalAdjustment,numeric,NULL,NO,NULL
BldgRPU,swornStatement,tinyint,NULL,NO,NULL
BldgRPU,swornAmount,numeric,NULL,NO,NULL
BldgRPU,additionalInfo,varchar,255,YES,NULL
BldgRPU,predominant,tinyint,NULL,NO,NULL
BldgRPU,firstFloorBaseValue,numeric,NULL,NO,NULL
BldgRPU,bldgAge,int,NULL,NO,NULL
BldgRPU,bldgTypeId,varchar,50,NO,NULL
BldgRPU,bldgTypeCode,varchar,10,NO,NULL
BldgRPU,bldgTypeTitle,varchar,50,NO,NULL
BldgRPU,bldgTypeClassificationId,varchar,50,NO,NULL
BldgRPU,bldgKindId,varchar,50,NO,NULL
BldgRPU,baseValue,numeric,NULL,YES,NULL
BldgRPU,bldgKindCode,varchar,5,NO,NULL
BldgRPU,bldgKindTitle,varchar,50,NO,NULL
BldgRPU,bldgBaseValueType,varchar,255,NO,NULL
BldgRPU,bldgAssessLevelId,varchar,50,NO,NULL
BldgRPU,assessLevel,numeric,NULL,NO,NULL
BldgRPU,specialLevel,tinyint,NULL,NO,NULL
BldgRPUStructure,objid,varchar,255,NO,NULL
BldgRPUStructure,structureId,varchar,50,YES,NULL
BldgRPUStructure,structureCode,varchar,10,YES,NULL
BldgRPUStructure,structureTitle,varchar,50,YES,NULL
BldgRPUStructure,materialId,varchar,50,YES,NULL
BldgRPUStructure,materialCode,varchar,10,YES,NULL
BldgRPUStructure,materialTitle,varchar,50,YES,NULL
BldgRPUStructure,bldgrpuid,varchar,50,NO,NULL
BldgStoreyAdjustment,objid,varchar,35,NO,NULL
BldgStoreyAdjustment,storey,int,NULL,NO,NULL
BldgStoreyAdjustment,rate,numeric,NULL,NO,NULL
BldgStoreyAdjustment,previd,varchar,50,YES,NULL
BldgStoreyAdjustment,bldgtypeid,varchar,35,NO,NULL
BldgStructure,objid,varchar,255,NO,NULL
BldgStructure,code,varchar,5,NO,NULL
bldgstructuretemplate_structure,bldgstructuretemplateid,varchar,255,NO,NULL
bldgstructuretemplate_structure,structureid,varchar,255,NO,NULL
BldgType,objid,varchar,35,NO,NULL
BldgType,code,varchar,5,NO,NULL
BldgType,description,varchar,50,NO,NULL
BldgType,previd,varchar,50,YES,NULL
BldgType,residualValue,numeric,NULL,NO,NULL
BldgType,economicLife,int,NULL,NO,NULL
BldgType,bldgrysettingid,varchar,35,NO,NULL
BldgTypeClassification,objid,varchar,35,NO,NULL
BldgTypeClassification,baseValueType,varchar,255,YES,NULL
BldgTypeClassification,baseValue,numeric,NULL,NO,NULL
BldgTypeClassification,minBaseValue,numeric,NULL,NO,NULL
BldgTypeClassification,maxBaseValue,numeric,NULL,NO,NULL
BldgTypeClassification,expression,varchar,255,YES,NULL
BldgTypeClassification,previd,varchar,50,YES,NULL
BldgTypeClassification,bldgtypeid,varchar,35,NO,NULL
BldgTypeClassification,bldgkindid,varchar,35,NO,NULL
BldgTypeStructure,objid,varchar,35,NO,NULL
BldgTypeStructure,previd,varchar,50,YES,NULL
BldgTypeStructure,structureid,varchar,255,YES,NULL
BldgTypeStructure,materialid,varchar,35,YES,NULL
BldgTypeStructure,bldgtypeid,varchar,35,NO,NULL
BldgUse,objid,varchar,255,NO,NULL
BldgUse,area,numeric,NULL,NO,NULL
BldgUse,baseValue,numeric,NULL,NO,NULL
BldgUse,adjustment,numeric,NULL,NO,NULL
BldgUse,marketValue,numeric,NULL,NO,NULL
BldgUse,adjMarketValue,numeric,NULL,NO,NULL
BldgUse,assessLevel,numeric,NULL,NO,NULL
BldgUse,assessedValue,numeric,NULL,NO,NULL
BldgUse,bldgAssessLevelId,varchar,50,NO,NULL
BldgUse,specialLevel,tinyint,NULL,NO,NULL
BldgUse,actualUseId,varchar,50,NO,NULL
BldgUse,actualUseCode,varchar,10,NO,NULL
BldgUse,actualUseTitle,varchar,50,NO,NULL
BldgUse,bldgrpuid,varchar,50,NO,NULL
BPAccountComputationSetting,objid,varchar,50,NO,NULL
BPAccountComputationSetting,surchargeRate,numeric,NULL,YES,NULL
BPAccountComputationSetting,interestRate,numeric,NULL,YES,NULL
BPAccountComputationSetting,includeSurcharge,tinyint,NULL,NO,NULL
BPAccountComputationSetting,earlyInterest,tinyint,NULL,NO,NULL
BPAccountComputationSetting,calcIntStartOfYear,tinyint,NULL,NO,NULL
BPAccountComputationSetting,discountRate,numeric,NULL,YES,NULL
BPAccountComputationSetting,accountid,varchar,50,NO,NULL
BPApplication,objid,varchar,50,NO,NULL
BPApplication,tradename,varchar,255,YES,NULL
BPApplication,pin,varchar,255,YES,NULL
BPApplication,barangayId,varchar,50,NO,NULL
BPApplication,barangayName,varchar,50,NO,NULL
BPApplication,type,varchar,255,YES,NULL
BPApplication,address,varchar,255,YES,NULL
BPApplication,businessId,varchar,50,YES,NULL
BPApplication,permitId,varchar,50,YES,NULL
BPApplication,permitNo,varchar,15,YES,NULL
BPApplication,permitDate,datetime,NULL,YES,NULL
BPApplication,totalTax,numeric,NULL,YES,NULL
BPApplication,totalRegFee,numeric,NULL,YES,NULL
BPApplication,totalCharge,numeric,NULL,YES,NULL
BPApplication,parentid,varchar,50,YES,NULL
BPApplication,permit_objid,varchar,50,YES,NULL
BPApplication_LOB,BPApplication_objid,varchar,50,NO,NULL
BPApplication_LOB,lines_objid,varchar,50,NO,NULL
BPApplicationInfo,objid,varchar,50,NO,NULL
BPApplicationInfo,stringValue,varchar,255,YES,NULL
BPApplicationInfo,doubleValue,float,NULL,YES,NULL
BPApplicationInfo,booleanValue,tinyint,NULL,YES,NULL
BPApplicationInfo,integerValue,int,NULL,YES,NULL
BPApplicationInfo,required,tinyint,NULL,NO,NULL
BPApplicationInfo,indexno,int,NULL,NO,NULL
BPApplicationInfo,beforePrint,tinyint,NULL,NO,NULL
BPApplicationInfo,calculated,tinyint,NULL,NO,NULL
BPApplicationInfo,oldStringValue,varchar,255,YES,NULL
BPApplicationInfo,oldDoubleValue,float,NULL,YES,NULL
BPApplicationInfo,oldBooleanValue,tinyint,NULL,YES,NULL
BPApplicationInfo,oldIntegerValue,int,NULL,YES,NULL
BPApplicationInfo,variableid,varchar,50,YES,NULL
BPApplicationInfo,parentid,varchar,50,YES,NULL
BPApplicationInfo,lobid,varchar,50,YES,NULL
BPApplicationSignatory,objid,varchar,50,NO,NULL
BPApplicationSignatory,orderno,int,NULL,NO,NULL
BPApplicationSignatory,department,varchar,50,NO,NULL
BPApplicationSignatory,signatory,varchar,60,NO,NULL
BPApplicationSignatory,signatoryPosition,varchar,40,NO,NULL
BPApplicationSignatory,parentid,varchar,50,NO,NULL
BPAssessmentSignatory,objid,varchar,50,NO,NULL
BPAssessmentSignatory,orderno,int,NULL,NO,NULL
BPAssessmentSignatory,department,varchar,50,NO,NULL
BPAssessmentSignatory,signatory,varchar,60,NO,NULL
BPAssessmentSignatory,signatoryPosition,varchar,40,NO,NULL
BPAssessmentSignatory,parentid,varchar,50,NO,NULL
BPCapturePayment,objid,varchar,50,NO,NULL
BPCapturePayment,paidby,varchar,150,YES,NULL
BPCapturePayment,orno,varchar,15,YES,NULL
BPCapturePayment,ordate,datetime,NULL,YES,NULL
BPCapturePayment,oramount,numeric,NULL,YES,NULL
BPCapturePayment,yearpaid,int,NULL,NO,NULL
BPCapturePayment,lastqtrpaid,int,NULL,YES,NULL
BPCapturePayment,capturedby,varchar,150,YES,NULL
BPCapturePayment,capturedate,datetime,NULL,YES,NULL
BPCapturePayment,businessid,varchar,50,YES,NULL
BPComputationSetting,objid,varchar,50,NO,NULL
BPComputationSetting,qtr1DueDay,varchar,5,NO,NULL
BPComputationSetting,qtr2DueDay,varchar,5,NO,NULL
BPComputationSetting,qtr3DueDay,varchar,5,NO,NULL
BPComputationSetting,qtr4DueDay,varchar,5,NO,NULL
BPComputationSetting,maxInterest,numeric,NULL,YES,NULL
BPComputationSetting,maxInterestMonth,int,NULL,NO,NULL
BPComputationSetting,surchargeRate,numeric,NULL,YES,NULL
BPComputationSetting,interestRate,numeric,NULL,YES,NULL
BPComputationSetting,includeSurchargeInIntComputation,tinyint,NULL,NO,NULL
BPComputationSetting,earlyInterest,tinyint,NULL,NO,NULL
BPComputationSetting,calcIntStartOfYear,tinyint,NULL,NO,NULL
BPComputationSetting,discountDueDay,varchar,5,NO,NULL
BPComputationSetting,discountRate,numeric,NULL,YES,NULL
BPComputationSetting,dailyInterest,tinyint,NULL,YES,NULL
BPReceivable,DTYPE,varchar,31,NO,NULL
BPReceivable,objid,varchar,50,NO,NULL
BPReceivable,applicationType,varchar,50,NO,NULL
BPReceivable,type,varchar,255,YES,NULL
BPReceivable,amount,numeric,NULL,NO,NULL
BPReceivable,discount,numeric,NULL,NO,NULL
BPReceivable,amtpaid,numeric,NULL,NO,NULL
BPReceivable,amtcredited,numeric,NULL,NO,NULL
BPReceivable,lastReceiptId,varchar,50,YES,NULL
BPReceivable,lastqtrpaid,int,NULL,NO,NULL
BPReceivable,previousqtrpaid,int,NULL,NO,NULL
BPReceivable,taxfeeid,varchar,50,YES,NULL
BPReceivable,businessid,varchar,50,NO,NULL
BPReceivableCredit,DTYPE,varchar,31,NO,NULL
BPReceivableCredit,objid,varchar,50,NO,NULL
BPReceivableCredit,amount,numeric,NULL,NO,NULL
BPReceivableCredit,parentId,varchar,50,NO,NULL
BPReceivableCredit,remarks,varchar,150,YES,NULL
BPReceivableCredit,surcharge,numeric,NULL,YES,NULL
BPReceivableCredit,discount,numeric,NULL,YES,NULL
BPReceivableCredit,interest,numeric,NULL,YES,NULL
BPReceivableCredit,taxcredit,numeric,NULL,YES,NULL
BPReceivableCredit,amtdue,numeric,NULL,YES,NULL
BPReceivableCredit,lobId,varchar,50,YES,NULL
BPReceivableCredit,lobName,varchar,100,YES,NULL
BPReceivableCredit,accountId,varchar,50,YES,NULL
BPReceivableCredit,accountNo,varchar,50,YES,NULL
BPReceivableCredit,accountCode,varchar,50,YES,NULL
BPReceivableCredit,accountTitle,varchar,100,YES,NULL
BPReceivableCredit,accountType,varchar,255,YES,NULL
BPReceivableCredit,year,int,NULL,YES,NULL
BPReceivableCredit,qtr,int,NULL,YES,NULL
BPReceivableCredit,receiptId,varchar,50,YES,NULL
BPReceivableCredit,receiptNo,varchar,25,YES,NULL
BPReceivableCredit,receiptDate,datetime,NULL,YES,NULL
BPReceivableCredit,taxCreditId,varchar,50,YES,NULL
BPReceivableCredit,capturepaymentid,varchar,50,YES,NULL
BPRenewalSchedule,objid,varchar,50,NO,NULL
BPRenewalSchedule,year,int,NULL,NO,NULL
BPRenewalSchedule,statusUpdated,tinyint,NULL,NO,NULL
BPRequirement,objid,varchar,50,NO,NULL
BPRequirement,name,varchar,255,YES,NULL
BPRequirement,refno,varchar,255,YES,NULL
BPRequirement,remarks,varchar,255,YES,NULL
BPRequirement,accomplished,tinyint,NULL,NO,NULL
BPRequirement,parentid,varchar,50,YES,NULL
BPSetting,objid,varchar,50,NO,NULL
BPSetting,updatenew,tinyint,NULL,NO,NULL
BPTaxCredit,objid,varchar,50,NO,NULL
BPTaxCredit,amount,numeric,NULL,NO,NULL
BPTaxCredit,accountId,varchar,50,NO,NULL
BPTaxCredit,accountCode,varchar,50,YES,NULL
BPTaxCredit,accountTitle,varchar,100,NO,NULL
BPTaxCredit,accountNo,varchar,50,YES,NULL
BPTaxCredit,acctType,varchar,255,YES,NULL
BPTaxCredit,receiptId,varchar,50,NO,NULL
BPTaxCredit,receiptNo,varchar,25,YES,NULL
BPTaxCredit,receiptDate,datetime,NULL,YES,NULL
BPTaxCredit,parentid,varchar,50,NO,NULL
BPTaxFee,objid,varchar,50,NO,NULL
BPTaxFee,acctId,varchar,50,NO,NULL
BPTaxFee,accountCode,varchar,50,YES,NULL
BPTaxFee,accountTitle,varchar,100,NO,NULL
BPTaxFee,accountNo,varchar,50,YES,NULL
BPTaxFee,acctType,varchar,255,YES,NULL
BPTaxFee,assessedvalue,numeric,NULL,NO,NULL
BPTaxFee,amtdue,numeric,NULL,NO,NULL
BPTaxFee,previousAmount,numeric,NULL,NO,NULL
BPTaxFee,surcharge,numeric,NULL,NO,NULL
BPTaxFee,interest,numeric,NULL,NO,NULL
BPTaxFee,discount,numeric,NULL,NO,NULL
BPTaxFee,appNo,varchar,25,NO,NULL
BPTaxFee,year,int,NULL,NO,NULL
BPTaxFee,type,varchar,255,YES,NULL
BPTaxFee,dtapplied,datetime,NULL,YES,NULL
BPTaxFee,lobId,varchar,50,YES,NULL
BPTaxFee,lobName,varchar,255,YES,NULL
BPTaxFee,parentId,varchar,50,NO,NULL
BPUpdateNewApplication,objid,varchar,50,NO,NULL
BPUpdateNewApplication,qtr,int,NULL,NO,NULL
BPUpdateNewApplicationTxn,objid,varchar,50,NO,NULL
BPUpdateNewApplicationTxn,lastUpdatedQtr,int,NULL,NO,NULL
BPUpdateNewApplicationTxn_BPUpdateNewApplication,BPUpdateNewApplicationTxn_objid,varchar,50,NO,NULL
BPUpdateNewApplicationTxn_BPUpdateNewApplication,applications_objid,varchar,50,NO,NULL
BrgyRIS,objid,varchar,50,NO,NULL
BrgyRIS,receivedByName,varchar,50,NO,NULL
BrgyRIS,receivedByTitle,varchar,50,NO,NULL
BrgyRIS,issuedById,varchar,50,NO,NULL
BrgyRIS,issuedByName,varchar,75,NO,NULL
BrgyRIS,issuedByTitle,varchar,50,NO,NULL
BrgyRIV,objid,varchar,50,NO,NULL
BrgyRIV,requestedBy,varchar,50,NO,NULL
BrgyRIV,requestedByTitle,varchar,50,NO,NULL
BrgyRIV,approvedBy,varchar,50,NO,NULL
BrgyRIV,approvedByTitle,varchar,50,NO,NULL
BrgyRIV,issuedById,varchar,50,NO,NULL
BrgyRIV,issuedByName,varchar,100,NO,NULL
BrgyRIV,issuedByTitle,varchar,50,NO,NULL
BrgyRIV,barangayid,varchar,35,NO,NULL
Business,objid,varchar,50,NO,NULL
Business,sss,varchar,25,YES,NULL
Business,tin,varchar,25,YES,NULL
Business,tradename,varchar,150,NO,NULL
Business,businessAddress,varchar,150,NO,NULL
Business,officeType,varchar,255,YES,NULL
Business,organizationType,varchar,255,YES,NULL
Business,applicationId,varchar,50,NO,NULL
Business,applicationNo,varchar,25,NO,NULL
Business,applicationDate,datetime,NULL,NO,NULL
Business,applicationType,varchar,25,NO,NULL
Business,taxpayerId,varchar,50,NO,NULL
Business,taxpayerName,varchar,255,NO,NULL
Business,taxpayerAddress,varchar,255,NO,NULL
Business,year,int,NULL,NO,NULL
Business,adminName,varchar,100,YES,NULL
Business,adminAddress,varchar,100,YES,NULL
BusinessApplicationMapping,objid,varchar,50,NO,NULL
BusinessApplicationMapping,businessid,varchar,50,NO,NULL
BusinessApplicationMapping,applicationid,varchar,50,NO,NULL
BusinessInspection,objid,varchar,50,NO,NULL
BusinessInspection,inspector,varchar,255,YES,NULL
BusinessInspection,dtinspected,datetime,NULL,YES,NULL
BusinessInspection,finding,text,2147483647,YES,NULL
BusinessInspection,parentid,varchar,50,YES,NULL
BusinessOfficeType,name,varchar,255,NO,NULL
BusinessOfficeType,caption,varchar,255,YES,NULL
BusinessOrganizationType,name,varchar,255,NO,NULL
BusinessOrganizationType,caption,varchar,255,YES,NULL
BusinessPermit,objid,varchar,50,NO,NULL
BusinessPermit,dtexpiry,datetime,NULL,YES,NULL
BusinessPermit,permitno,varchar,50,NO,NULL
BusinessPermit,state,varchar,255,YES,NULL
BusinessPermit,dtposted,datetime,NULL,YES,NULL
BusinessPermit,postedby,varchar,255,YES,NULL
BusinessPermit,plateno,varchar,255,YES,NULL
BusinessPermit,applicationId,varchar,50,NO,NULL
BusinessPermit,applicationType,varchar,255,YES,NULL
BusinessPermit,tradeName,varchar,100,NO,NULL
BusinessPermit,businessAddress,varchar,150,NO,NULL
BusinessPermit,taxpayerId,varchar,50,NO,NULL
BusinessPermit,taxpayerName,varchar,255,NO,NULL
BusinessPermit,taxpayerAddress,varchar,150,NO,NULL
BusinessPermit,adminName,varchar,100,YES,NULL
BusinessPermit,adminAddress,varchar,100,YES,NULL
CancelTaxDeclaration,objid,varchar,50,NO,NULL
CancelTaxDeclaration,state,varchar,255,YES,NULL
CancelTaxDeclaration,approvedBy,varchar,75,NO,NULL
CancelTaxDeclaration,approvedByPosition,varchar,75,NO,NULL
CancelTaxDeclaration,recommendedBy,varchar,75,NO,NULL
CancelTaxDeclaration,recommendedByPosition,varchar,75,NO,NULL
CancelTaxDeclaration,appraisedBy,varchar,75,NO,NULL
CancelTaxDeclaration,appraisedByPosition,varchar,75,NO,NULL
CancelTaxDeclaration,dtapproved,datetime,NULL,YES,NULL
CancelTaxDeclaration,remarks,varchar,255,NO,NULL
CancelTaxDeclaration,reasonid,varchar,50,NO,NULL
CancelTaxDeclaration,tdid,varchar,50,NO,NULL
CancelTDAnnotation,objid,varchar,50,NO,NULL
CancelTDAnnotation,state,varchar,20,NO,NULL
CancelTDAnnotation,fileno,varchar,15,NO,NULL
CancelTDAnnotation,orno,varchar,15,NO,NULL
CancelTDAnnotation,ordate,datetime,NULL,YES,NULL
CancelTDAnnotation,oramount,numeric,NULL,NO,NULL
CancelTDAnnotation,remarks,varchar,255,YES,NULL
CancelTDAnnotation,signedby,varchar,50,NO,NULL
CancelTDAnnotation,signedbyposition,varchar,50,NO,NULL
CancelTDAnnotation,dtsubmitted,datetime,NULL,YES,NULL
CancelTDAnnotation,submittedby,varchar,50,YES,NULL
CancelTDAnnotation,dtapproved,datetime,NULL,YES,NULL
CancelTDAnnotation,approvedby,varchar,50,YES,NULL
CancelTDAnnotation,tdid,varchar,50,NO,NULL
CancelTDAnnotation_AbstractTDAnnotation,CancelTDAnnotation_objid,varchar,50,NO,NULL
CancelTDAnnotation_AbstractTDAnnotation,annotations_objid,varchar,50,NO,NULL
CancelTDReason,objid,varchar,50,NO,NULL
CancelTDReason,code,varchar,5,NO,NULL
CancelTDReason,title,varchar,50,NO,NULL
CancelTDReason,description,varchar,255,YES,NULL
ChangeAdministrator,objid,varchar,50,NO,NULL
ChangeAdministrator,state,varchar,10,NO,NULL
ChangeAdministrator,dtposted,datetime,NULL,YES,NULL
ChangeAdministrator,prevAdminName,varchar,100,YES,NULL
ChangeAdministrator,newAdminName,varchar,100,NO,NULL
ChangeAdministrator,prevAdminAddress,varchar,100,YES,NULL
ChangeAdministrator,newAdminAddress,varchar,100,NO,NULL
ChangeAdministrator,remarks,varchar,100,YES,NULL
ChangeAdministrator,tradeName,varchar,150,NO,NULL
ChangeAdministrator,businessId,varchar,50,NO,NULL
ChangeAdministrator,businessAddress,varchar,150,NO,NULL
ChangeAdministrator,taxpayerName,varchar,255,NO,NULL
ChangeAdministrator,taxpayerAddress,varchar,255,NO,NULL
ChangeAdministrator,applicationId,varchar,50,NO,NULL
ChangeBPAddress,objid,varchar,50,NO,NULL
ChangeBPAddress,state,varchar,10,NO,NULL
ChangeBPAddress,dtposted,datetime,NULL,YES,NULL
ChangeBPAddress,previousAddress,varchar,150,NO,NULL
ChangeBPAddress,newAddress,varchar,255,YES,NULL
ChangeBPAddress,remarks,varchar,100,YES,NULL
ChangeBPAddress,businessId,varchar,50,NO,NULL
ChangeBPAddress,tradeName,varchar,150,NO,NULL
ChangeBPAddress,taxpayerName,varchar,255,NO,NULL
ChangeBPAddress,taxpayerAddress,varchar,255,NO,NULL
ChangeBPAddress,applicationId,varchar,50,NO,NULL
ChangeBPAddress,barangayid,varchar,35,YES,NULL
ChangeOrganization,objid,varchar,50,NO,NULL
ChangeOrganization,state,varchar,10,NO,NULL
ChangeOrganization,dtposted,datetime,NULL,YES,NULL
ChangeOrganization,previousOrgType,varchar,25,NO,NULL
ChangeOrganization,newOrgType,varchar,25,NO,NULL
ChangeOrganization,remarks,varchar,100,YES,NULL
ChangeOrganization,businessId,varchar,50,NO,NULL
ChangeOrganization,tradeName,varchar,150,NO,NULL
ChangeOrganization,businessAddress,varchar,150,NO,NULL
ChangeOrganization,taxpayerName,varchar,255,NO,NULL
ChangeOrganization,taxpayerAddress,varchar,255,NO,NULL
ChangeOrganization,applicationId,varchar,50,NO,NULL
ChangePermittee,objid,varchar,50,NO,NULL
ChangePermittee,state,varchar,10,NO,NULL
ChangePermittee,dtposted,datetime,NULL,YES,NULL
ChangePermittee,previousTaxpayerId,varchar,50,NO,NULL
ChangePermittee,previousTaxpayerName,varchar,255,NO,NULL
ChangePermittee,previousTaxpayerAddress,varchar,150,NO,NULL
ChangePermittee,newTaxpayerId,varchar,50,NO,NULL
ChangePermittee,newTaxpayerName,varchar,255,NO,NULL
ChangePermittee,newTaxpayerAddress,varchar,150,NO,NULL
ChangePermittee,remarks,varchar,100,YES,NULL
ChangePermittee,businessId,varchar,50,NO,NULL
ChangePermittee,tradeName,varchar,150,NO,NULL
ChangePermittee,businessAddress,varchar,150,NO,NULL
ChangePermittee,applicationId,varchar,50,NO,NULL
ChangeTradename,objid,varchar,50,NO,NULL
ChangeTradename,state,varchar,10,NO,NULL
ChangeTradename,dtposted,datetime,NULL,YES,NULL
ChangeTradename,previousTradename,varchar,150,NO,NULL
ChangeTradename,newTradename,varchar,150,NO,NULL
ChangeTradename,remarks,varchar,100,YES,NULL
ChangeTradename,businessId,varchar,50,NO,NULL
ChangeTradename,businessAddress,varchar,150,NO,NULL
ChangeTradename,taxpayerName,varchar,255,NO,NULL
ChangeTradename,taxpayerAddress,varchar,255,NO,NULL
ChangeTradename,applicationId,varchar,50,NO,NULL
Citizenship,objid,varchar,50,NO,NULL
Citizenship,alien,tinyint,NULL,NO,NULL
CollectionGroup,objid,varchar,255,NO,NULL
CollectionGroup,groupName,varchar,50,NO,NULL
CollectionGroup_IncomeAccount,CollectionGroup_objid,varchar,255,NO,NULL
CollectionGroup_IncomeAccount,accounts_objid,varchar,50,NO,NULL
CollectionRemittance,objid,varchar,50,NO,NULL
CollectionRemittance,docno,varchar,50,YES,NULL
CollectionRemittance,collectorId,varchar,50,NO,NULL
CollectionRemittance,collectorName,varchar,70,NO,NULL
CollectionRemittance,collectorTitle,varchar,30,NO,NULL
CollectionRemittance,liquidatingOfficerId,varchar,50,NO,NULL
CollectionRemittance,liquidatingOfficerName,varchar,70,NO,NULL
CollectionRemittance,liquidatingOfficerTitle,varchar,30,NO,NULL
CollectionRemittance,liquidationId,varchar,50,YES,NULL
CollectionRemittance,liquidationNo,varchar,15,YES,NULL
CollectionRemittance,liquidationDate,datetime,NULL,YES,NULL
CollectionRemittance,begindate,datetime,NULL,YES,NULL
CollectionRemittance,enddate,datetime,NULL,YES,NULL
CollectionRemittance,dateposted,datetime,NULL,YES,NULL
CollectionRemittance,amount,numeric,NULL,NO,NULL
CollectionRemittance,totalchecks,numeric,NULL,NO,NULL
CollectionRemittance,d1000qty,int,NULL,YES,NULL
CollectionRemittance,d500qty,int,NULL,YES,NULL
CollectionRemittance,d200qty,int,NULL,YES,NULL
CollectionRemittance,d100qty,int,NULL,YES,NULL
CollectionRemittance,d50qty,int,NULL,YES,NULL
CollectionRemittance,d20qty,int,NULL,YES,NULL
CollectionRemittance,d10qty,int,NULL,YES,NULL
CollectionRemittance,coins,numeric,NULL,YES,NULL
CollectionSetting,objid,varchar,25,NO,NULL
CollectionSetting,largeCattleOwnershipAmount,numeric,NULL,NO,NULL
CollectionSetting,largeCattleTransferAmount,numeric,NULL,NO,NULL
CollectionSetting,marriageLicenseFeeAmount,numeric,NULL,YES,NULL
CollectionSetting,burialPermitFeeAmount,numeric,NULL,YES,NULL
CollectionSetting,marriageLicensefeeaccountid,varchar,50,YES,NULL
CollectionSetting,largecattletransferaccountid,varchar,50,NO,NULL
CollectionSetting,burialpermitfeeaccountid,varchar,50,YES,NULL
CollectionSetting,largecattleownershipaccountid,varchar,50,NO,NULL
CollectionType,objid,varchar,50,NO,NULL
CollectionType,name,varchar,255,YES,NULL
CollectionType,appcode,varchar,255,YES,NULL
CollectionType,syscreated,tinyint,NULL,NO,NULL
CollectionType,af,varchar,50,YES,NULL
CollectorIRAF,objid,varchar,50,NO,NULL
CollectorIRAF,issuedById,varchar,50,NO,NULL
CollectorIRAF,issuedByName,varchar,100,NO,NULL
CollectorIRAF,issuedByTitle,varchar,50,NO,NULL
CollectorIRAF,receivedById,varchar,50,NO,NULL
CollectorIRAF,receivedByName,varchar,100,NO,NULL
CollectorIRAF,receivedByTitle,varchar,50,NO,NULL
CollectorRIV,objid,varchar,50,NO,NULL
CollectorRIV,requestedById,varchar,50,NO,NULL
CollectorRIV,requestedByName,varchar,100,NO,NULL
CollectorRIV,requestedByTitle,varchar,50,NO,NULL
CollectorRIV,approvedById,varchar,50,NO,NULL
CollectorRIV,approvedByName,varchar,100,NO,NULL
CollectorRIV,approvedByTitle,varchar,50,NO,NULL
CollectorRIV,issuedById,varchar,50,NO,NULL
CollectorRIV,issuedByName,varchar,100,NO,NULL
CollectorRIV,issuedByTitle,varchar,50,NO,NULL
CollectorRIV,receivedById,varchar,50,NO,NULL
CollectorRIV,receivedByName,varchar,100,NO,NULL
CollectorRIV,receivedByTitle,varchar,50,NO,NULL
CorporateCTCSetting,objid,varchar,50,NO,NULL
CorporateCTCSetting,basicTax,numeric,NULL,NO,NULL
CorporateCTCSetting,maximumAdditionalTax,numeric,NULL,NO,NULL
CorporateCTCSetting,interestRate,numeric,NULL,NO,NULL
CorporateCTCSetting,interestStartDay,varchar,5,NO,NULL
CorporateCTCSetting,earlyInterest,tinyint,NULL,NO,NULL
CorporateCTCSetting,barangayShareRate,numeric,NULL,YES,NULL
CorporateCTCSetting,intaccountid,varchar,50,NO,NULL
CorporateCTCSetting,accountid,varchar,50,NO,NULL
CRAAF,objid,varchar,50,NO,NULL
CRAAF,state,varchar,255,NO,NULL
CRAAF,docNo,varchar,15,YES,NULL
CRAAF,docDate,datetime,NULL,YES,NULL
CRAAF,certifiedById,varchar,50,NO,NULL
CRAAF,certifiedByName,varchar,100,NO,NULL
CRAAF,certifiedByTitle,varchar,50,NO,NULL
CRAAF,year,int,NULL,NO,NULL
CRAAF,month,varchar,255,YES,NULL
CRAAFItem,DTYPE,varchar,31,NO,NULL
CRAAFItem,objid,varchar,50,NO,NULL
CRAAFItem,collectorId,varchar,50,YES,NULL
CRAAFItem,collectorName,varchar,100,YES,NULL
CRAAFItem,collectorTitle,varchar,50,YES,NULL
CRAAFItem,qtyBeginning,int,NULL,YES,NULL
CRAAFItem,qtyReceived,int,NULL,YES,NULL
CRAAFItem,qtyIssued,int,NULL,YES,NULL
CRAAFItem,qtyEnding,int,NULL,YES,NULL
CRAAFItem,remarks,varchar,100,YES,NULL
CRAAFItem,refId,varchar,50,NO,NULL
CRAAFItem,refType,varchar,50,NO,NULL
CRAAFItem,refDoc,varchar,20,NO,NULL
CRAAFItem,inventoryItemId,varchar,50,YES,NULL
CRAAFItem,afIssuedId,varchar,50,YES,NULL
CRAAFItem,txnDate,datetime,NULL,YES,NULL
CRAAFItem,stubNos,varchar,15,YES,NULL
CRAAFItem,beginFrom,int,NULL,YES,NULL
CRAAFItem,beginTo,int,NULL,YES,NULL
CRAAFItem,receivedFrom,int,NULL,YES,NULL
CRAAFItem,receivedTo,int,NULL,YES,NULL
CRAAFItem,issuedFrom,int,NULL,YES,NULL
CRAAFItem,issuedTo,int,NULL,YES,NULL
CRAAFItem,endingFrom,int,NULL,YES,NULL
CRAAFItem,endingTo,int,NULL,YES,NULL
CRAAFItem,afid,varchar,50,NO,NULL
CRAAFItem,craafid,varchar,50,NO,NULL
CRAAFItemDetail,DTYPE,varchar,31,NO,NULL
CRAAFItemDetail,objid,varchar,50,NO,NULL
CRAAFItemDetail,postDate,datetime,NULL,NO,NULL
CRAAFItemDetail,refId,varchar,50,NO,NULL
CRAAFItemDetail,refType,varchar,50,NO,NULL
CRAAFItemDetail,refNo,varchar,20,NO,NULL
CRAAFItemDetail,qtyReceived,int,NULL,NO,NULL
CRAAFItemDetail,qtyIssued,int,NULL,NO,NULL
CRAAFItemDetail,remarks,varchar,100,YES,NULL
CRAAFItemDetail,startSeries,int,NULL,YES,NULL
CRAAFItemDetail,endSeries,int,NULL,YES,NULL
CRAAFItemDetail,craafitemid,varchar,50,NO,NULL
cuTA_TaxpayerWithNoTaxDec,DTYPE,varchar,31,NO,NULL
cuTA_TaxpayerWithNoTaxDec,objid,varchar,50,NO,NULL
cuTA_TaxpayerWithNoTaxDec,primaryaddress,varchar,150,NO,NULL
cuTA_TaxpayerWithNoTaxDec,mailingaddress,varchar,150,YES,NULL
cuTA_TaxpayerWithNoTaxDec,state,varchar,255,YES,NULL
cuTA_TaxpayerWithNoTaxDec,name,varchar,800,YES,NULL
cuTA_TaxpayerWithNoTaxDec,origin,varchar,50,YES,NULL
cuTA_TaxpayerWithNoTaxDec,taxpayerno,varchar,50,YES,NULL
cuTA_TaxpayerWithNoTaxDec,tin,varchar,50,YES,NULL
cuTA_TaxpayerWithNoTaxDec,remarks,varchar,150,YES,NULL
cuTA_TaxpayerWithNoTaxDec,firstname,varchar,255,YES,NULL
cuTA_TaxpayerWithNoTaxDec,lastname,varchar,255,YES,NULL
cuTA_TaxpayerWithNoTaxDec,middlename,varchar,255,YES,NULL
cuTA_TaxpayerWithNoTaxDec,birthdate,datetime,NULL,YES,NULL
cuTA_TaxpayerWithNoTaxDec,placeofbirth,varchar,255,YES,NULL
cuTA_TaxpayerWithNoTaxDec,acr,varchar,50,YES,NULL
cuTA_TaxpayerWithNoTaxDec,civilstatus,varchar,1,YES,NULL
cuTA_TaxpayerWithNoTaxDec,gender,varchar,1,YES,NULL
cuTA_TaxpayerWithNoTaxDec,height_value,varchar,255,YES,NULL
cuTA_TaxpayerWithNoTaxDec,height_unit,varchar,255,YES,NULL
cuTA_TaxpayerWithNoTaxDec,weight_value,varchar,255,YES,NULL
cuTA_TaxpayerWithNoTaxDec,weight_unit,varchar,255,YES,NULL
cuTA_TaxpayerWithNoTaxDec,type,varchar,255,YES,NULL
cuTA_TaxpayerWithNoTaxDec,dtRegistered,datetime,NULL,YES,NULL
cuTA_TaxpayerWithNoTaxDec,placeOfIncorporation,varchar,100,YES,NULL
cuTA_TaxpayerWithNoTaxDec,natureOfBusiness,varchar,100,YES,NULL
cuTA_TaxpayerWithNoTaxDec,fullName,text,2147483647,YES,NULL
cuTA_TaxpayerWithNoTaxDec,ownershipid,varchar,50,YES,NULL
cuTA_TaxpayerWithNoTaxDec,citizenshipid,varchar,50,YES,NULL
cuTA_TaxpayerWithNoTaxDec,professionid,varchar,25,YES,NULL
DeployerState,name,varchar,255,NO,NULL
eTRACS_businessList,businessId,varchar,50,NO,NULL
eTRACS_businessList,taxpayerName,varchar,255,NO,NULL
eTRACS_businessList,barangayName,varchar,50,NO,NULL
eTRACS_businessList,type,varchar,255,YES,NULL
ExemptionType,objid,varchar,255,NO,NULL
ExemptionType,code,varchar,3,NO,NULL
ExemptionType,description,varchar,25,NO,NULL
ExemptionType,orderNo,int,NULL,NO,NULL
Fund,name,varchar,255,NO,NULL
geometry_columns,f_table_catalog,varchar,128,NO,NULL
geometry_columns,f_table_schema,varchar,128,NO,NULL
geometry_columns,f_table_name,varchar,256,NO,NULL
geometry_columns,f_geometry_column,varchar,256,NO,NULL
geometry_columns,coord_dimension,int,NULL,NO,NULL
geometry_columns,srid,int,NULL,NO,NULL
geometry_columns,geometry_type,varchar,30,NO,NULL
gis_vwCLN,tdno,varchar,30,YES,NULL
gis_vwCLN,taxpayerName,text,2147483647,NO,NULL
gis_vwCLN,location,varchar,50,NO,NULL
gis_vwCLN,pin,varchar,35,NO,NULL
gis_vwCLN,cadastralLotNo,varchar,255,YES,NULL
gis_vwCLN,type,varchar,10,NO,NULL
gis_vwCLN,classTitle,varchar,30,NO,NULL
gis_vwDaig,taxpayerName,text,2147483647,NO,NULL
gis_vwDaig,pin,varchar,35,NO,NULL
gis_vwDaig,cadastralLotNo,varchar,255,YES,NULL
gis_vwDelinquent,TAXPAYER,varchar,800,YES,NULL
gis_vwDelinquent,tdno,varchar,30,YES,NULL
gis_vwDelinquent,classCode,varchar,5,NO,NULL
gis_vwDelinquent,totalAV,numeric,NULL,NO,NULL
gis_vwDelinquent,lastYearPaid,int,NULL,NO,NULL
gis_vwDelinquent,lastQtrPaid,int,NULL,NO,NULL
gis_vwDelinquent,periodofdelinquency,varchar,11,YES,NULL
gis_vwDelinquent,location,varchar,50,YES,NULL
gis_vwDelinquent,pin,varchar,25,YES,NULL
gis_vwPaid,TAXPAYER,varchar,800,YES,NULL
gis_vwPaid,tdno,varchar,30,YES,NULL
gis_vwPaid,classCode,varchar,5,NO,NULL
gis_vwPaid,totalAV,numeric,NULL,NO,NULL
gis_vwPaid,lastYearPaid,int,NULL,NO,NULL
gis_vwPaid,lastQtrPaid,int,NULL,NO,NULL
gis_vwPaid,paymentperiod,varchar,11,YES,NULL
gis_vwPaid,location,varchar,50,YES,NULL
gis_vwPaid,pin,varchar,25,YES,NULL
IncomeAccount,objid,varchar,50,NO,NULL
IncomeAccount,code,varchar,255,YES,NULL
IncomeAccount,title,varchar,255,YES,NULL
IncomeAccount,acctno,varchar,255,YES,NULL
IncomeAccount,defaultValue,numeric,NULL,NO,NULL
IncomeAccount,type,varchar,255,YES,NULL
IncomeAccount,importance,int,NULL,NO,NULL
IncomeAccount,fund_name,varchar,255,YES,NULL
IncomeAccount,surchargeincomeid,varchar,50,YES,NULL
IncomeAccount,interestincomeid,varchar,50,YES,NULL
IncomeAccount,subacctid,varchar,50,YES,NULL
IncomeAccount,sieacctid,varchar,50,YES,NULL
IncomeAccount,siesubacctid,varchar,50,YES,NULL
IncomeAccount,acctid,varchar,50,YES,NULL
IndividualCTCSetting,objid,varchar,50,NO,NULL
IndividualCTCSetting,basicTax,numeric,NULL,NO,NULL
IndividualCTCSetting,maximumAdditionalTax,numeric,NULL,NO,NULL
IndividualCTCSetting,interestRate,numeric,NULL,NO,NULL
IndividualCTCSetting,interestStartDay,varchar,5,NO,NULL
IndividualCTCSetting,earlyInterest,tinyint,NULL,NO,NULL
IndividualCTCSetting,unemployedMaleTax,numeric,NULL,NO,NULL
IndividualCTCSetting,unemployedFemaleTax,numeric,NULL,NO,NULL
IndividualCTCSetting,barangayShareRate,numeric,NULL,YES,NULL
IndividualCTCSetting,accountid,varchar,50,NO,NULL
IndividualCTCSetting,intaccountid,varchar,50,NO,NULL
IRAFItem,objid,varchar,50,NO,NULL
IRAFItem,qtyRequested,int,NULL,NO,NULL
IRAFItem,qtyDelivered,int,NULL,NO,NULL
IRAFItem,irafid,varchar,50,NO,NULL
IRAFItem,rivitemid,varchar,50,NO,NULL
IRAFItemDelivery,DTYPE,varchar,31,NO,NULL
IRAFItemDelivery,objid,varchar,50,NO,NULL
IRAFItemDelivery,qty,int,NULL,NO,NULL
IRAFItemDelivery,unitValue,numeric,NULL,NO,NULL
IRAFItemDelivery,value,numeric,NULL,NO,NULL
IRAFItemDelivery,stubNos,varchar,10,YES,NULL
IRAFItemDelivery,prefix,varchar,10,YES,NULL
IRAFItemDelivery,suffix,varchar,10,YES,NULL
IRAFItemDelivery,startSeries,int,NULL,YES,NULL
IRAFItemDelivery,endSeries,int,NULL,YES,NULL
IRAFItemDelivery,irafitemid,varchar,50,NO,NULL
LandAdjustment,objid,varchar,35,NO,NULL
LandAdjustment,rate,numeric,NULL,NO,NULL
LandAdjustment,landAdjustmentTypeId,varchar,50,NO,NULL
LandAdjustment,landAdjustmentTypeCode,varchar,10,NO,NULL
LandAdjustment,landAdjustmentTypeTitle,varchar,50,NO,NULL
LandAdjustment,expression,varchar,255,NO,NULL
LandAdjustment,rpuid,varchar,50,NO,NULL
LandAdjustment_RPTParameterValue,LandAdjustment_objid,varchar,35,NO,NULL
LandAdjustment_RPTParameterValue,parameters_objid,varchar,35,NO,NULL
LandAdjustmentType,objid,varchar,35,NO,NULL
LandAdjustmentType,code,varchar,5,NO,NULL
LandAdjustmentType,description,varchar,50,NO,NULL
LandAdjustmentType,expression,text,2147483647,NO,NULL
LandAdjustmentType,rate,numeric,NULL,NO,NULL
LandAdjustmentType,previd,varchar,35,YES,NULL
LandAdjustmentType,rysettingid,varchar,35,YES,NULL
landadjustmenttype_propertyclassification,landadjustmenttypeid,varchar,35,NO,NULL
landadjustmenttype_propertyclassification,propertyclassificationid,varchar,255,NO,NULL
LandAssessLevel,objid,varchar,35,NO,NULL
LandAssessLevel,special,int,NULL,NO,NULL
LandAssessLevel,assessLevel,numeric,NULL,NO,NULL
LandAssessLevel,previd,varchar,35,YES,NULL
LandAssessLevel,propertyclassificationid,varchar,255,YES,NULL
LandAssessLevel,rysettingid,varchar,35,NO,NULL
LandAssessLevelRange,objid,varchar,35,NO,NULL
LandAssessLevelRange,mvFrom,numeric,NULL,NO,NULL
LandAssessLevelRange,mvTo,numeric,NULL,NO,NULL
LandAssessLevelRange,assessLevel,numeric,NULL,NO,NULL
LandAssessLevelRange,previd,varchar,35,YES,NULL
LandAssessLevelRange,landassesslevelid,varchar,35,NO,NULL
LandDetail,objid,varchar,35,NO,NULL
LandDetail,landAssessLevelId,varchar,50,NO,NULL
LandDetail,levelSpecial,tinyint,NULL,NO,NULL
LandDetail,assessLevelClassCode,varchar,5,NO,NULL
LandDetail,assessLevelClassTitle,varchar,30,NO,NULL
LandDetail,lcuvSubclassId,varchar,50,NO,NULL
LandDetail,subclassCode,varchar,5,NO,NULL
LandDetail,subclassTitle,varchar,30,NO,NULL
LandDetail,specificClassId,varchar,50,NO,NULL
LandDetail,specificClassCode,varchar,5,NO,NULL
LandDetail,specificClassTitle,varchar,30,NO,NULL
LandDetail,areaType,varchar,255,YES,NULL
LandDetail,actualUseId,varchar,50,NO,NULL
LandDetail,actualUseCode,varchar,5,NO,NULL
LandDetail,actualUseTitle,varchar,30,NO,NULL
LandDetail,lcuvStrippingId,varchar,50,YES,NULL
LandDetail,stripLevel,varchar,2,YES,NULL
LandDetail,line_no,int,NULL,NO,NULL
LandDetail,info,varchar,150,YES,NULL
LandDetail,area,numeric,NULL,NO,NULL
LandDetail,areaSqm,numeric,NULL,NO,NULL
LandDetail,areaHec,numeric,NULL,NO,NULL
LandDetail,baseValue,numeric,NULL,NO,NULL
LandDetail,unitValue,numeric,NULL,NO,NULL
LandDetail,totalAdjustment,numeric,NULL,NO,NULL
LandDetail,stripRate,numeric,NULL,NO,NULL
LandDetail,marketValue,numeric,NULL,NO,NULL
LandDetail,adjMarketValue,numeric,NULL,NO,NULL
LandDetail,assessLevel,numeric,NULL,NO,NULL
LandDetail,assessedValue,numeric,NULL,NO,NULL
LandDetail,taxable,tinyint,NULL,YES,NULL
LandDetail,rpuid,varchar,50,NO,NULL
landdetailadjtype_propertyclassification,landdetailadjtypeid,varchar,35,NO,NULL
landdetailadjtype_propertyclassification,propertyclassificationid,varchar,255,NO,NULL
LandDetailAdjustment,objid,varchar,35,NO,NULL
LandDetailAdjustment,landDetailAdjTypeId,varchar,50,NO,NULL
LandDetailAdjustment,landDetailAdjTypeCode,varchar,10,NO,NULL
LandDetailAdjustment,landDetailAdjTypeTitle,varchar,50,NO,NULL
LandDetailAdjustment,expression,varchar,255,NO,NULL
LandDetailAdjustment,adjustment,numeric,NULL,NO,NULL
LandDetailAdjustment,landdetailid,varchar,35,NO,NULL
LandDetailAdjustment_RPTParameterValue,LandDetailAdjustment_objid,varchar,35,NO,NULL
LandDetailAdjustment_RPTParameterValue,parameters_objid,varchar,35,NO,NULL
LandDetailAdjustmentType,objid,varchar,35,NO,NULL
LandDetailAdjustmentType,code,varchar,5,NO,NULL
LandDetailAdjustmentType,description,varchar,50,NO,NULL
LandDetailAdjustmentType,expression,text,2147483647,NO,NULL
LandDetailAdjustmentType,unit,varchar,25,NO,NULL
LandDetailAdjustmentType,previd,varchar,35,YES,NULL
LandDetailAdjustmentType,rysettingid,varchar,35,YES,NULL
LandPlantDetail,objid,varchar,35,NO,NULL
LandPlantDetail,bearing,int,NULL,NO,NULL
LandPlantDetail,nonBearing,int,NULL,NO,NULL
LandPlantDetail,nonBearingAge,float,NULL,YES,NULL
LandPlantDetail,baseValue,numeric,NULL,NO,NULL
LandPlantDetail,unitValue,numeric,NULL,NO,NULL
LandPlantDetail,marketValue,numeric,NULL,NO,NULL
LandPlantDetail,adjMarketValue,numeric,NULL,NO,NULL
LandPlantDetail,assessLevel,numeric,NULL,NO,NULL
LandPlantDetail,assessedValue,numeric,NULL,NO,NULL
LandPlantDetail,treeUnitValueId,varchar,50,NO,NULL
LandPlantDetail,treeUnitValueCode,varchar,10,NO,NULL
LandPlantDetail,treeUnitValueTitle,varchar,50,NO,NULL
LandPlantDetail,treeUnitId,varchar,50,NO,NULL
LandPlantDetail,treeId,varchar,50,NO,NULL
LandPlantDetail,treeCode,varchar,10,NO,NULL
LandPlantDetail,treeTitle,varchar,50,NO,NULL
LandPlantDetail,treeAssessLevelId,varchar,50,NO,NULL
LandPlantDetail,treeAssessLevelCode,varchar,10,NO,NULL
LandPlantDetail,treeAssessLevelTitle,varchar,50,NO,NULL
LandPlantDetail,rpuid,varchar,50,YES,NULL
LandRPU,objid,varchar,50,NO,NULL
LandRPU,idleLand,int,NULL,YES,NULL
LandRPU,totalAdjustmentRate,numeric,NULL,NO,NULL
LandRPU,totalLandAdjustment,numeric,NULL,NO,NULL
LandRPU,totalLandMV,numeric,NULL,NO,NULL
LandRPU,totalLandAMV,numeric,NULL,NO,NULL
LandRPU,totalLandAV,numeric,NULL,NO,NULL
LandRPU,totalPlantBearing,int,NULL,NO,NULL
LandRPU,totalPlantNonBearing,int,NULL,NO,NULL
LandRPU,totalPlantMV,numeric,NULL,NO,NULL
LandRPU,totalPlantAMV,numeric,NULL,NO,NULL
LandRPU,totalPlantAV,numeric,NULL,NO,NULL
LandRPU,totalAreaSqm,numeric,NULL,NO,NULL
LandRPU,totalAreaHec,numeric,NULL,NO,NULL
LateRenewalBPApplication,objid,varchar,50,NO,NULL
LateRenewalBPApplication_BPApplication,LateRenewalBPApplication_objid,varchar,50,NO,NULL
LateRenewalBPApplication_BPApplication,applications_objid,varchar,50,NO,NULL
LCUV,objid,varchar,35,NO,NULL
LCUV,previd,varchar,35,YES,NULL
LCUV,rysettingid,varchar,35,YES,NULL
LCUV,propertyclassificationid,varchar,255,YES,NULL
LCUVSpecificClass,objid,varchar,35,NO,NULL
LCUVSpecificClass,code,varchar,5,NO,NULL
LCUVSpecificClass,description,varchar,50,NO,NULL
LCUVSpecificClass,areaType,varchar,255,YES,NULL
LCUVSpecificClass,previd,varchar,35,YES,NULL
LCUVSpecificClass,lcuvid,varchar,35,YES,NULL
LCUVStripping,objid,varchar,35,NO,NULL
LCUVStripping,stripLevel,varchar,2,NO,NULL
LCUVStripping,rate,numeric,NULL,NO,NULL
LCUVStripping,previd,varchar,35,YES,NULL
LCUVStripping,lcuvid,varchar,35,YES,NULL
LCUVSubClass,objid,varchar,35,NO,NULL
LCUVSubClass,code,varchar,5,NO,NULL
LCUVSubClass,description,varchar,25,NO,NULL
LCUVSubClass,unitValue,numeric,NULL,NO,NULL
LCUVSubClass,previd,varchar,35,YES,NULL
LCUVSubClass,specificclassid,varchar,35,YES,NULL
LGU,DTYPE,varchar,31,NO,NULL
LGU,objid,varchar,35,NO,NULL
LGU,indexNo,varchar,4,YES,NULL
LGU,name,varchar,50,YES,NULL
LGU,formalName,varchar,100,YES,NULL
LGU,pin,varchar,17,YES,NULL
LGU,type,varchar,255,YES,NULL
LGU,captain,varchar,50,YES,NULL
LGU,parentid,varchar,35,YES,NULL
Liquidation,objid,varchar,50,NO,NULL
Liquidation,docno,varchar,50,YES,NULL
Liquidation,d1000qty,int,NULL,YES,NULL
Liquidation,d500qty,int,NULL,YES,NULL
Liquidation,d200qty,int,NULL,YES,NULL
Liquidation,d100qty,int,NULL,YES,NULL
Liquidation,d50qty,int,NULL,YES,NULL
Liquidation,d20qty,int,NULL,YES,NULL
Liquidation,d10qty,int,NULL,YES,NULL
Liquidation,coins,numeric,NULL,NO,NULL
Liquidation,liquidatingOfficerId,varchar,50,NO,NULL
Liquidation,liquidatingOfficerName,varchar,70,NO,NULL
Liquidation,liquidatingOfficerTitle,varchar,30,NO,NULL
Liquidation,treasurerId,varchar,50,NO,NULL
Liquidation,treasurerName,varchar,70,NO,NULL
Liquidation,treasurerTitle,varchar,30,NO,NULL
Liquidation,dtposted,datetime,NULL,YES,NULL
Liquidation,totalchecks,numeric,NULL,NO,NULL
Liquidation,amount,numeric,NULL,NO,NULL
LOB,objid,varchar,50,NO,NULL
LOB,name,varchar,255,YES,NULL
LOB,sys_key,varchar,255,YES,NULL
LOB,psic,varchar,255,YES,NULL
LOB,productcategoryid,varchar,50,YES,NULL
LOB,classificationid,varchar,50,YES,NULL
LOBClassification,objid,varchar,50,NO,NULL
LOBClassification,name,varchar,255,YES,NULL
LOBClassification,leftindex,int,NULL,NO,NULL
LOBClassification,rightindex,int,NULL,NO,NULL
LOBClassification,parentid,varchar,50,YES,NULL
LOBInfo,objid,varchar,50,NO,NULL
LOBInfo,stringValue,varchar,255,YES,NULL
LOBInfo,doubleValue,float,NULL,YES,NULL
LOBInfo,booleanValue,tinyint,NULL,YES,NULL
LOBInfo,integerValue,int,NULL,YES,NULL
LOBInfo,parentid,varchar,50,YES,NULL
LOBInfo,varid,varchar,50,YES,NULL
LOBProductCategory,objid,varchar,50,NO,NULL
LOBProductCategory,name,varchar,255,YES,NULL
LOBProductCategory,leftindex,int,NULL,NO,NULL
LOBProductCategory,rightindex,int,NULL,NO,NULL
LOBProductCategory,parentid,varchar,50,YES,NULL
MachAssessLevel,objid,varchar,35,NO,NULL
MachAssessLevel,special,tinyint,NULL,NO,NULL
MachAssessLevel,assessLevel,numeric,NULL,NO,NULL
MachAssessLevel,previd,varchar,50,YES,NULL
MachAssessLevel,machrysettingid,varchar,35,NO,NULL
MachAssessLevel,propertyclassificationid,varchar,255,NO,NULL
MachAssessLevelRange,objid,varchar,35,NO,NULL
MachAssessLevelRange,mvFrom,numeric,NULL,NO,NULL
MachAssessLevelRange,mvTo,numeric,NULL,NO,NULL
MachAssessLevelRange,assessLevel,numeric,NULL,NO,NULL
MachAssessLevelRange,previd,varchar,35,YES,NULL
MachAssessLevelRange,machassesslevelid,varchar,35,NO,NULL
Machine,objid,varchar,35,NO,NULL
Machine,code,varchar,3,NO,NULL
Machine,description,varchar,50,NO,NULL
MachineList,objid,varchar,35,NO,NULL
MachineList,operationYear,int,NULL,NO,NULL
MachineList,replacementCost,numeric,NULL,NO,NULL
MachineList,depreciation,numeric,NULL,NO,NULL
MachineList,marketValue,numeric,NULL,NO,NULL
MachineList,adjMarketValue,numeric,NULL,NO,NULL
MachineList,assessLevel,numeric,NULL,NO,NULL
MachineList,assessedValue,numeric,NULL,NO,NULL
MachineList,machineId,varchar,50,NO,NULL
MachineList,machineCode,varchar,10,NO,NULL
MachineList,machineTitle,varchar,50,NO,NULL
MachineList,useSwornAmount,tinyint,NULL,YES,NULL
MachineList,swornAmount,numeric,NULL,YES,NULL
MachineList,machineuseid,varchar,35,YES,NULL
MachineListDetail,objid,varchar,35,NO,NULL
MachineListDetail,brand,varchar,25,YES,NULL
MachineListDetail,model,varchar,25,YES,NULL
MachineListDetail,capacity,varchar,25,YES,NULL
MachineListDetail,acquisitionDate,datetime,NULL,YES,NULL
MachineListDetail,status,varchar,50,YES,NULL
MachineListDetail,yearInstalled,datetime,NULL,YES,NULL
MachineListDetail,totalEconLife,int,NULL,NO,NULL
MachineListDetail,remainingEconLife,int,NULL,NO,NULL
MachineListDetail,originalCost,numeric,NULL,NO,NULL
MachineListDetail,installationCost,numeric,NULL,NO,NULL
MachineListDetail,freightCost,numeric,NULL,NO,NULL
MachineListDetail,insuranceCost,numeric,NULL,NO,NULL
MachineListDetail,unitValue,numeric,NULL,NO,NULL
MachineListDetail,conversionFactor,numeric,NULL,NO,NULL
MachineListDetail,priceIndex,numeric,NULL,NO,NULL
MachineListDetail,retiredDate,datetime,NULL,YES,NULL
MachineListDetail,machinelistid,varchar,35,YES,NULL
MachineUse,objid,varchar,35,NO,NULL
MachineUse,marketValue,numeric,NULL,NO,NULL
MachineUse,adjMarketValue,numeric,NULL,NO,NULL
MachineUse,assessLevel,numeric,NULL,NO,NULL
MachineUse,assessedValue,numeric,NULL,NO,NULL
MachineUse,machAssessLevelId,varchar,50,NO,NULL
MachineUse,actualUseId,varchar,50,NO,NULL
MachineUse,actualUseCode,varchar,5,NO,NULL
MachineUse,actualUseTitle,varchar,25,NO,NULL
MachineUse,specialLevel,tinyint,NULL,NO,NULL
MachineUse,rpuid,varchar,50,NO,NULL
MachRPU,objid,varchar,50,NO,NULL
Material,objid,varchar,35,NO,NULL
Material,code,varchar,5,NO,NULL
Material,description,varchar,50,NO,NULL
MiscAssessLevel,objid,varchar,35,NO,NULL
MiscAssessLevel,special,tinyint,NULL,NO,NULL
MiscAssessLevel,assessLevel,numeric,NULL,NO,NULL
MiscAssessLevel,previd,varchar,50,YES,NULL
MiscAssessLevel,miscrysettingid,varchar,35,YES,NULL
MiscAssessLevel,propertyclassificationid,varchar,255,NO,NULL
MiscAssessLevelRange,objid,varchar,35,NO,NULL
MiscAssessLevelRange,mvFrom,numeric,NULL,NO,NULL
MiscAssessLevelRange,mvTo,numeric,NULL,NO,NULL
MiscAssessLevelRange,assessLevel,numeric,NULL,NO,NULL
MiscAssessLevelRange,previd,varchar,50,YES,NULL
MiscAssessLevelRange,miscassesslevelid,varchar,35,NO,NULL
MiscItem,objid,varchar,35,NO,NULL
MiscItem,code,varchar,10,NO,NULL
MiscItem,description,varchar,100,NO,NULL
MiscItemValue,objid,varchar,35,NO,NULL
MiscItemValue,expression,varchar,200,NO,NULL
MiscItemValue,unit,varchar,25,NO,NULL
MiscItemValue,previd,varchar,50,YES,NULL
MiscItemValue,miscrysettingid,varchar,35,NO,NULL
MiscItemValue,miscitemid,varchar,35,NO,NULL
MiscRPU,objid,varchar,50,NO,NULL
MiscRPU,miscAssessLevelId,varchar,50,NO,NULL
MiscRPU,actualUseCode,varchar,5,NO,NULL
MiscRPU,actualUseTitle,varchar,25,NO,NULL
MiscRPU,assessLevel,numeric,NULL,YES,NULL
MiscRPUItem,objid,varchar,35,NO,NULL
MiscRPUItem,unit,varchar,25,NO,NULL
MiscRPUItem,depreciation,numeric,NULL,NO,NULL
MiscRPUItem,marketValue,numeric,NULL,NO,NULL
MiscRPUItem,adjMarketValue,numeric,NULL,NO,NULL
MiscRPUItem,assessLevel,numeric,NULL,NO,NULL
MiscRPUItem,assessedValue,numeric,NULL,NO,NULL
MiscRPUItem,miscItemValueId,varchar,50,NO,NULL
MiscRPUItem,miscItemId,varchar,50,NO,NULL
MiscRPUItem,miscItemCode,varchar,10,NO,NULL
MiscRPUItem,miscItemTitle,varchar,100,NO,NULL
MiscRPUItem,expression,varchar,255,NO,NULL
MiscRPUItem,rpuid,varchar,50,NO,NULL
MiscRPUItem_RPTParameterValue,MiscRPUItem_objid,varchar,35,NO,NULL
MiscRPUItem_RPTParameterValue,parameters_objid,varchar,35,NO,NULL
MultipleTaxpayerMember,objid,varchar,50,NO,NULL
MultipleTaxpayerMember,itemno,varchar,10,YES,NULL
MultipleTaxpayerMember,prefix,varchar,100,YES,NULL
MultipleTaxpayerMember,suffix,varchar,100,YES,NULL
MultipleTaxpayerMember,taxpayerid,varchar,50,YES,NULL
MultipleTaxpayerMember,parentid,varchar,50,YES,NULL
NonSerialRemittance,objid,varchar,50,NO,NULL
NonSerialRemittance,nonSerialAfIssuedId,varchar,50,NO,NULL
NonSerialRemittance,stub,varchar,10,YES,NULL
NonSerialRemittance,beginQty,int,NULL,YES,NULL
NonSerialRemittance,receivedQty,int,NULL,YES,NULL
NonSerialRemittance,issuedQty,int,NULL,YES,NULL
NonSerialRemittance,endingQty,int,NULL,YES,NULL
NonSerialRemittance,parentid,varchar,50,NO,NULL
NonSerialRemittance,afid,varchar,50,YES,NULL
OrgUnit,DTYPE,varchar,31,NO,NULL
OrgUnit,objid,varchar,50,NO,NULL
OrgUnit,indexno,int,NULL,NO,NULL
OrgUnit,name,varchar,255,YES,NULL
OrgUnit,type,varchar,255,YES,NULL
OrgUnit,jobtitle,varchar,255,YES,NULL
OrgUnit,maxcount,int,NULL,YES,NULL
OrgUnit,assistant,tinyint,NULL,YES,NULL
OrgUnit,parentid,varchar,50,YES,NULL
OrgUnit,approle,varchar,50,YES,NULL
OrgUnit_sys_user,OrgUnit_objid,varchar,50,NO,NULL
OrgUnit_sys_user,assignees_objid,varchar,50,NO,NULL
Payer,DTYPE,varchar,31,NO,NULL
Payer,objid,varchar,50,NO,NULL
Payer,primaryaddress,varchar,150,NO,NULL
Payer,mailingaddress,varchar,150,YES,NULL
Payer,state,varchar,255,YES,NULL
Payer,name,varchar,800,YES,NULL
Payer,origin,varchar,50,YES,NULL
Payer,taxpayerno,varchar,50,YES,NULL
Payer,tin,varchar,50,YES,NULL
Payer,remarks,varchar,150,YES,NULL
Payer,firstname,varchar,255,YES,NULL
Payer,lastname,varchar,255,YES,NULL
Payer,middlename,varchar,255,YES,NULL
Payer,birthdate,datetime,NULL,YES,NULL
Payer,placeofbirth,varchar,255,YES,NULL
Payer,acr,varchar,50,YES,NULL
Payer,civilstatus,varchar,1,YES,NULL
Payer,gender,varchar,1,YES,NULL
Payer,height_value,varchar,255,YES,NULL
Payer,height_unit,varchar,255,YES,NULL
Payer,weight_value,varchar,255,YES,NULL
Payer,weight_unit,varchar,255,YES,NULL
Payer,type,varchar,255,YES,NULL
Payer,dtRegistered,datetime,NULL,YES,NULL
Payer,placeOfIncorporation,varchar,100,YES,NULL
Payer,natureOfBusiness,varchar,100,YES,NULL
Payer,fullName,text,2147483647,YES,NULL
Payer,ownershipid,varchar,50,YES,NULL
Payer,citizenshipid,varchar,50,YES,NULL
Payer,professionid,varchar,25,YES,NULL
PaymentMethod,DTYPE,varchar,31,NO,NULL
PaymentMethod,objid,varchar,50,NO,NULL
PaymentMethod,amount,numeric,NULL,NO,NULL
PaymentMethod,cashreceived,numeric,NULL,YES,NULL
PaymentMethod,bankId,varchar,50,YES,NULL
PaymentMethod,bankCode,varchar,50,YES,NULL
PaymentMethod,bankName,varchar,50,YES,NULL
PaymentMethod,remittanceId,varchar,50,YES,NULL
PaymentMethod,remittanceNo,varchar,15,YES,NULL
PaymentMethod,remittanceDate,datetime,NULL,YES,NULL
PaymentMethod,checkdate,datetime,NULL,YES,NULL
PaymentMethod,checkno,varchar,255,YES,NULL
PaymentMethod,itemno,int,NULL,YES,NULL
PaymentMethod,voided,tinyint,NULL,YES,NULL
PaymentMethod,splitCheckPaymentId,varchar,50,YES,NULL
PaymentMethod,parentid,varchar,50,YES,NULL
PermitApplicationType,name,varchar,255,NO,NULL
PermitApplicationType,caption,varchar,255,YES,NULL
PermitType,objid,varchar,50,NO,NULL
PermitType,name,varchar,255,YES,NULL
PermitType,title,varchar,255,YES,NULL
PermitType,appcode,varchar,255,YES,NULL
PermitType,prefix,varchar,255,YES,NULL
PermitType,renewalDate,int,NULL,YES,NULL
PermitType,durationType,int,NULL,YES,NULL
PermitType,systemcreated,tinyint,NULL,NO,NULL
PermitType_PermitApplicationType,PermitType_objid,varchar,50,NO,NULL
PermitType_PermitApplicationType,types_name,varchar,255,NO,NULL
PreviousTaxDeclaration,objid,varchar,50,NO,NULL
PreviousTaxDeclaration,taxDeclarationId,varchar,50,NO,NULL
PreviousTaxDeclaration,tdno,varchar,30,NO,NULL
PreviousTaxDeclaration,parentid,varchar,50,YES,NULL
ProcessedJMSMessage,msgid,varchar,100,NO,NULL
Profession,objid,varchar,25,NO,NULL
PropertyClassification,objid,varchar,255,NO,NULL
PropertyClassification,code,varchar,3,NO,NULL
PropertyClassification,description,varchar,25,NO,NULL
PropertyClassification,special,tinyint,NULL,NO,NULL
PropertyClassification,orderNo,int,NULL,NO,NULL
PropertyPayer,objid,varchar,35,NO,NULL
PropertyPayer,payerId,varchar,50,NO,NULL
PropertyPayer,payerName,varchar,800,NO,NULL
PropertyPayer,payerAddress,varchar,100,NO,NULL
PropertyPayerLedger,objid,varchar,35,NO,NULL
PropertyPayerLedger,ledgerId,varchar,50,NO,NULL
PropertyPayerLedger,tdno,varchar,50,NO,NULL
PropertyPayerLedger,location,varchar,75,NO,NULL
PropertyPayerLedger,pin,varchar,25,NO,NULL
PropertyPayerLedger,cadastralLotNo,varchar,500,NO,NULL
PropertyPayerLedger,type,varchar,255,YES,NULL
PropertyPayerLedger,assessedValue,numeric,NULL,NO,NULL
PropertyPayerLedger,declaredOwnerId,varchar,50,NO,NULL
PropertyPayerLedger,declaredOwnerName,varchar,500,NO,NULL
PropertyPayerLedger,declaredOwnerAddress,varchar,150,NO,NULL
PropertyPayerLedger,propertPayerId,varchar,35,NO,NULL
ProvinceIRAF,objid,varchar,50,NO,NULL
ProvinceIRAF,provcityTreasurer,varchar,50,NO,NULL
ProvinceIRAF,provcityTreasurerTitle,varchar,50,NO,NULL
ProvinceIRAF,witnessName,varchar,50,NO,NULL
ProvinceIRAF,witnessTitle,varchar,50,NO,NULL
ProvinceIRAF,treasurerId,varchar,50,NO,NULL
ProvinceIRAF,treasurerName,varchar,75,NO,NULL
ProvinceIRAF,treasurerTitle,varchar,50,NO,NULL
ProvinceRIV,objid,varchar,50,NO,NULL
ProvinceRIV,requestedById,varchar,50,NO,NULL
ProvinceRIV,requestedByName,varchar,75,NO,NULL
ProvinceRIV,requestedByTitle,varchar,50,NO,NULL
ProvinceRIV,approvedById,varchar,50,NO,NULL
ProvinceRIV,approvedByName,varchar,75,NO,NULL
ProvinceRIV,approvedByTitle,varchar,50,NO,NULL
ProvinceRIV,afinventory_objid,varchar,50,YES,NULL
RealProperty,objid,varchar,50,NO,NULL
RealProperty,state,varchar,20,YES,NULL
RealProperty,txnType,varchar,25,NO,NULL
RealProperty,dtCreated,datetime,NULL,NO,NULL
RealProperty,dtApproved,datetime,NULL,YES,NULL
RealProperty,dtCancelled,datetime,NULL,YES,NULL
RealProperty,cancelReason,varchar,25,YES,NULL
RealProperty,location,varchar,50,NO,NULL
RealProperty,arpNo,varchar,25,YES,NULL
RealProperty,pin,varchar,35,NO,NULL
RealProperty,provCityIndex,varchar,3,NO,NULL
RealProperty,muniDistrictIndex,varchar,3,NO,NULL
RealProperty,brgyIndex,varchar,4,NO,NULL
RealProperty,sectionNo,varchar,3,NO,NULL
RealProperty,parcelNo,varchar,3,NO,NULL
RealProperty,claimNo,int,NULL,NO,NULL
RealProperty,cadastralLotNo,varchar,255,YES,NULL
RealProperty,surveyNo,varchar,30,YES,NULL
RealProperty,titleNo,varchar,30,YES,NULL
RealProperty,houseNo,varchar,25,YES,NULL
RealProperty,street,varchar,100,YES,NULL
RealProperty,purok,varchar,25,YES,NULL
RealProperty,northBoundary,varchar,255,NO,NULL
RealProperty,southBoundary,varchar,255,NO,NULL
RealProperty,eastBoundary,varchar,255,NO,NULL
RealProperty,westBoundary,varchar,255,NO,NULL
RealProperty,barangayId,varchar,50,NO,NULL
RealProperty,prevrealpropertyid,varchar,50,YES,NULL
RealProperty,mainpropertyid,varchar,50,YES,NULL
RealProperty_RealPropertyAttribute,RealProperty_objid,varchar,50,NO,NULL
RealProperty_RealPropertyAttribute,attributes_objid,varchar,30,NO,NULL
RealPropertyAttribute,objid,varchar,30,NO,NULL
RealPropertyAttribute,title,varchar,50,NO,NULL
RealPropertyUpdate,objid,varchar,50,NO,NULL
RealPropertyUpdate,state,varchar,20,YES,NULL
RealPropertyUpdate,txnno,varchar,15,NO,NULL
RealPropertyUpdate,arpNo,varchar,25,YES,NULL
RealPropertyUpdate,cadastralLotNo,varchar,255,YES,NULL
RealPropertyUpdate,surveyNo,varchar,30,YES,NULL
RealPropertyUpdate,houseNo,varchar,25,YES,NULL
RealPropertyUpdate,street,varchar,100,YES,NULL
RealPropertyUpdate,purok,varchar,25,YES,NULL
RealPropertyUpdate,northBoundary,varchar,255,NO,NULL
RealPropertyUpdate,southBoundary,varchar,255,NO,NULL
RealPropertyUpdate,eastBoundary,varchar,255,NO,NULL
RealPropertyUpdate,westBoundary,varchar,255,NO,NULL
RealPropertyUpdate,prevarpNo,varchar,25,YES,NULL
RealPropertyUpdate,prevcadastralLotNo,varchar,255,YES,NULL
RealPropertyUpdate,prevsurveyNo,varchar,30,YES,NULL
RealPropertyUpdate,prevhouseNo,varchar,25,YES,NULL
RealPropertyUpdate,prevstreet,varchar,100,YES,NULL
RealPropertyUpdate,prevpurok,varchar,25,YES,NULL
RealPropertyUpdate,prevnorthBoundary,varchar,255,NO,NULL
RealPropertyUpdate,prevsouthBoundary,varchar,255,NO,NULL
RealPropertyUpdate,preveastBoundary,varchar,255,NO,NULL
RealPropertyUpdate,prevwestBoundary,varchar,255,NO,NULL
RealPropertyUpdate,realpropertyid,varchar,50,YES,NULL
Receipt,DTYPE,varchar,31,NO,NULL
Receipt,objid,varchar,50,NO,NULL
Receipt,txndate,datetime,NULL,YES,NULL
Receipt,dtposted,datetime,NULL,YES,NULL
Receipt,payerId,varchar,50,YES,NULL
Receipt,payername,varchar,255,NO,NULL
Receipt,payeraddress,varchar,255,NO,NULL
Receipt,paidby,varchar,255,NO,NULL
Receipt,remittanceId,varchar,50,YES,NULL
Receipt,remittanceNo,varchar,15,YES,NULL
Receipt,remittanceDate,datetime,NULL,YES,NULL
Receipt,subcollectorId,varchar,50,YES,NULL
Receipt,subcollectorName,varchar,50,YES,NULL
Receipt,subcollectorTitle,varchar,50,YES,NULL
Receipt,collectorId,varchar,50,NO,NULL
Receipt,collectorName,varchar,70,NO,NULL
Receipt,collectorTitle,varchar,30,NO,NULL
Receipt,mode,varchar,255,YES,NULL
Receipt,amount,numeric,NULL,NO,NULL
Receipt,series,int,NULL,YES,NULL
Receipt,serialno,varchar,255,YES,NULL
Receipt,voidId,varchar,50,YES,NULL
Receipt,collectionTypeId,varchar,50,YES,NULL
Receipt,collectionTypeName,varchar,50,YES,NULL
Receipt,appCode,varchar,10,YES,NULL
Receipt,remarks,varchar,255,YES,NULL
Receipt,businessId,varchar,50,YES,NULL
Receipt,tradeName,varchar,150,YES,NULL
Receipt,businessAddress,varchar,150,YES,NULL
Receipt,lastQtrPaid,int,NULL,YES,NULL
Receipt,subDomainName,varchar,50,YES,NULL
Receipt,subDomainType,varchar,20,YES,NULL
Receipt,type,varchar,255,YES,NULL
Receipt,remainOf,varchar,80,YES,NULL
Receipt,citizenship,varchar,50,YES,NULL
Receipt,age,int,NULL,YES,NULL
Receipt,sex,varchar,6,YES,NULL
Receipt,dateOfDeath,datetime,NULL,YES,NULL
Receipt,causeOfDeath,varchar,100,YES,NULL
Receipt,cemetery,varchar,50,YES,NULL
Receipt,infectious,varchar,50,YES,NULL
Receipt,embalmed,varchar,50,YES,NULL
Receipt,disposition,varchar,50,YES,NULL
Receipt,qtyIssued,int,NULL,YES,NULL
Receipt,APP_CODE,varchar,255,YES,NULL
Receipt,denomination,numeric,NULL,YES,NULL
Receipt,ownerOf,varchar,50,YES,NULL
Receipt,brandOfMunicipality,varchar,50,YES,NULL
Receipt,brandOfOwner,varchar,50,YES,NULL
Receipt,attestedBy,varchar,50,YES,NULL
Receipt,treasurerName,varchar,50,YES,NULL
Receipt,purchaserName,varchar,80,YES,NULL
Receipt,purchaserCityMun,varchar,50,YES,NULL
Receipt,purchaserProvince,varchar,50,YES,NULL
Receipt,purchasePrice,numeric,NULL,YES,NULL
Receipt,brand,varchar,50,YES,NULL
Receipt,cattleSex,varchar,6,YES,NULL
Receipt,cattleAge,int,NULL,YES,NULL
Receipt,coNo,varchar,25,YES,NULL
Receipt,coIssuedCityMun,varchar,50,YES,NULL
Receipt,coIssuedProvince,varchar,50,YES,NULL
Receipt,coIssueDate,datetime,NULL,YES,NULL
Receipt,groomName,varchar,100,YES,NULL
Receipt,groomAgeYear,int,NULL,YES,NULL
Receipt,groomAgeMonth,int,NULL,YES,NULL
Receipt,groomAddress,varchar,100,YES,NULL
Receipt,brideName,varchar,100,YES,NULL
Receipt,brideAgeYear,int,NULL,YES,NULL
Receipt,brideAgeMonth,int,NULL,YES,NULL
Receipt,brideAddress,varchar,100,YES,NULL
Receipt,attachment,varchar,255,YES,NULL
Receipt,registerNo,varchar,15,YES,NULL
Receipt,lcrOf,varchar,50,YES,NULL
Receipt,lcrOfficer,varchar,70,YES,NULL
Receipt,basicTax,numeric,NULL,YES,NULL
Receipt,totalAdditionalTax,numeric,NULL,YES,NULL
Receipt,interestRate,numeric,NULL,YES,NULL
Receipt,interest,numeric,NULL,YES,NULL
Receipt,realPropertyAV,numeric,NULL,YES,NULL
Receipt,grossReceipt,numeric,NULL,YES,NULL
Receipt,propertyTax,numeric,NULL,YES,NULL
Receipt,grossReceiptTax,numeric,NULL,YES,NULL
Receipt,businessGross,numeric,NULL,YES,NULL
Receipt,annualSalary,numeric,NULL,YES,NULL
Receipt,propertyIncome,numeric,NULL,YES,NULL
Receipt,annualSalaryTax,numeric,NULL,YES,NULL
Receipt,businessGrossTax,numeric,NULL,YES,NULL
Receipt,propertyIncomeTax,numeric,NULL,YES,NULL
Receipt,barangayid,varchar,35,YES,NULL
Receipt,afissuedid,varchar,50,NO,NULL
ReceiptItem,objid,varchar,50,NO,NULL
ReceiptItem,amount,numeric,NULL,NO,NULL
ReceiptItem,remarks,varchar,255,YES,NULL
ReceiptItem,parentid,varchar,50,YES,NULL
ReceiptItem,acctid,varchar,50,YES,NULL
ReceiptItemDetail,objid,varchar,50,NO,NULL
ReceiptItemDetail,parentid,varchar,50,YES,NULL
ReleaseTaxDeclaration,objid,varchar,35,NO,NULL
ReleaseTaxDeclaration,releaseNo,varchar,25,NO,NULL
ReleaseTaxDeclaration,dateReleased,datetime,NULL,NO,NULL
ReleaseTaxDeclaration,releasedTo,varchar,100,NO,NULL
ReleaseTaxDeclaration,releasedBy,varchar,100,NO,NULL
ReleaseTaxDeclaration,remarks,text,2147483647,YES,NULL
ReleaseTaxDeclaration,taxdeclarationid,varchar,50,YES,NULL
RemittedForm,objid,varchar,50,NO,NULL
RemittedForm,afIssuedId,varchar,50,NO,NULL
RemittedForm,stub,varchar,10,YES,NULL
RemittedForm,beginQty,int,NULL,YES,NULL
RemittedForm,beginFrom,varchar,255,YES,NULL
RemittedForm,beginTo,varchar,255,YES,NULL
RemittedForm,receivedQty,int,NULL,YES,NULL
RemittedForm,receivedFrom,varchar,255,YES,NULL
RemittedForm,receivedTo,varchar,255,YES,NULL
RemittedForm,issuedQty,int,NULL,YES,NULL
RemittedForm,issuedFrom,varchar,255,YES,NULL
RemittedForm,issuedTo,varchar,255,YES,NULL
RemittedForm,endingQty,int,NULL,YES,NULL
RemittedForm,endingFrom,varchar,255,YES,NULL
RemittedForm,endingTo,varchar,255,YES,NULL
RemittedForm,totalCancelled,int,NULL,YES,NULL
RemittedForm,cancelledIssued,int,NULL,YES,NULL
RemittedForm,afid,varchar,50,YES,NULL
RemittedForm,parentid,varchar,50,YES,NULL
RetireBusinessApplication,objid,varchar,50,NO,NULL
RetireBusinessCertification,objid,varchar,50,NO,NULL
RetireBusinessCertification,dtgiven,datetime,NULL,NO,NULL
RetireBusinessCertification,tradename,varchar,200,NO,NULL
RetireBusinessCertification,businessaddress,varchar,200,NO,NULL
RetireBusinessCertification,taxpayername,varchar,200,NO,NULL
RetireBusinessCertification,taxpayeraddress,varchar,200,NO,NULL
RetireBusinessCertification,treasurername,varchar,75,NO,NULL
RetireBusinessCertification,treasurerposition,varchar,35,NO,NULL
RetireBusinessCertification,orno,varchar,12,NO,NULL
RetireBusinessCertification,ordate,datetime,NULL,YES,NULL
RetireBusinessCertification,oramount,numeric,NULL,YES,NULL
RetireBusinessCertification,purpose,varchar,100,NO,NULL
RetireBusinessCertification,requestedby,varchar,100,NO,NULL
RetireBusinessCertification,effectivity,datetime,NULL,YES,NULL
RetireBusinessCertification,businessid,varchar,50,NO,NULL
RetireLOBApplication,objid,varchar,50,NO,NULL
Revenue,objid,varchar,50,NO,NULL
Revenue,liquidationId,varchar,50,NO,NULL
Revenue,liquidationNo,varchar,20,NO,NULL
Revenue,liquidationDate,datetime,NULL,NO,NULL
Revenue,remittanceId,varchar,50,NO,NULL
Revenue,remittanceNo,varchar,20,NO,NULL
Revenue,remittanceDate,datetime,NULL,NO,NULL
Revenue,afId,varchar,10,NO,NULL
Revenue,collectorId,varchar,50,NO,NULL
Revenue,collectorName,varchar,70,NO,NULL
Revenue,collectorTitle,varchar,30,NO,NULL
Revenue,year,int,NULL,NO,NULL
Revenue,qtr,int,NULL,NO,NULL
Revenue,month,int,NULL,NO,NULL
Revenue,sourceType,varchar,50,NO,NULL
Revenue,sourceId,varchar,50,NO,NULL
Revenue,payerName,varchar,200,YES,NULL
Revenue,payerAddress,varchar,150,YES,NULL
Revenue,orNo,varchar,15,YES,NULL
Revenue,orDate,datetime,NULL,YES,NULL
Revenue,orAmount,numeric,NULL,NO,NULL
Revenue,paymentType,varchar,25,YES,NULL
Revenue,checkNo,varchar,25,YES,NULL
Revenue,checkDate,datetime,NULL,YES,NULL
Revenue,bank,varchar,50,YES,NULL
Revenue,accountId,varchar,50,YES,NULL
Revenue,accountCode,varchar,50,YES,NULL
Revenue,accountTitle,varchar,100,YES,NULL
Revenue,accountNo,varchar,50,YES,NULL
Revenue,fund,varchar,20,YES,NULL
Revenue,glAccountId,varchar,50,YES,NULL
Revenue,glAccountCode,varchar,50,YES,NULL
Revenue,glAccountTitle,varchar,100,YES,NULL
Revenue,glAccountNo,varchar,50,YES,NULL
Revenue,sieAccountId,varchar,50,YES,NULL
Revenue,sieAccountCode,varchar,50,YES,NULL
Revenue,sieAccountTitle,varchar,50,YES,NULL
Revenue,sieAccountNo,varchar,50,YES,NULL
Revenue,amount,numeric,NULL,YES,NULL
Revenue,voided,tinyint,NULL,NO,NULL
Revenue,currentacctid,varchar,50,YES,NULL
RIVItem,objid,varchar,50,NO,NULL
RIVItem,qtyRequested,int,NULL,NO,NULL
RIVItem,qtyDelivered,int,NULL,NO,NULL
RIVItem,purpose,varchar,50,NO,NULL
RIVItem,afid,varchar,50,NO,NULL
RIVItem,accountid,varchar,50,YES,NULL
RIVItem,rivid,varchar,50,NO,NULL
RPTAdvancePayment,objid,varchar,35,NO,NULL
RPTAdvancePayment,state,varchar,255,YES,NULL
RPTAdvancePayment,txndate,datetime,NULL,YES,NULL
RPTAdvancePayment,amount,numeric,NULL,NO,NULL
RPTAdvancePayment,amtApplied,numeric,NULL,NO,NULL
RPTAdvancePayment,receiptPaymentId,varchar,50,NO,NULL
RPTAdvancePayment,receiptNo,varchar,25,NO,NULL
RPTAdvancePayment,receiptDate,datetime,NULL,NO,NULL
RPTAdvancePayment,advanceRate,numeric,NULL,YES,NULL
RPTAdvancePayment,parentId,varchar,50,NO,NULL
RPTAdvancePayment,accountid,varchar,50,NO,NULL
RPTAmnesty,objid,varchar,50,NO,NULL
RPTAmnesty,state,varchar,255,YES,NULL
RPTAmnesty,docNo,varchar,15,YES,NULL
RPTAmnesty,docDate,datetime,NULL,YES,NULL
RPTAmnesty,ordinanceNo,varchar,15,NO,NULL
RPTAmnesty,ordinanceDate,datetime,NULL,NO,NULL
RPTAmnesty,effectiveFrom,datetime,NULL,NO,NULL
RPTAmnesty,effectiveTo,datetime,NULL,NO,NULL
RPTAmnesty,arrearFromYear,int,NULL,NO,NULL
RPTAmnesty,arrearToYear,int,NULL,NO,NULL
RPTAmnesty,basicRate,numeric,NULL,NO,NULL
RPTAmnesty,sefRate,numeric,NULL,NO,NULL
RPTAmnesty,createdBy,varchar,25,NO,NULL
RPTCollectionSetting,objid,varchar,255,NO,NULL
RPTCollectionSetting,basicRate,numeric,NULL,NO,NULL
RPTCollectionSetting,sefRate,numeric,NULL,NO,NULL
RPTCollectionSetting,fullDiscountDueDay,varchar,255,YES,NULL
RPTCollectionSetting,qtr1DiscountDueDay,varchar,10,YES,NULL
RPTCollectionSetting,qtr2DiscountDueDay,varchar,10,YES,NULL
RPTCollectionSetting,qtr3DiscountDueDay,varchar,10,YES,NULL
RPTCollectionSetting,qtr4DiscountDueDay,varchar,10,YES,NULL
RPTCollectionSetting,assessedValueFactYears,varchar,255,YES,NULL
RPTCollectionSetting,sefintprevacctid,varchar,50,YES,NULL
RPTCollectionSetting,basicacctid,varchar,50,YES,NULL
RPTCollectionSetting,basicprevacctid,varchar,50,YES,NULL
RPTCollectionSetting,sefintacctid,varchar,50,YES,NULL
RPTCollectionSetting,taxcreditaccountid,varchar,50,YES,NULL
RPTCollectionSetting,basicintprevacctid,varchar,50,YES,NULL
RPTCollectionSetting,sefacctid,varchar,50,YES,NULL
RPTCollectionSetting,basicintprioracctid,varchar,50,YES,NULL
RPTCollectionSetting,advancepaymentcreditaccountid,varchar,50,YES,NULL
RPTCollectionSetting,basicprioracctid,varchar,50,YES,NULL
RPTCollectionSetting,sefprioracctid,varchar,50,YES,NULL
RPTCollectionSetting,advancepaymentaccountid,varchar,50,YES,NULL
RPTCollectionSetting,basicintacctid,varchar,50,YES,NULL
RPTCollectionSetting,sefprevacctid,varchar,50,YES,NULL
RPTCollectionSetting,sefintprioracctid,varchar,50,YES,NULL
RPTFormulaField,objid,varchar,50,NO,NULL
RPTFormulaField,name,varchar,50,YES,NULL
RPTFormulaField,caption,varchar,50,YES,NULL
RPTFormulaField,description,varchar,255,YES,NULL
RPTFormulaField,fieldmap,varchar,50,YES,NULL
RPTFormulaField,type,varchar,10,YES,NULL
RPTLedger,objid,varchar,255,NO,NULL
RPTLedger,state,varchar,255,YES,NULL
RPTLedger,tdid,varchar,50,YES,NULL
RPTLedger,realPropertyId,varchar,255,YES,NULL
RPTLedger,type,varchar,255,YES,NULL
RPTLedger,classId,varchar,50,YES,NULL
RPTLedger,classCode,varchar,50,YES,NULL
RPTLedger,classTitle,varchar,50,YES,NULL
RPTLedger,actualUseCode,varchar,50,YES,NULL
RPTLedger,actualUseTitle,varchar,50,YES,NULL
RPTLedger,tdno,varchar,20,YES,NULL
RPTLedger,previousTdno,varchar,500,YES,NULL
RPTLedger,cadastralLotNo,varchar,450,YES,NULL
RPTLedger,location,varchar,50,YES,NULL
RPTLedger,pin,varchar,25,YES,NULL
RPTLedger,areaSqm,numeric,NULL,YES,NULL
RPTLedger,areaHec,numeric,NULL,YES,NULL
RPTLedger,taxpayerId,varchar,50,NO,NULL
RPTLedger,taxpayerName,varchar,800,NO,NULL
RPTLedger,taxpayerAddress,varchar,200,NO,NULL
RPTLedger,lastYearPaid,int,NULL,NO,NULL
RPTLedger,lastQtrPaid,int,NULL,NO,NULL
RPTLedger,assessedValue,numeric,NULL,NO,NULL
RPTLedger,advancePayment,numeric,NULL,NO,NULL
RPTLedger,taxCredit,numeric,NULL,NO,NULL
RPTLedger,partialPayment,numeric,NULL,NO,NULL
RPTLedger,appliedBasicPartial,numeric,NULL,NO,NULL
RPTLedger,appliedSefPartial,numeric,NULL,NO,NULL
RPTLedger,dtcreated,datetime,NULL,YES,NULL
RPTLedger,firstQtrPaidOnTime,tinyint,NULL,NO,NULL
RPTLedger,txnType,varchar,255,YES,NULL
RPTLedger,taxable,tinyint,NULL,YES,NULL
RPTLedgerItem,objid,varchar,50,NO,NULL
RPTLedgerItem,state,varchar,255,YES,NULL
RPTLedgerItem,tdno,varchar,255,YES,NULL
RPTLedgerItem,fromYear,int,NULL,NO,NULL
RPTLedgerItem,fromQtr,int,NULL,NO,NULL
RPTLedgerItem,toYear,int,NULL,NO,NULL
RPTLedgerItem,toQtr,int,NULL,NO,NULL
RPTLedgerItem,assessedValue,numeric,NULL,NO,NULL
RPTLedgerItem,systemCreated,tinyint,NULL,NO,NULL
RPTLedgerItem,backTax,tinyint,NULL,NO,NULL
RPTLedgerItem,taxable,tinyint,NULL,YES,NULL
RPTLedgerItem,parentid,varchar,255,YES,NULL
RPTOfficer,objid,varchar,50,NO,NULL
RPTOfficer,firstName,varchar,50,NO,NULL
RPTOfficer,lastName,varchar,50,NO,NULL
RPTOfficer,middleName,varchar,50,YES,NULL
RPTOfficer,position,varchar,100,NO,NULL
RPTOfficer,type,varchar,255,NO,NULL
RPTParameter,objid,varchar,50,NO,NULL
RPTParameter,name,varchar,50,YES,NULL
RPTParameter,caption,varchar,50,YES,NULL
RPTParameter,description,varchar,255,YES,NULL
RPTParameter,dataType,varchar,10,YES,NULL
RPTParameter,arrayValue,text,2147483647,YES,NULL
RPTParameter,rangeFrom,float,NULL,YES,NULL
RPTParameter,rangeTo,float,NULL,YES,NULL
RPTParameterValue,objid,varchar,35,NO,NULL
RPTParameterValue,doubleValue,float,NULL,NO,NULL
RPTParameterValue,intValue,int,NULL,NO,NULL
RPTParameterValue,parameterid,varchar,50,YES,NULL
RPTReceiptPaymentDetail,objid,varchar,50,NO,NULL
RPTReceiptPaymentDetail,receiptId,varchar,50,NO,NULL
RPTReceiptPaymentDetail,receiptPaymentId,varchar,50,NO,NULL
RPTReceiptPaymentDetail,rptLedgerId,varchar,50,NO,NULL
RPTReceiptPaymentDetail,fromYear,int,NULL,NO,NULL
RPTReceiptPaymentDetail,fromQtr,int,NULL,NO,NULL
RPTReceiptPaymentDetail,toYear,int,NULL,NO,NULL
RPTReceiptPaymentDetail,toQtr,int,NULL,NO,NULL
RPTReceiptPaymentDetail,basic,numeric,NULL,NO,NULL
RPTReceiptPaymentDetail,basicPrevious,numeric,NULL,NO,NULL
RPTReceiptPaymentDetail,basicPrior,numeric,NULL,NO,NULL
RPTReceiptPaymentDetail,basicInterest,numeric,NULL,NO,NULL
RPTReceiptPaymentDetail,basicIntPrevious,numeric,NULL,NO,NULL
RPTReceiptPaymentDetail,basicIntPrior,numeric,NULL,NO,NULL
RPTReceiptPaymentDetail,basicDiscount,numeric,NULL,NO,NULL
RPTReceiptPaymentDetail,basicTaxcredit,numeric,NULL,NO,NULL
RPTReceiptPaymentDetail,basicAmnesty,numeric,NULL,NO,NULL
RPTReceiptPaymentDetail,basicPartial,numeric,NULL,NO,NULL
RPTReceiptPaymentDetail,sef,numeric,NULL,NO,NULL
RPTReceiptPaymentDetail,sefPrevious,numeric,NULL,NO,NULL
RPTReceiptPaymentDetail,sefPrior,numeric,NULL,NO,NULL
RPTReceiptPaymentDetail,sefInterest,numeric,NULL,NO,NULL
RPTReceiptPaymentDetail,sefIntPrevious,numeric,NULL,NO,NULL
RPTReceiptPaymentDetail,sefIntPrior,numeric,NULL,NO,NULL
RPTReceiptPaymentDetail,sefDiscount,numeric,NULL,NO,NULL
RPTReceiptPaymentDetail,sefTaxcredit,numeric,NULL,NO,NULL
RPTReceiptPaymentDetail,sefAmnesty,numeric,NULL,NO,NULL
RPTReceiptPaymentDetail,sefPartial,numeric,NULL,NO,NULL
RPTRule,ruleName,varchar,100,NO,NULL
RPTRule,state,varchar,255,NO,NULL
RPTRule,description,varchar,255,NO,NULL
RPTRule,agenda,varchar,50,NO,NULL
RPTRule,salience,int,NULL,NO,NULL
RPTRuleAction,objid,varchar,50,NO,NULL
RPTRuleAction,actionType,varchar,255,NO,NULL
RPTRuleAction,factVarName,varchar,50,NO,NULL
RPTRuleAction,expression,text,2147483647,NO,NULL
RPTRuleAction,ruleid,varchar,100,NO,NULL
RPTRuleFact,objid,varchar,50,NO,NULL
RPTRuleFact,name,varchar,75,NO,NULL
RPTRuleFact,varName,varchar,50,YES,NULL
RPTRuleFact,className,varchar,255,NO,NULL
RPTRuleFact,indexNo,int,NULL,NO,NULL
RPTRuleFact,ruleid,varchar,100,NO,NULL
RPTRuleFactField,objid,varchar,50,NO,NULL
RPTRuleFactField,varName,varchar,50,YES,NULL
RPTRuleFactField,fieldName,varchar,50,NO,NULL
RPTRuleFactField,dataType,varchar,255,YES,NULL
RPTRuleFactField,compareType,varchar,255,YES,NULL
RPTRuleFactField,value,varchar,255,YES,NULL
RPTRuleFactField,intValue,int,NULL,NO,NULL
RPTRuleFactField,doubleValue,float,NULL,NO,NULL
RPTRuleFactField,stringValue,varchar,255,YES,NULL
RPTRuleFactField,decimalValue,numeric,NULL,YES,NULL
RPTRuleFactField,booleanValue,tinyint,NULL,NO,NULL
RPTRuleFactField,variable,tinyint,NULL,NO,NULL
RPTRuleFactField,parentid,varchar,50,NO,NULL
RPTSetting,objid,varchar,35,NO,NULL
RPTSetting,ry,int,NULL,NO,NULL
RPTSetting,ordinanceNo,varchar,25,YES,NULL
RPTSetting,ordinanceDate,datetime,NULL,YES,NULL
RPTSetting,approvingOfficer,varchar,100,YES,NULL
RPTSetting,approvingOfficerTitle,varchar,100,YES,NULL
RPTSetting,recommendingOfficer,varchar,100,YES,NULL
RPTSetting,recommendingOfficerTitle,varchar,100,YES,NULL
RPTSetting,provinceIndexLength,int,NULL,NO,NULL
RPTSetting,municipalityIndexLength,int,NULL,NO,NULL
RPTSetting,barangayIndexLength,int,NULL,NO,NULL
RPTSetting,sectionLength,int,NULL,NO,NULL
RPTSetting,parcelLength,int,NULL,NO,NULL
RPTSetting,roundAdjMarketValue,tinyint,NULL,NO,NULL
RPTSetting,allowLandCancellation,tinyint,NULL,NO,NULL
RPTSetting,useNewTDPrintout,tinyint,NULL,NO,NULL
RPTSetting,landReportBasedOnActualUse,tinyint,NULL,NO,NULL
RPTSetting,allowTransferWithBalance,tinyint,NULL,NO,NULL
RPTSetting,allowCorrectionWithBalance,tinyint,NULL,NO,NULL
RPTSetting,allowDepreciationWithBalance,tinyint,NULL,NO,NULL
RPTSetting,allowChangeTaxabilityWithBalance,tinyint,NULL,NO,NULL
RPTSetting,allowSubdivisionWithBalance,tinyint,NULL,NO,NULL
RPTSetting,allowAmalgamationWithBalance,tinyint,NULL,NO,NULL
RPTSetting,allowReclassWithBalance,tinyint,NULL,NO,NULL
RPTSetting,approvedMVBelow,numeric,NULL,YES,NULL
RPTSetting,agriculturalid,varchar,255,YES,NULL
RPTSetting_PropertyClassification,RPTSetting_objid,varchar,35,NO,NULL
RPTSetting_PropertyClassification,land1SectionClassifications_objid,varchar,255,NO,NULL
RPU,objid,varchar,50,NO,NULL
RPU,txnType,varchar,25,NO,NULL
RPU,state,varchar,20,NO,NULL
RPU,ry,int,NULL,NO,NULL
RPU,type,varchar,10,NO,NULL
RPU,suffix,int,NULL,NO,NULL
RPU,dtCreated,datetime,NULL,NO,NULL
RPU,classificationId,varchar,50,NO,NULL
RPU,classCode,varchar,5,NO,NULL
RPU,classTitle,varchar,30,NO,NULL
RPU,special,int,NULL,NO,NULL
RPU,taxable,int,NULL,NO,NULL
RPU,exemptionTypeId,varchar,50,YES,NULL
RPU,exemptCode,varchar,5,YES,NULL
RPU,exemptTitle,varchar,30,YES,NULL
RPU,totalMV,numeric,NULL,NO,NULL
RPU,totalAMV,numeric,NULL,NO,NULL
RPU,totalAV,numeric,NULL,NO,NULL
RPU,areaInSqm,numeric,NULL,NO,NULL
RPU,areaInHec,numeric,NULL,NO,NULL
RPU,cancelReason,varchar,10,YES,NULL
RPU,dtCancelled,datetime,NULL,YES,NULL
RPU,useSwornAmount,tinyint,NULL,YES,NULL
RPU,realpropertyid,varchar,50,NO,NULL
RPUOnLand,objid,varchar,50,NO,NULL
RPUOnLand,landrpuid,varchar,50,NO,NULL
RuleActionAddInfo,objid,varchar,50,NO,NULL
RuleActionAddInfo,perLob,tinyint,NULL,NO,NULL
RuleActionAddInfo,required,tinyint,NULL,NO,NULL
RuleActionAddInfo,indexno,int,NULL,NO,NULL
RuleActionAddInfo,beforePrint,tinyint,NULL,NO,NULL
RuleActionAddInfo,varid,varchar,50,YES,NULL
RuleActionAddRequirement,objid,varchar,50,NO,NULL
RuleActionAddRequirement,requirement,varchar,255,YES,NULL
RuleActionApplySurcharge,objid,varchar,50,NO,NULL
RuleActionApplySurcharge,expression,text,2147483647,YES,NULL
RuleActionApplySurcharge,acctid,varchar,50,YES,NULL
RuleActionComputeTaxFee,objid,varchar,50,NO,NULL
RuleActionComputeTaxFee,applyType,int,NULL,YES,NULL
RuleActionComputeTaxFee,expression,text,2147483647,YES,NULL
RuleActionComputeTaxFee,computationType,varchar,255,YES,NULL
RuleActionComputeTaxFee,acctid,varchar,50,YES,NULL
RuleActionComputeTaxFee,varid,varchar,50,YES,NULL
RuleActionUpdateTaxFee,objid,varchar,50,NO,NULL
RuleActionUpdateTaxFee,expression,text,2147483647,YES,NULL
RuleConditionApplicationType,objid,varchar,50,NO,NULL
RuleConditionApplicationType_PermitApplicationType,RuleConditionApplicationType_objid,varchar,50,NO,NULL
RuleConditionApplicationType_PermitApplicationType,types_name,varchar,255,NO,NULL
RuleConditionBarangay,objid,varchar,50,NO,NULL
RuleConditionBarangay,excluded,tinyint,NULL,NO,NULL
RuleConditionBarangay_LGU,RuleConditionBarangay_objid,varchar,50,NO,NULL
RuleConditionBarangay_LGU,barangays_objid,varchar,35,NO,NULL
RuleConditionBusinessOrganization,objid,varchar,50,NO,NULL
RuleConditionBusinessOrganization_BusinessOrganizationType,RuleConditionBusinessOrganization_objid,varchar,50,NO,NULL
RuleConditionBusinessOrganization_BusinessOrganizationType,organizationTypes_name,varchar,255,NO,NULL
RuleConditionLOB,objid,varchar,50,NO,NULL
RuleConditionLOB,includeType,int,NULL,YES,NULL
RuleConditionLOB_LOB,RuleConditionLOB_objid,varchar,50,NO,NULL
RuleConditionLOB_LOB,lines_objid,varchar,50,NO,NULL
RuleConditionLOBClassification,objid,varchar,50,NO,NULL
RuleConditionLOBClassification_LOBClassification,RuleConditionLOBClassification_objid,varchar,50,NO,NULL
RuleConditionLOBClassification_LOBClassification,classifications_objid,varchar,50,NO,NULL
RuleConditionLOBProductCategory,objid,varchar,50,NO,NULL
RuleConditionLOBProductCategory_LOBProductCategory,RuleConditionLOBProductCategory_objid,varchar,50,NO,NULL
RuleConditionLOBProductCategory_LOBProductCategory,categories_objid,varchar,50,NO,NULL
RuleConditionOfficeType,objid,varchar,50,NO,NULL
RuleConditionOfficeType_BusinessOfficeType,RuleConditionOfficeType_objid,varchar,50,NO,NULL
RuleConditionOfficeType_BusinessOfficeType,officeTypes_name,varchar,255,NO,NULL
RuleConditionPermitType,objid,varchar,50,NO,NULL
RuleConditionPermitType_PermitType,RuleConditionPermitType_objid,varchar,50,NO,NULL
RuleConditionPermitType_PermitType,permitTypes_objid,varchar,50,NO,NULL
RuleConditionTaxFee,objid,varchar,50,NO,NULL
RuleConditionTaxFee,conditionType,varchar,255,YES,NULL
RuleConditionTaxFee_IncomeAccount,RuleConditionTaxFee_objid,varchar,50,NO,NULL
RuleConditionTaxFee_IncomeAccount,accounts_objid,varchar,50,NO,NULL
RuleConditionTaxFeeSummary,objid,varchar,50,NO,NULL
RuleConditionTaxFeeSummaryEntry,objid,varchar,50,NO,NULL
RuleConditionTaxFeeSummaryEntry,name,varchar,255,YES,NULL
RuleConditionTaxFeeSummaryEntry,description,varchar,255,YES,NULL
RuleConditionTaxFeeSummaryEntry,parentid,varchar,50,YES,NULL
RuleConditionVariable,objid,varchar,50,NO,NULL
RuleConditionVariable,stringValue,varchar,255,YES,NULL
RuleConditionVariable,doubleValue,float,NULL,YES,NULL
RuleConditionVariable,integerValue,int,NULL,YES,NULL
RuleConditionVariable,booleanValue,tinyint,NULL,YES,NULL
RuleConditionVariable,perLob,tinyint,NULL,NO,NULL
RuleConditionVariable,variable_objid,varchar,50,YES,NULL
RuleGroup,name,varchar,50,NO,NULL
RuleGroup,ruleTitle,varchar,255,YES,NULL
RuleGroup,sortorder,int,NULL,NO,NULL
RYSetting,DTYPE,varchar,31,NO,NULL
RYSetting,objid,varchar,35,NO,NULL
RYSetting,ry,int,NULL,NO,NULL
RYSetting,previd,varchar,35,YES,NULL
RYSetting,predominant,tinyint,NULL,YES,NULL
RYSetting,baseValueType,varchar,255,YES,NULL
SequenceGenerator,objid,varchar,100,NO,NULL
SequenceGenerator,nextSeries,int,NULL,NO,NULL
SequenceGenerator,prefix,varchar,50,YES,NULL
SerialAFInventoryItemIssued,objid,varchar,50,NO,NULL
SerialAFInventoryItemIssued,prefix,varchar,255,YES,NULL
SerialAFInventoryItemIssued,suffix,varchar,255,YES,NULL
SerialAFInventoryItemIssued,startSeries,int,NULL,NO,NULL
SerialAFInventoryItemIssued,endSeries,int,NULL,NO,NULL
spatial_ref_sys,srid,int,NULL,NO,NULL
spatial_ref_sys,auth_name,varchar,256,YES,NULL
spatial_ref_sys,auth_srid,int,NULL,YES,NULL
spatial_ref_sys,srtext,varchar,2048,YES,NULL
spatial_ref_sys,proj4text,varchar,2048,YES,NULL
SplitCheckPayment,objid,varchar,50,NO,NULL
SplitCheckPayment,state,varchar,255,YES,NULL
SplitCheckPayment,checkno,varchar,30,NO,NULL
SplitCheckPayment,checkdate,datetime,NULL,NO,NULL
SplitCheckPayment,amount,numeric,NULL,NO,NULL
SplitCheckPayment,amtApplied,numeric,NULL,NO,NULL
SplitCheckPayment,bankId,varchar,50,NO,NULL
SplitCheckPayment,bankCode,varchar,10,NO,NULL
SplitCheckPayment,bankName,varchar,50,NO,NULL
SplitCheckPayment,payerId,varchar,50,NO,NULL
SplitCheckPayment,payerName,varchar,255,NO,NULL
SplitCheckPayment,payerAddress,varchar,100,NO,NULL
SplitCheckPayment,collectorId,varchar,50,NO,NULL
SplitCheckPayment,collectorName,varchar,70,NO,NULL
SplitCheckPayment,collectorTitle,varchar,50,NO,NULL
Structure,objid,varchar,255,NO,NULL
Structure,code,varchar,5,NO,NULL
Structure,description,varchar,50,NO,NULL
Structure_Material,Structure_objid,varchar,255,NO,NULL
Structure_Material,materials_objid,varchar,35,NO,NULL
SubdivisionAffectedRPU,objid,varchar,35,NO,NULL
SubdivisionAffectedRPU,newTdNo,varchar,30,YES,NULL
SubdivisionAffectedRPU,newTitleNo,varchar,30,YES,NULL
SubdivisionAffectedRPU,newPin,varchar,20,YES,NULL
SubdivisionAffectedRPU,newSuffix,int,NULL,NO,NULL
SubdivisionAffectedRPU,remarks,text,2147483647,YES,NULL
SubdivisionAffectedRPU,subdivisionlandid,varchar,35,YES,NULL
SubdivisionAffectedRPU,subdivisiontdtransactionid,varchar,50,NO,NULL
SubdivisionAffectedRPU,newtaxdeclarationid,varchar,50,YES,NULL
SubdivisionAffectedRPU,taxdeclarationid,varchar,50,NO,NULL
SubdivisionLand,objid,varchar,35,NO,NULL
SubdivisionLand,line_no,int,NULL,NO,NULL
SubdivisionLand,newTdNo,varchar,30,YES,NULL
SubdivisionLand,newTitleNo,varchar,30,YES,NULL
SubdivisionLand,newTitleDate,datetime,NULL,YES,NULL
SubdivisionLand,remarks,text,2147483647,YES,NULL
SubdivisionLand,landrpuid,varchar,50,NO,NULL
SubdivisionLand,subdivisiontdtransactionid,varchar,50,NO,NULL
SubdivisionLand,newtaxdeclarationid,varchar,50,YES,NULL
SubdivisionLand,realpropertyid,varchar,50,NO,NULL
SubdivisionTDTransaction,objid,varchar,50,NO,NULL
SubdivisionTDTransaction,subdivisionCount,int,NULL,NO,NULL
SubdivisionTDTransaction,totalAreaSqm,numeric,NULL,NO,NULL
SubdivisionTDTransaction,totalAreaHec,numeric,NULL,NO,NULL
sys_approle,name,varchar,50,NO,NULL
sys_controlno,name,varchar,50,NO,NULL
sys_controlno,prefix,varchar,5,YES,NULL
sys_controlno,value,int,NULL,NO,NULL
sys_disallowed_permission,objid,varchar,50,NO,NULL
sys_disallowed_permission,roleid,varchar,50,YES,NULL
sys_disallowed_permission,permissionid,varchar,50,YES,NULL
sys_domain,DTYPE,varchar,31,NO,NULL
sys_domain,name,varchar,50,NO,NULL
sys_domain,host,varchar,255,YES,NULL
sys_domain,context,varchar,255,YES,NULL
sys_domain,state,varchar,255,YES,NULL
sys_domain,dtmodified,datetime,NULL,YES,NULL
sys_domain,type,varchar,255,YES,NULL
sys_domain,parentid,varchar,50,YES,NULL
sys_function,objid,varchar,50,NO,NULL
sys_group,name,varchar,50,NO,NULL
sys_group,description,varchar,255,YES,NULL
sys_group_sys_role,sys_group_name,varchar,50,NO,NULL
sys_group_sys_role,roles_name,varchar,50,NO,NULL
sys_permission,permissionKey,varchar,50,NO,NULL
sys_permission,description,varchar,255,YES,NULL
sys_permission,type,varchar,255,YES,NULL
sys_permission,approleid,varchar,50,YES,NULL
sys_role,name,varchar,50,NO,NULL
sys_role,description,varchar,255,YES,NULL
sys_role,appRole_name,varchar,50,YES,NULL
sys_user,DTYPE,varchar,31,NO,NULL
sys_user,objid,varchar,50,NO,NULL
sys_user,username,varchar,50,YES,NULL
sys_user,pwd,varchar,255,YES,NULL
sys_user,state,varchar,255,YES,NULL
sys_user,useroption,int,NULL,NO,NULL
sys_user,firstname,varchar,255,YES,NULL
sys_user,middlename,varchar,255,YES,NULL
sys_user,lastname,varchar,255,YES,NULL
sys_user,email,varchar,255,YES,NULL
sys_user,groupid,varchar,50,YES,NULL
sys_user_session,sessionid,varchar,50,NO,NULL
sys_user_session,startdate,datetime,NULL,YES,NULL
sys_user_session,enddate,datetime,NULL,YES,NULL
sys_user_session,domainid,varchar,50,YES,NULL
sys_user_session,userid,varchar,50,YES,NULL
TaxDeclaration,objid,varchar,50,NO,NULL
TaxDeclaration,state,varchar,20,NO,NULL
TaxDeclaration,txnType,varchar,5,NO,NULL
TaxDeclaration,tdno,varchar,30,YES,NULL
TaxDeclaration,titleNo,varchar,30,YES,NULL
TaxDeclaration,titleDate,datetime,NULL,YES,NULL
TaxDeclaration,issueDate,datetime,NULL,NO,NULL
TaxDeclaration,effectivityDate,datetime,NULL,NO,NULL
TaxDeclaration,previousTdNo,varchar,800,YES,NULL
TaxDeclaration,previousPin,varchar,800,YES,NULL
TaxDeclaration,previousOwner,varchar,800,YES,NULL
TaxDeclaration,previousAssessedValue,numeric,NULL,NO,NULL
TaxDeclaration,previousMarketValue,numeric,NULL,NO,NULL
TaxDeclaration,gop,int,NULL,NO,NULL
TaxDeclaration,remarks,text,2147483647,YES,NULL
TaxDeclaration,cancelDate,datetime,NULL,YES,NULL
TaxDeclaration,cancelReason,varchar,255,YES,NULL
TaxDeclaration,cancelledByTdNo,varchar,255,YES,NULL
TaxDeclaration,backTaxYears,int,NULL,NO,NULL
TaxDeclaration,taxpayerId,varchar,50,YES,NULL
TaxDeclaration,taxpayerName,text,2147483647,NO,NULL
TaxDeclaration,taxpayerAddress,varchar,150,YES,NULL
TaxDeclaration,administratorId,varchar,50,YES,NULL
TaxDeclaration,administratorName,varchar,255,YES,NULL
TaxDeclaration,administratorAddress,varchar,150,YES,NULL
TaxDeclaration,administratorStatus,varchar,50,YES,NULL
TaxDeclaration,beneficiaryId,varchar,50,YES,NULL
TaxDeclaration,beneficiaryName,varchar,255,YES,NULL
TaxDeclaration,beneficiaryAddress,varchar,150,YES,NULL
TaxDeclaration,approvedBy,varchar,75,NO,NULL
TaxDeclaration,approvedByPosition,varchar,75,NO,NULL
TaxDeclaration,recommendedBy,varchar,75,YES,NULL
TaxDeclaration,recommendedByPosition,varchar,75,YES,NULL
TaxDeclaration,appraisedBy,varchar,75,NO,NULL
TaxDeclaration,appraisedByPosition,varchar,75,NO,NULL
TaxDeclaration,released,tinyint,NULL,NO,NULL
TaxDeclaration,autoNumber,tinyint,NULL,NO,NULL
TaxDeclaration,annotated,tinyint,NULL,NO,NULL
TaxDeclaration,newDiscoveryInfo,varchar,200,YES,NULL
TaxDeclaration,rpuid,varchar,50,YES,NULL
TaxFeeRangeEntry,objid,varchar,50,NO,NULL
TaxFeeRangeEntry,minValue,float,NULL,YES,NULL
TaxFeeRangeEntry,maxValue,float,NULL,YES,NULL
TaxFeeRangeEntry,expression,varchar,255,YES,NULL
TaxFeeRangeEntry,parentid,varchar,50,YES,NULL
taxpayer_mapping,taxpayerid,varchar,50,NO,NULL
taxpayer_mapping,mappingid,varchar,40,NO,NULL
taxpayer_reconcile,taxpayerid,varchar,50,NO,NULL
taxpayer_reconcile,reconcileid,varchar,50,NO,NULL
TaxpayerContactInfo,objid,varchar,50,NO,NULL
TaxpayerContactInfo,value,varchar,50,YES,NULL
TaxpayerContactInfo,type,varchar,10,YES,NULL
TaxpayerContactInfo,parentid,varchar,50,YES,NULL
TaxpayerDomain,objid,varchar,50,NO,NULL
TaxpayerDomain,domain,varchar,255,YES,NULL
TaxpayerDomain,taxpayerId,varchar,255,YES,NULL
TaxpayerId,objid,varchar,50,NO,NULL
TaxpayerId,idno,varchar,255,YES,NULL
TaxpayerId,idtype,int,NULL,YES,NULL
TaxpayerId,expirydate,datetime,NULL,YES,NULL
TaxpayerId,regdate,datetime,NULL,YES,NULL
TaxpayerId,placeissued,varchar,255,YES,NULL
TaxpayerId,parentid,varchar,50,YES,NULL
TaxpayerMapping,objid,varchar,40,NO,NULL
TaxpayerMapping,taxpayerid,varchar,40,NO,NULL
TaxpayerMapping,origin,varchar,50,NO,NULL
TaxpayerMapping,taxpayerno,varchar,30,YES,NULL
TaxpayerMapping,name,varchar,500,NO,NULL
TaxpayerMapping,address,varchar,255,NO,NULL
TaxpayerMapping,photo,image,2147483647,YES,NULL
TaxpayerNo,id,varchar,255,NO,NULL
TaxpayerNo,prefix,varchar,3,YES,NULL
TaxpayerNo,value,int,NULL,YES,NULL
TaxpayerPhoto,objid,varchar,50,NO,NULL
TaxpayerPhoto,photo,image,2147483647,YES,NULL
TaxpayerPhoto,parentid,varchar,50,YES,NULL
TcRefNo,name,varchar,50,NO,NULL
TcRefNo,prefix,varchar,5,YES,NULL
TcRefNo,value,int,NULL,NO,NULL
TDCertifiedTrueCopy,objid,varchar,50,NO,NULL
TDCertifiedTrueCopy,txnno,varchar,15,NO,NULL
TDCertifiedTrueCopy,issuedate,datetime,NULL,NO,NULL
TDCertifiedTrueCopy,requestedby,varchar,100,NO,NULL
TDCertifiedTrueCopy,requestedbyaddress,varchar,150,NO,NULL
TDCertifiedTrueCopy,orno,varchar,25,NO,NULL
TDCertifiedTrueCopy,ordate,datetime,NULL,NO,NULL
TDCertifiedTrueCopy,oramount,numeric,NULL,NO,NULL
TDCertifiedTrueCopy,purpose,varchar,200,NO,NULL
TDCertifiedTrueCopy,issuedby,varchar,100,NO,NULL
TDCertifiedTrueCopy,issuedbytitle,varchar,100,NO,NULL
TDCertifiedTrueCopy,certifiedBy,varchar,100,NO,NULL
TDCertifiedTrueCopy,certifiedByTitle,varchar,50,NO,NULL
TDCertifiedTrueCopy,authority,varchar,100,YES,NULL
TDCertifiedTrueCopy,tdid,varchar,50,NO,NULL
TDTitleUpdate,objid,varchar,50,NO,NULL
TDTitleUpdate,state,varchar,255,YES,NULL
TDTitleUpdate,titleNo,varchar,50,NO,NULL
TDTitleUpdate,titleDate,datetime,NULL,NO,NULL
TDTitleUpdate,remarks,varchar,150,NO,NULL
TDTitleUpdate,createdBy,varchar,50,NO,NULL
TDTitleUpdate,createDate,datetime,NULL,NO,NULL
TDTitleUpdate,approvedBy,varchar,50,YES,NULL
TDTitleUpdate,approveDate,datetime,NULL,YES,NULL
TDTitleUpdate,tdid,varchar,50,NO,NULL
TDTransaction,objid,varchar,50,NO,NULL
TDTransaction,txnNo,varchar,10,NO,NULL
TDTransaction,createDate,datetime,NULL,NO,NULL
TDTransaction,issueDate,datetime,NULL,NO,NULL
TDTransaction,effectivityDate,datetime,NULL,NO,NULL
TDTransaction,approvedDate,datetime,NULL,YES,NULL
TDTransaction,dtsubmitted,datetime,NULL,YES,NULL
TDTransaction,remarks,text,2147483647,NO,NULL
TDTransaction,state,varchar,255,YES,NULL
TDTransaction,txnType,varchar,255,YES,NULL
TDTransaction,approvedBy,varchar,75,NO,NULL
TDTransaction,approvedByPosition,varchar,75,NO,NULL
TDTransaction,recommendedBy,varchar,75,YES,NULL
TDTransaction,recommendedByPosition,varchar,75,YES,NULL
TDTransaction,appraisedById,varchar,50,NO,NULL
TDTransaction,appraisedBy,varchar,75,NO,NULL
TDTransaction,appraisedByPosition,varchar,75,NO,NULL
TDTransaction,autoNumber,tinyint,NULL,NO,NULL
TDTransaction,taxdeclarationid,varchar,50,YES,NULL
TDTxnRequirement,objid,varchar,35,NO,NULL
TDTxnRequirement,detail,varchar,200,NO,NULL
TDTxnRequirement,txnrequirementid,varchar,35,NO,NULL
TDTxnRequirement,tdtransactionid,varchar,50,NO,NULL
Tree,objid,varchar,35,NO,NULL
Tree,code,varchar,3,NO,NULL
Tree,description,varchar,50,NO,NULL
TreeAssessLevel,objid,varchar,35,NO,NULL
TreeAssessLevel,code,varchar,5,NO,NULL
TreeAssessLevel,description,varchar,50,NO,NULL
TreeAssessLevel,assessLevel,numeric,NULL,NO,NULL
TreeAssessLevel,previd,varchar,50,YES,NULL
TreeAssessLevel,rysettingid,varchar,35,NO,NULL
TreeRPU,objid,varchar,50,NO,NULL
TreeRPU,totalBearing,int,NULL,NO,NULL
TreeRPU,totalNonBearing,int,NULL,NO,NULL
TreeUnit,objid,varchar,35,NO,NULL
TreeUnit,previd,varchar,50,YES,NULL
TreeUnit,rysettingid,varchar,35,NO,NULL
TreeUnit,treeid,varchar,35,NO,NULL
TreeUnitValue,objid,varchar,35,NO,NULL
TreeUnitValue,code,varchar,5,NO,NULL
TreeUnitValue,description,varchar,50,NO,NULL
TreeUnitValue,unitValue,numeric,NULL,NO,NULL
TreeUnitValue,previd,varchar,35,YES,NULL
TreeUnitValue,treeunitid,varchar,35,NO,NULL
TxnApproval,objid,varchar,50,NO,NULL
TxnApproval,origin,varchar,50,NO,NULL
TxnApproval,state,varchar,25,NO,NULL
TxnApproval,txntype,varchar,25,NO,NULL
TxnApproval,txnid,varchar,50,NO,NULL
TxnApproval,txnrefno,varchar,50,NO,NULL
TxnApproval,txnreport,image,2147483647,YES,NULL
TxnApproval,submittedby,varchar,100,YES,NULL
TxnApproval,dtsubmitted,datetime,NULL,YES,NULL
TxnApproval,postedby,varchar,100,YES,NULL
TxnApproval,dtposted,datetime,NULL,YES,NULL
TxnApproval,remarks,varchar,255,YES,NULL
TxnLog,objid,varchar,35,NO,NULL
TxnLog,txnDate,datetime,NULL,NO,NULL
TxnLog,entityName,varchar,100,NO,NULL
TxnLog,refId,varchar,35,NO,NULL
TxnLog,user_name,varchar,50,NO,NULL
TxnLog,action,varchar,50,NO,NULL
TxnLog,details,text,2147483647,YES,NULL
TxnMonitor,objid,varchar,50,NO,NULL
TxnMonitor,txnid,varchar,50,NO,NULL
TxnMonitor,name,varchar,100,NO,NULL
TxnRequirement,objid,varchar,35,NO,NULL
TxnRequirement,code,varchar,5,NO,NULL
TxnRequirement,name,varchar,100,NO,NULL
TxnRequirement,description,varchar,200,YES,NULL
TxnRequirements,objid,varchar,35,NO,NULL
TxnRequirements,txnType,varchar,30,NO,NULL
TxnRequirements_TxnRequirement,TxnRequirements_objid,varchar,35,NO,NULL
TxnRequirements_TxnRequirement,requirements_objid,varchar,35,NO,NULL
VoidReceipt,objid,varchar,50,NO,NULL
VoidReceipt,reason,varchar,255,YES,NULL
VoidReceipt,receipt_objid,varchar,50,YES,NULL
