{
"type": "FeatureCollection",
"name": "Binunga",
"crs": { "type": "name", "properties": { "name": "urn:ogc:def:crs:OGC:1.3:CRS84" } },
"features": [
{ "type": "Feature", "properties": { "Id": 0, "CLN": "19028", "PSGC": "174001014", "Barangay": "Binunga", "Land_Class": null, "Land_area": 0, "PIN": "030-01-015-04-011" }, "geometry": { "type": "Polygon", "coordinates": [ [ [ 121.907326104328163, 13.389521586826586 ], [ 121.906223106970941, 13.38936582079219 ], [ 121.905761283642889, 13.390241471603293 ], [ 121.906727200259539, 13.392228161276162 ], [ 121.909553930754583, 13.390707053323343 ], [ 121.909488747104163, 13.390656965576914 ], [ 121.909372706683456, 13.390603100683 ], [ 121.909155465573122, 13.390427840425319 ], [ 121.90900487935933, 13.390250780158645 ], [ 121.908687999225705, 13.389980454014765 ], [ 121.90849069449979, 13.389913541955789 ], [ 121.908293474976801, 13.389827755901704 ], [ 121.907326104328163, 13.389521586826586 ] ] ] } },
{ "type": "Feature", "properties": { "Id": 0, "CLN": "19029", "PSGC": "174001014", "Barangay": "Binunga", "Land_Class": null, "Land_area": 0, "PIN": "030-01-015-11-002" }, "geometry": { "type": "Polygon", "coordinates": [ [ [ 121.911628146764556, 13.391089556918999 ], [ 121.911644669168865, 13.391080272594328 ], [ 121.912495151103258, 13.390602364425524 ], [ 121.912256387798479, 13.390366545860161 ], [ 121.912200433614686, 13.390247363129721 ], [ 121.911985270537741, 13.389785630227854 ], [ 121.911816394850547, 13.389497785113651 ], [ 121.911374946975414, 13.390243807661982 ], [ 121.91122025181987, 13.390486593051383 ], [ 121.910966718702511, 13.390582734555217 ], [ 121.910718062725266, 13.390651627771268 ], [ 121.910493195439301, 13.390558164899755 ], [ 121.910111373592414, 13.39023836007984 ], [ 121.909748581525491, 13.389923691541878 ], [ 121.909052187920466, 13.38937805171817 ], [ 121.908293474976801, 13.389827755901704 ], [ 121.908659422011709, 13.389904833704911 ], [ 121.908885474147766, 13.390009618222582 ], [ 121.909159105871723, 13.390251446082557 ], [ 121.909269467911614, 13.390396314217348 ], [ 121.909381666152385, 13.390496411363515 ], [ 121.909461224615669, 13.390582137180791 ], [ 121.909541087513944, 13.390600269890657 ], [ 121.909743874057085, 13.390757679468418 ], [ 121.910497949799506, 13.391116702399913 ], [ 121.910672363104709, 13.391117454494095 ], [ 121.91081092034463, 13.39101132888487 ], [ 121.91102893690568, 13.391012268706493 ], [ 121.911231667282621, 13.391180341853246 ], [ 121.911362413354396, 13.391195135017981 ], [ 121.911628146764556, 13.391089556918999 ] ] ] } },
{ "type": "Feature", "properties": { "Id": 0, "CLN": "19027", "PSGC": "174001014", "Barangay": "Binunga", "Land_Class": null, "Land_area": 0, "PIN": "030-01-015-11-001" }, "geometry": { "type": "Polygon", "coordinates": [ [ [ 121.907326104328178, 13.389521586826586 ], [ 121.908293474976858, 13.389827755901706 ], [ 121.909052187920466, 13.38937805171817 ], [ 121.90897199841433, 13.388990783932735 ], [ 121.909281597334896, 13.388737318537965 ], [ 121.908417438718075, 13.387988055173313 ], [ 121.907326104328178, 13.389521586826586 ] ] ] } },
{ "type": "Feature", "properties": { "Id": 0, "CLN": "19026", "PSGC": "174001014", "Barangay": "Binunga", "Land_Class": null, "Land_area": 0, "PIN": "030-01-015-11-010" }, "geometry": { "type": "Polygon", "coordinates": [ [ [ 121.908833852909112, 13.387560465084606 ], [ 121.908058377531646, 13.387453307181694 ], [ 121.908417438718075, 13.387988055173318 ], [ 121.909281597334839, 13.388737318537965 ], [ 121.90897199841433, 13.38899078393273 ], [ 121.909052187920466, 13.389378051718163 ], [ 121.909747634292842, 13.389063507425853 ], [ 121.910389342128738, 13.388811059710687 ], [ 121.910242375027764, 13.388379486238085 ], [ 121.90975204596154, 13.388083469447148 ], [ 121.908833852909112, 13.387560465084606 ] ] ] } },
{ "type": "Feature", "properties": { "Id": 0, "CLN": "19025", "PSGC": "174001014", "Barangay": "Binunga", "Land_Class": null, "Land_area": 0, "PIN": "030-01-015-11-011" }, "geometry": { "type": "Polygon", "coordinates": [ [ [ 121.909080991822321, 13.386193150774311 ], [ 121.908058377531646, 13.387453307181694 ], [ 121.908833852909112, 13.387560465084606 ], [ 121.90975204596154, 13.388083469447148 ], [ 121.910242375027764, 13.388379486238085 ], [ 121.910623913565175, 13.387984129047249 ], [ 121.910599613118706, 13.387662641419674 ], [ 121.909080991822321, 13.386193150774311 ] ] ] } },
{ "type": "Feature", "properties": { "Id": 0, "CLN": "19043", "PSGC": "174001014", "Barangay": "Binunga", "Land_Class": null, "Land_area": 0, "PIN": "030-01-015-11-004" }, "geometry": { "type": "Polygon", "coordinates": [ [ [ 121.911816394850547, 13.389497785113653 ], [ 121.911985270537741, 13.389785630227854 ], [ 121.912856811914409, 13.389208056547478 ], [ 121.912687236680782, 13.388689436427697 ], [ 121.912095672754887, 13.389002365389601 ], [ 121.911816394850547, 13.389497785113653 ] ] ] } },
{ "type": "Feature", "properties": { "Id": 0, "CLN": "19031", "PSGC": "174001014", "Barangay": "Binunga", "Land_Class": null, "Land_area": 0, "PIN": "030-01-015-11-012" }, "geometry": { "type": "Polygon", "coordinates": [ [ [ 121.910389342128738, 13.388811059710674 ], [ 121.910478276790684, 13.38916236489008 ], [ 121.911438372645776, 13.389021171733798 ], [ 121.911816394850547, 13.389497785113651 ], [ 121.91209567275493, 13.389002365389601 ], [ 121.912687236680782, 13.388689436427693 ], [ 121.912972070337759, 13.388252607955385 ], [ 121.91285062552592, 13.388063036623858 ], [ 121.912574337544783, 13.387954720126551 ], [ 121.912022781371306, 13.38751123207328 ], [ 121.911798127734471, 13.38737162895614 ], [ 121.910999496017681, 13.38748161787378 ], [ 121.910599613118706, 13.387662641419674 ], [ 121.910623913565175, 13.387984129047258 ], [ 121.910242375027764, 13.388379486238094 ], [ 121.910389342128738, 13.388811059710674 ] ] ] } },
{ "type": "Feature", "properties": { "Id": 0, "CLN": "19042", "PSGC": "174001014", "Barangay": "Binunga", "Land_Class": null, "Land_area": 0, "PIN": "030-01-015-11-007" }, "geometry": { "type": "Polygon", "coordinates": [ [ [ 121.912972070337759, 13.388252607955385 ], [ 121.912687236680782, 13.388689436427693 ], [ 121.912856811914409, 13.389208056547476 ], [ 121.912837706764009, 13.389431288298701 ], [ 121.913028322883505, 13.389715681678888 ], [ 121.913157294579051, 13.390021077774355 ], [ 121.913223463742582, 13.390050827438124 ], [ 121.9142714871995, 13.388872300462426 ], [ 121.913581360676815, 13.388740453805452 ], [ 121.912972070337759, 13.388252607955385 ] ] ] } },
{ "type": "Feature", "properties": { "Id": 0, "CLN": "19041", "PSGC": "174001014", "Barangay": "Binunga", "Land_Class": null, "Land_area": 0, "PIN": "030-01-015-11-014" }, "geometry": { "type": "Polygon", "coordinates": [ [ [ 121.912850625525948, 13.38806303662386 ], [ 121.912972070337759, 13.388252607955385 ], [ 121.913581360676815, 13.388740453805452 ], [ 121.9142714871995, 13.388872300462426 ], [ 121.914975034099641, 13.38799024622466 ], [ 121.914846501931862, 13.387945582867719 ], [ 121.914698829771979, 13.387863027450148 ], [ 121.913704594226502, 13.387096258038369 ], [ 121.912850625525948, 13.38806303662386 ] ] ] } },
{ "type": "Feature", "properties": { "Id": 0, "CLN": "19049", "PSGC": "174001014", "Barangay": "Binunga", "Land_Class": null, "Land_area": 0, "PIN": "030-01-015-10-003" }, "geometry": { "type": "Polygon", "coordinates": [ [ [ 121.914975034099641, 13.387990246224662 ], [ 121.9142714871995, 13.388872300462426 ], [ 121.91446642430256, 13.389000746046666 ], [ 121.914900007726729, 13.389199337493688 ], [ 121.915436015549091, 13.389568512007791 ], [ 121.916345523507161, 13.38864362018928 ], [ 121.916143048394858, 13.388581310834091 ], [ 121.915941271472846, 13.388363038864082 ], [ 121.915469923952145, 13.387973465811021 ], [ 121.914975034099641, 13.387990246224662 ] ] ] } },
{ "type": "Feature", "properties": { "Id": 0, "CLN": "19059", "PSGC": "174001014", "Barangay": "Binunga", "Land_Class": null, "Land_area": 0, "PIN": "030-01-015-10-021" }, "geometry": { "type": "Polygon", "coordinates": [ [ [ 121.916635219562821, 13.389543207750727 ], [ 121.916966734087254, 13.389901331776832 ], [ 121.917348920423308, 13.389403585750879 ], [ 121.917261098856841, 13.389255432540509 ], [ 121.917105227261501, 13.389193615501755 ], [ 121.917054044787278, 13.388999757462543 ], [ 121.916898310144887, 13.388907366370244 ], [ 121.916635219562821, 13.389543207750727 ] ] ] } },
{ "type": "Feature", "properties": { "Id": 0, "CLN": "19050", "PSGC": "174001014", "Barangay": "Binunga", "Land_Class": null, "Land_area": 0, "PIN": "030-01-015-10-011" }, "geometry": { "type": "Polygon", "coordinates": [ [ [ 121.916345523507161, 13.38864362018928 ], [ 121.915436015549091, 13.389568512007791 ], [ 121.915625630177175, 13.389673007414171 ], [ 121.915858489651484, 13.389809951049495 ], [ 121.916635219562821, 13.389543207750727 ], [ 121.916898310144887, 13.388907366370244 ], [ 121.916345523507161, 13.38864362018928 ] ] ] } },
{ "type": "Feature", "properties": { "Id": 0, "CLN": "19040", "PSGC": "174001014", "Barangay": "Binunga", "Land_Class": null, "Land_area": 0, "PIN": "030-01-015-10-009" }, "geometry": { "type": "Polygon", "coordinates": [ [ [ 121.917994941824205, 13.388256526956337 ], [ 121.917011690047048, 13.387995712222201 ], [ 121.916945677684737, 13.388790367049697 ], [ 121.917194552363767, 13.389005455379726 ], [ 121.917193937237201, 13.389143038126505 ], [ 121.917552387363884, 13.389297446632114 ], [ 121.91808158380249, 13.389532948329197 ], [ 121.918164815615555, 13.389579477138406 ], [ 121.918142993645446, 13.389284900942419 ], [ 121.918228286167903, 13.389183329778428 ], [ 121.918275673918131, 13.388934354918122 ], [ 121.918395486856781, 13.388874461087132 ], [ 121.918073147032956, 13.388416260518877 ], [ 121.917994941824205, 13.388256526956337 ] ] ] } },
{ "type": "Feature", "properties": { "Id": 0, "CLN": "19039", "PSGC": "174001014", "Barangay": "Binunga", "Land_Class": null, "Land_area": 0, "PIN": "030-01-015-10-010" }, "geometry": { "type": "Polygon", "coordinates": [ [ [ 121.916945677684737, 13.388790367049705 ], [ 121.917011690047076, 13.387995712222194 ], [ 121.916492987469653, 13.387596019810786 ], [ 121.916326046406198, 13.387681931782526 ], [ 121.916215468795031, 13.387966819778017 ], [ 121.916125345284897, 13.388333327493664 ], [ 121.916223575466233, 13.388481525678515 ], [ 121.916478064314376, 13.38860491515838 ], [ 121.916945677684737, 13.388790367049705 ] ] ] } },
{ "type": "Feature", "properties": { "Id": 0, "CLN": "19038", "PSGC": "174001014", "Barangay": "Binunga", "Land_Class": null, "Land_area": 0, "PIN": "030-01-015-10-006" }, "geometry": { "type": "Polygon", "coordinates": [ [ [ 121.91811103295997, 13.387231289394309 ], [ 121.91751670310245, 13.386800373414623 ], [ 121.917292783623864, 13.38682489295477 ], [ 121.917198664764314, 13.386921309062615 ], [ 121.917078954744696, 13.386920796111433 ], [ 121.916906581708872, 13.387057642795218 ], [ 121.916729413892085, 13.387102745203167 ], [ 121.916627784153661, 13.387314783434372 ], [ 121.916492987469681, 13.387596019810838 ], [ 121.917011690047104, 13.387995712222192 ], [ 121.917994941824205, 13.388256526956337 ], [ 121.918075255705247, 13.388192105587109 ], [ 121.918364718907313, 13.387992493394316 ], [ 121.91811103295997, 13.387231289394309 ] ] ] } },
{ "type": "Feature", "properties": { "Id": 0, "CLN": "19037", "PSGC": "174001014", "Barangay": "Binunga", "Land_Class": null, "Land_area": 0, "PIN": "030-01-015-10-005" }, "geometry": { "type": "Polygon", "coordinates": [ [ [ 121.915845859284616, 13.387980521544884 ], [ 121.916005885477418, 13.388276761769577 ], [ 121.916125345284897, 13.388333327493664 ], [ 121.916215468795059, 13.387966819778017 ], [ 121.916326046406198, 13.387681931782526 ], [ 121.916492987469709, 13.387596019810788 ], [ 121.916627784153647, 13.387314783434372 ], [ 121.915978944108517, 13.38731864452209 ], [ 121.915845859284616, 13.387980521544884 ] ] ] } },
{ "type": "Feature", "properties": { "Id": 0, "CLN": "19264", "PSGC": "174001014", "Barangay": "Binunga", "Land_Class": null, "Land_area": 0, "PIN": "030-01-015-11-016" }, "geometry": { "type": "Polygon", "coordinates": [ [ [ 121.911644583663772, 13.386080351795323 ], [ 121.911223393539899, 13.385990635976299 ], [ 121.910243169102429, 13.38608195641541 ], [ 121.909755933952809, 13.386148877768857 ], [ 121.909080991822321, 13.386193150774311 ], [ 121.910599613118706, 13.387662641419674 ], [ 121.911644583663772, 13.386080351795323 ] ] ] } },
{ "type": "Feature", "properties": { "Id": 0, "CLN": "19032", "PSGC": "174001014", "Barangay": "Binunga", "Land_Class": null, "Land_area": 0, "PIN": "030-01-015-11-015" }, "geometry": { "type": "Polygon", "coordinates": [ [ [ 121.911644583663772, 13.386080351795323 ], [ 121.910599613118706, 13.387662641419674 ], [ 121.910999496017681, 13.38748161787378 ], [ 121.9117981277345, 13.38737162895614 ], [ 121.912022781371306, 13.38751123207328 ], [ 121.912574337544783, 13.387954720126551 ], [ 121.912850625525977, 13.38806303662386 ], [ 121.913704594226502, 13.387096258038369 ], [ 121.913207034189753, 13.386680730437144 ], [ 121.913161197213626, 13.386456320323532 ], [ 121.912985012606981, 13.386282307084796 ], [ 121.912543316956828, 13.386122438659516 ], [ 121.911939267510718, 13.386186083498911 ], [ 121.911644583663772, 13.386080351795323 ] ] ] } },
{ "type": "Feature", "properties": { "Id": 0, "CLN": "19271", "PSGC": "174001014", "Barangay": "Binunga", "Land_Class": null, "Land_area": 0, "PIN": "030-01-015-10-007" }, "geometry": { "type": "Polygon", "coordinates": [ [ [ 121.91751670310245, 13.386800373414623 ], [ 121.91811103295997, 13.387231289394274 ], [ 121.91814996937417, 13.386572015930001 ], [ 121.91751670310245, 13.386800373414623 ] ] ] } },
{ "type": "Feature", "properties": { "Id": 0, "CLN": "19036", "PSGC": "174001014", "Barangay": "Binunga", "Land_Class": null, "Land_area": 0, "PIN": "030-01-015-10-025" }, "geometry": { "type": "Polygon", "coordinates": [ [ [ 121.91552427461238, 13.387861068732105 ], [ 121.915681998803649, 13.387229869475709 ], [ 121.9154296172198, 13.387154416922243 ], [ 121.915136476394395, 13.387889813362994 ], [ 121.915458767317773, 13.387836735946482 ], [ 121.91552427461238, 13.387861068732105 ] ] ] } },
{ "type": "Feature", "properties": { "Id": 0, "CLN": "19035", "PSGC": "174001014", "Barangay": "Binunga", "Land_Class": null, "Land_area": 0, "PIN": "030-01-015-12-006" }, "geometry": { "type": "Polygon", "coordinates": [ [ [ 121.91751670310245, 13.386800373414623 ], [ 121.916495386899427, 13.38510253309944 ], [ 121.915372911291911, 13.386014954238224 ], [ 121.914747761929135, 13.387012630386495 ], [ 121.914018371182166, 13.386444824100259 ], [ 121.913630001817367, 13.386870242502935 ], [ 121.914236750822781, 13.387365864008252 ], [ 121.914820183484593, 13.38783845320434 ], [ 121.915136476394423, 13.387889813362994 ], [ 121.9154296172198, 13.387154416922243 ], [ 121.915978944108517, 13.38731864452209 ], [ 121.916627784153661, 13.387314783434372 ], [ 121.916729413892085, 13.387102745203133 ], [ 121.916906581708872, 13.387057642795218 ], [ 121.917078954744696, 13.386920796111433 ], [ 121.917198664764342, 13.386921309062616 ], [ 121.91729278362385, 13.386824892954769 ], [ 121.91751670310245, 13.386800373414623 ] ] ] } },
{ "type": "Feature", "properties": { "Id": 0, "CLN": "19034", "PSGC": "174001014", "Barangay": "Binunga", "Land_Class": null, "Land_area": 0, "PIN": "030-01-015-12-005" }, "geometry": { "type": "Polygon", "coordinates": [ [ [ 121.914018371182166, 13.386444824100257 ], [ 121.914747761929135, 13.387012630386502 ], [ 121.915372911291939, 13.386014954238222 ], [ 121.914862891620757, 13.385493953569172 ], [ 121.914179358283917, 13.385147054625536 ], [ 121.914018371182166, 13.386444824100257 ] ] ] } },
{ "type": "Feature", "properties": { "Id": 0, "CLN": "19033", "PSGC": "174001014", "Barangay": "Binunga", "Land_Class": null, "Land_area": 0, "PIN": "030-01-015-12-004" }, "geometry": { "type": "Polygon", "coordinates": [ [ [ 121.913630001817367, 13.386870242502935 ], [ 121.914018371182166, 13.386444824100254 ], [ 121.914179358283945, 13.385147054625531 ], [ 121.912945002280139, 13.384892375384077 ], [ 121.912577160277806, 13.385962811315171 ], [ 121.912851808580712, 13.386087246341624 ], [ 121.91306800650959, 13.386188498835145 ], [ 121.91326032027348, 13.3863928373903 ], [ 121.913350062584499, 13.386619665673777 ], [ 121.913630001817367, 13.386870242502935 ] ] ] } },
{ "type": "Feature", "properties": { "Id": 0, "CLN": "19265", "PSGC": "174001014", "Barangay": "Binunga", "Land_Class": null, "Land_area": 0, "PIN": "030-01-015-12-003" }, "geometry": { "type": "Polygon", "coordinates": [ [ [ 121.912577160277806, 13.385962811315171 ], [ 121.912945002280139, 13.384892375384077 ], [ 121.912622277614958, 13.385042904191847 ], [ 121.912326557869022, 13.385047364471713 ], [ 121.911318170275194, 13.385977455605429 ], [ 121.911964658385486, 13.386097760350856 ], [ 121.912577160277806, 13.385962811315171 ] ] ] } },
{ "type": "Feature", "properties": { "Id": 0, "CLN": "19266", "PSGC": "174001014", "Barangay": "Binunga", "Land_Class": null, "Land_area": 0, "PIN": "030-01-015-12-001" }, "geometry": { "type": "Polygon", "coordinates": [ [ [ 121.911318170275194, 13.385977455605433 ], [ 121.912326557869022, 13.385047364471713 ], [ 121.912622277614986, 13.385042904191852 ], [ 121.911824488001528, 13.384062042364899 ], [ 121.910929477300684, 13.383869008020016 ], [ 121.911223393539927, 13.385990635976301 ], [ 121.911318170275194, 13.385977455605433 ] ] ] } },
{ "type": "Feature", "properties": { "Id": 0, "CLN": "19267", "PSGC": "174001014", "Barangay": "Binunga", "Land_Class": null, "Land_area": 0, "PIN": "030-01-015-12-002" }, "geometry": { "type": "Polygon", "coordinates": [ [ [ 121.911241746827713, 13.380481762890007 ], [ 121.911157026286801, 13.379532748211806 ], [ 121.910978975011332, 13.379551341585142 ], [ 121.909966311004325, 13.379902573175674 ], [ 121.910443482212543, 13.381914923974092 ], [ 121.910657858511684, 13.3824203268556 ], [ 121.910929477300684, 13.383869008020016 ], [ 121.911824488001528, 13.384062042364899 ], [ 121.912622277614986, 13.385042904191852 ], [ 121.912945002280139, 13.384892375384077 ], [ 121.912631797055681, 13.382921839219525 ], [ 121.9119128595962, 13.382637842435143 ], [ 121.911655518675502, 13.38192014489263 ], [ 121.91155047619651, 13.381544945469026 ], [ 121.9113467635392, 13.381314703722834 ], [ 121.911241746827713, 13.380481762890007 ] ] ] } },
{ "type": "Feature", "properties": { "Id": 0, "CLN": "19262", "PSGC": "174001014", "Barangay": "Binunga", "Land_Class": null, "Land_area": 0, "PIN": "030-01-015-04-010" }, "geometry": { "type": "Polygon", "coordinates": [ [ [ 121.905761283642889, 13.390241471603293 ], [ 121.905182331050739, 13.390927327620247 ], [ 121.904626611146938, 13.391367167543059 ], [ 121.90647356589291, 13.392987237544057 ], [ 121.906875837289832, 13.393009804011925 ], [ 121.906727200259539, 13.392228161276162 ], [ 121.905761283642889, 13.390241471603293 ] ] ] } },
{ "type": "Feature", "properties": { "Id": 0, "CLN": "19073", "PSGC": "174001014", "Barangay": "Binunga", "Land_Class": null, "Land_area": 0, "PIN": "030-01-015-04-007" }, "geometry": { "type": "Polygon", "coordinates": [ [ [ 121.906473565892938, 13.392987237544055 ], [ 121.905249029329738, 13.393990874056001 ], [ 121.905345486273347, 13.394143463699338 ], [ 121.908383683781182, 13.394698724156379 ], [ 121.908277359990294, 13.39457938044492 ], [ 121.908225667154582, 13.394193972308541 ], [ 121.907910696158567, 13.394026172861544 ], [ 121.907810023892395, 13.393730904868292 ], [ 121.907344844063857, 13.393481614030916 ], [ 121.907180813959968, 13.393233625429191 ], [ 121.906797586059113, 13.393122593803028 ], [ 121.906473565892938, 13.392987237544055 ] ] ] } },
{ "type": "Feature", "properties": { "Id": 0, "CLN": "19268", "PSGC": "174001014", "Barangay": "Binunga", "Land_Class": null, "Land_area": 0, "PIN": "030-01-015-04-009" }, "geometry": { "type": "Polygon", "coordinates": [ [ [ 121.904626611146938, 13.391367167543059 ], [ 121.902962802058568, 13.391980870675477 ], [ 121.901725637373545, 13.394124109282636 ], [ 121.902340888678822, 13.394126783718352 ], [ 121.903630396533131, 13.393973872210475 ], [ 121.904798688716212, 13.393414637555891 ], [ 121.905249029329767, 13.393990874056 ], [ 121.906473565892938, 13.392987237544055 ], [ 121.904626611146938, 13.391367167543059 ] ] ] } },
{ "type": "Feature", "properties": { "Id": 0, "CLN": "19075", "PSGC": "174001014", "Barangay": "Binunga", "Land_Class": null, "Land_area": 0, "PIN": "030-01-015-04-008" }, "geometry": { "type": "Polygon", "coordinates": [ [ [ 121.901725637373545, 13.394124109282634 ], [ 121.902711144849661, 13.394619775513727 ], [ 121.903532538838064, 13.39518800888005 ], [ 121.903488059332716, 13.394835559612558 ], [ 121.903971339788939, 13.394305056861802 ], [ 121.905345486273347, 13.394143463699338 ], [ 121.905249029329767, 13.393990874056 ], [ 121.904798688716212, 13.393414637555891 ], [ 121.903630396533188, 13.393973872210474 ], [ 121.902340888678822, 13.394126783718352 ], [ 121.901725637373545, 13.394124109282634 ] ] ] } },
{ "type": "Feature", "properties": { "Id": 0, "CLN": "19074", "PSGC": "174001014", "Barangay": "Binunga", "Land_Class": null, "Land_area": 0, "PIN": "030-01-015-04-003" }, "geometry": { "type": "Polygon", "coordinates": [ [ [ 121.905345486273347, 13.394143463699338 ], [ 121.906302244384875, 13.395518267574285 ], [ 121.908607319833237, 13.394924307385237 ], [ 121.908549611427787, 13.394795663107205 ], [ 121.908383683781182, 13.394698724156378 ], [ 121.905345486273347, 13.394143463699338 ] ] ] } },
{ "type": "Feature", "properties": { "Id": 0, "CLN": "19085", "PSGC": "174001014", "Barangay": "Binunga", "Land_Class": null, "Land_area": 0, "PIN": "030-01-015-10-020" }, "geometry": { "type": "Polygon", "coordinates": [ [ [ 121.906302244384904, 13.395518267574285 ], [ 121.907158312225675, 13.396335140592024 ], [ 121.907345707610887, 13.396787711070505 ], [ 121.907849387266083, 13.397118010016033 ], [ 121.908129965416009, 13.396296545031319 ], [ 121.909619148783065, 13.395670515032597 ], [ 121.909556710915311, 13.395513318313069 ], [ 121.909353004812019, 13.395445863575569 ], [ 121.908951221841875, 13.395139784722952 ], [ 121.908607319833237, 13.394924307385237 ], [ 121.906302244384904, 13.395518267574285 ] ] ] } },
{ "type": "Feature", "properties": { "Id": 0, "CLN": "19261", "PSGC": "174001014", "Barangay": "Binunga", "Land_Class": null, "Land_area": 0, "PIN": "030-01-015-03-040" }, "geometry": { "type": "Polygon", "coordinates": [ [ [ 121.907158312225675, 13.396335140592024 ], [ 121.906475841196752, 13.396874297860519 ], [ 121.906747850544377, 13.396875475549631 ], [ 121.907121932439892, 13.397937540863138 ], [ 121.907474499832659, 13.398386070726181 ], [ 121.907829550297805, 13.397208276161738 ], [ 121.907849387266083, 13.397118010016033 ], [ 121.907345707610887, 13.396787711070505 ], [ 121.907158312225675, 13.396335140592024 ] ] ] } },
{ "type": "Feature", "properties": { "Id": 0, "CLN": "19081", "PSGC": "174001014", "Barangay": "Binunga", "Land_Class": null, "Land_area": 0, "PIN": "030-01-015-03-043" }, "geometry": { "type": "Polygon", "coordinates": [ [ [ 121.906684493335987, 13.397997467018147 ], [ 121.907121932439921, 13.397937540863138 ], [ 121.906747850544406, 13.39687547554963 ], [ 121.906475841196752, 13.396874297860519 ], [ 121.906201618418621, 13.397362912658748 ], [ 121.906180083016409, 13.397828844913551 ], [ 121.906684493335987, 13.397997467018147 ] ] ] } },
{ "type": "Feature", "properties": { "Id": 0, "CLN": "19078", "PSGC": "174001014", "Barangay": "Binunga", "Land_Class": null, "Land_area": 0, "PIN": "030-01-015-03-041" }, "geometry": { "type": "Polygon", "coordinates": [ [ [ 121.906302244384904, 13.395518267574285 ], [ 121.90618526135313, 13.395608112865764 ], [ 121.904336388795272, 13.395770876513076 ], [ 121.904273483954526, 13.395780668971961 ], [ 121.904584118166298, 13.396204571436057 ], [ 121.904837369190687, 13.396521002964596 ], [ 121.905404096378106, 13.396489225848327 ], [ 121.905695233413681, 13.396557062615692 ], [ 121.906088116122206, 13.396682404153331 ], [ 121.906475841196752, 13.396874297860519 ], [ 121.907158312225675, 13.396335140592024 ], [ 121.906302244384904, 13.395518267574285 ] ] ] } },
{ "type": "Feature", "properties": { "Id": 0, "CLN": "19077", "PSGC": "174001014", "Barangay": "Binunga", "Land_Class": null, "Land_area": 0, "PIN": "030-01-015-04-001" }, "geometry": { "type": "Polygon", "coordinates": [ [ [ 121.903532538838064, 13.39518800888005 ], [ 121.904115103767566, 13.395564537074158 ], [ 121.904273483954526, 13.395780668971961 ], [ 121.904336388795272, 13.395770876513076 ], [ 121.90448652535062, 13.395310673078031 ], [ 121.904342356772048, 13.394967661718708 ], [ 121.903971339788939, 13.394305056861802 ], [ 121.903488059332716, 13.394835559612558 ], [ 121.903532538838064, 13.39518800888005 ] ] ] } },
{ "type": "Feature", "properties": { "Id": 0, "CLN": "19076", "PSGC": "174001014", "Barangay": "Binunga", "Land_Class": null, "Land_area": 0, "PIN": "030-01-015-04-002" }, "geometry": { "type": "Polygon", "coordinates": [ [ [ 121.903971339788939, 13.394305056861802 ], [ 121.904342356772048, 13.394967661718704 ], [ 121.90448652535062, 13.395310673078031 ], [ 121.904336388795272, 13.39577087651308 ], [ 121.90618526135313, 13.395608112865766 ], [ 121.906302244384904, 13.395518267574285 ], [ 121.905345486273347, 13.394143463699333 ], [ 121.903971339788939, 13.394305056861802 ] ] ] } },
{ "type": "Feature", "properties": { "Id": 0, "CLN": "19080", "PSGC": "174001014", "Barangay": "Binunga", "Land_Class": null, "Land_area": 0, "PIN": "030-01-015-03-042" }, "geometry": { "type": "Polygon", "coordinates": [ [ [ 121.906088116122234, 13.396682404153333 ], [ 121.905618804715289, 13.397346121523862 ], [ 121.906201618418649, 13.397362912658748 ], [ 121.906475841196752, 13.396874297860519 ], [ 121.906088116122234, 13.396682404153333 ] ] ] } },
{ "type": "Feature", "properties": { "Id": 0, "CLN": "19082", "PSGC": "174001014", "Barangay": "Binunga", "Land_Class": null, "Land_area": 0, "PIN": "030-01-015-03-045" }, "geometry": { "type": "Polygon", "coordinates": [ [ [ 121.906684493335987, 13.397997467018179 ], [ 121.906180083016409, 13.397828844913551 ], [ 121.906024579989619, 13.397876913754198 ], [ 121.905895837869906, 13.397948578044064 ], [ 121.905437074249662, 13.397890417213677 ], [ 121.905062354327725, 13.398581589315359 ], [ 121.905927462286954, 13.398830434524546 ], [ 121.906294637684113, 13.39857890510962 ], [ 121.906508454622724, 13.398424687427589 ], [ 121.906684493335987, 13.397997467018179 ] ] ] } },
{ "type": "Feature", "properties": { "Id": 0, "CLN": "19079", "PSGC": "174001014", "Barangay": "Binunga", "Land_Class": null, "Land_area": 0, "PIN": "030-01-015-03-044" }, "geometry": { "type": "Polygon", "coordinates": [ [ [ 121.904589987714161, 13.398579540579115 ], [ 121.904768336101469, 13.398344923878009 ], [ 121.905062354327725, 13.398581589315359 ], [ 121.905437074249662, 13.397890417213677 ], [ 121.905895837869906, 13.397948578044064 ], [ 121.906024579989676, 13.397876913754198 ], [ 121.906180083016409, 13.397828844913551 ], [ 121.906201618418677, 13.397362912658748 ], [ 121.905618804715289, 13.397346121523862 ], [ 121.906088116122262, 13.396682404153381 ], [ 121.905695233413709, 13.396557062615694 ], [ 121.905404096378106, 13.396489225848327 ], [ 121.904837369190687, 13.396521002964596 ], [ 121.904505528866324, 13.397018230106296 ], [ 121.904142230718421, 13.397845319940599 ], [ 121.904365055571404, 13.398264286536469 ], [ 121.904553536271507, 13.398528452060386 ], [ 121.904589987714161, 13.398579540579115 ] ] ] } },
{ "type": "Feature", "properties": { "Id": 0, "CLN": "19030", "PSGC": "174001014", "Barangay": "Binunga", "Land_Class": null, "Land_area": 0, "PIN": "030-01-015-11-009" }, "geometry": { "type": "Polygon", "coordinates": [ [ [ 121.910496125041476, 13.39002379505178 ], [ 121.911438372645776, 13.389021171733798 ], [ 121.910478276790684, 13.389162364890083 ], [ 121.910389342128695, 13.388811059710678 ], [ 121.909747634292842, 13.389063507425847 ], [ 121.909052187920466, 13.38937805171817 ], [ 121.909748581525491, 13.389923691541878 ], [ 121.910111373592414, 13.39023836007984 ], [ 121.910493195439244, 13.390558164899756 ], [ 121.910718062725266, 13.390651627771268 ], [ 121.910966718702511, 13.390582734555217 ], [ 121.91122025181987, 13.390486593051383 ], [ 121.910835484344929, 13.390241482676112 ], [ 121.910496125041476, 13.39002379505178 ] ] ] } },
{ "type": "Feature", "properties": { "Id": 0, "CLN": "19044", "PSGC": "174001014", "Barangay": "Binunga", "Land_Class": null, "Land_area": 0, "PIN": "030-01-015-11-008" }, "geometry": { "type": "Polygon", "coordinates": [ [ [ 121.911816394850547, 13.389497785113651 ], [ 121.911438372645776, 13.389021171733807 ], [ 121.910496125041504, 13.390023795051771 ], [ 121.910835484344958, 13.390241482676107 ], [ 121.91122025181987, 13.390486593051389 ], [ 121.911374946975414, 13.390243807661973 ], [ 121.911816394850547, 13.389497785113651 ] ] ] } },
{ "type": "Feature", "properties": { "Id": 0, "CLN": "19045", "PSGC": "174001014", "Barangay": "Binunga", "Land_Class": null, "Land_area": 0, "PIN": "030-01-015-11-006" }, "geometry": { "type": "Polygon", "coordinates": [ [ [ 121.91283770676398, 13.389431288298706 ], [ 121.912856811914409, 13.389208056547472 ], [ 121.911985270537741, 13.389785630227859 ], [ 121.912200433614686, 13.390247363129696 ], [ 121.912256387798479, 13.390366545860156 ], [ 121.912392323087076, 13.390248189233812 ], [ 121.913028322883505, 13.38971568167889 ], [ 121.91283770676398, 13.389431288298706 ] ] ] } },
{ "type": "Feature", "properties": { "Id": 0, "CLN": "19046", "PSGC": "174001014", "Barangay": "Binunga", "Land_Class": null, "Land_area": 0, "PIN": "030-01-015-11-005" }, "geometry": { "type": "Polygon", "coordinates": [ [ [ 121.913028322883505, 13.389715681678888 ], [ 121.912392323087076, 13.390248189233818 ], [ 121.912256387798479, 13.390366545860161 ], [ 121.912495151103258, 13.390602364425524 ], [ 121.913177800439811, 13.390279574175842 ], [ 121.913196086677843, 13.39025164793606 ], [ 121.913157294578994, 13.390021077774355 ], [ 121.913028322883505, 13.389715681678888 ] ] ] } },
{ "type": "Feature", "properties": { "Id": 0, "CLN": "19047", "PSGC": "174001014", "Barangay": "Binunga", "Land_Class": null, "Land_area": 0, "PIN": "030-01-015-11-013" }, "geometry": { "type": "Polygon", "coordinates": [ [ [ 121.912495151103258, 13.390602364425524 ], [ 121.913249347747666, 13.391188362166949 ], [ 121.913558860768831, 13.390537348492332 ], [ 121.913403883292474, 13.390456639695634 ], [ 121.913255073549024, 13.390367953109008 ], [ 121.913222631551648, 13.390309782885904 ], [ 121.913177800439826, 13.390279574175841 ], [ 121.912495151103258, 13.390602364425524 ] ] ] } },
{ "type": "Feature", "properties": { "Id": 0, "CLN": "19048", "PSGC": "174001014", "Barangay": "Binunga", "Land_Class": null, "Land_area": 0, "PIN": "030-01-015-10-002" }, "geometry": { "type": "Polygon", "coordinates": [ [ [ 121.915012900791012, 13.390815740961452 ], [ 121.915313477255253, 13.39025122081539 ], [ 121.915625630177175, 13.389673007414176 ], [ 121.915436015549091, 13.389568512007804 ], [ 121.914900007726644, 13.389199337493697 ], [ 121.914466424302532, 13.389000746046666 ], [ 121.9142714871995, 13.388872300462426 ], [ 121.913223463742582, 13.39005082743812 ], [ 121.913263312161362, 13.390247727809392 ], [ 121.913261618326032, 13.390275932599261 ], [ 121.913387927144299, 13.390368524523144 ], [ 121.913479570524245, 13.390442957792803 ], [ 121.913691660611775, 13.390549925870703 ], [ 121.913847006238228, 13.39054859269967 ], [ 121.914022405034217, 13.390633391134719 ], [ 121.914190184629348, 13.390594091093208 ], [ 121.914410782737079, 13.390627055999277 ], [ 121.914699187640139, 13.391036511025941 ], [ 121.914827953849695, 13.391037064150304 ], [ 121.915012900791012, 13.390815740961452 ] ] ] } },
{ "type": "Feature", "properties": { "Id": 0, "CLN": "19051", "PSGC": "174001014", "Barangay": "Binunga", "Land_Class": null, "Land_area": 0, "PIN": "030-01-015-10-015" }, "geometry": { "type": "Polygon", "coordinates": [ [ [ 121.91585848965147, 13.389809951049489 ], [ 121.915625630177189, 13.389673007414178 ], [ 121.915313477255253, 13.39025122081539 ], [ 121.915012900791012, 13.390815740961452 ], [ 121.915196942014106, 13.390796520673517 ], [ 121.915285125781935, 13.390730864353646 ], [ 121.915730957125888, 13.390674747380775 ], [ 121.916183735022969, 13.390436562985728 ], [ 121.916075131619166, 13.390249115285453 ], [ 121.91585848965147, 13.389809951049489 ] ] ] } },
{ "type": "Feature", "properties": { "Id": 0, "CLN": "19052", "PSGC": "174001014", "Barangay": "Binunga", "Land_Class": null, "Land_area": 0, "PIN": "030-01-015-10-014" }, "geometry": { "type": "Polygon", "coordinates": [ [ [ 121.916966734087254, 13.389901331776827 ], [ 121.916635219562806, 13.389543207750718 ], [ 121.91585848965147, 13.389809951049489 ], [ 121.916075131619166, 13.390249115285453 ], [ 121.916183735022969, 13.390436562985728 ], [ 121.916521921878157, 13.390684143852619 ], [ 121.916639465793622, 13.390908766608813 ], [ 121.917043180675876, 13.390672371315391 ], [ 121.917174885467389, 13.390472829811786 ], [ 121.917087534452861, 13.390352391816172 ], [ 121.916918317951172, 13.390252731269809 ], [ 121.916966734087254, 13.389901331776827 ] ] ] } },
{ "type": "Feature", "properties": { "Id": 0, "CLN": "19054", "PSGC": "174001014", "Barangay": "Binunga", "Land_Class": null, "Land_area": 0, "PIN": "030-01-015-10-013" }, "geometry": { "type": "Polygon", "coordinates": [ [ [ 121.917473312640666, 13.389521321091795 ], [ 121.917348920423308, 13.389403585750872 ], [ 121.916966734087254, 13.389901331776827 ], [ 121.916918317951172, 13.390252731269809 ], [ 121.917087534452861, 13.390352391816172 ], [ 121.917174885467404, 13.390472829811785 ], [ 121.917885860464239, 13.390543912007937 ], [ 121.918078506168484, 13.390428675528437 ], [ 121.918068591064269, 13.39025765965096 ], [ 121.91807950162621, 13.39014559974445 ], [ 121.918022566964822, 13.390074015352816 ], [ 121.918024433810814, 13.389656171366227 ], [ 121.917473312640666, 13.389521321091795 ] ] ] } },
{ "type": "Feature", "properties": { "Id": 0, "CLN": "19055", "PSGC": "174001014", "Barangay": "Binunga", "Land_Class": null, "Land_area": 0, "PIN": "030-01-015-10-022" }, "geometry": { "type": "Polygon", "coordinates": [ [ [ 121.916639465793679, 13.390908766608804 ], [ 121.916525096464881, 13.390888265558145 ], [ 121.916452861279112, 13.391044038415995 ], [ 121.916813344290432, 13.391333736844237 ], [ 121.916894379089001, 13.391535562402231 ], [ 121.916989374664027, 13.391734703496928 ], [ 121.916953885220337, 13.391900639317198 ], [ 121.917029179001702, 13.391975001316272 ], [ 121.91712005102417, 13.391765279567029 ], [ 121.917708992143062, 13.391059633083627 ], [ 121.917798889645283, 13.390795673113443 ], [ 121.917885860464239, 13.39054391200794 ], [ 121.917174885467404, 13.39047282981179 ], [ 121.917043180675904, 13.390672371315397 ], [ 121.916639465793679, 13.390908766608804 ] ] ] } },
{ "type": "Feature", "properties": { "Id": 0, "CLN": "19057", "PSGC": "174001014", "Barangay": "Binunga", "Land_Class": null, "Land_area": 0, "PIN": "030-01-015-10-017" }, "geometry": { "type": "Polygon", "coordinates": [ [ [ 121.914699187640139, 13.391036511025948 ], [ 121.91470259898604, 13.391111454207767 ], [ 121.914775402478, 13.391285192029107 ], [ 121.914815694791614, 13.391416100935151 ], [ 121.914830981913781, 13.391653625553827 ], [ 121.915045425337254, 13.391843980158098 ], [ 121.915950167868701, 13.39123646611705 ], [ 121.916045961401238, 13.39115457460727 ], [ 121.915730957125888, 13.390674747380769 ], [ 121.915285125781963, 13.390730864353644 ], [ 121.915196942014106, 13.390796520673517 ], [ 121.915012900791012, 13.390815740961445 ], [ 121.914827953849695, 13.391037064150311 ], [ 121.914699187640139, 13.391036511025948 ] ] ] } },
{ "type": "Feature", "properties": { "Id": 0, "CLN": "19058", "PSGC": "174001014", "Barangay": "Binunga", "Land_Class": null, "Land_area": 0, "PIN": "030-01-015-10-018" }, "geometry": { "type": "Polygon", "coordinates": [ [ [ 121.915045425337254, 13.391843980158098 ], [ 121.91520045210531, 13.391914015940365 ], [ 121.915258984594232, 13.392231768603089 ], [ 121.915545013702683, 13.392259677425381 ], [ 121.915506047931146, 13.392440939486704 ], [ 121.915642488529912, 13.392401504016869 ], [ 121.915703112615844, 13.392252351833147 ], [ 121.915908221262711, 13.392093147388183 ], [ 121.91593047697441, 13.391991855896091 ], [ 121.916167067420844, 13.391496608328785 ], [ 121.915950167868672, 13.391236466117048 ], [ 121.915045425337254, 13.391843980158098 ] ] ] } },
{ "type": "Feature", "properties": { "Id": 0, "CLN": "19056", "PSGC": "174001014", "Barangay": "Binunga", "Land_Class": null, "Land_area": 0, "PIN": "030-01-015-10-016" }, "geometry": { "type": "Polygon", "coordinates": [ [ [ 121.916167067420872, 13.391496608328788 ], [ 121.916274353932096, 13.391272949919639 ], [ 121.916452861279112, 13.391044038415995 ], [ 121.916525096464881, 13.390888265558148 ], [ 121.916639465793679, 13.390908766608803 ], [ 121.916521921878157, 13.390684143852619 ], [ 121.916183735022969, 13.390436562985736 ], [ 121.915730957125888, 13.390674747380769 ], [ 121.916045961401238, 13.391154574607269 ], [ 121.915950167868701, 13.39123646611705 ], [ 121.916167067420872, 13.391496608328788 ] ] ] } },
{ "type": "Feature", "properties": { "Id": 0, "CLN": "19059", "PSGC": "174001014", "Barangay": "Binunga", "Land_Class": null, "Land_area": 0, "PIN": "030-01-015-10-021" }, "geometry": { "type": "Polygon", "coordinates": [ [ [ 121.915506047931146, 13.392440939486706 ], [ 121.915406230669475, 13.392822046153032 ], [ 121.915746550075426, 13.392898213304687 ], [ 121.915888775875402, 13.392784096346313 ], [ 121.91621683074618, 13.392556049230716 ], [ 121.916293017746725, 13.392583056872661 ], [ 121.916676543457598, 13.392139132632591 ], [ 121.916707631047785, 13.391891134548883 ], [ 121.916953885220337, 13.391900639317198 ], [ 121.916989374664027, 13.391734703496928 ], [ 121.916894379089001, 13.391535562402231 ], [ 121.916813344290432, 13.391333736844237 ], [ 121.916452861279112, 13.391044038415995 ], [ 121.916274353932153, 13.391272949919641 ], [ 121.916167067420844, 13.39149660832879 ], [ 121.91593047697441, 13.391991855896091 ], [ 121.915908221262711, 13.392093147388183 ], [ 121.915703112615844, 13.392252351833147 ], [ 121.91564248852994, 13.392401504016869 ], [ 121.915506047931146, 13.392440939486706 ] ] ] } },
{ "type": "Feature", "properties": { "Id": 0, "CLN": "19069", "PSGC": "174001014", "Barangay": "Binunga", "Land_Class": null, "Land_area": 0, "PIN": "030-01-015-05-022" }, "geometry": { "type": "Polygon", "coordinates": [ [ [ 121.913558860768831, 13.390537348492334 ], [ 121.913249347747666, 13.391188362166941 ], [ 121.913454706833775, 13.392264035810257 ], [ 121.914098538685323, 13.392723045414282 ], [ 121.914259195602128, 13.392753084831609 ], [ 121.914343282926922, 13.392841492788582 ], [ 121.914537623567512, 13.392652894431912 ], [ 121.914727865771724, 13.392509240197246 ], [ 121.914894331794358, 13.39237423498877 ], [ 121.915137772896273, 13.392069169884095 ], [ 121.915142553043196, 13.392063179693338 ], [ 121.914748938389423, 13.391717306996512 ], [ 121.914739293106933, 13.391437117366518 ], [ 121.914720479677356, 13.391378338829842 ], [ 121.91461852402999, 13.391020378367728 ], [ 121.914366574648639, 13.390685786094611 ], [ 121.914104500198803, 13.390786046767996 ], [ 121.913827223161647, 13.390630106354697 ], [ 121.913671862522605, 13.390634774541933 ], [ 121.913558860768831, 13.390537348492334 ] ] ] } },
{ "type": "Feature", "properties": { "Id": 0, "CLN": "19070", "PSGC": "174001014", "Barangay": "Binunga", "Land_Class": null, "Land_area": 0, "PIN": "030-01-015-11-003" }, "geometry": { "type": "Polygon", "coordinates": [ [ [ 121.911644669168865, 13.391080272594319 ], [ 121.911757405550617, 13.391536349399681 ], [ 121.912349177195694, 13.392056504599864 ], [ 121.912615469949841, 13.392231075921405 ], [ 121.912837261022858, 13.392605561200281 ], [ 121.912994294042875, 13.392835691542153 ], [ 121.913031381204789, 13.39307330993069 ], [ 121.913248226142116, 13.393335714429577 ], [ 121.913999349972727, 13.393571067544396 ], [ 121.914131023014917, 13.393379532061196 ], [ 121.914316985178431, 13.393236255223698 ], [ 121.914443410677322, 13.392999339669954 ], [ 121.914343282926978, 13.392841492788587 ], [ 121.914259195602128, 13.392753084831606 ], [ 121.914098538685323, 13.392723045414284 ], [ 121.913454706833775, 13.392264035810257 ], [ 121.913249347747666, 13.391188362166949 ], [ 121.912495151103258, 13.39060236442552 ], [ 121.911644669168865, 13.391080272594319 ] ] ] } },
{ "type": "Feature", "properties": { "Id": 0, "CLN": "19071 pt.", "PSGC": "174001014", "Barangay": "Binunga", "Land_Class": null, "Land_area": 0, "PIN": "030-01-015-04-016" }, "geometry": { "type": "Polygon", "coordinates": [ [ [ 121.909862096328681, 13.392100155678635 ], [ 121.91041982849012, 13.393347017279485 ], [ 121.911999903391589, 13.393308469112865 ], [ 121.912739356506222, 13.393714828934367 ], [ 121.912919404698172, 13.393540103743408 ], [ 121.91311921536186, 13.393280084992035 ], [ 121.912974401922426, 13.393160880685155 ], [ 121.912908000792925, 13.392842797399645 ], [ 121.912561642593715, 13.392291090038581 ], [ 121.912510212319461, 13.392254053584814 ], [ 121.909862096328681, 13.392100155678635 ] ] ] } },
{ "type": "Feature", "properties": { "Id": 0, "CLN": "19072", "PSGC": "174001014", "Barangay": "Binunga", "Land_Class": null, "Land_area": 0, "PIN": "030-01-015-04-005" }, "geometry": { "type": "Polygon", "coordinates": [ [ [ 121.909733830683194, 13.39423173928933 ], [ 121.909348658516762, 13.393689321392451 ], [ 121.907972075010704, 13.393811447338322 ], [ 121.907989433938994, 13.393968260040484 ], [ 121.908327419270307, 13.394148938905502 ], [ 121.90843192502291, 13.394604122520162 ], [ 121.90864444674807, 13.394736110693618 ], [ 121.908747631838139, 13.394878325911034 ], [ 121.908951848830554, 13.395034352019135 ], [ 121.909284685324408, 13.395145460250269 ], [ 121.909414855756097, 13.395362688811971 ], [ 121.909638596777242, 13.395430527201635 ], [ 121.909748859001382, 13.39582153782575 ], [ 121.909951030812053, 13.396415945868631 ], [ 121.910285009935521, 13.396488535805235 ], [ 121.91060782738839, 13.395811644870852 ], [ 121.910161756788767, 13.394808896300248 ], [ 121.909733830683194, 13.39423173928933 ] ] ] } },
{ "type": "Feature", "properties": { "Id": 0, "CLN": "19086", "PSGC": "174001014", "Barangay": "Binunga", "Land_Class": null, "Land_area": 0, "PIN": "030-01-015-03-038" }, "geometry": { "type": "Polygon", "coordinates": [ [ [ 121.909865549527055, 13.396469086587617 ], [ 121.909769074232386, 13.396105812177346 ], [ 121.909743467859343, 13.396108545607701 ], [ 121.909676686592263, 13.395837201322898 ], [ 121.909619148783065, 13.395670515032597 ], [ 121.908129965416038, 13.396296545031317 ], [ 121.907849387266083, 13.397118010016033 ], [ 121.907829550297805, 13.397208276161738 ], [ 121.908730031388828, 13.397873164923622 ], [ 121.90881228445663, 13.397944850860004 ], [ 121.909000562951277, 13.398202454164736 ], [ 121.909235794172673, 13.397742199798586 ], [ 121.909490518013854, 13.397267763206182 ], [ 121.909739441008398, 13.397002537411753 ], [ 121.909795074476122, 13.396989056617176 ], [ 121.909959492047676, 13.396789660868578 ], [ 121.910214131524441, 13.396526620572676 ], [ 121.909865549527055, 13.396469086587617 ] ] ] } },
{ "type": "Feature", "properties": { "Id": 0, "CLN": "19087", "PSGC": "174001014", "Barangay": "Binunga", "Land_Class": null, "Land_area": 0, "PIN": "030-01-015-05-001" }, "geometry": { "type": "Polygon", "coordinates": [ [ [ 121.910843648564125, 13.396163661928684 ], [ 121.912236431571969, 13.396287720548322 ], [ 121.913893538410051, 13.396262835583272 ], [ 121.91506446597586, 13.395261113960043 ], [ 121.914808835028992, 13.394733515124164 ], [ 121.914874623788847, 13.394648419295347 ], [ 121.914715428136546, 13.394494765535901 ], [ 121.914428710971222, 13.394125140940254 ], [ 121.913999349972727, 13.393571067544396 ], [ 121.913248226142144, 13.39333571442959 ], [ 121.913066151318205, 13.393587642512438 ], [ 121.912829261154627, 13.393743150183234 ], [ 121.912810709489861, 13.393828448769929 ], [ 121.912871267553328, 13.39409907445596 ], [ 121.912870293096205, 13.394316073779477 ], [ 121.913047048739287, 13.394604986702772 ], [ 121.9130211977794, 13.394697368757353 ], [ 121.912883054528422, 13.394711003950581 ], [ 121.912867657183199, 13.394903039143937 ], [ 121.912634479120371, 13.395040775321226 ], [ 121.912827830597919, 13.394870850807784 ], [ 121.912821441946349, 13.394675164410501 ], [ 121.912941512689898, 13.394640106860786 ], [ 121.912988958006693, 13.394594064402638 ], [ 121.912841016127032, 13.394362194418921 ], [ 121.91280576585612, 13.394120137137948 ], [ 121.912712409116921, 13.393870714868676 ], [ 121.912739356506222, 13.393714828934362 ], [ 121.911999903391589, 13.393308469112871 ], [ 121.910347593079862, 13.393348779327603 ], [ 121.91145613111226, 13.394638978066526 ], [ 121.911825775929387, 13.39539948999133 ], [ 121.910843648564125, 13.396163661928684 ] ] ] } },
{ "type": "Feature", "properties": { "Id": 0, "CLN": "19069", "PSGC": "174001014", "Barangay": "Binunga", "Land_Class": null, "Land_area": 0, "PIN": "030-01-015-05-022" }, "geometry": { "type": "Polygon", "coordinates": [ [ [ 121.914428710971194, 13.394125140940258 ], [ 121.914757822412241, 13.393954217312125 ], [ 121.914131023014917, 13.393379532061184 ], [ 121.913999349972727, 13.393571067544396 ], [ 121.914428710971194, 13.394125140940258 ] ] ] } },
{ "type": "Feature", "properties": { "Id": 0, "CLN": "19068", "PSGC": "174001014", "Barangay": "Binunga", "Land_Class": null, "Land_area": 0, "PIN": "030-01-015-05-023" }, "geometry": { "type": "Polygon", "coordinates": [ [ [ 121.914757822412241, 13.393954217312125 ], [ 121.914796722592058, 13.393798769813152 ], [ 121.914756932302026, 13.39355580379538 ], [ 121.914814724395015, 13.393430652430533 ], [ 121.914907717300082, 13.393356345739376 ], [ 121.914880154279729, 13.393287097103995 ], [ 121.914826869044077, 13.39315322451618 ], [ 121.914443410677322, 13.39299933966995 ], [ 121.914316985178431, 13.393236255223698 ], [ 121.914131023014917, 13.393379532061184 ], [ 121.914757822412241, 13.393954217312125 ] ] ] } },
{ "type": "Feature", "properties": { "Id": 0, "CLN": "19067", "PSGC": "174001014", "Barangay": "Binunga", "Land_Class": null, "Land_area": 0, "PIN": "030-01-015-05-024" }, "geometry": { "type": "Polygon", "coordinates": [ [ [ 121.914880154279757, 13.39328709710399 ], [ 121.914938675410895, 13.393137696338471 ], [ 121.915020779182797, 13.39306067474096 ], [ 121.91509434854072, 13.393063658799901 ], [ 121.915122354050268, 13.39289569015973 ], [ 121.91453762356754, 13.392652894431897 ], [ 121.914343282926978, 13.392841492788587 ], [ 121.914443410677322, 13.392999339669956 ], [ 121.914826869044077, 13.393153224516174 ], [ 121.914880154279757, 13.39328709710399 ] ] ] } },
{ "type": "Feature", "properties": { "Id": 0, "CLN": "19066", "PSGC": "174001014", "Barangay": "Binunga", "Land_Class": null, "Land_area": 0, "PIN": "030-01-015-05-025" }, "geometry": { "type": "Polygon", "coordinates": [ [ [ 121.915122354050268, 13.39289569015973 ], [ 121.915293564698104, 13.392835420903376 ], [ 121.915369736685221, 13.392713683392277 ], [ 121.914727865771724, 13.392509240197253 ], [ 121.91453762356754, 13.392652894431897 ], [ 121.915122354050268, 13.39289569015973 ] ] ] } },
{ "type": "Feature", "properties": { "Id": 0, "CLN": "19065", "PSGC": "174001014", "Barangay": "Binunga", "Land_Class": null, "Land_area": 0, "PIN": "030-01-015-10-020" }, "geometry": { "type": "Polygon", "coordinates": [ [ [ 121.915369736685221, 13.392713683392277 ], [ 121.915425827916266, 13.39251181728552 ], [ 121.914894331794358, 13.39237423498877 ], [ 121.914727865771724, 13.392509240197253 ], [ 121.915369736685221, 13.392713683392277 ] ] ] } },
{ "type": "Feature", "properties": { "Id": 0, "CLN": "19064", "PSGC": "174001014", "Barangay": "Binunga", "Land_Class": null, "Land_area": 0, "PIN": "030-01-015-10-019" }, "geometry": { "type": "Polygon", "coordinates": [ [ [ 121.915137772896273, 13.392069169884108 ], [ 121.914894331794358, 13.39237423498877 ], [ 121.915425827916295, 13.392511817285518 ], [ 121.915446663528243, 13.392457276270845 ], [ 121.915458073067882, 13.392305745047638 ], [ 121.915225234373878, 13.392267225466886 ], [ 121.915177800674655, 13.392247511454711 ], [ 121.915154988142405, 13.39220689205168 ], [ 121.915137772896273, 13.392069169884108 ] ] ] } },
{ "type": "Feature", "properties": { "Id": 0, "CLN": "19088", "PSGC": "174001014", "Barangay": "Binunga", "Land_Class": null, "Land_area": 0, "PIN": "030-01-015-05-021" }, "geometry": { "type": "Polygon", "coordinates": [ [ [ 121.914874623788847, 13.394648419295347 ], [ 121.915308846819755, 13.39403370881319 ], [ 121.915568306808453, 13.393909423202732 ], [ 121.915869075299327, 13.39368926377878 ], [ 121.916088241357187, 13.393434068783211 ], [ 121.916729803131346, 13.392575031307492 ], [ 121.916788632409094, 13.39221776092073 ], [ 121.916908566221039, 13.392212938997544 ], [ 121.916947722217998, 13.3921087693418 ], [ 121.91702917900173, 13.391975001316272 ], [ 121.916953885220337, 13.391900639317198 ], [ 121.916707631047785, 13.391891134548883 ], [ 121.916676543457626, 13.392139132632593 ], [ 121.916293017746725, 13.392583056872661 ], [ 121.91621683074618, 13.392556049230716 ], [ 121.915888775875402, 13.392784096346313 ], [ 121.915746550075426, 13.392898213304687 ], [ 121.915406230669475, 13.392822046153032 ], [ 121.915376523713064, 13.392918742753348 ], [ 121.915177366566198, 13.39296591295953 ], [ 121.915138519918614, 13.393120494657543 ], [ 121.915032187947375, 13.393130710282634 ], [ 121.914952032167633, 13.393381165311261 ], [ 121.914820539124122, 13.393532680876881 ], [ 121.914796722592058, 13.393798769813161 ], [ 121.914757822412241, 13.393954217312119 ], [ 121.914428710971222, 13.394125140940249 ], [ 121.914715428136546, 13.394494765535898 ], [ 121.914874623788847, 13.394648419295347 ] ] ] } },
{ "type": "Feature", "properties": { "Id": 0, "CLN": "19061", "PSGC": "174001014", "Barangay": "Binunga", "Land_Class": null, "Land_area": 0, "PIN": "030-01-015-05-016" }, "geometry": { "type": "Polygon", "coordinates": [ [ [ 121.916729803131346, 13.392575031307491 ], [ 121.916810007065322, 13.392719451520216 ], [ 121.916907685736021, 13.392815921207244 ], [ 121.916970330286176, 13.392824194033523 ], [ 121.917127880684305, 13.392939596886333 ], [ 121.917533111994501, 13.392517108971516 ], [ 121.917663911108477, 13.392520337497777 ], [ 121.917709067934709, 13.392496235823804 ], [ 121.916947722217998, 13.3921087693418 ], [ 121.916908566221039, 13.392212938997542 ], [ 121.916788632409094, 13.392217760920731 ], [ 121.916729803131346, 13.392575031307491 ] ] ] } },
{ "type": "Feature", "properties": { "Id": 0, "CLN": "19062", "PSGC": "174001014", "Barangay": "Binunga", "Land_Class": null, "Land_area": 0, "PIN": "030-01-015-05-017" }, "geometry": { "type": "Polygon", "coordinates": [ [ [ 121.916088241357187, 13.393434068783211 ], [ 121.916825001410047, 13.393631998962798 ], [ 121.917323183796597, 13.393754198351404 ], [ 121.918087659042826, 13.393442640445734 ], [ 121.918089089764536, 13.393122476930799 ], [ 121.917836549026532, 13.392918621071079 ], [ 121.917799635982462, 13.392640982590388 ], [ 121.917658257893777, 13.39256567063919 ], [ 121.917663911108477, 13.392520337497777 ], [ 121.917533111994501, 13.392517108971511 ], [ 121.917127880684333, 13.392939596886333 ], [ 121.916970330286176, 13.392824194033519 ], [ 121.916907685736021, 13.392815921207243 ], [ 121.916810007065337, 13.392719451520215 ], [ 121.916729803131375, 13.392575031307484 ], [ 121.916088241357187, 13.393434068783211 ] ] ] } },
{ "type": "Feature", "properties": { "Id": 0, "CLN": "19089", "PSGC": "174001014", "Barangay": "Binunga", "Land_Class": null, "Land_area": 0, "PIN": "030-01-015-05-020" }, "geometry": { "type": "Polygon", "coordinates": [ [ [ 121.914874623788847, 13.394648419295347 ], [ 121.915247341144493, 13.394858464554076 ], [ 121.916137126821383, 13.394154354249476 ], [ 121.916825001410047, 13.393631998962798 ], [ 121.916088241357187, 13.393434068783211 ], [ 121.915869075299327, 13.39368926377878 ], [ 121.915568306808453, 13.393909423202732 ], [ 121.915308846819755, 13.39403370881319 ], [ 121.914874623788847, 13.394648419295347 ] ] ] } },
{ "type": "Feature", "properties": { "Id": 0, "CLN": "19090", "PSGC": "174001014", "Barangay": "Binunga", "Land_Class": null, "Land_area": 0, "PIN": "030-01-015-05-019" }, "geometry": { "type": "Polygon", "coordinates": [ [ [ 121.915247341144521, 13.394858464554076 ], [ 121.91575586411588, 13.39490333729222 ], [ 121.915671891262775, 13.394991912737474 ], [ 121.916455523126359, 13.395272755953002 ], [ 121.917323183796597, 13.393754198351404 ], [ 121.916825001410047, 13.393631998962798 ], [ 121.916137126821383, 13.394154354249476 ], [ 121.915247341144521, 13.394858464554076 ] ] ] } },
{ "type": "Feature", "properties": { "Id": 0, "CLN": "19091", "PSGC": "174001014", "Barangay": "Binunga", "Land_Class": null, "Land_area": 0, "PIN": "030-01-015-05-002" }, "geometry": { "type": "Polygon", "coordinates": [ [ [ 121.913893538410065, 13.396262835583274 ], [ 121.914485536888009, 13.396470785141249 ], [ 121.915401595516997, 13.395581804298688 ], [ 121.916202308096999, 13.395411002486979 ], [ 121.916455523126359, 13.395272755953002 ], [ 121.915671891262775, 13.394991912737474 ], [ 121.91575586411588, 13.39490333729222 ], [ 121.915247341144521, 13.394858464554076 ], [ 121.914874623788847, 13.394648419295347 ], [ 121.914808835028992, 13.394733515124155 ], [ 121.915064465975945, 13.395261113960046 ], [ 121.913893538410065, 13.396262835583274 ] ] ] } },
{ "type": "Feature", "properties": { "Id": 0, "CLN": "19092", "PSGC": "174001014", "Barangay": "Binunga", "Land_Class": null, "Land_area": 0, "PIN": "030-01-015-05-003" }, "geometry": { "type": "Polygon", "coordinates": [ [ [ 121.914485536888009, 13.396470785141249 ], [ 121.91513525097858, 13.396633661603261 ], [ 121.916342660071066, 13.395715765673044 ], [ 121.916202308096999, 13.395411002486979 ], [ 121.915401595516997, 13.395581804298688 ], [ 121.914485536888009, 13.396470785141249 ] ] ] } },
{ "type": "Feature", "properties": { "Id": 0, "CLN": "19093", "PSGC": "174001014", "Barangay": "Binunga", "Land_Class": null, "Land_area": 0, "PIN": "030-01-015-05-004" }, "geometry": { "type": "Polygon", "coordinates": [ [ [ 121.91513525097858, 13.396633661603261 ], [ 121.915892638702829, 13.397095823421415 ], [ 121.916756601871569, 13.395784243406377 ], [ 121.916342660071066, 13.395715765673044 ], [ 121.91513525097858, 13.396633661603261 ] ] ] } },
{ "type": "Feature", "properties": { "Id": 0, "CLN": "19094", "PSGC": "174001014", "Barangay": "Binunga", "Land_Class": null, "Land_area": 0, "PIN": "030-01-015-05-005" }, "geometry": { "type": "Polygon", "coordinates": [ [ [ 121.915892638702829, 13.397095823421415 ], [ 121.916556524252215, 13.397340578311542 ], [ 121.917182173060496, 13.395690017510319 ], [ 121.916756601871569, 13.395784243406377 ], [ 121.915892638702829, 13.397095823421415 ] ] ] } },
{ "type": "Feature", "properties": { "Id": 0, "CLN": "19097", "PSGC": "174001014", "Barangay": "Binunga", "Land_Class": null, "Land_area": 0, "PIN": "030-01-015-05-007" }, "geometry": { "type": "Polygon", "coordinates": [ [ [ 121.919127765587106, 13.39617264608578 ], [ 121.918629203742157, 13.395876881841101 ], [ 121.918219388780926, 13.39643701130356 ], [ 121.918082945493026, 13.39647554988942 ], [ 121.917832029347977, 13.39651716410248 ], [ 121.917736137484795, 13.396833365271336 ], [ 121.917694416927958, 13.397224504769286 ], [ 121.917257862418566, 13.397336471439976 ], [ 121.917082441491885, 13.397559837863557 ], [ 121.918076378020572, 13.397944744228109 ], [ 121.91893315528921, 13.39829247424073 ], [ 121.919101874300523, 13.396995424373969 ], [ 121.919127765587106, 13.39617264608578 ] ] ] } },
{ "type": "Feature", "properties": { "Id": 0, "CLN": "19098", "PSGC": "174001014", "Barangay": "Binunga", "Land_Class": null, "Land_area": 0, "PIN": "030-01-015-05-008" }, "geometry": { "type": "Polygon", "coordinates": [ [ [ 121.91893315528921, 13.39829247424073 ], [ 121.919485325686452, 13.398193335855501 ], [ 121.919872845362818, 13.396821094994237 ], [ 121.919755133018654, 13.396646588492066 ], [ 121.919869160368677, 13.395987314747099 ], [ 121.919127765587106, 13.396172646085791 ], [ 121.919101874300523, 13.396995424373975 ], [ 121.91893315528921, 13.39829247424073 ] ] ] } },
{ "type": "Feature", "properties": { "Id": 0, "CLN": "19099", "PSGC": "174001014", "Barangay": "Binunga", "Land_Class": null, "Land_area": 0, "PIN": "030-01-015-05-009" }, "geometry": { "type": "Polygon", "coordinates": [ [ [ 121.919869160368677, 13.395987314747099 ], [ 121.919755133018654, 13.396646588492066 ], [ 121.919872845362818, 13.396821094994239 ], [ 121.919485325686452, 13.398193335855501 ], [ 121.920188048893991, 13.398377594964836 ], [ 121.920447811047993, 13.398251828434594 ], [ 121.920887634791129, 13.397604821989987 ], [ 121.92162577827024, 13.396487830203897 ], [ 121.920536806796989, 13.396562929337875 ], [ 121.919869160368677, 13.395987314747099 ] ] ] } },
{ "type": "Feature", "properties": { "Id": 0, "CLN": "19096", "PSGC": "174001014", "Barangay": "Binunga", "Land_Class": null, "Land_area": 0, "PIN": "030-01-015-05-006" }, "geometry": { "type": "Polygon", "coordinates": [ [ [ 121.918081570391337, 13.395680531561736 ], [ 121.917221723090833, 13.395378021804662 ], [ 121.917182173060496, 13.395690017510319 ], [ 121.916556524252215, 13.397340578311548 ], [ 121.916933682045197, 13.397509395757787 ], [ 121.917167831302919, 13.397154656049763 ], [ 121.917608432836857, 13.396950213445423 ], [ 121.917726954257461, 13.396449122483796 ], [ 121.918076266427718, 13.39634389600999 ], [ 121.918183884096834, 13.396314714794604 ], [ 121.918519283338256, 13.395834924354149 ], [ 121.918081570391337, 13.395680531561736 ] ] ] } },
{ "type": "Feature", "properties": { "Id": 0, "CLN": "19095", "PSGC": "174001014", "Barangay": "Binunga", "Land_Class": null, "Land_area": 0, "PIN": "030-01-015-05-006" }, "geometry": { "type": "Polygon", "coordinates": [ [ [ 121.918519283338256, 13.395834924354158 ], [ 121.918488169237136, 13.395339970192252 ], [ 121.918176620744489, 13.394832939835744 ], [ 121.918178151595413, 13.39449037806688 ], [ 121.918090520122419, 13.394287832132873 ], [ 121.917880669644177, 13.393678610928722 ], [ 121.918087659042826, 13.393442640445725 ], [ 121.917323183796597, 13.393754198351404 ], [ 121.916455523126345, 13.395272755952995 ], [ 121.91620230809697, 13.395411002486988 ], [ 121.916342660071066, 13.395715765673041 ], [ 121.916756601871569, 13.395784243406379 ], [ 121.917182173060496, 13.395690017510329 ], [ 121.917221723090833, 13.395378021804662 ], [ 121.918081570391337, 13.395680531561728 ], [ 121.918519283338256, 13.395834924354158 ] ] ] } },
{ "type": "Feature", "properties": { "Id": 0, "CLN": "19100", "PSGC": "174001014", "Barangay": "Binunga", "Land_Class": null, "Land_area": 0, "PIN": "030-01-015-05-014" }, "geometry": { "type": "Polygon", "coordinates": [ [ [ 121.920384173868072, 13.393961167703688 ], [ 121.919328813469335, 13.392730477054734 ], [ 121.918486351411545, 13.392955250536174 ], [ 121.918280291829319, 13.393079432875034 ], [ 121.918443129109889, 13.393305790263188 ], [ 121.918091805937777, 13.393609436554515 ], [ 121.917989189011365, 13.393703046836654 ], [ 121.918090285741243, 13.393949610276183 ], [ 121.918293438728753, 13.394487825764987 ], [ 121.918242188247234, 13.394770361088248 ], [ 121.91855659889994, 13.395258372050659 ], [ 121.918629203742157, 13.395876881841101 ], [ 121.919127765587106, 13.39617264608578 ], [ 121.919869160368677, 13.39598731474709 ], [ 121.919841324719343, 13.395500405101334 ], [ 121.920029947619867, 13.394927545434525 ], [ 121.92003044490896, 13.394816076855847 ], [ 121.91956450539908, 13.394678144279062 ], [ 121.919658599163597, 13.394129349669665 ], [ 121.920384173868072, 13.393961167703688 ] ] ] } },
{ "type": "Feature", "properties": { "Id": 0, "CLN": "19101", "PSGC": "174001014", "Barangay": "Binunga", "Land_Class": null, "Land_area": 0, "PIN": "030-01-015-05-010" }, "geometry": { "type": "Polygon", "coordinates": [ [ [ 121.92162577827024, 13.396487830203897 ], [ 121.921371703400453, 13.395770669031439 ], [ 121.919841324719428, 13.395500405101336 ], [ 121.919869160368677, 13.395987314747099 ], [ 121.920536806796989, 13.396562929337875 ], [ 121.92162577827024, 13.396487830203897 ] ] ] } },
{ "type": "Feature", "properties": { "Id": 0, "CLN": "19102", "PSGC": "174001014", "Barangay": "Binunga", "Land_Class": null, "Land_area": 0, "PIN": "030-01-015-05-011" }, "geometry": { "type": "Polygon", "coordinates": [ [ [ 121.921371703400482, 13.395770669031441 ], [ 121.921572743121487, 13.395215080066324 ], [ 121.920029947619867, 13.394927545434525 ], [ 121.919841324719428, 13.395500405101336 ], [ 121.921371703400482, 13.395770669031441 ] ] ] } },
{ "type": "Feature", "properties": { "Id": 0, "CLN": "19103", "PSGC": "174001014", "Barangay": "Binunga", "Land_Class": null, "Land_area": 0, "PIN": "030-01-015-05-012" }, "geometry": { "type": "Polygon", "coordinates": [ [ [ 121.921572743121516, 13.395215080066322 ], [ 121.921872032500588, 13.394735130360225 ], [ 121.920675225530104, 13.393460340098345 ], [ 121.920384173868086, 13.393961167703704 ], [ 121.92003044490896, 13.394816076855847 ], [ 121.920029947619867, 13.394927545434525 ], [ 121.921572743121516, 13.395215080066322 ] ] ] } },
{ "type": "Feature", "properties": { "Id": 0, "CLN": "19104", "PSGC": "174001014", "Barangay": "Binunga", "Land_Class": null, "Land_area": 0, "PIN": "030-01-015-05-013" }, "geometry": { "type": "Polygon", "coordinates": [ [ [ 121.91956450539908, 13.394678144279062 ], [ 121.92003044490896, 13.394816076855843 ], [ 121.920384173868086, 13.393961167703704 ], [ 121.919658599163625, 13.39412934966966 ], [ 121.91956450539908, 13.394678144279062 ] ] ] } },
{ "type": "Feature", "properties": { "Id": 0, "CLN": "19111", "PSGC": "174001014", "Barangay": "Binunga", "Land_Class": null, "Land_area": 0, "PIN": "030-01-015-09-016" }, "geometry": { "type": "Polygon", "coordinates": [ [ [ 121.921872032500602, 13.394735130360223 ], [ 121.92228743658913, 13.394372584037262 ], [ 121.921936767416028, 13.393294442996975 ], [ 121.921550496086681, 13.392104678841909 ], [ 121.921349726244131, 13.392288700024618 ], [ 121.921217679396079, 13.392630704858833 ], [ 121.920926662253137, 13.393124283290092 ], [ 121.920675225530132, 13.393460340098345 ], [ 121.921872032500602, 13.394735130360223 ] ] ] } },
{ "type": "Feature", "properties": { "Id": 0, "CLN": "19110", "PSGC": "174001014", "Barangay": "Binunga", "Land_Class": null, "Land_area": 0, "PIN": "030-01-015-09-014" }, "geometry": { "type": "Polygon", "coordinates": [ [ [ 121.921550496086681, 13.392104678841909 ], [ 121.92215201537087, 13.390824710818553 ], [ 121.922181411001148, 13.390875587163951 ], [ 121.923545242195317, 13.390602271525813 ], [ 121.923494887108319, 13.390268550671795 ], [ 121.923177080327974, 13.388392476776989 ], [ 121.922193921395547, 13.389024994801565 ], [ 121.922358748480605, 13.38924844789063 ], [ 121.922286529509009, 13.390203794206924 ], [ 121.921531544436235, 13.390228180444291 ], [ 121.921428790877187, 13.390259739051391 ], [ 121.920916173445903, 13.390627306897516 ], [ 121.920864045078901, 13.390692335428447 ], [ 121.921155975888539, 13.390824084561521 ], [ 121.921458627610747, 13.391042880734796 ], [ 121.920616452286922, 13.391412665745589 ], [ 121.920597502503938, 13.391510461540033 ], [ 121.920497271081175, 13.391568034309952 ], [ 121.920374807251832, 13.391629137091384 ], [ 121.920326397375433, 13.391690556306902 ], [ 121.92034085258274, 13.39177036950931 ], [ 121.920247622274928, 13.391918598703484 ], [ 121.919942706979981, 13.392207300415615 ], [ 121.919612082253479, 13.392448765918937 ], [ 121.919328813469335, 13.392730477054725 ], [ 121.920384173868086, 13.393961167703704 ], [ 121.920675225530147, 13.393460340098347 ], [ 121.920926662253152, 13.393124283290094 ], [ 121.921217679396079, 13.392630704858833 ], [ 121.921349726244102, 13.39228870002462 ], [ 121.921550496086681, 13.392104678841909 ] ] ] } },
{ "type": "Feature", "properties": { "Id": 0, "CLN": "19105", "PSGC": "174001014", "Barangay": "Binunga", "Land_Class": null, "Land_area": 0, "PIN": "030-01-015-05-015" }, "geometry": { "type": "Polygon", "coordinates": [ [ [ 121.919612082253479, 13.392448765918937 ], [ 121.919942706979981, 13.392207300415615 ], [ 121.919772220689566, 13.392242822099293 ], [ 121.919195035131949, 13.392142476626237 ], [ 121.919147126497464, 13.392091520764223 ], [ 121.918358887601585, 13.391990270343717 ], [ 121.91838802343274, 13.392099146968274 ], [ 121.91809265841519, 13.392189715661555 ], [ 121.917781505576045, 13.392295106098837 ], [ 121.917780706585134, 13.392473864055727 ], [ 121.917878397505476, 13.392567665361765 ], [ 121.917931590496167, 13.392861382056788 ], [ 121.91808916526773, 13.392971448287607 ], [ 121.918280291829319, 13.393079432875041 ], [ 121.918486351411545, 13.392955250536167 ], [ 121.919328813469335, 13.392730477054725 ], [ 121.919612082253479, 13.392448765918937 ] ] ] } },
{ "type": "Feature", "properties": { "Id": 0, "CLN": "19109", "PSGC": "174001014", "Barangay": "Binunga", "Land_Class": null, "Land_area": 0, "PIN": "030-01-015-09-003" }, "geometry": { "type": "Polygon", "coordinates": [ [ [ 121.919165239896643, 13.392110786269114 ], [ 121.919195035131949, 13.392142476626237 ], [ 121.919772220689566, 13.392242822099293 ], [ 121.919942706979981, 13.392207300415615 ], [ 121.920247622274943, 13.391918598703484 ], [ 121.920340852582768, 13.391770369509308 ], [ 121.920326397375433, 13.391690556306902 ], [ 121.920374807251832, 13.391629137091384 ], [ 121.920497271081203, 13.391568034309946 ], [ 121.920597502503938, 13.391510461540031 ], [ 121.920616452286978, 13.391412665745589 ], [ 121.921458627610747, 13.391042880734796 ], [ 121.921155975888539, 13.390824084561521 ], [ 121.920864045078901, 13.390692335428447 ], [ 121.919818691227732, 13.390956122999173 ], [ 121.919641559582061, 13.391651377919851 ], [ 121.919165239896643, 13.392110786269114 ] ] ] } },
{ "type": "Feature", "properties": { "Id": 0, "CLN": "19060", "PSGC": "174001014", "Barangay": "Binunga", "Land_Class": null, "Land_area": 0, "PIN": "030-01-015-10-023" }, "geometry": { "type": "Polygon", "coordinates": [ [ [ 121.917807139486186, 13.391285347468008 ], [ 121.917708992143062, 13.391059633083627 ], [ 121.917120051024199, 13.391765279567029 ], [ 121.91702917900173, 13.391975001316272 ], [ 121.916947722217998, 13.3921087693418 ], [ 121.917709067934666, 13.392496235823803 ], [ 121.917693754135001, 13.392264047234026 ], [ 121.918086866422172, 13.392113650559258 ], [ 121.918311457833553, 13.392032616943295 ], [ 121.918308911573135, 13.391980948899784 ], [ 121.918089071877205, 13.391620065085553 ], [ 121.918016122788075, 13.39147834439045 ], [ 121.917807139486186, 13.391285347468008 ] ] ] } },
{ "type": "Feature", "properties": { "Id": 0, "CLN": "19108", "PSGC": "174001014", "Barangay": "Binunga", "Land_Class": null, "Land_area": 0, "PIN": "030-01-015-09-002" }, "geometry": { "type": "Polygon", "coordinates": [ [ [ 121.918358887601585, 13.391990270343713 ], [ 121.919147126497464, 13.39209152076422 ], [ 121.919165239896643, 13.392110786269114 ], [ 121.919641559582061, 13.391651377919851 ], [ 121.919818691227732, 13.390956122999173 ], [ 121.91962404766592, 13.391005090547672 ], [ 121.919376723309611, 13.391042095960335 ], [ 121.919102041340906, 13.390986544956974 ], [ 121.918960231454392, 13.391026720164987 ], [ 121.918843778840369, 13.390985439880058 ], [ 121.918598624385893, 13.391158393674917 ], [ 121.918547970244319, 13.391307710696873 ], [ 121.918378232025333, 13.391383110365148 ], [ 121.918219261698695, 13.39153468233364 ], [ 121.918358887601585, 13.391990270343713 ] ] ] } },
{ "type": "Feature", "properties": { "Id": 0, "CLN": "19107", "PSGC": "174001014", "Barangay": "Binunga", "Land_Class": null, "Land_area": 0, "PIN": "030-01-015-05-015" }, "geometry": { "type": "Polygon", "coordinates": [ [ [ 121.918598624385893, 13.391158393674923 ], [ 121.918843778840369, 13.390985439880058 ], [ 121.91896023145442, 13.39102672016498 ], [ 121.919102041340906, 13.390986544956974 ], [ 121.918909300946254, 13.390615963790699 ], [ 121.918690208380212, 13.390549775051724 ], [ 121.918091186437479, 13.390536833334714 ], [ 121.917940930416009, 13.390618900360835 ], [ 121.917824468523435, 13.391066639090917 ], [ 121.917932499440425, 13.391285884428095 ], [ 121.918087300342009, 13.391406611041772 ], [ 121.918219261698709, 13.391534682333637 ], [ 121.918378232025333, 13.391383110365151 ], [ 121.918547970244319, 13.391307710696866 ], [ 121.918598624385893, 13.391158393674923 ] ] ] } },
{ "type": "Feature", "properties": { "Id": 0, "CLN": "19113", "PSGC": "174001014", "Barangay": "Binunga", "Land_Class": null, "Land_area": 0, "PIN": "030-01-015-09-017" }, "geometry": { "type": "Polygon", "coordinates": [ [ [ 121.918726496506366, 13.390044800881103 ], [ 121.918191838303926, 13.389791918701501 ], [ 121.918114628222568, 13.390080407721793 ], [ 121.918225006549577, 13.390248715928527 ], [ 121.918277016729093, 13.390417504038506 ], [ 121.918091186437479, 13.390536833334714 ], [ 121.918690208380212, 13.390549775051724 ], [ 121.91871931383703, 13.39025083188753 ], [ 121.918726496506366, 13.390044800881103 ] ] ] } },
{ "type": "Feature", "properties": { "Id": 0, "CLN": "19114", "PSGC": "174001014", "Barangay": "Binunga", "Land_Class": null, "Land_area": 0, "PIN": "030-01-015-09-005" }, "geometry": { "type": "Polygon", "coordinates": [ [ [ 121.918909300946254, 13.390615963790699 ], [ 121.919227130104247, 13.390337287404138 ], [ 121.919371534572321, 13.390337905080726 ], [ 121.919216398217657, 13.390252958759113 ], [ 121.918726496506366, 13.390044800881103 ], [ 121.918719313837059, 13.390250831887528 ], [ 121.918690208380212, 13.390549775051724 ], [ 121.918909300946254, 13.390615963790699 ] ] ] } },
{ "type": "Feature", "properties": { "Id": 0, "CLN": "19115", "PSGC": "174001014", "Barangay": "Binunga", "Land_Class": null, "Land_area": 0, "PIN": "030-01-015-09-004" }, "geometry": { "type": "Polygon", "coordinates": [ [ [ 121.919371534572321, 13.390337905080733 ], [ 121.919227130104247, 13.390337287404146 ], [ 121.918909300946254, 13.390615963790687 ], [ 121.919102041340906, 13.390986544956974 ], [ 121.919376723309611, 13.391042095960335 ], [ 121.91962404766592, 13.391005090547672 ], [ 121.919818691227732, 13.390956122999173 ], [ 121.920864045078901, 13.390692335428447 ], [ 121.92091617344596, 13.390627306897487 ], [ 121.920762222741303, 13.390477070554869 ], [ 121.919371534572321, 13.390337905080733 ] ] ] } },
{ "type": "Feature", "properties": { "Id": 0, "CLN": "19116", "PSGC": "174001014", "Barangay": "Binunga", "Land_Class": null, "Land_area": 0, "PIN": "030-01-015-09-006" }, "geometry": { "type": "Polygon", "coordinates": [ [ [ 121.919524344211567, 13.389683809443181 ], [ 121.919841061308333, 13.388995519889789 ], [ 121.919794674239427, 13.389020491066933 ], [ 121.919697027873184, 13.389010005812709 ], [ 121.9193876756554, 13.389199971028857 ], [ 121.919140651847769, 13.389249253405492 ], [ 121.918909704553883, 13.38915262137688 ], [ 121.91870460052948, 13.389025896378119 ], [ 121.918524350766617, 13.389090565580569 ], [ 121.918477847786349, 13.388916579213582 ], [ 121.918395486856781, 13.388874461087132 ], [ 121.918275673918131, 13.388934354918122 ], [ 121.918228286167903, 13.389183329778428 ], [ 121.918142993645446, 13.389284900942419 ], [ 121.918164815615555, 13.389579477138406 ], [ 121.918191838303926, 13.389791918701501 ], [ 121.918726496506366, 13.390044800881103 ], [ 121.919216398217657, 13.390252958759113 ], [ 121.919371534572321, 13.390337905080726 ], [ 121.920762222741303, 13.39047707055488 ], [ 121.920774312219436, 13.390256899460741 ], [ 121.920776845627501, 13.390152280969938 ], [ 121.919812030190656, 13.389740412370321 ], [ 121.919524344211567, 13.389683809443181 ] ] ] } },
{ "type": "Feature", "properties": { "Id": 0, "CLN": "19122", "PSGC": "174001014", "Barangay": "Binunga", "Land_Class": null, "Land_area": 0, "PIN": "030-01-015-09-007" }, "geometry": { "type": "Polygon", "coordinates": [ [ [ 121.921531544436235, 13.390228180444268 ], [ 121.921559881766399, 13.389818353316647 ], [ 121.920776845627501, 13.390152280969938 ], [ 121.920774312219436, 13.390256899460741 ], [ 121.920762222741303, 13.39047707055488 ], [ 121.92091617344596, 13.390627306897496 ], [ 121.921428790877187, 13.390259739051386 ], [ 121.921531544436235, 13.390228180444268 ] ] ] } },
{ "type": "Feature", "properties": { "Id": 0, "CLN": "19112", "PSGC": "174001014", "Barangay": "Binunga", "Land_Class": null, "Land_area": 0, "PIN": "030-01-015-09-015" }, "geometry": { "type": "Polygon", "coordinates": [ [ [ 121.92228743658913, 13.394372584037264 ], [ 121.923037082261487, 13.394208931825544 ], [ 121.923352211313201, 13.394398778759193 ], [ 121.923577406230535, 13.393718225856881 ], [ 121.924139172639016, 13.392845769337189 ], [ 121.924295740182302, 13.39205375439508 ], [ 121.924139883930351, 13.391574581607259 ], [ 121.924077615105148, 13.391144141581615 ], [ 121.924059155937243, 13.390854057452236 ], [ 121.923545242195317, 13.390602271525811 ], [ 121.922181411001148, 13.390875587163951 ], [ 121.92215201537087, 13.390824710818551 ], [ 121.921550496086681, 13.392104678841903 ], [ 121.921936767416028, 13.393294442996972 ], [ 121.92228743658913, 13.394372584037264 ] ] ] } },
{ "type": "Feature", "properties": { "Id": 0, "CLN": "19132", "PSGC": "174001014", "Barangay": "Binunga", "Land_Class": null, "Land_area": 0, "PIN": "030-01-015-08-009" }, "geometry": { "type": "Polygon", "coordinates": [ [ [ 121.925779971572894, 13.390237867857842 ], [ 121.925721690631448, 13.390268894860736 ], [ 121.924077615105162, 13.391144141581613 ], [ 121.92641309160544, 13.392198097471413 ], [ 121.926779305757705, 13.392343220276926 ], [ 121.927107143082836, 13.392075312417447 ], [ 121.927229066373499, 13.391719007112489 ], [ 121.927426334648317, 13.391430346721107 ], [ 121.925811888573264, 13.390215804605424 ], [ 121.925779971572894, 13.390237867857842 ] ] ] } },
{ "type": "Feature", "properties": { "Id": 0, "CLN": "19133", "PSGC": "174001014", "Barangay": "Binunga", "Land_Class": null, "Land_area": 0, "PIN": "030-01-015-08-010" }, "geometry": { "type": "Polygon", "coordinates": [ [ [ 121.925811888573264, 13.390215804605424 ], [ 121.927426334648317, 13.391430346721107 ], [ 121.92822281267209, 13.390932154709978 ], [ 121.927565364627455, 13.390243375286822 ], [ 121.927079046381266, 13.389730602342919 ], [ 121.926947325092954, 13.389611357251436 ], [ 121.926807730942571, 13.389610764368355 ], [ 121.926413818234835, 13.389799707346185 ], [ 121.925811888573264, 13.390215804605424 ] ] ] } },
{ "type": "Feature", "properties": { "Id": 0, "CLN": "19124", "PSGC": "174001014", "Barangay": "Binunga", "Land_Class": null, "Land_area": 0, "PIN": "030-01-015-08-008" }, "geometry": { "type": "Polygon", "coordinates": [ [ [ 121.923774646305034, 13.394534828783312 ], [ 121.924515966414049, 13.394209420319079 ], [ 121.92516709955747, 13.394439948015899 ], [ 121.925272158270516, 13.393969948053481 ], [ 121.926424819161355, 13.392907009345153 ], [ 121.926608990653236, 13.392756545988108 ], [ 121.926779305757705, 13.392343220276926 ], [ 121.92641309160544, 13.392198097471413 ], [ 121.92407761510519, 13.391144141581615 ], [ 121.924139883930351, 13.391574581607259 ], [ 121.924295740182302, 13.39205375439508 ], [ 121.924139172639016, 13.392845769337189 ], [ 121.923577406230535, 13.393718225856885 ], [ 121.923352211313201, 13.394398778759193 ], [ 121.923774646305034, 13.394534828783312 ] ] ] } },
{ "type": "Feature", "properties": { "Id": 0, "CLN": "19125", "PSGC": "174001014", "Barangay": "Binunga", "Land_Class": null, "Land_area": 0, "PIN": "030-01-015-08-007" }, "geometry": { "type": "Polygon", "coordinates": [ [ [ 121.923774646305063, 13.394534828783314 ], [ 121.92516709955747, 13.394439948015895 ], [ 121.924515966414077, 13.394209420319079 ], [ 121.923774646305063, 13.394534828783314 ] ] ] } },
{ "type": "Feature", "properties": { "Id": 0, "CLN": "19126", "PSGC": "174001014", "Barangay": "Binunga", "Land_Class": null, "Land_area": 0, "PIN": "030-01-015-08-006" }, "geometry": { "type": "Polygon", "coordinates": [ [ [ 121.923774646305063, 13.394534828783314 ], [ 121.924048934975445, 13.394603204046637 ], [ 121.924376350418228, 13.394731544557251 ], [ 121.925276238616789, 13.394768978573765 ], [ 121.92516709955747, 13.394439948015895 ], [ 121.923774646305063, 13.394534828783314 ] ] ] } },
{ "type": "Feature", "properties": { "Id": 0, "CLN": "19127", "PSGC": "174001014", "Barangay": "Binunga", "Land_Class": null, "Land_area": 0, "PIN": "030-01-015-08-005" }, "geometry": { "type": "Polygon", "coordinates": [ [ [ 121.924376350418228, 13.394731544557251 ], [ 121.924593444406895, 13.394971659486574 ], [ 121.92616306443567, 13.395131653103007 ], [ 121.925749810423312, 13.394955578326499 ], [ 121.925276238616789, 13.394768978573765 ], [ 121.924376350418228, 13.394731544557251 ] ] ] } },
{ "type": "Feature", "properties": { "Id": 0, "CLN": "19128", "PSGC": "174001014", "Barangay": "Binunga", "Land_Class": null, "Land_area": 0, "PIN": "030-01-015-08-004" }, "geometry": { "type": "Polygon", "coordinates": [ [ [ 121.926163064435684, 13.395131653103007 ], [ 121.924593444406895, 13.394971659486574 ], [ 121.925060132322102, 13.39567511610935 ], [ 121.926414971004689, 13.395409951764222 ], [ 121.926595301026907, 13.395384535042789 ], [ 121.926415548492429, 13.395279741175962 ], [ 121.926278682786048, 13.395182549691912 ], [ 121.926163064435684, 13.395131653103007 ] ] ] } },
{ "type": "Feature", "properties": { "Id": 0, "CLN": "19129", "PSGC": "174001014", "Barangay": "Binunga", "Land_Class": null, "Land_area": 0, "PIN": "030-01-015-08-003" }, "geometry": { "type": "Polygon", "coordinates": [ [ [ 121.926724184186781, 13.395785666998504 ], [ 121.926595301026907, 13.395384535042789 ], [ 121.926414971004689, 13.395409951764222 ], [ 121.925060132322102, 13.39567511610935 ], [ 121.925241003101505, 13.396007718972644 ], [ 121.926417370609357, 13.39583630466082 ], [ 121.926724184186781, 13.395785666998504 ] ] ] } },
{ "type": "Feature", "properties": { "Id": 0, "CLN": "19130", "PSGC": "174001014", "Barangay": "Binunga", "Land_Class": null, "Land_area": 0, "PIN": "030-01-015-08-002" }, "geometry": { "type": "Polygon", "coordinates": [ [ [ 121.926856267355305, 13.39624067256881 ], [ 121.926724184186781, 13.395785666998504 ], [ 121.926417370609357, 13.39583630466082 ], [ 121.925241003101505, 13.396007718972644 ], [ 121.925436918939027, 13.396334085119831 ], [ 121.926419677013797, 13.39628365925028 ], [ 121.926856267355305, 13.39624067256881 ] ] ] } },
{ "type": "Feature", "properties": { "Id": 0, "CLN": "19131 pt.", "PSGC": "174001014", "Barangay": "Binunga", "Land_Class": null, "Land_area": 0, "PIN": "030-01-015-08-018" }, "geometry": { "type": "Polygon", "coordinates": [ [ [ 121.926927065083703, 13.396773415947148 ], [ 121.926974522662888, 13.396712450607197 ], [ 121.926856267355305, 13.39624067256881 ], [ 121.926419677013797, 13.39628365925028 ], [ 121.925436918939056, 13.396334085119829 ], [ 121.925651258307937, 13.396789341039783 ], [ 121.926927065083703, 13.396773415947148 ] ] ] } },
{ "type": "Feature", "properties": { "Id": 0, "CLN": "19178", "PSGC": "174001014", "Barangay": "Binunga", "Land_Class": null, "Land_area": 0, "PIN": "030-01-015-02-014" }, "geometry": { "type": "Polygon", "coordinates": [ [ [ 121.922572964328467, 13.398584187059949 ], [ 121.922535063988533, 13.398102377755823 ], [ 121.921912227792347, 13.398581366914527 ], [ 121.921483858100942, 13.398908163032884 ], [ 121.921060307033542, 13.400011441981949 ], [ 121.922676191337843, 13.399915680088672 ], [ 121.922572964328467, 13.398584187059949 ] ] ] } },
{ "type": "Feature", "properties": { "Id": 0, "CLN": "19177", "PSGC": "174001014", "Barangay": "Binunga", "Land_Class": null, "Land_area": 0, "PIN": "030-01-015-06-019" }, "geometry": { "type": "Polygon", "coordinates": [ [ [ 121.923471108608069, 13.398588017733266 ], [ 121.922535063988533, 13.398102377755823 ], [ 121.922572964328467, 13.398584187059949 ], [ 121.922676191337843, 13.399915680088672 ], [ 121.92329776204987, 13.399669503466267 ], [ 121.923766345215839, 13.399364125393479 ], [ 121.923522802550508, 13.398617590761837 ], [ 121.923471108608069, 13.398588017733266 ] ] ] } },
{ "type": "Feature", "properties": { "Id": 0, "CLN": "19176", "PSGC": "174001014", "Barangay": "Binunga", "Land_Class": null, "Land_area": 0, "PIN": "030-01-015-06-020" }, "geometry": { "type": "Polygon", "coordinates": [ [ [ 121.922535063988533, 13.398102377755823 ], [ 121.923471108608069, 13.398588017733266 ], [ 121.923522802550508, 13.398617590761837 ], [ 121.924105918631383, 13.397988663570649 ], [ 121.923339679985489, 13.397268526716301 ], [ 121.923041696189742, 13.397382067469982 ], [ 121.922762737289375, 13.39771971116831 ], [ 121.922535063988533, 13.398102377755823 ] ] ] } },
{ "type": "Feature", "properties": { "Id": 0, "CLN": "19173", "PSGC": "174001014", "Barangay": "Binunga", "Land_Class": null, "Land_area": 0, "PIN": "030-01-015-06-018" }, "geometry": { "type": "Polygon", "coordinates": [ [ [ 121.926420449774014, 13.399561028973812 ], [ 121.926620357087842, 13.398625723155302 ], [ 121.926414715280487, 13.398527742838244 ], [ 121.925549849092263, 13.398115223500122 ], [ 121.924661855810612, 13.397114544404669 ], [ 121.924105918631383, 13.397988663570649 ], [ 121.923522802550508, 13.398617590761837 ], [ 121.923766345215853, 13.399364125393481 ], [ 121.924284589081239, 13.400195964053857 ], [ 121.926034965872972, 13.401075127443439 ], [ 121.926420449774014, 13.399561028973812 ] ] ] } },
{ "type": "Feature", "properties": { "Id": 0, "CLN": "19174", "PSGC": "174001014", "Barangay": "Binunga", "Land_Class": null, "Land_area": 0, "PIN": "030-01-015-06-021" }, "geometry": { "type": "Polygon", "coordinates": [ [ [ 121.923339679985489, 13.397268526716301 ], [ 121.924105918631383, 13.397988663570649 ], [ 121.924661855810612, 13.397114544404669 ], [ 121.924092697688963, 13.39651815005662 ], [ 121.923257726391213, 13.395603567799942 ], [ 121.922853703695083, 13.395549573165647 ], [ 121.923439982772351, 13.396642314411604 ], [ 121.923293598852453, 13.396970256259911 ], [ 121.923339679985489, 13.397268526716301 ] ] ] } },
{ "type": "Feature", "properties": { "Id": 0, "CLN": "19175pt.", "PSGC": "174001014", "Barangay": "Binunga", "Land_Class": null, "Land_area": 0, "PIN": "030-01-015-06-023" }, "geometry": { "type": "Polygon", "coordinates": [ [ [ 121.923051597764385, 13.397378294680975 ], [ 121.922573080195491, 13.395469117751995 ], [ 121.92227733212448, 13.395659125439153 ], [ 121.922338475308919, 13.396488268326424 ], [ 121.922541492205383, 13.397146266222366 ], [ 121.922762737289375, 13.39771971116831 ], [ 121.923041696189742, 13.397382067469982 ], [ 121.923051597764385, 13.397378294680975 ] ] ] } },
{ "type": "Feature", "properties": { "Id": 0, "CLN": "19148", "PSGC": "174001014", "Barangay": "Binunga", "Land_Class": null, "Land_area": 0, "PIN": "030-01-015-06-017" }, "geometry": { "type": "Polygon", "coordinates": [ [ [ 121.926620357087842, 13.398625723155302 ], [ 121.926811561374194, 13.398569347055322 ], [ 121.928180354616487, 13.398171144910396 ], [ 121.927738716110213, 13.397220554092492 ], [ 121.927520811662504, 13.397335061880083 ], [ 121.926872259171915, 13.398176411105805 ], [ 121.926738268386558, 13.398478853457966 ], [ 121.926620357087842, 13.398625723155302 ] ] ] } },
{ "type": "Feature", "properties": { "Id": 0, "CLN": "19147", "PSGC": "174001014", "Barangay": "Binunga", "Land_Class": null, "Land_area": 0, "PIN": "030-01-015-06-016" }, "geometry": { "type": "Polygon", "coordinates": [ [ [ 121.928180354616487, 13.398171144910396 ], [ 121.928487020432129, 13.398172209136225 ], [ 121.928994483429904, 13.397460715740397 ], [ 121.928693808462725, 13.397028559649382 ], [ 121.928593245956222, 13.396960807914443 ], [ 121.92844632121502, 13.3970095562818 ], [ 121.928405477392332, 13.39691512782132 ], [ 121.927738716110213, 13.397220554092492 ], [ 121.928180354616487, 13.398171144910396 ] ] ] } },
{ "type": "Feature", "properties": { "Id": 0, "CLN": "19145 pt.", "PSGC": "174001014", "Barangay": "Binunga", "Land_Class": null, "Land_area": 0, "PIN": "030-01-015-07-002" }, "geometry": { "type": "Polygon", "coordinates": [ [ [ 121.929680600918658, 13.396176196006039 ], [ 121.929556196882004, 13.396278348439228 ], [ 121.929600417660055, 13.39644356283441 ], [ 121.929599687879232, 13.396608586706755 ], [ 121.929497721832121, 13.396795185059551 ], [ 121.929339615939639, 13.396970543556453 ], [ 121.929316118594784, 13.397201481658675 ], [ 121.929147066658743, 13.397310782818648 ], [ 121.92919343991538, 13.397562009996333 ], [ 121.929465642814165, 13.397700595649725 ], [ 121.929826237211188, 13.398061191430703 ], [ 121.930017480372172, 13.398358232430938 ], [ 121.930264096319846, 13.398574717738786 ], [ 121.930454409563936, 13.398774291371442 ], [ 121.930564318642084, 13.398792703386057 ], [ 121.931589744003134, 13.397499137964079 ], [ 121.932304325172936, 13.397641298941485 ], [ 121.932307750443414, 13.396864829645004 ], [ 121.93342701901625, 13.396725932113766 ], [ 121.932402332150545, 13.396209930998294 ], [ 121.931591558639809, 13.396049410282574 ], [ 121.930960184061988, 13.396791803632615 ], [ 121.930586371313481, 13.396309968201738 ], [ 121.930552386952712, 13.396305116404319 ], [ 121.929679184572521, 13.396180451530711 ], [ 121.929680600918658, 13.396176196006039 ] ] ] } },
{ "type": "Feature", "properties": { "Id": 0, "CLN": "19144", "PSGC": "174001014", "Barangay": "Binunga", "Land_Class": null, "Land_area": 0, "PIN": "030-01-015-07-003" }, "geometry": { "type": "Polygon", "coordinates": [ [ [ 121.930552386952712, 13.396305116404319 ], [ 121.930905183788795, 13.395750274987387 ], [ 121.930612783944213, 13.395520131540053 ], [ 121.929962612104717, 13.395328867379732 ], [ 121.929679184572549, 13.396180451530709 ], [ 121.930552386952712, 13.396305116404319 ] ] ] } },
{ "type": "Feature", "properties": { "Id": 0, "CLN": "19142", "PSGC": "174001014", "Barangay": "Binunga", "Land_Class": null, "Land_area": 0, "PIN": "030-01-015-07-004" }, "geometry": { "type": "Polygon", "coordinates": [ [ [ 121.930612783944213, 13.395520131540053 ], [ 121.930905183788823, 13.395750274987387 ], [ 121.930552386952712, 13.396305116404319 ], [ 121.930586371313481, 13.396309968201738 ], [ 121.930960184061988, 13.396791803632615 ], [ 121.931591558639809, 13.396049410282574 ], [ 121.931075168838547, 13.395670204284004 ], [ 121.930719279218067, 13.395282700196164 ], [ 121.930612783944213, 13.395520131540053 ] ] ] } },
{ "type": "Feature", "properties": { "Id": 0, "CLN": "19143", "PSGC": "174001014", "Barangay": "Binunga", "Land_Class": null, "Land_area": 0, "PIN": "030-01-015-07-005" }, "geometry": { "type": "Polygon", "coordinates": [ [ [ 121.929769346260329, 13.394452821618495 ], [ 121.929163097469214, 13.394697110945081 ], [ 121.929505150646037, 13.39510251173289 ], [ 121.929962612104717, 13.395328867379732 ], [ 121.930612783944213, 13.395520131540053 ], [ 121.930719279218067, 13.395282700196164 ], [ 121.930790109003226, 13.394816212247092 ], [ 121.930634651324908, 13.394721298883949 ], [ 121.930030029239674, 13.394597553031009 ], [ 121.930039376824666, 13.394557197537567 ], [ 121.929769346260329, 13.394452821618495 ] ] ] } },
{ "type": "Feature", "properties": { "Id": 0, "CLN": "19141", "PSGC": "174001014", "Barangay": "Binunga", "Land_Class": null, "Land_area": 0, "PIN": "030-01-015-07-006" }, "geometry": { "type": "Polygon", "coordinates": [ [ [ 121.929708218714268, 13.393761357751446 ], [ 121.929769346260329, 13.394452821618495 ], [ 121.930039376824666, 13.394557197537567 ], [ 121.930030029239688, 13.394597553031012 ], [ 121.930634651324908, 13.394721298883949 ], [ 121.930790109003226, 13.394816212247092 ], [ 121.930719279218067, 13.395282700196164 ], [ 121.931075168838547, 13.395670204284004 ], [ 121.931591558639809, 13.396049410282574 ], [ 121.932402332150545, 13.396209930998294 ], [ 121.931180725486129, 13.39460691330086 ], [ 121.930800937587165, 13.393402429527228 ], [ 121.93018169248792, 13.393476109495948 ], [ 121.929708218714268, 13.393761357751446 ] ] ] } },
{ "type": "Feature", "properties": { "Id": 0, "CLN": "19140", "PSGC": "174001014", "Barangay": "Binunga", "Land_Class": null, "Land_area": 0, "PIN": "030-01-015-07-007" }, "geometry": { "type": "Polygon", "coordinates": [ [ [ 121.932402332150545, 13.396209930998294 ], [ 121.933423960878642, 13.39533901984513 ], [ 121.932932786937897, 13.394439275732847 ], [ 121.93142421225906, 13.393454438738253 ], [ 121.930800937587165, 13.393402429527228 ], [ 121.931180725486129, 13.39460691330086 ], [ 121.932402332150545, 13.396209930998294 ] ] ] } },
{ "type": "Feature", "properties": { "Id": 0, "CLN": "19139", "PSGC": "174001014", "Barangay": "Binunga", "Land_Class": null, "Land_area": 0, "PIN": "030-01-015-07-008" }, "geometry": { "type": "Polygon", "coordinates": [ [ [ 121.93342701901625, 13.396725932113766 ], [ 121.934445051662664, 13.395914357568396 ], [ 121.934750228085136, 13.395668913314154 ], [ 121.934751605735315, 13.395355856758563 ], [ 121.934555557107529, 13.395368494856733 ], [ 121.934138975944634, 13.395487922587625 ], [ 121.933423960878642, 13.39533901984513 ], [ 121.932402332150545, 13.396209930998294 ], [ 121.93342701901625, 13.396725932113766 ] ] ] } },
{ "type": "Feature", "properties": { "Id": 0, "CLN": "19134", "PSGC": "174001014", "Barangay": "Binunga", "Land_Class": null, "Land_area": 0, "PIN": "030-01-015-08-011" }, "geometry": { "type": "Polygon", "coordinates": [ [ [ 121.930464328627579, 13.391005612765037 ], [ 121.931218104452341, 13.389978323294104 ], [ 121.931149438499673, 13.389458655324185 ], [ 121.931147964119887, 13.389447497113684 ], [ 121.931143452194007, 13.38941335053501 ], [ 121.930916487001369, 13.38923256326386 ], [ 121.930531179364266, 13.389137422641461 ], [ 121.930213399141223, 13.389015754497677 ], [ 121.929786263901221, 13.388950845087667 ], [ 121.929550840469005, 13.389021778639277 ], [ 121.929451130686104, 13.389140042010093 ], [ 121.928181949900264, 13.389544666820957 ], [ 121.927932356783131, 13.389496852930082 ], [ 121.927079046381294, 13.389730602342919 ], [ 121.927565364627455, 13.390243375286822 ], [ 121.928222812672118, 13.390932154709979 ], [ 121.928856866926623, 13.390618415536704 ], [ 121.929719651371983, 13.390675932101189 ], [ 121.930348049468535, 13.390863737610825 ], [ 121.930464328627579, 13.391005612765037 ] ] ] } },
{ "type": "Feature", "properties": { "Id": 0, "CLN": "19136", "PSGC": "174001014", "Barangay": "Binunga", "Land_Class": null, "Land_area": 0, "PIN": "030-01-015-08-013" }, "geometry": { "type": "Polygon", "coordinates": [ [ [ 121.931491792263486, 13.39012869380859 ], [ 121.931363835028677, 13.390058391155394 ], [ 121.93121810445237, 13.389978323294102 ], [ 121.930464328627579, 13.391005612765037 ], [ 121.930840346717773, 13.39150541068809 ], [ 121.931317519846516, 13.391679108902625 ], [ 121.93203968417366, 13.390877626544274 ], [ 121.931602249536851, 13.390269850244305 ], [ 121.931608837921786, 13.390244278104632 ], [ 121.931491792263486, 13.39012869380859 ] ] ] } },
{ "type": "Feature", "properties": { "Id": 0, "CLN": "19137", "PSGC": "174001014", "Barangay": "Binunga", "Land_Class": null, "Land_area": 0, "PIN": "030-01-015-08-014" }, "geometry": { "type": "Polygon", "coordinates": [ [ [ 121.931317519846544, 13.391679108902625 ], [ 121.931988866609117, 13.39231348992384 ], [ 121.933072347878593, 13.391967977118519 ], [ 121.932802753751218, 13.391764862721654 ], [ 121.932712033611963, 13.39154455041961 ], [ 121.932370553154144, 13.391008994179114 ], [ 121.93203968417366, 13.39087762654427 ], [ 121.931317519846544, 13.391679108902625 ] ] ] } },
{ "type": "Feature", "properties": { "Id": 0, "CLN": "19138", "PSGC": "174001014", "Barangay": "Binunga", "Land_Class": null, "Land_area": 0, "PIN": "030-01-015-08-015" }, "geometry": { "type": "Polygon", "coordinates": [ [ [ 121.931988866609117, 13.39231348992384 ], [ 121.932869854435779, 13.393183464108596 ], [ 121.93357288266688, 13.393864173700569 ], [ 121.933751619520493, 13.39387839329703 ], [ 121.934757524801199, 13.393451755847698 ], [ 121.934760032736875, 13.392881745955339 ], [ 121.933482027231761, 13.391592685696672 ], [ 121.932802753751218, 13.391764862721654 ], [ 121.933072347878593, 13.391967977118519 ], [ 121.931988866609117, 13.39231348992384 ] ] ] } },
{ "type": "Feature", "properties": { "Id": 0, "CLN": "19135", "PSGC": "174001014", "Barangay": "Binunga", "Land_Class": null, "Land_area": 0, "PIN": "030-01-015-08-012" }, "geometry": { "type": "Polygon", "coordinates": [ [ [ 121.926875493765493, 13.392802374964383 ], [ 121.927364248659103, 13.392689998104311 ], [ 121.928111670210129, 13.392400306384923 ], [ 121.929610065784161, 13.391794000896931 ], [ 121.930589595326765, 13.391889038266461 ], [ 121.930208440534571, 13.390995365967228 ], [ 121.929998404133386, 13.391061801669009 ], [ 121.92915010096236, 13.390839400711849 ], [ 121.927814336492233, 13.391991727608326 ], [ 121.926875493765493, 13.392802374964383 ] ] ] } },
{ "type": "Feature", "properties": { "Id": 0, "CLN": "19146", "PSGC": "174001014", "Barangay": "Binunga", "Land_Class": null, "Land_area": 0, "PIN": "030-01-015-06-013" }, "geometry": { "type": "Polygon", "coordinates": [ [ [ 121.932304325172936, 13.397641298941485 ], [ 121.93158974400319, 13.397499137964079 ], [ 121.930564318642084, 13.398792703386057 ], [ 121.930454409563936, 13.398774291371442 ], [ 121.930768583762912, 13.40054303390615 ], [ 121.931198465198591, 13.401165802838605 ], [ 121.93198089240407, 13.4007683275349 ], [ 121.932444338294857, 13.400640175456505 ], [ 121.933275759579104, 13.400208486844599 ], [ 121.932304325172936, 13.397641298941485 ] ] ] } },
{ "type": "Feature", "properties": { "Id": 0, "CLN": "19209", "PSGC": "174001014", "Barangay": "Binunga", "Land_Class": null, "Land_area": 0, "PIN": "030-01-015-03-037" }, "geometry": { "type": "Polygon", "coordinates": [ [ [ 121.914105686522191, 13.397922825585518 ], [ 121.913422867243881, 13.397848739702814 ], [ 121.912427538103884, 13.398584401034993 ], [ 121.912341526901244, 13.398646147600356 ], [ 121.914034621810643, 13.399666041648372 ], [ 121.91409861027762, 13.399603946145396 ], [ 121.913978381822645, 13.398836636194876 ], [ 121.914030011205298, 13.398591297905531 ], [ 121.914105686522191, 13.397922825585518 ] ] ] } },
{ "type": "Feature", "properties": { "Id": 0, "CLN": "19208", "PSGC": "174001014", "Barangay": "Binunga", "Land_Class": null, "Land_area": 0, "PIN": "030-01-015-02-025" }, "geometry": { "type": "Polygon", "coordinates": [ [ [ 121.914465089446807, 13.397999076984794 ], [ 121.914105686522191, 13.397922825585518 ], [ 121.914030011205298, 13.398591297905531 ], [ 121.913978381822645, 13.398836636194876 ], [ 121.915003171342875, 13.399295981173388 ], [ 121.915347636726082, 13.398575815816836 ], [ 121.91545648258284, 13.398380120208698 ], [ 121.915339412731484, 13.398315888420218 ], [ 121.915082183781095, 13.398144026448517 ], [ 121.914465089446807, 13.397999076984794 ] ] ] } },
{ "type": "Feature", "properties": { "Id": 0, "CLN": "19210", "PSGC": "174001014", "Barangay": "Binunga", "Land_Class": null, "Land_area": 0, "PIN": "030-01-015-02-026" }, "geometry": { "type": "Polygon", "coordinates": [ [ [ 121.914098610277648, 13.399603946145394 ], [ 121.914303985542489, 13.399769928278118 ], [ 121.914426848745748, 13.399950230973364 ], [ 121.914723988616743, 13.400545864631832 ], [ 121.915003171342903, 13.399295981173388 ], [ 121.913978381822645, 13.398836636194876 ], [ 121.914098610277648, 13.399603946145394 ] ] ] } },
{ "type": "Feature", "properties": { "Id": 0, "CLN": "19207", "PSGC": "174001014", "Barangay": "Binunga", "Land_Class": null, "Land_area": 0, "PIN": "030-01-015-02-024" }, "geometry": { "type": "Polygon", "coordinates": [ [ [ 121.915901912612128, 13.400579843563209 ], [ 121.916282454300287, 13.399290035879298 ], [ 121.916426405803762, 13.398945780086164 ], [ 121.915910541497922, 13.398653725279637 ], [ 121.915803397967338, 13.398570459023365 ], [ 121.91545648258284, 13.398380120208698 ], [ 121.915347636726082, 13.398575815816836 ], [ 121.915003171342903, 13.399295981173388 ], [ 121.914723988616743, 13.400545864631829 ], [ 121.915606840263791, 13.400358444377387 ], [ 121.915901912612128, 13.400579843563209 ] ] ] } },
{ "type": "Feature", "properties": { "Id": 0, "CLN": "19205", "PSGC": "174001014", "Barangay": "Binunga", "Land_Class": null, "Land_area": 0, "PIN": "030-01-015-02-022" }, "geometry": { "type": "Polygon", "coordinates": [ [ [ 121.916426405803762, 13.398945780086164 ], [ 121.916282454300287, 13.399290035879298 ], [ 121.915901912612128, 13.400579843563209 ], [ 121.915816013646122, 13.401349936741287 ], [ 121.916472072392011, 13.401301389164052 ], [ 121.916634396565172, 13.399364923534884 ], [ 121.916591298266084, 13.398946487640488 ], [ 121.916426405803762, 13.398945780086164 ] ] ] } },
{ "type": "Feature", "properties": { "Id": 0, "CLN": "19204", "PSGC": "174001014", "Barangay": "Binunga", "Land_Class": null, "Land_area": 0, "PIN": "030-01-015-02-021" }, "geometry": { "type": "Polygon", "coordinates": [ [ [ 121.916591298266113, 13.39894648764049 ], [ 121.916634396565172, 13.399364923534884 ], [ 121.916472072392011, 13.401301389164052 ], [ 121.916941014149813, 13.401193335316231 ], [ 121.91686896225886, 13.398870632615223 ], [ 121.916591298266113, 13.39894648764049 ] ] ] } },
{ "type": "Feature", "properties": { "Id": 0, "CLN": "19203", "PSGC": "174001014", "Barangay": "Binunga", "Land_Class": null, "Land_area": 0, "PIN": "030-01-015-02-020" }, "geometry": { "type": "Polygon", "coordinates": [ [ [ 121.916941014149813, 13.401193335316231 ], [ 121.917316938871195, 13.400934458079083 ], [ 121.917167880228774, 13.399070033581639 ], [ 121.916868962258889, 13.398870632615223 ], [ 121.916941014149813, 13.401193335316231 ] ] ] } },
{ "type": "Feature", "properties": { "Id": 0, "CLN": "19202", "PSGC": "174001014", "Barangay": "Binunga", "Land_Class": null, "Land_area": 0, "PIN": "030-01-015-02-019" }, "geometry": { "type": "Polygon", "coordinates": [ [ [ 121.917316938871195, 13.400934458079083 ], [ 121.91778530533324, 13.400954810528667 ], [ 121.91763542259929, 13.39927382598365 ], [ 121.917167880228774, 13.399070033581639 ], [ 121.917316938871195, 13.400934458079083 ] ] ] } },
{ "type": "Feature", "properties": { "Id": 0, "CLN": "19195", "PSGC": "174001014", "Barangay": "Binunga", "Land_Class": null, "Land_area": 0, "PIN": "030-01-015-02-018" }, "geometry": { "type": "Polygon", "coordinates": [ [ [ 121.918078694328685, 13.399327491199626 ], [ 121.91763542259929, 13.39927382598365 ], [ 121.91778530533324, 13.400954810528667 ], [ 121.918066405187048, 13.401000443032578 ], [ 121.918495104710473, 13.40108725843273 ], [ 121.918162822487631, 13.39932940448535 ], [ 121.918078694328685, 13.399327491199626 ] ] ] } },
{ "type": "Feature", "properties": { "Id": 0, "CLN": "19206", "PSGC": "174001014", "Barangay": "Binunga", "Land_Class": null, "Land_area": 0, "PIN": "030-01-015-02-023" }, "geometry": { "type": "Polygon", "coordinates": [ [ [ 121.914723988616743, 13.400545864631829 ], [ 121.914934326867709, 13.400770497864189 ], [ 121.915048830418385, 13.400879873287783 ], [ 121.91514260679871, 13.401139542797816 ], [ 121.915816013646122, 13.401349936741287 ], [ 121.915901912612128, 13.400579843563209 ], [ 121.915606840263791, 13.400358444377387 ], [ 121.914723988616743, 13.400545864631829 ] ] ] } },
{ "type": "Feature", "properties": { "Id": 0, "CLN": "19214", "PSGC": "174001014", "Barangay": "Binunga", "Land_Class": null, "Land_area": 0, "PIN": "030-01-015-03-035" }, "geometry": { "type": "Polygon", "coordinates": [ [ [ 121.912341526901244, 13.398646147600356 ], [ 121.911974342692034, 13.398830491389081 ], [ 121.912100367876548, 13.398932157437864 ], [ 121.912167879441483, 13.398920065885923 ], [ 121.912278005445231, 13.398807034839887 ], [ 121.912341526901244, 13.398646147600356 ] ] ] } },
{ "type": "Feature", "properties": { "Id": 0, "CLN": "19215", "PSGC": "174001014", "Barangay": "Binunga", "Land_Class": null, "Land_area": 0, "PIN": "030-01-015-03-034" }, "geometry": { "type": "Polygon", "coordinates": [ [ [ 121.911974342692034, 13.398830491389079 ], [ 121.911509274802256, 13.399119473685898 ], [ 121.911576099580671, 13.399260095747465 ], [ 121.912051588994089, 13.399466454780184 ], [ 121.91214233271279, 13.399343997017585 ], [ 121.912439551381013, 13.398979020758267 ], [ 121.912278005445259, 13.398807034839885 ], [ 121.912167879441498, 13.398920065885926 ], [ 121.912100367876548, 13.398932157437866 ], [ 121.911974342692034, 13.398830491389079 ] ] ] } },
{ "type": "Feature", "properties": { "Id": 0, "CLN": "19200", "PSGC": "174001014", "Barangay": "Binunga", "Land_Class": null, "Land_area": 0, "PIN": "030-01-015-02-001" }, "geometry": { "type": "Polygon", "coordinates": [ [ [ 121.916096059656937, 13.404617816921389 ], [ 121.916471249342479, 13.404688052355384 ], [ 121.916797343749167, 13.404678445420178 ], [ 121.917735864861214, 13.404158907213766 ], [ 121.916992597967678, 13.403594382527189 ], [ 121.916096059656937, 13.404617816921389 ] ] ] } },
{ "type": "Feature", "properties": { "Id": 0, "CLN": "19201", "PSGC": "174001014", "Barangay": "Binunga", "Land_Class": null, "Land_area": 0, "PIN": "030-01-015-02-008" }, "geometry": { "type": "Polygon", "coordinates": [ [ [ 121.915583210398637, 13.403650702383942 ], [ 121.91653162635599, 13.402776658925546 ], [ 121.916256768819935, 13.402284449671606 ], [ 121.916006346876358, 13.401796039409041 ], [ 121.91572271310929, 13.401530662981441 ], [ 121.915818046736987, 13.401443019609971 ], [ 121.915816013646122, 13.401349936741283 ], [ 121.91514260679871, 13.401139542797821 ], [ 121.914957610851388, 13.401154955083102 ], [ 121.914744310984588, 13.401084329825036 ], [ 121.914166787521992, 13.401169899364975 ], [ 121.913753087028965, 13.401494648662343 ], [ 121.91322982187107, 13.402849876237193 ], [ 121.913705043839926, 13.403013351708786 ], [ 121.91408338834637, 13.403051668206299 ], [ 121.914379647628422, 13.403008916113826 ], [ 121.914518046050233, 13.40306821311577 ], [ 121.914903129140995, 13.40327532517572 ], [ 121.915093023834402, 13.403551306297013 ], [ 121.915583210398637, 13.403650702383942 ] ] ] } },
{ "type": "Feature", "properties": { "Id": 0, "CLN": "19236", "PSGC": "174001014", "Barangay": "Binunga", "Land_Class": null, "Land_area": 0, "PIN": "030-01-015-03-009" }, "geometry": { "type": "Polygon", "coordinates": [ [ [ 121.913229821871099, 13.402849876237193 ], [ 121.913753087028965, 13.401494648662343 ], [ 121.91373263852968, 13.401509714342179 ], [ 121.913456038738445, 13.401713502229008 ], [ 121.912692271385538, 13.401545115034443 ], [ 121.912639656713992, 13.401577908191825 ], [ 121.912551615269209, 13.401988441632321 ], [ 121.912445824961509, 13.402178766777084 ], [ 121.912542372108845, 13.402377301285757 ], [ 121.912574944594766, 13.402554289999701 ], [ 121.912648463822407, 13.402953769754005 ], [ 121.912899817691056, 13.402896150523141 ], [ 121.913229821871099, 13.402849876237193 ] ] ] } },
{ "type": "Feature", "properties": { "Id": 0, "CLN": "19237", "PSGC": "174001014", "Barangay": "Binunga", "Land_Class": null, "Land_area": 0, "PIN": "030-01-015-03-007" }, "geometry": { "type": "Polygon", "coordinates": [ [ [ 121.912648463822407, 13.402953769754005 ], [ 121.912574944594795, 13.402554289999701 ], [ 121.91238015308393, 13.402615078509156 ], [ 121.912226352714754, 13.402647435583006 ], [ 121.912464286529072, 13.403074048811106 ], [ 121.912648463822407, 13.402953769754005 ] ] ] } },
{ "type": "Feature", "properties": { "Id": 0, "CLN": "19238", "PSGC": "174001014", "Barangay": "Binunga", "Land_Class": null, "Land_area": 0, "PIN": "030-01-015-03-008" }, "geometry": { "type": "Polygon", "coordinates": [ [ [ 121.912226352714782, 13.402647435583006 ], [ 121.91238015308393, 13.402615078509156 ], [ 121.912574944594795, 13.402554289999701 ], [ 121.912542372108874, 13.402377301285755 ], [ 121.912445824961566, 13.402178766777084 ], [ 121.912551615269209, 13.401988441632321 ], [ 121.912394793376947, 13.401859355860903 ], [ 121.912278716867945, 13.401836842580785 ], [ 121.912065021449962, 13.401854266070128 ], [ 121.911881026280881, 13.401934188050872 ], [ 121.911880382779074, 13.402077270904746 ], [ 121.911912989180976, 13.402326894076404 ], [ 121.912226352714782, 13.402647435583006 ] ] ] } },
{ "type": "Feature", "properties": { "Id": 0, "CLN": "19239", "PSGC": "174001014", "Barangay": "Binunga", "Land_Class": null, "Land_area": 0, "PIN": "030-01-015-03-006" }, "geometry": { "type": "Polygon", "coordinates": [ [ [ 121.912464286529101, 13.403074048811106 ], [ 121.912226352714782, 13.402647435583006 ], [ 121.911912989180976, 13.402326894076404 ], [ 121.911880382779074, 13.402077270904746 ], [ 121.911881026280881, 13.401934188050872 ], [ 121.910988487460912, 13.402066087296134 ], [ 121.91088928278343, 13.40245822746386 ], [ 121.911398081955795, 13.402654871732224 ], [ 121.911930522703926, 13.402594796587641 ], [ 121.91223550057606, 13.403113420525012 ], [ 121.912362985471233, 13.403099294397322 ], [ 121.912464286529101, 13.403074048811106 ] ] ] } },
{ "type": "Feature", "properties": { "Id": 0, "CLN": "19242", "PSGC": "174001014", "Barangay": "Binunga", "Land_Class": null, "Land_area": 0, "PIN": "030-01-015-03-005" }, "geometry": { "type": "Polygon", "coordinates": [ [ [ 121.910889282783444, 13.40245822746386 ], [ 121.910716503036923, 13.402513756953908 ], [ 121.910695690998182, 13.402922286514958 ], [ 121.911930522703926, 13.402594796587639 ], [ 121.911398081955824, 13.402654871732226 ], [ 121.910889282783444, 13.40245822746386 ] ] ] } },
{ "type": "Feature", "properties": { "Id": 0, "CLN": "19247", "PSGC": "174001014", "Barangay": "Binunga", "Land_Class": null, "Land_area": 0, "PIN": "030-01-015-03-001" }, "geometry": { "type": "Polygon", "coordinates": [ [ [ 121.910695690998182, 13.402922286514958 ], [ 121.910382263644379, 13.402772344968282 ], [ 121.909990858273559, 13.402617938900285 ], [ 121.910153471599898, 13.403021069094491 ], [ 121.910423325656808, 13.403484510415078 ], [ 121.910486215271661, 13.403094736150663 ], [ 121.910695690998182, 13.402922286514958 ] ] ] } },
{ "type": "Feature", "properties": { "Id": 0, "CLN": "19246", "PSGC": "174001014", "Barangay": "Binunga", "Land_Class": null, "Land_area": 0, "PIN": "030-01-015-03-002" }, "geometry": { "type": "Polygon", "coordinates": [ [ [ 121.909990858273559, 13.402617938900285 ], [ 121.910382263644379, 13.402772344968282 ], [ 121.910695690998153, 13.402922286514958 ], [ 121.910716503036923, 13.40251375695391 ], [ 121.909863821490276, 13.402272746805425 ], [ 121.909990858273559, 13.402617938900285 ] ] ] } },
{ "type": "Feature", "properties": { "Id": 0, "CLN": "19241", "PSGC": "174001014", "Barangay": "Binunga", "Land_Class": null, "Land_area": 0, "PIN": "030-01-015-03-004" }, "geometry": { "type": "Polygon", "coordinates": [ [ [ 121.910716503036923, 13.402513756953908 ], [ 121.910889282783444, 13.40245822746386 ], [ 121.910988487460955, 13.402066087296134 ], [ 121.910733563457924, 13.402002024470919 ], [ 121.910716503036923, 13.402513756953908 ] ] ] } },
{ "type": "Feature", "properties": { "Id": 0, "CLN": "19245", "PSGC": "174001014", "Barangay": "Binunga", "Land_Class": null, "Land_area": 0, "PIN": "030-01-015-03-003" }, "geometry": { "type": "Polygon", "coordinates": [ [ [ 121.909863821490276, 13.402272746805425 ], [ 121.910716503036923, 13.40251375695391 ], [ 121.910733563457924, 13.402002024470919 ], [ 121.910694988337724, 13.401673724269115 ], [ 121.910319865529956, 13.401733854774053 ], [ 121.909762481160797, 13.401838925087892 ], [ 121.909761913905356, 13.401964810395359 ], [ 121.909863821490276, 13.402272746805425 ] ] ] } },
{ "type": "Feature", "properties": { "Id": 0, "CLN": "19240", "PSGC": "174001014", "Barangay": "Binunga", "Land_Class": null, "Land_area": 0, "PIN": "030-01-015-03-016" }, "geometry": { "type": "Polygon", "coordinates": [ [ [ 121.910694988337724, 13.401673724269134 ], [ 121.910733563457953, 13.402002024470919 ], [ 121.910988487460955, 13.402066087296149 ], [ 121.911881026280881, 13.401934188050889 ], [ 121.911803454319156, 13.401756926628201 ], [ 121.91115597041663, 13.401675805718421 ], [ 121.910694988337724, 13.401673724269134 ] ] ] } },
{ "type": "Feature", "properties": { "Id": 0, "CLN": "19235", "PSGC": "174001014", "Barangay": "Binunga", "Land_Class": null, "Land_area": 0, "PIN": "030-01-015-03-015" }, "geometry": { "type": "Polygon", "coordinates": [ [ [ 121.910641723118331, 13.401346113340102 ], [ 121.910684689809955, 13.401620022739689 ], [ 121.910694988337724, 13.401673724269134 ], [ 121.91115597041663, 13.401675805718421 ], [ 121.911803454319156, 13.401756926628201 ], [ 121.911881026280881, 13.401934188050889 ], [ 121.91206502144999, 13.401854266070149 ], [ 121.912278716867945, 13.401836842580785 ], [ 121.912394793376947, 13.401859355860907 ], [ 121.912551615269209, 13.401988441632335 ], [ 121.912639656713992, 13.401577908191859 ], [ 121.912345306216466, 13.401637539503337 ], [ 121.912062787187523, 13.40158219494009 ], [ 121.911950602246449, 13.401587897434077 ], [ 121.9117883127619, 13.401494408410766 ], [ 121.911594965533695, 13.401281705507818 ], [ 121.911168237412141, 13.401327806699955 ], [ 121.910641723118331, 13.401346113340102 ] ] ] } },
{ "type": "Feature", "properties": { "Id": 0, "CLN": "19106", "PSGC": "174001014", "Barangay": "Binunga", "Land_Class": null, "Land_area": 0, "PIN": "030-01-015-03-021" }, "geometry": { "type": "Polygon", "coordinates": [ [ [ 121.910635077668189, 13.401209087379648 ], [ 121.910641723118331, 13.401346113340139 ], [ 121.911168237412141, 13.401327806699975 ], [ 121.911594965533695, 13.401281705507838 ], [ 121.911538278090291, 13.401241252319094 ], [ 121.911203881027035, 13.401130009460061 ], [ 121.91069835044614, 13.401135561225997 ], [ 121.910635077668189, 13.401209087379648 ] ] ] } },
{ "type": "Feature", "properties": { "Id": 0, "CLN": "19233", "PSGC": "174001014", "Barangay": "Binunga", "Land_Class": null, "Land_area": 0, "PIN": "030-01-015-03-022" }, "geometry": { "type": "Polygon", "coordinates": [ [ [ 121.910698350446125, 13.40113556122596 ], [ 121.911203881027006, 13.401130009460008 ], [ 121.911538278090347, 13.401241252319096 ], [ 121.911713231799467, 13.400977556391938 ], [ 121.9115555426974, 13.400915016923109 ], [ 121.910699708050132, 13.40083400120206 ], [ 121.910698350446125, 13.40113556122596 ] ] ] } },
{ "type": "Feature", "properties": { "Id": 0, "CLN": "19232", "PSGC": "174001014", "Barangay": "Binunga", "Land_Class": null, "Land_area": 0, "PIN": "030-01-015-03-020" }, "geometry": { "type": "Polygon", "coordinates": [ [ [ 121.910338200997401, 13.401185124322613 ], [ 121.910635077668189, 13.401209087379618 ], [ 121.910698350446125, 13.40113556122596 ], [ 121.91069970805016, 13.40083400120206 ], [ 121.910339661198662, 13.400806157138396 ], [ 121.910338200997401, 13.401185124322613 ] ] ] } },
{ "type": "Feature", "properties": { "Id": 0, "CLN": "19231", "PSGC": "174001014", "Barangay": "Binunga", "Land_Class": null, "Land_area": 0, "PIN": "030-01-015-03-019" }, "geometry": { "type": "Polygon", "coordinates": [ [ [ 121.909979930207328, 13.400762932077493 ], [ 121.910338200997401, 13.401185124322613 ], [ 121.910339661198662, 13.400806157138396 ], [ 121.910113456208478, 13.400523719290005 ], [ 121.909979930207328, 13.400762932077493 ] ] ] } },
{ "type": "Feature", "properties": { "Id": 0, "CLN": "19230", "PSGC": "174001014", "Barangay": "Binunga", "Land_Class": null, "Land_area": 0, "PIN": "030-01-015-03-024" }, "geometry": { "type": "Polygon", "coordinates": [ [ [ 121.910113456208478, 13.400523719290005 ], [ 121.910339661198662, 13.400806157138396 ], [ 121.91069970805016, 13.40083400120206 ], [ 121.910732772666776, 13.40068928913338 ], [ 121.910510338435984, 13.400621830223063 ], [ 121.910113456208478, 13.400523719290005 ] ] ] } },
{ "type": "Feature", "properties": { "Id": 0, "CLN": "19229", "PSGC": "174001014", "Barangay": "Binunga", "Land_Class": null, "Land_area": 0, "PIN": "030-01-015-03-025" }, "geometry": { "type": "Polygon", "coordinates": [ [ [ 121.910113456208478, 13.400523719290005 ], [ 121.910510338436012, 13.400621830223061 ], [ 121.910732772666805, 13.40068928913338 ], [ 121.910836356230817, 13.400488692078357 ], [ 121.910282818366767, 13.400280620165486 ], [ 121.910113456208478, 13.400523719290005 ] ] ] } },
{ "type": "Feature", "properties": { "Id": 0, "CLN": "19220", "PSGC": "174001014", "Barangay": "Binunga", "Land_Class": null, "Land_area": 0, "PIN": "030-01-015-03-026" }, "geometry": { "type": "Polygon", "coordinates": [ [ [ 121.910282818366767, 13.400280620165486 ], [ 121.910836356230845, 13.400488692078357 ], [ 121.911287870534437, 13.400550952666853 ], [ 121.911330953025342, 13.400455255935032 ], [ 121.911372657575441, 13.400314704980827 ], [ 121.910615008253856, 13.400179985244897 ], [ 121.910388058353547, 13.400063019043406 ], [ 121.910282818366767, 13.400280620165486 ] ] ] } },
{ "type": "Feature", "properties": { "Id": 0, "CLN": "19219", "PSGC": "174001014", "Barangay": "Binunga", "Land_Class": null, "Land_area": 0, "PIN": "030-01-015-03-027" }, "geometry": { "type": "Polygon", "coordinates": [ [ [ 121.910388058353547, 13.400063019043408 ], [ 121.910615008253856, 13.400179985244897 ], [ 121.911372657575441, 13.400314704980827 ], [ 121.911787331664726, 13.400489699748912 ], [ 121.911855521766384, 13.400431226943306 ], [ 121.91082093587741, 13.400054061348552 ], [ 121.910748431295943, 13.400018179250907 ], [ 121.91057236497025, 13.399827201127076 ], [ 121.910388058353547, 13.400063019043408 ] ] ] } },
{ "type": "Feature", "properties": { "Id": 0, "CLN": "19228", "PSGC": "174001014", "Barangay": "Binunga", "Land_Class": null, "Land_area": 0, "PIN": "030-01-015-03-023" }, "geometry": { "type": "Polygon", "coordinates": [ [ [ 121.911287870534451, 13.400550952666855 ], [ 121.910836356230845, 13.400488692078357 ], [ 121.910732772666805, 13.40068928913338 ], [ 121.91069970805016, 13.40083400120206 ], [ 121.911555542697428, 13.400915016923101 ], [ 121.911677736218635, 13.400622225679697 ], [ 121.911330953025342, 13.400455255935032 ], [ 121.911287870534451, 13.400550952666855 ] ] ] } },
{ "type": "Feature", "properties": { "Id": 0, "CLN": "19221", "PSGC": "174001014", "Barangay": "Binunga", "Land_Class": null, "Land_area": 0, "PIN": "030-01-015-03-028" }, "geometry": { "type": "Polygon", "coordinates": [ [ [ 121.911677736218635, 13.400622225679697 ], [ 121.911787331664769, 13.400489699748913 ], [ 121.911372657575441, 13.400314704980827 ], [ 121.911330953025342, 13.400455255935032 ], [ 121.911677736218635, 13.400622225679697 ] ] ] } },
{ "type": "Feature", "properties": { "Id": 0, "CLN": "19227", "PSGC": "174001014", "Barangay": "Binunga", "Land_Class": null, "Land_area": 0, "PIN": "030-01-015-03-013" }, "geometry": { "type": "Polygon", "coordinates": [ [ [ 121.911713231799496, 13.400977556391929 ], [ 121.911934458796225, 13.401144500086721 ], [ 121.912400183132192, 13.400857312732311 ], [ 121.912331303147354, 13.400717831675593 ], [ 121.912286849865183, 13.400767127922096 ], [ 121.912208019185712, 13.400732765452554 ], [ 121.911677736218635, 13.400622225679697 ], [ 121.911555542697428, 13.400915016923101 ], [ 121.911713231799496, 13.400977556391929 ] ] ] } },
{ "type": "Feature", "properties": { "Id": 0, "CLN": "19234", "PSGC": "174001014", "Barangay": "Binunga", "Land_Class": null, "Land_area": 0, "PIN": "030-01-015-03-014" }, "geometry": { "type": "Polygon", "coordinates": [ [ [ 121.911934458796225, 13.401144500086721 ], [ 121.911713231799496, 13.400977556391929 ], [ 121.911538278090347, 13.401241252319092 ], [ 121.911594965533695, 13.401281705507788 ], [ 121.911788312761928, 13.401494408410764 ], [ 121.911950602246478, 13.401587897434055 ], [ 121.912062787187523, 13.401582194940087 ], [ 121.912345306216466, 13.401637539503332 ], [ 121.912639656713992, 13.401577908191825 ], [ 121.912692271385538, 13.401545115034446 ], [ 121.91245262180432, 13.40149160054381 ], [ 121.912209907701452, 13.401366835468599 ], [ 121.912069448613337, 13.401336846872351 ], [ 121.911934458796225, 13.401144500086721 ] ] ] } },
{ "type": "Feature", "properties": { "Id": 0, "CLN": "19226", "PSGC": "174001014", "Barangay": "Binunga", "Land_Class": null, "Land_area": 0, "PIN": "030-01-015-03-012" }, "geometry": { "type": "Polygon", "coordinates": [ [ [ 121.91240018313222, 13.40085731273231 ], [ 121.911934458796225, 13.40114450008673 ], [ 121.912069448613337, 13.401336846872351 ], [ 121.912433281603001, 13.401225520526499 ], [ 121.912631526399764, 13.401051620792362 ], [ 121.91240018313222, 13.40085731273231 ] ] ] } },
{ "type": "Feature", "properties": { "Id": 0, "CLN": "19225", "PSGC": "174001014", "Barangay": "Binunga", "Land_Class": null, "Land_area": 0, "PIN": "030-01-015-03-011" }, "geometry": { "type": "Polygon", "coordinates": [ [ [ 121.91245262180432, 13.40149160054381 ], [ 121.912732406536932, 13.401087738517917 ], [ 121.912631526399764, 13.401051620792362 ], [ 121.912433281603001, 13.401225520526499 ], [ 121.912069448613337, 13.401336846872351 ], [ 121.912209907701452, 13.401366835468599 ], [ 121.91245262180432, 13.40149160054381 ] ] ] } },
{ "type": "Feature", "properties": { "Id": 0, "CLN": "19224", "PSGC": "174001014", "Barangay": "Binunga", "Land_Class": null, "Land_area": 0, "PIN": "030-01-015-03-010" }, "geometry": { "type": "Polygon", "coordinates": [ [ [ 121.912732406536932, 13.401087738517917 ], [ 121.91245262180432, 13.40149160054381 ], [ 121.912692271385538, 13.401545115034443 ], [ 121.913456038738445, 13.401713502229008 ], [ 121.91373263852968, 13.401509714342179 ], [ 121.912732406536932, 13.401087738517917 ] ] ] } },
{ "type": "Feature", "properties": { "Id": 0, "CLN": "19223pt.", "PSGC": "174001014", "Barangay": "Binunga", "Land_Class": null, "Land_area": 0, "PIN": "030-01-015-02-029" }, "geometry": { "type": "Polygon", "coordinates": [ [ [ 121.913950476724125, 13.401339700621707 ], [ 121.912496055564191, 13.400473604242677 ], [ 121.912447614301058, 13.400539479060445 ], [ 121.912331303147354, 13.400717831675589 ], [ 121.91240018313222, 13.40085731273231 ], [ 121.912631526399764, 13.401051620792362 ], [ 121.912732406536932, 13.401087738517917 ], [ 121.91373263852968, 13.401509714342179 ], [ 121.913753087028965, 13.401494648662343 ], [ 121.913950476724125, 13.401339700621707 ] ] ] } },
{ "type": "Feature", "properties": { "Id": 0, "CLN": "19222", "PSGC": "174001014", "Barangay": "Binunga", "Land_Class": null, "Land_area": 0, "PIN": "030-01-015-03-029" }, "geometry": { "type": "Polygon", "coordinates": [ [ [ 121.911855521766412, 13.40043122694331 ], [ 121.911787331664769, 13.400489699748912 ], [ 121.911677736218635, 13.400622225679694 ], [ 121.912208019185712, 13.400732765452565 ], [ 121.912286849865154, 13.400767127922087 ], [ 121.912331303147354, 13.400717831675589 ], [ 121.912447614301058, 13.400539479060445 ], [ 121.912616914030622, 13.400309249740557 ], [ 121.912262761616148, 13.400370558519464 ], [ 121.911855521766412, 13.40043122694331 ] ] ] } },
{ "type": "Feature", "properties": { "Id": 0, "CLN": "19218", "PSGC": "174001014", "Barangay": "Binunga", "Land_Class": null, "Land_area": 0, "PIN": "030-01-015-03-030" }, "geometry": { "type": "Polygon", "coordinates": [ [ [ 121.912616914030622, 13.400309249740557 ], [ 121.911773946286473, 13.399903138700099 ], [ 121.911896265444582, 13.39970497363765 ], [ 121.911442940147865, 13.399446587796838 ], [ 121.911334734829964, 13.399592168538446 ], [ 121.911146536616158, 13.39939606126881 ], [ 121.91057236497025, 13.399827201127076 ], [ 121.910748431295943, 13.400018179250907 ], [ 121.91082093587741, 13.400054061348552 ], [ 121.911855521766412, 13.400431226943308 ], [ 121.912262761616148, 13.400370558519464 ], [ 121.912616914030622, 13.400309249740557 ] ] ] } },
{ "type": "Feature", "properties": { "Id": 0, "CLN": "19213", "PSGC": "174001014", "Barangay": "Binunga", "Land_Class": null, "Land_area": 0, "PIN": "030-01-015-03-031" }, "geometry": { "type": "Polygon", "coordinates": [ [ [ 121.91292016618965, 13.400380182824616 ], [ 121.913344360664539, 13.40017312723799 ], [ 121.913332820536411, 13.400038917802243 ], [ 121.913451249862447, 13.399934137534625 ], [ 121.912750149288101, 13.399611853202023 ], [ 121.91214233271279, 13.399343997017585 ], [ 121.912051588994089, 13.399466454780184 ], [ 121.911896265444582, 13.399704973637647 ], [ 121.911773946286473, 13.399903138700099 ], [ 121.912616914030622, 13.400309249740557 ], [ 121.912795583686147, 13.400310019176684 ], [ 121.91292016618965, 13.400380182824616 ] ] ] } },
{ "type": "Feature", "properties": { "Id": 0, "CLN": "19216", "PSGC": "174001014", "Barangay": "Binunga", "Land_Class": null, "Land_area": 0, "PIN": "030-01-015-03-032" }, "geometry": { "type": "Polygon", "coordinates": [ [ [ 121.911442940147865, 13.399446587796838 ], [ 121.911896265444582, 13.399704973637647 ], [ 121.912051588994089, 13.399466454780184 ], [ 121.911576099580671, 13.399260095747465 ], [ 121.911442940147865, 13.399446587796838 ] ] ] } },
{ "type": "Feature", "properties": { "Id": 0, "CLN": "19217", "PSGC": "174001014", "Barangay": "Binunga", "Land_Class": null, "Land_area": 0, "PIN": "030-01-015-03-033" }, "geometry": { "type": "Polygon", "coordinates": [ [ [ 121.911146536616158, 13.39939606126881 ], [ 121.911334734829992, 13.399592168538442 ], [ 121.911442940147865, 13.399446587796838 ], [ 121.911576099580671, 13.399260095747465 ], [ 121.911509274802256, 13.399119473685898 ], [ 121.911146536616158, 13.39939606126881 ] ] ] } },
{ "type": "Feature", "properties": { "Id": 0, "CLN": "19212", "PSGC": "174001014", "Barangay": "Binunga", "Land_Class": null, "Land_area": 0, "PIN": "030-01-015-03-036" }, "geometry": { "type": "Polygon", "coordinates": [ [ [ 121.913451249862447, 13.399934137534625 ], [ 121.914034621810643, 13.399666041648372 ], [ 121.912341526901244, 13.398646147600356 ], [ 121.912278005445287, 13.398807034839885 ], [ 121.912439551381013, 13.398979020758267 ], [ 121.91214233271279, 13.399343997017585 ], [ 121.912750149288115, 13.399611853202023 ], [ 121.913451249862447, 13.399934137534625 ] ] ] } },
{ "type": "Feature", "properties": { "Id": 0, "CLN": "19211", "PSGC": "174001014", "Barangay": "Binunga", "Land_Class": null, "Land_area": 0, "PIN": "030-01-015-02-027" }, "geometry": { "type": "Polygon", "coordinates": [ [ [ 121.913993062605186, 13.400962196616243 ], [ 121.914934326867709, 13.400770497864189 ], [ 121.914723988616743, 13.400545864631829 ], [ 121.914426848745748, 13.399950230973364 ], [ 121.914303985542489, 13.399769928278117 ], [ 121.914098610277676, 13.399603946145394 ], [ 121.914034621810643, 13.399666041648372 ], [ 121.913451249862447, 13.399934137534625 ], [ 121.913332820536411, 13.400038917802243 ], [ 121.913344360664567, 13.400173127237991 ], [ 121.912920166189679, 13.400380182824623 ], [ 121.913993062605186, 13.400962196616243 ] ] ] } },
{ "type": "Feature", "properties": { "Id": 0, "CLN": "19259", "PSGC": "174001014", "Barangay": "Binunga", "Land_Class": null, "Land_area": 0, "PIN": "030-01-015-02-028" }, "geometry": { "type": "Polygon", "coordinates": [ [ [ 121.913993062605186, 13.400962196616243 ], [ 121.914166787521992, 13.401169899364977 ], [ 121.914744310984588, 13.401084329825032 ], [ 121.914957610851388, 13.401154955083102 ], [ 121.91514260679871, 13.401139542797816 ], [ 121.915048830418385, 13.400879873287783 ], [ 121.914934326867709, 13.400770497864189 ], [ 121.913993062605186, 13.400962196616243 ] ] ] } },
{ "type": "Feature", "properties": { "Id": 0, "CLN": "19149", "PSGC": "174001014", "Barangay": "Binunga", "Land_Class": null, "Land_area": 0, "PIN": "030-01-015-06-015" }, "geometry": { "type": "Polygon", "coordinates": [ [ [ 121.929895034112235, 13.401587407868053 ], [ 121.930194782694414, 13.400131423213713 ], [ 121.930768583762926, 13.40054303390615 ], [ 121.930454409563936, 13.398774291371442 ], [ 121.930264096319846, 13.398574717738786 ], [ 121.930017480372143, 13.398358232430938 ], [ 121.929826237211188, 13.398061191430703 ], [ 121.929465642814165, 13.397700595649725 ], [ 121.928994483429904, 13.397460715740397 ], [ 121.928487020432129, 13.398172209136229 ], [ 121.928180354616487, 13.398171144910396 ], [ 121.926811561374194, 13.398569347055322 ], [ 121.926620357087842, 13.398625723155302 ], [ 121.926420449774014, 13.399561028973812 ], [ 121.926034965872972, 13.401075127443439 ], [ 121.926420138968396, 13.401128808138001 ], [ 121.928533380334798, 13.401421447910558 ], [ 121.928881199874269, 13.401255423342644 ], [ 121.929238435771751, 13.401170795595796 ], [ 121.929374062138365, 13.40145372882308 ], [ 121.929906011545214, 13.401656984807968 ], [ 121.929895034112235, 13.401587407868053 ] ] ] } },
{ "type": "Feature", "properties": { "Id": 0, "CLN": "19139", "PSGC": "174001014", "Barangay": "Binunga", "Land_Class": null, "Land_area": 0, "PIN": "030-01-015-07-008" }, "geometry": { "type": "Polygon", "coordinates": [ [ [ 121.926420138968396, 13.401128808138001 ], [ 121.926034965872972, 13.401075127443439 ], [ 121.925974815070603, 13.401854695814906 ], [ 121.926414738283114, 13.402122826752406 ], [ 121.926420138968396, 13.401128808138001 ] ] ] } },
{ "type": "Feature", "properties": { "Id": 0, "CLN": "19172", "PSGC": "174001014", "Barangay": "Binunga", "Land_Class": null, "Land_area": 0, "PIN": "030-01-015-06-003" }, "geometry": { "type": "Polygon", "coordinates": [ [ [ 121.924284589081239, 13.400195964053857 ], [ 121.923937217726191, 13.401121490249205 ], [ 121.92439881212114, 13.401547928646815 ], [ 121.925974815070603, 13.401854695814906 ], [ 121.926034965872972, 13.401075127443434 ], [ 121.924284589081239, 13.400195964053857 ] ] ] } },
{ "type": "Feature", "properties": { "Id": 0, "CLN": "19179", "PSGC": "174001014", "Barangay": "Binunga", "Land_Class": null, "Land_area": 0, "PIN": "030-01-015-06-002" }, "geometry": { "type": "Polygon", "coordinates": [ [ [ 121.92329776204987, 13.399669503466267 ], [ 121.923859978048498, 13.400839399872037 ], [ 121.923937217726191, 13.401121490249205 ], [ 121.924284589081239, 13.400195964053857 ], [ 121.923766345215853, 13.399364125393483 ], [ 121.92329776204987, 13.399669503466267 ] ] ] } },
{ "type": "Feature", "properties": { "Id": 0, "CLN": "19180", "PSGC": "174001014", "Barangay": "Binunga", "Land_Class": null, "Land_area": 0, "PIN": "030-01-015-06-001" }, "geometry": { "type": "Polygon", "coordinates": [ [ [ 121.922676191337843, 13.399915680088668 ], [ 121.92221580956911, 13.400733587027387 ], [ 121.922673955506397, 13.401094147382304 ], [ 121.922873066205298, 13.400868124401484 ], [ 121.923666781099385, 13.401416735516912 ], [ 121.923937217726191, 13.401121490249205 ], [ 121.923859978048498, 13.400839399872037 ], [ 121.92329776204987, 13.399669503466267 ], [ 121.922676191337843, 13.399915680088668 ] ] ] } },
{ "type": "Feature", "properties": { "Id": 0, "CLN": "19191", "PSGC": "174001014", "Barangay": "Binunga", "Land_Class": null, "Land_area": 0, "PIN": "030-01-015-02-015" }, "geometry": { "type": "Polygon", "coordinates": [ [ [ 121.921060307033542, 13.400011441981956 ], [ 121.921483858100942, 13.398908163032887 ], [ 121.919778268216618, 13.39916799613829 ], [ 121.920434865238136, 13.400286870167275 ], [ 121.921060307033542, 13.400011441981956 ] ] ] } },
{ "type": "Feature", "properties": { "Id": 0, "CLN": "19192", "PSGC": "174001014", "Barangay": "Binunga", "Land_Class": null, "Land_area": 0, "PIN": "030-01-015-02-016" }, "geometry": { "type": "Polygon", "coordinates": [ [ [ 121.920434865238136, 13.400286870167275 ], [ 121.919778268216646, 13.39916799613829 ], [ 121.919041578492156, 13.399245346500225 ], [ 121.91942193923019, 13.400282537017539 ], [ 121.920434865238136, 13.400286870167275 ] ] ] } },
{ "type": "Feature", "properties": { "Id": 0, "CLN": "19193", "PSGC": "174001014", "Barangay": "Binunga", "Land_Class": null, "Land_area": 0, "PIN": "030-01-015-02-017" }, "geometry": { "type": "Polygon", "coordinates": [ [ [ 121.919041578492156, 13.399245346500225 ], [ 121.918162822487631, 13.39932940448535 ], [ 121.918495104710473, 13.401087258432735 ], [ 121.919646885884632, 13.400967775910619 ], [ 121.91942193923019, 13.400282537017539 ], [ 121.919041578492156, 13.399245346500225 ] ] ] } },
{ "type": "Feature", "properties": { "Id": 0, "CLN": "19190", "PSGC": "174001014", "Barangay": "Binunga", "Land_Class": null, "Land_area": 0, "PIN": "030-01-015-02-013" }, "geometry": { "type": "Polygon", "coordinates": [ [ [ 121.919646885884632, 13.400967775910619 ], [ 121.921269836111492, 13.401640695958124 ], [ 121.922323883764804, 13.401645197640111 ], [ 121.922673955506397, 13.401094147382304 ], [ 121.92221580956911, 13.400733587027387 ], [ 121.922676191337843, 13.399915680088668 ], [ 121.921060307033542, 13.400011441981956 ], [ 121.920434865238136, 13.400286870167275 ], [ 121.91942193923019, 13.400282537017539 ], [ 121.919646885884632, 13.400967775910619 ] ] ] } },
{ "type": "Feature", "properties": { "Id": 0, "CLN": "19189", "PSGC": "174001014", "Barangay": "Binunga", "Land_Class": null, "Land_area": 0, "PIN": "030-01-015-01-020" }, "geometry": { "type": "Polygon", "coordinates": [ [ [ 121.922323883764804, 13.401645197640111 ], [ 121.921269836111492, 13.401640695958124 ], [ 121.921371932159389, 13.402215631738045 ], [ 121.921880007482017, 13.402276349814946 ], [ 121.922323883764804, 13.401645197640111 ] ] ] } },
{ "type": "Feature", "properties": { "Id": 0, "CLN": "19194", "PSGC": "174001014", "Barangay": "Binunga", "Land_Class": null, "Land_area": 0, "PIN": "030-01-015-02-012" }, "geometry": { "type": "Polygon", "coordinates": [ [ [ 121.921371932159389, 13.402215631738045 ], [ 121.921269836111492, 13.401640695958124 ], [ 121.919646885884632, 13.400967775910619 ], [ 121.91849510471053, 13.401087258432735 ], [ 121.918864873370296, 13.401985353564866 ], [ 121.921371932159389, 13.402215631738045 ] ] ] } },
{ "type": "Feature", "properties": { "Id": 0, "CLN": "19196", "PSGC": "174001014", "Barangay": "Binunga", "Land_Class": null, "Land_area": 0, "PIN": "030-01-015-02-009" }, "geometry": { "type": "Polygon", "coordinates": [ [ [ 121.916706734113504, 13.40272849220533 ], [ 121.91681201775387, 13.402650674819538 ], [ 121.91702657438735, 13.40272008089938 ], [ 121.917141632620584, 13.402691223538941 ], [ 121.917306374433224, 13.402726172930496 ], [ 121.917436291773285, 13.402726730107943 ], [ 121.917576924999452, 13.402565902963207 ], [ 121.917831565791687, 13.402611021117927 ], [ 121.918076738077133, 13.402538694638787 ], [ 121.918305673275455, 13.402491591018553 ], [ 121.918585482379413, 13.402609885175236 ], [ 121.918877028344994, 13.402611133949575 ], [ 121.918864873370296, 13.401985353564866 ], [ 121.91849510471053, 13.40108725843273 ], [ 121.918066405187048, 13.401000443032578 ], [ 121.91778530533324, 13.400954810528667 ], [ 121.917316938871195, 13.400934458079083 ], [ 121.916941014149813, 13.401193335316231 ], [ 121.916472072392011, 13.401301389164052 ], [ 121.915816013646122, 13.401349936741287 ], [ 121.915818046736987, 13.401443019609976 ], [ 121.91572271310929, 13.401530662981441 ], [ 121.916006346876358, 13.401796039409041 ], [ 121.916256768819935, 13.402284449671615 ], [ 121.916531626355962, 13.402776658925552 ], [ 121.916706734113504, 13.40272849220533 ] ] ] } },
{ "type": "Feature", "properties": { "Id": 0, "CLN": "19197", "PSGC": "174001014", "Barangay": "Binunga", "Land_Class": null, "Land_area": 0, "PIN": "030-01-015-02-010" }, "geometry": { "type": "Polygon", "coordinates": [ [ [ 121.918950966193023, 13.40279441209143 ], [ 121.918877028345008, 13.402611133949575 ], [ 121.918585482379413, 13.402609885175236 ], [ 121.918305673275455, 13.402491591018553 ], [ 121.918076738077133, 13.402538694638787 ], [ 121.917831565791687, 13.402611021117927 ], [ 121.917576924999452, 13.402565902963207 ], [ 121.917436291773285, 13.402726730107943 ], [ 121.917306374433224, 13.402726172930496 ], [ 121.917415976148192, 13.402800020345975 ], [ 121.917525118294407, 13.402976594055412 ], [ 121.917634654534552, 13.403065116579546 ], [ 121.917794399865144, 13.403100044250916 ], [ 121.91793415792884, 13.403134886147807 ], [ 121.918079284772787, 13.403086589957335 ], [ 121.918950966193023, 13.40279441209143 ] ] ] } },
{ "type": "Feature", "properties": { "Id": 0, "CLN": "19263", "PSGC": "174001014", "Barangay": "Binunga", "Land_Class": null, "Land_area": 0, "PIN": "030-01-015-02-011" }, "geometry": { "type": "Polygon", "coordinates": [ [ [ 121.918950966193023, 13.402794412091435 ], [ 121.920037726958384, 13.403007639943096 ], [ 121.920167536507918, 13.403235067596823 ], [ 121.920879999928388, 13.403563785987718 ], [ 121.921014478138503, 13.402744692867845 ], [ 121.921165098651258, 13.402496508814302 ], [ 121.921371932159389, 13.402215631738045 ], [ 121.918864873370296, 13.401985353564866 ], [ 121.918877028345008, 13.402611133949575 ], [ 121.918950966193023, 13.402794412091435 ] ] ] } },
{ "type": "Feature", "properties": { "Id": 0, "CLN": "19181", "PSGC": "174001014", "Barangay": "Binunga", "Land_Class": null, "Land_area": 0, "PIN": "030-01-015-01-015" }, "geometry": { "type": "Polygon", "coordinates": [ [ [ 121.920879999928417, 13.403563785987718 ], [ 121.922144882213459, 13.404768198941591 ], [ 121.922235089542085, 13.404656367668824 ], [ 121.922757830739954, 13.40366328767343 ], [ 121.924341228108204, 13.402869887218797 ], [ 121.92439881212114, 13.401547928646815 ], [ 121.923937217726191, 13.401121490249205 ], [ 121.923666781099385, 13.401416735516912 ], [ 121.922873066205341, 13.400868124401482 ], [ 121.922673955506397, 13.401094147382304 ], [ 121.922323883764804, 13.401645197640111 ], [ 121.921880007482017, 13.402276349814946 ], [ 121.921371932159389, 13.402215631738045 ], [ 121.921165098651258, 13.402496508814302 ], [ 121.921014478138503, 13.402744692867845 ], [ 121.920879999928417, 13.403563785987718 ] ] ] } },
{ "type": "Feature", "properties": { "Id": 0, "CLN": "19171", "PSGC": "174001014", "Barangay": "Binunga", "Land_Class": null, "Land_area": 0, "PIN": "030-01-015-01-016" }, "geometry": { "type": "Polygon", "coordinates": [ [ [ 121.92641173457956, 13.402624469220958 ], [ 121.926674132192176, 13.402301601426636 ], [ 121.926414738283071, 13.402122826752406 ], [ 121.925974815070603, 13.401854695814906 ], [ 121.92439881212114, 13.401547928646815 ], [ 121.924341228108204, 13.402869887218795 ], [ 121.924913400421616, 13.403086999870606 ], [ 121.925904877626166, 13.403154647335704 ], [ 121.926407453407265, 13.403332428723251 ], [ 121.926458128246054, 13.403369110068256 ], [ 121.926510111705241, 13.403329730803756 ], [ 121.926806695060748, 13.403084770504577 ], [ 121.926862013528591, 13.402884800489005 ], [ 121.92641173457956, 13.402624469220958 ] ] ] } },
{ "type": "Feature", "properties": { "Id": 0, "CLN": "19170", "PSGC": "174001014", "Barangay": "Binunga", "Land_Class": null, "Land_area": 0, "PIN": "030-01-015-01-017" }, "geometry": { "type": "Polygon", "coordinates": [ [ [ 121.925904877626166, 13.403154647335704 ], [ 121.924913400421644, 13.403086999870606 ], [ 121.925057429459969, 13.403199829823237 ], [ 121.925996990665482, 13.403735638257791 ], [ 121.926458128246054, 13.403369110068256 ], [ 121.926407453407265, 13.403332428723251 ], [ 121.925904877626166, 13.403154647335704 ] ] ] } },
{ "type": "Feature", "properties": { "Id": 0, "CLN": "19167", "PSGC": "174001014", "Barangay": "Binunga", "Land_Class": null, "Land_area": 0, "PIN": "030-01-015-01-011" }, "geometry": { "type": "Polygon", "coordinates": [ [ [ 121.926610593584144, 13.40339226474914 ], [ 121.926510111705241, 13.403329730803756 ], [ 121.926458128246054, 13.403369110068256 ], [ 121.925996990665482, 13.403735638257791 ], [ 121.926413068744949, 13.404313128312674 ], [ 121.926724207184833, 13.404700640773449 ], [ 121.9265905609182, 13.405611540662322 ], [ 121.927251554423236, 13.405789710969669 ], [ 121.9276319755228, 13.40533287244015 ], [ 121.927659361328494, 13.405048028829938 ], [ 121.92736638092785, 13.404633957303639 ], [ 121.927389484360717, 13.404473308841897 ], [ 121.926610593584144, 13.40339226474914 ] ] ] } },
{ "type": "Feature", "properties": { "Id": 0, "CLN": "19169", "PSGC": "174001014", "Barangay": "Binunga", "Land_Class": null, "Land_area": 0, "PIN": "030-01-015-01-013" }, "geometry": { "type": "Polygon", "coordinates": [ [ [ 121.925996990665482, 13.403735638257791 ], [ 121.925057429459969, 13.40319982982324 ], [ 121.924913400421673, 13.403086999870606 ], [ 121.924341228108204, 13.402869887218797 ], [ 121.924238770550375, 13.404616125640944 ], [ 121.924518228881922, 13.404534373881699 ], [ 121.925112266969762, 13.405439515875946 ], [ 121.925841672724232, 13.405042544692765 ], [ 121.925996990665482, 13.403735638257791 ] ] ] } },
{ "type": "Feature", "properties": { "Id": 0, "CLN": "19168", "PSGC": "174001014", "Barangay": "Binunga", "Land_Class": null, "Land_area": 0, "PIN": "030-01-015-01-012" }, "geometry": { "type": "Polygon", "coordinates": [ [ [ 121.926413068744949, 13.404313128312674 ], [ 121.925996990665482, 13.403735638257791 ], [ 121.925841672724246, 13.405042544692765 ], [ 121.925112266969734, 13.405439515875948 ], [ 121.925758812465176, 13.405744765462387 ], [ 121.926402173358724, 13.405645044376923 ], [ 121.9265905609182, 13.405611540662322 ], [ 121.926724207184833, 13.404700640773449 ], [ 121.926413068744949, 13.404313128312674 ] ] ] } },
{ "type": "Feature", "properties": { "Id": 0, "CLN": "19182", "PSGC": "174001014", "Barangay": "Binunga", "Land_Class": null, "Land_area": 0, "PIN": "030-01-015-01-014" }, "geometry": { "type": "Polygon", "coordinates": [ [ [ 121.925112266969734, 13.405439515875948 ], [ 121.924518228881922, 13.404534373881699 ], [ 121.924238770550403, 13.40461612564094 ], [ 121.924341228108204, 13.402869887218795 ], [ 121.922757830739954, 13.40366328767343 ], [ 121.922235089542085, 13.404656367668824 ], [ 121.923398707713773, 13.405233370654621 ], [ 121.924268839851678, 13.405699387366145 ], [ 121.925112266969734, 13.405439515875948 ] ] ] } },
{ "type": "Feature", "properties": { "Id": 0, "CLN": "19166", "PSGC": "174001014", "Barangay": "Binunga", "Land_Class": null, "Land_area": 0, "PIN": "030-01-015-01-005" }, "geometry": { "type": "Polygon", "coordinates": [ [ [ 121.927251554423236, 13.405789710969669 ], [ 121.9265905609182, 13.405611540662322 ], [ 121.926458640978595, 13.406185770378013 ], [ 121.926407880927869, 13.406230546594845 ], [ 121.925936394107481, 13.406906718968957 ], [ 121.925089300486135, 13.408149052669854 ], [ 121.926357169775514, 13.408594728835109 ], [ 121.926309214974282, 13.407516787901526 ], [ 121.926402677895226, 13.407404242066265 ], [ 121.926511247427101, 13.407272564082623 ], [ 121.926898282801034, 13.406908564229543 ], [ 121.926973372888568, 13.406806590227768 ], [ 121.927251554423236, 13.405789710969669 ] ] ] } },
{ "type": "Feature", "properties": { "Id": 0, "CLN": "19272", "PSGC": "174001014", "Barangay": "Binunga", "Land_Class": null, "Land_area": 0, "PIN": "030-01-015-01-004" }, "geometry": { "type": "Polygon", "coordinates": [ [ [ 121.925089300486135, 13.408149052669854 ], [ 121.925936394107481, 13.406906718968957 ], [ 121.926407880927869, 13.406230546594845 ], [ 121.926458640978595, 13.406185770378013 ], [ 121.9265905609182, 13.405611540662322 ], [ 121.926402173358724, 13.405645044376923 ], [ 121.925758812465205, 13.405744765462387 ], [ 121.925112266969734, 13.405439515875948 ], [ 121.924268839851678, 13.405699387366145 ], [ 121.923398707713773, 13.405233370654621 ], [ 121.922655206694699, 13.405871038750629 ], [ 121.921641690353738, 13.40677764874126 ], [ 121.922204994088617, 13.406923596928699 ], [ 121.923391391119495, 13.407205435687807 ], [ 121.923744750879536, 13.407163725451754 ], [ 121.924493865025696, 13.407474243515201 ], [ 121.925089300486135, 13.408149052669854 ] ] ] } },
{ "type": "Feature", "properties": { "Id": 0, "CLN": "19183", "PSGC": "174001014", "Barangay": "Binunga", "Land_Class": null, "Land_area": 0, "PIN": "030-01-015-01-003" }, "geometry": { "type": "Polygon", "coordinates": [ [ [ 121.922144882213487, 13.404768198941593 ], [ 121.921887503837112, 13.404769113385854 ], [ 121.920937598717799, 13.406586930710006 ], [ 121.921089469227979, 13.406675913425481 ], [ 121.921303866069536, 13.406654746558072 ], [ 121.921641690353795, 13.40677764874126 ], [ 121.922655206694699, 13.405871038750629 ], [ 121.923398707713773, 13.405233370654621 ], [ 121.922235089542085, 13.404656367668824 ], [ 121.922144882213487, 13.404768198941593 ] ] ] } },
{ "type": "Feature", "properties": { "Id": 0, "CLN": "19184", "PSGC": "174001014", "Barangay": "Binunga", "Land_Class": null, "Land_area": 0, "PIN": "030-01-015-01-002" }, "geometry": { "type": "Polygon", "coordinates": [ [ [ 121.920937598717799, 13.406586930710006 ], [ 121.921887503837112, 13.404769113385854 ], [ 121.920935703569128, 13.404483483295623 ], [ 121.920352897307041, 13.406181408930649 ], [ 121.920937598717799, 13.406586930710006 ] ] ] } },
{ "type": "Feature", "properties": { "Id": 0, "CLN": "19185", "PSGC": "174001014", "Barangay": "Binunga", "Land_Class": null, "Land_area": 0, "PIN": "030-01-015-01-001" }, "geometry": { "type": "Polygon", "coordinates": [ [ [ 121.920352897307041, 13.406181408930648 ], [ 121.920935703569128, 13.404483483295623 ], [ 121.921887503837112, 13.404769113385854 ], [ 121.922144882213487, 13.404768198941596 ], [ 121.920879999928417, 13.403563785987718 ], [ 121.920080235299537, 13.404950439338602 ], [ 121.919491990312054, 13.405747099403801 ], [ 121.919941614329986, 13.406091315783192 ], [ 121.920352897307041, 13.406181408930648 ] ] ] } },
{ "type": "Feature", "properties": { "Id": 0, "CLN": "19186", "PSGC": "174001014", "Barangay": "Binunga", "Land_Class": null, "Land_area": 0, "PIN": "030-01-015-02-004" }, "geometry": { "type": "Polygon", "coordinates": [ [ [ 121.920080235299537, 13.404950439338602 ], [ 121.920879999928417, 13.403563785987718 ], [ 121.920167536507918, 13.403235067596823 ], [ 121.919512420647081, 13.404803123934903 ], [ 121.920080235299537, 13.404950439338602 ] ] ] } },
{ "type": "Feature", "properties": { "Id": 0, "CLN": "19187", "PSGC": "174001014", "Barangay": "Binunga", "Land_Class": null, "Land_area": 0, "PIN": "030-01-015-02-005" }, "geometry": { "type": "Polygon", "coordinates": [ [ [ 121.919512420647081, 13.404803123934901 ], [ 121.920167536507918, 13.403235067596823 ], [ 121.920037726958412, 13.403007639943095 ], [ 121.919406909850636, 13.40375053607252 ], [ 121.918685485649647, 13.404285728082199 ], [ 121.919398093263283, 13.404777373845544 ], [ 121.919512420647081, 13.404803123934901 ] ] ] } },
{ "type": "Feature", "properties": { "Id": 0, "CLN": "19188pt.", "PSGC": "174001014", "Barangay": "Binunga", "Land_Class": null, "Land_area": 0, "PIN": "030-01-015-02-032" }, "geometry": { "type": "Polygon", "coordinates": [ [ [ 121.918252990265017, 13.403824734011925 ], [ 121.917960721056403, 13.403126046317141 ], [ 121.917934157928883, 13.403134886147809 ], [ 121.917794399865144, 13.403100044250916 ], [ 121.917634654534552, 13.403065116579546 ], [ 121.917525118294407, 13.402976594055412 ], [ 121.917415976148249, 13.402800020345978 ], [ 121.917306374433224, 13.402726172930496 ], [ 121.917141632620584, 13.402691223538941 ], [ 121.91702657438735, 13.40272008089938 ], [ 121.91681201775387, 13.402650674819538 ], [ 121.916706734113518, 13.402728492205332 ], [ 121.91653162635599, 13.402776658925552 ], [ 121.915583210398637, 13.403650702383942 ], [ 121.915842587264152, 13.403972933618508 ], [ 121.915906524740677, 13.404261122928371 ], [ 121.915845789724585, 13.404433298764419 ], [ 121.915920150617026, 13.404565697327159 ], [ 121.91609605965688, 13.404617816921393 ], [ 121.916992597967678, 13.403594382527189 ], [ 121.917735864861186, 13.404158907213766 ], [ 121.918073546132746, 13.404072302017704 ], [ 121.918331408805898, 13.404015070304668 ], [ 121.918247614530145, 13.403836664299934 ], [ 121.918252990265017, 13.403824734011925 ] ] ] } },
{ "type": "Feature", "properties": { "Id": 0, "CLN": "19257", "PSGC": "174001014", "Barangay": "Binunga", "Land_Class": null, "Land_area": 0, "PIN": "030-01-015-02-006" }, "geometry": { "type": "Polygon", "coordinates": [ [ [ 121.918685485649675, 13.404285728082199 ], [ 121.919406909850636, 13.40375053607252 ], [ 121.918437591157087, 13.403916150279908 ], [ 121.918320238399104, 13.403675491112812 ], [ 121.918247614530145, 13.403836664299934 ], [ 121.918331408805926, 13.404015070304668 ], [ 121.918685485649675, 13.404285728082199 ] ] ] } },
{ "type": "Feature", "properties": { "Id": 0, "CLN": "19199", "PSGC": "174001014", "Barangay": "Binunga", "Land_Class": null, "Land_area": 0, "PIN": "030-01-015-02-002" }, "geometry": { "type": "Polygon", "coordinates": [ [ [ 121.918067214377231, 13.40539870184165 ], [ 121.918168638915859, 13.405418044758935 ], [ 121.918685485649675, 13.404285728082199 ], [ 121.918331408805898, 13.404015070304668 ], [ 121.918073546132746, 13.404072302017704 ], [ 121.917735864861186, 13.404158907213766 ], [ 121.916797343749167, 13.404678445420178 ], [ 121.917215973787322, 13.404927378968527 ], [ 121.917414599216499, 13.404928230988423 ], [ 121.917681664502993, 13.404986202630914 ], [ 121.918067214377231, 13.40539870184165 ] ] ] } },
{ "type": "Feature", "properties": { "Id": 0, "CLN": "19198", "PSGC": "174001014", "Barangay": "Binunga", "Land_Class": null, "Land_area": 0, "PIN": "030-01-015-02-003" }, "geometry": { "type": "Polygon", "coordinates": [ [ [ 121.918168638915859, 13.405418044758941 ], [ 121.918658711027234, 13.40554436367489 ], [ 121.919001193516166, 13.405570674545162 ], [ 121.919271514740529, 13.405654644740626 ], [ 121.919491990312054, 13.405747099403801 ], [ 121.920080235299551, 13.404950439338602 ], [ 121.919512420647081, 13.404803123934901 ], [ 121.919398093263283, 13.404777373845544 ], [ 121.918685485649675, 13.404285728082199 ], [ 121.918168638915859, 13.405418044758941 ] ] ] } },
{ "type": "Feature", "properties": { "Id": 0, "CLN": "19161", "PSGC": "174001014", "Barangay": "Binunga", "Land_Class": null, "Land_area": 0, "PIN": "030-01-015-01-018" }, "geometry": { "type": "Polygon", "coordinates": [ [ [ 121.926510111705241, 13.403329730803756 ], [ 121.926610593584144, 13.40339226474914 ], [ 121.927389484360717, 13.404473308841897 ], [ 121.927366380927879, 13.404633957303639 ], [ 121.927659361328494, 13.405048028829938 ], [ 121.927766288691032, 13.404966049450751 ], [ 121.928666298091827, 13.404575048745411 ], [ 121.928535072062189, 13.404402205544704 ], [ 121.927655361055685, 13.403522681787511 ], [ 121.92742578150866, 13.403205848467163 ], [ 121.926806695060705, 13.403084770504575 ], [ 121.926510111705241, 13.403329730803756 ] ] ] } },
{ "type": "Feature", "properties": { "Id": 0, "CLN": "19160", "PSGC": "174001014", "Barangay": "Binunga", "Land_Class": null, "Land_area": 0, "PIN": "030-01-015-01-019" }, "geometry": { "type": "Polygon", "coordinates": [ [ [ 121.927655361055713, 13.403522681787512 ], [ 121.928535072062189, 13.404402205544704 ], [ 121.928666298091827, 13.404575048745411 ], [ 121.928799881101114, 13.404544923394075 ], [ 121.929759828918137, 13.403574947596928 ], [ 121.929302821767834, 13.403282276518132 ], [ 121.928717366668963, 13.403017773972968 ], [ 121.927655361055713, 13.403522681787512 ] ] ] } },
{ "type": "Feature", "properties": { "Id": 0, "CLN": "19162", "PSGC": "174001014", "Barangay": "Binunga", "Land_Class": null, "Land_area": 0, "PIN": "030-01-015-01-010" }, "geometry": { "type": "Polygon", "coordinates": [ [ [ 121.928410171598713, 13.405730737681745 ], [ 121.929181515987054, 13.405586370227091 ], [ 121.928799881101114, 13.404544923394075 ], [ 121.928666298091827, 13.404575048745411 ], [ 121.927766288691032, 13.404966049450751 ], [ 121.927659361328494, 13.405048028829938 ], [ 121.927811765352487, 13.405183849615254 ], [ 121.92814212984419, 13.40558346614341 ], [ 121.928410171598713, 13.405730737681745 ] ] ] } },
{ "type": "Feature", "properties": { "Id": 0, "CLN": "19163", "PSGC": "174001014", "Barangay": "Binunga", "Land_Class": null, "Land_area": 0, "PIN": "030-01-015-01-008" }, "geometry": { "type": "Polygon", "coordinates": [ [ [ 121.928576574619711, 13.406918777557774 ], [ 121.929281283014106, 13.406920560262881 ], [ 121.929337102429812, 13.406794910651087 ], [ 121.929630502244351, 13.405955890568048 ], [ 121.929588004985803, 13.405861180554165 ], [ 121.92939262451722, 13.405741797599841 ], [ 121.929181515987054, 13.405586370227091 ], [ 121.928410171598713, 13.405730737681745 ], [ 121.928578053889794, 13.405742410429804 ], [ 121.928637309544897, 13.405844955319925 ], [ 121.928704368649477, 13.405870813312507 ], [ 121.928578451956, 13.406494998846442 ], [ 121.928576574619711, 13.406918777557774 ] ] ] } },
{ "type": "Feature", "properties": { "Id": 0, "CLN": "19159", "PSGC": "174001014", "Barangay": "Binunga", "Land_Class": null, "Land_area": 0, "PIN": "030-01-015-06-004" }, "geometry": { "type": "Polygon", "coordinates": [ [ [ 121.926420138968396, 13.401128808138001 ], [ 121.926414738283114, 13.402122826752406 ], [ 121.926674132192176, 13.402301601426634 ], [ 121.92641173457956, 13.402624469220957 ], [ 121.926862013528591, 13.402884800489005 ], [ 121.926806695060748, 13.403084770504574 ], [ 121.927425781508717, 13.403205848467167 ], [ 121.927655361055741, 13.403522681787505 ], [ 121.928717366668963, 13.403017773972968 ], [ 121.928993882669403, 13.402303976002091 ], [ 121.929374062138365, 13.40145372882308 ], [ 121.929238435771751, 13.401170795595796 ], [ 121.928881199874269, 13.401255423342644 ], [ 121.928533380334827, 13.401421447910558 ], [ 121.926420138968396, 13.401128808138001 ] ] ] } },
{ "type": "Feature", "properties": { "Id": 0, "CLN": "19158", "PSGC": "174001014", "Barangay": "Binunga", "Land_Class": null, "Land_area": 0, "PIN": "030-01-015-06-005" }, "geometry": { "type": "Polygon", "coordinates": [ [ [ 121.929374062138365, 13.40145372882308 ], [ 121.928993882669403, 13.402303976002093 ], [ 121.928717366668963, 13.403017773972968 ], [ 121.929302821767834, 13.403282276518132 ], [ 121.929906011545199, 13.401656984807968 ], [ 121.929374062138365, 13.40145372882308 ] ] ] } },
{ "type": "Feature", "properties": { "Id": 0, "CLN": "19157", "PSGC": "174001014", "Barangay": "Binunga", "Land_Class": null, "Land_area": 0, "PIN": "030-01-015-06-006" }, "geometry": { "type": "Polygon", "coordinates": [ [ [ 121.929759828918137, 13.403574947596926 ], [ 121.930676200513233, 13.402366006266517 ], [ 121.929906011545214, 13.401656984807968 ], [ 121.929302821767834, 13.403282276518132 ], [ 121.929759828918137, 13.403574947596926 ] ] ] } },
{ "type": "Feature", "properties": { "Id": 0, "CLN": "19156", "PSGC": "174001014", "Barangay": "Binunga", "Land_Class": null, "Land_area": 0, "PIN": "030-01-015-06-007" }, "geometry": { "type": "Polygon", "coordinates": [ [ [ 121.929759828918137, 13.403574947596926 ], [ 121.930521881378539, 13.403333841318581 ], [ 121.931061279637419, 13.403171639989205 ], [ 121.93067620051329, 13.402366006266515 ], [ 121.929759828918137, 13.403574947596926 ] ] ] } },
{ "type": "Feature", "properties": { "Id": 0, "CLN": "19155", "PSGC": "174001014", "Barangay": "Binunga", "Land_Class": null, "Land_area": 0, "PIN": "030-01-015-06-008" }, "geometry": { "type": "Polygon", "coordinates": [ [ [ 121.93106127963749, 13.403171639989207 ], [ 121.932015892588907, 13.402867000829989 ], [ 121.931132506791684, 13.40198747304756 ], [ 121.93067620051329, 13.402366006266517 ], [ 121.93106127963749, 13.403171639989207 ] ] ] } },
{ "type": "Feature", "properties": { "Id": 0, "CLN": "19154", "PSGC": "174001014", "Barangay": "Binunga", "Land_Class": null, "Land_area": 0, "PIN": "030-01-015-06-009" }, "geometry": { "type": "Polygon", "coordinates": [ [ [ 121.929906011545214, 13.401656984807968 ], [ 121.93067620051329, 13.402366006266517 ], [ 121.931132506791684, 13.40198747304756 ], [ 121.930889923697606, 13.401293711205822 ], [ 121.929906011545214, 13.401656984807968 ] ] ] } },
{ "type": "Feature", "properties": { "Id": 0, "CLN": "19150", "PSGC": "174001014", "Barangay": "Binunga", "Land_Class": null, "Land_area": 0, "PIN": "030-01-015-06-014" }, "geometry": { "type": "Polygon", "coordinates": [ [ [ 121.930889923697606, 13.401293711205822 ], [ 121.931198465198591, 13.401165802838603 ], [ 121.930768583762926, 13.400543033906152 ], [ 121.930194782694414, 13.400131423213713 ], [ 121.929895034112235, 13.401587407868055 ], [ 121.929906011545214, 13.401656984807968 ], [ 121.930889923697606, 13.401293711205822 ] ] ] } },
{ "type": "Feature", "properties": { "Id": 0, "CLN": "19153", "PSGC": "174001014", "Barangay": "Binunga", "Land_Class": null, "Land_area": 0, "PIN": "030-01-015-06-010" }, "geometry": { "type": "Polygon", "coordinates": [ [ [ 121.932015892588907, 13.402867000829993 ], [ 121.932285828279689, 13.401840398356551 ], [ 121.932341277758184, 13.401146728333345 ], [ 121.93198089240407, 13.4007683275349 ], [ 121.931198465198591, 13.401165802838605 ], [ 121.930889923697606, 13.401293711205822 ], [ 121.931132506791684, 13.40198747304756 ], [ 121.932015892588907, 13.402867000829993 ] ] ] } },
{ "type": "Feature", "properties": { "Id": 0, "CLN": "19151", "PSGC": "174001014", "Barangay": "Binunga", "Land_Class": null, "Land_area": 0, "PIN": "030-01-015-06-012" }, "geometry": { "type": "Polygon", "coordinates": [ [ [ 121.932285828279689, 13.401840398356551 ], [ 121.933059190173765, 13.401513180040206 ], [ 121.93333377461299, 13.400563175476137 ], [ 121.933275759579104, 13.400208486844599 ], [ 121.932444338294857, 13.400640175456505 ], [ 121.93198089240407, 13.4007683275349 ], [ 121.932341277758184, 13.401146728333346 ], [ 121.932285828279689, 13.401840398356551 ] ] ] } },
{ "type": "Feature", "properties": { "Id": 0, "CLN": "19152", "PSGC": "174001014", "Barangay": "Binunga", "Land_Class": null, "Land_area": 0, "PIN": "030-01-015-06-011" }, "geometry": { "type": "Polygon", "coordinates": [ [ [ 121.932015892588907, 13.402867000829989 ], [ 121.932719565597765, 13.402921386141989 ], [ 121.933075260877644, 13.402285788884685 ], [ 121.933059190173793, 13.401513180040205 ], [ 121.932285828279689, 13.401840398356551 ], [ 121.932015892588907, 13.402867000829989 ] ] ] } },
{ "type": "Feature", "properties": { "Id": 0, "CLN": "19250", "PSGC": "174001014", "Barangay": "Binunga", "Land_Class": null, "Land_area": 0, "PIN": "030-01-015-03-051" }, "geometry": { "type": "Polygon", "coordinates": [ [ [ 121.906817589815859, 13.399711348808932 ], [ 121.907204914984092, 13.399898280558009 ], [ 121.907710747873395, 13.399629711912022 ], [ 121.907289694482046, 13.399390383541911 ], [ 121.9068328325382, 13.399559410655494 ], [ 121.906817589815859, 13.399711348808932 ] ] ] } },
{ "type": "Feature", "properties": { "Id": 0, "CLN": "19269", "PSGC": "174001014", "Barangay": "Binunga", "Land_Class": null, "Land_area": 0, "PIN": "030-01-015-03-057" }, "geometry": { "type": "Polygon", "coordinates": [ [ [ 121.905374275199662, 13.400758002461892 ], [ 121.905573380841219, 13.401500732232599 ], [ 121.905954473252478, 13.402295218588497 ], [ 121.906198489964396, 13.402701187948596 ], [ 121.90634320816514, 13.403319093333835 ], [ 121.906498152707229, 13.403594425157472 ], [ 121.906792697683642, 13.403700468407591 ], [ 121.90686937059975, 13.404015102776949 ], [ 121.90717409349584, 13.403907669662091 ], [ 121.907476117773484, 13.403828435135404 ], [ 121.907896331390035, 13.403892897319631 ], [ 121.90824470781034, 13.403670676673501 ], [ 121.908329522924589, 13.403107249685466 ], [ 121.909071049874726, 13.402868829459138 ], [ 121.90858500915509, 13.401016291173903 ], [ 121.908482558021475, 13.401034936790889 ], [ 121.907869298694848, 13.401186053393207 ], [ 121.90620772317817, 13.400678316645406 ], [ 121.905627728324234, 13.400540062667771 ], [ 121.905374275199662, 13.400758002461892 ] ] ] } },
{ "type": "Feature", "properties": { "Id": 0, "CLN": "19248", "PSGC": "174001014", "Barangay": "Binunga", "Land_Class": null, "Land_area": 0, "PIN": "030-01-015-03-053" }, "geometry": { "type": "Polygon", "coordinates": [ [ [ 121.907869298694891, 13.40118605339322 ], [ 121.908482558021504, 13.40103493679092 ], [ 121.90858500915509, 13.401016291173919 ], [ 121.90826328914099, 13.400384978534113 ], [ 121.908208127909148, 13.40045632200993 ], [ 121.908138553048502, 13.400481074836113 ], [ 121.907912211239179, 13.40040851389432 ], [ 121.907869298694891, 13.40118605339322 ] ] ] } },
{ "type": "Feature", "properties": { "Id": 0, "CLN": "19254", "PSGC": "174001014", "Barangay": "Binunga", "Land_Class": null, "Land_area": 0, "PIN": "030-01-015-03-054" }, "geometry": { "type": "Polygon", "coordinates": [ [ [ 121.90620772317817, 13.400678316645406 ], [ 121.907869298694848, 13.401186053393207 ], [ 121.907912211239122, 13.400408513894321 ], [ 121.907427384712648, 13.400230391850075 ], [ 121.907412588814452, 13.400268504882799 ], [ 121.906198254137877, 13.400392094542097 ], [ 121.90620772317817, 13.400678316645406 ] ] ] } },
{ "type": "Feature", "properties": { "Id": 0, "CLN": "19255", "PSGC": "174001014", "Barangay": "Binunga", "Land_Class": null, "Land_area": 0, "PIN": "030-01-015-03-055" }, "geometry": { "type": "Polygon", "coordinates": [ [ [ 121.906198254137877, 13.400392094542097 ], [ 121.907412588814452, 13.400268504882799 ], [ 121.907427384712648, 13.400230391850075 ], [ 121.907427664819039, 13.400168355338542 ], [ 121.907204914984092, 13.399898280558009 ], [ 121.906817589815859, 13.399711348808932 ], [ 121.906198254137877, 13.400392094542097 ] ] ] } },
{ "type": "Feature", "properties": { "Id": 0, "CLN": "19249", "PSGC": "174001014", "Barangay": "Binunga", "Land_Class": null, "Land_area": 0, "PIN": "030-01-015-03-052" }, "geometry": { "type": "Polygon", "coordinates": [ [ [ 121.907710747873395, 13.399629711912022 ], [ 121.907204914984092, 13.399898280558009 ], [ 121.907427664819039, 13.400168355338542 ], [ 121.907427384712648, 13.400230391850075 ], [ 121.907912211239122, 13.400408513894321 ], [ 121.908138553048502, 13.40048107483608 ], [ 121.90820812790912, 13.400456322009912 ], [ 121.90826328914099, 13.400384978534129 ], [ 121.907710747873395, 13.399629711912022 ] ] ] } },
{ "type": "Feature", "properties": { "Id": 0, "CLN": "19252", "PSGC": "174001014", "Barangay": "Binunga", "Land_Class": null, "Land_area": 0, "PIN": "030-01-015-03-049" }, "geometry": { "type": "Polygon", "coordinates": [ [ [ 121.9068328325382, 13.399559410655494 ], [ 121.907289694482046, 13.399390383541911 ], [ 121.907255910637346, 13.399342033117218 ], [ 121.90738887922997, 13.399041964167948 ], [ 121.90715496868863, 13.39902663549325 ], [ 121.906675868043791, 13.399334750024225 ], [ 121.9068328325382, 13.399559410655494 ] ] ] } },
{ "type": "Feature", "properties": { "Id": 0, "CLN": "19251", "PSGC": "174001014", "Barangay": "Binunga", "Land_Class": null, "Land_area": 0, "PIN": "030-01-015-03-050" }, "geometry": { "type": "Polygon", "coordinates": [ [ [ 121.90738887922997, 13.399041964167948 ], [ 121.907255910637346, 13.399342033117218 ], [ 121.907289694482046, 13.399390383541911 ], [ 121.907710747873395, 13.399629711912022 ], [ 121.90738887922997, 13.399041964167948 ] ] ] } },
{ "type": "Feature", "properties": { "Id": 0, "CLN": "19252", "PSGC": "174001014", "Barangay": "Binunga", "Land_Class": null, "Land_area": 0, "PIN": "030-01-015-03-049" }, "geometry": { "type": "Polygon", "coordinates": [ [ [ 121.906675868043791, 13.399334750024225 ], [ 121.90715496868863, 13.39902663549325 ], [ 121.906736776442216, 13.398800534969208 ], [ 121.906452439479082, 13.399157213596412 ], [ 121.906675868043791, 13.399334750024225 ] ] ] } },
{ "type": "Feature", "properties": { "Id": 0, "CLN": "19260", "PSGC": "174001014", "Barangay": "Binunga", "Land_Class": null, "Land_area": 0, "PIN": "030-01-015-03-047" }, "geometry": { "type": "Polygon", "coordinates": [ [ [ 121.907055909479212, 13.398574473836193 ], [ 121.906684493335987, 13.397997467018149 ], [ 121.906508454622696, 13.398424687427587 ], [ 121.906595185826475, 13.398580206711967 ], [ 121.906736776442216, 13.398800534969208 ], [ 121.907154968688658, 13.39902663549325 ], [ 121.907388879229941, 13.399041964167964 ], [ 121.907055909479212, 13.398574473836193 ] ] ] } },
{ "type": "Feature", "properties": { "Id": 0, "CLN": "19083", "PSGC": "174001014", "Barangay": "Binunga", "Land_Class": null, "Land_area": 0, "PIN": "030-01-015-03-046" }, "geometry": { "type": "Polygon", "coordinates": [ [ [ 121.906595185826475, 13.398580206711967 ], [ 121.906508454622724, 13.398424687427589 ], [ 121.906294637684098, 13.398578905109622 ], [ 121.905927462286954, 13.398830434524546 ], [ 121.906452439479082, 13.399157213596416 ], [ 121.906736776442216, 13.398800534969208 ], [ 121.906595185826475, 13.398580206711967 ] ] ] } },
{ "type": "Feature", "properties": { "Id": 0, "CLN": "19256", "PSGC": "174001014", "Barangay": "Binunga", "Land_Class": null, "Land_area": 0, "PIN": "030-01-015-03-056" }, "geometry": { "type": "Polygon", "coordinates": [ [ [ 121.905374275199662, 13.400758002461892 ], [ 121.905627728324262, 13.400540062667755 ], [ 121.90620772317817, 13.400678316645406 ], [ 121.906198254137905, 13.400392094542113 ], [ 121.906817589815859, 13.399711348808962 ], [ 121.9068328325382, 13.399559410655494 ], [ 121.906675868043791, 13.399334750024225 ], [ 121.906452439479082, 13.399157213596416 ], [ 121.905927462286954, 13.398830434524546 ], [ 121.905062354327725, 13.398581589315359 ], [ 121.904768336101469, 13.398344923878009 ], [ 121.904589987714161, 13.398579540579115 ], [ 121.905374275199662, 13.400758002461892 ] ] ] } },
{ "type": "Feature", "properties": { "Id": 0, "CLN": "19084", "PSGC": "174001014", "Barangay": "Binunga", "Land_Class": null, "Land_area": 0, "PIN": "030-01-015-03-039" }, "geometry": { "type": "Polygon", "coordinates": [ [ [ 121.908780267339466, 13.398581931555604 ], [ 121.909000562951292, 13.398202454164736 ], [ 121.908812284456658, 13.397944850860004 ], [ 121.908730031388828, 13.397873164923622 ], [ 121.907829550297805, 13.397208276161738 ], [ 121.907474499832659, 13.398386070726184 ], [ 121.907121932439892, 13.397937540863138 ], [ 121.906684493335987, 13.397997467018149 ], [ 121.907055909479212, 13.398574473836193 ], [ 121.907388879229941, 13.399041964167964 ], [ 121.907710747873395, 13.39962971191204 ], [ 121.90826328914099, 13.400384978534113 ], [ 121.90843385503392, 13.399359853941798 ], [ 121.908780267339466, 13.398581931555604 ] ] ] } },
{ "type": "Feature", "properties": { "Id": 0, "CLN": "19244", "PSGC": "174001014", "Barangay": "Binunga", "Land_Class": null, "Land_area": 0, "PIN": "030-01-015-03-017" }, "geometry": { "type": "Polygon", "coordinates": [ [ [ 121.909766275318347, 13.40118946835883 ], [ 121.909585084113473, 13.401148557416548 ], [ 121.909499588493276, 13.401258245506552 ], [ 121.909762481160797, 13.401838925087924 ], [ 121.910319865529956, 13.401733854774053 ], [ 121.910694988337738, 13.40167372426915 ], [ 121.910684689809955, 13.401620022739701 ], [ 121.910641723118331, 13.401346113340139 ], [ 121.910080102461407, 13.401263293168203 ], [ 121.909766275318347, 13.40118946835883 ] ] ] } },
{ "type": "Feature", "properties": { "Id": 0, "CLN": "19243", "PSGC": "174001014", "Barangay": "Binunga", "Land_Class": null, "Land_area": 0, "PIN": "030-01-015-03-018" }, "geometry": { "type": "Polygon", "coordinates": [ [ [ 121.91033820099743, 13.401185124322657 ], [ 121.909979930207328, 13.400762932077493 ], [ 121.909766933945491, 13.400953386957788 ], [ 121.909585084113473, 13.401148557416548 ], [ 121.909766275318347, 13.40118946835883 ], [ 121.910080102461407, 13.401263293168203 ], [ 121.910641723118331, 13.401346113340139 ], [ 121.910635077668189, 13.401209087379648 ], [ 121.91033820099743, 13.401185124322657 ] ] ] } },
{ "type": "Feature", "properties": { "Id": 0, "CLN": "19117", "PSGC": "174001014", "Barangay": "Binunga", "Land_Class": null, "Land_area": 0, "PIN": "030-01-015-10-008" }, "geometry": { "type": "Polygon", "coordinates": [ [ [ 121.91807209481334, 13.388276992169438 ], [ 121.917994941824205, 13.388256526956337 ], [ 121.918073147032956, 13.388416260518877 ], [ 121.918395486856781, 13.388874461087132 ], [ 121.918477847786349, 13.388916579213582 ], [ 121.918613999755237, 13.388665506552636 ], [ 121.918861586069056, 13.388598077510633 ], [ 121.918997182966393, 13.388471237176439 ], [ 121.918861125216125, 13.388336863592485 ], [ 121.91807209481334, 13.388276992169438 ] ] ] } },
{ "type": "Feature", "properties": { "Id": 0, "CLN": "19271", "PSGC": "174001014", "Barangay": "Binunga", "Land_Class": null, "Land_area": 0, "PIN": "030-01-015-10-007" }, "geometry": { "type": "Polygon", "coordinates": [ [ [ 121.918380127228431, 13.386844831410276 ], [ 121.91814996937417, 13.386572015930001 ], [ 121.91811103295997, 13.387231289394283 ], [ 121.918364718907313, 13.387992493394325 ], [ 121.918075255705219, 13.38819210558712 ], [ 121.917994941824205, 13.388256526956337 ], [ 121.91807209481334, 13.388276992169438 ], [ 121.918861125216125, 13.388336863592485 ], [ 121.918829195076057, 13.387606871203166 ], [ 121.918717450317573, 13.387299325490853 ], [ 121.918486549972812, 13.387192625617924 ], [ 121.918380127228431, 13.386844831410276 ] ] ] } },
{ "type": "Feature", "properties": { "Id": 0, "CLN": "19118", "PSGC": "174001014", "Barangay": "Binunga", "Land_Class": null, "Land_area": 0, "PIN": "030-01-015-09-010" }, "geometry": { "type": "Polygon", "coordinates": [ [ [ 121.918477847786349, 13.388916579213587 ], [ 121.918524350766617, 13.389090565580569 ], [ 121.91870460052948, 13.389025896378113 ], [ 121.918909704553883, 13.38915262137688 ], [ 121.919140651847769, 13.389249253405492 ], [ 121.919387675655429, 13.389199971028864 ], [ 121.919697027873184, 13.389010005812731 ], [ 121.919687620279745, 13.388813643653142 ], [ 121.919785356373126, 13.388803993704878 ], [ 121.919899482692998, 13.388577956241626 ], [ 121.920018481067615, 13.388412346289062 ], [ 121.920203490112499, 13.388433272535444 ], [ 121.920440476482057, 13.388328573289282 ], [ 121.920204612212572, 13.388181582488375 ], [ 121.920159100599747, 13.38801023551162 ], [ 121.920221316247222, 13.387894721739995 ], [ 121.919865782096508, 13.387836975093951 ], [ 121.919357770775832, 13.387835657451559 ], [ 121.919242633596141, 13.388288215643929 ], [ 121.918997182966393, 13.388471237176439 ], [ 121.918861586069085, 13.38859807751065 ], [ 121.918613999755237, 13.388665506552636 ], [ 121.918477847786349, 13.388916579213587 ] ] ] } },
{ "type": "Feature", "properties": { "Id": 0, "CLN": "19119", "PSGC": "174001014", "Barangay": "Binunga", "Land_Class": null, "Land_area": 0, "PIN": "030-01-015-09-011" }, "geometry": { "type": "Polygon", "coordinates": [ [ [ 121.919865782096508, 13.387836975093951 ], [ 121.920221316247222, 13.387894721739995 ], [ 121.920159100599747, 13.38801023551162 ], [ 121.920204612212572, 13.388181582488375 ], [ 121.920440476482057, 13.388328573289282 ], [ 121.920569107034964, 13.388308987214723 ], [ 121.920595219004909, 13.388218488604059 ], [ 121.921070356847252, 13.387747331344251 ], [ 121.920912558840428, 13.387389250785237 ], [ 121.920492606699668, 13.387014948748721 ], [ 121.920075081946095, 13.387249758026456 ], [ 121.919865782096508, 13.387836975093951 ] ] ] } },
{ "type": "Feature", "properties": { "Id": 0, "CLN": "19270", "PSGC": "174001014", "Barangay": "Binunga", "Land_Class": null, "Land_area": 0, "PIN": "030-01-015-09-012" }, "geometry": { "type": "Polygon", "coordinates": [ [ [ 121.919697027873184, 13.389010005812715 ], [ 121.919794674239427, 13.38902049106693 ], [ 121.919841061308333, 13.388995519889791 ], [ 121.919954155065952, 13.389001037221256 ], [ 121.920031594010283, 13.388930893667217 ], [ 121.9202628109324, 13.388967119080567 ], [ 121.920406350675336, 13.389063376452553 ], [ 121.921083837331409, 13.389338100687709 ], [ 121.921413643082246, 13.389173390115158 ], [ 121.921296932101882, 13.388825552908964 ], [ 121.920898059382495, 13.388335561702158 ], [ 121.921150806631118, 13.388155420591541 ], [ 121.92116169527776, 13.388019551824202 ], [ 121.921070356847224, 13.387747331344272 ], [ 121.920595219004909, 13.388218488604041 ], [ 121.920569107034964, 13.388308987214705 ], [ 121.920440476482085, 13.388328573289265 ], [ 121.920203490112499, 13.388433272535444 ], [ 121.920018481067572, 13.38841234628906 ], [ 121.919899482692998, 13.388577956241587 ], [ 121.919785356373126, 13.388803993704878 ], [ 121.919687620279745, 13.388813643653123 ], [ 121.919697027873184, 13.389010005812715 ] ] ] } },
{ "type": "Feature", "properties": { "Id": 0, "CLN": "19120", "PSGC": "174001014", "Barangay": "Binunga", "Land_Class": null, "Land_area": 0, "PIN": "030-01-015-09-009" }, "geometry": { "type": "Polygon", "coordinates": [ [ [ 121.919841061308333, 13.388995519889791 ], [ 121.919524344211567, 13.389683809443172 ], [ 121.919812030190656, 13.389740412370323 ], [ 121.920776845627501, 13.39015228096993 ], [ 121.920954667966328, 13.389478498226531 ], [ 121.921083837331409, 13.389338100687709 ], [ 121.920406350675336, 13.389063376452553 ], [ 121.9202628109324, 13.388967119080567 ], [ 121.920031594010283, 13.388930893667217 ], [ 121.919954155065952, 13.389001037221256 ], [ 121.919841061308333, 13.388995519889791 ] ] ] } },
{ "type": "Feature", "properties": { "Id": 0, "CLN": "19121", "PSGC": "174001014", "Barangay": "Binunga", "Land_Class": null, "Land_area": 0, "PIN": "030-01-015-09-008" }, "geometry": { "type": "Polygon", "coordinates": [ [ [ 121.920776845627501, 13.39015228096993 ], [ 121.921559881766399, 13.389818353316647 ], [ 121.921515355302546, 13.38942551919358 ], [ 121.921413643082246, 13.389173390115158 ], [ 121.921083837331409, 13.389338100687709 ], [ 121.920954667966328, 13.389478498226531 ], [ 121.920776845627501, 13.39015228096993 ] ] ] } },
{ "type": "Feature", "properties": { "Id": 0, "CLN": "19123", "PSGC": "174001014", "Barangay": "Binunga", "Land_Class": null, "Land_area": 0, "PIN": "030-01-015-09-013" }, "geometry": { "type": "Polygon", "coordinates": [ [ [ 121.921531544436235, 13.390228180444263 ], [ 121.922286529509009, 13.390203794206924 ], [ 121.922358748480633, 13.389248447890594 ], [ 121.922193921395547, 13.389024994801549 ], [ 121.921770004208796, 13.388962779414959 ], [ 121.921296932101882, 13.388825552908964 ], [ 121.921413643082246, 13.389173390115158 ], [ 121.921515355302546, 13.38942551919358 ], [ 121.921559881766399, 13.389818353316647 ], [ 121.921531544436235, 13.390228180444263 ] ] ] } },
{ "type": "Feature", "properties": { "Id": 0, "CLN": "19258", "PSGC": "174001014", "Barangay": "Binunga", "Land_Class": null, "Land_area": 0, "PIN": "030-01-015-01-006" }, "geometry": { "type": "Polygon", "coordinates": [ [ [ 121.927285366969855, 13.406913292385317 ], [ 121.926973372888568, 13.406806590227799 ], [ 121.926898282801005, 13.406908564229543 ], [ 121.926511247427101, 13.407272564082623 ], [ 121.926402677895226, 13.407404242066265 ], [ 121.926309214974282, 13.407516787901526 ], [ 121.926409670302689, 13.407566615048021 ], [ 121.927229991057771, 13.40782305708618 ], [ 121.927646698685351, 13.407779523120277 ], [ 121.927838615086401, 13.407115863677868 ], [ 121.927285366969855, 13.406913292385317 ] ] ] } },
{ "type": "Feature", "properties": { "Id": 0, "CLN": "19165", "PSGC": "174001014", "Barangay": "Binunga", "Land_Class": null, "Land_area": 0, "PIN": "030-01-015-01-007" }, "geometry": { "type": "Polygon", "coordinates": [ [ [ 121.927838615086401, 13.407115863677868 ], [ 121.927646698685351, 13.407779523120277 ], [ 121.927634610084951, 13.407896509934249 ], [ 121.928773568610438, 13.408063419110793 ], [ 121.928558616060059, 13.407383201443775 ], [ 121.927838615086401, 13.407115863677868 ] ] ] } },
{ "type": "Feature", "properties": { "Id": 0, "CLN": "19164", "PSGC": "174001014", "Barangay": "Binunga", "Land_Class": null, "Land_area": 0, "PIN": "030-01-015-01-009" }, "geometry": { "type": "Polygon", "coordinates": [ [ [ 121.927811765352487, 13.405183849615254 ], [ 121.927659361328494, 13.405048028829938 ], [ 121.9276319755228, 13.40533287244015 ], [ 121.927251554423236, 13.405789710969669 ], [ 121.926973372888568, 13.406806590227768 ], [ 121.927285366969855, 13.406913292385317 ], [ 121.927838615086401, 13.407115863677868 ], [ 121.928558616060059, 13.407383201443775 ], [ 121.928576574619711, 13.406918777557774 ], [ 121.928578451956, 13.406494998846442 ], [ 121.928704368649477, 13.405870813312507 ], [ 121.928637309544897, 13.405844955319925 ], [ 121.928578053889794, 13.405742410429804 ], [ 121.928410171598713, 13.405730737681745 ], [ 121.92814212984419, 13.40558346614341 ], [ 121.927811765352487, 13.405183849615254 ] ] ] } },
{ "type": "Feature", "properties": { "Id": 0, "CLN": "19163", "PSGC": "174001014", "Barangay": "Binunga", "Land_Class": null, "Land_area": 0, "PIN": "030-01-015-01-008" }, "geometry": { "type": "Polygon", "coordinates": [ [ [ 121.928576574619711, 13.406918777557774 ], [ 121.928558616060059, 13.407383201443775 ], [ 121.928773568610438, 13.408063419110793 ], [ 121.929281283014106, 13.40692056026287 ], [ 121.928576574619711, 13.406918777557774 ] ] ] } },
{ "type": "Feature", "properties": { "Id": 0, "CLN": "19036", "PSGC": "174001014", "Barangay": "Binunga", "Land_Class": null, "Land_area": 0, "PIN": "030-01-015-10-024" }, "geometry": { "type": "Polygon", "coordinates": [ [ [ 121.915681998803649, 13.387229869475709 ], [ 121.91552427461238, 13.387861068732105 ], [ 121.915845859284644, 13.387980521544884 ], [ 121.915978944108517, 13.38731864452209 ], [ 121.915681998803649, 13.387229869475709 ] ] ] } },
{ "type": "Feature", "properties": { "Id": 0, "CLN": "19071 pt.", "PSGC": "174001014", "Barangay": "Binunga", "Land_Class": null, "Land_area": 0, "PIN": "030-01-015-04-015" }, "geometry": { "type": "Polygon", "coordinates": [ [ [ 121.909573500079361, 13.390721360613936 ], [ 121.909848619723576, 13.392070027328344 ], [ 121.909862096328681, 13.392100155678635 ], [ 121.912510212319461, 13.392254053584814 ], [ 121.912276713246598, 13.392085903768058 ], [ 121.911996884980027, 13.39182382022609 ], [ 121.911721880828452, 13.391566500439357 ], [ 121.911673901589779, 13.391461942348823 ], [ 121.911573503491184, 13.391162685354825 ], [ 121.911335595696627, 13.391275498163957 ], [ 121.911175887316986, 13.39123686393634 ], [ 121.911011718137289, 13.391112831977532 ], [ 121.910696463808918, 13.391187364802576 ], [ 121.910483291929708, 13.391186445575636 ], [ 121.910159436492094, 13.391019035196656 ], [ 121.909749059767634, 13.390849713575053 ], [ 121.909573500079361, 13.390721360613936 ] ] ] } },
{ "type": "Feature", "properties": { "Id": 0, "CLN": "19071 pt.", "PSGC": "174001014", "Barangay": "Binunga", "Land_Class": null, "Land_area": 0, "PIN": "030-01-015-04-013" }, "geometry": { "type": "Polygon", "coordinates": [ [ [ 121.909862096328681, 13.392100155678635 ], [ 121.909848619723576, 13.392070027328344 ], [ 121.909573500079361, 13.390721360613936 ], [ 121.909553930754612, 13.390707053323343 ], [ 121.906727200259539, 13.392228161276162 ], [ 121.906875837289803, 13.393009804011923 ], [ 121.907282202736738, 13.393149122601368 ], [ 121.907284924179166, 13.393151504483797 ], [ 121.909848487636467, 13.392099364724011 ], [ 121.909862096328681, 13.392100155678635 ] ] ] } },
{ "type": "Feature", "properties": { "Id": 0, "CLN": "19071 pt.", "PSGC": "174001014", "Barangay": "Binunga", "Land_Class": null, "Land_area": 0, "PIN": "030-01-015-04-012" }, "geometry": { "type": "Polygon", "coordinates": [ [ [ 121.909374281453154, 13.393725404927137 ], [ 121.910375430089601, 13.393381178319272 ], [ 121.910347593079862, 13.393348779327594 ], [ 121.91041982849012, 13.393347017279485 ], [ 121.909862096328681, 13.392100155678635 ], [ 121.909848487636467, 13.392099364724011 ], [ 121.907284924179166, 13.393151504483797 ], [ 121.907663465838922, 13.393482814002329 ], [ 121.907914575812015, 13.393668894849048 ], [ 121.907972075010704, 13.393811447338322 ], [ 121.909348658516734, 13.393689321392452 ], [ 121.909374281453154, 13.393725404927137 ] ] ] } },
{ "type": "Feature", "properties": { "Id": 0, "CLN": "19071 pt.", "PSGC": "174001014", "Barangay": "Binunga", "Land_Class": null, "Land_area": 0, "PIN": "030-01-015-04-014" }, "geometry": { "type": "Polygon", "coordinates": [ [ [ 121.910375430089601, 13.393381178319272 ], [ 121.909374281453154, 13.393725404927137 ], [ 121.909733830683194, 13.39423173928933 ], [ 121.910161756788767, 13.394808896300248 ], [ 121.91060782738839, 13.39581164487085 ], [ 121.910285009935521, 13.396488535805235 ], [ 121.910843648564125, 13.396163661928682 ], [ 121.911825775929358, 13.39539948999133 ], [ 121.911456131112217, 13.394638978066531 ], [ 121.910375430089601, 13.393381178319272 ] ] ] } },
{ "type": "Feature", "properties": { "Id": 0, "CLN": "19145 pt.", "PSGC": "174001014", "Barangay": "Binunga", "Land_Class": null, "Land_area": 0, "PIN": "030-01-015-07-027" }, "geometry": { "type": "Polygon", "coordinates": [ [ [ 121.929680600918658, 13.396176196006039 ], [ 121.929962612104717, 13.395328867379732 ], [ 121.929505150646008, 13.39510251173289 ], [ 121.929163097469214, 13.394697110945078 ], [ 121.929769346260329, 13.394452821618495 ], [ 121.929708218714268, 13.393761357751446 ], [ 121.929216524923049, 13.394019597740009 ], [ 121.928807272008967, 13.394296139697767 ], [ 121.9286583229607, 13.394802690580358 ], [ 121.928738739079577, 13.39527879587566 ], [ 121.928521557353335, 13.395663871950212 ], [ 121.928405477392332, 13.396915127821323 ], [ 121.92844632121502, 13.3970095562818 ], [ 121.92859324595625, 13.396960807914441 ], [ 121.928693808462725, 13.397028559649382 ], [ 121.928994483429904, 13.397460715740397 ], [ 121.92919343991538, 13.397562009996333 ], [ 121.929147066658743, 13.397310782818648 ], [ 121.929316118594784, 13.397201481658675 ], [ 121.929339615939639, 13.396970543556453 ], [ 121.929497721832121, 13.396795185059551 ], [ 121.929599687879232, 13.396608586706755 ], [ 121.929600417660055, 13.39644356283441 ], [ 121.929556196882004, 13.396278348439228 ], [ 121.929680600918658, 13.396176196006039 ] ] ] } },
{ "type": "Feature", "properties": { "Id": 0, "CLN": "19131 pt.", "PSGC": "174001014", "Barangay": "Binunga", "Land_Class": null, "Land_area": 0, "PIN": "030-01-015-08-017" }, "geometry": { "type": "Polygon", "coordinates": [ [ [ 121.926927065083703, 13.396773415947148 ], [ 121.925651258307937, 13.396789341039783 ], [ 121.925861966795509, 13.397236883289704 ], [ 121.9262564672118, 13.3972889660094 ], [ 121.926415354701916, 13.397258138382982 ], [ 121.926601038508551, 13.397192237702564 ], [ 121.926927065083703, 13.396773415947148 ] ] ] } },
{ "type": "Feature", "properties": { "Id": 0, "CLN": "19175pt.", "PSGC": "174001014", "Barangay": "Binunga", "Land_Class": null, "Land_area": 0, "PIN": "030-01-015-06-024" }, "geometry": { "type": "Polygon", "coordinates": [ [ [ 121.922573080195491, 13.395469117751995 ], [ 121.923051597764385, 13.397378294680975 ], [ 121.923339679985489, 13.397268526716301 ], [ 121.923293598852439, 13.396970256259909 ], [ 121.923439982772351, 13.396642314411599 ], [ 121.922853703695083, 13.395549573165646 ], [ 121.922583311230241, 13.395462544661571 ], [ 121.922573080195491, 13.395469117751995 ] ] ] } },
{ "type": "Feature", "properties": { "Id": 0, "CLN": "19188pt.", "PSGC": "174001014", "Barangay": "Binunga", "Land_Class": null, "Land_area": 0, "PIN": "030-01-015-02-031" }, "geometry": { "type": "Polygon", "coordinates": [ [ [ 121.917960721056403, 13.403126046317141 ], [ 121.918252990265017, 13.403824734011925 ], [ 121.918320238399104, 13.403675491112814 ], [ 121.918437591157058, 13.403916150279905 ], [ 121.919406909850636, 13.40375053607252 ], [ 121.920037726958441, 13.403007639943098 ], [ 121.918950966193023, 13.40279441209143 ], [ 121.918079284772787, 13.403086589957335 ], [ 121.917960721056403, 13.403126046317141 ] ] ] } },
{ "type": "Feature", "properties": { "Id": 0, "CLN": "19223pt.", "PSGC": "174001014", "Barangay": "Binunga", "Land_Class": null, "Land_area": 0, "PIN": "030-01-015-02-030" }, "geometry": { "type": "Polygon", "coordinates": [ [ [ 121.912496055564191, 13.400473604242677 ], [ 121.913950476724125, 13.401339700621707 ], [ 121.914166787521992, 13.401169899364977 ], [ 121.913993062605186, 13.400962196616243 ], [ 121.912920166189622, 13.40038018282462 ], [ 121.912795583686147, 13.400310019176686 ], [ 121.912616914030622, 13.400309249740557 ], [ 121.912496055564191, 13.400473604242677 ] ] ] } }
]
}
