{
"type": "FeatureCollection",
"name": "Hinapulan",
"crs": { "type": "name", "properties": { "name": "urn:ogc:def:crs:OGC:1.3:CRS84" } },
"features": [
{ "type": "Feature", "properties": { "Id": 0, "CLN": "20753", "PSGC": "174001029", "Barangay": "Hinapulan", "Land_Class": null, "PIN": "030-01-027-01-023" }, "geometry": { "type": "Polygon", "coordinates": [ [ [ 121.937714046873282, 13.415253775435552 ], [ 121.937884848141721, 13.415576845369678 ], [ 121.938132268251707, 13.415182013238734 ], [ 121.938550060974933, 13.414581749431266 ], [ 121.938471287969207, 13.414363413135723 ], [ 121.93837132432968, 13.413961971269471 ], [ 121.937394760860712, 13.41408435582801 ], [ 121.937091176126899, 13.414346835522498 ], [ 121.937714046873282, 13.415253775435552 ] ] ] } },
{ "type": "Feature", "properties": { "Id": 0, "CLN": "20815", "PSGC": "174001029", "Barangay": "Hinapulan", "Land_Class": null, "PIN": "030-01-027-01-022" }, "geometry": { "type": "Polygon", "coordinates": [ [ [ 121.940862293805239, 13.415680395196087 ], [ 121.941381739487468, 13.415250356209619 ], [ 121.941526284239202, 13.414890312650995 ], [ 121.941414728626725, 13.414623393962607 ], [ 121.941685258624858, 13.414374227173651 ], [ 121.941744078488227, 13.414126863343588 ], [ 121.941725599135665, 13.41395184352908 ], [ 121.941266686712765, 13.413898780795348 ], [ 121.941113705682611, 13.414301851539477 ], [ 121.941085045181879, 13.414568181721082 ], [ 121.940869441995673, 13.414831035547687 ], [ 121.940511191606262, 13.415020621685407 ], [ 121.940493681009357, 13.415252010128221 ], [ 121.940435647616013, 13.415251864120185 ], [ 121.940452931438145, 13.415442350780145 ], [ 121.939155350004867, 13.415436896387686 ], [ 121.93890230998737, 13.415335393866702 ], [ 121.938896629559352, 13.415174464420042 ], [ 121.938550060974933, 13.414581749431266 ], [ 121.938132268251707, 13.415182013238734 ], [ 121.937884848141778, 13.415576845369678 ], [ 121.938171607656386, 13.416245670505283 ], [ 121.938000698666471, 13.416682151821268 ], [ 121.938311003824253, 13.417486962791676 ], [ 121.939365048428428, 13.417162950280639 ], [ 121.940182172423121, 13.416628746260928 ], [ 121.940377037348838, 13.416233720710597 ], [ 121.940306349557247, 13.415837579338476 ], [ 121.940862293805239, 13.415680395196087 ] ] ] } },
{ "type": "Feature", "properties": { "Id": 0, "CLN": "20816", "PSGC": "174001029", "Barangay": "Hinapulan", "Land_Class": null, "PIN": "030-01-027-01-024" }, "geometry": { "type": "Polygon", "coordinates": [ [ [ 121.938896629559352, 13.415174464420042 ], [ 121.938902309987398, 13.4153353938667 ], [ 121.939155350004896, 13.415436896387687 ], [ 121.940452931438159, 13.415442350780145 ], [ 121.940435647616013, 13.415251864120185 ], [ 121.940493681009357, 13.415252010128221 ], [ 121.940511191606262, 13.415020621685407 ], [ 121.940417490179982, 13.415071365019788 ], [ 121.940054484644435, 13.414464270663043 ], [ 121.939251776549213, 13.414439364878671 ], [ 121.938550060974933, 13.414581749431266 ], [ 121.938896629559352, 13.415174464420042 ] ] ] } },
{ "type": "Feature", "properties": { "Id": 0, "CLN": "20814", "PSGC": "174001029", "Barangay": "Hinapulan", "Land_Class": null, "PIN": "030-01-027-07-005" }, "geometry": { "type": "Polygon", "coordinates": [ [ [ 121.940054484644435, 13.414464270663043 ], [ 121.940417490179982, 13.415071365019788 ], [ 121.940511191606262, 13.415020621685404 ], [ 121.940869441995673, 13.414831035547687 ], [ 121.941085045181879, 13.414568181721082 ], [ 121.941113705682611, 13.414301851539477 ], [ 121.940453750168132, 13.414325994380652 ], [ 121.940054484644435, 13.414464270663043 ] ] ] } },
{ "type": "Feature", "properties": { "Id": 0, "CLN": "20813", "PSGC": "174001029", "Barangay": "Hinapulan", "Land_Class": null, "PIN": "030-01-027-07-006" }, "geometry": { "type": "Polygon", "coordinates": [ [ [ 121.941266686712765, 13.413898780795348 ], [ 121.940682214104868, 13.413637950709381 ], [ 121.940452829432914, 13.413908820605304 ], [ 121.940453750168132, 13.414325994380652 ], [ 121.941113705682611, 13.414301851539477 ], [ 121.941266686712765, 13.413898780795348 ] ] ] } },
{ "type": "Feature", "properties": { "Id": 0, "CLN": "20812", "PSGC": "174001029", "Barangay": "Hinapulan", "Land_Class": null, "PIN": "030-01-027-07-004" }, "geometry": { "type": "Polygon", "coordinates": [ [ [ 121.940452829432914, 13.413908820605304 ], [ 121.939999711237206, 13.413788494467255 ], [ 121.939344972449916, 13.413877250450062 ], [ 121.939251776549213, 13.414439364878671 ], [ 121.940054484644463, 13.414464270663045 ], [ 121.940453750168132, 13.414325994380652 ], [ 121.940452829432914, 13.413908820605304 ] ] ] } },
{ "type": "Feature", "properties": { "Id": 0, "CLN": "20820", "PSGC": "174001029", "Barangay": "Hinapulan", "Land_Class": null, "PIN": "030-01-027-01-026" }, "geometry": { "type": "Polygon", "coordinates": [ [ [ 121.941474484914536, 13.415243493583421 ], [ 121.941732214072189, 13.415427320215612 ], [ 121.941767707836505, 13.415591419682512 ], [ 121.941767067600253, 13.415737643154134 ], [ 121.942006302963776, 13.416130533743067 ], [ 121.942150778968752, 13.41599881197069 ], [ 121.94283082354417, 13.415249182253897 ], [ 121.94294631829537, 13.415101902198932 ], [ 121.943088871868781, 13.414920116122641 ], [ 121.943209213830229, 13.414738109317055 ], [ 121.943090001653431, 13.414661744471767 ], [ 121.942381118626827, 13.414138431838076 ], [ 121.941835029873502, 13.414111021627011 ], [ 121.94177104660767, 13.414491140529345 ], [ 121.941513877122858, 13.414619249597038 ], [ 121.941582316789322, 13.414895855863689 ], [ 121.941474484914536, 13.415243493583421 ] ] ] } },
{ "type": "Feature", "properties": { "Id": 0, "CLN": "20830", "PSGC": "174001029", "Barangay": "Hinapulan", "Land_Class": null, "PIN": "030-01-027-08-003" }, "geometry": { "type": "Polygon", "coordinates": [ [ [ 121.934097553017637, 13.417812415661242 ], [ 121.934748740304173, 13.417796886730159 ], [ 121.935497119014499, 13.417800046952475 ], [ 121.936000239177289, 13.417610956494705 ], [ 121.936258842879397, 13.417513763502537 ], [ 121.936694190903921, 13.417332447837564 ], [ 121.935659246326594, 13.415247186542016 ], [ 121.935460846272079, 13.415246549469051 ], [ 121.934741761052805, 13.415118362664559 ], [ 121.933442335670009, 13.415004880381009 ], [ 121.933391988795776, 13.415275604191688 ], [ 121.932954692650924, 13.41666718065761 ], [ 121.934097553017637, 13.417812415661242 ] ] ] } },
{ "type": "Feature", "properties": { "Id": 0, "CLN": "20754", "PSGC": "174001029", "Barangay": "Hinapulan", "Land_Class": null, "PIN": "030-01-027-07-001" }, "geometry": { "type": "Polygon", "coordinates": [ [ [ 121.939433174479404, 13.412190282785335 ], [ 121.93837132432968, 13.413961971269471 ], [ 121.938471287969207, 13.414363413135719 ], [ 121.938550060974933, 13.414581749431266 ], [ 121.939251776549213, 13.414439364878671 ], [ 121.939344972449916, 13.413877250450062 ], [ 121.939850640422307, 13.41215017096884 ], [ 121.939433174479404, 13.412190282785335 ] ] ] } },
{ "type": "Feature", "properties": { "Id": 0, "CLN": "20811", "PSGC": "174001029", "Barangay": "Hinapulan", "Land_Class": null, "PIN": "030-01-027-07-002" }, "geometry": { "type": "Polygon", "coordinates": [ [ [ 121.939999711237206, 13.413788494467255 ], [ 121.939850640422307, 13.41215017096884 ], [ 121.939344972449916, 13.413877250450062 ], [ 121.939999711237206, 13.413788494467255 ] ] ] } },
{ "type": "Feature", "properties": { "Id": 0, "CLN": "20810", "PSGC": "174001029", "Barangay": "Hinapulan", "Land_Class": null, "PIN": "030-01-027-07-003" }, "geometry": { "type": "Polygon", "coordinates": [ [ [ 121.939850640422307, 13.41215017096884 ], [ 121.939999711237206, 13.413788494467255 ], [ 121.940452829432914, 13.413908820605304 ], [ 121.940682214104868, 13.413637950709381 ], [ 121.940440871597616, 13.41318705270092 ], [ 121.940006237362198, 13.411986648248034 ], [ 121.939850640422307, 13.41215017096884 ] ] ] } },
{ "type": "Feature", "properties": { "Id": 0, "CLN": "21105", "PSGC": "174001029", "Barangay": "Hinapulan", "Land_Class": null, "PIN": "030-01-027-07-008" }, "geometry": { "type": "Polygon", "coordinates": [ [ [ 121.942025439026096, 13.413810935774947 ], [ 121.942388961429415, 13.413672506350423 ], [ 121.942423146425142, 13.413399919075067 ], [ 121.942025439026096, 13.413810935774947 ] ] ] } },
{ "type": "Feature", "properties": { "Id": 0, "CLN": "21104", "PSGC": "174001029", "Barangay": "Hinapulan", "Land_Class": null, "PIN": "030-01-027-07-007" }, "geometry": { "type": "Polygon", "coordinates": [ [ [ 121.94044087159763, 13.41318705270092 ], [ 121.940682214104868, 13.413637950709381 ], [ 121.941266686712765, 13.413898780795348 ], [ 121.941725599135694, 13.413951843529079 ], [ 121.942025439026096, 13.413810935774947 ], [ 121.942423146425142, 13.413399919075067 ], [ 121.942672731517376, 13.413329194127602 ], [ 121.942476476380136, 13.412940806886303 ], [ 121.94222407381865, 13.412817737583557 ], [ 121.941902619292435, 13.412558013133635 ], [ 121.942094556808058, 13.412257379030352 ], [ 121.942000001521293, 13.412084731591429 ], [ 121.941382320108801, 13.412502001883434 ], [ 121.940932299056584, 13.41230274225245 ], [ 121.94044087159763, 13.41318705270092 ] ] ] } },
{ "type": "Feature", "properties": { "Id": 0, "CLN": "20809", "PSGC": "174001029", "Barangay": "Hinapulan", "Land_Class": null, "PIN": "030-01-027-07-026" }, "geometry": { "type": "Polygon", "coordinates": [ [ [ 121.940006237362226, 13.411986648248032 ], [ 121.94044087159763, 13.41318705270092 ], [ 121.940932299056584, 13.41230274225245 ], [ 121.941032028382011, 13.41213091005446 ], [ 121.940995842644256, 13.412023101371732 ], [ 121.940919569728166, 13.411861296008338 ], [ 121.940857912644091, 13.411710317666502 ], [ 121.940899744740122, 13.411365991571206 ], [ 121.940885663498477, 13.411233155754147 ], [ 121.94042441216601, 13.411087676634649 ], [ 121.940431004449948, 13.411256366599659 ], [ 121.940006237362226, 13.411986648248032 ] ] ] } },
{ "type": "Feature", "properties": { "Id": 0, "CLN": "20819", "PSGC": "174001029", "Barangay": "Hinapulan", "Land_Class": null, "PIN": "030-01-027-07-009" }, "geometry": { "type": "Polygon", "coordinates": [ [ [ 121.943090001653431, 13.414661744471765 ], [ 121.943209213830229, 13.414738109317053 ], [ 121.943475200895975, 13.414335825625111 ], [ 121.943491415179309, 13.414006819855793 ], [ 121.943494728553404, 13.413290607156481 ], [ 121.943424958239447, 13.412350104325851 ], [ 121.943241398100241, 13.412088969450483 ], [ 121.943356321808963, 13.411995429764882 ], [ 121.943356938195478, 13.411854400748913 ], [ 121.943258260358093, 13.411611702380211 ], [ 121.943088097946472, 13.411493451798423 ], [ 121.942946949266513, 13.411393238868799 ], [ 121.942938781991572, 13.411237275233924 ], [ 121.942240809735807, 13.410983130295556 ], [ 121.942150006679952, 13.411471923871126 ], [ 121.942246809311087, 13.411958390862402 ], [ 121.942137003808114, 13.412310598822165 ], [ 121.942001649363206, 13.412529306859078 ], [ 121.94225261651745, 13.412764253330257 ], [ 121.942528289591991, 13.412898801793656 ], [ 121.942729902854595, 13.413321752585505 ], [ 121.942688453961679, 13.413409289133561 ], [ 121.942540664549441, 13.413483588824004 ], [ 121.942485749628219, 13.413662433743029 ], [ 121.941835029873502, 13.41411102162701 ], [ 121.942381118626827, 13.414138431838076 ], [ 121.943090001653431, 13.414661744471765 ] ] ] } },
{ "type": "Feature", "properties": { "Id": 0, "CLN": "20751", "PSGC": "174001029", "Barangay": "Hinapulan", "Land_Class": null, "PIN": "030-01-027-08-005" }, "geometry": { "type": "Polygon", "coordinates": [ [ [ 121.938673387175371, 13.411813915595511 ], [ 121.937749635931127, 13.41158912807369 ], [ 121.937227430561052, 13.411612916960832 ], [ 121.93697071428096, 13.411633492208903 ], [ 121.936680988117303, 13.412117384075282 ], [ 121.934755869024656, 13.412213215184085 ], [ 121.933722753402776, 13.41224369415626 ], [ 121.933142125598792, 13.412524828836721 ], [ 121.933684543046624, 13.413608963657632 ], [ 121.934750393027912, 13.413376306473806 ], [ 121.938669379292222, 13.412488509392597 ], [ 121.938993853972576, 13.412209092196008 ], [ 121.938673387175371, 13.411813915595511 ] ] ] } },
{ "type": "Feature", "properties": { "Id": 0, "CLN": "20750", "PSGC": "174001029", "Barangay": "Hinapulan", "Land_Class": null, "PIN": "030-01-027-08-010" }, "geometry": { "type": "Polygon", "coordinates": [ [ [ 121.936680988117303, 13.412117384075282 ], [ 121.93697071428096, 13.411633492208903 ], [ 121.936359146206186, 13.411784542616848 ], [ 121.935491851056312, 13.411629219130315 ], [ 121.934844822190584, 13.411472995508491 ], [ 121.934762386561871, 13.411542084601919 ], [ 121.933982615990232, 13.411709123208878 ], [ 121.933722753402776, 13.41224369415626 ], [ 121.934755869024656, 13.412213215184085 ], [ 121.936680988117303, 13.412117384075282 ] ] ] } },
{ "type": "Feature", "properties": { "Id": 0, "CLN": "20749", "PSGC": "174001029", "Barangay": "Hinapulan", "Land_Class": null, "PIN": "030-01-027-08-012" }, "geometry": { "type": "Polygon", "coordinates": [ [ [ 121.934510844900174, 13.411144175455318 ], [ 121.932408628638385, 13.410977738822663 ], [ 121.933142125598792, 13.412524828836721 ], [ 121.933722753402776, 13.41224369415626 ], [ 121.933982615990232, 13.411709123208878 ], [ 121.934762386561871, 13.411542084601919 ], [ 121.934844822190584, 13.411472995508491 ], [ 121.934763159454207, 13.411366667691986 ], [ 121.934510844900174, 13.411144175455318 ] ] ] } },
{ "type": "Feature", "properties": { "Id": 0, "CLN": "20748", "PSGC": "174001029", "Barangay": "Hinapulan", "Land_Class": null, "PIN": "030-01-027-08-011" }, "geometry": { "type": "Polygon", "coordinates": [ [ [ 121.934708921118599, 13.410021156614153 ], [ 121.934441619410606, 13.409809961485358 ], [ 121.932408628638385, 13.410977738822663 ], [ 121.934510844900174, 13.411144175455318 ], [ 121.934763159454207, 13.411366667691986 ], [ 121.934844822190584, 13.411472995508491 ], [ 121.935491851056312, 13.411629219130315 ], [ 121.935576498573312, 13.410657252872834 ], [ 121.934708921118599, 13.410021156614153 ] ] ] } },
{ "type": "Feature", "properties": { "Id": 0, "CLN": "20757", "PSGC": "174001029", "Barangay": "Hinapulan", "Land_Class": null, "PIN": "030-01-027-08-009" }, "geometry": { "type": "Polygon", "coordinates": [ [ [ 121.935576498573312, 13.410657252872833 ], [ 121.935491851056312, 13.411629219130315 ], [ 121.936359146206186, 13.411784542616843 ], [ 121.936260736514328, 13.410982554601256 ], [ 121.935576498573312, 13.410657252872833 ] ] ] } },
{ "type": "Feature", "properties": { "Id": 0, "CLN": "20756", "PSGC": "174001029", "Barangay": "Hinapulan", "Land_Class": null, "PIN": "030-01-027-08-006" }, "geometry": { "type": "Polygon", "coordinates": [ [ [ 121.936260736514328, 13.410982554601256 ], [ 121.936359146206186, 13.411784542616843 ], [ 121.936970714281003, 13.411633492208905 ], [ 121.937227430561052, 13.411612916960832 ], [ 121.937119308156014, 13.411069619566087 ], [ 121.936770369806851, 13.411042567163571 ], [ 121.936260736514328, 13.410982554601256 ] ] ] } },
{ "type": "Feature", "properties": { "Id": 0, "CLN": "20755", "PSGC": "174001029", "Barangay": "Hinapulan", "Land_Class": null, "PIN": "030-01-027-07-027" }, "geometry": { "type": "Polygon", "coordinates": [ [ [ 121.937119308156014, 13.411069619566087 ], [ 121.937227430561052, 13.411612916960832 ], [ 121.937749635931127, 13.41158912807369 ], [ 121.938673387175371, 13.411813915595511 ], [ 121.938993853972576, 13.412209092196008 ], [ 121.939017725051869, 13.41218853587899 ], [ 121.939433174479404, 13.412190282785335 ], [ 121.939850640422307, 13.41215017096884 ], [ 121.94000623736224, 13.411986648248041 ], [ 121.940431004449948, 13.411256366599659 ], [ 121.94042441216601, 13.411087676634651 ], [ 121.940268956276398, 13.41103637446759 ], [ 121.940159692103748, 13.410980690534085 ], [ 121.940379530288226, 13.410793199359498 ], [ 121.940340692227622, 13.410568887865306 ], [ 121.940411801470262, 13.410244333779483 ], [ 121.939829706805028, 13.410556995645337 ], [ 121.939353328212306, 13.410977301868275 ], [ 121.938841828860248, 13.411082352353949 ], [ 121.938033587703487, 13.410750850528988 ], [ 121.937925808253411, 13.410357325326201 ], [ 121.937685359224872, 13.410703905191397 ], [ 121.93740704496193, 13.410605277453435 ], [ 121.937195198113344, 13.410484189751044 ], [ 121.937193286705011, 13.410498934770846 ], [ 121.937119308156014, 13.411069619566087 ] ] ] } },
{ "type": "Feature", "properties": { "Id": 0, "CLN": "20795", "PSGC": "174001029", "Barangay": "Hinapulan", "Land_Class": null, "PIN": "030-01-027-07-029" }, "geometry": { "type": "Polygon", "coordinates": [ [ [ 121.940885663498477, 13.411233155754147 ], [ 121.941028243855129, 13.411141552862722 ], [ 121.940974681156348, 13.411011589957957 ], [ 121.941257263506856, 13.410846491935978 ], [ 121.941118222084199, 13.410628460085398 ], [ 121.941110931813654, 13.410588228955589 ], [ 121.94099683028189, 13.410642568961835 ], [ 121.94091476474027, 13.410627606112703 ], [ 121.940268956276398, 13.411036374467592 ], [ 121.94042441216601, 13.411087676634649 ], [ 121.940885663498477, 13.411233155754147 ] ] ] } },
{ "type": "Feature", "properties": { "Id": 0, "CLN": "20794", "PSGC": "174001029", "Barangay": "Hinapulan", "Land_Class": null, "PIN": "030-01-027-07-028" }, "geometry": { "type": "Polygon", "coordinates": [ [ [ 121.941110931813654, 13.410588228955589 ], [ 121.94104674589245, 13.410326656100557 ], [ 121.94101889126371, 13.410293647845211 ], [ 121.94034069222765, 13.410568887865306 ], [ 121.940379530288226, 13.410793199359496 ], [ 121.940159692103776, 13.410980690534085 ], [ 121.940268956276398, 13.411036374467592 ], [ 121.94091476474027, 13.410627606112703 ], [ 121.94099683028189, 13.410642568961832 ], [ 121.941110931813654, 13.410588228955589 ] ] ] } },
{ "type": "Feature", "properties": { "Id": 0, "CLN": "20789", "PSGC": "174001029", "Barangay": "Hinapulan", "Land_Class": null, "PIN": "030-01-027-07-036" }, "geometry": { "type": "Polygon", "coordinates": [ [ [ 121.941046745892478, 13.41032665610056 ], [ 121.941426581401387, 13.41011811084581 ], [ 121.941438612827611, 13.409928122413197 ], [ 121.941513313024672, 13.409493539044265 ], [ 121.9415416285986, 13.408994805642186 ], [ 121.941624429422617, 13.408841659970143 ], [ 121.941211643518983, 13.408476296092186 ], [ 121.94079225076004, 13.408341143321508 ], [ 121.941141747242085, 13.409945149730548 ], [ 121.941141419166399, 13.410020067533408 ], [ 121.940840115950721, 13.410197877989084 ], [ 121.940970512284764, 13.410258726142635 ], [ 121.941011569003706, 13.410260725766921 ], [ 121.94101889126371, 13.410293647845211 ], [ 121.941046745892478, 13.41032665610056 ] ] ] } },
{ "type": "Feature", "properties": { "Id": 0, "CLN": "20788", "PSGC": "174001029", "Barangay": "Hinapulan", "Land_Class": null, "PIN": "030-01-027-07-037" }, "geometry": { "type": "Polygon", "coordinates": [ [ [ 121.94041180147029, 13.410244333779483 ], [ 121.940340692227664, 13.410568887865306 ], [ 121.94101889126371, 13.410293647845211 ], [ 121.941011569003706, 13.410260725766921 ], [ 121.940970512284778, 13.410258726142636 ], [ 121.940840115950721, 13.410197877989084 ], [ 121.941141419166399, 13.410020067533408 ], [ 121.941141747242085, 13.409945149730548 ], [ 121.94079225076004, 13.408341143321508 ], [ 121.940445136121184, 13.408269368964913 ], [ 121.940474266458253, 13.408689634214499 ], [ 121.940506587754541, 13.409391451920152 ], [ 121.94041180147029, 13.410244333779483 ] ] ] } },
{ "type": "Feature", "properties": { "Id": 0, "CLN": "20786", "PSGC": "174001029", "Barangay": "Hinapulan", "Land_Class": null, "PIN": "030-01-027-07-038" }, "geometry": { "type": "Polygon", "coordinates": [ [ [ 121.938033587703487, 13.410750850528988 ], [ 121.938841828860248, 13.411082352353949 ], [ 121.939353328212306, 13.410977301868275 ], [ 121.939829706805085, 13.410556995645367 ], [ 121.940411801470304, 13.410244333779485 ], [ 121.940506587754541, 13.409391451920152 ], [ 121.940474266458253, 13.408689634214499 ], [ 121.940252660021841, 13.40868755309509 ], [ 121.940124153737614, 13.409615280059104 ], [ 121.940087335315837, 13.410065858541907 ], [ 121.938033587703487, 13.410750850528988 ] ] ] } },
{ "type": "Feature", "properties": { "Id": 0, "CLN": "20785", "PSGC": "174001029", "Barangay": "Hinapulan", "Land_Class": null, "PIN": "030-01-027-07-039" }, "geometry": { "type": "Polygon", "coordinates": [ [ [ 121.937925808253411, 13.410357325326196 ], [ 121.938033587703487, 13.410750850528984 ], [ 121.940087335315837, 13.410065858541907 ], [ 121.940124153737614, 13.409615280059107 ], [ 121.940252660021841, 13.408687553095088 ], [ 121.940063543620525, 13.40867562150838 ], [ 121.940033614839791, 13.409115874277738 ], [ 121.939889841005268, 13.409551994138372 ], [ 121.939525538226519, 13.410049315143514 ], [ 121.937925808253411, 13.410357325326196 ] ] ] } },
{ "type": "Feature", "properties": { "Id": 0, "CLN": "20784", "PSGC": "174001029", "Barangay": "Hinapulan", "Land_Class": null, "PIN": "030-01-027-07-040" }, "geometry": { "type": "Polygon", "coordinates": [ [ [ 121.937925808253411, 13.410357325326196 ], [ 121.939525538226519, 13.410049315143516 ], [ 121.939889841005282, 13.409551994138374 ], [ 121.940033614839848, 13.409115874277738 ], [ 121.940063543620525, 13.40867562150838 ], [ 121.939832281771004, 13.408630794865545 ], [ 121.939840140582888, 13.408967050446867 ], [ 121.93958635102247, 13.409377125704969 ], [ 121.938116185591326, 13.410063487879617 ], [ 121.937925808253411, 13.410357325326196 ] ] ] } },
{ "type": "Feature", "properties": { "Id": 0, "CLN": "20780", "PSGC": "174001029", "Barangay": "Hinapulan", "Land_Class": null, "PIN": "030-01-027-07-041" }, "geometry": { "type": "Polygon", "coordinates": [ [ [ 121.938116185591326, 13.410063487879617 ], [ 121.93958635102247, 13.409377125704969 ], [ 121.939840140582888, 13.408967050446867 ], [ 121.939832281771004, 13.408630794865545 ], [ 121.938913868085308, 13.408562708477954 ], [ 121.938576062284469, 13.408126391332303 ], [ 121.937920703767759, 13.408593248841056 ], [ 121.93790980597592, 13.408949525598315 ], [ 121.93853825335853, 13.409085562630221 ], [ 121.938367360820877, 13.409320564827173 ], [ 121.937664687881735, 13.409509473409024 ], [ 121.93778112593246, 13.409773094145171 ], [ 121.938116185591326, 13.410063487879617 ] ] ] } },
{ "type": "Feature", "properties": { "Id": 0, "CLN": "20781", "PSGC": "174001029", "Barangay": "Hinapulan", "Land_Class": null, "PIN": "030-01-027-08-025" }, "geometry": { "type": "Polygon", "coordinates": [ [ [ 121.937664687881735, 13.409509473409024 ], [ 121.938367360820877, 13.409320564827173 ], [ 121.93853825335853, 13.409085562630228 ], [ 121.93790980597592, 13.408949525598315 ], [ 121.937380163763194, 13.409095712684131 ], [ 121.937514878660437, 13.409341594356794 ], [ 121.937531488481497, 13.409360207652178 ], [ 121.937664687881735, 13.409509473409024 ] ] ] } },
{ "type": "Feature", "properties": { "Id": 0, "CLN": "20760", "PSGC": "174001029", "Barangay": "Hinapulan", "Land_Class": null, "PIN": "030-01-027-08-022" }, "geometry": { "type": "Polygon", "coordinates": [ [ [ 121.937195198113372, 13.410484189751042 ], [ 121.937407044961944, 13.410605277453435 ], [ 121.937685359224872, 13.410703905191397 ], [ 121.937925808253411, 13.410357325326196 ], [ 121.938116185591326, 13.410063487879617 ], [ 121.93778112593246, 13.409773094145171 ], [ 121.93713395188179, 13.410343554318096 ], [ 121.937195198113372, 13.410484189751042 ] ] ] } },
{ "type": "Feature", "properties": { "Id": 0, "CLN": "20761", "PSGC": "174001029", "Barangay": "Hinapulan", "Land_Class": null, "PIN": "030-01-027-08-021" }, "geometry": { "type": "Polygon", "coordinates": [ [ [ 121.937193286705011, 13.41049893477085 ], [ 121.937195198113372, 13.410484189751042 ], [ 121.93713395188179, 13.410343554318096 ], [ 121.93778112593246, 13.409773094145171 ], [ 121.937664687881735, 13.409509473409024 ], [ 121.936130497641301, 13.410165732191224 ], [ 121.936422159343834, 13.410483083777063 ], [ 121.937193286705011, 13.41049893477085 ] ] ] } },
{ "type": "Feature", "properties": { "Id": 0, "CLN": "20783", "PSGC": "174001029", "Barangay": "Hinapulan", "Land_Class": null, "PIN": "030-01-027-08-023" }, "geometry": { "type": "Polygon", "coordinates": [ [ [ 121.936130497641301, 13.410165732191226 ], [ 121.937664687881735, 13.409509473409024 ], [ 121.937531488481497, 13.409360207652178 ], [ 121.936268658123126, 13.409239267294474 ], [ 121.936212801494449, 13.409489980261514 ], [ 121.936130497641301, 13.410165732191226 ] ] ] } },
{ "type": "Feature", "properties": { "Id": 0, "CLN": "20782", "PSGC": "174001029", "Barangay": "Hinapulan", "Land_Class": null, "PIN": "030-01-027-08-024" }, "geometry": { "type": "Polygon", "coordinates": [ [ [ 121.936268658123126, 13.409239267294472 ], [ 121.937531488481554, 13.409360207652178 ], [ 121.937514878660451, 13.4093415943568 ], [ 121.937380163763194, 13.409095712684131 ], [ 121.936146553864944, 13.408964658326683 ], [ 121.936268658123126, 13.409239267294472 ] ] ] } },
{ "type": "Feature", "properties": { "Id": 0, "CLN": "20759", "PSGC": "174001029", "Barangay": "Hinapulan", "Land_Class": null, "PIN": "030-01-027-08-007" }, "geometry": { "type": "Polygon", "coordinates": [ [ [ 121.936422159343834, 13.410483083777063 ], [ 121.936770369806879, 13.411042567163571 ], [ 121.937119308156014, 13.411069619566087 ], [ 121.937193286705011, 13.41049893477085 ], [ 121.936422159343834, 13.410483083777063 ] ] ] } },
{ "type": "Feature", "properties": { "Id": 0, "CLN": "20758", "PSGC": "174001029", "Barangay": "Hinapulan", "Land_Class": null, "PIN": "030-01-027-08-008" }, "geometry": { "type": "Polygon", "coordinates": [ [ [ 121.935576498573312, 13.410657252872833 ], [ 121.936260736514328, 13.410982554601256 ], [ 121.936770369806879, 13.411042567163571 ], [ 121.936422159343834, 13.410483083777063 ], [ 121.936103823304776, 13.410427328873405 ], [ 121.935762304148383, 13.410411270197233 ], [ 121.935576498573312, 13.410657252872833 ] ] ] } },
{ "type": "Feature", "properties": { "Id": 0, "CLN": "20743", "PSGC": "174001029", "Barangay": "Hinapulan", "Land_Class": null, "PIN": "030-01-027-08-019" }, "geometry": { "type": "Polygon", "coordinates": [ [ [ 121.934526533892068, 13.407583615940105 ], [ 121.933243364021607, 13.406601386301547 ], [ 121.93246888693119, 13.407049754052231 ], [ 121.932408628638385, 13.410977738822663 ], [ 121.934441619410606, 13.409809961485358 ], [ 121.934732970559807, 13.409433072165429 ], [ 121.934829122502734, 13.409270907816857 ], [ 121.934734312406619, 13.409128481505032 ], [ 121.934456375115744, 13.408896234902954 ], [ 121.934526533892068, 13.407583615940105 ] ] ] } },
{ "type": "Feature", "properties": { "Id": 0, "CLN": "20762", "PSGC": "174001029", "Barangay": "Hinapulan", "Land_Class": null, "PIN": "030-01-027-08-020" }, "geometry": { "type": "Polygon", "coordinates": [ [ [ 121.935576498573312, 13.410657252872834 ], [ 121.935762304148383, 13.410411270197233 ], [ 121.936103823304776, 13.410427328873405 ], [ 121.936422159343834, 13.410483083777063 ], [ 121.936130497641301, 13.41016573219123 ], [ 121.936212801494449, 13.409489980261514 ], [ 121.936268658123126, 13.409239267294476 ], [ 121.936146553864916, 13.408964658326681 ], [ 121.934829122502734, 13.409270907816857 ], [ 121.934732970559807, 13.409433072165429 ], [ 121.934441619410606, 13.409809961485358 ], [ 121.934708921118599, 13.410021156614153 ], [ 121.935576498573312, 13.410657252872834 ] ] ] } },
{ "type": "Feature", "properties": { "Id": 0, "CLN": "20763", "PSGC": "174001029", "Barangay": "Hinapulan", "Land_Class": null, "PIN": "030-01-027-08-026" }, "geometry": { "type": "Polygon", "coordinates": [ [ [ 121.934829122502734, 13.409270907816857 ], [ 121.936146553864916, 13.408964658326681 ], [ 121.937380163763194, 13.409095712684131 ], [ 121.93790980597592, 13.408949525598315 ], [ 121.937920703767759, 13.40859324884106 ], [ 121.934724693828812, 13.408876361175141 ], [ 121.934456375115744, 13.408896234902954 ], [ 121.934734312406619, 13.409128481505032 ], [ 121.934829122502734, 13.409270907816857 ] ] ] } },
{ "type": "Feature", "properties": { "Id": 0, "CLN": "20764", "PSGC": "174001029", "Barangay": "Hinapulan", "Land_Class": null, "PIN": "030-01-027-08-027" }, "geometry": { "type": "Polygon", "coordinates": [ [ [ 121.938576062284483, 13.408126391332301 ], [ 121.939010182642534, 13.407587757983244 ], [ 121.937150418779822, 13.407922109937273 ], [ 121.936093703427218, 13.407753065125567 ], [ 121.93543991758267, 13.407516414248486 ], [ 121.934927123206435, 13.407414629132305 ], [ 121.934720072075507, 13.40748990310651 ], [ 121.934526533892068, 13.407583615940105 ], [ 121.934456375115744, 13.408896234902954 ], [ 121.934724693828812, 13.408876361175141 ], [ 121.937920703767759, 13.40859324884106 ], [ 121.938576062284483, 13.408126391332301 ] ] ] } },
{ "type": "Feature", "properties": { "Id": 0, "CLN": "20765", "PSGC": "174001029", "Barangay": "Hinapulan", "Land_Class": null, "PIN": "030-01-027-08-032" }, "geometry": { "type": "Polygon", "coordinates": [ [ [ 121.934736815084136, 13.406124541722958 ], [ 121.934330411717966, 13.405828732968962 ], [ 121.933243364021607, 13.406601386301547 ], [ 121.934526533892068, 13.407583615940105 ], [ 121.934720072075507, 13.40748990310651 ], [ 121.934927123206435, 13.407414629132305 ], [ 121.935045188604477, 13.406906318495595 ], [ 121.935124049267159, 13.406484812045663 ], [ 121.935344897397883, 13.406305386521311 ], [ 121.934736815084136, 13.406124541722958 ] ] ] } },
{ "type": "Feature", "properties": { "Id": 0, "CLN": "20766", "PSGC": "174001029", "Barangay": "Hinapulan", "Land_Class": null, "PIN": "030-01-027-08-031" }, "geometry": { "type": "Polygon", "coordinates": [ [ [ 121.936206447647763, 13.40690390703586 ], [ 121.935553670675858, 13.40605577863113 ], [ 121.935384240847853, 13.406180312101982 ], [ 121.935344897397883, 13.406305386521311 ], [ 121.935124049267159, 13.406484812045663 ], [ 121.935045188604477, 13.406906318495595 ], [ 121.934927123206435, 13.407414629132305 ], [ 121.93543991758267, 13.407516414248486 ], [ 121.936333640326723, 13.407268074846096 ], [ 121.936518766489144, 13.407192108675565 ], [ 121.936206447647763, 13.40690390703586 ] ] ] } },
{ "type": "Feature", "properties": { "Id": 0, "CLN": "20778", "PSGC": "174001029", "Barangay": "Hinapulan", "Land_Class": null, "PIN": "030-01-027-08-030" }, "geometry": { "type": "Polygon", "coordinates": [ [ [ 121.936518766489144, 13.407192108675565 ], [ 121.936333640326723, 13.407268074846092 ], [ 121.93543991758267, 13.40751641424848 ], [ 121.936093703427218, 13.407753065125567 ], [ 121.937150418779822, 13.407922109937273 ], [ 121.936964045155605, 13.407382196156263 ], [ 121.936518766489144, 13.407192108675565 ] ] ] } },
{ "type": "Feature", "properties": { "Id": 0, "CLN": "20777", "PSGC": "174001029", "Barangay": "Hinapulan", "Land_Class": null, "PIN": "030-01-027-08-028" }, "geometry": { "type": "Polygon", "coordinates": [ [ [ 121.936964045155605, 13.407382196156263 ], [ 121.937150418779822, 13.407922109937273 ], [ 121.939010182642534, 13.407587757983244 ], [ 121.939056147911444, 13.407460437577328 ], [ 121.939097989652907, 13.407283365737802 ], [ 121.937527551743557, 13.407428424350293 ], [ 121.936964045155605, 13.407382196156263 ] ] ] } },
{ "type": "Feature", "properties": { "Id": 0, "CLN": "20776", "PSGC": "174001029", "Barangay": "Hinapulan", "Land_Class": null, "PIN": "030-01-027-08-029" }, "geometry": { "type": "Polygon", "coordinates": [ [ [ 121.937387819833589, 13.406958799691568 ], [ 121.937296649268575, 13.406905104790518 ], [ 121.937080862805942, 13.4067335453884 ], [ 121.93686792206212, 13.406903575066504 ], [ 121.936518766489144, 13.407192108675565 ], [ 121.936964045155605, 13.407382196156258 ], [ 121.937527551743557, 13.407428424350289 ], [ 121.939097989652907, 13.407283365737802 ], [ 121.939257438569143, 13.406969521057453 ], [ 121.937387819833589, 13.406958799691568 ] ] ] } },
{ "type": "Feature", "properties": { "Id": 0, "CLN": "20775", "PSGC": "174001029", "Barangay": "Hinapulan", "Land_Class": null, "PIN": "030-01-027-08-047" }, "geometry": { "type": "Polygon", "coordinates": [ [ [ 121.939257438569143, 13.406969521057453 ], [ 121.939268482192603, 13.406919036590834 ], [ 121.939103697493437, 13.406422360847804 ], [ 121.938897549601649, 13.406167866486403 ], [ 121.938736124537712, 13.406217913275226 ], [ 121.938588412523686, 13.406058539952744 ], [ 121.93782482158754, 13.406300813924585 ], [ 121.937132368536169, 13.406658613406544 ], [ 121.937080862805942, 13.4067335453884 ], [ 121.937296649268575, 13.406905104790518 ], [ 121.937387819833589, 13.406958799691568 ], [ 121.939257438569143, 13.406969521057453 ] ] ] } },
{ "type": "Feature", "properties": { "Id": 0, "CLN": "20779", "PSGC": "174001029", "Barangay": "Hinapulan", "Land_Class": null, "PIN": "030-01-027-07-043" }, "geometry": { "type": "Polygon", "coordinates": [ [ [ 121.939010182642534, 13.407587757983244 ], [ 121.938576062284483, 13.408126391332301 ], [ 121.938913868085308, 13.408562708477954 ], [ 121.939832281771004, 13.408630794865545 ], [ 121.940069267826885, 13.408162859241552 ], [ 121.939010182642534, 13.407587757983244 ] ] ] } },
{ "type": "Feature", "properties": { "Id": 0, "CLN": "20787", "PSGC": "174001029", "Barangay": "Hinapulan", "Land_Class": null, "PIN": "030-01-027-07-042" }, "geometry": { "type": "Polygon", "coordinates": [ [ [ 121.940069267826885, 13.408162859241552 ], [ 121.939832281771004, 13.408630794865545 ], [ 121.940063543620525, 13.40867562150838 ], [ 121.940252660021841, 13.408687553095088 ], [ 121.940474266458253, 13.408689634214499 ], [ 121.940445136121184, 13.408269368964913 ], [ 121.940069267826885, 13.408162859241552 ] ] ] } },
{ "type": "Feature", "properties": { "Id": 0, "CLN": "20999", "PSGC": "174001029", "Barangay": "Hinapulan", "Land_Class": null, "PIN": "030-01-027-06-021" }, "geometry": { "type": "Polygon", "coordinates": [ [ [ 121.943650985535996, 13.406406590263302 ], [ 121.943461224218055, 13.406046077213762 ], [ 121.943108323219974, 13.405993423075326 ], [ 121.942698021492532, 13.405961009297291 ], [ 121.942004870651388, 13.406349992740457 ], [ 121.941836336278882, 13.405360659125872 ], [ 121.941738870878368, 13.404763511619077 ], [ 121.94131308154283, 13.404232049025032 ], [ 121.941154731686055, 13.403955302619121 ], [ 121.940211811419687, 13.406520600504203 ], [ 121.940416998172978, 13.406913187308128 ], [ 121.94121623014415, 13.407645819362392 ], [ 121.942285963571791, 13.406910746695177 ], [ 121.942978074824751, 13.40647409446399 ], [ 121.943106251449152, 13.40646754063215 ], [ 121.943650985535996, 13.406406590263302 ] ] ] } },
{ "type": "Feature", "properties": { "Id": 0, "CLN": "20969", "PSGC": "174001029", "Barangay": "Hinapulan", "Land_Class": null, "PIN": "030-01-027-06-020" }, "geometry": { "type": "Polygon", "coordinates": [ [ [ 121.944775196259869, 13.406879566337086 ], [ 121.944585999453693, 13.406389217028028 ], [ 121.943650985535996, 13.406406590263302 ], [ 121.943106251449152, 13.40646754063215 ], [ 121.942978074824751, 13.40647409446399 ], [ 121.942285963571791, 13.406910746695177 ], [ 121.94121623014415, 13.407645819362392 ], [ 121.941446341206316, 13.407895379378356 ], [ 121.942297855877825, 13.40824108023139 ], [ 121.942586495269737, 13.408485382538203 ], [ 121.943079719708777, 13.408945873628864 ], [ 121.943079727525742, 13.408865871989502 ], [ 121.943809417416375, 13.408198714341232 ], [ 121.944729084579976, 13.406924590493475 ], [ 121.944775196259869, 13.406879566337086 ] ] ] } },
{ "type": "Feature", "properties": { "Id": 0, "CLN": "20771", "PSGC": "174001029", "Barangay": "Hinapulan", "Land_Class": null, "PIN": "030-01-027-08-046" }, "geometry": { "type": "Polygon", "coordinates": [ [ [ 121.939720684098134, 13.40576771335928 ], [ 121.939601575042857, 13.404920534567568 ], [ 121.93837543301251, 13.405611760448608 ], [ 121.937912553802065, 13.404968542117162 ], [ 121.937434358396104, 13.405482552032547 ], [ 121.936925125454948, 13.406071579051078 ], [ 121.936604710775143, 13.406902466106962 ], [ 121.936518766489144, 13.407192108675565 ], [ 121.93686792206212, 13.406903575066504 ], [ 121.937080862805942, 13.4067335453884 ], [ 121.937132368536169, 13.406658613406544 ], [ 121.93782482158754, 13.406300813924585 ], [ 121.938588412523686, 13.406058539952744 ], [ 121.938609520220524, 13.405913340765023 ], [ 121.939720684098134, 13.40576771335928 ] ] ] } },
{ "type": "Feature", "properties": { "Id": 0, "CLN": "20768", "PSGC": "174001029", "Barangay": "Hinapulan", "Land_Class": null, "PIN": "030-01-027-08-044" }, "geometry": { "type": "Polygon", "coordinates": [ [ [ 121.936281682220653, 13.405758252493726 ], [ 121.936218238999373, 13.405056595411491 ], [ 121.93572967274946, 13.40560061766754 ], [ 121.935553670675858, 13.40605577863113 ], [ 121.936206447647763, 13.40690390703586 ], [ 121.936518766489144, 13.407192108675565 ], [ 121.936604710775143, 13.406902466106962 ], [ 121.936925125454948, 13.406071579051078 ], [ 121.936281682220653, 13.405758252493726 ] ] ] } },
{ "type": "Feature", "properties": { "Id": 0, "CLN": "20818", "PSGC": "174001029", "Barangay": "Hinapulan", "Land_Class": null, "PIN": "030-01-027-07-012" }, "geometry": { "type": "Polygon", "coordinates": [ [ [ 121.942240809735807, 13.410983130295556 ], [ 121.942938781991572, 13.411237275233924 ], [ 121.942946949266513, 13.411393238868799 ], [ 121.943088097946472, 13.411493451798423 ], [ 121.943258260358093, 13.411611702380211 ], [ 121.943356938195478, 13.411854400748913 ], [ 121.943356321808963, 13.411995429764882 ], [ 121.943241398100241, 13.412088969450483 ], [ 121.943424958239504, 13.412350104325851 ], [ 121.943494728553404, 13.413290607156481 ], [ 121.943491415179309, 13.414006819855793 ], [ 121.943949849160376, 13.413921950899363 ], [ 121.943866764725385, 13.413776829118753 ], [ 121.943977682588553, 13.41359625773709 ], [ 121.944067954909627, 13.413385088224347 ], [ 121.944137261859211, 13.413216547218342 ], [ 121.944425285991244, 13.412924840786394 ], [ 121.943870436560246, 13.412460775517301 ], [ 121.94356076897958, 13.411523788439673 ], [ 121.943234694195581, 13.410537913728549 ], [ 121.943084675521249, 13.410214059959621 ], [ 121.942943872511066, 13.409890111727039 ], [ 121.942734055467881, 13.410136242474165 ], [ 121.942234229686477, 13.4100825000251 ], [ 121.942369530691707, 13.41061526109967 ], [ 121.942240809735807, 13.410983130295556 ] ] ] } },
{ "type": "Feature", "properties": { "Id": 0, "CLN": "20817", "PSGC": "174001029", "Barangay": "Hinapulan", "Land_Class": null, "PIN": "030-01-027-07-033" }, "geometry": { "type": "Polygon", "coordinates": [ [ [ 121.942234229686477, 13.4100825000251 ], [ 121.942734055467881, 13.410136242474165 ], [ 121.942943872511066, 13.409890111727039 ], [ 121.942461324730516, 13.409579140228299 ], [ 121.942234229686477, 13.4100825000251 ] ] ] } },
{ "type": "Feature", "properties": { "Id": 0, "CLN": "20790", "PSGC": "174001029", "Barangay": "Hinapulan", "Land_Class": null, "PIN": "030-01-027-07-035" }, "geometry": { "type": "Polygon", "coordinates": [ [ [ 121.941624429422617, 13.40884165997014 ], [ 121.9415416285986, 13.408994805642186 ], [ 121.941513313024672, 13.409493539044265 ], [ 121.941907539045303, 13.409472587901098 ], [ 121.942095778710424, 13.40943969404552 ], [ 121.942095965367997, 13.409397029495871 ], [ 121.941624429422617, 13.40884165997014 ] ] ] } },
{ "type": "Feature", "properties": { "Id": 0, "CLN": "20791", "PSGC": "174001029", "Barangay": "Hinapulan", "Land_Class": null, "PIN": "030-01-027-07-034" }, "geometry": { "type": "Polygon", "coordinates": [ [ [ 121.941438612827611, 13.409928122413197 ], [ 121.941758337406114, 13.410019874809571 ], [ 121.942157323461473, 13.410052985529326 ], [ 121.942329373935266, 13.409526003998032 ], [ 121.942095778710424, 13.40943969404552 ], [ 121.941907539045303, 13.409472587901098 ], [ 121.941513313024672, 13.409493539044265 ], [ 121.941438612827611, 13.409928122413197 ] ] ] } },
{ "type": "Feature", "properties": { "Id": 0, "CLN": "20792", "PSGC": "174001029", "Barangay": "Hinapulan", "Land_Class": null, "PIN": "030-01-027-07-031" }, "geometry": { "type": "Polygon", "coordinates": [ [ [ 121.941426581401387, 13.410118110845806 ], [ 121.941644859372985, 13.410266408608161 ], [ 121.941758337406114, 13.410019874809571 ], [ 121.941438612827611, 13.4099281224132 ], [ 121.941426581401387, 13.410118110845806 ] ] ] } },
{ "type": "Feature", "properties": { "Id": 0, "CLN": "20793", "PSGC": "174001029", "Barangay": "Hinapulan", "Land_Class": null, "PIN": "030-01-027-07-030" }, "geometry": { "type": "Polygon", "coordinates": [ [ [ 121.941118222084199, 13.410628460085398 ], [ 121.941644859372985, 13.410266408608161 ], [ 121.941426581401387, 13.410118110845808 ], [ 121.941046745892493, 13.410326656100558 ], [ 121.941110931813654, 13.410588228955591 ], [ 121.941118222084199, 13.410628460085398 ] ] ] } },
{ "type": "Feature", "properties": { "Id": 0, "CLN": "20796", "PSGC": "174001029", "Barangay": "Hinapulan", "Land_Class": null, "PIN": "030-01-027-07-032" }, "geometry": { "type": "Polygon", "coordinates": [ [ [ 121.941257263506856, 13.410846491935978 ], [ 121.941651389069449, 13.410690703341606 ], [ 121.941935673059888, 13.410595056634925 ], [ 121.942054058648637, 13.410570290709927 ], [ 121.942101129183868, 13.410625223205948 ], [ 121.942264665137714, 13.410602751690561 ], [ 121.942157323461473, 13.410052985529326 ], [ 121.941758337406114, 13.410019874809571 ], [ 121.941644859373014, 13.410266408608161 ], [ 121.941118222084199, 13.410628460085398 ], [ 121.941257263506856, 13.410846491935978 ] ] ] } },
{ "type": "Feature", "properties": { "Id": 0, "CLN": "20798", "PSGC": "174001029", "Barangay": "Hinapulan", "Land_Class": null, "PIN": "030-01-027-07-013" }, "geometry": { "type": "Polygon", "coordinates": [ [ [ 121.942264665137714, 13.410602751690561 ], [ 121.942101129183882, 13.410625223205953 ], [ 121.942054058648637, 13.410570290709927 ], [ 121.941935673059888, 13.410595056634927 ], [ 121.941651389069449, 13.410690703341606 ], [ 121.941626582157568, 13.410953748880667 ], [ 121.942020355587331, 13.410900665322941 ], [ 121.942247286508902, 13.410642677579728 ], [ 121.942264665137714, 13.410602751690561 ] ] ] } },
{ "type": "Feature", "properties": { "Id": 0, "CLN": "20797", "PSGC": "174001029", "Barangay": "Hinapulan", "Land_Class": null, "PIN": "030-01-027-07-014" }, "geometry": { "type": "Polygon", "coordinates": [ [ [ 121.941626582157568, 13.410953748880667 ], [ 121.941651389069449, 13.410690703341606 ], [ 121.941257263506856, 13.410846491935978 ], [ 121.940974681156348, 13.411011589957957 ], [ 121.941028243855186, 13.411141552862723 ], [ 121.940885663498477, 13.411233155754147 ], [ 121.940899744740122, 13.411365991571206 ], [ 121.941311416889036, 13.411226102125402 ], [ 121.941398255662662, 13.411039104014103 ], [ 121.941626582157568, 13.410953748880667 ] ] ] } },
{ "type": "Feature", "properties": { "Id": 0, "CLN": "20799", "PSGC": "174001029", "Barangay": "Hinapulan", "Land_Class": null, "PIN": "030-01-027-07-015" }, "geometry": { "type": "Polygon", "coordinates": [ [ [ 121.941398255662662, 13.411039104014103 ], [ 121.941505161116893, 13.411180600735062 ], [ 121.941894993319238, 13.411045398186163 ], [ 121.94202035558736, 13.410900665322945 ], [ 121.941626582157568, 13.410953748880667 ], [ 121.941398255662662, 13.411039104014103 ] ] ] } },
{ "type": "Feature", "properties": { "Id": 0, "CLN": "20801", "PSGC": "174001029", "Barangay": "Hinapulan", "Land_Class": null, "PIN": "030-01-027-07-017" }, "geometry": { "type": "Polygon", "coordinates": [ [ [ 121.941894993319238, 13.411045398186163 ], [ 121.941505161116893, 13.411180600735062 ], [ 121.941532683937396, 13.411279660450379 ], [ 121.941611771791955, 13.411389462476022 ], [ 121.941990336095245, 13.411372103559801 ], [ 121.941894993319238, 13.411045398186163 ] ] ] } },
{ "type": "Feature", "properties": { "Id": 0, "CLN": "20802", "PSGC": "174001029", "Barangay": "Hinapulan", "Land_Class": null, "PIN": "030-01-027-07-018" }, "geometry": { "type": "Polygon", "coordinates": [ [ [ 121.940865503751454, 13.411728905853655 ], [ 121.940898668550389, 13.411683302552319 ], [ 121.941528274266361, 13.411263789234562 ], [ 121.941505161116893, 13.411180600735062 ], [ 121.941398255662662, 13.411039104014103 ], [ 121.941311416889036, 13.411226102125402 ], [ 121.940899744740122, 13.411365991571206 ], [ 121.940857912644091, 13.411710317666502 ], [ 121.940865503751454, 13.411728905853655 ] ] ] } },
{ "type": "Feature", "properties": { "Id": 0, "CLN": "20803", "PSGC": "174001029", "Barangay": "Hinapulan", "Land_Class": null, "PIN": "030-01-027-07-019" }, "geometry": { "type": "Polygon", "coordinates": [ [ [ 121.941611771791955, 13.411389462476022 ], [ 121.941532683937396, 13.411279660450379 ], [ 121.941528274266389, 13.411263789234567 ], [ 121.940898668550417, 13.411683302552319 ], [ 121.940865503751454, 13.411728905853655 ], [ 121.940919569728194, 13.411861296008336 ], [ 121.941611771791955, 13.411389462476022 ] ] ] } },
{ "type": "Feature", "properties": { "Id": 0, "CLN": "20804", "PSGC": "174001029", "Barangay": "Hinapulan", "Land_Class": null, "PIN": "030-01-027-07-020" }, "geometry": { "type": "Polygon", "coordinates": [ [ [ 121.941990336095245, 13.411372103559801 ], [ 121.941611771791955, 13.411389462476022 ], [ 121.940919569728194, 13.411861296008341 ], [ 121.940995842644256, 13.412023101371732 ], [ 121.941990336095245, 13.411372103559801 ] ] ] } },
{ "type": "Feature", "properties": { "Id": 0, "CLN": "20805", "PSGC": "174001029", "Barangay": "Hinapulan", "Land_Class": null, "PIN": "030-01-027-07-021" }, "geometry": { "type": "Polygon", "coordinates": [ [ [ 121.941990336095245, 13.411372103559801 ], [ 121.940995842644256, 13.412023101371732 ], [ 121.941032028382011, 13.41213091005446 ], [ 121.942011030039893, 13.411557447672669 ], [ 121.941990336095245, 13.411372103559801 ] ] ] } },
{ "type": "Feature", "properties": { "Id": 0, "CLN": "20806", "PSGC": "174001029", "Barangay": "Hinapulan", "Land_Class": null, "PIN": "030-01-027-07-022" }, "geometry": { "type": "Polygon", "coordinates": [ [ [ 121.941032028382011, 13.41213091005446 ], [ 121.94161641768504, 13.412108932921267 ], [ 121.942022390410756, 13.411848538785673 ], [ 121.942011030039893, 13.411557447672669 ], [ 121.941032028382011, 13.41213091005446 ] ] ] } },
{ "type": "Feature", "properties": { "Id": 0, "CLN": "20807", "PSGC": "174001029", "Barangay": "Hinapulan", "Land_Class": null, "PIN": "030-01-027-07-024" }, "geometry": { "type": "Polygon", "coordinates": [ [ [ 121.942022390410756, 13.411848538785673 ], [ 121.94161641768504, 13.412108932921267 ], [ 121.941631671303327, 13.412333554825828 ], [ 121.942000001521293, 13.412084731591429 ], [ 121.942150886458037, 13.411970652746954 ], [ 121.942104403954076, 13.411904144129513 ], [ 121.942022390410756, 13.411848538785673 ] ] ] } },
{ "type": "Feature", "properties": { "Id": 0, "CLN": "20808", "PSGC": "174001029", "Barangay": "Hinapulan", "Land_Class": null, "PIN": "030-01-027-07-025" }, "geometry": { "type": "Polygon", "coordinates": [ [ [ 121.941032028382011, 13.41213091005446 ], [ 121.940932299056584, 13.41230274225245 ], [ 121.941382320108801, 13.412502001883434 ], [ 121.941631671303327, 13.412333554825825 ], [ 121.94161641768504, 13.412108932921269 ], [ 121.941032028382011, 13.41213091005446 ] ] ] } },
{ "type": "Feature", "properties": { "Id": 0, "CLN": "21103", "PSGC": "174001029", "Barangay": "Hinapulan", "Land_Class": null, "PIN": "030-01-027-07-023" }, "geometry": { "type": "Polygon", "coordinates": [ [ [ 121.942094556808058, 13.412257379030352 ], [ 121.942150886458037, 13.411970652746954 ], [ 121.942000001521293, 13.412084731591429 ], [ 121.942094556808058, 13.412257379030352 ] ] ] } },
{ "type": "Feature", "properties": { "Id": 0, "CLN": "20800", "PSGC": "174001029", "Barangay": "Hinapulan", "Land_Class": null, "PIN": "030-01-027-07-016" }, "geometry": { "type": "Polygon", "coordinates": [ [ [ 121.941990336095245, 13.411372103559801 ], [ 121.94204199155304, 13.410905027809953 ], [ 121.94202035558736, 13.410900665322945 ], [ 121.941894993319238, 13.411045398186163 ], [ 121.941990336095245, 13.411372103559801 ] ] ] } },
{ "type": "Feature", "properties": { "Id": 0, "CLN": "20859", "PSGC": "174001029", "Barangay": "Hinapulan", "Land_Class": null, "PIN": "030-01-027-02-002" }, "geometry": { "type": "Polygon", "coordinates": [ [ [ 121.951439778648094, 13.426010654093181 ], [ 121.951848080147684, 13.426010347755945 ], [ 121.952495861299255, 13.426148950007018 ], [ 121.952670364121573, 13.424765163533921 ], [ 121.951738683475043, 13.424801371737967 ], [ 121.95144007854681, 13.425104705277535 ], [ 121.949938709068647, 13.426190722789846 ], [ 121.950562512195305, 13.426178182935013 ], [ 121.951423723543542, 13.426101030941625 ], [ 121.951439778648094, 13.426010654093181 ] ] ] } },
{ "type": "Feature", "properties": { "Id": 0, "CLN": "20862", "PSGC": "174001029", "Barangay": "Hinapulan", "Land_Class": null, "PIN": "030-01-027-02-005" }, "geometry": { "type": "Polygon", "coordinates": [ [ [ 121.957304438983869, 13.428178219846515 ], [ 121.957562772235718, 13.427908849767947 ], [ 121.957321464047908, 13.426605108266033 ], [ 121.957094706888029, 13.425325583105687 ], [ 121.956576167352594, 13.424912931700028 ], [ 121.957304438983869, 13.428178219846515 ] ] ] } },
{ "type": "Feature", "properties": { "Id": 0, "CLN": "20863", "PSGC": "174001029", "Barangay": "Hinapulan", "Land_Class": null, "PIN": "030-01-027-02-006" }, "geometry": { "type": "Polygon", "coordinates": [ [ [ 121.957562772235718, 13.427908849767947 ], [ 121.957925619804598, 13.427931165399338 ], [ 121.958710621625229, 13.425799696024587 ], [ 121.959022280766746, 13.42495345381657 ], [ 121.95812884631502, 13.425033383833139 ], [ 121.957783919532034, 13.424945698912914 ], [ 121.957094706888029, 13.425325583105687 ], [ 121.957321464047908, 13.426605108266033 ], [ 121.957562772235718, 13.427908849767947 ] ] ] } },
{ "type": "Feature", "properties": { "Id": 0, "CLN": "21110", "PSGC": "174001029", "Barangay": "Hinapulan", "Land_Class": null, "PIN": "030-01-027-02-032" }, "geometry": { "type": "Polygon", "coordinates": [ [ [ 121.960311100810301, 13.42311550463875 ], [ 121.961562740811686, 13.421062915986511 ], [ 121.961520102803519, 13.421093983620207 ], [ 121.960391304060025, 13.420386436595093 ], [ 121.960001706864745, 13.42042057029971 ], [ 121.959444086618149, 13.423085121961121 ], [ 121.959798846796559, 13.422932638696564 ], [ 121.960082793370276, 13.42314136822251 ], [ 121.960311100810301, 13.42311550463875 ] ] ] } },
{ "type": "Feature", "properties": { "Id": 0, "CLN": "20893", "PSGC": "174001029", "Barangay": "Hinapulan", "Land_Class": null, "PIN": "030-01-027-02-028" }, "geometry": { "type": "Polygon", "coordinates": [ [ [ 121.952133822006701, 13.416196723280542 ], [ 121.951895083240473, 13.415240309119294 ], [ 121.951417509955562, 13.414870493785738 ], [ 121.950619341205652, 13.413546388596918 ], [ 121.949564369499569, 13.414044649538456 ], [ 121.949236122433518, 13.413923947760479 ], [ 121.949102776998174, 13.414006564858216 ], [ 121.949102163861085, 13.414147594112038 ], [ 121.948846743273563, 13.414269480630557 ], [ 121.948846287231461, 13.414374348526573 ], [ 121.948716792698349, 13.414420819441716 ], [ 121.94852670410954, 13.414362858168351 ], [ 121.948392145250253, 13.414321828761302 ], [ 121.94755698627759, 13.414390669465018 ], [ 121.947550789080481, 13.414424954727824 ], [ 121.947537506371731, 13.414498439707723 ], [ 121.94827139429141, 13.414717098221523 ], [ 121.949493267574923, 13.415007532288714 ], [ 121.94950384667986, 13.415123294761475 ], [ 121.949791053555515, 13.415237080510922 ], [ 121.950000566867104, 13.415236815493932 ], [ 121.950838798698371, 13.415694446997666 ], [ 121.951339924007243, 13.416625001977573 ], [ 121.951415519595486, 13.416638451528678 ], [ 121.951863405108995, 13.416777095379182 ], [ 121.952133822006701, 13.416196723280542 ] ] ] } },
{ "type": "Feature", "properties": { "Id": 0, "CLN": "20827", "PSGC": "174001029", "Barangay": "Hinapulan", "Land_Class": null, "PIN": "030-01-027-01-020" }, "geometry": { "type": "Polygon", "coordinates": [ [ [ 121.941237322210213, 13.416940279159922 ], [ 121.942071228708315, 13.419464579577022 ], [ 121.942255589124741, 13.419630780574142 ], [ 121.942697528146297, 13.41978230667973 ], [ 121.942802486022273, 13.419703971742708 ], [ 121.941904849736446, 13.417029733261797 ], [ 121.941979308145505, 13.416565272958747 ], [ 121.94221408649851, 13.41624328012773 ], [ 121.942150778968752, 13.41599881197069 ], [ 121.942006302963748, 13.416130533743065 ], [ 121.941617535457254, 13.416484979962242 ], [ 121.941237322210213, 13.416940279159922 ] ] ] } },
{ "type": "Feature", "properties": { "Id": 0, "CLN": "20828", "PSGC": "174001029", "Barangay": "Hinapulan", "Land_Class": null, "PIN": "030-01-027-01-025" }, "geometry": { "type": "Polygon", "coordinates": [ [ [ 121.941237322210242, 13.416940279159924 ], [ 121.941617535457254, 13.416484979962243 ], [ 121.942006302963733, 13.41613053374307 ], [ 121.94176706760021, 13.415737643154136 ], [ 121.941767707836505, 13.415591419682507 ], [ 121.941732214072189, 13.415427320215615 ], [ 121.941474484914536, 13.415243493583427 ], [ 121.940929654068228, 13.415738559231734 ], [ 121.940381253809562, 13.415895775210705 ], [ 121.940511122465153, 13.416215359565351 ], [ 121.941237322210242, 13.416940279159924 ] ] ] } },
{ "type": "Feature", "properties": { "Id": 0, "CLN": "20821", "PSGC": "174001029", "Barangay": "Hinapulan", "Land_Class": null, "PIN": "030-01-027-01-027" }, "geometry": { "type": "Polygon", "coordinates": [ [ [ 121.94221408649851, 13.41624328012773 ], [ 121.942932530458222, 13.416545224731808 ], [ 121.943366545777891, 13.416312403302223 ], [ 121.943884503634948, 13.416333495422304 ], [ 121.94433381840021, 13.415253003690124 ], [ 121.944545212279721, 13.414625984669648 ], [ 121.944673650154556, 13.413975606885208 ], [ 121.943949849160376, 13.413921950899363 ], [ 121.943491415179309, 13.414006819855793 ], [ 121.943475200895975, 13.414335825625111 ], [ 121.943209213830229, 13.414738109317055 ], [ 121.943088871868781, 13.414920116122641 ], [ 121.94294631829537, 13.415101902198932 ], [ 121.94283082354417, 13.415249182253897 ], [ 121.942150778968752, 13.41599881197069 ], [ 121.94221408649851, 13.41624328012773 ] ] ] } },
{ "type": "Feature", "properties": { "Id": 0, "CLN": "20823", "PSGC": "174001029", "Barangay": "Hinapulan", "Land_Class": null, "PIN": "030-01-027-01-028" }, "geometry": { "type": "Polygon", "coordinates": [ [ [ 121.94433381840021, 13.415253003690124 ], [ 121.943884503634948, 13.416333495422304 ], [ 121.945087680336158, 13.415256157844746 ], [ 121.945874356652865, 13.414586551966591 ], [ 121.944738747403818, 13.413879357486286 ], [ 121.944673650154556, 13.413975606885215 ], [ 121.944545212279721, 13.414625984669648 ], [ 121.94433381840021, 13.415253003690124 ] ] ] } },
{ "type": "Feature", "properties": { "Id": 0, "CLN": "20824", "PSGC": "174001029", "Barangay": "Hinapulan", "Land_Class": null, "PIN": "030-01-027-01-018" }, "geometry": { "type": "Polygon", "coordinates": [ [ [ 121.945087680336158, 13.415256157844746 ], [ 121.943884503634948, 13.416333495422304 ], [ 121.943988004851562, 13.417420086018632 ], [ 121.944327666632717, 13.417546397280651 ], [ 121.946715289246924, 13.416140969444339 ], [ 121.946570625537802, 13.415625670121178 ], [ 121.946599369713667, 13.415239768817802 ], [ 121.946713667351133, 13.413600425431545 ], [ 121.945874356652865, 13.414586551966591 ], [ 121.945087680336158, 13.415256157844746 ] ] ] } },
{ "type": "Feature", "properties": { "Id": 0, "CLN": "20825", "PSGC": "174001029", "Barangay": "Hinapulan", "Land_Class": null, "PIN": "030-01-027-01-017" }, "geometry": { "type": "Polygon", "coordinates": [ [ [ 121.944327666632717, 13.417546397280651 ], [ 121.944417276465671, 13.418273400231937 ], [ 121.947013891136123, 13.41770522437729 ], [ 121.947452273181483, 13.416469515281062 ], [ 121.946715289246924, 13.416140969444339 ], [ 121.944327666632717, 13.417546397280651 ] ] ] } },
{ "type": "Feature", "properties": { "Id": 0, "CLN": "20831", "PSGC": "174001029", "Barangay": "Hinapulan", "Land_Class": null, "PIN": "030-01-027-01-016" }, "geometry": { "type": "Polygon", "coordinates": [ [ [ 121.944417276465671, 13.418273400231937 ], [ 121.944133095063904, 13.419296238371077 ], [ 121.942880544415502, 13.419674488076829 ], [ 121.943920349230169, 13.420795698897821 ], [ 121.946953002612645, 13.420424885393572 ], [ 121.947181569604496, 13.420022157534056 ], [ 121.946786046864446, 13.41930733352558 ], [ 121.947013891136123, 13.41770522437729 ], [ 121.944417276465671, 13.418273400231937 ] ] ] } },
{ "type": "Feature", "properties": { "Id": 0, "CLN": "21106", "PSGC": "174001029", "Barangay": "Hinapulan", "Land_Class": null, "PIN": "030-01-027-02-048" }, "geometry": { "type": "Polygon", "coordinates": [ [ [ 121.947211852857919, 13.415240328723158 ], [ 121.947615442225782, 13.416074608327474 ], [ 121.948746125623131, 13.416846320909139 ], [ 121.949020397452784, 13.416600208389603 ], [ 121.949894120137174, 13.416008415770101 ], [ 121.950838798698371, 13.415694446997666 ], [ 121.950000566867104, 13.415236815493932 ], [ 121.949791053555515, 13.415237080510922 ], [ 121.94950384667986, 13.415123294761475 ], [ 121.949493267574923, 13.415007532288714 ], [ 121.94827139429141, 13.414717098221523 ], [ 121.947537506371731, 13.414498439707723 ], [ 121.947073900720412, 13.414360309267575 ], [ 121.946991212603123, 13.414335672393007 ], [ 121.94691176379618, 13.414765668244913 ], [ 121.947211852857919, 13.415240328723158 ] ] ] } },
{ "type": "Feature", "properties": { "Id": 0, "CLN": "20894", "PSGC": "174001029", "Barangay": "Hinapulan", "Land_Class": null, "PIN": "030-01-027-02-029" }, "geometry": { "type": "Polygon", "coordinates": [ [ [ 121.948746125623131, 13.416846320909139 ], [ 121.948832920681454, 13.417038431967779 ], [ 121.948835085580228, 13.41729195818073 ], [ 121.948856345497887, 13.417578455177578 ], [ 121.949997590515864, 13.418294700465832 ], [ 121.950822728268903, 13.417021487774003 ], [ 121.951004017465081, 13.416820400453696 ], [ 121.951339924007243, 13.416625001977573 ], [ 121.950838798698371, 13.415694446997666 ], [ 121.949894120137174, 13.416008415770101 ], [ 121.949020397452784, 13.416600208389603 ], [ 121.948746125623131, 13.416846320909139 ] ] ] } },
{ "type": "Feature", "properties": { "Id": 0, "CLN": "20895", "PSGC": "174001029", "Barangay": "Hinapulan", "Land_Class": null, "PIN": "030-01-027-02-028" }, "geometry": { "type": "Polygon", "coordinates": [ [ [ 121.949997590515892, 13.418294700465831 ], [ 121.948856345497887, 13.417578455177578 ], [ 121.948835085580228, 13.41729195818073 ], [ 121.948832920681454, 13.417038431967777 ], [ 121.948746125623131, 13.416846320909141 ], [ 121.947615442225782, 13.416074608327477 ], [ 121.947938415528085, 13.416526111726347 ], [ 121.948095376220095, 13.417177704635632 ], [ 121.947445241666074, 13.418507144223948 ], [ 121.947828744996343, 13.41922023512161 ], [ 121.948747599185239, 13.418921305662312 ], [ 121.949997590515892, 13.418294700465831 ] ] ] } },
{ "type": "Feature", "properties": { "Id": 0, "CLN": "20850", "PSGC": "174001029", "Barangay": "Hinapulan", "Land_Class": null, "PIN": "030-01-027-02-027" }, "geometry": { "type": "Polygon", "coordinates": [ [ [ 121.949525991046954, 13.41950988950847 ], [ 121.948625789852443, 13.420062883096252 ], [ 121.947820884433227, 13.420236136553525 ], [ 121.948842459245967, 13.421209235766863 ], [ 121.949300617142242, 13.421352434468238 ], [ 121.949522271367456, 13.421353358124678 ], [ 121.950318887277689, 13.42071582977025 ], [ 121.950369259256021, 13.419997820581925 ], [ 121.949525991046954, 13.41950988950847 ] ] ] } },
{ "type": "Feature", "properties": { "Id": 0, "CLN": "20853", "PSGC": "174001029", "Barangay": "Hinapulan", "Land_Class": null, "PIN": "030-01-027-02-026" }, "geometry": { "type": "Polygon", "coordinates": [ [ [ 121.951159445639533, 13.420048205156625 ], [ 121.950369259255993, 13.419997820581925 ], [ 121.950318887277717, 13.420715829770247 ], [ 121.95064923295817, 13.421802102300759 ], [ 121.951420979741684, 13.422143397745213 ], [ 121.951689021213141, 13.422257769045631 ], [ 121.951653906619441, 13.421935960054705 ], [ 121.951545344733191, 13.421712131529823 ], [ 121.951629315553774, 13.421292531834686 ], [ 121.951425432715382, 13.421117490066022 ], [ 121.951425579160997, 13.421083749429153 ], [ 121.951117608790241, 13.420779706264263 ], [ 121.951159445639533, 13.420048205156625 ] ] ] } },
{ "type": "Feature", "properties": { "Id": 0, "CLN": "20851", "PSGC": "174001029", "Barangay": "Hinapulan", "Land_Class": null, "PIN": "030-01-027-02-016" }, "geometry": { "type": "Polygon", "coordinates": [ [ [ 121.949300617142256, 13.421352434468242 ], [ 121.949009382764032, 13.421941606305337 ], [ 121.949462343485862, 13.422094875206263 ], [ 121.949613366138578, 13.422928099850759 ], [ 121.950690124228629, 13.423068827054085 ], [ 121.95064923295817, 13.421802102300763 ], [ 121.950318887277717, 13.420715829770247 ], [ 121.949522271367485, 13.421353358124682 ], [ 121.949300617142256, 13.421352434468242 ] ] ] } },
{ "type": "Feature", "properties": { "Id": 0, "CLN": "20849", "PSGC": "174001029", "Barangay": "Hinapulan", "Land_Class": null, "PIN": "030-01-027-02-015" }, "geometry": { "type": "Polygon", "coordinates": [ [ [ 121.949009382764032, 13.421941606305337 ], [ 121.948865217319764, 13.422605819906725 ], [ 121.949049332069023, 13.422941517875769 ], [ 121.949321693684226, 13.422988067490714 ], [ 121.949579903191591, 13.422955082840064 ], [ 121.949613366138578, 13.422928099850759 ], [ 121.949462343485862, 13.422094875206263 ], [ 121.949009382764032, 13.421941606305337 ] ] ] } },
{ "type": "Feature", "properties": { "Id": 0, "CLN": "20847", "PSGC": "174001029", "Barangay": "Hinapulan", "Land_Class": null, "PIN": "030-01-027-02-014" }, "geometry": { "type": "Polygon", "coordinates": [ [ [ 121.947820884433227, 13.420236136553525 ], [ 121.947578210768469, 13.420845062648127 ], [ 121.946891113323304, 13.421190369616337 ], [ 121.947773124966886, 13.42343448955957 ], [ 121.947831454175272, 13.423061326838939 ], [ 121.94803861241104, 13.422840166082786 ], [ 121.948544351850941, 13.422711079213936 ], [ 121.948865217319764, 13.422605819906725 ], [ 121.949009382764032, 13.421941606305337 ], [ 121.949300617142256, 13.421352434468242 ], [ 121.948842459245967, 13.421209235766863 ], [ 121.947820884433227, 13.420236136553525 ] ] ] } },
{ "type": "Feature", "properties": { "Id": 0, "CLN": "20832", "PSGC": "174001029", "Barangay": "Hinapulan", "Land_Class": null, "PIN": "030-01-027-01-015" }, "geometry": { "type": "Polygon", "coordinates": [ [ [ 121.943920349230169, 13.420795698897821 ], [ 121.944273145136009, 13.421033085889141 ], [ 121.94619980573539, 13.42131867776556 ], [ 121.946891113323304, 13.42119036961634 ], [ 121.947578210768469, 13.420845062648127 ], [ 121.947820884433227, 13.420236136553525 ], [ 121.947882718214373, 13.420222827120762 ], [ 121.947181569604496, 13.420022157534056 ], [ 121.946953002612645, 13.420424885393572 ], [ 121.943920349230169, 13.420795698897821 ] ] ] } },
{ "type": "Feature", "properties": { "Id": 0, "CLN": "20845", "PSGC": "174001029", "Barangay": "Hinapulan", "Land_Class": null, "PIN": "030-01-027-01-014" }, "geometry": { "type": "Polygon", "coordinates": [ [ [ 121.94619980573539, 13.42131867776556 ], [ 121.946734693452782, 13.423764872646418 ], [ 121.947560223186841, 13.423593391696558 ], [ 121.947773124966915, 13.423434489559568 ], [ 121.946891113323304, 13.42119036961634 ], [ 121.94619980573539, 13.42131867776556 ] ] ] } },
{ "type": "Feature", "properties": { "Id": 0, "CLN": "20844", "PSGC": "174001029", "Barangay": "Hinapulan", "Land_Class": null, "PIN": "030-01-027-01-013" }, "geometry": { "type": "Polygon", "coordinates": [ [ [ 121.943920349230169, 13.420795698897821 ], [ 121.944029864380084, 13.421459297162734 ], [ 121.944187943161623, 13.421459959224014 ], [ 121.944440215416478, 13.421925249904433 ], [ 121.94443898069359, 13.422207822142292 ], [ 121.944644495038673, 13.422363427340866 ], [ 121.944554381522224, 13.422537978953876 ], [ 121.944593561973775, 13.423009105330049 ], [ 121.945333411709385, 13.423570628645193 ], [ 121.945512610416927, 13.423457001742536 ], [ 121.945752609259358, 13.423585838257681 ], [ 121.945966877671296, 13.423310884827016 ], [ 121.946248144310417, 13.423433165394638 ], [ 121.946438564875351, 13.423898195853056 ], [ 121.946734693452782, 13.423764872646418 ], [ 121.94619980573539, 13.42131867776556 ], [ 121.944273145136009, 13.421033085889141 ], [ 121.943920349230169, 13.420795698897821 ] ] ] } },
{ "type": "Feature", "properties": { "Id": 0, "CLN": "20833", "PSGC": "174001029", "Barangay": "Hinapulan", "Land_Class": null, "PIN": "030-01-027-01-012" }, "geometry": { "type": "Polygon", "coordinates": [ [ [ 121.944029864380113, 13.421459297162734 ], [ 121.941514580955896, 13.42156454116888 ], [ 121.940128839495344, 13.422124887710721 ], [ 121.944554381522224, 13.422537978953876 ], [ 121.944644495038673, 13.422363427340866 ], [ 121.94443898069359, 13.422207822142298 ], [ 121.944440215416478, 13.42192524990444 ], [ 121.944187943161623, 13.421459959224009 ], [ 121.944029864380113, 13.421459297162734 ] ] ] } },
{ "type": "Feature", "properties": { "Id": 0, "CLN": "20834", "PSGC": "174001029", "Barangay": "Hinapulan", "Land_Class": null, "PIN": "030-01-027-01-011" }, "geometry": { "type": "Polygon", "coordinates": [ [ [ 121.940128839495344, 13.422124887710721 ], [ 121.94004531857982, 13.423537421721027 ], [ 121.944593561973775, 13.423009105330049 ], [ 121.944554381522224, 13.422537978953876 ], [ 121.940128839495344, 13.422124887710721 ] ] ] } },
{ "type": "Feature", "properties": { "Id": 0, "CLN": "20835", "PSGC": "174001029", "Barangay": "Hinapulan", "Land_Class": null, "PIN": "030-01-027-01-010" }, "geometry": { "type": "Polygon", "coordinates": [ [ [ 121.94004531857982, 13.423537421721027 ], [ 121.940198766440091, 13.423810551896411 ], [ 121.940641635492696, 13.42391333386951 ], [ 121.943097887694037, 13.424514029261271 ], [ 121.943401977136276, 13.424525396190486 ], [ 121.943694852208964, 13.424743602704359 ], [ 121.944480280248143, 13.42431293493858 ], [ 121.944766682409039, 13.423653104832415 ], [ 121.944843210722198, 13.423835082086269 ], [ 121.945333411709385, 13.423570628645193 ], [ 121.944593561973775, 13.423009105330049 ], [ 121.94004531857982, 13.423537421721027 ] ] ] } },
{ "type": "Feature", "properties": { "Id": 0, "CLN": "20843", "PSGC": "174001029", "Barangay": "Hinapulan", "Land_Class": null, "PIN": "030-01-027-01-009" }, "geometry": { "type": "Polygon", "coordinates": [ [ [ 121.944480280248143, 13.42431293493858 ], [ 121.944867636542142, 13.425323761645277 ], [ 121.945654276269707, 13.424615563873131 ], [ 121.945882519507862, 13.424288526789152 ], [ 121.946438564875379, 13.423898195853056 ], [ 121.946248144310445, 13.423433165394636 ], [ 121.945966877671296, 13.423310884827016 ], [ 121.945752609259358, 13.423585838257681 ], [ 121.945512610416927, 13.423457001742536 ], [ 121.945333411709385, 13.423570628645193 ], [ 121.944843210722198, 13.423835082086269 ], [ 121.944766682409039, 13.423653104832415 ], [ 121.944480280248143, 13.42431293493858 ] ] ] } },
{ "type": "Feature", "properties": { "Id": 0, "CLN": "20848", "PSGC": "174001029", "Barangay": "Hinapulan", "Land_Class": null, "PIN": "030-01-027-02-013" }, "geometry": { "type": "Polygon", "coordinates": [ [ [ 121.949049332069023, 13.422941517875769 ], [ 121.948865217319764, 13.422605819906725 ], [ 121.948544351850941, 13.422711079213936 ], [ 121.948545071217623, 13.42294604970493 ], [ 121.948486058511691, 13.423180443980872 ], [ 121.948512313907131, 13.423365995123234 ], [ 121.948685695123672, 13.423502961111453 ], [ 121.949049332069023, 13.422941517875769 ] ] ] } },
{ "type": "Feature", "properties": { "Id": 0, "CLN": "20846", "PSGC": "174001029", "Barangay": "Hinapulan", "Land_Class": null, "PIN": "030-01-027-01-008" }, "geometry": { "type": "Polygon", "coordinates": [ [ [ 121.948685695123672, 13.423502961111453 ], [ 121.948512313907131, 13.423365995123234 ], [ 121.948486058511691, 13.423180443980876 ], [ 121.948545071217623, 13.422946049704926 ], [ 121.948544351850941, 13.422711079213936 ], [ 121.94803861241104, 13.422840166082786 ], [ 121.947831454175272, 13.423061326838937 ], [ 121.947773124966915, 13.423434489559568 ], [ 121.947560223186841, 13.423593391696558 ], [ 121.946734693452782, 13.423764872646418 ], [ 121.946438564875379, 13.423898195853056 ], [ 121.945882519507862, 13.424288526789152 ], [ 121.945654276269707, 13.424615563873131 ], [ 121.946219350509963, 13.425162484792079 ], [ 121.946435478976397, 13.425249170759962 ], [ 121.946716414383744, 13.424659959723684 ], [ 121.94704167374644, 13.424545260048319 ], [ 121.947397070022035, 13.42461234280951 ], [ 121.947844088196263, 13.424947247093856 ], [ 121.947967803963252, 13.424947763497286 ], [ 121.948381661941909, 13.424611406546727 ], [ 121.948770601238621, 13.424078149711319 ], [ 121.948685695123672, 13.423502961111453 ] ] ] } },
{ "type": "Feature", "properties": { "Id": 0, "CLN": "20842", "PSGC": "174001029", "Barangay": "Hinapulan", "Land_Class": null, "PIN": "030-01-027-01-007" }, "geometry": { "type": "Polygon", "coordinates": [ [ [ 121.943694852208964, 13.424743602704359 ], [ 121.94362840686874, 13.42588835839029 ], [ 121.943979509457819, 13.425758633143777 ], [ 121.944368960932124, 13.426290097085381 ], [ 121.944539622208637, 13.426164661256186 ], [ 121.944791680414951, 13.426286821282229 ], [ 121.94472779363609, 13.426750787983476 ], [ 121.944861489198729, 13.426827038123026 ], [ 121.946012408780902, 13.425333184402401 ], [ 121.946435478976412, 13.425249170759962 ], [ 121.946219350509963, 13.425162484792079 ], [ 121.945654276269707, 13.424615563873131 ], [ 121.94486763654217, 13.425323761645277 ], [ 121.944480280248143, 13.42431293493858 ], [ 121.943694852208964, 13.424743602704359 ] ] ] } },
{ "type": "Feature", "properties": { "Id": 0, "CLN": "20841", "PSGC": "174001029", "Barangay": "Hinapulan", "Land_Class": null, "PIN": "030-01-027-01-006" }, "geometry": { "type": "Polygon", "coordinates": [ [ [ 121.943097887694037, 13.424514029261271 ], [ 121.942678208498052, 13.425097194661999 ], [ 121.942269232039664, 13.425494114352453 ], [ 121.942616335777529, 13.426277704039045 ], [ 121.944030873042848, 13.42697998588765 ], [ 121.944135338167854, 13.426667570164987 ], [ 121.944368960932152, 13.426290097085381 ], [ 121.943979509457819, 13.425758633143777 ], [ 121.943628406868754, 13.42588835839029 ], [ 121.943694852208964, 13.424743602704359 ], [ 121.943401977136276, 13.424525396190486 ], [ 121.943097887694037, 13.424514029261271 ] ] ] } },
{ "type": "Feature", "properties": { "Id": 0, "CLN": "20836", "PSGC": "174001029", "Barangay": "Hinapulan", "Land_Class": null, "PIN": "030-01-027-01-005" }, "geometry": { "type": "Polygon", "coordinates": [ [ [ 121.940641635492696, 13.42391333386951 ], [ 121.939180695038132, 13.425662790537945 ], [ 121.942269232039664, 13.425494114352453 ], [ 121.94267820849808, 13.425097194661999 ], [ 121.943097887694037, 13.424514029261271 ], [ 121.940641635492696, 13.42391333386951 ] ] ] } },
{ "type": "Feature", "properties": { "Id": 0, "CLN": "20837", "PSGC": "174001029", "Barangay": "Hinapulan", "Land_Class": null, "PIN": "030-01-027-01-004" }, "geometry": { "type": "Polygon", "coordinates": [ [ [ 121.939180695038132, 13.425662790537945 ], [ 121.939678940677496, 13.426068568471438 ], [ 121.942616335777529, 13.426277704039045 ], [ 121.942269232039664, 13.425494114352453 ], [ 121.939180695038132, 13.425662790537945 ] ] ] } },
{ "type": "Feature", "properties": { "Id": 0, "CLN": "20838", "PSGC": "174001029", "Barangay": "Hinapulan", "Land_Class": null, "PIN": "030-01-027-01-002" }, "geometry": { "type": "Polygon", "coordinates": [ [ [ 121.939678940677496, 13.426068568471438 ], [ 121.941804927555623, 13.427929392830309 ], [ 121.94247552574609, 13.427826241483235 ], [ 121.942505836231589, 13.427967657241361 ], [ 121.942803118058436, 13.428357448155319 ], [ 121.943071613998654, 13.428257654030961 ], [ 121.943453671754867, 13.42812301361154 ], [ 121.942616335777529, 13.426277704039045 ], [ 121.939678940677496, 13.426068568471438 ] ] ] } },
{ "type": "Feature", "properties": { "Id": 0, "CLN": "20839", "PSGC": "174001029", "Barangay": "Hinapulan", "Land_Class": null, "PIN": "030-01-027-01-001" }, "geometry": { "type": "Polygon", "coordinates": [ [ [ 121.939678940677496, 13.426068568471438 ], [ 121.938659654216579, 13.427902709579655 ], [ 121.937972624211866, 13.429918220328105 ], [ 121.938372297854769, 13.430325454261135 ], [ 121.939235207493098, 13.430398985612797 ], [ 121.939528071438815, 13.430489925358183 ], [ 121.939440584534879, 13.430130168735509 ], [ 121.940427632623837, 13.42957421368447 ], [ 121.940721263250893, 13.42962086241919 ], [ 121.941095845534917, 13.430016026223674 ], [ 121.941394830936744, 13.430017282563414 ], [ 121.941960144948595, 13.429237524163559 ], [ 121.941961759148185, 13.42886917156615 ], [ 121.94215430318512, 13.428456206372887 ], [ 121.942526007696415, 13.428331615998049 ], [ 121.942803118058436, 13.428357448155316 ], [ 121.942505836231575, 13.427967657241368 ], [ 121.94247552574609, 13.427826241483233 ], [ 121.941804927555623, 13.427929392830313 ], [ 121.939678940677496, 13.426068568471438 ] ] ] } },
{ "type": "Feature", "properties": { "Id": 0, "CLN": "20840", "PSGC": "174001029", "Barangay": "Hinapulan", "Land_Class": null, "PIN": "030-01-027-01-003" }, "geometry": { "type": "Polygon", "coordinates": [ [ [ 121.944030873042848, 13.42697998588765 ], [ 121.942616335777529, 13.426277704039045 ], [ 121.943453671754895, 13.42812301361154 ], [ 121.943920604830694, 13.427980738756641 ], [ 121.944083364249366, 13.42789437691088 ], [ 121.943945870733046, 13.427507780054922 ], [ 121.944030873042848, 13.42697998588765 ] ] ] } },
{ "type": "Feature", "properties": { "Id": 0, "CLN": "20855", "PSGC": "174001029", "Barangay": "Hinapulan", "Land_Class": null, "PIN": "030-01-027-02-012" }, "geometry": { "type": "Polygon", "coordinates": [ [ [ 121.950651069529599, 13.423827625898374 ], [ 121.950067822699552, 13.42392454099457 ], [ 121.94960757980175, 13.423740966401683 ], [ 121.949450238819921, 13.423249268733827 ], [ 121.949223985988596, 13.423268194474151 ], [ 121.949200394310353, 13.423358924702031 ], [ 121.949357648401843, 13.423870490878674 ], [ 121.949418228657422, 13.423942212629733 ], [ 121.950430160044149, 13.424618617984773 ], [ 121.950651069529599, 13.423827625898374 ] ] ] } },
{ "type": "Feature", "properties": { "Id": 0, "CLN": "20856", "PSGC": "174001029", "Barangay": "Hinapulan", "Land_Class": null, "PIN": "030-01-027-02-011" }, "geometry": { "type": "Polygon", "coordinates": [ [ [ 121.950430160044149, 13.424618617984773 ], [ 121.95091623037257, 13.42486474338477 ], [ 121.951130609118522, 13.423574166233204 ], [ 121.950651069529599, 13.423827625898374 ], [ 121.950430160044149, 13.424618617984773 ] ] ] } },
{ "type": "Feature", "properties": { "Id": 0, "CLN": "20858", "PSGC": "174001029", "Barangay": "Hinapulan", "Land_Class": null, "PIN": "030-01-027-02-001" }, "geometry": { "type": "Polygon", "coordinates": [ [ [ 121.95144007854681, 13.425104705277542 ], [ 121.951738683475043, 13.424801371737974 ], [ 121.951431404583971, 13.424830000975355 ], [ 121.95091623037257, 13.42486474338477 ], [ 121.950430160044135, 13.424618617984773 ], [ 121.949417530610901, 13.423942209720398 ], [ 121.949357648401843, 13.423870490878675 ], [ 121.949797752407576, 13.425413046618281 ], [ 121.949885055523424, 13.425489100848697 ], [ 121.949938709068647, 13.426190722789848 ], [ 121.95144007854681, 13.425104705277542 ] ] ] } },
{ "type": "Feature", "properties": { "Id": 0, "CLN": "20826", "PSGC": "174001029", "Barangay": "Hinapulan", "Land_Class": null, "PIN": "030-01-027-01-019" }, "geometry": { "type": "Polygon", "coordinates": [ [ [ 121.942802486022273, 13.419703971742708 ], [ 121.942880544415502, 13.419674488076829 ], [ 121.944133095063904, 13.419296238371077 ], [ 121.944417276465671, 13.418273400231937 ], [ 121.944327666632717, 13.417546397280651 ], [ 121.943988004851562, 13.417420086018632 ], [ 121.943884503634948, 13.416333495422304 ], [ 121.943366545777891, 13.416312403302223 ], [ 121.942932530458222, 13.416545224731811 ], [ 121.94221408649851, 13.416243280127723 ], [ 121.941979308145505, 13.416565272958747 ], [ 121.941904849736503, 13.417029733261797 ], [ 121.942802486022273, 13.419703971742708 ] ] ] } },
{ "type": "Feature", "properties": { "Id": 0, "CLN": "20829", "PSGC": "174001029", "Barangay": "Hinapulan", "Land_Class": null, "PIN": "030-01-027-01-021" }, "geometry": { "type": "Polygon", "coordinates": [ [ [ 121.940511122465153, 13.416215359565355 ], [ 121.940296771965549, 13.416684964464288 ], [ 121.94017808260017, 13.416714741839696 ], [ 121.939562799047209, 13.417141067124263 ], [ 121.93880884744523, 13.417450748824812 ], [ 121.938210509205064, 13.417539058605449 ], [ 121.937819776109535, 13.417305296353014 ], [ 121.937701041856187, 13.417345164362905 ], [ 121.937191375668434, 13.417196682454847 ], [ 121.936741589914135, 13.417497547427249 ], [ 121.936277294216353, 13.41758137166674 ], [ 121.936127409593468, 13.41767156765558 ], [ 121.939390054694428, 13.418916539478863 ], [ 121.939166158430794, 13.420600967754304 ], [ 121.941243753076478, 13.420554194513247 ], [ 121.941476034299157, 13.420566562717196 ], [ 121.941514580955896, 13.42156454116888 ], [ 121.944029864380113, 13.421459297162734 ], [ 121.943920349230169, 13.420795698897821 ], [ 121.942880544415502, 13.419674488076829 ], [ 121.942697528146297, 13.41978230667973 ], [ 121.942255589124741, 13.419630780574142 ], [ 121.942071228708315, 13.419464579577022 ], [ 121.941237322210242, 13.416940279159922 ], [ 121.940511122465153, 13.416215359565355 ] ] ] } },
{ "type": "Feature", "properties": { "Id": 0, "CLN": "21112", "PSGC": "174001029", "Barangay": "Hinapulan", "Land_Class": null, "PIN": "030-01-027-07-010" }, "geometry": { "type": "Polygon", "coordinates": [ [ [ 121.944673650154556, 13.413975606885215 ], [ 121.94473874740379, 13.413879357486286 ], [ 121.944137261859211, 13.413216547218342 ], [ 121.943977682588553, 13.41359625773709 ], [ 121.943866764725414, 13.413776829118753 ], [ 121.943949849160376, 13.413921950899363 ], [ 121.944673650154556, 13.413975606885215 ] ] ] } },
{ "type": "Feature", "properties": { "Id": 0, "CLN": "20822", "PSGC": "174001029", "Barangay": "Hinapulan", "Land_Class": null, "PIN": "030-01-027-07-011" }, "geometry": { "type": "Polygon", "coordinates": [ [ [ 121.944425285991244, 13.412924840786394 ], [ 121.944137261859211, 13.413216547218342 ], [ 121.944738747403818, 13.413879357486286 ], [ 121.945874356652865, 13.414586551966591 ], [ 121.946713667351133, 13.413600425431545 ], [ 121.946552960364286, 13.412332004675033 ], [ 121.94478809687125, 13.412975544000357 ], [ 121.944425285991244, 13.412924840786394 ] ] ] } },
{ "type": "Feature", "properties": { "Id": 0, "CLN": "20919", "PSGC": "174001029", "Barangay": "Hinapulan", "Land_Class": null, "PIN": "030-01-027-05-030" }, "geometry": { "type": "Polygon", "coordinates": [ [ [ 121.946351541505337, 13.411929765535229 ], [ 121.946797101153066, 13.411407277256554 ], [ 121.945997657106645, 13.410912135722077 ], [ 121.945023891386001, 13.410578991884321 ], [ 121.944467985013816, 13.410992529375321 ], [ 121.944015886469927, 13.41131971132277 ], [ 121.9442668844422, 13.412210345947026 ], [ 121.946351541505337, 13.411929765535229 ] ] ] } },
{ "type": "Feature", "properties": { "Id": 0, "CLN": "20918", "PSGC": "174001029", "Barangay": "Hinapulan", "Land_Class": null, "PIN": "030-01-027-05-011" }, "geometry": { "type": "Polygon", "coordinates": [ [ [ 121.946797101153066, 13.411407277256554 ], [ 121.946351541505337, 13.411929765535231 ], [ 121.946536302633632, 13.41191607233551 ], [ 121.947081276620324, 13.412316129297087 ], [ 121.94725435103615, 13.413289609040561 ], [ 121.94795863157151, 13.412735652566882 ], [ 121.947889772251287, 13.411581797753932 ], [ 121.94783494515643, 13.411447769715677 ], [ 121.947333055230317, 13.411333573906976 ], [ 121.946797101153066, 13.411407277256554 ] ] ] } },
{ "type": "Feature", "properties": { "Id": 0, "CLN": "20917", "PSGC": "174001029", "Barangay": "Hinapulan", "Land_Class": null, "PIN": "030-01-027-05-012" }, "geometry": { "type": "Polygon", "coordinates": [ [ [ 121.94783494515643, 13.411447769715677 ], [ 121.947889772251287, 13.411581797753932 ], [ 121.947958631571566, 13.412735652566887 ], [ 121.94725435103615, 13.413289609040561 ], [ 121.947951805841271, 13.413455247758458 ], [ 121.947974410414531, 13.413354088454408 ], [ 121.948234421153288, 13.413026098537408 ], [ 121.948511865154956, 13.412087043150386 ], [ 121.948756185874274, 13.411968726749663 ], [ 121.949038404901415, 13.411629979728168 ], [ 121.948301390411586, 13.411218277790828 ], [ 121.94783494515643, 13.411447769715677 ] ] ] } },
{ "type": "Feature", "properties": { "Id": 0, "CLN": "20916", "PSGC": "174001029", "Barangay": "Hinapulan", "Land_Class": null, "PIN": "030-01-027-05-013" }, "geometry": { "type": "Polygon", "coordinates": [ [ [ 121.947974410414531, 13.413354088454408 ], [ 121.94856996003017, 13.413168529100638 ], [ 121.949662167790123, 13.412601719380474 ], [ 121.948511865154956, 13.412087043150386 ], [ 121.948234421153288, 13.413026098537408 ], [ 121.947974410414531, 13.413354088454408 ] ] ] } },
{ "type": "Feature", "properties": { "Id": 0, "CLN": "20914", "PSGC": "174001029", "Barangay": "Hinapulan", "Land_Class": null, "PIN": "030-01-027-05-008" }, "geometry": { "type": "Polygon", "coordinates": [ [ [ 121.947951805841271, 13.413455247758458 ], [ 121.947903138721514, 13.413603308945198 ], [ 121.948638101131493, 13.413638919098599 ], [ 121.949834763595533, 13.412837491028442 ], [ 121.949662167790095, 13.412601719380474 ], [ 121.948569960030184, 13.413168529100638 ], [ 121.947974410414531, 13.413354088454408 ], [ 121.947951805841271, 13.413455247758458 ] ] ] } },
{ "type": "Feature", "properties": { "Id": 0, "CLN": "20913", "PSGC": "174001029", "Barangay": "Hinapulan", "Land_Class": null, "PIN": "030-01-027-05-007" }, "geometry": { "type": "Polygon", "coordinates": [ [ [ 121.948638101131493, 13.413638919098599 ], [ 121.948611234333214, 13.413976921796557 ], [ 121.950129994681632, 13.413223845364035 ], [ 121.949834763595533, 13.412837491028442 ], [ 121.948638101131493, 13.413638919098599 ] ] ] } },
{ "type": "Feature", "properties": { "Id": 0, "CLN": "20912", "PSGC": "174001029", "Barangay": "Hinapulan", "Land_Class": null, "PIN": "030-01-027-05-006" }, "geometry": { "type": "Polygon", "coordinates": [ [ [ 121.948611234333214, 13.413976921796557 ], [ 121.948588504110447, 13.414107010241077 ], [ 121.950620912951607, 13.413101129079054 ], [ 121.950333488726955, 13.412937204167736 ], [ 121.950129994681632, 13.413223845364035 ], [ 121.948611234333214, 13.413976921796557 ] ] ] } },
{ "type": "Feature", "properties": { "Id": 0, "CLN": "20911", "PSGC": "174001029", "Barangay": "Hinapulan", "Land_Class": null, "PIN": "030-01-027-05-005" }, "geometry": { "type": "Polygon", "coordinates": [ [ [ 121.948588504110475, 13.414107010241075 ], [ 121.948560398020675, 13.414199106175712 ], [ 121.949102776998174, 13.414006564858216 ], [ 121.949236122433518, 13.413923947760479 ], [ 121.9507337142648, 13.413283312458519 ], [ 121.950620912951607, 13.413101129079054 ], [ 121.948588504110475, 13.414107010241075 ] ] ] } },
{ "type": "Feature", "properties": { "Id": 0, "CLN": "20910", "PSGC": "174001029", "Barangay": "Hinapulan", "Land_Class": null, "PIN": "030-01-027-05-004" }, "geometry": { "type": "Polygon", "coordinates": [ [ [ 121.9507337142648, 13.413283312458521 ], [ 121.949236122433518, 13.413923947760479 ], [ 121.949564369499569, 13.414044649538463 ], [ 121.950619341205652, 13.413546388596918 ], [ 121.95079977050446, 13.413383936824307 ], [ 121.9507337142648, 13.413283312458521 ] ] ] } },
{ "type": "Feature", "properties": { "Id": 0, "CLN": "20909", "PSGC": "174001029", "Barangay": "Hinapulan", "Land_Class": null, "PIN": "030-01-027-05-003" }, "geometry": { "type": "Polygon", "coordinates": [ [ [ 121.948560398020675, 13.414199106175712 ], [ 121.94852670410954, 13.414362858168351 ], [ 121.948716792698349, 13.414420819441714 ], [ 121.948846287231461, 13.414374348526573 ], [ 121.948846743273563, 13.414269480630557 ], [ 121.949102163861085, 13.414147594112043 ], [ 121.949102776998174, 13.414006564858216 ], [ 121.948560398020675, 13.414199106175712 ] ] ] } },
{ "type": "Feature", "properties": { "Id": 0, "CLN": "20908", "PSGC": "174001029", "Barangay": "Hinapulan", "Land_Class": null, "PIN": "030-01-027-05-002" }, "geometry": { "type": "Polygon", "coordinates": [ [ [ 121.948392145250253, 13.414321828761302 ], [ 121.94852670410954, 13.414362858168351 ], [ 121.948560398020675, 13.414199106175712 ], [ 121.948588504110475, 13.414107010241075 ], [ 121.948611234333214, 13.413976921796557 ], [ 121.948638101131493, 13.413638919098599 ], [ 121.947903138721514, 13.4136033089452 ], [ 121.947769810202772, 13.414061569359175 ], [ 121.947738867343602, 13.41416792205897 ], [ 121.947729224709775, 13.414201064420809 ], [ 121.948392145250253, 13.414321828761302 ] ] ] } },
{ "type": "Feature", "properties": { "Id": 0, "CLN": "20915", "PSGC": "174001029", "Barangay": "Hinapulan", "Land_Class": null, "PIN": "030-01-027-05-010" }, "geometry": { "type": "Polygon", "coordinates": [ [ [ 121.94725435103615, 13.413289609040561 ], [ 121.947200291411747, 13.413569130274308 ], [ 121.947903138721514, 13.413603308945198 ], [ 121.947951805841271, 13.413455247758458 ], [ 121.94725435103615, 13.413289609040561 ] ] ] } },
{ "type": "Feature", "properties": { "Id": 0, "CLN": "20907", "PSGC": "174001029", "Barangay": "Hinapulan", "Land_Class": null, "PIN": "030-01-027-05-009" }, "geometry": { "type": "Polygon", "coordinates": [ [ [ 121.947200291411747, 13.413569130274308 ], [ 121.947078892413231, 13.413890521712705 ], [ 121.947617254966872, 13.414023802073839 ], [ 121.947769810202772, 13.414061569359175 ], [ 121.947903138721514, 13.4136033089452 ], [ 121.947200291411747, 13.413569130274308 ] ] ] } },
{ "type": "Feature", "properties": { "Id": 0, "CLN": "20892", "PSGC": "174001029", "Barangay": "Hinapulan", "Land_Class": null, "PIN": "030-01-027-02-046" }, "geometry": { "type": "Polygon", "coordinates": [ [ [ 121.951416248158324, 13.413120413514887 ], [ 121.950620912951607, 13.413101129079054 ], [ 121.9507337142648, 13.413283312458514 ], [ 121.95079977050446, 13.413383936824307 ], [ 121.950619341205652, 13.413546388596918 ], [ 121.951417509955562, 13.414870493785738 ], [ 121.951895083240473, 13.415240309119294 ], [ 121.952133822006701, 13.416196723280542 ], [ 121.953327873208366, 13.415234856086387 ], [ 121.953996293072635, 13.414786843783874 ], [ 121.953948813758998, 13.414621521143969 ], [ 121.953716216997194, 13.414541925117611 ], [ 121.953244626099746, 13.414005275708821 ], [ 121.952425604975076, 13.413938970590914 ], [ 121.952228171889644, 13.413159700982398 ], [ 121.951416248158324, 13.413120413514887 ] ] ] } },
{ "type": "Feature", "properties": { "Id": 0, "CLN": "20936", "PSGC": "174001029", "Barangay": "Hinapulan", "Land_Class": null, "PIN": "030-01-027-04-002" }, "geometry": { "type": "Polygon", "coordinates": [ [ [ 121.955501463359795, 13.414069672964676 ], [ 121.95459445220871, 13.412060816669864 ], [ 121.953991388508925, 13.412207716428815 ], [ 121.95334316045755, 13.411654608691771 ], [ 121.953244629077972, 13.412149577108586 ], [ 121.951417789488758, 13.410955218268761 ], [ 121.951015833658772, 13.410701958271543 ], [ 121.951353607212113, 13.411380759453046 ], [ 121.951380549637875, 13.411930413992662 ], [ 121.950333488726955, 13.412937204167736 ], [ 121.950620912951607, 13.413101129079054 ], [ 121.951416248158324, 13.413120413514887 ], [ 121.952228171889644, 13.413159700982398 ], [ 121.952425604975076, 13.413938970590914 ], [ 121.953244626099746, 13.414005275708821 ], [ 121.953716216997194, 13.414541925117611 ], [ 121.953948813758998, 13.414621521143969 ], [ 121.953996293072635, 13.414786843783874 ], [ 121.954890816157985, 13.415241337170796 ], [ 121.955143938178949, 13.415387303989659 ], [ 121.955232370828355, 13.415242752212434 ], [ 121.955501463359795, 13.414069672964676 ] ] ] } },
{ "type": "Feature", "properties": { "Id": 0, "CLN": "20934", "PSGC": "174001029", "Barangay": "Hinapulan", "Land_Class": null, "PIN": "030-01-027-05-014" }, "geometry": { "type": "Polygon", "coordinates": [ [ [ 121.951380549637875, 13.411930413992662 ], [ 121.951353607212113, 13.411380759453046 ], [ 121.951015833658772, 13.410701958271543 ], [ 121.950998383984469, 13.410666890707747 ], [ 121.950752348869486, 13.410329560765954 ], [ 121.950628565443736, 13.410762990299267 ], [ 121.951047055662016, 13.411368636463827 ], [ 121.950483768723174, 13.411782157095871 ], [ 121.950108696034761, 13.411386430463523 ], [ 121.949419891414564, 13.411781345213011 ], [ 121.949038404901444, 13.411629979728174 ], [ 121.948756185874274, 13.411968726749663 ], [ 121.948511865154956, 13.412087043150381 ], [ 121.949662167790095, 13.412601719380469 ], [ 121.949834763595533, 13.412837491028441 ], [ 121.950129994681632, 13.41322384536404 ], [ 121.950333488726955, 13.412937204167736 ], [ 121.951380549637875, 13.411930413992662 ] ] ] } },
{ "type": "Feature", "properties": { "Id": 0, "CLN": "20935", "PSGC": "174001029", "Barangay": "Hinapulan", "Land_Class": null, "PIN": "030-01-027-05-015" }, "geometry": { "type": "Polygon", "coordinates": [ [ [ 121.950108696034761, 13.411386430463521 ], [ 121.950483768723188, 13.411782157095864 ], [ 121.951047055662031, 13.41136863646383 ], [ 121.950628565443751, 13.410762990299263 ], [ 121.950108696034761, 13.411386430463521 ] ] ] } },
{ "type": "Feature", "properties": { "Id": 0, "CLN": "20937", "PSGC": "174001029", "Barangay": "Hinapulan", "Land_Class": null, "PIN": "030-01-027-04-001" }, "geometry": { "type": "Polygon", "coordinates": [ [ [ 121.95334316045755, 13.411654608691771 ], [ 121.951830560458504, 13.410382365217135 ], [ 121.951417796142763, 13.410390550230332 ], [ 121.950769835563861, 13.410312594248232 ], [ 121.950752348869514, 13.410329560765952 ], [ 121.950998383984469, 13.410666890707747 ], [ 121.951015833658772, 13.410701958271543 ], [ 121.951417789488758, 13.410955218268761 ], [ 121.953244629077972, 13.412149577108586 ], [ 121.95334316045755, 13.411654608691771 ] ] ] } },
{ "type": "Feature", "properties": { "Id": 0, "CLN": "20980", "PSGC": "174001029", "Barangay": "Hinapulan", "Land_Class": null, "PIN": "030-01-027-06-009" }, "geometry": { "type": "Polygon", "coordinates": [ [ [ 121.95051220097092, 13.409782376835594 ], [ 121.949534892933812, 13.40856326603469 ], [ 121.948989624379422, 13.40908172854579 ], [ 121.948483401195446, 13.408265974253567 ], [ 121.947874252484681, 13.408183878768735 ], [ 121.948476401983712, 13.410724961645323 ], [ 121.949009304790053, 13.411352784857637 ], [ 121.949415514294728, 13.411383406339509 ], [ 121.949762934789035, 13.411341458417816 ], [ 121.950260751141556, 13.410692613848255 ], [ 121.950264460789143, 13.410689013080502 ], [ 121.95051220097092, 13.409782376835594 ] ] ] } },
{ "type": "Feature", "properties": { "Id": 0, "CLN": "21028", "PSGC": "174001029", "Barangay": "Hinapulan", "Land_Class": null, "PIN": "030-01-027-04-031" }, "geometry": { "type": "Polygon", "coordinates": [ [ [ 121.952811919450596, 13.408200489812687 ], [ 121.952009220809728, 13.40807921050996 ], [ 121.952083169887075, 13.40954992285284 ], [ 121.951422734811885, 13.409604674254183 ], [ 121.950998600195064, 13.409661900615037 ], [ 121.951421782162427, 13.409824354677328 ], [ 121.951816609475401, 13.409894793307688 ], [ 121.95240288852726, 13.40991295445305 ], [ 121.952651919387009, 13.409906125166161 ], [ 121.952811919450596, 13.408200489812687 ] ] ] } },
{ "type": "Feature", "properties": { "Id": 0, "CLN": "20982", "PSGC": "174001029", "Barangay": "Hinapulan", "Land_Class": null, "PIN": "030-01-027-04-032" }, "geometry": { "type": "Polygon", "coordinates": [ [ [ 121.952083169887075, 13.40954992285284 ], [ 121.952009220809728, 13.40807921050996 ], [ 121.952811919450596, 13.408200489812687 ], [ 121.952999449167478, 13.407556491116825 ], [ 121.95280756452938, 13.407351253495355 ], [ 121.95268745803034, 13.407264260619124 ], [ 121.95243863424669, 13.407223912202417 ], [ 121.952421689481, 13.407208377480535 ], [ 121.952326628139375, 13.407121226529503 ], [ 121.952153652930406, 13.407070626633855 ], [ 121.952058755064485, 13.407074655598276 ], [ 121.951904873588475, 13.407135938707624 ], [ 121.951593378487189, 13.407077145698015 ], [ 121.951521128312464, 13.407067999514158 ], [ 121.951419670238039, 13.407090118864083 ], [ 121.950796791533492, 13.407725187275249 ], [ 121.950458057912741, 13.407894644303259 ], [ 121.950232946813728, 13.408056437083175 ], [ 121.95018390320331, 13.407866382397131 ], [ 121.949539771791976, 13.407546380116987 ], [ 121.949534892933812, 13.40856326603469 ], [ 121.95051220097092, 13.40978237683559 ], [ 121.950998600195064, 13.409661900615037 ], [ 121.951422734811885, 13.409604674254183 ], [ 121.952083169887075, 13.40954992285284 ] ] ] } },
{ "type": "Feature", "properties": { "Id": 0, "CLN": "20985", "PSGC": "174001029", "Barangay": "Hinapulan", "Land_Class": null, "PIN": "030-01-027-04-034" }, "geometry": { "type": "Polygon", "coordinates": [ [ [ 121.951133228167336, 13.406835357151715 ], [ 121.950992756078605, 13.406136619513566 ], [ 121.950509946126999, 13.406164411511348 ], [ 121.950427084964758, 13.40621940837935 ], [ 121.950313329543292, 13.406904854463257 ], [ 121.950293147945445, 13.407086484740169 ], [ 121.950212381979242, 13.407183786268607 ], [ 121.950308781673186, 13.407314370579817 ], [ 121.950183903203339, 13.407866382397131 ], [ 121.950232946813728, 13.408056437083175 ], [ 121.950458057912741, 13.407894644303259 ], [ 121.950796791533492, 13.407725187275249 ], [ 121.951419670238039, 13.407090118864046 ], [ 121.951421942570931, 13.406982153797077 ], [ 121.951232651468743, 13.406904747570893 ], [ 121.951133228167336, 13.406835357151715 ] ] ] } },
{ "type": "Feature", "properties": { "Id": 0, "CLN": "20984", "PSGC": "174001029", "Barangay": "Hinapulan", "Land_Class": null, "PIN": "030-01-027-04-033" }, "geometry": { "type": "Polygon", "coordinates": [ [ [ 121.950427084964758, 13.40621940837935 ], [ 121.950050467723912, 13.405826194696761 ], [ 121.949695430602659, 13.406138318944702 ], [ 121.949577647173825, 13.406557856060445 ], [ 121.949559740372536, 13.406915671999085 ], [ 121.949539771791976, 13.407546380116987 ], [ 121.950183903203339, 13.407866382397131 ], [ 121.950308781673215, 13.407314370579817 ], [ 121.950212381979242, 13.407183786268607 ], [ 121.950293147945445, 13.407086484740169 ], [ 121.950313329543292, 13.406904854463257 ], [ 121.950427084964758, 13.40621940837935 ] ] ] } },
{ "type": "Feature", "properties": { "Id": 0, "CLN": "20983", "PSGC": "174001029", "Barangay": "Hinapulan", "Land_Class": null, "PIN": "030-01-027-06-011" }, "geometry": { "type": "Polygon", "coordinates": [ [ [ 121.94955974037255, 13.406915671999085 ], [ 121.949577647173825, 13.406557856060445 ], [ 121.948898272967639, 13.406787745240743 ], [ 121.948828276052978, 13.40691401072505 ], [ 121.94865394117349, 13.407172217177358 ], [ 121.948826911634569, 13.407227932269137 ], [ 121.949539771791976, 13.407546380116987 ], [ 121.94955974037255, 13.406915671999085 ] ] ] } },
{ "type": "Feature", "properties": { "Id": 0, "CLN": "20989", "PSGC": "174001029", "Barangay": "Hinapulan", "Land_Class": null, "PIN": "030-01-027-06-012" }, "geometry": { "type": "Polygon", "coordinates": [ [ [ 121.949695430602659, 13.406138318944702 ], [ 121.949476636431783, 13.405785493539051 ], [ 121.948677949813273, 13.406786827508469 ], [ 121.948568452144514, 13.406915219794328 ], [ 121.948518770164924, 13.407036459089117 ], [ 121.94865394117349, 13.407172217177358 ], [ 121.948828276052978, 13.40691401072505 ], [ 121.948898272967639, 13.406787745240743 ], [ 121.949577647173825, 13.406557856060445 ], [ 121.949695430602659, 13.406138318944702 ] ] ] } },
{ "type": "Feature", "properties": { "Id": 0, "CLN": "20981", "PSGC": "174001029", "Barangay": "Hinapulan", "Land_Class": null, "PIN": "030-01-027-06-010" }, "geometry": { "type": "Polygon", "coordinates": [ [ [ 121.948483401195446, 13.408265974253567 ], [ 121.948989624379422, 13.40908172854579 ], [ 121.949534892933812, 13.40856326603469 ], [ 121.949539771792004, 13.407546380116989 ], [ 121.948826911634569, 13.407227932269137 ], [ 121.948751023966409, 13.40779208037182 ], [ 121.948483401195446, 13.408265974253567 ] ] ] } },
{ "type": "Feature", "properties": { "Id": 0, "CLN": "20979", "PSGC": "174001029", "Barangay": "Hinapulan", "Land_Class": null, "PIN": "030-01-027-06-008" }, "geometry": { "type": "Polygon", "coordinates": [ [ [ 121.947874252484681, 13.408183878768735 ], [ 121.948483401195446, 13.408265974253567 ], [ 121.948751023966409, 13.40779208037182 ], [ 121.948826911634569, 13.407227932269137 ], [ 121.94865394117349, 13.407172217177358 ], [ 121.948518770164924, 13.407036459089122 ], [ 121.947926408788064, 13.407949044541594 ], [ 121.947874252484681, 13.408183878768735 ] ] ] } },
{ "type": "Feature", "properties": { "Id": 0, "CLN": "20987", "PSGC": "174001029", "Barangay": "Hinapulan", "Land_Class": null, "PIN": "030-01-027-06-014" }, "geometry": { "type": "Polygon", "coordinates": [ [ [ 121.948679257137073, 13.405152132440579 ], [ 121.948657298873783, 13.404868238784227 ], [ 121.947699178372616, 13.406533002388491 ], [ 121.948328837491644, 13.406912700034519 ], [ 121.948518770164924, 13.407036459089117 ], [ 121.948568452144514, 13.406915219794328 ], [ 121.948677949813273, 13.406786827508469 ], [ 121.948823810939643, 13.40524355122113 ], [ 121.948679257137073, 13.405152132440579 ] ] ] } },
{ "type": "Feature", "properties": { "Id": 0, "CLN": "20978", "PSGC": "174001029", "Barangay": "Hinapulan", "Land_Class": null, "PIN": "030-01-027-06-007" }, "geometry": { "type": "Polygon", "coordinates": [ [ [ 121.948328837491644, 13.406912700034519 ], [ 121.947699178372616, 13.406533002388491 ], [ 121.947698437512216, 13.406703280546461 ], [ 121.947547035241712, 13.406914023737242 ], [ 121.947492302472128, 13.407120024963607 ], [ 121.947563187960867, 13.407505282298521 ], [ 121.947926408788064, 13.407949044541594 ], [ 121.948518770164924, 13.407036459089117 ], [ 121.948328837491644, 13.406912700034519 ] ] ] } },
{ "type": "Feature", "properties": { "Id": 0, "CLN": "20977", "PSGC": "174001029", "Barangay": "Hinapulan", "Land_Class": null, "PIN": "030-01-027-06-006" }, "geometry": { "type": "Polygon", "coordinates": [ [ [ 121.946894550218559, 13.408484756056392 ], [ 121.947620275901244, 13.408102822060139 ], [ 121.947874252484681, 13.408183878768735 ], [ 121.947926408788064, 13.407949044541594 ], [ 121.947563187960867, 13.407505282298521 ], [ 121.947492302472128, 13.407120024963607 ], [ 121.94754703524174, 13.406914023737242 ], [ 121.947698437512216, 13.406703280546461 ], [ 121.947699178372616, 13.406533002388491 ], [ 121.948657298873783, 13.404868238784227 ], [ 121.948652339703841, 13.404675232634061 ], [ 121.948284422479773, 13.404393681729568 ], [ 121.946993671278008, 13.406106248668316 ], [ 121.946751221206313, 13.406911752845627 ], [ 121.946659909283866, 13.407182239886669 ], [ 121.946894550218559, 13.408484756056392 ] ] ] } },
{ "type": "Feature", "properties": { "Id": 0, "CLN": "20975", "PSGC": "174001029", "Barangay": "Hinapulan", "Land_Class": null, "PIN": "030-01-027-06-016" }, "geometry": { "type": "Polygon", "coordinates": [ [ [ 121.948284422479773, 13.404393681729568 ], [ 121.947262855568354, 13.404048368525189 ], [ 121.94575416273463, 13.404325873760985 ], [ 121.945281487770998, 13.405022051823098 ], [ 121.944853805736969, 13.406055095893327 ], [ 121.945142339130385, 13.406452205639766 ], [ 121.945211765908496, 13.406926608373031 ], [ 121.945220240082804, 13.406977728127881 ], [ 121.945362112414344, 13.407063775381967 ], [ 121.945277288866933, 13.407191741372436 ], [ 121.94607933539487, 13.408294299195605 ], [ 121.946093209624067, 13.408313371725061 ], [ 121.946044598457135, 13.408725627449876 ], [ 121.946187574451287, 13.408860655599215 ], [ 121.946894550218587, 13.40848475605639 ], [ 121.946659909283866, 13.407182239886669 ], [ 121.946751221206313, 13.406911752845627 ], [ 121.946993671278008, 13.406106248668316 ], [ 121.948284422479773, 13.404393681729568 ] ] ] } },
{ "type": "Feature", "properties": { "Id": 0, "CLN": "20974", "PSGC": "174001029", "Barangay": "Hinapulan", "Land_Class": null, "PIN": "030-01-027-06-005" }, "geometry": { "type": "Polygon", "coordinates": [ [ [ 121.945277288866933, 13.407191741372436 ], [ 121.944868679110598, 13.40713809405027 ], [ 121.945116793398824, 13.408211523844647 ], [ 121.946079335394842, 13.408294299195607 ], [ 121.945277288866933, 13.407191741372436 ] ] ] } },
{ "type": "Feature", "properties": { "Id": 0, "CLN": "20976", "PSGC": "174001029", "Barangay": "Hinapulan", "Land_Class": null, "PIN": "030-01-027-06-019" }, "geometry": { "type": "Polygon", "coordinates": [ [ [ 121.945142339130385, 13.406452205639766 ], [ 121.944853805736969, 13.406055095893327 ], [ 121.944706515716433, 13.406175805352554 ], [ 121.944585999453693, 13.406389217028028 ], [ 121.944775196259869, 13.406879566337086 ], [ 121.944789944728555, 13.406929102001493 ], [ 121.94486867911057, 13.407138094050271 ], [ 121.945277288866933, 13.407191741372436 ], [ 121.945362112414344, 13.407063775381967 ], [ 121.945220240082804, 13.406977728127881 ], [ 121.945211765908496, 13.406926608373031 ], [ 121.945142339130385, 13.406452205639766 ] ] ] } },
{ "type": "Feature", "properties": { "Id": 0, "CLN": "20970", "PSGC": "174001029", "Barangay": "Hinapulan", "Land_Class": null, "PIN": "030-01-027-06-001" }, "geometry": { "type": "Polygon", "coordinates": [ [ [ 121.943079719708777, 13.408945873628864 ], [ 121.943489623819161, 13.410022588801759 ], [ 121.943744096622694, 13.410830239590442 ], [ 121.944352403708066, 13.409704380587547 ], [ 121.944333731695878, 13.409215462737496 ], [ 121.944582639415813, 13.408438433986142 ], [ 121.94472068801312, 13.408271991068187 ], [ 121.944941800462118, 13.408142558354148 ], [ 121.945016453276281, 13.408199901787091 ], [ 121.945116793398853, 13.408211523844649 ], [ 121.944868679110598, 13.407138094050277 ], [ 121.944789944728555, 13.406929102001499 ], [ 121.944775196259869, 13.406879566337089 ], [ 121.944729084579976, 13.406924590493471 ], [ 121.943809417416418, 13.408198714341234 ], [ 121.943079727525742, 13.408865871989505 ], [ 121.943079719708777, 13.408945873628864 ] ] ] } },
{ "type": "Feature", "properties": { "Id": 0, "CLN": "20971", "PSGC": "174001029", "Barangay": "Hinapulan", "Land_Class": null, "PIN": "030-01-027-06-002" }, "geometry": { "type": "Polygon", "coordinates": [ [ [ 121.945016453276295, 13.408199901787093 ], [ 121.944941800462146, 13.408142558354143 ], [ 121.944720688013149, 13.408271991068183 ], [ 121.944582639415842, 13.408438433986138 ], [ 121.944333731695878, 13.409215462737496 ], [ 121.944352403708066, 13.40970438058755 ], [ 121.943744096622723, 13.410830239590441 ], [ 121.944794286026493, 13.410372273144411 ], [ 121.94502395425674, 13.408560452548384 ], [ 121.944949412414758, 13.408477649166342 ], [ 121.945016453276295, 13.408199901787093 ] ] ] } },
{ "type": "Feature", "properties": { "Id": 0, "CLN": "20972", "PSGC": "174001029", "Barangay": "Hinapulan", "Land_Class": null, "PIN": "030-01-027-06-003" }, "geometry": { "type": "Polygon", "coordinates": [ [ [ 121.94502395425674, 13.408560452548384 ], [ 121.944794286026493, 13.410372273144413 ], [ 121.94561537142765, 13.409635317047442 ], [ 121.945207634609787, 13.408665098891763 ], [ 121.94502395425674, 13.408560452548384 ] ] ] } },
{ "type": "Feature", "properties": { "Id": 0, "CLN": "20973", "PSGC": "174001029", "Barangay": "Hinapulan", "Land_Class": null, "PIN": "030-01-027-06-004" }, "geometry": { "type": "Polygon", "coordinates": [ [ [ 121.94561537142765, 13.409635317047442 ], [ 121.946187574451315, 13.408860655599216 ], [ 121.946044598457163, 13.408725627449876 ], [ 121.946093209624067, 13.408313371725061 ], [ 121.94607933539487, 13.408294299195605 ], [ 121.945116793398853, 13.408211523844644 ], [ 121.945016453276295, 13.408199901787093 ], [ 121.944949412414786, 13.408477649166343 ], [ 121.94502395425674, 13.408560452548384 ], [ 121.945207634609815, 13.408665098891769 ], [ 121.94561537142765, 13.409635317047442 ] ] ] } },
{ "type": "Feature", "properties": { "Id": 0, "CLN": "20920", "PSGC": "174001029", "Barangay": "Hinapulan", "Land_Class": null, "PIN": "030-01-027-05-029" }, "geometry": { "type": "Polygon", "coordinates": [ [ [ 121.945023891386001, 13.410578991884316 ], [ 121.945997657106645, 13.410912135722077 ], [ 121.946797101153066, 13.411407277256554 ], [ 121.947333055230317, 13.411333573906976 ], [ 121.947377317942042, 13.410996753303028 ], [ 121.946448164254548, 13.410073244755175 ], [ 121.946125004312933, 13.410462967119098 ], [ 121.94552080946373, 13.410170194000438 ], [ 121.945023891386001, 13.410578991884316 ] ] ] } },
{ "type": "Feature", "properties": { "Id": 0, "CLN": "20921", "PSGC": "174001029", "Barangay": "Hinapulan", "Land_Class": null, "PIN": "030-01-027-05-028" }, "geometry": { "type": "Polygon", "coordinates": [ [ [ 121.94552080946373, 13.410170194000436 ], [ 121.946125004312933, 13.410462967119098 ], [ 121.946448164254548, 13.410073244755175 ], [ 121.945953761534582, 13.409652610635534 ], [ 121.94552080946373, 13.410170194000436 ] ] ] } },
{ "type": "Feature", "properties": { "Id": 0, "CLN": "20922", "PSGC": "174001029", "Barangay": "Hinapulan", "Land_Class": null, "PIN": "030-01-027-05-027" }, "geometry": { "type": "Polygon", "coordinates": [ [ [ 121.945953761534582, 13.409652610635536 ], [ 121.946448164254548, 13.410073244755175 ], [ 121.947377317941999, 13.410996753303028 ], [ 121.947440122450416, 13.410908413057568 ], [ 121.947054116372883, 13.409962729977547 ], [ 121.94698298703247, 13.409812725855426 ], [ 121.946877601363852, 13.409659440317968 ], [ 121.946768960749836, 13.409509362753282 ], [ 121.946681921019731, 13.40942956290915 ], [ 121.946591055016498, 13.409511675330586 ], [ 121.946342300038623, 13.409299824428421 ], [ 121.945953761534582, 13.409652610635536 ] ] ] } },
{ "type": "Feature", "properties": { "Id": 0, "CLN": "20927", "PSGC": "174001029", "Barangay": "Hinapulan", "Land_Class": null, "PIN": "030-01-027-05-022" }, "geometry": { "type": "Polygon", "coordinates": [ [ [ 121.947440122450445, 13.410908413057568 ], [ 121.947506247342105, 13.410774257882284 ], [ 121.947148023519276, 13.409898961587119 ], [ 121.947054116372883, 13.409962729977547 ], [ 121.947440122450445, 13.410908413057568 ] ] ] } },
{ "type": "Feature", "properties": { "Id": 0, "CLN": "20926", "PSGC": "174001029", "Barangay": "Hinapulan", "Land_Class": null, "PIN": "030-01-027-05-023" }, "geometry": { "type": "Polygon", "coordinates": [ [ [ 121.94698298703247, 13.409812725855426 ], [ 121.947054116372883, 13.409962729977547 ], [ 121.947148023519276, 13.409898961587119 ], [ 121.947067424932598, 13.409773359977569 ], [ 121.94698298703247, 13.409812725855426 ] ] ] } },
{ "type": "Feature", "properties": { "Id": 0, "CLN": "20925", "PSGC": "174001029", "Barangay": "Hinapulan", "Land_Class": null, "PIN": "030-01-027-05-024" }, "geometry": { "type": "Polygon", "coordinates": [ [ [ 121.946877601363852, 13.409659440317968 ], [ 121.94698298703247, 13.409812725855426 ], [ 121.947067424932598, 13.409773359977569 ], [ 121.946951562344537, 13.409615721997422 ], [ 121.946877601363852, 13.409659440317968 ] ] ] } },
{ "type": "Feature", "properties": { "Id": 0, "CLN": "20924", "PSGC": "174001029", "Barangay": "Hinapulan", "Land_Class": null, "PIN": "030-01-027-05-025" }, "geometry": { "type": "Polygon", "coordinates": [ [ [ 121.946951562344537, 13.409615721997422 ], [ 121.946838209644824, 13.409441672477151 ], [ 121.946768960749836, 13.409509362753282 ], [ 121.94687760136388, 13.409659440317967 ], [ 121.946951562344537, 13.409615721997422 ] ] ] } },
{ "type": "Feature", "properties": { "Id": 0, "CLN": "20923", "PSGC": "174001029", "Barangay": "Hinapulan", "Land_Class": null, "PIN": "030-01-027-05-026" }, "geometry": { "type": "Polygon", "coordinates": [ [ [ 121.946342300038651, 13.409299824428418 ], [ 121.946591055016498, 13.409511675330586 ], [ 121.946681921019731, 13.409429562909155 ], [ 121.946768960749836, 13.409509362753282 ], [ 121.946838209644824, 13.409441672477151 ], [ 121.946707107315831, 13.409312231860042 ], [ 121.946567489587451, 13.409122605391417 ], [ 121.946342300038651, 13.409299824428418 ] ] ] } },
{ "type": "Feature", "properties": { "Id": 0, "CLN": "20928", "PSGC": "174001029", "Barangay": "Hinapulan", "Land_Class": null, "PIN": "030-01-027-05-021" }, "geometry": { "type": "Polygon", "coordinates": [ [ [ 121.947506247342105, 13.410774257882284 ], [ 121.947568692359098, 13.410611635309243 ], [ 121.947206887815909, 13.40984192125698 ], [ 121.946641445780585, 13.409071356786839 ], [ 121.946567489587451, 13.409122605391417 ], [ 121.946707107315831, 13.409312231860042 ], [ 121.946838209644824, 13.409441672477151 ], [ 121.946951562344537, 13.409615721997422 ], [ 121.947067424932598, 13.409773359977569 ], [ 121.947148023519276, 13.409898961587119 ], [ 121.947506247342105, 13.410774257882284 ] ] ] } },
{ "type": "Feature", "properties": { "Id": 0, "CLN": "20929", "PSGC": "174001029", "Barangay": "Hinapulan", "Land_Class": null, "PIN": "030-01-027-05-020" }, "geometry": { "type": "Polygon", "coordinates": [ [ [ 121.947568692359098, 13.410611635309243 ], [ 121.947588945365808, 13.410372837357695 ], [ 121.947279459332094, 13.409772717097756 ], [ 121.946717832671268, 13.409021836882907 ], [ 121.946641445780585, 13.409071356786839 ], [ 121.947206887815923, 13.40984192125698 ], [ 121.947568692359098, 13.410611635309243 ] ] ] } },
{ "type": "Feature", "properties": { "Id": 0, "CLN": "20930", "PSGC": "174001029", "Barangay": "Hinapulan", "Land_Class": null, "PIN": "030-01-027-05-019" }, "geometry": { "type": "Polygon", "coordinates": [ [ [ 121.947588945365808, 13.410372837357695 ], [ 121.947615592801043, 13.410076589158283 ], [ 121.946892785848121, 13.408891191339663 ], [ 121.946717832671268, 13.409021836882907 ], [ 121.947279459332123, 13.409772717097765 ], [ 121.947588945365808, 13.410372837357695 ] ] ] } },
{ "type": "Feature", "properties": { "Id": 0, "CLN": "20931", "PSGC": "174001029", "Barangay": "Hinapulan", "Land_Class": null, "PIN": "030-01-027-05-018" }, "geometry": { "type": "Polygon", "coordinates": [ [ [ 121.947615592801043, 13.410076589158281 ], [ 121.947649399700722, 13.409838420577211 ], [ 121.947033705815002, 13.408781790401163 ], [ 121.946892785848121, 13.408891191339663 ], [ 121.947615592801043, 13.410076589158281 ] ] ] } },
{ "type": "Feature", "properties": { "Id": 0, "CLN": "20932", "PSGC": "174001029", "Barangay": "Hinapulan", "Land_Class": null, "PIN": "030-01-027-05-017" }, "geometry": { "type": "Polygon", "coordinates": [ [ [ 121.947649399700722, 13.409838420577211 ], [ 121.947592497977865, 13.409466970233154 ], [ 121.947810391547293, 13.409419758742583 ], [ 121.947798857602066, 13.409380756190478 ], [ 121.947301401537558, 13.408585843635665 ], [ 121.947033705815002, 13.408781790401159 ], [ 121.947649399700722, 13.409838420577211 ] ] ] } },
{ "type": "Feature", "properties": { "Id": 0, "CLN": "20933", "PSGC": "174001029", "Barangay": "Hinapulan", "Land_Class": null, "PIN": "030-01-027-05-016" }, "geometry": { "type": "Polygon", "coordinates": [ [ [ 121.948301390411586, 13.411218277790828 ], [ 121.948305195298531, 13.41118393796771 ], [ 121.948026326476793, 13.410181416723145 ], [ 121.947810391547307, 13.409419758742583 ], [ 121.947592497977865, 13.409466970233154 ], [ 121.947649399700722, 13.409838420577211 ], [ 121.947615592801043, 13.410076589158287 ], [ 121.947588945365808, 13.410372837357695 ], [ 121.947568692359098, 13.410611635309243 ], [ 121.947506247342105, 13.410774257882284 ], [ 121.947440122450445, 13.410908413057568 ], [ 121.947377317942042, 13.410996753303028 ], [ 121.947333055230317, 13.411333573906976 ], [ 121.94783494515643, 13.41144776971567 ], [ 121.948301390411586, 13.411218277790828 ] ] ] } },
{ "type": "Feature", "properties": { "Id": 0, "CLN": "20701", "PSGC": "174001029", "Barangay": "Hinapulan", "Land_Class": null, "PIN": "030-01-027-09-031" }, "geometry": { "type": "Polygon", "coordinates": [ [ [ 121.936275688705507, 13.396202811083409 ], [ 121.936954096425396, 13.395388453647438 ], [ 121.937629026274649, 13.395009111374137 ], [ 121.937875582723208, 13.394262400571293 ], [ 121.935733291928656, 13.393815812493386 ], [ 121.935143840545081, 13.395342055755526 ], [ 121.934750228085136, 13.395668913314154 ], [ 121.934445051662664, 13.395914357568396 ], [ 121.93474400011695, 13.395936397642719 ], [ 121.936275688705507, 13.396202811083409 ] ] ] } },
{ "type": "Feature", "properties": { "Id": 0, "CLN": "20703", "PSGC": "174001029", "Barangay": "Hinapulan", "Land_Class": null, "PIN": "030-01-027-09-029" }, "geometry": { "type": "Polygon", "coordinates": [ [ [ 121.936107997557798, 13.397283291854141 ], [ 121.935773927269778, 13.397772258645857 ], [ 121.936985266872256, 13.398310646397301 ], [ 121.937881290878508, 13.397832535049249 ], [ 121.937476323530575, 13.39728802213148 ], [ 121.936107997557798, 13.397283291854141 ] ] ] } },
{ "type": "Feature", "properties": { "Id": 0, "CLN": "20700", "PSGC": "174001029", "Barangay": "Hinapulan", "Land_Class": null, "PIN": "030-01-027-09-028" }, "geometry": { "type": "Polygon", "coordinates": [ [ [ 121.937875582723208, 13.394262400571293 ], [ 121.937629026274649, 13.395009111374137 ], [ 121.936954096425396, 13.395388453647437 ], [ 121.936275688705507, 13.396202811083413 ], [ 121.936243359774139, 13.396693049433892 ], [ 121.936107997557798, 13.397283291854141 ], [ 121.937476323530575, 13.39728802213148 ], [ 121.938115322194776, 13.396994017460273 ], [ 121.937982474974305, 13.396807906630123 ], [ 121.939659023391215, 13.396382919297418 ], [ 121.939818188597897, 13.396211882397868 ], [ 121.939370967560663, 13.394980374548485 ], [ 121.937875582723208, 13.394262400571293 ] ] ] } },
{ "type": "Feature", "properties": { "Id": 0, "CLN": "20699", "PSGC": "174001029", "Barangay": "Hinapulan", "Land_Class": null, "PIN": "030-01-027-09-025" }, "geometry": { "type": "Polygon", "coordinates": [ [ [ 121.939936118134838, 13.396897813169947 ], [ 121.939659023391215, 13.396382919297418 ], [ 121.937982474974305, 13.396807906630123 ], [ 121.938115322194776, 13.396994017460273 ], [ 121.939388033034604, 13.397057523982843 ], [ 121.939936118134838, 13.396897813169947 ] ] ] } },
{ "type": "Feature", "properties": { "Id": 0, "CLN": "20697", "PSGC": "174001029", "Barangay": "Hinapulan", "Land_Class": null, "PIN": "030-01-027-09-026" }, "geometry": { "type": "Polygon", "coordinates": [ [ [ 121.939818188597926, 13.39621188239787 ], [ 121.939659023391215, 13.396382919297418 ], [ 121.939936118134838, 13.396897813169947 ], [ 121.940238114219753, 13.396732914398131 ], [ 121.940537800654468, 13.39709558344236 ], [ 121.941521963726672, 13.396189949783384 ], [ 121.941001262311374, 13.395686534039868 ], [ 121.939980311516365, 13.396272141280187 ], [ 121.939818188597926, 13.39621188239787 ] ] ] } },
{ "type": "Feature", "properties": { "Id": 0, "CLN": "20698", "PSGC": "174001029", "Barangay": "Hinapulan", "Land_Class": null, "PIN": "030-01-027-09-027" }, "geometry": { "type": "Polygon", "coordinates": [ [ [ 121.939370967560663, 13.394980374548485 ], [ 121.939818188597926, 13.39621188239787 ], [ 121.939980311516365, 13.396272141280187 ], [ 121.941001262311374, 13.395686534039868 ], [ 121.939370967560663, 13.394980374548485 ] ] ] } },
{ "type": "Feature", "properties": { "Id": 0, "CLN": "20672", "PSGC": "174001029", "Barangay": "Hinapulan", "Land_Class": null, "PIN": "030-01-027-09-032" }, "geometry": { "type": "Polygon", "coordinates": [ [ [ 121.937039899743795, 13.393612014907994 ], [ 121.93768700206472, 13.393719041479947 ], [ 121.937911430752038, 13.392811535831102 ], [ 121.938130103463479, 13.392405764178301 ], [ 121.936899693403646, 13.392598854701234 ], [ 121.937039899743795, 13.393612014907994 ] ] ] } },
{ "type": "Feature", "properties": { "Id": 0, "CLN": "20673", "PSGC": "174001029", "Barangay": "Hinapulan", "Land_Class": null, "PIN": "030-01-027-09-033" }, "geometry": { "type": "Polygon", "coordinates": [ [ [ 121.93768700206472, 13.393719041479947 ], [ 121.937794506396671, 13.393754626976531 ], [ 121.938481624239799, 13.39372238208793 ], [ 121.938610581250686, 13.393542237888925 ], [ 121.938677953002127, 13.393376892036786 ], [ 121.939082633268058, 13.392905430348215 ], [ 121.93850626010105, 13.392393183228819 ], [ 121.938130103463479, 13.392405764178301 ], [ 121.937911430752038, 13.392811535831102 ], [ 121.93768700206472, 13.393719041479947 ] ] ] } },
{ "type": "Feature", "properties": { "Id": 0, "CLN": "20674", "PSGC": "174001029", "Barangay": "Hinapulan", "Land_Class": null, "PIN": "030-01-027-09-034" }, "geometry": { "type": "Polygon", "coordinates": [ [ [ 121.938481624239799, 13.39372238208793 ], [ 121.938967639008126, 13.393955300777263 ], [ 121.940581987377129, 13.392772874561418 ], [ 121.93991762022867, 13.391863582644444 ], [ 121.93967016230016, 13.392216589959704 ], [ 121.939539820712071, 13.392251447423337 ], [ 121.939082633268058, 13.392905430348215 ], [ 121.938677953002127, 13.393376892036786 ], [ 121.938610581250686, 13.393542237888925 ], [ 121.938481624239799, 13.39372238208793 ] ] ] } },
{ "type": "Feature", "properties": { "Id": 0, "CLN": "20675", "PSGC": "174001029", "Barangay": "Hinapulan", "Land_Class": null, "PIN": "030-01-027-09-035" }, "geometry": { "type": "Polygon", "coordinates": [ [ [ 121.938967639008126, 13.393955300777263 ], [ 121.94150590288578, 13.39542202479937 ], [ 121.942309475156947, 13.394737479692248 ], [ 121.942201994852411, 13.3937850068054 ], [ 121.940607827050073, 13.392808240092531 ], [ 121.940581987377143, 13.392772874561409 ], [ 121.938967639008126, 13.393955300777263 ] ] ] } },
{ "type": "Feature", "properties": { "Id": 0, "CLN": "20676", "PSGC": "174001029", "Barangay": "Hinapulan", "Land_Class": null, "PIN": "030-01-027-09-042" }, "geometry": { "type": "Polygon", "coordinates": [ [ [ 121.945187854410165, 13.392858284433444 ], [ 121.945032689308377, 13.392543567420649 ], [ 121.943689367256411, 13.393132705216145 ], [ 121.944837515811528, 13.394711800172205 ], [ 121.945009511739372, 13.39457209500525 ], [ 121.945187854410165, 13.392858284433444 ] ] ] } },
{ "type": "Feature", "properties": { "Id": 0, "CLN": "20677", "PSGC": "174001029", "Barangay": "Hinapulan", "Land_Class": null, "PIN": "030-01-027-09-036" }, "geometry": { "type": "Polygon", "coordinates": [ [ [ 121.942151263293141, 13.396234810233565 ], [ 121.942512042054034, 13.396709965160136 ], [ 121.943662760455354, 13.395665997463745 ], [ 121.943205128185213, 13.394947978163259 ], [ 121.942151263293141, 13.396234810233565 ] ] ] } },
{ "type": "Feature", "properties": { "Id": 0, "CLN": "20678", "PSGC": "174001029", "Barangay": "Hinapulan", "Land_Class": null, "PIN": "030-01-027-11-014" }, "geometry": { "type": "Polygon", "coordinates": [ [ [ 121.942512042054034, 13.396709965160134 ], [ 121.94257945640318, 13.397099312156611 ], [ 121.943918345447116, 13.396490305075851 ], [ 121.945771417647961, 13.394927519790766 ], [ 121.946099350450581, 13.394277797567714 ], [ 121.945009511739372, 13.39457209500525 ], [ 121.943662760455354, 13.395665997463738 ], [ 121.942512042054034, 13.396709965160134 ] ] ] } },
{ "type": "Feature", "properties": { "Id": 0, "CLN": "20679", "PSGC": "174001029", "Barangay": "Hinapulan", "Land_Class": null, "PIN": "030-01-027-11-015" }, "geometry": { "type": "Polygon", "coordinates": [ [ [ 121.946099350450581, 13.39427779756771 ], [ 121.947166192097583, 13.39237539864518 ], [ 121.945227394197062, 13.392477720701329 ], [ 121.945009511739372, 13.394572095005246 ], [ 121.946099350450581, 13.39427779756771 ] ] ] } },
{ "type": "Feature", "properties": { "Id": 0, "CLN": "20680", "PSGC": "174001029", "Barangay": "Hinapulan", "Land_Class": null, "PIN": "030-01-027-11-016" }, "geometry": { "type": "Polygon", "coordinates": [ [ [ 121.945771417647961, 13.394927519790764 ], [ 121.946249853163565, 13.394813538864039 ], [ 121.94915570299932, 13.395885707886825 ], [ 121.949147720049908, 13.394186567320679 ], [ 121.947166192097583, 13.39237539864518 ], [ 121.946099350450581, 13.39427779756771 ], [ 121.945771417647961, 13.394927519790764 ] ] ] } },
{ "type": "Feature", "properties": { "Id": 0, "CLN": "20682", "PSGC": "174001029", "Barangay": "Hinapulan", "Land_Class": null, "PIN": "030-01-027-11-027" }, "geometry": { "type": "Polygon", "coordinates": [ [ [ 121.94914772004995, 13.394186567320679 ], [ 121.951415940027999, 13.393541912083338 ], [ 121.951940107294234, 13.393471890622878 ], [ 121.952631752518343, 13.392452093602225 ], [ 121.952589991650854, 13.390985202326675 ], [ 121.952879630739289, 13.39026286886309 ], [ 121.951418218653473, 13.39083381568215 ], [ 121.947166192097583, 13.39237539864518 ], [ 121.94914772004995, 13.394186567320679 ] ] ] } },
{ "type": "Feature", "properties": { "Id": 0, "CLN": "20681", "PSGC": "174001029", "Barangay": "Hinapulan", "Land_Class": null, "PIN": "030-01-027-11-017" }, "geometry": { "type": "Polygon", "coordinates": [ [ [ 121.949155702999334, 13.395885707886825 ], [ 121.950421836093568, 13.395447400428612 ], [ 121.95037919697964, 13.395982893299214 ], [ 121.951121342037368, 13.396177690085826 ], [ 121.951121568142227, 13.396167486165984 ], [ 121.951417275240317, 13.395671441903316 ], [ 121.951684783243891, 13.395300863916566 ], [ 121.952214675643546, 13.395134861184356 ], [ 121.952327106773268, 13.394563442246687 ], [ 121.951940107294234, 13.393471890622878 ], [ 121.951415940027999, 13.393541912083338 ], [ 121.94914772004995, 13.394186567320679 ], [ 121.949155702999334, 13.395885707886825 ] ] ] } },
{ "type": "Feature", "properties": { "Id": 0, "CLN": "20691", "PSGC": "174001029", "Barangay": "Hinapulan", "Land_Class": null, "PIN": "030-01-027-11-013" }, "geometry": { "type": "Polygon", "coordinates": [ [ [ 121.94257945640318, 13.397099312156611 ], [ 121.942418147564368, 13.398253997366096 ], [ 121.942948091022927, 13.398241179986004 ], [ 121.943361990255681, 13.398423348089507 ], [ 121.946198700093703, 13.397743531044439 ], [ 121.946791222939638, 13.397467830776666 ], [ 121.947167119819142, 13.397559616241756 ], [ 121.947582558103534, 13.397388430033859 ], [ 121.947734289428098, 13.397349867765223 ], [ 121.948397486353471, 13.397181316110141 ], [ 121.949119804050511, 13.397079068516367 ], [ 121.948615643731586, 13.396460479955079 ], [ 121.949155702999334, 13.395885707886825 ], [ 121.946249853163565, 13.394813538864039 ], [ 121.945771417647961, 13.394927519790766 ], [ 121.943918345447116, 13.396490305075851 ], [ 121.94257945640318, 13.397099312156611 ] ] ] } },
{ "type": "Feature", "properties": { "Id": 0, "CLN": "20690", "PSGC": "174001029", "Barangay": "Hinapulan", "Land_Class": null, "PIN": "030-01-027-11-012" }, "geometry": { "type": "Polygon", "coordinates": [ [ [ 121.950270470260705, 13.397369544809044 ], [ 121.949936687226241, 13.396420867094657 ], [ 121.95037919697964, 13.395982893299218 ], [ 121.950421836093568, 13.395447400428612 ], [ 121.949155702999334, 13.395885707886825 ], [ 121.948615643731586, 13.396460479955079 ], [ 121.949119804050511, 13.397079068516367 ], [ 121.949473935972179, 13.396877551222499 ], [ 121.949471423380871, 13.39745644013783 ], [ 121.950270470260705, 13.397369544809044 ] ] ] } },
{ "type": "Feature", "properties": { "Id": 0, "CLN": "20685", "PSGC": "174001029", "Barangay": "Hinapulan", "Land_Class": null, "PIN": "030-01-027-11-018" }, "geometry": { "type": "Polygon", "coordinates": [ [ [ 121.949936687226241, 13.396420867094657 ], [ 121.950999621548803, 13.396763184691984 ], [ 121.951121342037368, 13.396177690085826 ], [ 121.95037919697964, 13.395982893299218 ], [ 121.949936687226241, 13.396420867094657 ] ] ] } },
{ "type": "Feature", "properties": { "Id": 0, "CLN": "20686", "PSGC": "174001029", "Barangay": "Hinapulan", "Land_Class": null, "PIN": "030-01-027-11-011" }, "geometry": { "type": "Polygon", "coordinates": [ [ [ 121.950270470260705, 13.397369544809044 ], [ 121.950746534168758, 13.397349960721947 ], [ 121.951436231031067, 13.397686914436012 ], [ 121.952097794368811, 13.397430090743038 ], [ 121.9514260751926, 13.39703983909653 ], [ 121.950999621548803, 13.396763184691984 ], [ 121.949936687226241, 13.396420867094657 ], [ 121.950270470260705, 13.397369544809044 ] ] ] } },
{ "type": "Feature", "properties": { "Id": 0, "CLN": "20684", "PSGC": "174001029", "Barangay": "Hinapulan", "Land_Class": null, "PIN": "030-01-027-11-019" }, "geometry": { "type": "Polygon", "coordinates": [ [ [ 121.9514260751926, 13.39703983909653 ], [ 121.952097794368811, 13.397430090743038 ], [ 121.95290847338434, 13.397095368284488 ], [ 121.952118370979392, 13.396120902766835 ], [ 121.951426749897379, 13.396167712593456 ], [ 121.951121568142227, 13.396167486165984 ], [ 121.951121342037368, 13.396177690085826 ], [ 121.950999621548803, 13.396763184691988 ], [ 121.9514260751926, 13.39703983909653 ] ] ] } },
{ "type": "Feature", "properties": { "Id": 0, "CLN": "20683", "PSGC": "174001029", "Barangay": "Hinapulan", "Land_Class": null, "PIN": "030-01-027-11-021" }, "geometry": { "type": "Polygon", "coordinates": [ [ [ 121.951426749897436, 13.396167712593456 ], [ 121.952118370979392, 13.396120902766835 ], [ 121.952176062377248, 13.39611699805007 ], [ 121.952905165299995, 13.395972004587076 ], [ 121.952335173313273, 13.395875447899458 ], [ 121.95208855758186, 13.395692767098128 ], [ 121.952214675643546, 13.395134861184356 ], [ 121.951684783243891, 13.395300863916566 ], [ 121.951417275240317, 13.395671441903316 ], [ 121.951121568142227, 13.396167486165984 ], [ 121.951426749897436, 13.396167712593456 ] ] ] } },
{ "type": "Feature", "properties": { "Id": 0, "CLN": "20687", "PSGC": "174001029", "Barangay": "Hinapulan", "Land_Class": null, "PIN": "030-01-027-11-010" }, "geometry": { "type": "Polygon", "coordinates": [ [ [ 121.951436231031067, 13.397686914436012 ], [ 121.950746534168758, 13.397349960721947 ], [ 121.950270470260705, 13.397369544809044 ], [ 121.950552618781174, 13.39782932620726 ], [ 121.951175915347235, 13.39794802981624 ], [ 121.951436231031067, 13.397686914436012 ] ] ] } },
{ "type": "Feature", "properties": { "Id": 0, "CLN": "21073", "PSGC": "174001029", "Barangay": "Hinapulan", "Land_Class": null, "PIN": "030-01-027-11-023" }, "geometry": { "type": "Polygon", "coordinates": [ [ [ 121.956909316162623, 13.3966454456799 ], [ 121.957269748060057, 13.395822570003746 ], [ 121.957220097011799, 13.395383358325875 ], [ 121.957003191501613, 13.394534667096426 ], [ 121.954357384384949, 13.39356791902093 ], [ 121.953974660990283, 13.393780432378085 ], [ 121.953088824850639, 13.394811202386364 ], [ 121.953039905626255, 13.395396341179318 ], [ 121.953955473025488, 13.396343921318396 ], [ 121.956909316162623, 13.3966454456799 ] ] ] } },
{ "type": "Feature", "properties": { "Id": 0, "CLN": "21067", "PSGC": "174001029", "Barangay": "Hinapulan", "Land_Class": null, "PIN": "030-01-027-11-020" }, "geometry": { "type": "Polygon", "coordinates": [ [ [ 121.953039905626255, 13.395396341179318 ], [ 121.952905165299995, 13.395972004587074 ], [ 121.952176062377248, 13.39611699805007 ], [ 121.952118370979392, 13.396120902766835 ], [ 121.952908473384369, 13.397095368284486 ], [ 121.953955473025488, 13.396343921318396 ], [ 121.953039905626255, 13.395396341179318 ] ] ] } },
{ "type": "Feature", "properties": { "Id": 0, "CLN": "21068", "PSGC": "174001029", "Barangay": "Hinapulan", "Land_Class": null, "PIN": "030-01-027-11-022" }, "geometry": { "type": "Polygon", "coordinates": [ [ [ 121.952327106773268, 13.394563442246687 ], [ 121.952214675643546, 13.395134861184356 ], [ 121.95208855758186, 13.395692767098128 ], [ 121.952335173313273, 13.395875447899458 ], [ 121.952905165299995, 13.395972004587076 ], [ 121.953039905626255, 13.395396341179318 ], [ 121.953088824850639, 13.394811202386363 ], [ 121.952327106773268, 13.394563442246687 ] ] ] } },
{ "type": "Feature", "properties": { "Id": 0, "CLN": "21069", "PSGC": "174001029", "Barangay": "Hinapulan", "Land_Class": null, "PIN": "030-01-027-11-024" }, "geometry": { "type": "Polygon", "coordinates": [ [ [ 121.951940107294234, 13.39347189062288 ], [ 121.952327106773268, 13.394563442246692 ], [ 121.953088824850639, 13.394811202386364 ], [ 121.953974660990283, 13.393780432378085 ], [ 121.953176343888273, 13.393565706298867 ], [ 121.952173524362848, 13.393440443273221 ], [ 121.951940107294234, 13.39347189062288 ] ] ] } },
{ "type": "Feature", "properties": { "Id": 0, "CLN": "21072", "PSGC": "174001029", "Barangay": "Hinapulan", "Land_Class": null, "PIN": "030-01-027-11-025" }, "geometry": { "type": "Polygon", "coordinates": [ [ [ 121.953977695012796, 13.39205385838811 ], [ 121.953176343888273, 13.393565706298867 ], [ 121.953974660990283, 13.393780432378085 ], [ 121.954357384384949, 13.39356791902093 ], [ 121.953977695012796, 13.39205385838811 ] ] ] } },
{ "type": "Feature", "properties": { "Id": 0, "CLN": "21070", "PSGC": "174001029", "Barangay": "Hinapulan", "Land_Class": null, "PIN": "030-01-027-11-026" }, "geometry": { "type": "Polygon", "coordinates": [ [ [ 121.953574238355657, 13.391075371970402 ], [ 121.952631752518371, 13.392452093602225 ], [ 121.951940107294234, 13.393471890622878 ], [ 121.952173524362877, 13.393440443273217 ], [ 121.953176343888245, 13.393565706298869 ], [ 121.953977695012796, 13.39205385838811 ], [ 121.953574238355657, 13.391075371970402 ] ] ] } },
{ "type": "Feature", "properties": { "Id": 0, "CLN": "21071", "PSGC": "174001029", "Barangay": "Hinapulan", "Land_Class": null, "PIN": "030-01-027-11-028" }, "geometry": { "type": "Polygon", "coordinates": [ [ [ 121.952879630739289, 13.390262868863088 ], [ 121.952589991650854, 13.390985202326672 ], [ 121.952631752518386, 13.392452093602222 ], [ 121.953574238355657, 13.391075371970404 ], [ 121.952879630739289, 13.390262868863088 ] ] ] } },
{ "type": "Feature", "properties": { "Id": 0, "CLN": "21076", "PSGC": "174001029", "Barangay": "Hinapulan", "Land_Class": null, "PIN": "030-01-027-12-029" }, "geometry": { "type": "Polygon", "coordinates": [ [ [ 121.961732160991872, 13.395089824495265 ], [ 121.960546120045038, 13.393961081145969 ], [ 121.959797563806475, 13.393390815485825 ], [ 121.958991891685955, 13.393629074861176 ], [ 121.957369683101959, 13.393489571046283 ], [ 121.957097549150419, 13.394091240802245 ], [ 121.957305053754482, 13.395377159288683 ], [ 121.958272076333472, 13.395838658692398 ], [ 121.95943868900909, 13.396233696302547 ], [ 121.960927178557228, 13.396892448357253 ], [ 121.961051400314716, 13.396771854020979 ], [ 121.961732160991872, 13.395089824495265 ] ] ] } },
{ "type": "Feature", "properties": { "Id": 0, "CLN": "21074", "PSGC": "174001029", "Barangay": "Hinapulan", "Land_Class": null, "PIN": "030-01-027-12-037" }, "geometry": { "type": "Polygon", "coordinates": [ [ [ 121.959438689009119, 13.396233696302549 ], [ 121.958272076333472, 13.395838658692398 ], [ 121.957305053754482, 13.395377159288683 ], [ 121.957350986259371, 13.395881954309989 ], [ 121.957031063152726, 13.396762010657167 ], [ 121.957702725046644, 13.39718865216944 ], [ 121.958018736422858, 13.39721686854298 ], [ 121.958770191964021, 13.396765757118882 ], [ 121.959438689009119, 13.396233696302549 ] ] ] } },
{ "type": "Feature", "properties": { "Id": 0, "CLN": "21075", "PSGC": "174001029", "Barangay": "Hinapulan", "Land_Class": null, "PIN": "030-01-027-12-036" }, "geometry": { "type": "Polygon", "coordinates": [ [ [ 121.958770191963993, 13.39676575711888 ], [ 121.959705516969095, 13.397561487996496 ], [ 121.960471851077017, 13.397348924775596 ], [ 121.960927178557228, 13.396892448357255 ], [ 121.959438689009147, 13.396233696302543 ], [ 121.958770191963993, 13.39676575711888 ] ] ] } },
{ "type": "Feature", "properties": { "Id": 0, "CLN": "21066", "PSGC": "174001029", "Barangay": "Hinapulan", "Land_Class": null, "PIN": "030-01-027-12-035" }, "geometry": { "type": "Polygon", "coordinates": [ [ [ 121.958018736422886, 13.39721686854298 ], [ 121.957593118463649, 13.398104058485098 ], [ 121.958635213299104, 13.398585851522851 ], [ 121.958969807390304, 13.397993678457155 ], [ 121.959705516969109, 13.397561487996498 ], [ 121.958770191964021, 13.396765757118882 ], [ 121.958018736422886, 13.39721686854298 ] ] ] } },
{ "type": "Feature", "properties": { "Id": 0, "CLN": "21065", "PSGC": "174001029", "Barangay": "Hinapulan", "Land_Class": null, "PIN": "030-01-027-12-034" }, "geometry": { "type": "Polygon", "coordinates": [ [ [ 121.957702725046673, 13.39718865216944 ], [ 121.957031063152755, 13.396762010657167 ], [ 121.956673527198618, 13.398594773813191 ], [ 121.956647849558493, 13.398806696385199 ], [ 121.957008761777658, 13.399264087719073 ], [ 121.956976773614613, 13.399126926915383 ], [ 121.957303587925168, 13.398872281125954 ], [ 121.957294722570737, 13.398800386111869 ], [ 121.957363941062667, 13.398706357773586 ], [ 121.957387381497, 13.39858968464671 ], [ 121.957593118463649, 13.398104058485098 ], [ 121.9580187364229, 13.397216868542982 ], [ 121.957702725046673, 13.39718865216944 ] ] ] } },
{ "type": "Feature", "properties": { "Id": 0, "CLN": "21064", "PSGC": "174001029", "Barangay": "Hinapulan", "Land_Class": null, "PIN": "030-01-001-56-047" }, "geometry": { "type": "Polygon", "coordinates": [ [ [ 121.960663477111083, 13.397704051998581 ], [ 121.960471851077017, 13.397348924775596 ], [ 121.959705516969109, 13.397561487996498 ], [ 121.958969807390304, 13.397993678457155 ], [ 121.958635213299104, 13.398585851522851 ], [ 121.95882148355372, 13.399008787955212 ], [ 121.959206117566524, 13.399176546316539 ], [ 121.959656444355005, 13.399003247155068 ], [ 121.959767007306283, 13.398895914978286 ], [ 121.959942566934075, 13.398609204317932 ], [ 121.960140533352345, 13.398251919378231 ], [ 121.960663477111083, 13.397704051998581 ] ] ] } },
{ "type": "Feature", "properties": { "Id": 0, "CLN": "21059", "PSGC": "174001029", "Barangay": "Hinapulan", "Land_Class": null, "PIN": "030-01-027-12-019" }, "geometry": { "type": "Polygon", "coordinates": [ [ [ 121.961768462032737, 13.39845036814741 ], [ 121.960663477111083, 13.397704051998581 ], [ 121.960140533352345, 13.398251919378231 ], [ 121.959942566934075, 13.398609204317932 ], [ 121.959767007306283, 13.398895914978286 ], [ 121.96046154606853, 13.39954101032837 ], [ 121.960626190799772, 13.400727352826943 ], [ 121.962023247999909, 13.402300513559352 ], [ 121.962427179804294, 13.401179385089103 ], [ 121.962790595803696, 13.400947338230727 ], [ 121.962198335848896, 13.398914901770175 ], [ 121.961947372536571, 13.398599489241784 ], [ 121.961768462032737, 13.39845036814741 ] ] ] } },
{ "type": "Feature", "properties": { "Id": 0, "CLN": "21077", "PSGC": "174001029", "Barangay": "Hinapulan", "Land_Class": null, "PIN": "030-01-027-12-031" }, "geometry": { "type": "Polygon", "coordinates": [ [ [ 121.961988469497115, 13.397628764894277 ], [ 121.961051400314716, 13.396771854020979 ], [ 121.960927178557228, 13.396892448357253 ], [ 121.960471851077017, 13.397348924775596 ], [ 121.960663477111083, 13.397704051998581 ], [ 121.961768462032751, 13.398450368147406 ], [ 121.961947372536571, 13.398599489241784 ], [ 121.962198335848896, 13.398914901770175 ], [ 121.962487771464467, 13.398589431881446 ], [ 121.962438497088456, 13.39845816822092 ], [ 121.961988469497115, 13.397628764894277 ] ] ] } },
{ "type": "Feature", "properties": { "Id": 0, "CLN": "21078", "PSGC": "174001029", "Barangay": "Hinapulan", "Land_Class": null, "PIN": "030-01-027-12-039" }, "geometry": { "type": "Polygon", "coordinates": [ [ [ 121.961988469497115, 13.397628764894277 ], [ 121.963699943033163, 13.397375080840192 ], [ 121.964200300082211, 13.397686625491097 ], [ 121.964352203299612, 13.397075224546857 ], [ 121.961732160991872, 13.395089824495265 ], [ 121.961051400314716, 13.396771854020978 ], [ 121.961988469497115, 13.397628764894277 ] ] ] } },
{ "type": "Feature", "properties": { "Id": 0, "CLN": "21079", "PSGC": "174001029", "Barangay": "Hinapulan", "Land_Class": null, "PIN": "030-01-027-12-029" }, "geometry": { "type": "Polygon", "coordinates": [ [ [ 121.964200300082211, 13.397686625491097 ], [ 121.963699943033177, 13.397375080840193 ], [ 121.961988469497115, 13.397628764894277 ], [ 121.962438497088456, 13.39845816822092 ], [ 121.962487771464467, 13.398589431881446 ], [ 121.962924979637009, 13.398783762420917 ], [ 121.9637515540647, 13.398594036064248 ], [ 121.964664425803107, 13.39843534618857 ], [ 121.96455091323844, 13.397876264430995 ], [ 121.964200300082211, 13.397686625491097 ] ] ] } },
{ "type": "Feature", "properties": { "Id": 0, "CLN": "21080", "PSGC": "174001029", "Barangay": "Hinapulan", "Land_Class": null, "PIN": "030-01-027-12-028" }, "geometry": { "type": "Polygon", "coordinates": [ [ [ 121.964468124417763, 13.39705391435994 ], [ 121.964331134017456, 13.397626609343954 ], [ 121.964612094797488, 13.39781614783724 ], [ 121.964849922553, 13.398449562846164 ], [ 121.966531864099068, 13.39667452016397 ], [ 121.964468124417763, 13.39705391435994 ] ] ] } },
{ "type": "Feature", "properties": { "Id": 0, "CLN": "21081", "PSGC": "174001029", "Barangay": "Hinapulan", "Land_Class": null, "PIN": "030-01-027-12-026" }, "geometry": { "type": "Polygon", "coordinates": [ [ [ 121.968057143615937, 13.397325803156212 ], [ 121.967758599535614, 13.397198328033562 ], [ 121.967334126202644, 13.397692732066526 ], [ 121.967584170778466, 13.398283264540717 ], [ 121.968082497191659, 13.397863962988771 ], [ 121.968964805007161, 13.397543221783854 ], [ 121.968057143615937, 13.397325803156212 ] ] ] } },
{ "type": "Feature", "properties": { "Id": 0, "CLN": "20860", "PSGC": "174001029", "Barangay": "Hinapulan", "Land_Class": null, "PIN": "030-01-027-02-003" }, "geometry": { "type": "Polygon", "coordinates": [ [ [ 121.952495861299255, 13.426148950007027 ], [ 121.953812949397076, 13.425949021543023 ], [ 121.953569905393039, 13.424808980882425 ], [ 121.952670364121573, 13.424765163533916 ], [ 121.952495861299255, 13.426148950007027 ] ] ] } },
{ "type": "Feature", "properties": { "Id": 0, "CLN": "20861", "PSGC": "174001029", "Barangay": "Hinapulan", "Land_Class": null, "PIN": "030-01-027-02-004" }, "geometry": { "type": "Polygon", "coordinates": [ [ [ 121.953812949397076, 13.42594902154304 ], [ 121.954499789357442, 13.426611894341411 ], [ 121.954571341851718, 13.426951724459304 ], [ 121.954671283628045, 13.427059360064131 ], [ 121.954798724971369, 13.427140304426171 ], [ 121.954880140584265, 13.427310408733291 ], [ 121.955181049531234, 13.427383137160145 ], [ 121.957304438983869, 13.428178219846515 ], [ 121.956576167352594, 13.424912931700028 ], [ 121.956242952993037, 13.424564048558867 ], [ 121.95565696281534, 13.424981570614246 ], [ 121.954928870194124, 13.424487122910252 ], [ 121.953569905393039, 13.424808980882425 ], [ 121.953812949397076, 13.42594902154304 ] ] ] } },
{ "type": "Feature", "properties": { "Id": 0, "CLN": "20869", "PSGC": "174001029", "Barangay": "Hinapulan", "Land_Class": null, "PIN": "030-01-027-02-007" }, "geometry": { "type": "Polygon", "coordinates": [ [ [ 121.954928870194124, 13.424487122910262 ], [ 121.95565696281534, 13.424981570614246 ], [ 121.956242952993051, 13.424564048558866 ], [ 121.956576167352594, 13.424912931700021 ], [ 121.957094706888, 13.425325583105687 ], [ 121.957783919532005, 13.42494569891292 ], [ 121.95812884631502, 13.425033383833133 ], [ 121.959022280766746, 13.424953453816565 ], [ 121.959153851533088, 13.424772657743064 ], [ 121.95947297604755, 13.424854391248044 ], [ 121.959737757640127, 13.424837613973386 ], [ 121.959865276720819, 13.424900685939862 ], [ 121.959959016633121, 13.424329226225034 ], [ 121.959914647700458, 13.424034184778062 ], [ 121.960244899368959, 13.423651337805417 ], [ 121.960311100810301, 13.423115504638741 ], [ 121.960082793370276, 13.423141368222517 ], [ 121.959798846796588, 13.422932638696556 ], [ 121.959444086618149, 13.423085121961126 ], [ 121.959333938573423, 13.423227628891032 ], [ 121.9589599346276, 13.42317247402088 ], [ 121.958758701997695, 13.423269929000865 ], [ 121.958274087074088, 13.4234644989691 ], [ 121.957836112224797, 13.423426948248222 ], [ 121.957498310716105, 13.423443421651514 ], [ 121.956565704355995, 13.423805901878797 ], [ 121.956145135259234, 13.423964992285427 ], [ 121.956074438856547, 13.424017912240746 ], [ 121.955824622786523, 13.424204912275464 ], [ 121.95548616337561, 13.424373276714048 ], [ 121.954928870194124, 13.424487122910262 ] ] ] } },
{ "type": "Feature", "properties": { "Id": 0, "CLN": "20876", "PSGC": "174001029", "Barangay": "Hinapulan", "Land_Class": null, "PIN": "030-01-027-02-009" }, "geometry": { "type": "Polygon", "coordinates": [ [ [ 121.954928870194124, 13.424487122910238 ], [ 121.95548616337561, 13.424373276714048 ], [ 121.95510627812682, 13.423567544127247 ], [ 121.954531427462811, 13.423520485188424 ], [ 121.954928870194124, 13.424487122910238 ] ] ] } },
{ "type": "Feature", "properties": { "Id": 0, "CLN": "20875", "PSGC": "174001029", "Barangay": "Hinapulan", "Land_Class": null, "PIN": "030-01-027-02-008" }, "geometry": { "type": "Polygon", "coordinates": [ [ [ 121.95548616337561, 13.424373276714048 ], [ 121.955824622786523, 13.424204912275467 ], [ 121.956074438856518, 13.424017912240755 ], [ 121.955635529310314, 13.423605477760921 ], [ 121.95510627812682, 13.423567544127247 ], [ 121.95548616337561, 13.424373276714048 ] ] ] } },
{ "type": "Feature", "properties": { "Id": 0, "CLN": "20857", "PSGC": "174001029", "Barangay": "Hinapulan", "Land_Class": null, "PIN": "030-01-027-02-010" }, "geometry": { "type": "Polygon", "coordinates": [ [ [ 121.951738683475043, 13.424801371737974 ], [ 121.952670364121573, 13.424765163533916 ], [ 121.953569905393039, 13.424808980882425 ], [ 121.954928870194124, 13.424487122910252 ], [ 121.954531427462811, 13.423520485188424 ], [ 121.95361135108115, 13.423096718498769 ], [ 121.952946581040393, 13.422736554790164 ], [ 121.952943715003656, 13.423397739187715 ], [ 121.952038912745778, 13.42366203178384 ], [ 121.951730626835385, 13.423187190609426 ], [ 121.951410150285838, 13.423418169834351 ], [ 121.951130609118522, 13.423574166233204 ], [ 121.95091623037257, 13.42486474338477 ], [ 121.951431404583971, 13.424830000975355 ], [ 121.951738683475043, 13.424801371737974 ] ] ] } },
{ "type": "Feature", "properties": { "Id": 0, "CLN": "20881", "PSGC": "174001029", "Barangay": "Hinapulan", "Land_Class": null, "PIN": "030-01-027-02-018" }, "geometry": { "type": "Polygon", "coordinates": [ [ [ 121.951730626835342, 13.42318719060944 ], [ 121.952038912745778, 13.423662031783817 ], [ 121.952943715003656, 13.423397739187699 ], [ 121.952946581040393, 13.422736554790147 ], [ 121.952792960433896, 13.422378513279153 ], [ 121.952227861135185, 13.422188528471974 ], [ 121.95197928329425, 13.422678924788956 ], [ 121.951730626835342, 13.42318719060944 ] ] ] } },
{ "type": "Feature", "properties": { "Id": 0, "CLN": "20877", "PSGC": "174001029", "Barangay": "Hinapulan", "Land_Class": null, "PIN": "030-01-027-02-020" }, "geometry": { "type": "Polygon", "coordinates": [ [ [ 121.952946581040393, 13.422736554790147 ], [ 121.95361135108115, 13.423096718498769 ], [ 121.954305865727619, 13.422911963569376 ], [ 121.953887812177811, 13.422490279953459 ], [ 121.953586716199908, 13.422462225062786 ], [ 121.952946581040393, 13.422736554790147 ] ] ] } },
{ "type": "Feature", "properties": { "Id": 0, "CLN": "20874", "PSGC": "174001029", "Barangay": "Hinapulan", "Land_Class": null, "PIN": "030-01-027-02-021" }, "geometry": { "type": "Polygon", "coordinates": [ [ [ 121.95361135108115, 13.423096718498769 ], [ 121.954531427462811, 13.423520485188424 ], [ 121.95510627812682, 13.423567544127247 ], [ 121.955635529310314, 13.423605477760921 ], [ 121.956074438856518, 13.424017912240755 ], [ 121.95614513525922, 13.423964992285391 ], [ 121.956565704355995, 13.423805901878776 ], [ 121.955720536983776, 13.422944633121553 ], [ 121.955226831708657, 13.423130224361033 ], [ 121.954606575726189, 13.423029366938213 ], [ 121.954305865727619, 13.422911963569376 ], [ 121.95361135108115, 13.423096718498769 ] ] ] } },
{ "type": "Feature", "properties": { "Id": 0, "CLN": "20882", "PSGC": "174001029", "Barangay": "Hinapulan", "Land_Class": null, "PIN": "030-01-027-02-019" }, "geometry": { "type": "Polygon", "coordinates": [ [ [ 121.952227861135185, 13.422188528471974 ], [ 121.952792960433896, 13.422378513279153 ], [ 121.952946581040393, 13.422736554790147 ], [ 121.953586716199908, 13.422462225062786 ], [ 121.953887812177811, 13.422490279953459 ], [ 121.95354386479795, 13.421818720901829 ], [ 121.952257646644156, 13.421634677044405 ], [ 121.952227861135185, 13.422188528471974 ] ] ] } },
{ "type": "Feature", "properties": { "Id": 0, "CLN": "20878", "PSGC": "174001029", "Barangay": "Hinapulan", "Land_Class": null, "PIN": "030-01-027-02-022" }, "geometry": { "type": "Polygon", "coordinates": [ [ [ 121.953887812177811, 13.422490279953459 ], [ 121.954305865727619, 13.422911963569376 ], [ 121.954606575726189, 13.423029366938213 ], [ 121.955226831708657, 13.423130224361033 ], [ 121.953944551251624, 13.42203482589408 ], [ 121.953863215200869, 13.421846851538204 ], [ 121.95354386479795, 13.421818720901829 ], [ 121.953887812177811, 13.422490279953459 ] ] ] } },
{ "type": "Feature", "properties": { "Id": 0, "CLN": "20879", "PSGC": "174001029", "Barangay": "Hinapulan", "Land_Class": null, "PIN": "030-01-027-02-023" }, "geometry": { "type": "Polygon", "coordinates": [ [ [ 121.955226831708657, 13.423130224361033 ], [ 121.955720536983776, 13.422944633121553 ], [ 121.954520016886164, 13.421938927036713 ], [ 121.953863215200869, 13.421846851538204 ], [ 121.953944551251624, 13.42203482589408 ], [ 121.955226831708657, 13.423130224361033 ] ] ] } },
{ "type": "Feature", "properties": { "Id": 0, "CLN": "20880", "PSGC": "174001029", "Barangay": "Hinapulan", "Land_Class": null, "PIN": "030-01-027-02-024" }, "geometry": { "type": "Polygon", "coordinates": [ [ [ 121.95354386479795, 13.421818720901829 ], [ 121.953863215200869, 13.421846851538204 ], [ 121.954520016886164, 13.421938927036713 ], [ 121.955720536983776, 13.422944633121553 ], [ 121.954950136004967, 13.421681592732865 ], [ 121.953435572095415, 13.421532348576974 ], [ 121.95354386479795, 13.421818720901829 ] ] ] } },
{ "type": "Feature", "properties": { "Id": 0, "CLN": "20883", "PSGC": "174001029", "Barangay": "Hinapulan", "Land_Class": null, "PIN": "030-01-027-02-025" }, "geometry": { "type": "Polygon", "coordinates": [ [ [ 121.95354386479795, 13.421818720901829 ], [ 121.953435572095415, 13.421532348576974 ], [ 121.953163486309421, 13.421129140039509 ], [ 121.952362157366395, 13.420687992352226 ], [ 121.95182204158769, 13.42105208591512 ], [ 121.952122476620175, 13.421232036468542 ], [ 121.952257646644156, 13.421634677044405 ], [ 121.95354386479795, 13.421818720901829 ] ] ] } },
{ "type": "Feature", "properties": { "Id": 0, "CLN": "20854", "PSGC": "174001029", "Barangay": "Hinapulan", "Land_Class": null, "PIN": "030-01-027-02-017" }, "geometry": { "type": "Polygon", "coordinates": [ [ [ 121.951420979741684, 13.422143397745213 ], [ 121.95064923295817, 13.421802102300759 ], [ 121.950690124228657, 13.423068827054085 ], [ 121.951417124684696, 13.423031483883747 ], [ 121.951750975954425, 13.42270478079111 ], [ 121.951779289405906, 13.422490456543006 ], [ 121.951689021213141, 13.422257769045631 ], [ 121.951420979741684, 13.422143397745213 ] ] ] } },
{ "type": "Feature", "properties": { "Id": 0, "CLN": "20873", "PSGC": "174001029", "Barangay": "Hinapulan", "Land_Class": null, "PIN": "030-01-027-02-031" }, "geometry": { "type": "Polygon", "coordinates": [ [ [ 121.956565704355967, 13.423805901878779 ], [ 121.957498310716105, 13.423443421651495 ], [ 121.957836112224797, 13.423426948248222 ], [ 121.958274087074088, 13.4234644989691 ], [ 121.958758701997681, 13.423269929000845 ], [ 121.956171327700361, 13.420015789140942 ], [ 121.955907207851197, 13.419880669148808 ], [ 121.955633922150966, 13.419754446028728 ], [ 121.955344004171977, 13.419252879784617 ], [ 121.955179747424282, 13.419243264127035 ], [ 121.955098333878425, 13.419073159994134 ], [ 121.954615387453288, 13.418883521317399 ], [ 121.954385730557689, 13.419222102591775 ], [ 121.954195444887205, 13.418899650171763 ], [ 121.953902707141935, 13.419050332431 ], [ 121.953381432871737, 13.419280481631247 ], [ 121.952706771248671, 13.419098978625374 ], [ 121.952460096123517, 13.419151564487269 ], [ 121.9518731449337, 13.41979245149596 ], [ 121.95182204158769, 13.421052085915122 ], [ 121.952362157366395, 13.420687992352223 ], [ 121.953163486309421, 13.421129140039518 ], [ 121.953435572095415, 13.421532348576973 ], [ 121.954950136004967, 13.42168159273287 ], [ 121.955720536983776, 13.422944633121553 ], [ 121.956565704355967, 13.423805901878779 ] ] ] } },
{ "type": "Feature", "properties": { "Id": 0, "CLN": "21109", "PSGC": "174001029", "Barangay": "Hinapulan", "Land_Class": null, "PIN": "030-01-027-02-037" }, "geometry": { "type": "Polygon", "coordinates": [ [ [ 121.958758701997681, 13.423269929000845 ], [ 121.9589599346276, 13.42317247402088 ], [ 121.959333938573423, 13.423227628891032 ], [ 121.95944408661812, 13.423085121961105 ], [ 121.960001706864745, 13.42042057029971 ], [ 121.959649030316086, 13.420359547963471 ], [ 121.958970430599237, 13.419677679208966 ], [ 121.959008018667717, 13.419427651511393 ], [ 121.958644662832185, 13.419021093168647 ], [ 121.956092611826264, 13.418164684990941 ], [ 121.955934041816079, 13.418247422740938 ], [ 121.955344004171977, 13.419252879784617 ], [ 121.955633922150966, 13.419754446028728 ], [ 121.955907207851197, 13.419880669148808 ], [ 121.956171327700361, 13.420015789140942 ], [ 121.958758701997681, 13.423269929000845 ] ] ] } },
{ "type": "Feature", "properties": { "Id": 0, "CLN": "20872", "PSGC": "174001029", "Barangay": "Hinapulan", "Land_Class": null, "PIN": "030-01-027-02-036" }, "geometry": { "type": "Polygon", "coordinates": [ [ [ 121.960001706864745, 13.42042057029971 ], [ 121.960391304060025, 13.420386436595059 ], [ 121.960758200773427, 13.419970977479748 ], [ 121.960542726859956, 13.419136145956136 ], [ 121.960043088559942, 13.419288960964238 ], [ 121.95971490758923, 13.419192299434039 ], [ 121.959397870811529, 13.419333952931046 ], [ 121.959155547543006, 13.41908276986619 ], [ 121.958644662832185, 13.419021093168642 ], [ 121.959008018667717, 13.419427651511402 ], [ 121.958970430599237, 13.419677679208961 ], [ 121.959649030316086, 13.420359547963466 ], [ 121.960001706864745, 13.42042057029971 ] ] ] } },
{ "type": "Feature", "properties": { "Id": 0, "CLN": "21111", "PSGC": "174001029", "Barangay": "Hinapulan", "Land_Class": null, "PIN": "030-01-027-02-033" }, "geometry": { "type": "Polygon", "coordinates": [ [ [ 121.960391304060025, 13.420386436595093 ], [ 121.961520102803519, 13.421093983620207 ], [ 121.961562740811686, 13.421062915986511 ], [ 121.961715490733951, 13.420939913124732 ], [ 121.961498118158033, 13.420545873076865 ], [ 121.960758200773427, 13.419970977479748 ], [ 121.960391304060025, 13.420386436595093 ] ] ] } },
{ "type": "Feature", "properties": { "Id": 0, "CLN": "20871", "PSGC": "174001029", "Barangay": "Hinapulan", "Land_Class": null, "PIN": "030-01-027-02-035" }, "geometry": { "type": "Polygon", "coordinates": [ [ [ 121.961715490733951, 13.420939913124732 ], [ 121.961970705344584, 13.421024358369733 ], [ 121.961973111084959, 13.420464434729999 ], [ 121.96185263849685, 13.42017801520206 ], [ 121.961682820267654, 13.420046267661146 ], [ 121.961525786765947, 13.41977161092548 ], [ 121.960542726859956, 13.419136145956136 ], [ 121.960758200773427, 13.419970977479748 ], [ 121.961498118158005, 13.420545873076845 ], [ 121.961715490733951, 13.420939913124732 ] ] ] } },
{ "type": "Feature", "properties": { "Id": 0, "CLN": "20870", "PSGC": "174001029", "Barangay": "Hinapulan", "Land_Class": null, "PIN": "030-01-027-02-034" }, "geometry": { "type": "Polygon", "coordinates": [ [ [ 121.961562740811686, 13.421062915986511 ], [ 121.961566069333117, 13.421725587269369 ], [ 121.961479905015864, 13.421951588407993 ], [ 121.961588156459158, 13.422249871243707 ], [ 121.96212083026289, 13.42290730610924 ], [ 121.96231657763758, 13.422669842369791 ], [ 121.96245234340364, 13.422229602432472 ], [ 121.962296791808058, 13.421609461249295 ], [ 121.962212828835334, 13.421323192123012 ], [ 121.962103911577515, 13.421179782006559 ], [ 121.961970705344584, 13.421024358369747 ], [ 121.961715490733951, 13.420939913124732 ], [ 121.961562740811686, 13.421062915986511 ] ] ] } },
{ "type": "Feature", "properties": { "Id": 0, "CLN": "20884", "PSGC": "174001029", "Barangay": "Hinapulan", "Land_Class": null, "PIN": "030-01-027-02-039" }, "geometry": { "type": "Polygon", "coordinates": [ [ [ 121.953902707141964, 13.419050332430995 ], [ 121.953634844965734, 13.418023450633603 ], [ 121.953219827776095, 13.418307651075315 ], [ 121.95265722069405, 13.418948641291506 ], [ 121.952460096123488, 13.419151564487267 ], [ 121.952706771248671, 13.41909897862538 ], [ 121.953381432871737, 13.419280481631247 ], [ 121.953902707141964, 13.419050332430995 ] ] ] } },
{ "type": "Feature", "properties": { "Id": 0, "CLN": "20885", "PSGC": "174001029", "Barangay": "Hinapulan", "Land_Class": null, "PIN": "030-01-027-02-038" }, "geometry": { "type": "Polygon", "coordinates": [ [ [ 121.953902707141964, 13.419050332430995 ], [ 121.954195444887205, 13.41889965017176 ], [ 121.954385730557689, 13.419222102591764 ], [ 121.954615387453316, 13.418883521317404 ], [ 121.955098333878425, 13.419073159994143 ], [ 121.955179747424282, 13.41924326412704 ], [ 121.955344004171977, 13.419252879784615 ], [ 121.955934041816079, 13.418247422740933 ], [ 121.955604885970374, 13.418377107771466 ], [ 121.955374892281839, 13.418090232076249 ], [ 121.954875975065107, 13.418076251353074 ], [ 121.9541389692846, 13.416834196335433 ], [ 121.953634844965734, 13.418023450633603 ], [ 121.953902707141964, 13.419050332430995 ] ] ] } },
{ "type": "Feature", "properties": { "Id": 0, "CLN": "20886", "PSGC": "174001029", "Barangay": "Hinapulan", "Land_Class": null, "PIN": "030-01-027-02-045" }, "geometry": { "type": "Polygon", "coordinates": [ [ [ 121.953219827776095, 13.418307651075315 ], [ 121.953634844965734, 13.418023450633619 ], [ 121.9541389692846, 13.416834196335451 ], [ 121.952133822006701, 13.416196723280542 ], [ 121.951863405108995, 13.416777095379182 ], [ 121.952288111752338, 13.417064782935476 ], [ 121.953219827776095, 13.418307651075315 ] ] ] } },
{ "type": "Feature", "properties": { "Id": 0, "CLN": "20887", "PSGC": "174001029", "Barangay": "Hinapulan", "Land_Class": null, "PIN": "030-01-027-02-040" }, "geometry": { "type": "Polygon", "coordinates": [ [ [ 121.9541389692846, 13.416834196335433 ], [ 121.954875975065107, 13.418076251353074 ], [ 121.955374892281839, 13.418090232076249 ], [ 121.955604885970374, 13.418377107771466 ], [ 121.955934041816079, 13.418247422740933 ], [ 121.956092611826264, 13.41816468499094 ], [ 121.955974978159091, 13.417223034492535 ], [ 121.955879420233245, 13.416805667692552 ], [ 121.955880706984829, 13.416507836452411 ], [ 121.95575988313621, 13.416304807343199 ], [ 121.954701928018338, 13.416109809339563 ], [ 121.9541389692846, 13.416834196335433 ] ] ] } },
{ "type": "Feature", "properties": { "Id": 0, "CLN": "20891", "PSGC": "174001029", "Barangay": "Hinapulan", "Land_Class": null, "PIN": "030-01-027-02-044" }, "geometry": { "type": "Polygon", "coordinates": [ [ [ 121.954890816157985, 13.415241337170796 ], [ 121.953996293072635, 13.414786843783874 ], [ 121.953327873208366, 13.415234856086387 ], [ 121.952133822006701, 13.416196723280542 ], [ 121.9541389692846, 13.416834196335451 ], [ 121.954701928018366, 13.416109809339599 ], [ 121.955143938178949, 13.415387303989659 ], [ 121.954890816157985, 13.415241337170796 ] ] ] } },
{ "type": "Feature", "properties": { "Id": 0, "CLN": "20890", "PSGC": "174001029", "Barangay": "Hinapulan", "Land_Class": null, "PIN": "030-01-027-02-043" }, "geometry": { "type": "Polygon", "coordinates": [ [ [ 121.955937093499571, 13.41524567037693 ], [ 121.956124417324844, 13.41489788097515 ], [ 121.955364249682631, 13.415243298455286 ], [ 121.955232370828355, 13.415242752212434 ], [ 121.955143938178949, 13.415387303989659 ], [ 121.954701928018366, 13.416109809339599 ], [ 121.95575988313621, 13.416304807343217 ], [ 121.955848314846378, 13.415554625292739 ], [ 121.955937093499571, 13.41524567037693 ] ] ] } },
{ "type": "Feature", "properties": { "Id": 0, "CLN": "20852", "PSGC": "174001029", "Barangay": "Hinapulan", "Land_Class": null, "PIN": "030-01-027-02-030" }, "geometry": { "type": "Polygon", "coordinates": [ [ [ 121.951704473063174, 13.416943223072813 ], [ 121.95141239551954, 13.416942008812084 ], [ 121.95122762836894, 13.41700741086184 ], [ 121.950396307870733, 13.418517762952062 ], [ 121.949525991046926, 13.419509889508468 ], [ 121.950369259255993, 13.419997820581925 ], [ 121.951159445639533, 13.420048205156625 ], [ 121.951415497326948, 13.419645587259508 ], [ 121.952160988664829, 13.418315166928073 ], [ 121.952044506985871, 13.417111424567493 ], [ 121.951862216719718, 13.417051099761599 ], [ 121.951704473063174, 13.416943223072813 ] ] ] } },
{ "type": "Feature", "properties": { "Id": 0, "CLN": "20889", "PSGC": "174001029", "Barangay": "Hinapulan", "Land_Class": null, "PIN": "030-01-027-02-042" }, "geometry": { "type": "Polygon", "coordinates": [ [ [ 121.956760125324493, 13.414633164489661 ], [ 121.956124417324844, 13.41489788097515 ], [ 121.955937093499571, 13.41524567037693 ], [ 121.955848314846378, 13.415554625292739 ], [ 121.956541173129182, 13.415748108167572 ], [ 121.956760125324493, 13.414633164489661 ] ] ] } },
{ "type": "Feature", "properties": { "Id": 0, "CLN": "20888", "PSGC": "174001029", "Barangay": "Hinapulan", "Land_Class": null, "PIN": "030-01-027-02-041" }, "geometry": { "type": "Polygon", "coordinates": [ [ [ 121.956541173129182, 13.41574810816755 ], [ 121.955848314846378, 13.415554625292703 ], [ 121.95575988313621, 13.416304807343199 ], [ 121.955880706984829, 13.416507836452411 ], [ 121.955879420233245, 13.416805667692552 ], [ 121.955974978159091, 13.417223034492535 ], [ 121.956462032577079, 13.417165483051319 ], [ 121.956541173129182, 13.41574810816755 ] ] ] } },
{ "type": "Feature", "properties": { "Id": 0, "CLN": "20866", "PSGC": "174001029", "Barangay": "Hinapulan", "Land_Class": null, "PIN": "030-01-027-03-002" }, "geometry": { "type": "Polygon", "coordinates": [ [ [ 121.962677819327325, 13.43040382655747 ], [ 121.963875808889938, 13.429221875444247 ], [ 121.962081359945216, 13.430569978713281 ], [ 121.961640392082444, 13.430922549919213 ], [ 121.960626210893096, 13.431858127367894 ], [ 121.960567421236675, 13.431939603008757 ], [ 121.959288792382935, 13.433114443704048 ], [ 121.958238356948158, 13.434021974006662 ], [ 121.959674184289227, 13.434662955671854 ], [ 121.95943817267225, 13.433792241716954 ], [ 121.959799479521379, 13.433407183208876 ], [ 121.961193610889623, 13.431925842156472 ], [ 121.961336199350029, 13.431771165464179 ], [ 121.962677819327325, 13.43040382655747 ] ] ] } },
{ "type": "Feature", "properties": { "Id": 0, "CLN": "20867", "PSGC": "174001029", "Barangay": "Hinapulan", "Land_Class": null, "PIN": "030-01-027-03-004" }, "geometry": { "type": "Polygon", "coordinates": [ [ [ 121.962081359945216, 13.430569978713281 ], [ 121.960578299973875, 13.431241526272009 ], [ 121.960567421236703, 13.43193960300874 ], [ 121.960626210893096, 13.431858127367878 ], [ 121.961640392082444, 13.430922549919213 ], [ 121.962081359945216, 13.430569978713281 ] ] ] } },
{ "type": "Feature", "properties": { "Id": 0, "CLN": "20864", "PSGC": "174001029", "Barangay": "Hinapulan", "Land_Class": null, "PIN": "030-01-027-03-003" }, "geometry": { "type": "Polygon", "coordinates": [ [ [ 121.960578299973903, 13.431241526272006 ], [ 121.958764713892393, 13.430330379613087 ], [ 121.958355134029318, 13.43193046572341 ], [ 121.959288792382935, 13.433114443704048 ], [ 121.960567421236675, 13.431939603008757 ], [ 121.960578299973903, 13.431241526272006 ] ] ] } },
{ "type": "Feature", "properties": { "Id": 0, "CLN": "20868", "PSGC": "174001029", "Barangay": "Hinapulan", "Land_Class": null, "PIN": "030-01-027-03-005" }, "geometry": { "type": "Polygon", "coordinates": [ [ [ 121.964437664655023, 13.423587716895701 ], [ 121.964382462510557, 13.422783742119961 ], [ 121.965384926748229, 13.421515256915727 ], [ 121.965390644426591, 13.422462555156272 ], [ 121.964437664655023, 13.423587716895701 ], [ 121.96468153944798, 13.423703539793019 ], [ 121.96470018654631, 13.423914121815031 ], [ 121.965452550990008, 13.423984189800057 ], [ 121.965686119363383, 13.424224359088845 ], [ 121.965852453256247, 13.424186767833227 ], [ 121.965999442504057, 13.424101254950646 ], [ 121.966643877045769, 13.424266561019609 ], [ 121.966807059169128, 13.424965725624359 ], [ 121.966572547292785, 13.424945627358756 ], [ 121.966482977762354, 13.425318428981921 ], [ 121.966326254087136, 13.425394333745574 ], [ 121.966082130965731, 13.425335921855178 ], [ 121.965425746983996, 13.42567769191894 ], [ 121.965778111034126, 13.427195195455953 ], [ 121.966165258685265, 13.426802692710035 ], [ 121.966745490547765, 13.426042608855543 ], [ 121.968079756301918, 13.424353711450737 ], [ 121.968810708976605, 13.423440617531156 ], [ 121.971726357243341, 13.41964328636257 ], [ 121.974262743362019, 13.415296637267906 ], [ 121.97741518117158, 13.409992256377148 ], [ 121.977187765043894, 13.409642775710077 ], [ 121.976578550438418, 13.409366437786327 ], [ 121.975972711018258, 13.408293406355073 ], [ 121.974751759912024, 13.40833824279248 ], [ 121.972359240627014, 13.40877665740229 ], [ 121.97121521954503, 13.408672407654057 ], [ 121.9704779010019, 13.408619606465701 ], [ 121.969159359827145, 13.407693034068311 ], [ 121.968846851140796, 13.409409650808955 ], [ 121.968335127737561, 13.410129572105554 ], [ 121.968106981505045, 13.409954360148788 ], [ 121.967850964012683, 13.409821617765045 ], [ 121.967217648183976, 13.410001844805013 ], [ 121.967343968282776, 13.407224699174041 ], [ 121.966603082419979, 13.407203974285316 ], [ 121.96596619455967, 13.406812138977227 ], [ 121.965639936670357, 13.407034902077548 ], [ 121.965428160842791, 13.407252236694326 ], [ 121.965439502634993, 13.407417409560312 ], [ 121.96526868584057, 13.407761050104895 ], [ 121.96528920768823, 13.407970818512418 ], [ 121.965191700676286, 13.408232523998022 ], [ 121.9650389856413, 13.408881918830588 ], [ 121.964641431033655, 13.409184330013352 ], [ 121.963686529012918, 13.40958929409336 ], [ 121.962529716434616, 13.409626477066572 ], [ 121.962426798257113, 13.411954866293467 ], [ 121.962411102935363, 13.412309945055902 ], [ 121.962687170385635, 13.412866743044447 ], [ 121.962074241461409, 13.41344085287991 ], [ 121.962404938031312, 13.413746255152741 ], [ 121.961878224553587, 13.414194908537727 ], [ 121.961227091753543, 13.413688986471136 ], [ 121.960886525289737, 13.413694676632145 ], [ 121.960723689089136, 13.413697397125347 ], [ 121.96024853734437, 13.414607563825268 ], [ 121.958912402746151, 13.415300059945434 ], [ 121.958496191685015, 13.414388718443803 ], [ 121.957411233007988, 13.414339742205799 ], [ 121.956962290611827, 13.414319475081609 ], [ 121.956760125324493, 13.414633164489661 ], [ 121.956541173129182, 13.415748108167572 ], [ 121.956462032577079, 13.417165483051319 ], [ 121.955974978159091, 13.417223034492535 ], [ 121.956092611826321, 13.41816468499094 ], [ 121.958644662832185, 13.419021093168642 ], [ 121.959155547543006, 13.41908276986619 ], [ 121.959397870811529, 13.419333952931064 ], [ 121.95971490758923, 13.419192299434039 ], [ 121.960043088559942, 13.419288960964238 ], [ 121.960542726859956, 13.419136145956136 ], [ 121.961525786765975, 13.419771610925515 ], [ 121.961682820267683, 13.420046267661181 ], [ 121.96185263849685, 13.420178015202074 ], [ 121.961973111084959, 13.420464434730016 ], [ 121.961970705344584, 13.421024358369747 ], [ 121.962103911577515, 13.421179782006559 ], [ 121.962212828835334, 13.421323192123012 ], [ 121.962296791808058, 13.421609461249295 ], [ 121.96245234340364, 13.422229602432472 ], [ 121.96231657763758, 13.422669842369791 ], [ 121.96212083026289, 13.42290730610924 ], [ 121.961588156459158, 13.422249871243707 ], [ 121.961479905015864, 13.421951588407993 ], [ 121.961566069333117, 13.421725587269369 ], [ 121.961562740811686, 13.421062915986511 ], [ 121.960311100810301, 13.42311550463875 ], [ 121.960278000137507, 13.42338342122971 ], [ 121.961124956261614, 13.42336358088683 ], [ 121.961269395321295, 13.423871302353126 ], [ 121.961415357224979, 13.424024998505057 ], [ 121.961413793769395, 13.424388592010907 ], [ 121.961148847998047, 13.424626710670903 ], [ 121.961166956983718, 13.42496167995607 ], [ 121.960539647205238, 13.425076605841088 ], [ 121.960476907810076, 13.425459083749301 ], [ 121.960427416304, 13.425602405863517 ], [ 121.960463041951428, 13.425841763202479 ], [ 121.960462733052069, 13.425913525047449 ], [ 121.960486758090795, 13.42600930829771 ], [ 121.960584454244369, 13.426021671745582 ], [ 121.960706587322335, 13.426034135926098 ], [ 121.961007623275748, 13.427063981918115 ], [ 121.960872653531808, 13.427194991160407 ], [ 121.960945655835744, 13.427267055281279 ], [ 121.961067069142075, 13.427446963650318 ], [ 121.961042168935919, 13.427554505678616 ], [ 121.960956227473631, 13.427649835510692 ], [ 121.960833887674809, 13.427685212621226 ], [ 121.960491974534023, 13.427635960407393 ], [ 121.960467202776073, 13.427713601592822 ], [ 121.961966414138431, 13.427720678495559 ], [ 121.962814422005366, 13.427430240166402 ], [ 121.962717547144749, 13.427226512499333 ], [ 121.962742983011751, 13.42670962342949 ], [ 121.96270425372137, 13.426623348234555 ], [ 121.962589669034102, 13.425991360785178 ], [ 121.962658462314948, 13.425905528142303 ], [ 121.962531431470438, 13.425895436850082 ], [ 121.962600594654802, 13.425723489948725 ], [ 121.96249356558458, 13.425608228333759 ], [ 121.962640433479223, 13.425551422327484 ], [ 121.962592340641237, 13.425369424364488 ], [ 121.962700109400586, 13.4253124573783 ], [ 121.962777485467257, 13.425504144258325 ], [ 121.963080379476722, 13.425534095832008 ], [ 121.96318839467672, 13.425419719107094 ], [ 121.963559342353761, 13.42553606585942 ], [ 121.964000273457927, 13.425289099582002 ], [ 121.96395353411009, 13.424791349312704 ], [ 121.964716577931668, 13.424650958138095 ], [ 121.964737029661265, 13.42444053671308 ], [ 121.964464896589803, 13.424075818606308 ], [ 121.964437664655023, 13.423587716895701 ] ] ] } },
{ "type": "Feature", "properties": { "Id": 0, "CLN": "21083", "PSGC": "174001029", "Barangay": "Hinapulan", "Land_Class": null, "PIN": "030-01-027-12-004" }, "geometry": { "type": "Polygon", "coordinates": [ [ [ 121.968335127737561, 13.410129572105554 ], [ 121.968846851140796, 13.409409650808955 ], [ 121.969159359827145, 13.407693034068311 ], [ 121.96947288333817, 13.405923514396937 ], [ 121.96944498859564, 13.405755345634203 ], [ 121.96921681884676, 13.405586359007705 ], [ 121.969091711435695, 13.404731569184623 ], [ 121.969036817937095, 13.404185166677861 ], [ 121.968581318107326, 13.403651132142102 ], [ 121.968079320449064, 13.403957180960237 ], [ 121.96798277845636, 13.404042374734216 ], [ 121.967827958662284, 13.404324815735258 ], [ 121.968080180529824, 13.404592160784915 ], [ 121.968025287952969, 13.404668545779904 ], [ 121.967966485901371, 13.404750407885778 ], [ 121.968024364537698, 13.404884994125872 ], [ 121.968083860126541, 13.404941279596175 ], [ 121.968083865661356, 13.404942479459482 ], [ 121.967922454427367, 13.404944288361788 ], [ 121.967711466454475, 13.404955865312095 ], [ 121.96749271626723, 13.404999753746456 ], [ 121.96729620117307, 13.405193010252992 ], [ 121.967257219972822, 13.405394375092241 ], [ 121.967378749911148, 13.405501854397059 ], [ 121.967505468939947, 13.405584475328853 ], [ 121.967588920685628, 13.405681846948232 ], [ 121.967677104876088, 13.40586134041506 ], [ 121.967760397517196, 13.405996030661237 ], [ 121.967813225339427, 13.406123132426531 ], [ 121.967866201848182, 13.40621540342098 ], [ 121.967906492635535, 13.406302646618563 ], [ 121.967987562614141, 13.406362689062135 ], [ 121.967886228251501, 13.406485428440554 ], [ 121.967801260080577, 13.406544791857568 ], [ 121.967736651397189, 13.406597603972569 ], [ 121.967637831661179, 13.40672657340602 ], [ 121.967576342384987, 13.406842426420106 ], [ 121.967343968282776, 13.407224699174041 ], [ 121.967217648183976, 13.410001844805013 ], [ 121.967850964012683, 13.409821617765045 ], [ 121.968106981505045, 13.409954360148788 ], [ 121.968335127737561, 13.410129572105554 ] ] ] } },
{ "type": "Feature", "properties": { "Id": 0, "CLN": "21108", "PSGC": "174001029", "Barangay": "Hinapulan", "Land_Class": null, "PIN": "030-01-027-12-005" }, "geometry": { "type": "Polygon", "coordinates": [ [ [ 121.968114917090745, 13.403626172065367 ], [ 121.968682171224927, 13.403483489358734 ], [ 121.968088937431304, 13.401349805822106 ], [ 121.966383813771699, 13.403238326728122 ], [ 121.96564668469864, 13.405049843639981 ], [ 121.965765186234904, 13.40538116963986 ], [ 121.96577280219347, 13.406149604323172 ], [ 121.966305060678735, 13.406600020308925 ], [ 121.966739663101762, 13.406943312751558 ], [ 121.967217868822587, 13.406909564207417 ], [ 121.967426547439885, 13.406547560774055 ], [ 121.967634678782503, 13.406313622185369 ], [ 121.96710428669779, 13.405425653248415 ], [ 121.9671055627078, 13.405126834772711 ], [ 121.967335632616624, 13.404860969292644 ], [ 121.967542942557728, 13.404819128276145 ], [ 121.967674078874936, 13.404744958716527 ], [ 121.967664725936388, 13.404382063039055 ], [ 121.967906697629104, 13.403881455484523 ], [ 121.968114917090745, 13.403626172065367 ] ] ] } },
{ "type": "Feature", "properties": { "Id": 0, "CLN": "21100", "PSGC": "174001029", "Barangay": "Hinapulan", "Land_Class": null, "PIN": "030-01-027-14-002" }, "geometry": { "type": "Polygon", "coordinates": [ [ [ 121.975039315170775, 13.407998632552697 ], [ 121.976629523031477, 13.406608400078419 ], [ 121.976927185324769, 13.406612057724816 ], [ 121.976476785489581, 13.404867436860519 ], [ 121.976159343702875, 13.401754015843645 ], [ 121.976078517922247, 13.398589308864112 ], [ 121.977749553669966, 13.398573632993125 ], [ 121.979885660288772, 13.398607168687899 ], [ 121.979965859658037, 13.39760148402515 ], [ 121.97960426518199, 13.395372416248051 ], [ 121.979861245029809, 13.393081278515275 ], [ 121.979895395590688, 13.390845737492988 ], [ 121.983589550999838, 13.390822721765874 ], [ 121.984434624035131, 13.391463733352387 ], [ 121.984512810353834, 13.393788510920011 ], [ 121.983348123172675, 13.395309254278953 ], [ 121.983651908063379, 13.397570370560144 ], [ 121.983562854067202, 13.398545296782691 ], [ 121.983466637068418, 13.399766877787176 ], [ 121.983787519251564, 13.402083602171048 ], [ 121.983982397489171, 13.404125950655802 ], [ 121.984728480856276, 13.402743984561486 ], [ 121.984770581921822, 13.398547704525122 ], [ 121.986635162536032, 13.39859309085635 ], [ 121.993961033432555, 13.381891454831653 ], [ 121.996607496219923, 13.375908985930174 ], [ 122.001251899703817, 13.365409208562543 ], [ 121.980919479322324, 13.359568152010549 ], [ 121.977126023696741, 13.360301403982508 ], [ 121.972913562016032, 13.359323107187148 ], [ 121.969568385292177, 13.359746800528823 ], [ 121.968659527239794, 13.356343133159644 ], [ 121.968088626606814, 13.356410166836563 ], [ 121.967442250012397, 13.356503646475925 ], [ 121.963186708212888, 13.357510532860164 ], [ 121.963436836863622, 13.357557791451095 ], [ 121.96379027424554, 13.357692172251914 ], [ 121.965612295235871, 13.359227853995359 ], [ 121.966215047444422, 13.359518582232447 ], [ 121.966307083089191, 13.36115294287737 ], [ 121.966976383322276, 13.361627349495581 ], [ 121.967122709992367, 13.362136835963678 ], [ 121.967182940332037, 13.36241994095789 ], [ 121.967054488089985, 13.363940892171852 ], [ 121.967576034878192, 13.366144895251344 ], [ 121.96508951339338, 13.368721523824252 ], [ 121.96459295458358, 13.368880696578763 ], [ 121.963034062222448, 13.369481544698385 ], [ 121.958585344608821, 13.374496421804219 ], [ 121.956744307832835, 13.375922309213763 ], [ 121.956022208266788, 13.376181824300602 ], [ 121.954783997609098, 13.376401367600456 ], [ 121.952706829942343, 13.376253250122671 ], [ 121.95244140640925, 13.380123852649049 ], [ 121.952053271215178, 13.382840366413749 ], [ 121.952007873526739, 13.385797197208424 ], [ 121.952879630739289, 13.39026286886309 ], [ 121.953574238355657, 13.391075371970434 ], [ 121.953977695012796, 13.39205385838811 ], [ 121.954357384384949, 13.39356791902093 ], [ 121.957003191501613, 13.394534667096426 ], [ 121.957012748266493, 13.394059602721532 ], [ 121.957294176424583, 13.393483077500965 ], [ 121.957369683101959, 13.393489571046283 ], [ 121.958991891685955, 13.393629074861176 ], [ 121.959797563806475, 13.393390815485825 ], [ 121.960546120045038, 13.393961081145969 ], [ 121.961732160991872, 13.395089824495265 ], [ 121.964352203299612, 13.397075224546857 ], [ 121.964468124417763, 13.39705391435994 ], [ 121.966531864099068, 13.396674520163973 ], [ 121.967758599535614, 13.397198328033562 ], [ 121.968057143615937, 13.397325803156212 ], [ 121.968964805007161, 13.397543221783854 ], [ 121.972015188106852, 13.398532146390526 ], [ 121.971874662348171, 13.398624472405729 ], [ 121.971031309697864, 13.399592021785685 ], [ 121.969199314117091, 13.399808622612486 ], [ 121.968088937431304, 13.401349805822106 ], [ 121.968682171224927, 13.403483489358734 ], [ 121.969289786579864, 13.404213314189928 ], [ 121.969639784301449, 13.405633873256944 ], [ 121.969816852275613, 13.405858669236309 ], [ 121.969504245464137, 13.407600184124384 ], [ 121.970645187018249, 13.408426442289123 ], [ 121.972247195600062, 13.408482766222134 ], [ 121.975039315170775, 13.407998632552697 ] ], [ [ 121.972465048251422, 13.402157819451842 ], [ 121.972489478460346, 13.401928296779838 ], [ 121.97357960184894, 13.402059023525194 ], [ 121.973928679283716, 13.402017546475376 ], [ 121.97433887351275, 13.402773938320326 ], [ 121.974195708726143, 13.403347412101922 ], [ 121.973983930411833, 13.40350728692977 ], [ 121.974002857124475, 13.404575106952651 ], [ 121.973146202730334, 13.404697915496635 ], [ 121.97266722184807, 13.404259684474551 ], [ 121.971955495787725, 13.403395704058571 ], [ 121.972216819323691, 13.402616053144376 ], [ 121.972465048251422, 13.402157819451842 ] ] ] } },
{ "type": "Feature", "properties": { "Id": 0, "CLN": "21085", "PSGC": "174001029", "Barangay": "Hinapulan", "Land_Class": null, "PIN": "030-01-027-03-006" }, "geometry": { "type": "Polygon", "coordinates": [ [ [ 121.975039315170775, 13.407998632552697 ], [ 121.976183546840645, 13.40805307159116 ], [ 121.976789176016524, 13.409175895829128 ], [ 121.977959056885155, 13.409180637080768 ], [ 121.978419360749612, 13.408584971330132 ], [ 121.978142447671829, 13.407911629139535 ], [ 121.978322891223286, 13.407339727024077 ], [ 121.976927185324769, 13.406612057724816 ], [ 121.976629523031477, 13.406608400078419 ], [ 121.975039315170775, 13.407998632552697 ] ] ] } },
{ "type": "Feature", "properties": { "Id": 0, "CLN": "21086", "PSGC": "174001029", "Barangay": "Hinapulan", "Land_Class": null, "PIN": "030-01-027-13-001" }, "geometry": { "type": "Polygon", "coordinates": [ [ [ 121.978322891223257, 13.407339727024075 ], [ 121.979596697725654, 13.406822042012553 ], [ 121.979905136454292, 13.406051479186884 ], [ 121.980439835746537, 13.405904257240845 ], [ 121.980976107782951, 13.405383584000601 ], [ 121.981312488042931, 13.404015601296088 ], [ 121.977646645405329, 13.404872178066137 ], [ 121.976476785489538, 13.404867436860517 ], [ 121.976927185324769, 13.406612057724798 ], [ 121.978322891223257, 13.407339727024075 ] ] ] } },
{ "type": "Feature", "properties": { "Id": 0, "CLN": "21087", "PSGC": "174001029", "Barangay": "Hinapulan", "Land_Class": null, "PIN": "030-01-027-13-002" }, "geometry": { "type": "Polygon", "coordinates": [ [ [ 121.980976107782951, 13.405383584000601 ], [ 121.981510595425064, 13.405286152983264 ], [ 121.98206883814909, 13.405587170300036 ], [ 121.982859633592824, 13.405017724903196 ], [ 121.983196421296256, 13.403550152070906 ], [ 121.981312488042931, 13.404015601296088 ], [ 121.980976107782951, 13.405383584000601 ] ] ] } },
{ "type": "Feature", "properties": { "Id": 0, "CLN": "21090", "PSGC": "174001029", "Barangay": "Hinapulan", "Land_Class": null, "PIN": "030-01-027-13-003" }, "geometry": { "type": "Polygon", "coordinates": [ [ [ 121.983196421296256, 13.403550152070906 ], [ 121.983375070576486, 13.403401488918712 ], [ 121.983982397489171, 13.404125950655789 ], [ 121.983787519251564, 13.402083602171048 ], [ 121.98116797125617, 13.40209794103504 ], [ 121.981312488042931, 13.404015601296088 ], [ 121.983196421296256, 13.403550152070906 ] ] ] } },
{ "type": "Feature", "properties": { "Id": 0, "CLN": "21089", "PSGC": "174001029", "Barangay": "Hinapulan", "Land_Class": null, "PIN": "030-01-027-13-004" }, "geometry": { "type": "Polygon", "coordinates": [ [ [ 121.981312488042931, 13.404015601296088 ], [ 121.98116797125617, 13.40209794103504 ], [ 121.980074627776617, 13.40204373200689 ], [ 121.97760735592486, 13.40213334032344 ], [ 121.977646645405329, 13.404872178066137 ], [ 121.981312488042931, 13.404015601296088 ] ] ] } },
{ "type": "Feature", "properties": { "Id": 0, "CLN": "21092", "PSGC": "174001029", "Barangay": "Hinapulan", "Land_Class": null, "PIN": "030-01-027-13-007" }, "geometry": { "type": "Polygon", "coordinates": [ [ [ 121.980074627776617, 13.40204373200689 ], [ 121.98116797125617, 13.40209794103504 ], [ 121.983787519251564, 13.402083602171048 ], [ 121.983466637068418, 13.399766877787176 ], [ 121.979753466626647, 13.399801695469463 ], [ 121.980074627776617, 13.40204373200689 ] ] ] } },
{ "type": "Feature", "properties": { "Id": 0, "CLN": "21091", "PSGC": "174001029", "Barangay": "Hinapulan", "Land_Class": null, "PIN": "030-01-027-13-006" }, "geometry": { "type": "Polygon", "coordinates": [ [ [ 121.97760735592486, 13.40213334032344 ], [ 121.980074627776617, 13.40204373200689 ], [ 121.979753466626647, 13.399801695469463 ], [ 121.979885660288744, 13.398607168687885 ], [ 121.977749553669966, 13.398573632993109 ], [ 121.97760735592486, 13.40213334032344 ] ] ] } },
{ "type": "Feature", "properties": { "Id": 0, "CLN": "21088", "PSGC": "174001029", "Barangay": "Hinapulan", "Land_Class": null, "PIN": "030-01-027-13-005" }, "geometry": { "type": "Polygon", "coordinates": [ [ [ 121.976476785489581, 13.404867436860519 ], [ 121.977646645405329, 13.404872178066137 ], [ 121.97760735592486, 13.40213334032344 ], [ 121.977749553669966, 13.398573632993125 ], [ 121.976078517922247, 13.398589308864112 ], [ 121.976159343702875, 13.401754015843645 ], [ 121.976476785489581, 13.404867436860519 ] ] ] } },
{ "type": "Feature", "properties": { "Id": 0, "CLN": "21082", "PSGC": "174001029", "Barangay": "Hinapulan", "Land_Class": null, "PIN": "030-01-027-12-025" }, "geometry": { "type": "Polygon", "coordinates": [ [ [ 121.972015188106852, 13.398532146390526 ], [ 121.968964805007161, 13.397543221783854 ], [ 121.968082497191659, 13.397863962988771 ], [ 121.967584170778466, 13.398283264540717 ], [ 121.967584529202128, 13.398602048104156 ], [ 121.967636170645136, 13.398840681267222 ], [ 121.967836490401695, 13.398931323459923 ], [ 121.96803500832182, 13.398973562722613 ], [ 121.968031330334284, 13.399033831307943 ], [ 121.969199314117091, 13.399808622612486 ], [ 121.971031309697864, 13.399592021785685 ], [ 121.971874662348171, 13.398624472405729 ], [ 121.972015188106852, 13.398532146390526 ] ] ] } },
{ "type": "Feature", "properties": { "Id": 0, "CLN": "21056", "PSGC": "174001029", "Barangay": "Hinapulan", "Land_Class": null, "PIN": "030-01-027-12-024" }, "geometry": { "type": "Polygon", "coordinates": [ [ [ 121.967804624094029, 13.398999157547699 ], [ 121.967657739624912, 13.398932522324044 ], [ 121.967257960716935, 13.399213035969771 ], [ 121.968088937431304, 13.401349805822106 ], [ 121.969199314117091, 13.399808622612486 ], [ 121.968031330334284, 13.399033831307943 ], [ 121.967804624094029, 13.398999157547699 ] ] ] } },
{ "type": "Feature", "properties": { "Id": 0, "CLN": "20747", "PSGC": "174001029", "Barangay": "Hinapulan", "Land_Class": null, "PIN": "030-01-027-08-002" }, "geometry": { "type": "Polygon", "coordinates": [ [ [ 121.933442335670009, 13.415004880381009 ], [ 121.933413577413802, 13.414227513590342 ], [ 121.929973851155182, 13.413225634745594 ], [ 121.929561722164294, 13.414221699925966 ], [ 121.933442335670009, 13.415004880381009 ] ] ] } },
{ "type": "Feature", "properties": { "Id": 0, "CLN": "20752", "PSGC": "174001029", "Barangay": "Hinapulan", "Land_Class": null, "PIN": "030-01-027-08-004" }, "geometry": { "type": "Polygon", "coordinates": [ [ [ 121.938311003824253, 13.417486962791676 ], [ 121.938000698666471, 13.416682151821268 ], [ 121.938171607656386, 13.416245670505283 ], [ 121.937884848141707, 13.41557684536968 ], [ 121.937714046873282, 13.415253775435552 ], [ 121.937091176126927, 13.414346835522498 ], [ 121.937394760860712, 13.414084355828045 ], [ 121.93837132432968, 13.413961971269471 ], [ 121.939433174479404, 13.412190282785335 ], [ 121.939017725051869, 13.41218853587899 ], [ 121.938993853972576, 13.412209092196008 ], [ 121.938669379292222, 13.412488509392597 ], [ 121.934750393027912, 13.413376306473806 ], [ 121.933684543046624, 13.413608963657632 ], [ 121.933413577413802, 13.41422751359036 ], [ 121.933442335670009, 13.415004880381009 ], [ 121.934741761052805, 13.415118362664559 ], [ 121.935460846272107, 13.415246549469053 ], [ 121.935659246326594, 13.415247186542016 ], [ 121.93669419090395, 13.417332447837564 ], [ 121.937190177135378, 13.417086397621368 ], [ 121.937617878207803, 13.417271351455224 ], [ 121.937853462806288, 13.4172250788332 ], [ 121.938311003824253, 13.417486962791676 ] ] ] } },
{ "type": "Feature", "properties": { "Id": 0, "CLN": "20746", "PSGC": "174001029", "Barangay": "Hinapulan", "Land_Class": null, "PIN": "030-01-027-08-013" }, "geometry": { "type": "Polygon", "coordinates": [ [ [ 121.933413577413802, 13.414227513590342 ], [ 121.933684543046624, 13.413608963657632 ], [ 121.933142125598792, 13.412524828836721 ], [ 121.93240862863837, 13.410977738822648 ], [ 121.931718010299903, 13.409441332012658 ], [ 121.929038938876985, 13.411131510209167 ], [ 121.929648081207858, 13.411680267066599 ], [ 121.928912914791638, 13.412937543070422 ], [ 121.929973851155182, 13.413225634745594 ], [ 121.933413577413802, 13.414227513590342 ] ] ] } },
{ "type": "Feature", "properties": { "Id": 0, "CLN": "20742", "PSGC": "174001029", "Barangay": "Hinapulan", "Land_Class": null, "PIN": "030-01-027-08-018" }, "geometry": { "type": "Polygon", "coordinates": [ [ [ 121.929038938876985, 13.411131510209167 ], [ 121.931718010299903, 13.409441332012658 ], [ 121.93240862863837, 13.410977738822648 ], [ 121.932468886931176, 13.407049754052196 ], [ 121.931436494038991, 13.407591557042799 ], [ 121.931033579162147, 13.4089342744305 ], [ 121.929388270362992, 13.409778066613779 ], [ 121.929038938876985, 13.411131510209167 ] ] ] } },
{ "type": "Feature", "properties": { "Id": 0, "CLN": "20740", "PSGC": "174001029", "Barangay": "Hinapulan", "Land_Class": null, "PIN": "030-01-027-08-017" }, "geometry": { "type": "Polygon", "coordinates": [ [ [ 121.931033579162147, 13.4089342744305 ], [ 121.931436494038991, 13.407591557042799 ], [ 121.930127094372907, 13.407691042213834 ], [ 121.929942610437649, 13.408162908862391 ], [ 121.931033579162147, 13.4089342744305 ] ] ] } },
{ "type": "Feature", "properties": { "Id": 0, "CLN": "20741", "PSGC": "174001029", "Barangay": "Hinapulan", "Land_Class": null, "PIN": "030-01-027-08-016" }, "geometry": { "type": "Polygon", "coordinates": [ [ [ 121.929388270362992, 13.409778066613779 ], [ 121.931033579162147, 13.4089342744305 ], [ 121.929942610437649, 13.408162908862391 ], [ 121.930127094372907, 13.407691042213834 ], [ 121.929084383742335, 13.408138261494084 ], [ 121.929388270362992, 13.409778066613779 ] ] ] } },
{ "type": "Feature", "properties": { "Id": 0, "CLN": "20739", "PSGC": "174001029", "Barangay": "Hinapulan", "Land_Class": null, "PIN": "030-01-027-08-015" }, "geometry": { "type": "Polygon", "coordinates": [ [ [ 121.929084383742335, 13.408138261494102 ], [ 121.930127094372907, 13.407691042213834 ], [ 121.929959798961534, 13.406703021883983 ], [ 121.929337102429812, 13.406794910651087 ], [ 121.929281283014106, 13.406920560262881 ], [ 121.928773568610438, 13.408063419110793 ], [ 121.929084383742335, 13.408138261494102 ] ] ] } },
{ "type": "Feature", "properties": { "Id": 0, "CLN": "20738", "PSGC": "174001029", "Barangay": "Hinapulan", "Land_Class": null, "PIN": "030-01-027-08-034" }, "geometry": { "type": "Polygon", "coordinates": [ [ [ 121.931436494038991, 13.407591557042817 ], [ 121.93246888693119, 13.407049754052231 ], [ 121.933243364021607, 13.406601386301547 ], [ 121.932743274988468, 13.405653973337921 ], [ 121.93230260208118, 13.405830665888267 ], [ 121.932097732725239, 13.406060872070389 ], [ 121.931925930988641, 13.4060916550086 ], [ 121.931419723153596, 13.406530651397487 ], [ 121.929959798961534, 13.406703021883983 ], [ 121.930127094372907, 13.407691042213834 ], [ 121.931436494038991, 13.407591557042817 ] ] ] } },
{ "type": "Feature", "properties": { "Id": 0, "CLN": "20735", "PSGC": "174001029", "Barangay": "Hinapulan", "Land_Class": null, "PIN": "030-01-027-08-033" }, "geometry": { "type": "Polygon", "coordinates": [ [ [ 121.933243364021607, 13.406601386301547 ], [ 121.934330411717966, 13.405828732968962 ], [ 121.934655798561977, 13.405610482868079 ], [ 121.934755821886526, 13.405558300849716 ], [ 121.934053357840796, 13.405396926762094 ], [ 121.932904949829933, 13.405486603850241 ], [ 121.932743274988468, 13.405653973337921 ], [ 121.933243364021607, 13.406601386301547 ] ] ] } },
{ "type": "Feature", "properties": { "Id": 0, "CLN": "20734", "PSGC": "174001029", "Barangay": "Hinapulan", "Land_Class": null, "PIN": "030-01-027-08-042" }, "geometry": { "type": "Polygon", "coordinates": [ [ [ 121.934941905342029, 13.406009979360944 ], [ 121.934755821886526, 13.405558300849716 ], [ 121.934655798561977, 13.405610482868079 ], [ 121.934330411717966, 13.405828732968962 ], [ 121.934736815084136, 13.406124541722958 ], [ 121.934941905342029, 13.406009979360944 ] ] ] } },
{ "type": "Feature", "properties": { "Id": 0, "CLN": "20732", "PSGC": "174001029", "Barangay": "Hinapulan", "Land_Class": null, "PIN": "030-01-027-08-040" }, "geometry": { "type": "Polygon", "coordinates": [ [ [ 121.934053357840796, 13.405396926762078 ], [ 121.934207773590714, 13.404441776439869 ], [ 121.934003971770565, 13.404430412482093 ], [ 121.933596321923673, 13.404418187203269 ], [ 121.933199169413015, 13.404458522239349 ], [ 121.933026581338893, 13.404667859139144 ], [ 121.932904949829933, 13.405486603850266 ], [ 121.934053357840796, 13.405396926762078 ] ] ] } },
{ "type": "Feature", "properties": { "Id": 0, "CLN": "20731", "PSGC": "174001029", "Barangay": "Hinapulan", "Land_Class": null, "PIN": "030-01-027-08-039" }, "geometry": { "type": "Polygon", "coordinates": [ [ [ 121.932904949829933, 13.405486603850266 ], [ 121.933026581338893, 13.404667859139144 ], [ 121.933199169413015, 13.404458522239349 ], [ 121.932502443456769, 13.404308530106416 ], [ 121.93228406517386, 13.405168878492731 ], [ 121.932904949829933, 13.405486603850266 ] ] ] } },
{ "type": "Feature", "properties": { "Id": 0, "CLN": "20736", "PSGC": "174001029", "Barangay": "Hinapulan", "Land_Class": null, "PIN": "030-01-027-08-037" }, "geometry": { "type": "Polygon", "coordinates": [ [ [ 121.932743274988468, 13.405653973337905 ], [ 121.932904949829933, 13.405486603850266 ], [ 121.93228406517386, 13.405168878492731 ], [ 121.931617947262978, 13.405376126018389 ], [ 121.930802506043037, 13.40538317622528 ], [ 121.930886433666302, 13.405814167571554 ], [ 121.931925930988641, 13.406091655008588 ], [ 121.932097732725239, 13.406060872070389 ], [ 121.93230260208118, 13.405830665888249 ], [ 121.932743274988468, 13.405653973337905 ] ] ] } },
{ "type": "Feature", "properties": { "Id": 0, "CLN": "20737", "PSGC": "174001029", "Barangay": "Hinapulan", "Land_Class": null, "PIN": "030-01-027-08-035" }, "geometry": { "type": "Polygon", "coordinates": [ [ [ 121.929337102429812, 13.406794910651087 ], [ 121.929959798961534, 13.406703021883965 ], [ 121.931419723153596, 13.406530651397469 ], [ 121.931925930988641, 13.406091655008588 ], [ 121.930886433666302, 13.405814167571554 ], [ 121.930200992142915, 13.405538176996489 ], [ 121.929588004985789, 13.405861180554167 ], [ 121.929630502244351, 13.405955890568029 ], [ 121.929337102429812, 13.406794910651087 ] ] ] } },
{ "type": "Feature", "properties": { "Id": 0, "CLN": "20729", "PSGC": "174001029", "Barangay": "Hinapulan", "Land_Class": null, "PIN": "030-01-027-08-036" }, "geometry": { "type": "Polygon", "coordinates": [ [ [ 121.929588004985789, 13.405861180554167 ], [ 121.930200992142915, 13.405538176996489 ], [ 121.930886433666302, 13.405814167571554 ], [ 121.930802506043037, 13.40538317622528 ], [ 121.931096734211977, 13.404355097717836 ], [ 121.929395396276192, 13.405744827197687 ], [ 121.929588004985789, 13.405861180554167 ] ] ] } },
{ "type": "Feature", "properties": { "Id": 0, "CLN": "20730", "PSGC": "174001029", "Barangay": "Hinapulan", "Land_Class": null, "PIN": "030-01-027-08-038" }, "geometry": { "type": "Polygon", "coordinates": [ [ [ 121.930802506043037, 13.40538317622528 ], [ 121.931617947262978, 13.405376126018389 ], [ 121.93228406517386, 13.405168878492731 ], [ 121.932502443456769, 13.404308530106416 ], [ 121.932266779949586, 13.404223506780804 ], [ 121.931730663102186, 13.40414771515591 ], [ 121.931559001886782, 13.404146988588451 ], [ 121.931096734211977, 13.404355097717836 ], [ 121.930802506043037, 13.40538317622528 ] ] ] } },
{ "type": "Feature", "properties": { "Id": 0, "CLN": "20727", "PSGC": "174001029", "Barangay": "Hinapulan", "Land_Class": null, "PIN": "030-01-027-08-054" }, "geometry": { "type": "Polygon", "coordinates": [ [ [ 121.93420745781539, 13.404348671501213 ], [ 121.934203106631983, 13.403065821244219 ], [ 121.932719565597765, 13.402921386141989 ], [ 121.933199169413029, 13.404458522239352 ], [ 121.933596321923673, 13.404418187203269 ], [ 121.93420745781539, 13.404348671501213 ] ] ] } },
{ "type": "Feature", "properties": { "Id": 0, "CLN": "20726", "PSGC": "174001029", "Barangay": "Hinapulan", "Land_Class": null, "PIN": "030-01-027-08-055" }, "geometry": { "type": "Polygon", "coordinates": [ [ [ 121.933199169413029, 13.404458522239352 ], [ 121.932719565597765, 13.402921386141989 ], [ 121.932015892588907, 13.402867000829993 ], [ 121.931061279637461, 13.403171639989209 ], [ 121.930521881378539, 13.403333841318576 ], [ 121.931096734211991, 13.404355097717854 ], [ 121.931559001886782, 13.404146988588469 ], [ 121.931730663102215, 13.404147715155926 ], [ 121.932266779949586, 13.404223506780838 ], [ 121.932502443456769, 13.40430853010643 ], [ 121.933199169413029, 13.404458522239352 ] ] ] } },
{ "type": "Feature", "properties": { "Id": 0, "CLN": "20728", "PSGC": "174001029", "Barangay": "Hinapulan", "Land_Class": null, "PIN": "030-01-027-08-056" }, "geometry": { "type": "Polygon", "coordinates": [ [ [ 121.92939539627622, 13.405744827197704 ], [ 121.931096734211991, 13.404355097717854 ], [ 121.930521881378539, 13.403333841318576 ], [ 121.929759828918137, 13.403574947596928 ], [ 121.928799881101114, 13.404544923394075 ], [ 121.929181515987054, 13.405586370227091 ], [ 121.92939539627622, 13.405744827197704 ] ] ] } },
{ "type": "Feature", "properties": { "Id": 0, "CLN": "20744", "PSGC": "174001029", "Barangay": "Hinapulan", "Land_Class": null, "PIN": "030-01-027-08-014" }, "geometry": { "type": "Polygon", "coordinates": [ [ [ 121.929038938876985, 13.411131510209167 ], [ 121.929388270362992, 13.409778066613757 ], [ 121.929084383742335, 13.408138261494102 ], [ 121.928773568610438, 13.408063419110793 ], [ 121.927634610084951, 13.407896509934265 ], [ 121.927646698685351, 13.407779523120277 ], [ 121.927229991057771, 13.40782305708618 ], [ 121.926409670302689, 13.407566615048021 ], [ 121.926309214974282, 13.407516787901526 ], [ 121.926357169775514, 13.408594728835109 ], [ 121.925089300486135, 13.408149052669854 ], [ 121.925125141506854, 13.408847322107583 ], [ 121.924932079129007, 13.40936933014236 ], [ 121.925129353600937, 13.410073881482722 ], [ 121.925795787605139, 13.412453974549512 ], [ 121.925605295694467, 13.412397145776058 ], [ 121.925790726245665, 13.413592976563121 ], [ 121.927351826251908, 13.414271830628326 ], [ 121.927771267241312, 13.410016277227887 ], [ 121.929038938876985, 13.411131510209167 ] ] ] } },
{ "type": "Feature", "properties": { "Id": 0, "CLN": "20745", "PSGC": "174001029", "Barangay": "Hinapulan", "Land_Class": null, "PIN": "030-01-027-08-001" }, "geometry": { "type": "Polygon", "coordinates": [ [ [ 121.929648081207887, 13.411680267066599 ], [ 121.929038938876985, 13.411131510209167 ], [ 121.927771267241312, 13.410016277227887 ], [ 121.927351826251908, 13.414271830628326 ], [ 121.927548670902738, 13.415280471232595 ], [ 121.927652937984021, 13.416080910724629 ], [ 121.92861400982045, 13.415908135871829 ], [ 121.932092110978516, 13.415270103804415 ], [ 121.933442335670009, 13.415004880381009 ], [ 121.929561722164294, 13.41422169992598 ], [ 121.929973851155182, 13.413225634745594 ], [ 121.928912914791638, 13.412937543070443 ], [ 121.929648081207887, 13.411680267066599 ] ] ] } },
{ "type": "Feature", "properties": { "Id": 0, "CLN": "21093", "PSGC": "174001029", "Barangay": "Hinapulan", "Land_Class": null, "PIN": "030-01-027-13-008" }, "geometry": { "type": "Polygon", "coordinates": [ [ [ 121.983562854067202, 13.398545296782691 ], [ 121.983651908063379, 13.397570370560144 ], [ 121.979965859658037, 13.39760148402515 ], [ 121.979885660288772, 13.398607168687899 ], [ 121.979753466626647, 13.399801695469463 ], [ 121.983466637068418, 13.399766877787176 ], [ 121.983562854067202, 13.398545296782691 ] ] ] } },
{ "type": "Feature", "properties": { "Id": 0, "CLN": "21094", "PSGC": "174001029", "Barangay": "Hinapulan", "Land_Class": null, "PIN": "030-01-027-13-009" }, "geometry": { "type": "Polygon", "coordinates": [ [ [ 121.979965859658037, 13.39760148402515 ], [ 121.983651908063379, 13.397570370560144 ], [ 121.983348123172675, 13.395309254278953 ], [ 121.97960426518199, 13.395372416248051 ], [ 121.979965859658037, 13.39760148402515 ] ] ] } },
{ "type": "Feature", "properties": { "Id": 0, "CLN": "21095", "PSGC": "174001029", "Barangay": "Hinapulan", "Land_Class": null, "PIN": "030-01-027-13-010" }, "geometry": { "type": "Polygon", "coordinates": [ [ [ 121.97960426518199, 13.395372416248051 ], [ 121.983348123172675, 13.395309254278953 ], [ 121.983563542971311, 13.393090582560765 ], [ 121.979861245029809, 13.393081278515275 ], [ 121.97960426518199, 13.395372416248051 ] ] ] } },
{ "type": "Feature", "properties": { "Id": 0, "CLN": "21096", "PSGC": "174001029", "Barangay": "Hinapulan", "Land_Class": null, "PIN": "030-01-027-13-011" }, "geometry": { "type": "Polygon", "coordinates": [ [ [ 121.979861245029809, 13.393081278515275 ], [ 121.983563542971311, 13.393090582560765 ], [ 121.983589550999838, 13.390822721765874 ], [ 121.979895395590688, 13.390845737492988 ], [ 121.979861245029809, 13.393081278515275 ] ] ] } },
{ "type": "Feature", "properties": { "Id": 0, "CLN": "21097", "PSGC": "174001029", "Barangay": "Hinapulan", "Land_Class": null, "PIN": "030-01-027-13-012" }, "geometry": { "type": "Polygon", "coordinates": [ [ [ 121.983348123172675, 13.395309254278937 ], [ 121.984512810353834, 13.393788510920011 ], [ 121.984434624035103, 13.391463733352371 ], [ 121.983589550999838, 13.390822721765874 ], [ 121.983563542971311, 13.393090582560745 ], [ 121.983348123172675, 13.395309254278937 ] ] ] } },
{ "type": "Feature", "properties": { "Id": 0, "CLN": "20968", "PSGC": "174001029", "Barangay": "Hinapulan", "Land_Class": null, "PIN": "030-01-027-12-003" }, "geometry": { "type": "Polygon", "coordinates": [ [ [ 121.962529716434616, 13.409626477066572 ], [ 121.963686529012918, 13.40958929409336 ], [ 121.964641431033655, 13.409184330013352 ], [ 121.9650389856413, 13.408881918830588 ], [ 121.965191700676286, 13.408232523998022 ], [ 121.96528920768823, 13.407970818512418 ], [ 121.96526868584057, 13.407761050104895 ], [ 121.965439502634993, 13.407417409560312 ], [ 121.965428160842791, 13.407252236694326 ], [ 121.965639936670357, 13.407034902077548 ], [ 121.96596619455967, 13.406812138977227 ], [ 121.96548690671294, 13.406264493876483 ], [ 121.965512523604673, 13.405556914347436 ], [ 121.965454735150033, 13.405335526059106 ], [ 121.965193579308078, 13.405126573142121 ], [ 121.964844916049103, 13.405306487553204 ], [ 121.964818775791926, 13.405325168209018 ], [ 121.964260292456686, 13.405724276694601 ], [ 121.964125613800405, 13.406577368085365 ], [ 121.963890675650148, 13.406576403661933 ], [ 121.963460002187702, 13.406915208136953 ], [ 121.962765117984958, 13.407757150759148 ], [ 121.962154971339004, 13.408855974958438 ], [ 121.962208011442797, 13.409130420542096 ], [ 121.962529716434616, 13.409626477066572 ] ] ] } },
{ "type": "Feature", "properties": { "Id": 0, "CLN": "20967", "PSGC": "174001029", "Barangay": "Hinapulan", "Land_Class": null, "PIN": "030-01-027-12-002" }, "geometry": { "type": "Polygon", "coordinates": [ [ [ 121.962154971339004, 13.408855974958438 ], [ 121.962765117984958, 13.407757150759133 ], [ 121.963460002187674, 13.406915208136938 ], [ 121.963890675650148, 13.406576403661919 ], [ 121.964125613800391, 13.406577368085351 ], [ 121.964260292456686, 13.405724276694585 ], [ 121.964818775791926, 13.405325168209018 ], [ 121.963971830170436, 13.405613773006227 ], [ 121.963345531016088, 13.405213129025384 ], [ 121.963073862356268, 13.405349126858244 ], [ 121.963161003827864, 13.405514856862727 ], [ 121.963071673883434, 13.405742521403541 ], [ 121.961323216902088, 13.407017025590445 ], [ 121.962154971339004, 13.408855974958438 ] ] ] } },
{ "type": "Feature", "properties": { "Id": 0, "CLN": "20966", "PSGC": "174001029", "Barangay": "Hinapulan", "Land_Class": null, "PIN": "030-01-027-12-001" }, "geometry": { "type": "Polygon", "coordinates": [ [ [ 121.961323216902088, 13.407017025590445 ], [ 121.963071673883434, 13.405742521403541 ], [ 121.960420377648504, 13.405666252232052 ], [ 121.95984937920592, 13.405987926920739 ], [ 121.961323216902088, 13.407017025590445 ] ] ] } },
{ "type": "Feature", "properties": { "Id": 0, "CLN": "20965", "PSGC": "174001029", "Barangay": "Hinapulan", "Land_Class": null, "PIN": "030-01-027-04-049" }, "geometry": { "type": "Polygon", "coordinates": [ [ [ 121.961323216902088, 13.407017025590445 ], [ 121.959849379205949, 13.405987926920757 ], [ 121.959170257828987, 13.406392372623309 ], [ 121.959046502756706, 13.407152621636538 ], [ 121.958707809689216, 13.407463784386426 ], [ 121.958936813393649, 13.407559086963408 ], [ 121.959803606704241, 13.407603942859732 ], [ 121.961323216902088, 13.407017025590445 ] ] ] } },
{ "type": "Feature", "properties": { "Id": 0, "CLN": "20964", "PSGC": "174001029", "Barangay": "Hinapulan", "Land_Class": null, "PIN": "030-01-027-04-050" }, "geometry": { "type": "Polygon", "coordinates": [ [ [ 121.958829262576714, 13.408637859935721 ], [ 121.962208011442797, 13.409130420542096 ], [ 121.962154971339004, 13.408855974958438 ], [ 121.961323216902088, 13.407017025590445 ], [ 121.959803606704241, 13.407603942859732 ], [ 121.958936813393649, 13.407559086963408 ], [ 121.958707809689216, 13.407463784386426 ], [ 121.957948866098647, 13.407555009363167 ], [ 121.95849525312498, 13.407975977424112 ], [ 121.958829262576714, 13.408637859935721 ] ] ] } },
{ "type": "Feature", "properties": { "Id": 0, "CLN": "20963", "PSGC": "174001029", "Barangay": "Hinapulan", "Land_Class": null, "PIN": "030-01-027-04-015" }, "geometry": { "type": "Polygon", "coordinates": [ [ [ 121.962208011442769, 13.409130420542063 ], [ 121.958829262576714, 13.408637859935721 ], [ 121.959041738187167, 13.409658979621645 ], [ 121.959961552000649, 13.410099177344287 ], [ 121.960591449724745, 13.410715098556226 ], [ 121.962208011442769, 13.409130420542063 ] ] ] } },
{ "type": "Feature", "properties": { "Id": 0, "CLN": "20947", "PSGC": "174001029", "Barangay": "Hinapulan", "Land_Class": null, "PIN": "030-01-027-04-019" }, "geometry": { "type": "Polygon", "coordinates": [ [ [ 121.958829262576714, 13.408637859935721 ], [ 121.957133185663665, 13.409397512252358 ], [ 121.957371327604946, 13.410053102883293 ], [ 121.957766886551823, 13.410526525636081 ], [ 121.958247395010659, 13.410858762077288 ], [ 121.95897212135867, 13.41043714369791 ], [ 121.959041738187167, 13.409658979621645 ], [ 121.958829262576714, 13.408637859935721 ] ] ] } },
{ "type": "Feature", "properties": { "Id": 0, "CLN": "20948", "PSGC": "174001029", "Barangay": "Hinapulan", "Land_Class": null, "PIN": "030-01-027-04-016" }, "geometry": { "type": "Polygon", "coordinates": [ [ [ 121.95923360428533, 13.411269749989366 ], [ 121.95975239278971, 13.41110676354311 ], [ 121.959961552000649, 13.410099177344287 ], [ 121.959041738187167, 13.409658979621645 ], [ 121.95897212135867, 13.41043714369791 ], [ 121.95923360428533, 13.411269749989366 ] ] ] } },
{ "type": "Feature", "properties": { "Id": 0, "CLN": "20951", "PSGC": "174001029", "Barangay": "Hinapulan", "Land_Class": null, "PIN": "030-01-027-04-013" }, "geometry": { "type": "Polygon", "coordinates": [ [ [ 121.959961552000649, 13.410099177344287 ], [ 121.95975239278971, 13.41110676354311 ], [ 121.960004747967901, 13.411261135266477 ], [ 121.960591449724745, 13.410715098556226 ], [ 121.959961552000649, 13.410099177344287 ] ] ] } },
{ "type": "Feature", "properties": { "Id": 0, "CLN": "20949", "PSGC": "174001029", "Barangay": "Hinapulan", "Land_Class": null, "PIN": "030-01-027-04-012" }, "geometry": { "type": "Polygon", "coordinates": [ [ [ 121.960004747967901, 13.411261135266477 ], [ 121.95975239278971, 13.41110676354311 ], [ 121.95923360428533, 13.411269749989366 ], [ 121.960147628513141, 13.411656847305089 ], [ 121.960004747967901, 13.411261135266477 ] ] ] } },
{ "type": "Feature", "properties": { "Id": 0, "CLN": "20950", "PSGC": "174001029", "Barangay": "Hinapulan", "Land_Class": null, "PIN": "030-01-027-04-011" }, "geometry": { "type": "Polygon", "coordinates": [ [ [ 121.95923360428533, 13.411269749989366 ], [ 121.959700545487735, 13.411955769437739 ], [ 121.960147628513141, 13.411656847305089 ], [ 121.95923360428533, 13.411269749989366 ] ] ] } },
{ "type": "Feature", "properties": { "Id": 0, "CLN": "20962", "PSGC": "174001029", "Barangay": "Hinapulan", "Land_Class": null, "PIN": "030-01-027-05-017" }, "geometry": { "type": "Polygon", "coordinates": [ [ [ 121.960591449724745, 13.410715098556226 ], [ 121.961316698591418, 13.411573202793567 ], [ 121.962426798257113, 13.411954866293451 ], [ 121.962529716434574, 13.409626477066569 ], [ 121.962208011442769, 13.409130420542063 ], [ 121.960591449724745, 13.410715098556226 ] ] ] } },
{ "type": "Feature", "properties": { "Id": 0, "CLN": "20952", "PSGC": "174001029", "Barangay": "Hinapulan", "Land_Class": null, "PIN": "030-01-027-04-010" }, "geometry": { "type": "Polygon", "coordinates": [ [ [ 121.95923360428533, 13.411269749989366 ], [ 121.959057532470666, 13.4115874809068 ], [ 121.959229923174703, 13.412124851712141 ], [ 121.959397407287, 13.412402718443449 ], [ 121.959673581127191, 13.412622059752715 ], [ 121.960665291977705, 13.413156909916017 ], [ 121.960904739531841, 13.413511737961024 ], [ 121.960886525289737, 13.413694676632145 ], [ 121.961227091753543, 13.413688986471136 ], [ 121.961387082732529, 13.413419366633478 ], [ 121.961678980981162, 13.412783653270649 ], [ 121.960982099544509, 13.4123325845406 ], [ 121.961052266691553, 13.412213636260496 ], [ 121.961069665900723, 13.412107555419873 ], [ 121.961103979600907, 13.41200817876271 ], [ 121.96117898500934, 13.411902335127934 ], [ 121.961250516233491, 13.411816380755297 ], [ 121.961305263712063, 13.411626487931805 ], [ 121.961316698591418, 13.411573202793583 ], [ 121.960591449724774, 13.410715098556258 ], [ 121.960004747967901, 13.411261135266493 ], [ 121.96014762851317, 13.411656847305107 ], [ 121.959700545487735, 13.411955769437739 ], [ 121.95923360428533, 13.411269749989366 ] ] ] } },
{ "type": "Feature", "properties": { "Id": 0, "CLN": "20953", "PSGC": "174001029", "Barangay": "Hinapulan", "Land_Class": null, "PIN": "030-01-027-04-008" }, "geometry": { "type": "Polygon", "coordinates": [ [ [ 121.961227091753543, 13.413688986471136 ], [ 121.961878224553558, 13.414194908537711 ], [ 121.962404938031312, 13.413746255152759 ], [ 121.962074241461409, 13.413440852879894 ], [ 121.961834010465239, 13.412981484360952 ], [ 121.961678980981162, 13.412783653270665 ], [ 121.961387082732529, 13.413419366633461 ], [ 121.961227091753543, 13.413688986471136 ] ] ] } },
{ "type": "Feature", "properties": { "Id": 0, "CLN": "20955", "PSGC": "174001029", "Barangay": "Hinapulan", "Land_Class": null, "PIN": "030-01-027-04-051" }, "geometry": { "type": "Polygon", "coordinates": [ [ [ 121.961052266691553, 13.412213636260478 ], [ 121.960982099544509, 13.412332584540584 ], [ 121.961678980981162, 13.412783653270665 ], [ 121.961821557676188, 13.412724897872726 ], [ 121.961052266691553, 13.412213636260478 ] ] ] } },
{ "type": "Feature", "properties": { "Id": 0, "CLN": "20956", "PSGC": "174001029", "Barangay": "Hinapulan", "Land_Class": null, "PIN": "030-01-027-04-052" }, "geometry": { "type": "Polygon", "coordinates": [ [ [ 121.961821557676188, 13.412724897872726 ], [ 121.961939295548774, 13.41266346008428 ], [ 121.961069665900723, 13.412107555419839 ], [ 121.961052266691553, 13.412213636260478 ], [ 121.961821557676188, 13.412724897872726 ] ] ] } },
{ "type": "Feature", "properties": { "Id": 0, "CLN": "20957", "PSGC": "174001029", "Barangay": "Hinapulan", "Land_Class": null, "PIN": "030-01-027-04-053" }, "geometry": { "type": "Polygon", "coordinates": [ [ [ 121.961939295548774, 13.41266346008428 ], [ 121.962102157908802, 13.412615476960358 ], [ 121.961103979600907, 13.41200817876271 ], [ 121.961069665900723, 13.412107555419839 ], [ 121.961939295548774, 13.41266346008428 ] ] ] } },
{ "type": "Feature", "properties": { "Id": 0, "CLN": "20958", "PSGC": "174001029", "Barangay": "Hinapulan", "Land_Class": null, "PIN": "030-01-027-04-054" }, "geometry": { "type": "Polygon", "coordinates": [ [ [ 121.962102157908802, 13.412615476960358 ], [ 121.962210897337656, 13.412545155969996 ], [ 121.96117898500934, 13.411902335127914 ], [ 121.961103979600907, 13.41200817876271 ], [ 121.962102157908802, 13.412615476960358 ] ] ] } },
{ "type": "Feature", "properties": { "Id": 0, "CLN": "20959", "PSGC": "174001029", "Barangay": "Hinapulan", "Land_Class": null, "PIN": "030-01-027-04-055" }, "geometry": { "type": "Polygon", "coordinates": [ [ [ 121.962210897337656, 13.412545155969996 ], [ 121.962306025302482, 13.412488048004903 ], [ 121.961250516233491, 13.411816380755297 ], [ 121.96117898500934, 13.411902335127914 ], [ 121.962210897337656, 13.412545155969996 ] ] ] } },
{ "type": "Feature", "properties": { "Id": 0, "CLN": "20960", "PSGC": "174001029", "Barangay": "Hinapulan", "Land_Class": null, "PIN": "030-01-027-04-056" }, "geometry": { "type": "Polygon", "coordinates": [ [ [ 121.962306025302482, 13.412488048004903 ], [ 121.962411102935363, 13.412309945055902 ], [ 121.961305263712063, 13.411626487931789 ], [ 121.961250516233491, 13.411816380755297 ], [ 121.962306025302482, 13.412488048004903 ] ] ] } },
{ "type": "Feature", "properties": { "Id": 0, "CLN": "20961", "PSGC": "174001029", "Barangay": "Hinapulan", "Land_Class": null, "PIN": "030-01-027-04-057" }, "geometry": { "type": "Polygon", "coordinates": [ [ [ 121.961305263712063, 13.411626487931789 ], [ 121.962411102935363, 13.412309945055902 ], [ 121.962426798257113, 13.411954866293451 ], [ 121.961316698591418, 13.411573202793567 ], [ 121.961305263712063, 13.411626487931789 ] ] ] } },
{ "type": "Feature", "properties": { "Id": 0, "CLN": "20954", "PSGC": "174001029", "Barangay": "Hinapulan", "Land_Class": null, "PIN": "030-01-027-04-009" }, "geometry": { "type": "Polygon", "coordinates": [ [ [ 121.962411102935363, 13.412309945055902 ], [ 121.962306025302482, 13.412488048004903 ], [ 121.962210897337656, 13.412545155969996 ], [ 121.962102157908802, 13.412615476960358 ], [ 121.961939295548774, 13.41266346008428 ], [ 121.961821557676188, 13.412724897872726 ], [ 121.961678980981162, 13.412783653270665 ], [ 121.961834010465239, 13.412981484360952 ], [ 121.962074241461409, 13.413440852879894 ], [ 121.962687170385635, 13.412866743044447 ], [ 121.962411102935363, 13.412309945055902 ] ] ] } },
{ "type": "Feature", "properties": { "Id": 0, "CLN": "20942", "PSGC": "174001029", "Barangay": "Hinapulan", "Land_Class": null, "PIN": "030-01-027-04-007" }, "geometry": { "type": "Polygon", "coordinates": [ [ [ 121.958912434435874, 13.41530006000497 ], [ 121.96024853734437, 13.414607563825252 ], [ 121.960723689089136, 13.41369739712535 ], [ 121.960886525289737, 13.413694676632165 ], [ 121.960904739531841, 13.413511737961008 ], [ 121.960665291977705, 13.413156909916017 ], [ 121.959673581127191, 13.412622059752715 ], [ 121.959397407287, 13.412402718443435 ], [ 121.959229923174703, 13.412124851712141 ], [ 121.959068239268035, 13.412118631587511 ], [ 121.9585373998123, 13.412281566682463 ], [ 121.958789792076118, 13.41335985901013 ], [ 121.958496191684986, 13.414388718443787 ], [ 121.958912434435874, 13.41530006000497 ] ] ] } },
{ "type": "Feature", "properties": { "Id": 0, "CLN": "20941", "PSGC": "174001029", "Barangay": "Hinapulan", "Land_Class": null, "PIN": "030-01-027-04-006" }, "geometry": { "type": "Polygon", "coordinates": [ [ [ 121.95741123300796, 13.414339742205801 ], [ 121.958496191684986, 13.414388718443787 ], [ 121.958789792076118, 13.41335985901013 ], [ 121.957753559627946, 13.41337130598469 ], [ 121.957695604535346, 13.413772086633641 ], [ 121.957238102872978, 13.413691564402813 ], [ 121.95741123300796, 13.414339742205801 ] ] ] } },
{ "type": "Feature", "properties": { "Id": 0, "CLN": "20940", "PSGC": "174001029", "Barangay": "Hinapulan", "Land_Class": null, "PIN": "030-01-027-04-005" }, "geometry": { "type": "Polygon", "coordinates": [ [ [ 121.956962290611827, 13.414319475081609 ], [ 121.95741123300796, 13.414339742205801 ], [ 121.957238102872978, 13.413691564402813 ], [ 121.957695604535346, 13.413772086633641 ], [ 121.957753559627946, 13.41337130598469 ], [ 121.958789792076118, 13.41335985901013 ], [ 121.9585373998123, 13.412281566682463 ], [ 121.957841915947569, 13.41150810675221 ], [ 121.957200253989598, 13.411293150555142 ], [ 121.956656099458314, 13.410819112478945 ], [ 121.956088597394938, 13.410171987728383 ], [ 121.955764899437952, 13.410728930969176 ], [ 121.955705685425954, 13.411420641890928 ], [ 121.956685877009093, 13.413225355872068 ], [ 121.956962290611827, 13.414319475081609 ] ] ] } },
{ "type": "Feature", "properties": { "Id": 0, "CLN": "20943", "PSGC": "174001029", "Barangay": "Hinapulan", "Land_Class": null, "PIN": "030-01-027-04-017" }, "geometry": { "type": "Polygon", "coordinates": [ [ [ 121.9585373998123, 13.412281566682463 ], [ 121.959068239268035, 13.412118631587493 ], [ 121.959229923174703, 13.412124851712141 ], [ 121.959057532470666, 13.4115874809068 ], [ 121.958829777772692, 13.411535774960432 ], [ 121.958454329509806, 13.411054573535038 ], [ 121.957841915947597, 13.411508106752224 ], [ 121.9585373998123, 13.412281566682463 ] ] ] } },
{ "type": "Feature", "properties": { "Id": 0, "CLN": "20944", "PSGC": "174001029", "Barangay": "Hinapulan", "Land_Class": null, "PIN": "030-01-027-04-018" }, "geometry": { "type": "Polygon", "coordinates": [ [ [ 121.958829777772692, 13.41153577496045 ], [ 121.959057532470666, 13.411587480906764 ], [ 121.95923360428533, 13.411269749989366 ], [ 121.95897212135867, 13.41043714369791 ], [ 121.958247395010659, 13.410858762077288 ], [ 121.957766886551823, 13.410526525636081 ], [ 121.957200253989598, 13.411293150555142 ], [ 121.957841915947569, 13.41150810675221 ], [ 121.958454329509806, 13.411054573535004 ], [ 121.958829777772692, 13.41153577496045 ] ] ] } },
{ "type": "Feature", "properties": { "Id": 0, "CLN": "20945", "PSGC": "174001029", "Barangay": "Hinapulan", "Land_Class": null, "PIN": "030-01-027-04-020" }, "geometry": { "type": "Polygon", "coordinates": [ [ [ 121.957200253989598, 13.411293150555142 ], [ 121.957766886551823, 13.410526525636081 ], [ 121.957371327604946, 13.410053102883293 ], [ 121.956656099458314, 13.410819112478945 ], [ 121.957200253989598, 13.411293150555142 ] ] ] } },
{ "type": "Feature", "properties": { "Id": 0, "CLN": "20946", "PSGC": "174001029", "Barangay": "Hinapulan", "Land_Class": null, "PIN": "030-01-027-04-021" }, "geometry": { "type": "Polygon", "coordinates": [ [ [ 121.956656099458314, 13.410819112478945 ], [ 121.957371327604946, 13.410053102883293 ], [ 121.957133185663665, 13.409397512252358 ], [ 121.956088597394938, 13.410171987728383 ], [ 121.956656099458314, 13.410819112478945 ] ] ] } },
{ "type": "Feature", "properties": { "Id": 0, "CLN": "20939", "PSGC": "174001029", "Barangay": "Hinapulan", "Land_Class": null, "PIN": "030-01-027-04-003" }, "geometry": { "type": "Polygon", "coordinates": [ [ [ 121.956685877009093, 13.413225355872068 ], [ 121.955705685425954, 13.411420641890928 ], [ 121.95459445220871, 13.412060816669847 ], [ 121.955501463359795, 13.41406967296466 ], [ 121.956685877009093, 13.413225355872068 ] ] ] } },
{ "type": "Feature", "properties": { "Id": 0, "CLN": "20938", "PSGC": "174001029", "Barangay": "Hinapulan", "Land_Class": null, "PIN": "030-01-027-04-004" }, "geometry": { "type": "Polygon", "coordinates": [ [ [ 121.956685877009093, 13.413225355872068 ], [ 121.955501463359795, 13.41406967296466 ], [ 121.955232370828355, 13.415242752212434 ], [ 121.95536683675131, 13.415243309170247 ], [ 121.956124417324844, 13.414897880975118 ], [ 121.956760125324493, 13.414633164489661 ], [ 121.956962290611827, 13.414319475081609 ], [ 121.956685877009093, 13.413225355872068 ] ] ] } },
{ "type": "Feature", "properties": { "Id": 0, "CLN": "21030", "PSGC": "174001029", "Barangay": "Hinapulan", "Land_Class": null, "PIN": "030-01-027-04-024" }, "geometry": { "type": "Polygon", "coordinates": [ [ [ 121.953904871186964, 13.41178274856567 ], [ 121.955143226671041, 13.41146549188943 ], [ 121.955370099122931, 13.411010369524289 ], [ 121.955280868631149, 13.410543268654138 ], [ 121.955055913273895, 13.409365673115046 ], [ 121.954681699615037, 13.408601398977888 ], [ 121.95375902688582, 13.408361681062768 ], [ 121.952651919387009, 13.409906125166161 ], [ 121.953904871186964, 13.41178274856567 ] ] ] } },
{ "type": "Feature", "properties": { "Id": 0, "CLN": "21034", "PSGC": "174001029", "Barangay": "Hinapulan", "Land_Class": null, "PIN": "030-01-027-04-023" }, "geometry": { "type": "Polygon", "coordinates": [ [ [ 121.955055913273895, 13.409365673115046 ], [ 121.955280868631149, 13.410543268654152 ], [ 121.955719830621845, 13.410005335836123 ], [ 121.956147368468478, 13.409582495520533 ], [ 121.955394961680099, 13.408973920139545 ], [ 121.955055913273895, 13.409365673115046 ] ] ] } },
{ "type": "Feature", "properties": { "Id": 0, "CLN": "21035", "PSGC": "174001029", "Barangay": "Hinapulan", "Land_Class": null, "PIN": "030-01-027-04-022" }, "geometry": { "type": "Polygon", "coordinates": [ [ [ 121.955394961680099, 13.408973920139545 ], [ 121.956147368468478, 13.409582495520533 ], [ 121.956630892309789, 13.409214927848302 ], [ 121.956551520919163, 13.408994431728258 ], [ 121.956657940266496, 13.408530946518386 ], [ 121.955999238640885, 13.408543948403437 ], [ 121.955394961680099, 13.408973920139545 ] ] ] } },
{ "type": "Feature", "properties": { "Id": 0, "CLN": "21036", "PSGC": "174001029", "Barangay": "Hinapulan", "Land_Class": null, "PIN": "030-01-027-04-047" }, "geometry": { "type": "Polygon", "coordinates": [ [ [ 121.956770491705896, 13.408507822438382 ], [ 121.956664377914123, 13.408900540716703 ], [ 121.956719313724648, 13.409199567175708 ], [ 121.956871890506193, 13.409208061120719 ], [ 121.957091878219202, 13.408485561501216 ], [ 121.956770491705896, 13.408507822438382 ] ] ] } },
{ "type": "Feature", "properties": { "Id": 0, "CLN": "21037", "PSGC": "174001029", "Barangay": "Hinapulan", "Land_Class": null, "PIN": "030-01-027-04-048" }, "geometry": { "type": "Polygon", "coordinates": [ [ [ 121.956871890506193, 13.409208061120719 ], [ 121.958337263394185, 13.408396347834804 ], [ 121.958128970317915, 13.408269677617817 ], [ 121.958016622353753, 13.408245624301367 ], [ 121.957576042419419, 13.407968594675413 ], [ 121.957386085541344, 13.407315169102318 ], [ 121.956775613523959, 13.407320509361046 ], [ 121.956805062360502, 13.407941819234768 ], [ 121.956989291987824, 13.408060527880577 ], [ 121.957140884741975, 13.408297048648045 ], [ 121.957091878219202, 13.408485561501216 ], [ 121.956871890506193, 13.409208061120719 ] ] ] } },
{ "type": "Feature", "properties": { "Id": 0, "CLN": "21029", "PSGC": "174001029", "Barangay": "Hinapulan", "Land_Class": null, "PIN": "030-01-027-04-030" }, "geometry": { "type": "Polygon", "coordinates": [ [ [ 121.952811919450596, 13.408200489812687 ], [ 121.952651919387009, 13.409906125166161 ], [ 121.95375902688582, 13.408361681062768 ], [ 121.953739108827861, 13.408327403599456 ], [ 121.953543759194119, 13.407991221174866 ], [ 121.953135177608161, 13.407745769391989 ], [ 121.952999449167478, 13.407556491116825 ], [ 121.952811919450596, 13.408200489812687 ] ] ] } },
{ "type": "Feature", "properties": { "Id": 0, "CLN": "20986", "PSGC": "174001029", "Barangay": "Hinapulan", "Land_Class": null, "PIN": "030-01-027-04-033" }, "geometry": { "type": "Polygon", "coordinates": [ [ [ 121.952153652930406, 13.407070626633855 ], [ 121.952072903255896, 13.406937601006794 ], [ 121.951975883102122, 13.406388744754631 ], [ 121.951960877398278, 13.405681000648125 ], [ 121.951444904271824, 13.405891162052749 ], [ 121.950992756078605, 13.406136619513566 ], [ 121.951133228167336, 13.406835357151715 ], [ 121.951232651468743, 13.406904747570893 ], [ 121.951421942570931, 13.406982153797077 ], [ 121.951419670238039, 13.407090118864083 ], [ 121.951521128312464, 13.407067999514158 ], [ 121.951593378487189, 13.407077145698015 ], [ 121.951904873588475, 13.407135938707624 ], [ 121.952058755064485, 13.407074655598276 ], [ 121.952153652930406, 13.407070626633855 ] ] ] } },
{ "type": "Feature", "properties": { "Id": 0, "CLN": "21024", "PSGC": "174001029", "Barangay": "Hinapulan", "Land_Class": null, "PIN": "030-01-027-04-034" }, "geometry": { "type": "Polygon", "coordinates": [ [ [ 121.952421689481, 13.407208377480535 ], [ 121.952909945448013, 13.406662425600757 ], [ 121.952933665302666, 13.406401566289784 ], [ 121.951975883102122, 13.40638874475461 ], [ 121.952072903255896, 13.406937601006794 ], [ 121.952153652930377, 13.407070626633837 ], [ 121.952326628139375, 13.407121226529489 ], [ 121.952421689481, 13.407208377480535 ] ] ] } },
{ "type": "Feature", "properties": { "Id": 0, "CLN": "21027", "PSGC": "174001029", "Barangay": "Hinapulan", "Land_Class": null, "PIN": "030-01-027-04-026" }, "geometry": { "type": "Polygon", "coordinates": [ [ [ 121.952909945448013, 13.406662425600736 ], [ 121.952421689481, 13.407208377480535 ], [ 121.95243863424669, 13.407223912202417 ], [ 121.95268745803034, 13.407264260619124 ], [ 121.95280756452938, 13.407351253495355 ], [ 121.952999449167478, 13.407556491116825 ], [ 121.953135177608161, 13.407745769391989 ], [ 121.953955507111971, 13.407272714329391 ], [ 121.952909945448013, 13.406662425600736 ] ] ] } },
{ "type": "Feature", "properties": { "Id": 0, "CLN": "21026", "PSGC": "174001029", "Barangay": "Hinapulan", "Land_Class": null, "PIN": "030-01-027-04-028" }, "geometry": { "type": "Polygon", "coordinates": [ [ [ 121.953955507111971, 13.407272714329391 ], [ 121.954290090692695, 13.407216601794731 ], [ 121.95406008607776, 13.40681307983043 ], [ 121.953693707190709, 13.40617029874026 ], [ 121.952948923455253, 13.406007981489543 ], [ 121.952933665302666, 13.406401566289802 ], [ 121.952909945448013, 13.406662425600736 ], [ 121.953955507111971, 13.407272714329391 ] ] ] } },
{ "type": "Feature", "properties": { "Id": 0, "CLN": "21031", "PSGC": "174001029", "Barangay": "Hinapulan", "Land_Class": null, "PIN": "030-01-027-04-027" }, "geometry": { "type": "Polygon", "coordinates": [ [ [ 121.953543759194119, 13.407991221174866 ], [ 121.955205380269575, 13.407653848282653 ], [ 121.955211063882629, 13.407384067909669 ], [ 121.954963450628668, 13.407179583972015 ], [ 121.954290090692695, 13.407216601794703 ], [ 121.953955507111957, 13.407272714329393 ], [ 121.953135177608161, 13.407745769391973 ], [ 121.953543759194119, 13.407991221174866 ] ] ] } },
{ "type": "Feature", "properties": { "Id": 0, "CLN": "21032", "PSGC": "174001029", "Barangay": "Hinapulan", "Land_Class": null, "PIN": "030-01-027-04-026" }, "geometry": { "type": "Polygon", "coordinates": [ [ [ 121.953739108827847, 13.408327403599456 ], [ 121.955286112846565, 13.407791295979512 ], [ 121.955205380269575, 13.407653848282653 ], [ 121.953543759194119, 13.407991221174866 ], [ 121.953739108827847, 13.408327403599456 ] ] ] } },
{ "type": "Feature", "properties": { "Id": 0, "CLN": "21033", "PSGC": "174001029", "Barangay": "Hinapulan", "Land_Class": null, "PIN": "030-01-027-04-025" }, "geometry": { "type": "Polygon", "coordinates": [ [ [ 121.953739108827847, 13.408327403599456 ], [ 121.95375902688582, 13.408361681062782 ], [ 121.954681699615037, 13.40860139897787 ], [ 121.955055913273895, 13.409365673115046 ], [ 121.955394961680099, 13.408973920139545 ], [ 121.955999238640885, 13.408543948403437 ], [ 121.956657940266496, 13.408530946518386 ], [ 121.95661197767916, 13.408362927577175 ], [ 121.956440157644948, 13.408393178184241 ], [ 121.956355097024513, 13.40821148274353 ], [ 121.95622382509049, 13.408268439000148 ], [ 121.956043350841213, 13.408210193228751 ], [ 121.955884989575807, 13.408262614216946 ], [ 121.955749657831689, 13.408213401052562 ], [ 121.955437835288379, 13.408229802532883 ], [ 121.955286112846565, 13.407791295979512 ], [ 121.953739108827847, 13.408327403599456 ] ] ] } },
{ "type": "Feature", "properties": { "Id": 0, "CLN": "21023", "PSGC": "174001029", "Barangay": "Hinapulan", "Land_Class": null, "PIN": "030-01-027-04-039" }, "geometry": { "type": "Polygon", "coordinates": [ [ [ 121.951975883102122, 13.40638874475461 ], [ 121.952933665302666, 13.406401566289784 ], [ 121.952948923455224, 13.406007981489523 ], [ 121.952909639922666, 13.405689361613859 ], [ 121.95282931147662, 13.405459031691096 ], [ 121.952627112081856, 13.40520165797323 ], [ 121.952482536109429, 13.405201057981676 ], [ 121.952202592615407, 13.405160088872151 ], [ 121.952053134613635, 13.405243505589493 ], [ 121.951817968669047, 13.405295605204161 ], [ 121.951960877398278, 13.405681000648107 ], [ 121.951975883102122, 13.40638874475461 ] ] ] } },
{ "type": "Feature", "properties": { "Id": 0, "CLN": "21021", "PSGC": "174001029", "Barangay": "Hinapulan", "Land_Class": null, "PIN": "030-01-027-04-043" }, "geometry": { "type": "Polygon", "coordinates": [ [ [ 121.95186183588028, 13.403513313693473 ], [ 121.952958055659792, 13.403898242254789 ], [ 121.953507029191655, 13.404413588421066 ], [ 121.953515833038665, 13.403422869810989 ], [ 121.952234282210767, 13.403059289632001 ], [ 121.951962097197466, 13.402270863540087 ], [ 121.951758578951711, 13.402318671682689 ], [ 121.951746361879017, 13.403052840954539 ], [ 121.951759501840385, 13.403093515381922 ], [ 121.95186183588028, 13.403513313693473 ] ] ] } },
{ "type": "Feature", "properties": { "Id": 0, "CLN": "21022", "PSGC": "174001029", "Barangay": "Hinapulan", "Land_Class": null, "PIN": "030-01-027-04-041" }, "geometry": { "type": "Polygon", "coordinates": [ [ [ 121.952627112081856, 13.40520165797323 ], [ 121.953507029191655, 13.404413588421054 ], [ 121.952958055659792, 13.403898242254769 ], [ 121.95186183588028, 13.403513313693473 ], [ 121.951588630221181, 13.404003133397801 ], [ 121.951528420454608, 13.404343455178374 ], [ 121.951817968669047, 13.405295605204161 ], [ 121.952053134613635, 13.405243505589493 ], [ 121.952202592615407, 13.405160088872151 ], [ 121.952482536109429, 13.405201057981676 ], [ 121.952627112081856, 13.40520165797323 ] ] ] } },
{ "type": "Feature", "properties": { "Id": 0, "CLN": "21025", "PSGC": "174001029", "Barangay": "Hinapulan", "Land_Class": null, "PIN": "030-01-027-04-040" }, "geometry": { "type": "Polygon", "coordinates": [ [ [ 121.953693707190709, 13.40617029874026 ], [ 121.95406008607776, 13.406813079830412 ], [ 121.954467792742292, 13.404780257146671 ], [ 121.953507029191655, 13.404413588421054 ], [ 121.952627112081856, 13.40520165797323 ], [ 121.95282931147662, 13.405459031691096 ], [ 121.952909639922666, 13.405689361613859 ], [ 121.952948923455224, 13.406007981489523 ], [ 121.953693707190709, 13.40617029874026 ] ] ] } },
{ "type": "Feature", "properties": { "Id": 0, "CLN": "21020", "PSGC": "174001029", "Barangay": "Hinapulan", "Land_Class": null, "PIN": "030-01-027-04-044" }, "geometry": { "type": "Polygon", "coordinates": [ [ [ 121.952234282210767, 13.403059289631987 ], [ 121.953515833038665, 13.403422869810974 ], [ 121.954290387474188, 13.40192225448893 ], [ 121.951962097197466, 13.402270863540087 ], [ 121.952234282210767, 13.403059289631987 ] ] ] } },
{ "type": "Feature", "properties": { "Id": 0, "CLN": "21107", "PSGC": "174001029", "Barangay": "Hinapulan", "Land_Class": null, "PIN": "030-01-027-11-007" }, "geometry": { "type": "Polygon", "coordinates": [ [ [ 121.951404303562086, 13.398579754906075 ], [ 121.951264557519721, 13.398426272085215 ], [ 121.951149311919266, 13.398578149003825 ], [ 121.950771925094884, 13.398715302571832 ], [ 121.951426825296238, 13.400680779452673 ], [ 121.951962097197466, 13.402270863540087 ], [ 121.954290387474188, 13.40192225448896 ], [ 121.951404303562086, 13.398579754906075 ] ] ] } },
{ "type": "Feature", "properties": { "Id": 0, "CLN": "21019", "PSGC": "174001029", "Barangay": "Hinapulan", "Land_Class": null, "PIN": "030-01-027-11-006" }, "geometry": { "type": "Polygon", "coordinates": [ [ [ 121.95114200765687, 13.40309520748384 ], [ 121.951420325016286, 13.403092106703191 ], [ 121.951759501840385, 13.403093515381922 ], [ 121.951746361879017, 13.403052840954539 ], [ 121.951758578951711, 13.402318671682689 ], [ 121.951962097197466, 13.402270863540087 ], [ 121.951426825296238, 13.400680779452673 ], [ 121.950771925094884, 13.398715302571832 ], [ 121.950023468765906, 13.398837064539482 ], [ 121.94999771638912, 13.399427266503675 ], [ 121.949950380206715, 13.399730383482551 ], [ 121.950389056148907, 13.401520162741107 ], [ 121.950485206843467, 13.402076815196031 ], [ 121.950851974230545, 13.402791752655203 ], [ 121.95114200765687, 13.40309520748384 ] ] ] } },
{ "type": "Feature", "properties": { "Id": 0, "CLN": "21039", "PSGC": "174001029", "Barangay": "Hinapulan", "Land_Class": null, "PIN": "030-01-027-04-045" }, "geometry": { "type": "Polygon", "coordinates": [ [ [ 121.954881443079628, 13.403154546256946 ], [ 121.957699474525839, 13.403964307012119 ], [ 121.957743699750282, 13.403137385006287 ], [ 121.957686547781591, 13.402770038410187 ], [ 121.957746443574166, 13.402500481511764 ], [ 121.957736711342733, 13.402254226564782 ], [ 121.954290387474188, 13.40192225448893 ], [ 121.954881443079628, 13.403154546256946 ] ] ] } },
{ "type": "Feature", "properties": { "Id": 0, "CLN": "21038", "PSGC": "174001029", "Barangay": "Hinapulan", "Land_Class": null, "PIN": "030-01-027-04-046" }, "geometry": { "type": "Polygon", "coordinates": [ [ [ 121.956770491705896, 13.408507822438382 ], [ 121.957091878219202, 13.408485561501216 ], [ 121.957140884741975, 13.408297048648045 ], [ 121.956989291987824, 13.408060527880577 ], [ 121.956805062360502, 13.407941819234768 ], [ 121.956775613523959, 13.407320509361046 ], [ 121.957386085541344, 13.407315169102318 ], [ 121.958738049319933, 13.406858955082143 ], [ 121.958673359951632, 13.406681203710463 ], [ 121.95908933910917, 13.405964335760221 ], [ 121.958496217198274, 13.405202884553969 ], [ 121.958436887803799, 13.405130781332085 ], [ 121.958437487292471, 13.404991558165859 ], [ 121.958475735048424, 13.404632424012329 ], [ 121.958296819043241, 13.404631685673026 ], [ 121.957699474525839, 13.403964307012119 ], [ 121.954881443079628, 13.403154546256946 ], [ 121.954290387474188, 13.40192225448893 ], [ 121.953515833038665, 13.403422869810974 ], [ 121.953507029191655, 13.404413588421054 ], [ 121.954467792742292, 13.404780257146671 ], [ 121.95406008607776, 13.406813079830412 ], [ 121.954290090692695, 13.407216601794703 ], [ 121.954963450628668, 13.407179583972015 ], [ 121.955211063882629, 13.407384067909669 ], [ 121.955205380269575, 13.407653848282653 ], [ 121.955286112846565, 13.407791295979512 ], [ 121.955476257374343, 13.408151753687628 ], [ 121.95573426919637, 13.408162926613985 ], [ 121.955906131677011, 13.408204058074485 ], [ 121.956030187367446, 13.408160782665991 ], [ 121.956150467879283, 13.408194963840193 ], [ 121.956277949733149, 13.408155070838585 ], [ 121.956391654054713, 13.408118489150505 ], [ 121.956425887030349, 13.408159051037797 ], [ 121.956473621357588, 13.408260299226207 ], [ 121.956463124713551, 13.408300676133091 ], [ 121.956531852360257, 13.408321170497965 ], [ 121.956690199194, 13.408304983435583 ], [ 121.95672074446999, 13.40840279215662 ], [ 121.956770491705896, 13.408507822438382 ] ] ] } },
{ "type": "Feature", "properties": { "Id": 0, "CLN": "21040", "PSGC": "174001029", "Barangay": "Hinapulan", "Land_Class": null, "PIN": "030-01-027-11-008" }, "geometry": { "type": "Polygon", "coordinates": [ [ [ 121.954290387474188, 13.40192225448893 ], [ 121.957736711342733, 13.402254226564782 ], [ 121.958006327889237, 13.402157483136397 ], [ 121.958110647412269, 13.402080067092975 ], [ 121.958166368317521, 13.401924603839568 ], [ 121.958270971291327, 13.401781318679307 ], [ 121.958234606183424, 13.401703322010764 ], [ 121.957904690607563, 13.401612137394142 ], [ 121.957404900882409, 13.401196888111201 ], [ 121.957127197586701, 13.400345416842942 ], [ 121.957158271290425, 13.400231769399429 ], [ 121.957115970728765, 13.400111830688989 ], [ 121.954290387474188, 13.40192225448893 ] ] ] } },
{ "type": "Feature", "properties": { "Id": 0, "CLN": "21041", "PSGC": "174001029", "Barangay": "Hinapulan", "Land_Class": null, "PIN": "030-01-027-12-015" }, "geometry": { "type": "Polygon", "coordinates": [ [ [ 121.956909316162594, 13.396645445679898 ], [ 121.953955473025488, 13.396343921318392 ], [ 121.952908473384369, 13.397095368284482 ], [ 121.952097794368811, 13.397430090743038 ], [ 121.951436231031067, 13.397686914436013 ], [ 121.951175915347235, 13.397948029816233 ], [ 121.951264557519721, 13.398426272085219 ], [ 121.951404303562086, 13.398579754906068 ], [ 121.954290387474188, 13.401922254488936 ], [ 121.957115970728765, 13.400111830688985 ], [ 121.956947775461501, 13.399398540171598 ], [ 121.956570866793541, 13.398858044983784 ], [ 121.956596407720156, 13.398595303550954 ], [ 121.956605395424603, 13.398595330373608 ], [ 121.956909316162594, 13.396645445679898 ] ] ] } },
{ "type": "Feature", "properties": { "Id": 0, "CLN": "21063", "PSGC": "174001029", "Barangay": "Hinapulan", "Land_Class": null, "PIN": "030-01-027-12-018" }, "geometry": { "type": "Polygon", "coordinates": [ [ [ 121.959656444355005, 13.399003247155068 ], [ 121.959906516965148, 13.399525251166571 ], [ 121.96046154606853, 13.399541010328353 ], [ 121.959767007306255, 13.398895914978285 ], [ 121.959656444355005, 13.399003247155068 ] ] ] } },
{ "type": "Feature", "properties": { "Id": 0, "CLN": "21061", "PSGC": "174001029", "Barangay": "Hinapulan", "Land_Class": null, "PIN": "030-01-050-04-045" }, "geometry": { "type": "Polygon", "coordinates": [ [ [ 121.95882148355372, 13.399008787955212 ], [ 121.957298459894645, 13.400062414735027 ], [ 121.957220007882995, 13.400169878331472 ], [ 121.957256456323023, 13.40022841381181 ], [ 121.957223898654917, 13.400331575792327 ], [ 121.957368860488245, 13.400758833696134 ], [ 121.957486375043615, 13.401168013601819 ], [ 121.957733346806862, 13.401344188158397 ], [ 121.957884309639397, 13.401443616651294 ], [ 121.957980164206035, 13.401556291060999 ], [ 121.958053487341445, 13.401574558290919 ], [ 121.958259732897872, 13.401620320926552 ], [ 121.959906516965148, 13.399525251166571 ], [ 121.959656444355005, 13.399003247155068 ], [ 121.959206117566524, 13.399176546316541 ], [ 121.95882148355372, 13.399008787955212 ] ] ] } },
{ "type": "Feature", "properties": { "Id": 0, "CLN": "21062", "PSGC": "174001029", "Barangay": "Hinapulan", "Land_Class": null, "PIN": "030-01-027-12-033" }, "geometry": { "type": "Polygon", "coordinates": [ [ [ 121.958635213299104, 13.398585851522851 ], [ 121.957593118463649, 13.398104058485098 ], [ 121.957387381497, 13.39858968464671 ], [ 121.957363941062667, 13.398706357773586 ], [ 121.957294722570737, 13.398800386111869 ], [ 121.957303587925168, 13.398872281125954 ], [ 121.956976773614613, 13.399126926915383 ], [ 121.957220007882995, 13.400169878331472 ], [ 121.957298459894645, 13.400062414735027 ], [ 121.95882148355372, 13.399008787955212 ], [ 121.958635213299104, 13.398585851522851 ] ] ] } },
{ "type": "Feature", "properties": { "Id": 0, "CLN": "21060", "PSGC": "174001029", "Barangay": "Hinapulan", "Land_Class": null, "PIN": "030-01-027-12-016" }, "geometry": { "type": "Polygon", "coordinates": [ [ [ 121.959906516965148, 13.39952525116659 ], [ 121.958259732897872, 13.401620320926593 ], [ 121.958337430926491, 13.401688008786973 ], [ 121.958405973262145, 13.40175116770062 ], [ 121.958401269722401, 13.401778095199065 ], [ 121.958295079634851, 13.401934847321566 ], [ 121.958160938696821, 13.402190289346153 ], [ 121.957857541820772, 13.402332753861415 ], [ 121.957781684045912, 13.402902816704485 ], [ 121.960626190799772, 13.400727352826943 ], [ 121.96046154606853, 13.39954101032837 ], [ 121.959906516965148, 13.39952525116659 ] ] ] } },
{ "type": "Feature", "properties": { "Id": 0, "CLN": "21042", "PSGC": "174001029", "Barangay": "Hinapulan", "Land_Class": null, "PIN": "030-01-027-12-015" }, "geometry": { "type": "Polygon", "coordinates": [ [ [ 121.957781684045912, 13.402902816704485 ], [ 121.957864685478867, 13.403208703095387 ], [ 121.957796497595908, 13.403861883814333 ], [ 121.957854684448435, 13.403932859654693 ], [ 121.958077327752846, 13.404166195761492 ], [ 121.958190348149486, 13.404287923305555 ], [ 121.958361425251212, 13.404510941269452 ], [ 121.958409594920781, 13.4045111400515 ], [ 121.958457634065326, 13.404541653547474 ], [ 121.958526404384315, 13.404552042401333 ], [ 121.958577971252438, 13.404562360256749 ], [ 121.958588148316196, 13.404596085871958 ], [ 121.958579265724325, 13.405060883241918 ], [ 121.959201820578926, 13.405912278641381 ], [ 121.960232562707603, 13.405458429702923 ], [ 121.961677384933566, 13.405528376677561 ], [ 121.962950201943443, 13.405590872003277 ], [ 121.963005383287296, 13.405560783434572 ], [ 121.962971366091381, 13.405469697770762 ], [ 121.962820668152432, 13.405307396951203 ], [ 121.962831178029887, 13.405263651376425 ], [ 121.962724530581923, 13.40525984474097 ], [ 121.962700763420031, 13.405185643004685 ], [ 121.962890854266803, 13.404987690543075 ], [ 121.96298732389846, 13.404957771617335 ], [ 121.96330430158163, 13.404858022742809 ], [ 121.963366286641175, 13.404043132479428 ], [ 121.963031264848098, 13.403536501329402 ], [ 121.963014812226248, 13.403361278654048 ], [ 121.963170350161349, 13.403196867565999 ], [ 121.963259750032819, 13.403210708218166 ], [ 121.963274191153189, 13.403052454260425 ], [ 121.962690056288025, 13.402868162778455 ], [ 121.962576774098281, 13.402807066653541 ], [ 121.962271435702903, 13.402600341287162 ], [ 121.962023247999909, 13.402300513559352 ], [ 121.960626190799772, 13.400727352826927 ], [ 121.957781684045912, 13.402902816704485 ] ] ] } },
{ "type": "Feature", "properties": { "Id": 0, "CLN": "21058", "PSGC": "174001029", "Barangay": "Hinapulan", "Land_Class": null, "PIN": "030-01-027-12-030" }, "geometry": { "type": "Polygon", "coordinates": [ [ [ 121.965458078005781, 13.399678912030099 ], [ 121.965271296075059, 13.399372747757182 ], [ 121.964958942690075, 13.399465781909257 ], [ 121.96478964701484, 13.399361791197229 ], [ 121.964840743466922, 13.399213792406574 ], [ 121.965048198778007, 13.398976611322247 ], [ 121.964856104283044, 13.398611062223956 ], [ 121.964664425803107, 13.39843534618857 ], [ 121.9637515540647, 13.398594036064248 ], [ 121.962924979637009, 13.398783762420917 ], [ 121.962487771464467, 13.398589431881446 ], [ 121.962198335848896, 13.398914901770175 ], [ 121.962790595803696, 13.400947338230727 ], [ 121.96299887455271, 13.400809577848777 ], [ 121.963288177216427, 13.400743398597331 ], [ 121.963646446464367, 13.400641572841771 ], [ 121.964004984640923, 13.400476871442724 ], [ 121.965296343894749, 13.399952210077043 ], [ 121.965315385245802, 13.399790606339966 ], [ 121.965458078005781, 13.399678912030099 ] ] ] } },
{ "type": "Feature", "properties": { "Id": 0, "CLN": "21057", "PSGC": "174001029", "Barangay": "Hinapulan", "Land_Class": null, "PIN": "030-01-027-12-027" }, "geometry": { "type": "Polygon", "coordinates": [ [ [ 121.966440593358698, 13.399498236763247 ], [ 121.966734580835777, 13.3991401470133 ], [ 121.967267997303324, 13.399114259476521 ], [ 121.967636170645136, 13.398840681267222 ], [ 121.967584529202128, 13.398602048104156 ], [ 121.967584170778466, 13.398283264540717 ], [ 121.967334126202644, 13.397692732066526 ], [ 121.967758599535614, 13.397198328033562 ], [ 121.966531864099096, 13.396674520163973 ], [ 121.964849922553029, 13.398449562846162 ], [ 121.964979836022508, 13.398604841333777 ], [ 121.965221739082594, 13.39889255190548 ], [ 121.964956253611277, 13.399290054253312 ], [ 121.965386619608324, 13.399224450630539 ], [ 121.965631517928998, 13.399618430543329 ], [ 121.966090196548237, 13.399637151008035 ], [ 121.966440593358698, 13.399498236763247 ] ] ] } },
{ "type": "Feature", "properties": { "Id": 0, "CLN": "21053", "PSGC": "174001029", "Barangay": "Hinapulan", "Land_Class": null, "PIN": "030-01-027-12-023" }, "geometry": { "type": "Polygon", "coordinates": [ [ [ 121.968088937431304, 13.401349805822106 ], [ 121.967257960716907, 13.399213035969751 ], [ 121.966791934249414, 13.399211129467989 ], [ 121.966397850004682, 13.399593718600434 ], [ 121.966432286247382, 13.401580904080836 ], [ 121.965700167748849, 13.402142202191563 ], [ 121.964655544543362, 13.402648188059558 ], [ 121.964549013718766, 13.403182031590971 ], [ 121.964794012087296, 13.403249071100282 ], [ 121.965051326025318, 13.403304154570149 ], [ 121.965339634007123, 13.403281323843419 ], [ 121.965609699881426, 13.403222399114885 ], [ 121.965867706879465, 13.403115399458878 ], [ 121.966204634731767, 13.403194820516301 ], [ 121.966383813771699, 13.403238326728122 ], [ 121.968088937431304, 13.401349805822106 ] ] ] } },
{ "type": "Feature", "properties": { "Id": 0, "CLN": "21055", "PSGC": "174001029", "Barangay": "Hinapulan", "Land_Class": null, "PIN": "030-01-027-12-022" }, "geometry": { "type": "Polygon", "coordinates": [ [ [ 121.966432286247382, 13.401580904080836 ], [ 121.966397850004682, 13.399593718600434 ], [ 121.965968024562258, 13.399730031287397 ], [ 121.965624687358243, 13.399716618673647 ], [ 121.965519546234631, 13.399926298329271 ], [ 121.965445629285284, 13.40000403647565 ], [ 121.965700167748849, 13.402142202191563 ], [ 121.966432286247382, 13.401580904080836 ] ] ] } },
{ "type": "Feature", "properties": { "Id": 0, "CLN": "21054", "PSGC": "174001029", "Barangay": "Hinapulan", "Land_Class": null, "PIN": "030-01-027-12-021" }, "geometry": { "type": "Polygon", "coordinates": [ [ [ 121.964655544543362, 13.402648188059558 ], [ 121.965700167748849, 13.402142202191563 ], [ 121.965445629285284, 13.40000403647565 ], [ 121.964173593225567, 13.400635155266714 ], [ 121.964655544543362, 13.402648188059558 ] ] ] } },
{ "type": "Feature", "properties": { "Id": 0, "CLN": "21052", "PSGC": "174001029", "Barangay": "Hinapulan", "Land_Class": null, "PIN": "030-01-027-12-020" }, "geometry": { "type": "Polygon", "coordinates": [ [ [ 121.964549013718766, 13.403182031590992 ], [ 121.964655544543362, 13.40264818805958 ], [ 121.964173593225567, 13.40063515526673 ], [ 121.963031454276177, 13.401002662147164 ], [ 121.962963462365408, 13.401128449014687 ], [ 121.962570218552457, 13.401312931030148 ], [ 121.962179861710666, 13.402253820880938 ], [ 121.962699099501577, 13.402718197376737 ], [ 121.96280942416972, 13.402730656985119 ], [ 121.963347831976165, 13.403015016570196 ], [ 121.963409229304929, 13.402997259249867 ], [ 121.963427471027913, 13.40303335305299 ], [ 121.963426879443404, 13.403171423059415 ], [ 121.963358887034914, 13.403297209982966 ], [ 121.964475546038983, 13.403189141832323 ], [ 121.964549013718766, 13.403182031590992 ] ] ] } },
{ "type": "Feature", "properties": { "Id": 0, "CLN": "21051", "PSGC": "174001029", "Barangay": "Hinapulan", "Land_Class": null, "PIN": "030-01-027-12-014" }, "geometry": { "type": "Polygon", "coordinates": [ [ [ 121.964475546038983, 13.403189141832323 ], [ 121.963358887034914, 13.403297209982966 ], [ 121.963156247252641, 13.40336241236718 ], [ 121.963417737937178, 13.403873753973805 ], [ 121.964602634689427, 13.403548443760153 ], [ 121.964573130724702, 13.403278180935768 ], [ 121.964475546038983, 13.403189141832323 ] ] ] } },
{ "type": "Feature", "properties": { "Id": 0, "CLN": "21043", "PSGC": "174001029", "Barangay": "Hinapulan", "Land_Class": null, "PIN": "030-01-027-12-013" }, "geometry": { "type": "Polygon", "coordinates": [ [ [ 121.963417737937178, 13.403873753973805 ], [ 121.963484675933671, 13.40399409183329 ], [ 121.963419625561315, 13.404864281275149 ], [ 121.963798733463193, 13.405117970196535 ], [ 121.964602634689427, 13.403548443760153 ], [ 121.963417737937178, 13.403873753973805 ] ] ] } },
{ "type": "Feature", "properties": { "Id": 0, "CLN": "21044", "PSGC": "174001029", "Barangay": "Hinapulan", "Land_Class": null, "PIN": "030-01-027-12-012" }, "geometry": { "type": "Polygon", "coordinates": [ [ [ 121.963798733463193, 13.405117970196535 ], [ 121.964135740289564, 13.405179385024789 ], [ 121.964794012087296, 13.403249071100282 ], [ 121.964549013718766, 13.403182031590992 ], [ 121.964475546038983, 13.403189141832323 ], [ 121.964573130724702, 13.403278180935768 ], [ 121.964602634689427, 13.403548443760153 ], [ 121.963798733463193, 13.405117970196535 ] ] ] } },
{ "type": "Feature", "properties": { "Id": 0, "CLN": "21045", "PSGC": "174001029", "Barangay": "Hinapulan", "Land_Class": null, "PIN": "030-01-027-12-011" }, "geometry": { "type": "Polygon", "coordinates": [ [ [ 121.964794012087296, 13.403249071100282 ], [ 121.964135740289535, 13.40517938502477 ], [ 121.964423690720196, 13.405240598141459 ], [ 121.965051326025318, 13.403304154570149 ], [ 121.964794012087296, 13.403249071100282 ] ] ] } },
{ "type": "Feature", "properties": { "Id": 0, "CLN": "21046", "PSGC": "174001029", "Barangay": "Hinapulan", "Land_Class": null, "PIN": "030-01-027-12-010" }, "geometry": { "type": "Polygon", "coordinates": [ [ [ 121.965051326025318, 13.403304154570149 ], [ 121.964423690720196, 13.405240598141459 ], [ 121.964651245565861, 13.405085449779401 ], [ 121.965339634007123, 13.403281323843419 ], [ 121.965051326025318, 13.403304154570149 ] ] ] } },
{ "type": "Feature", "properties": { "Id": 0, "CLN": "21047", "PSGC": "174001029", "Barangay": "Hinapulan", "Land_Class": null, "PIN": "030-01-027-12-009" }, "geometry": { "type": "Polygon", "coordinates": [ [ [ 121.965339634007123, 13.403281323843419 ], [ 121.964651245565861, 13.405085449779401 ], [ 121.96494650974509, 13.404870547351978 ], [ 121.965609699881426, 13.403222399114885 ], [ 121.965339634007123, 13.403281323843419 ] ] ] } },
{ "type": "Feature", "properties": { "Id": 0, "CLN": "21048", "PSGC": "174001029", "Barangay": "Hinapulan", "Land_Class": null, "PIN": "030-01-027-12-008" }, "geometry": { "type": "Polygon", "coordinates": [ [ [ 121.965867706879465, 13.403115399458878 ], [ 121.965609699881426, 13.403222399114885 ], [ 121.96494650974509, 13.404870547351978 ], [ 121.965124801963157, 13.404763221704465 ], [ 121.965198412414679, 13.404757520350191 ], [ 121.965867706879465, 13.403115399458878 ] ] ] } },
{ "type": "Feature", "properties": { "Id": 0, "CLN": "21049", "PSGC": "174001029", "Barangay": "Hinapulan", "Land_Class": null, "PIN": "030-01-027-12-007" }, "geometry": { "type": "Polygon", "coordinates": [ [ [ 121.965867706879465, 13.403115399458878 ], [ 121.965198412414679, 13.404757520350191 ], [ 121.965449493291558, 13.404836590577654 ], [ 121.966204634731767, 13.403194820516301 ], [ 121.965867706879465, 13.403115399458878 ] ] ] } },
{ "type": "Feature", "properties": { "Id": 0, "CLN": "21050", "PSGC": "174001029", "Barangay": "Hinapulan", "Land_Class": null, "PIN": "030-01-027-12-006" }, "geometry": { "type": "Polygon", "coordinates": [ [ [ 121.966204634731767, 13.403194820516301 ], [ 121.965449493291558, 13.404836590577654 ], [ 121.96564668469864, 13.405049843639981 ], [ 121.966383813771699, 13.403238326728122 ], [ 121.966204634731767, 13.403194820516301 ] ] ] } },
{ "type": "Feature", "properties": { "Id": 0, "CLN": "20992", "PSGC": "174001029", "Barangay": "Hinapulan", "Land_Class": null, "PIN": "030-01-027-04-062" }, "geometry": { "type": "Polygon", "coordinates": [ [ [ 121.9515501232014, 13.404414822704871 ], [ 121.951528420454608, 13.404343455178356 ], [ 121.951588630221181, 13.404003133397801 ], [ 121.951440778121494, 13.404067159579158 ], [ 121.95115502718653, 13.404104179202877 ], [ 121.950765209608065, 13.404749628533146 ], [ 121.9515501232014, 13.404414822704871 ] ] ] } },
{ "type": "Feature", "properties": { "Id": 0, "CLN": "20995", "PSGC": "174001029", "Barangay": "Hinapulan", "Land_Class": null, "PIN": "030-01-027-04-042" }, "geometry": { "type": "Polygon", "coordinates": [ [ [ 121.951759501840385, 13.403093515381922 ], [ 121.951420325016286, 13.403092106703191 ], [ 121.95114200765687, 13.40309520748384 ], [ 121.95115502718653, 13.404104179202877 ], [ 121.951440778121494, 13.404067159579158 ], [ 121.951588630221181, 13.404003133397801 ], [ 121.95186183588028, 13.403513313693473 ], [ 121.951759501840385, 13.403093515381922 ] ] ] } },
{ "type": "Feature", "properties": { "Id": 0, "CLN": "20905", "PSGC": "174001029", "Barangay": "Hinapulan", "Land_Class": null, "PIN": "030-01-027-05-001" }, "geometry": { "type": "Polygon", "coordinates": [ [ [ 121.94755698627759, 13.414390669465018 ], [ 121.948392145250253, 13.414321828761302 ], [ 121.947729224709775, 13.414201064420809 ], [ 121.947738867343602, 13.41416792205897 ], [ 121.947584678547074, 13.414133111696282 ], [ 121.947567815348592, 13.414187965910999 ], [ 121.947565507060276, 13.414240846609529 ], [ 121.94756112961781, 13.414291684430912 ], [ 121.947558768182816, 13.414356770367503 ], [ 121.94755698627759, 13.414390669465018 ] ] ] } },
{ "type": "Feature", "properties": { "Id": 0, "CLN": "20906", "PSGC": "174001029", "Barangay": "Hinapulan", "Land_Class": null, "PIN": "030-01-027-05-031" }, "geometry": { "type": "Polygon", "coordinates": [ [ [ 121.947584678547074, 13.414133111696282 ], [ 121.947738867343602, 13.41416792205897 ], [ 121.947769810202772, 13.414061569359175 ], [ 121.947617254966872, 13.414023802073839 ], [ 121.94759740343531, 13.414074171726817 ], [ 121.947584678547074, 13.414133111696282 ] ] ] } },
{ "type": "Feature", "properties": { "Id": 0, "CLN": "20897", "PSGC": "174001029", "Barangay": "Hinapulan", "Land_Class": null, "PIN": "030-01-027-05-040" }, "geometry": { "type": "Polygon", "coordinates": [ [ [ 121.946991212603123, 13.414335672393007 ], [ 121.947073900720412, 13.414360309267575 ], [ 121.947081652424544, 13.414303006457382 ], [ 121.947087556212253, 13.414240886206214 ], [ 121.947093994038269, 13.41419412548659 ], [ 121.947104667623236, 13.414129074258684 ], [ 121.947117445789928, 13.414057929084771 ], [ 121.947042735014463, 13.414035240548181 ], [ 121.946991212603123, 13.414335672393007 ] ] ] } },
{ "type": "Feature", "properties": { "Id": 0, "CLN": "20896", "PSGC": "174001029", "Barangay": "Hinapulan", "Land_Class": null, "PIN": "030-01-027-05-039" }, "geometry": { "type": "Polygon", "coordinates": [ [ [ 121.947081652424544, 13.414303006457382 ], [ 121.947073900720412, 13.414360309267575 ], [ 121.947537506371731, 13.414498439707723 ], [ 121.947550789080481, 13.414424954727824 ], [ 121.947081652424544, 13.414303006457382 ] ] ] } },
{ "type": "Feature", "properties": { "Id": 0, "CLN": "20898", "PSGC": "174001029", "Barangay": "Hinapulan", "Land_Class": null, "PIN": "030-01-027-05-038" }, "geometry": { "type": "Polygon", "coordinates": [ [ [ 121.947087556212253, 13.414240886206214 ], [ 121.947081652424544, 13.414303006457382 ], [ 121.947550789080481, 13.414424954727824 ], [ 121.94755698627759, 13.414390669465018 ], [ 121.947558768182816, 13.414356770367503 ], [ 121.947087556212253, 13.414240886206214 ] ] ] } },
{ "type": "Feature", "properties": { "Id": 0, "CLN": "20899", "PSGC": "174001029", "Barangay": "Hinapulan", "Land_Class": null, "PIN": "030-01-027-05-037" }, "geometry": { "type": "Polygon", "coordinates": [ [ [ 121.947093994038269, 13.41419412548659 ], [ 121.947087556212253, 13.414240886206214 ], [ 121.947558768182816, 13.414356770367503 ], [ 121.94756112961781, 13.414291684430912 ], [ 121.947093994038269, 13.41419412548659 ] ] ] } },
{ "type": "Feature", "properties": { "Id": 0, "CLN": "20900", "PSGC": "174001029", "Barangay": "Hinapulan", "Land_Class": null, "PIN": "030-01-027-05-036" }, "geometry": { "type": "Polygon", "coordinates": [ [ [ 121.947104667623236, 13.414129074258684 ], [ 121.947093994038269, 13.41419412548659 ], [ 121.94756112961781, 13.414291684430912 ], [ 121.947565507060276, 13.414240846609529 ], [ 121.947104667623236, 13.414129074258684 ] ] ] } },
{ "type": "Feature", "properties": { "Id": 0, "CLN": "20901", "PSGC": "174001029", "Barangay": "Hinapulan", "Land_Class": null, "PIN": "030-01-027-05-035" }, "geometry": { "type": "Polygon", "coordinates": [ [ [ 121.947117445789928, 13.414057929084771 ], [ 121.947104667623236, 13.414129074258684 ], [ 121.947565507060276, 13.414240846609529 ], [ 121.947567815348592, 13.414187965910999 ], [ 121.947117445789928, 13.414057929084771 ] ] ] } },
{ "type": "Feature", "properties": { "Id": 0, "CLN": "20902", "PSGC": "174001029", "Barangay": "Hinapulan", "Land_Class": null, "PIN": "030-01-027-05-034" }, "geometry": { "type": "Polygon", "coordinates": [ [ [ 121.947042735014463, 13.414035240548181 ], [ 121.947117445789928, 13.414057929084771 ], [ 121.947567815348592, 13.414187965910999 ], [ 121.947584678547074, 13.414133111696282 ], [ 121.947049163979429, 13.413990514035394 ], [ 121.947042735014463, 13.414035240548181 ] ] ] } },
{ "type": "Feature", "properties": { "Id": 0, "CLN": "20903", "PSGC": "174001029", "Barangay": "Hinapulan", "Land_Class": null, "PIN": "030-01-027-05-033" }, "geometry": { "type": "Polygon", "coordinates": [ [ [ 121.947049163979429, 13.413990514035394 ], [ 121.947584678547074, 13.414133111696282 ], [ 121.94759740343531, 13.414074171726817 ], [ 121.94706596524918, 13.413949899305601 ], [ 121.947049163979429, 13.413990514035394 ] ] ] } },
{ "type": "Feature", "properties": { "Id": 0, "CLN": "20904", "PSGC": "174001029", "Barangay": "Hinapulan", "Land_Class": null, "PIN": "030-01-027-05-032" }, "geometry": { "type": "Polygon", "coordinates": [ [ [ 121.94706596524918, 13.413949899305601 ], [ 121.94759740343531, 13.414074171726817 ], [ 121.947617254966872, 13.414023802073839 ], [ 121.947078892413231, 13.413890521712705 ], [ 121.94706596524918, 13.413949899305601 ] ] ] } },
{ "type": "Feature", "properties": { "Id": 0, "CLN": "21001", "PSGC": "174001029", "Barangay": "Hinapulan", "Land_Class": null, "PIN": "030-01-027-06-023" }, "geometry": { "type": "Polygon", "coordinates": [ [ [ 121.941154731686055, 13.403955302619121 ], [ 121.94131308154283, 13.404232049025032 ], [ 121.942531309939454, 13.403129193766672 ], [ 121.941262938287267, 13.402971305448816 ], [ 121.941154731686055, 13.403955302619121 ] ] ] } },
{ "type": "Feature", "properties": { "Id": 0, "CLN": "20694", "PSGC": "174001029", "Barangay": "Hinapulan", "Land_Class": null, "PIN": "030-01-027-11-001" }, "geometry": { "type": "Polygon", "coordinates": [ [ [ 121.943361990255681, 13.398423348089507 ], [ 121.942948091022927, 13.398241179986004 ], [ 121.942418147564396, 13.398253997366094 ], [ 121.942293798793358, 13.398591793620618 ], [ 121.942170141155643, 13.398981819851791 ], [ 121.943118230156912, 13.399402335416079 ], [ 121.943923306591216, 13.39976378055205 ], [ 121.944120403301412, 13.399438942138328 ], [ 121.943871418256137, 13.398949406753953 ], [ 121.943672955733845, 13.398840022351116 ], [ 121.943548750939982, 13.398597966773261 ], [ 121.943361990255681, 13.398423348089507 ] ] ] } },
{ "type": "Feature", "properties": { "Id": 0, "CLN": "20774", "PSGC": "174001029", "Barangay": "Hinapulan", "Land_Class": null, "PIN": "030-01-027-08-048" }, "geometry": { "type": "Polygon", "coordinates": [ [ [ 121.938897549601649, 13.406167866486403 ], [ 121.939103697493437, 13.406422360847804 ], [ 121.939268482192603, 13.406919036590834 ], [ 121.939741948059634, 13.406608218637668 ], [ 121.93969581582175, 13.40596831925402 ], [ 121.939580041142221, 13.406111555230398 ], [ 121.939415774678722, 13.40615313627017 ], [ 121.938897549601649, 13.406167866486403 ] ] ] } },
{ "type": "Feature", "properties": { "Id": 0, "CLN": "20773", "PSGC": "174001029", "Barangay": "Hinapulan", "Land_Class": null, "PIN": "030-01-027-08-049" }, "geometry": { "type": "Polygon", "coordinates": [ [ [ 121.938588412523686, 13.406058539952744 ], [ 121.938736124537712, 13.406217913275226 ], [ 121.938897549601649, 13.406167866486403 ], [ 121.939415774678722, 13.40615313627017 ], [ 121.939580041142221, 13.406111555230398 ], [ 121.93969581582175, 13.40596831925402 ], [ 121.938588412523686, 13.406058539952744 ] ] ] } },
{ "type": "Feature", "properties": { "Id": 0, "CLN": "20772", "PSGC": "174001029", "Barangay": "Hinapulan", "Land_Class": null, "PIN": "030-01-027-08-050" }, "geometry": { "type": "Polygon", "coordinates": [ [ [ 121.939720684098134, 13.40576771335928 ], [ 121.938609520220524, 13.405913340765023 ], [ 121.938588412523686, 13.406058539952744 ], [ 121.93969581582175, 13.40596831925402 ], [ 121.939720684098134, 13.40576771335928 ] ] ] } },
{ "type": "Feature", "properties": { "Id": 0, "CLN": "20770", "PSGC": "174001029", "Barangay": "Hinapulan", "Land_Class": null, "PIN": "030-01-027-08-051" }, "geometry": { "type": "Polygon", "coordinates": [ [ [ 121.939601575042857, 13.404920534567568 ], [ 121.938997787331402, 13.403660295803313 ], [ 121.938805354146979, 13.403779725215131 ], [ 121.93849802454082, 13.403842309598854 ], [ 121.937978922005442, 13.404058058002576 ], [ 121.937629240567091, 13.404150522662661 ], [ 121.937332582847034, 13.404404780246008 ], [ 121.936970907495308, 13.404606159370381 ], [ 121.936736286252, 13.404717894497173 ], [ 121.937434358396104, 13.405482552032547 ], [ 121.937912553802065, 13.404968542117162 ], [ 121.93837543301251, 13.405611760448608 ], [ 121.939601575042857, 13.404920534567568 ] ] ] } },
{ "type": "Feature", "properties": { "Id": 0, "CLN": "20769", "PSGC": "174001029", "Barangay": "Hinapulan", "Land_Class": null, "PIN": "030-01-027-08-045" }, "geometry": { "type": "Polygon", "coordinates": [ [ [ 121.936218238999373, 13.405056595411491 ], [ 121.936281682220653, 13.405758252493726 ], [ 121.936925125454948, 13.406071579051078 ], [ 121.937434358396104, 13.405482552032547 ], [ 121.936736286252, 13.404717894497173 ], [ 121.936218238999373, 13.405056595411491 ] ] ] } },
{ "type": "Feature", "properties": { "Id": 0, "CLN": "20767", "PSGC": "174001029", "Barangay": "Hinapulan", "Land_Class": null, "PIN": "030-01-027-08-043" }, "geometry": { "type": "Polygon", "coordinates": [ [ [ 121.936218238999373, 13.405056595411491 ], [ 121.934755821886526, 13.405558300849716 ], [ 121.934941905342029, 13.406009979360944 ], [ 121.934736815084136, 13.406124541722958 ], [ 121.935344897397883, 13.406305386521311 ], [ 121.935384240847853, 13.406180312101982 ], [ 121.935553670675858, 13.40605577863113 ], [ 121.93572967274946, 13.40560061766754 ], [ 121.936218238999373, 13.405056595411491 ] ] ] } },
{ "type": "Feature", "properties": { "Id": 0, "CLN": "20733", "PSGC": "174001029", "Barangay": "Hinapulan", "Land_Class": null, "PIN": "030-01-027-08-041" }, "geometry": { "type": "Polygon", "coordinates": [ [ [ 121.935034798140563, 13.404304638900616 ], [ 121.934734597258057, 13.404191920588323 ], [ 121.93463072948353, 13.404230781412689 ], [ 121.934207773590714, 13.404441776439883 ], [ 121.934053357840796, 13.405396926762094 ], [ 121.934755821886526, 13.405558300849716 ], [ 121.936218238999373, 13.405056595411491 ], [ 121.936736286252, 13.404717894497173 ], [ 121.936266638368181, 13.404645498339752 ], [ 121.935637714607452, 13.404522608803754 ], [ 121.935269960305504, 13.404360740160874 ], [ 121.935034798140563, 13.404304638900616 ] ] ] } },
{ "type": "Feature", "properties": { "Id": 0, "CLN": "20725", "PSGC": "174001029", "Barangay": "Hinapulan", "Land_Class": null, "PIN": "030-01-027-08-053" }, "geometry": { "type": "Polygon", "coordinates": [ [ [ 121.937276129226873, 13.404344145095973 ], [ 121.937584279279662, 13.404094945877251 ], [ 121.937180965781195, 13.403872811159555 ], [ 121.936341477553086, 13.403919374328391 ], [ 121.934738667309517, 13.403267645076685 ], [ 121.934203106631983, 13.403065821244219 ], [ 121.93420745781539, 13.404348671501213 ], [ 121.934616718806083, 13.40415991309834 ], [ 121.934734834505193, 13.404138045610789 ], [ 121.935285709699741, 13.404270627939059 ], [ 121.935592031867785, 13.404437247424609 ], [ 121.936763146308635, 13.404622540695701 ], [ 121.937276129226873, 13.404344145095973 ] ] ] } },
{ "type": "Feature", "properties": { "Id": 0, "CLN": "20724", "PSGC": "174001029", "Barangay": "Hinapulan", "Land_Class": null, "PIN": "030-01-027-09-001" }, "geometry": { "type": "Polygon", "coordinates": [ [ [ 121.937999368129283, 13.403966434486037 ], [ 121.938774021482615, 13.40353382855451 ], [ 121.938978479138882, 13.403589797281102 ], [ 121.939023923071218, 13.402562952381301 ], [ 121.938582920081558, 13.402766505682406 ], [ 121.937676446582003, 13.402918000442922 ], [ 121.937653842762899, 13.40340386845552 ], [ 121.937225339075368, 13.403091449144764 ], [ 121.936990089474193, 13.403055389101853 ], [ 121.936848671625341, 13.402628949645226 ], [ 121.935850546469879, 13.40267484333264 ], [ 121.93489885332913, 13.402635760225268 ], [ 121.935694373531234, 13.402113073152853 ], [ 121.935221449311825, 13.401429728928301 ], [ 121.934747094057741, 13.401072023113725 ], [ 121.93447395055648, 13.400689168820943 ], [ 121.934747254704305, 13.40004451683304 ], [ 121.933275759579104, 13.400208486844599 ], [ 121.93333377461299, 13.400563175476137 ], [ 121.933059190173793, 13.401513180040205 ], [ 121.933075260877644, 13.402285788884685 ], [ 121.932719565597765, 13.402921386141989 ], [ 121.934203106631983, 13.403065821244219 ], [ 121.934738667309517, 13.403267645076685 ], [ 121.936341477553086, 13.403919374328391 ], [ 121.937180965781195, 13.403872811159555 ], [ 121.937584279279662, 13.404094945877251 ], [ 121.937999368129283, 13.403966434486037 ] ] ] } },
{ "type": "Feature", "properties": { "Id": 0, "CLN": "20722", "PSGC": "174001029", "Barangay": "Hinapulan", "Land_Class": null, "PIN": "030-01-027-09-002" }, "geometry": { "type": "Polygon", "coordinates": [ [ [ 121.936848671625341, 13.402628949645226 ], [ 121.936990089474193, 13.403055389101853 ], [ 121.937225339075368, 13.403091449144764 ], [ 121.937653842762899, 13.40340386845552 ], [ 121.937676446582003, 13.402918000442922 ], [ 121.937503178712291, 13.402751943556787 ], [ 121.937349852809433, 13.402706208809033 ], [ 121.936848671625341, 13.402628949645226 ] ] ] } },
{ "type": "Feature", "properties": { "Id": 0, "CLN": "20718", "PSGC": "174001029", "Barangay": "Hinapulan", "Land_Class": null, "PIN": "030-01-027-09-003" }, "geometry": { "type": "Polygon", "coordinates": [ [ [ 121.935694373531234, 13.402113073152853 ], [ 121.93489885332913, 13.402635760225268 ], [ 121.935850546469879, 13.40267484333264 ], [ 121.936848671625341, 13.402628949645226 ], [ 121.937349852809433, 13.402706208809033 ], [ 121.937311355688536, 13.402149944628441 ], [ 121.935694373531234, 13.402113073152853 ] ] ] } },
{ "type": "Feature", "properties": { "Id": 0, "CLN": "20717", "PSGC": "174001029", "Barangay": "Hinapulan", "Land_Class": null, "PIN": "030-01-027-09-014" }, "geometry": { "type": "Polygon", "coordinates": [ [ [ 121.937311355688536, 13.402149944628441 ], [ 121.937444497452006, 13.402130465340361 ], [ 121.937424643709761, 13.401990103753835 ], [ 121.937352999427191, 13.401989802190322 ], [ 121.9372562520266, 13.401879176489985 ], [ 121.937021597858376, 13.401707850983239 ], [ 121.93675557893944, 13.401686691042979 ], [ 121.936663773240923, 13.401616165380185 ], [ 121.936341550752815, 13.401574728568736 ], [ 121.93609139107285, 13.401438406425212 ], [ 121.935221449311825, 13.401429728928301 ], [ 121.935694373531234, 13.402113073152853 ], [ 121.937311355688536, 13.402149944628441 ] ] ] } },
{ "type": "Feature", "properties": { "Id": 0, "CLN": "20719", "PSGC": "174001029", "Barangay": "Hinapulan", "Land_Class": null, "PIN": "030-01-027-09-004" }, "geometry": { "type": "Polygon", "coordinates": [ [ [ 121.937424643709761, 13.401990103753835 ], [ 121.937444497452006, 13.402130465340361 ], [ 121.937311355688536, 13.402149944628441 ], [ 121.937349852809433, 13.402706208809033 ], [ 121.937503178712291, 13.402751943556787 ], [ 121.937828856213045, 13.402006834564988 ], [ 121.937424643709761, 13.401990103753835 ] ] ] } },
{ "type": "Feature", "properties": { "Id": 0, "CLN": "20720", "PSGC": "174001029", "Barangay": "Hinapulan", "Land_Class": null, "PIN": "030-01-027-09-005" }, "geometry": { "type": "Polygon", "coordinates": [ [ [ 121.937828856213045, 13.402006834564988 ], [ 121.937503178712291, 13.402751943556787 ], [ 121.937676446582003, 13.402918000442922 ], [ 121.938302164178637, 13.402313178818318 ], [ 121.938187648020488, 13.402169914161309 ], [ 121.937828856213045, 13.402006834564988 ] ] ] } },
{ "type": "Feature", "properties": { "Id": 0, "CLN": "20721", "PSGC": "174001029", "Barangay": "Hinapulan", "Land_Class": null, "PIN": "030-01-027-09-006" }, "geometry": { "type": "Polygon", "coordinates": [ [ [ 121.938302164178637, 13.402313178818318 ], [ 121.937676446582003, 13.402918000442922 ], [ 121.938582920081558, 13.402766505682406 ], [ 121.939023923071218, 13.402562952381301 ], [ 121.938539334670935, 13.402494533673485 ], [ 121.938302164178637, 13.402313178818318 ] ] ] } },
{ "type": "Feature", "properties": { "Id": 0, "CLN": "21102", "PSGC": "174001029", "Barangay": "Hinapulan", "Land_Class": null, "PIN": "030-01-027-09-015" }, "geometry": { "type": "Polygon", "coordinates": [ [ [ 121.936083931211911, 13.401045850264023 ], [ 121.93541548405959, 13.399439855823008 ], [ 121.934975189983206, 13.399483088388285 ], [ 121.934747254704305, 13.40004451683304 ], [ 121.93447395055648, 13.400689168820943 ], [ 121.934747094057741, 13.401072023113725 ], [ 121.935221449311825, 13.401429728928301 ], [ 121.93609139107285, 13.401438406425212 ], [ 121.936032140119394, 13.401185909981878 ], [ 121.936083931211911, 13.401045850264023 ] ] ] } },
{ "type": "Feature", "properties": { "Id": 0, "CLN": "21101", "PSGC": "174001029", "Barangay": "Hinapulan", "Land_Class": null, "PIN": "030-01-027-09-016" }, "geometry": { "type": "Polygon", "coordinates": [ [ [ 121.934737700363684, 13.399217845721962 ], [ 121.934547309567876, 13.399010384718698 ], [ 121.934329366898268, 13.399067587474601 ], [ 121.933275759579104, 13.400208486844599 ], [ 121.934747254704305, 13.40004451683304 ], [ 121.934975189983206, 13.399483088388285 ], [ 121.934737700363684, 13.399217845721962 ] ] ] } },
{ "type": "Feature", "properties": { "Id": 0, "CLN": "20702", "PSGC": "174001029", "Barangay": "Hinapulan", "Land_Class": null, "PIN": "030-01-027-09-030" }, "geometry": { "type": "Polygon", "coordinates": [ [ [ 121.93474400011695, 13.395936397642719 ], [ 121.934445051662664, 13.395914357568396 ], [ 121.93342701901625, 13.396725932113766 ], [ 121.932307750443414, 13.396864829645004 ], [ 121.932304325172936, 13.397641298941485 ], [ 121.933275759579104, 13.400208486844599 ], [ 121.934329366898268, 13.399067587474601 ], [ 121.934547309567876, 13.399010384718698 ], [ 121.934739320711088, 13.398849743512892 ], [ 121.935034118431091, 13.398578552721318 ], [ 121.935773927269778, 13.397772258645857 ], [ 121.936107997557798, 13.397283291854146 ], [ 121.936243359774139, 13.396693049433892 ], [ 121.936275688705507, 13.396202811083409 ], [ 121.93474400011695, 13.395936397642719 ] ] ] } },
{ "type": "Feature", "properties": { "Id": 0, "CLN": "20704", "PSGC": "174001029", "Barangay": "Hinapulan", "Land_Class": null, "PIN": "030-01-027-09-017" }, "geometry": { "type": "Polygon", "coordinates": [ [ [ 121.934975189983206, 13.399483088388285 ], [ 121.93541548405959, 13.399439855823008 ], [ 121.935640473017472, 13.399480883755079 ], [ 121.936650248571624, 13.398586179277611 ], [ 121.936985266872256, 13.398310646397301 ], [ 121.935773927269778, 13.397772258645857 ], [ 121.935034118431091, 13.398578552721318 ], [ 121.934739320711088, 13.398849743512892 ], [ 121.934547309567876, 13.399010384718698 ], [ 121.934737700363684, 13.399217845721962 ], [ 121.934975189983206, 13.399483088388285 ] ] ] } },
{ "type": "Feature", "properties": { "Id": 0, "CLN": "20705", "PSGC": "174001029", "Barangay": "Hinapulan", "Land_Class": null, "PIN": "030-01-027-09-019" }, "geometry": { "type": "Polygon", "coordinates": [ [ [ 121.936927449523353, 13.398592885319363 ], [ 121.936985266872256, 13.398310646397301 ], [ 121.936650248571624, 13.398586179277611 ], [ 121.935640473017472, 13.399480883755079 ], [ 121.93652313771068, 13.399795218569048 ], [ 121.936927449523353, 13.398592885319363 ] ] ] } },
{ "type": "Feature", "properties": { "Id": 0, "CLN": "20713", "PSGC": "174001029", "Barangay": "Hinapulan", "Land_Class": null, "PIN": "030-01-027-09-018" }, "geometry": { "type": "Polygon", "coordinates": [ [ [ 121.936083931211911, 13.401045850264023 ], [ 121.936437567677217, 13.400925849504906 ], [ 121.936729525074554, 13.400866960101487 ], [ 121.936522890017528, 13.399851579225587 ], [ 121.93652313771068, 13.399795218569048 ], [ 121.935640473017472, 13.399480883755079 ], [ 121.93541548405959, 13.399439855823008 ], [ 121.936083931211911, 13.401045850264023 ] ] ] } },
{ "type": "Feature", "properties": { "Id": 0, "CLN": "20712", "PSGC": "174001029", "Barangay": "Hinapulan", "Land_Class": null, "PIN": "030-01-027-03-010" }, "geometry": { "type": "Polygon", "coordinates": [ [ [ 121.936729525074554, 13.400866960101487 ], [ 121.936805593017581, 13.401025093206373 ], [ 121.93708562362886, 13.40106008934052 ], [ 121.936522890017528, 13.399851579225587 ], [ 121.936729525074554, 13.400866960101487 ] ] ] } },
{ "type": "Feature", "properties": { "Id": 0, "CLN": "20711", "PSGC": "174001029", "Barangay": "Hinapulan", "Land_Class": null, "PIN": "030-01-027-09-009" }, "geometry": { "type": "Polygon", "coordinates": [ [ [ 121.93708562362886, 13.40106008934052 ], [ 121.937338820842271, 13.401087457331698 ], [ 121.93681823841149, 13.399894154972966 ], [ 121.936522890017528, 13.399851579225587 ], [ 121.93708562362886, 13.40106008934052 ] ] ] } },
{ "type": "Feature", "properties": { "Id": 0, "CLN": "20714", "PSGC": "174001029", "Barangay": "Hinapulan", "Land_Class": null, "PIN": "030-01-027-09-013" }, "geometry": { "type": "Polygon", "coordinates": [ [ [ 121.936437567677217, 13.400925849504906 ], [ 121.936083931211911, 13.401045850264023 ], [ 121.936032140119394, 13.401185909981878 ], [ 121.93609139107285, 13.401438406425212 ], [ 121.936341550752815, 13.401574728568736 ], [ 121.936663773240923, 13.401616165380185 ], [ 121.936437567677217, 13.400925849504906 ] ] ] } },
{ "type": "Feature", "properties": { "Id": 0, "CLN": "20715", "PSGC": "174001029", "Barangay": "Hinapulan", "Land_Class": null, "PIN": "030-01-027-09-012" }, "geometry": { "type": "Polygon", "coordinates": [ [ [ 121.9372562520266, 13.401879176489985 ], [ 121.936805593017581, 13.401025093206373 ], [ 121.936729525074554, 13.400866960101487 ], [ 121.936437567677217, 13.400925849504906 ], [ 121.936663773240923, 13.401616165380185 ], [ 121.93675557893944, 13.401686691042979 ], [ 121.937021597858376, 13.401707850983239 ], [ 121.9372562520266, 13.401879176489985 ] ] ] } },
{ "type": "Feature", "properties": { "Id": 0, "CLN": "20716", "PSGC": "174001029", "Barangay": "Hinapulan", "Land_Class": null, "PIN": "030-01-027-09-011" }, "geometry": { "type": "Polygon", "coordinates": [ [ [ 121.937352999427191, 13.401989802190322 ], [ 121.93746419022284, 13.401381065882454 ], [ 121.937338820842271, 13.401087457331698 ], [ 121.93708562362886, 13.40106008934052 ], [ 121.936805593017581, 13.401025093206373 ], [ 121.9372562520266, 13.401879176489985 ], [ 121.937352999427191, 13.401989802190322 ] ] ] } },
{ "type": "Feature", "properties": { "Id": 0, "CLN": "20710", "PSGC": "174001029", "Barangay": "Hinapulan", "Land_Class": null, "PIN": "030-01-027-09-008" }, "geometry": { "type": "Polygon", "coordinates": [ [ [ 121.938187648020488, 13.402169914161309 ], [ 121.937057416517078, 13.399908939304238 ], [ 121.93681823841149, 13.399894154972966 ], [ 121.937338820842271, 13.401087457331698 ], [ 121.93746419022284, 13.401381065882454 ], [ 121.937352999427191, 13.401989802190322 ], [ 121.937424643709761, 13.401990103753835 ], [ 121.937828856213045, 13.402006834564988 ], [ 121.938187648020488, 13.402169914161309 ] ] ] } },
{ "type": "Feature", "properties": { "Id": 0, "CLN": "20709", "PSGC": "174001029", "Barangay": "Hinapulan", "Land_Class": null, "PIN": "030-01-027-09-007" }, "geometry": { "type": "Polygon", "coordinates": [ [ [ 121.937057416517078, 13.399908939304238 ], [ 121.938187648020488, 13.402169914161309 ], [ 121.938302164178637, 13.402313178818318 ], [ 121.938539334670935, 13.402494533673485 ], [ 121.939023923071218, 13.402562952381301 ], [ 121.940049443049404, 13.401467917195655 ], [ 121.94001140054543, 13.40080644625619 ], [ 121.938969135690058, 13.401583617593442 ], [ 121.938754554683044, 13.401502556758004 ], [ 121.938040377853753, 13.400983530770198 ], [ 121.937503055990717, 13.399813956350091 ], [ 121.937057416517078, 13.399908939304238 ] ] ] } },
{ "type": "Feature", "properties": { "Id": 0, "CLN": "20708", "PSGC": "174001029", "Barangay": "Hinapulan", "Land_Class": null, "PIN": "030-01-027-09-021" }, "geometry": { "type": "Polygon", "coordinates": [ [ [ 121.937503055990717, 13.399813956350091 ], [ 121.938040377853753, 13.400983530770198 ], [ 121.938754554683044, 13.401502556758004 ], [ 121.938969135690058, 13.401583617593442 ], [ 121.94001140054543, 13.40080644625619 ], [ 121.940242776208095, 13.400233640957365 ], [ 121.939250315918812, 13.39986500068442 ], [ 121.93864120047391, 13.400478662557223 ], [ 121.937980233242129, 13.399788270120126 ], [ 121.937723034260884, 13.399798460503991 ], [ 121.937503055990717, 13.399813956350091 ] ] ] } },
{ "type": "Feature", "properties": { "Id": 0, "CLN": "20707", "PSGC": "174001029", "Barangay": "Hinapulan", "Land_Class": null, "PIN": "030-01-027-09-022" }, "geometry": { "type": "Polygon", "coordinates": [ [ [ 121.940242776208095, 13.400233640957365 ], [ 121.940921958836981, 13.399394821691885 ], [ 121.940045003988516, 13.398944005213735 ], [ 121.939456581641039, 13.39921582832126 ], [ 121.939047920363279, 13.399631188437006 ], [ 121.939250315918812, 13.39986500068442 ], [ 121.940242776208095, 13.400233640957365 ] ] ] } },
{ "type": "Feature", "properties": { "Id": 0, "CLN": "20696", "PSGC": "174001029", "Barangay": "Hinapulan", "Land_Class": null, "PIN": "030-01-027-09-023" }, "geometry": { "type": "Polygon", "coordinates": [ [ [ 121.94157217670292, 13.398292164069305 ], [ 121.941254296761471, 13.398207748323282 ], [ 121.940557550200268, 13.398400071408979 ], [ 121.940365712900757, 13.398602820107916 ], [ 121.940045003988516, 13.398944005213735 ], [ 121.940921958836981, 13.399394821691885 ], [ 121.941404060450338, 13.398601367767505 ], [ 121.94157217670292, 13.398292164069305 ] ] ] } },
{ "type": "Feature", "properties": { "Id": 0, "CLN": "20695", "PSGC": "174001029", "Barangay": "Hinapulan", "Land_Class": null, "PIN": "030-01-027-09-024" }, "geometry": { "type": "Polygon", "coordinates": [ [ [ 121.939250315918812, 13.39986500068442 ], [ 121.939047920363279, 13.399631188437006 ], [ 121.939456581641039, 13.39921582832126 ], [ 121.940045003988516, 13.398944005213735 ], [ 121.940365712900757, 13.398602820107916 ], [ 121.940557550200268, 13.398400071408979 ], [ 121.941254296761471, 13.398207748323282 ], [ 121.94157217670292, 13.398292164069305 ], [ 121.941895559734661, 13.397117892609261 ], [ 121.941521963726672, 13.396189949783384 ], [ 121.940537800654468, 13.39709558344236 ], [ 121.940238114219753, 13.396732914398132 ], [ 121.939936118134838, 13.396897813169948 ], [ 121.939388033034604, 13.397057523982845 ], [ 121.938115322194747, 13.396994017460274 ], [ 121.937476323530575, 13.39728802213148 ], [ 121.937881290878508, 13.397832535049249 ], [ 121.937851178686898, 13.398585343806424 ], [ 121.937723034260884, 13.399798460503991 ], [ 121.937980233242129, 13.399788270120126 ], [ 121.93864120047391, 13.400478662557223 ], [ 121.939250315918812, 13.39986500068442 ] ] ] } },
{ "type": "Feature", "properties": { "Id": 0, "CLN": "20706", "PSGC": "174001029", "Barangay": "Hinapulan", "Land_Class": null, "PIN": "030-01-027-09-020" }, "geometry": { "type": "Polygon", "coordinates": [ [ [ 121.937851178686898, 13.398585343806424 ], [ 121.937881290878508, 13.397832535049247 ], [ 121.936985266872256, 13.398310646397301 ], [ 121.936927449523353, 13.398592885319363 ], [ 121.93652313771068, 13.399795218569048 ], [ 121.936522890017528, 13.399851579225587 ], [ 121.93681823841149, 13.399894154972966 ], [ 121.937057416517078, 13.399908939304238 ], [ 121.937503055990717, 13.399813956350091 ], [ 121.937723034260884, 13.399798460503991 ], [ 121.937851178686898, 13.398585343806424 ] ] ] } },
{ "type": "Feature", "properties": { "Id": 0, "CLN": "20998", "PSGC": "174001029", "Barangay": "Hinapulan", "Land_Class": null, "PIN": "030-01-027-06-018" }, "geometry": { "type": "Polygon", "coordinates": [ [ [ 121.944853805736969, 13.406055095893327 ], [ 121.945281487770998, 13.405022051823098 ], [ 121.944900235676997, 13.404696924214692 ], [ 121.943623085139322, 13.405327317285151 ], [ 121.943111221472108, 13.405330137372255 ], [ 121.941836336278882, 13.405360659125872 ], [ 121.942004870651388, 13.406349992740457 ], [ 121.942698021492532, 13.405961009297291 ], [ 121.943108323219974, 13.405993423075326 ], [ 121.943461224218055, 13.406046077213762 ], [ 121.943650985535996, 13.406406590263302 ], [ 121.944585999453693, 13.406389217028028 ], [ 121.944706515716433, 13.406175805352554 ], [ 121.944853805736969, 13.406055095893327 ] ] ] } },
{ "type": "Feature", "properties": { "Id": 0, "CLN": "21000", "PSGC": "174001029", "Barangay": "Hinapulan", "Land_Class": null, "PIN": "030-01-027-06-022" }, "geometry": { "type": "Polygon", "coordinates": [ [ [ 121.943118044660551, 13.403208570458331 ], [ 121.942531309939454, 13.403129193766672 ], [ 121.94131308154283, 13.404232049025032 ], [ 121.941738870878368, 13.404763511619077 ], [ 121.941836336278882, 13.405360659125872 ], [ 121.943111221472108, 13.405330137372255 ], [ 121.943623085139322, 13.405327317285151 ], [ 121.944900235676997, 13.404696924214692 ], [ 121.944735760535096, 13.403856183038776 ], [ 121.943591214339435, 13.403286970367091 ], [ 121.943118044660551, 13.403208570458331 ] ] ] } },
{ "type": "Feature", "properties": { "Id": 0, "CLN": "21002", "PSGC": "174001029", "Barangay": "Hinapulan", "Land_Class": null, "PIN": "030-01-027-10-001" }, "geometry": { "type": "Polygon", "coordinates": [ [ [ 121.942679225463095, 13.401935168442233 ], [ 121.941425262813055, 13.401582557968618 ], [ 121.941262938287267, 13.402971305448816 ], [ 121.942531309939454, 13.403129193766672 ], [ 121.943118044660551, 13.403208570458331 ], [ 121.943591214339435, 13.403286970367091 ], [ 121.943475765556755, 13.402755068300701 ], [ 121.943126158479629, 13.402471074539921 ], [ 121.94296836740196, 13.402390613581359 ], [ 121.942679225463095, 13.401935168442233 ] ] ] } },
{ "type": "Feature", "properties": { "Id": 0, "CLN": "21004", "PSGC": "174001029", "Barangay": "Hinapulan", "Land_Class": null, "PIN": "030-01-027-10-010" }, "geometry": { "type": "Polygon", "coordinates": [ [ [ 121.943475765556755, 13.402755068300701 ], [ 121.944350686352195, 13.402554391214085 ], [ 121.94465652443462, 13.402721694089783 ], [ 121.945134178184659, 13.402378871137349 ], [ 121.945134929881945, 13.402206464586582 ], [ 121.944899277829194, 13.401649937474968 ], [ 121.944772588832052, 13.401534468180341 ], [ 121.944677955795555, 13.401546843703597 ], [ 121.94412141816936, 13.401282709417886 ], [ 121.943832069824353, 13.401073968986925 ], [ 121.943724391827757, 13.401086289589754 ], [ 121.943538247934683, 13.401142980605512 ], [ 121.943215311424709, 13.401157592901948 ], [ 121.943111693941574, 13.40121109501729 ], [ 121.943055227007704, 13.401250938127392 ], [ 121.94311151733659, 13.401343167135749 ], [ 121.943265191151781, 13.401684608828006 ], [ 121.943121271235711, 13.401752208396623 ], [ 121.942679225463095, 13.401935168442233 ], [ 121.94296836740196, 13.402390613581359 ], [ 121.943126158479629, 13.402471074539921 ], [ 121.943475765556755, 13.402755068300701 ] ] ] } },
{ "type": "Feature", "properties": { "Id": 0, "CLN": "21007", "PSGC": "174001029", "Barangay": "Hinapulan", "Land_Class": null, "PIN": "030-01-027-10-014" }, "geometry": { "type": "Polygon", "coordinates": [ [ [ 121.943118230156912, 13.399402335416079 ], [ 121.942170141155643, 13.398981819851791 ], [ 121.942066933967638, 13.399341770238708 ], [ 121.942567781208581, 13.399787247722038 ], [ 121.943115343535354, 13.400082621728329 ], [ 121.943292070485938, 13.400176199748143 ], [ 121.943923306591216, 13.39976378055205 ], [ 121.943118230156912, 13.399402335416079 ] ] ] } },
{ "type": "Feature", "properties": { "Id": 0, "CLN": "21006", "PSGC": "174001029", "Barangay": "Hinapulan", "Land_Class": null, "PIN": "030-01-027-10-013" }, "geometry": { "type": "Polygon", "coordinates": [ [ [ 121.943115343535354, 13.400082621728329 ], [ 121.942567781208581, 13.399787247722038 ], [ 121.942094041018422, 13.400164765965281 ], [ 121.942155203646351, 13.400221384020135 ], [ 121.943112012027726, 13.400845370875235 ], [ 121.943408875660253, 13.401061086116451 ], [ 121.943292070485938, 13.400176199748143 ], [ 121.943115343535354, 13.400082621728329 ] ] ] } },
{ "type": "Feature", "properties": { "Id": 0, "CLN": "21005", "PSGC": "174001029", "Barangay": "Hinapulan", "Land_Class": null, "PIN": "030-01-027-10-012" }, "geometry": { "type": "Polygon", "coordinates": [ [ [ 121.942094041018422, 13.400164765965281 ], [ 121.942567781208581, 13.399787247722038 ], [ 121.942066933967638, 13.399341770238708 ], [ 121.94186189077304, 13.399712898853673 ], [ 121.942094041018422, 13.400164765965281 ] ] ] } },
{ "type": "Feature", "properties": { "Id": 0, "CLN": "20997", "PSGC": "174001029", "Barangay": "Hinapulan", "Land_Class": null, "PIN": "030-01-027-06-017" }, "geometry": { "type": "Polygon", "coordinates": [ [ [ 121.945281487770998, 13.405022051823098 ], [ 121.94575416273463, 13.404325873760985 ], [ 121.947262855568354, 13.404048368525189 ], [ 121.947479897113638, 13.403470317306587 ], [ 121.945715877885377, 13.403797842186803 ], [ 121.944735760535096, 13.403856183038776 ], [ 121.944900235676997, 13.404696924214692 ], [ 121.945281487770998, 13.405022051823098 ] ] ] } },
{ "type": "Feature", "properties": { "Id": 0, "CLN": "20988", "PSGC": "174001029", "Barangay": "Hinapulan", "Land_Class": null, "PIN": "030-01-027-06-013" }, "geometry": { "type": "Polygon", "coordinates": [ [ [ 121.948677949813273, 13.406786827508469 ], [ 121.949476636431783, 13.405785493539051 ], [ 121.948823810939643, 13.40524355122113 ], [ 121.948677949813273, 13.406786827508469 ] ] ] } },
{ "type": "Feature", "properties": { "Id": 0, "CLN": "20991", "PSGC": "174001029", "Barangay": "Hinapulan", "Land_Class": null, "PIN": "030-01-027-04-035" }, "geometry": { "type": "Polygon", "coordinates": [ [ [ 121.950050467723912, 13.405826194696761 ], [ 121.950427084964758, 13.40621940837935 ], [ 121.950509946126999, 13.406164411511348 ], [ 121.950692291948897, 13.405519848799353 ], [ 121.950805961344457, 13.405379839185295 ], [ 121.950772170794821, 13.405149818805624 ], [ 121.950829439299852, 13.404979775447121 ], [ 121.950765209608065, 13.404749628533146 ], [ 121.94997057650707, 13.405487048008931 ], [ 121.950050467723912, 13.405826194696761 ] ] ] } },
{ "type": "Feature", "properties": { "Id": 0, "CLN": "20990", "PSGC": "174001029", "Barangay": "Hinapulan", "Land_Class": null, "PIN": "030-01-027-06-015" }, "geometry": { "type": "Polygon", "coordinates": [ [ [ 121.948284422479773, 13.404393681729568 ], [ 121.948652339703841, 13.404675232634061 ], [ 121.948657298873783, 13.404868238784227 ], [ 121.948679257137073, 13.405152132440579 ], [ 121.948823810939643, 13.40524355122113 ], [ 121.949476636431783, 13.405785493539051 ], [ 121.949695430602659, 13.406138318944702 ], [ 121.950050467723912, 13.405826194696761 ], [ 121.94997057650707, 13.405487048008931 ], [ 121.94925085555812, 13.403994090914416 ], [ 121.948284422479773, 13.404393681729568 ] ] ] } },
{ "type": "Feature", "properties": { "Id": 0, "CLN": "20993", "PSGC": "174001029", "Barangay": "Hinapulan", "Land_Class": null, "PIN": "030-01-027-10-003" }, "geometry": { "type": "Polygon", "coordinates": [ [ [ 121.94925085555812, 13.403994090914416 ], [ 121.94997057650707, 13.405487048008931 ], [ 121.950765209608065, 13.404749628533146 ], [ 121.950221794145889, 13.403712909471141 ], [ 121.94925085555812, 13.403994090914416 ] ] ] } },
{ "type": "Feature", "properties": { "Id": 0, "CLN": "20994", "PSGC": "174001029", "Barangay": "Hinapulan", "Land_Class": null, "PIN": "030-01-027-10-004" }, "geometry": { "type": "Polygon", "coordinates": [ [ [ 121.950221794145889, 13.403712909471141 ], [ 121.950765209608065, 13.404749628533146 ], [ 121.95115502718653, 13.404104179202877 ], [ 121.95114200765687, 13.40309520748384 ], [ 121.950851974230545, 13.402791752655203 ], [ 121.950221794145889, 13.403712909471141 ] ] ] } },
{ "type": "Feature", "properties": { "Id": 0, "CLN": "21010", "PSGC": "174001029", "Barangay": "Hinapulan", "Land_Class": null, "PIN": "030-01-027-10-002" }, "geometry": { "type": "Polygon", "coordinates": [ [ [ 121.943475765556755, 13.402755068300701 ], [ 121.943591214339435, 13.403286970367091 ], [ 121.944735760535096, 13.403856183038776 ], [ 121.945715877885377, 13.403797842186803 ], [ 121.947479897113638, 13.403470317306587 ], [ 121.948067793086253, 13.403499005293378 ], [ 121.948261029754562, 13.403311436788711 ], [ 121.945134929881945, 13.402206464586582 ], [ 121.945134178184659, 13.402378871137349 ], [ 121.94465652443462, 13.402721694089783 ], [ 121.944350686352195, 13.402554391214085 ], [ 121.943475765556755, 13.402755068300701 ] ] ] } },
{ "type": "Feature", "properties": { "Id": 0, "CLN": "21011", "PSGC": "174001029", "Barangay": "Hinapulan", "Land_Class": null, "PIN": "030-01-027-10-009" }, "geometry": { "type": "Polygon", "coordinates": [ [ [ 121.948261029754562, 13.403311436788711 ], [ 121.948639438191464, 13.40254024674171 ], [ 121.946886956469299, 13.401550986690076 ], [ 121.945763163270271, 13.401319254751362 ], [ 121.945374905863375, 13.401272224845279 ], [ 121.945188954365562, 13.401367940671852 ], [ 121.945095990937546, 13.401412960561359 ], [ 121.944753571713292, 13.401490994084712 ], [ 121.944772588832052, 13.401534468180341 ], [ 121.944899277829194, 13.401649937474968 ], [ 121.945134929881945, 13.402206464586582 ], [ 121.948261029754562, 13.403311436788711 ] ] ] } },
{ "type": "Feature", "properties": { "Id": 0, "CLN": "21016", "PSGC": "174001029", "Barangay": "Hinapulan", "Land_Class": null, "PIN": "030-01-027-10-007" }, "geometry": { "type": "Polygon", "coordinates": [ [ [ 121.948639438191464, 13.40254024674171 ], [ 121.948767632680372, 13.402393203435659 ], [ 121.949319490518661, 13.402151430902471 ], [ 121.949185050034075, 13.401066746515474 ], [ 121.946886956469299, 13.401550986690076 ], [ 121.948639438191464, 13.40254024674171 ] ] ] } },
{ "type": "Feature", "properties": { "Id": 0, "CLN": "21015", "PSGC": "174001029", "Barangay": "Hinapulan", "Land_Class": null, "PIN": "030-01-027-10-008" }, "geometry": { "type": "Polygon", "coordinates": [ [ [ 121.949185050034075, 13.401066746515474 ], [ 121.948786453881397, 13.40073020047099 ], [ 121.945763163270271, 13.401319254751362 ], [ 121.946886956469299, 13.401550986690076 ], [ 121.949185050034075, 13.401066746515474 ] ] ] } },
{ "type": "Feature", "properties": { "Id": 0, "CLN": "21017", "PSGC": "174001029", "Barangay": "Hinapulan", "Land_Class": null, "PIN": "030-01-027-10-006" }, "geometry": { "type": "Polygon", "coordinates": [ [ [ 121.949319490518661, 13.402151430902471 ], [ 121.949755045138119, 13.401988637925271 ], [ 121.950485206843467, 13.402076815196031 ], [ 121.950389056148907, 13.401520162741107 ], [ 121.949950380206715, 13.399730383482551 ], [ 121.948848993600009, 13.399680392307642 ], [ 121.94842925760004, 13.40020651679721 ], [ 121.948786453881397, 13.40073020047099 ], [ 121.949185050034075, 13.401066746515474 ], [ 121.949319490518661, 13.402151430902471 ] ] ] } },
{ "type": "Feature", "properties": { "Id": 0, "CLN": "21014", "PSGC": "174001029", "Barangay": "Hinapulan", "Land_Class": null, "PIN": "030-01-027-10-017" }, "geometry": { "type": "Polygon", "coordinates": [ [ [ 121.945188954365562, 13.401367940671852 ], [ 121.945374905863375, 13.401272224845279 ], [ 121.945763163270271, 13.401319254751362 ], [ 121.948786453881397, 13.40073020047099 ], [ 121.94842925760004, 13.40020651679721 ], [ 121.946689146386589, 13.400375220696176 ], [ 121.946526560316869, 13.400431302780177 ], [ 121.946393556429229, 13.40035128319353 ], [ 121.945093979189878, 13.400544518075661 ], [ 121.945188954365562, 13.401367940671852 ] ] ] } },
{ "type": "Feature", "properties": { "Id": 0, "CLN": "21009", "PSGC": "174001029", "Barangay": "Hinapulan", "Land_Class": null, "PIN": "030-01-027-10-016" }, "geometry": { "type": "Polygon", "coordinates": [ [ [ 121.945093979189878, 13.400544518075661 ], [ 121.94482759887498, 13.400303947018285 ], [ 121.94376357463004, 13.400494257034142 ], [ 121.943539187447612, 13.401093559154106 ], [ 121.943738376420171, 13.40103692271237 ], [ 121.943862305049393, 13.401037441167732 ], [ 121.944125646713758, 13.40122691616936 ], [ 121.944772588832052, 13.401534468180341 ], [ 121.944753571713292, 13.401490994084712 ], [ 121.945095990937546, 13.401412960561359 ], [ 121.945188954365562, 13.401367940671852 ], [ 121.945093979189878, 13.400544518075661 ] ] ] } },
{ "type": "Feature", "properties": { "Id": 0, "CLN": "21008", "PSGC": "174001029", "Barangay": "Hinapulan", "Land_Class": null, "PIN": "030-01-027-10-015" }, "geometry": { "type": "Polygon", "coordinates": [ [ [ 121.943292070485938, 13.400176199748143 ], [ 121.943408875660253, 13.401061086116451 ], [ 121.943539187447612, 13.401093559154106 ], [ 121.94376357463004, 13.400494257034142 ], [ 121.94482759887498, 13.400303947018285 ], [ 121.943923306591216, 13.39976378055205 ], [ 121.943292070485938, 13.400176199748143 ] ] ] } },
{ "type": "Feature", "properties": { "Id": 0, "CLN": "21012", "PSGC": "174001029", "Barangay": "Hinapulan", "Land_Class": null, "PIN": "030-01-027-11-025" }, "geometry": { "type": "Polygon", "coordinates": [ [ [ 121.94482759887498, 13.400303947018285 ], [ 121.945280242663912, 13.399711982576639 ], [ 121.945781135422166, 13.39927347171461 ], [ 121.943871418256137, 13.398949406753953 ], [ 121.944120403301412, 13.399438942138328 ], [ 121.943923306591216, 13.39976378055205 ], [ 121.94482759887498, 13.400303947018285 ] ] ] } },
{ "type": "Feature", "properties": { "Id": 0, "CLN": "20693", "PSGC": "174001029", "Barangay": "Hinapulan", "Land_Class": null, "PIN": "030-01-027-11-002" }, "geometry": { "type": "Polygon", "coordinates": [ [ [ 121.946450221506836, 13.398180634193325 ], [ 121.946198700093703, 13.397743531044439 ], [ 121.943361990255681, 13.398423348089507 ], [ 121.943548750939982, 13.398597966773261 ], [ 121.943672955733845, 13.398840022351116 ], [ 121.943871418256137, 13.398949406753953 ], [ 121.945781135422166, 13.39927347171461 ], [ 121.947289674200377, 13.399523835467029 ], [ 121.947390779731691, 13.398939624422255 ], [ 121.94695532788198, 13.398581203957404 ], [ 121.946450221506836, 13.398180634193325 ] ] ] } },
{ "type": "Feature", "properties": { "Id": 0, "CLN": "20692", "PSGC": "174001029", "Barangay": "Hinapulan", "Land_Class": null, "PIN": "030-01-027-11-003" }, "geometry": { "type": "Polygon", "coordinates": [ [ [ 121.947501509423702, 13.398585738378996 ], [ 121.947734289428098, 13.397349867765223 ], [ 121.947582558103534, 13.397388430033859 ], [ 121.947167119819142, 13.397559616241756 ], [ 121.946791222939638, 13.397467830776666 ], [ 121.946198700093703, 13.397743531044439 ], [ 121.946450221506865, 13.398180634193322 ], [ 121.94695532788198, 13.398581203957404 ], [ 121.947390779731691, 13.398939624422255 ], [ 121.947501509423702, 13.398585738378996 ] ] ] } },
{ "type": "Feature", "properties": { "Id": 0, "CLN": "21013", "PSGC": "174001029", "Barangay": "Hinapulan", "Land_Class": null, "PIN": "030-01-027-10-019" }, "geometry": { "type": "Polygon", "coordinates": [ [ [ 121.947289674200377, 13.399523835467029 ], [ 121.945781135422166, 13.39927347171461 ], [ 121.945280242663912, 13.399711982576639 ], [ 121.94482759887498, 13.400303947018285 ], [ 121.945093979189878, 13.400544518075661 ], [ 121.946393556429229, 13.40035128319353 ], [ 121.946526560316869, 13.400431302780177 ], [ 121.946689146386589, 13.400375220696176 ], [ 121.947289674200377, 13.399523835467029 ] ] ] } },
{ "type": "Feature", "properties": { "Id": 0, "CLN": "21018", "PSGC": "174001029", "Barangay": "Hinapulan", "Land_Class": null, "PIN": "030-01-027-10-018" }, "geometry": { "type": "Polygon", "coordinates": [ [ [ 121.947390779731691, 13.398939624422255 ], [ 121.947289674200377, 13.399523835467029 ], [ 121.946689146386589, 13.400375220696176 ], [ 121.94842925760004, 13.40020651679721 ], [ 121.948848993600009, 13.399680392307642 ], [ 121.948881403057442, 13.398809608817009 ], [ 121.947390779731691, 13.398939624422255 ] ] ] } },
{ "type": "Feature", "properties": { "Id": 0, "CLN": "20689", "PSGC": "174001029", "Barangay": "Hinapulan", "Land_Class": null, "PIN": "030-01-027-11-004" }, "geometry": { "type": "Polygon", "coordinates": [ [ [ 121.950023468765906, 13.398837064539482 ], [ 121.950196138165765, 13.398572143766893 ], [ 121.950466808755195, 13.398137214767781 ], [ 121.950552618781174, 13.39782932620726 ], [ 121.950270470260705, 13.39736954480904 ], [ 121.949471423380871, 13.397456440137827 ], [ 121.949473935972179, 13.396877551222499 ], [ 121.949119804050511, 13.397079068516367 ], [ 121.9483974863535, 13.397181316110141 ], [ 121.947734289428098, 13.397349867765223 ], [ 121.947501509423702, 13.398585738378996 ], [ 121.947390779731691, 13.398939624422255 ], [ 121.948881403057442, 13.398809608817009 ], [ 121.948848993600009, 13.399680392307642 ], [ 121.949950380206715, 13.399730383482551 ], [ 121.94999771638912, 13.399427266503675 ], [ 121.950023468765906, 13.398837064539482 ] ] ] } },
{ "type": "Feature", "properties": { "Id": 0, "CLN": "20688", "PSGC": "174001029", "Barangay": "Hinapulan", "Land_Class": null, "PIN": "030-01-027-11-005" }, "geometry": { "type": "Polygon", "coordinates": [ [ [ 121.951175915347235, 13.39794802981624 ], [ 121.950552618781174, 13.39782932620726 ], [ 121.950466808755195, 13.398137214767781 ], [ 121.950196138165794, 13.398572143766891 ], [ 121.950023468765906, 13.398837064539482 ], [ 121.950771925094884, 13.398715302571832 ], [ 121.951149311919266, 13.398578149003825 ], [ 121.951264557519721, 13.398426272085215 ], [ 121.951175915347235, 13.39794802981624 ] ] ] } },
{ "type": "Feature", "properties": { "Id": 0, "CLN": "20996", "PSGC": "174001029", "Barangay": "Hinapulan", "Land_Class": null, "PIN": "030-01-027-10-005" }, "geometry": { "type": "Polygon", "coordinates": [ [ [ 121.948284422479773, 13.404393681729568 ], [ 121.94925085555812, 13.403994090914416 ], [ 121.950221794145889, 13.403712909471141 ], [ 121.950851974230545, 13.402791752655203 ], [ 121.950485206843467, 13.402076815196031 ], [ 121.949755045138119, 13.401988637925271 ], [ 121.949319490518661, 13.402151430902471 ], [ 121.948767632680372, 13.402393203435659 ], [ 121.948639438191464, 13.40254024674171 ], [ 121.948261029754562, 13.403311436788711 ], [ 121.948067793086253, 13.403499005293378 ], [ 121.947479897113638, 13.403470317306587 ], [ 121.947262855568354, 13.404048368525189 ], [ 121.948284422479773, 13.404393681729568 ] ] ] } },
{ "type": "Feature", "properties": { "Id": 0, "CLN": "21003", "PSGC": "174001029", "Barangay": "Hinapulan", "Land_Class": null, "PIN": "030-01-027-10-011" }, "geometry": { "type": "Polygon", "coordinates": [ [ [ 121.94202592857647, 13.400234619678784 ], [ 121.941802536702056, 13.3998278786471 ], [ 121.941425262813055, 13.401582557968618 ], [ 121.942679225463095, 13.401935168442233 ], [ 121.943121271235711, 13.401752208396623 ], [ 121.943265191151781, 13.401684608828006 ], [ 121.94311151733659, 13.401343167135749 ], [ 121.943055227007704, 13.401250938127392 ], [ 121.943111693941574, 13.40121109501729 ], [ 121.943215311424709, 13.401157592901948 ], [ 121.94311744598734, 13.401065830896016 ], [ 121.94202592857647, 13.400234619678784 ] ] ] } },
{ "type": "Feature", "properties": { "Id": 0, "CLN": "21084", "PSGC": "174001029", "Barangay": "Hinapulan", "Land_Class": null, "PIN": "030-01-027-14-001" }, "geometry": { "type": "Polygon", "coordinates": [ [ [ 121.973146202730334, 13.404697915496635 ], [ 121.974002857124475, 13.404575106952651 ], [ 121.973983930411833, 13.40350728692977 ], [ 121.974195708726143, 13.403347412101922 ], [ 121.97433887351275, 13.402773938320326 ], [ 121.973928679283716, 13.402017546475376 ], [ 121.97357960184894, 13.402059023525194 ], [ 121.972489478460346, 13.401928296779838 ], [ 121.972465048251422, 13.402157819451842 ], [ 121.972216819323691, 13.402616053144376 ], [ 121.971955495787725, 13.403395704058571 ], [ 121.97266722184807, 13.404259684474551 ], [ 121.973146202730334, 13.404697915496635 ] ] ] } },
{ "type": "Feature", "properties": { "Id": 0, "CLN": "20865", "PSGC": "174001029", "Barangay": "Hinapulan", "Land_Class": null, "PIN": "030-01-027-03-001" }, "geometry": { "type": "Polygon", "coordinates": [ [ [ 121.958355134029318, 13.43193046572341 ], [ 121.957870304789239, 13.43270203809395 ], [ 121.958238356948158, 13.434021974006662 ], [ 121.959288792382935, 13.433114443704048 ], [ 121.958355134029318, 13.43193046572341 ] ] ] } },
{ "type": "Feature", "properties": { "Id": 0, "CLN": "20676", "PSGC": "174001029", "Barangay": "Hinapulan", "Land_Class": null, "PIN": "030-01-027-09-037" }, "geometry": { "type": "Polygon", "coordinates": [ [ [ 121.942514758341474, 13.395790963214539 ], [ 121.941907689583601, 13.395079752612222 ], [ 121.94150590288578, 13.395422024799373 ], [ 121.942151263293113, 13.396234810233567 ], [ 121.942514758341474, 13.395790963214539 ] ] ] } },
{ "type": "Feature", "properties": { "Id": 0, "CLN": "20676", "PSGC": "174001029", "Barangay": "Hinapulan", "Land_Class": null, "PIN": "030-01-027-09-038" }, "geometry": { "type": "Polygon", "coordinates": [ [ [ 121.943205128185213, 13.394947978163259 ], [ 121.942271688959764, 13.394402625160787 ], [ 121.942309475157003, 13.394737479692242 ], [ 121.941907689583601, 13.395079752612222 ], [ 121.942514758341474, 13.395790963214539 ], [ 121.943205128185213, 13.394947978163259 ] ] ] } },
{ "type": "Feature", "properties": { "Id": 0, "CLN": "20676", "PSGC": "174001029", "Barangay": "Hinapulan", "Land_Class": null, "PIN": "030-01-027-09-039" }, "geometry": { "type": "Polygon", "coordinates": [ [ [ 121.944074561888272, 13.395331512512485 ], [ 121.942573153541318, 13.393622232749609 ], [ 121.942201994852411, 13.393785006805402 ], [ 121.942271688959764, 13.394402625160787 ], [ 121.943205128185213, 13.394947978163259 ], [ 121.943662760455354, 13.395665997463738 ], [ 121.944074561888272, 13.395331512512485 ] ] ] } },
{ "type": "Feature", "properties": { "Id": 0, "CLN": "20676", "PSGC": "174001029", "Barangay": "Hinapulan", "Land_Class": null, "PIN": "030-01-027-09-040" }, "geometry": { "type": "Polygon", "coordinates": [ [ [ 121.944432197596498, 13.395041022210989 ], [ 121.943129237421772, 13.393378357072876 ], [ 121.942573153541318, 13.393622232749609 ], [ 121.944074561888272, 13.395331512512485 ], [ 121.944432197596498, 13.395041022210989 ] ] ] } },
{ "type": "Feature", "properties": { "Id": 0, "CLN": "20676", "PSGC": "174001029", "Barangay": "Hinapulan", "Land_Class": null, "PIN": "030-01-027-09-041" }, "geometry": { "type": "Polygon", "coordinates": [ [ [ 121.944837515811528, 13.394711800172205 ], [ 121.943689367256411, 13.393132705216145 ], [ 121.943129237421772, 13.393378357072876 ], [ 121.944432197596498, 13.395041022210989 ], [ 121.944837515811528, 13.394711800172205 ] ] ] } },
{ "type": "Feature", "properties": { "Id": 0, "CLN": "20676", "PSGC": "174001029", "Barangay": "Hinapulan", "Land_Class": null, "PIN": "030-01-027-09-042" }, "geometry": { "type": "Polygon", "coordinates": [ [ [ 121.945032689308377, 13.392543567420649 ], [ 121.945187854410165, 13.392858284433444 ], [ 121.945227456524833, 13.392477717412165 ], [ 121.945176732186027, 13.392480394239612 ], [ 121.945032689308377, 13.392543567420649 ] ] ] } },
{ "type": "Feature", "properties": { "Id": 0, "CLN": "20868", "PSGC": "174001029", "Barangay": "Hinapulan", "Land_Class": null, "PIN": "030-01-027-03-017" }, "geometry": { "type": "Polygon", "coordinates": [ [ [ 121.957581997478201, 13.428587290205293 ], [ 121.958539105421664, 13.429997879708507 ], [ 121.959412777071321, 13.42968592405802 ], [ 121.959397351202554, 13.42872901929741 ], [ 121.959065665665193, 13.428574554794578 ], [ 121.958675083854459, 13.428477256963086 ], [ 121.958205725607698, 13.428513590590208 ], [ 121.957581997478201, 13.428587290205293 ] ] ] } },
{ "type": "Feature", "properties": { "Id": 0, "CLN": "20868", "PSGC": "174001029", "Barangay": "Hinapulan", "Land_Class": null, "PIN": "030-01-027-03-020" }, "geometry": { "type": "Polygon", "coordinates": [ [ [ 121.962519855190962, 13.43024055610778 ], [ 121.962441088103859, 13.430143343621205 ], [ 121.961634501633853, 13.430175902443471 ], [ 121.960920564436549, 13.430826003452248 ], [ 121.960971296124342, 13.430962562565249 ], [ 121.96070681597206, 13.431090645290153 ], [ 121.960753561461686, 13.431163222404081 ], [ 121.962081359945216, 13.430569978713281 ], [ 121.962519855190962, 13.43024055610778 ] ] ] } },
{ "type": "Feature", "properties": { "Id": 0, "CLN": "20868", "PSGC": "174001029", "Barangay": "Hinapulan", "Land_Class": null, "PIN": "030-01-027-03-008" }, "geometry": { "type": "Polygon", "coordinates": [ [ [ 121.962312745964098, 13.430148524478247 ], [ 121.962321879777321, 13.430018463272177 ], [ 121.962283520345991, 13.429846073770344 ], [ 121.962230190119911, 13.429745385739901 ], [ 121.962079193052745, 13.429625158575014 ], [ 121.961684049747603, 13.429451299095509 ], [ 121.961405094492321, 13.42953626518851 ], [ 121.961258100365512, 13.429621774996582 ], [ 121.960935466530557, 13.42963479736882 ], [ 121.960627556846177, 13.429633527441952 ], [ 121.960392711804388, 13.429689969083761 ], [ 121.960143575201329, 13.429660235809253 ], [ 121.959938302105016, 13.429659388586503 ], [ 121.959820755854366, 13.429716313831157 ], [ 121.95962995955361, 13.429758583964922 ], [ 121.959412777071321, 13.42968592405802 ], [ 121.958539105421664, 13.429997879708507 ], [ 121.958764713892393, 13.430330379613087 ], [ 121.960578299973903, 13.431241526272006 ], [ 121.960753561461686, 13.431163222404081 ], [ 121.96070681597206, 13.431090645290153 ], [ 121.960971296124342, 13.430962562565249 ], [ 121.960920564436549, 13.430826003452248 ], [ 121.961634501633853, 13.430175902443471 ], [ 121.962312745964098, 13.430148524478247 ] ] ] } },
{ "type": "Feature", "properties": { "Id": 0, "CLN": "20868", "PSGC": "174001029", "Barangay": "Hinapulan", "Land_Class": null, "PIN": "030-01-027-03-019" }, "geometry": { "type": "Polygon", "coordinates": [ [ [ 121.963338555256215, 13.429625497328191 ], [ 121.963186982381103, 13.428878996990129 ], [ 121.963077323091667, 13.428806782607591 ], [ 121.962930699831347, 13.428806179210129 ], [ 121.962808411029073, 13.428829596941075 ], [ 121.962551820325871, 13.428828540663984 ], [ 121.959397351202554, 13.42872901929741 ], [ 121.959412777071321, 13.42968592405802 ], [ 121.95962995955361, 13.429758583964922 ], [ 121.959820755854366, 13.429716313831157 ], [ 121.959938302105016, 13.429659388586503 ], [ 121.960143575201329, 13.429660235809253 ], [ 121.960392711804388, 13.429689969083761 ], [ 121.960627556846177, 13.429633527441952 ], [ 121.960935466530557, 13.42963479736882 ], [ 121.961258100365512, 13.429621774996582 ], [ 121.961405094492321, 13.42953626518851 ], [ 121.961684049747603, 13.429451299095509 ], [ 121.962079193052745, 13.429625158575014 ], [ 121.962230190119911, 13.429745385739901 ], [ 121.962283520345991, 13.429846073770344 ], [ 121.962321879777321, 13.430018463272177 ], [ 121.962312745964098, 13.430148524478247 ], [ 121.962441088103859, 13.430143343621205 ], [ 121.962519855190962, 13.43024055610778 ], [ 121.963338555256215, 13.429625497328191 ] ] ] } },
{ "type": "Feature", "properties": { "Id": 0, "CLN": "20868", "PSGC": "174001029", "Barangay": "Hinapulan", "Land_Class": null, "PIN": "030-01-027-03-016" }, "geometry": { "type": "Polygon", "coordinates": [ [ [ 121.9584404047405, 13.428495423887265 ], [ 121.958675083854459, 13.428477256963086 ], [ 121.959065665665193, 13.428574554794578 ], [ 121.959397351202554, 13.42872901929741 ], [ 121.962551820325871, 13.428828540663984 ], [ 121.961052123155028, 13.428080809600278 ], [ 121.960820176407182, 13.4280320111395 ], [ 121.960624679495993, 13.428031204885235 ], [ 121.960442431000459, 13.427791242774189 ], [ 121.960208785061155, 13.428137133831653 ], [ 121.959916982149934, 13.427801035176341 ], [ 121.959695966283491, 13.428051293712274 ], [ 121.959549962081496, 13.427907164756492 ], [ 121.959316881842639, 13.428121491571444 ], [ 121.959243828269464, 13.428061387300788 ], [ 121.959133861297261, 13.428060933112636 ], [ 121.959023842765873, 13.42807243917647 ], [ 121.95892588807564, 13.428119876568559 ], [ 121.958815560070661, 13.428203144333196 ], [ 121.958424566234001, 13.428201528542921 ], [ 121.9584404047405, 13.428495423887265 ] ] ] } },
{ "type": "Feature", "properties": { "Id": 0, "CLN": "20868", "PSGC": "174001029", "Barangay": "Hinapulan", "Land_Class": null, "PIN": "030-01-027-03-025" }, "geometry": { "type": "Polygon", "coordinates": [ [ [ 121.959916982149934, 13.427801035176341 ], [ 121.960103247716091, 13.427108093877376 ], [ 121.959995444581423, 13.426605307294764 ], [ 121.959691631303059, 13.42622131685812 ], [ 121.959926460597202, 13.425600339119509 ], [ 121.959865276720819, 13.424900685939855 ], [ 121.959737757640127, 13.424837613973393 ], [ 121.95947297604755, 13.424854391248042 ], [ 121.959153851533088, 13.424772657743068 ], [ 121.959022280766746, 13.42495345381657 ], [ 121.958710621625229, 13.425799696024587 ], [ 121.957925619804598, 13.427931165399338 ], [ 121.957562772235718, 13.427908849767947 ], [ 121.957304438983869, 13.428178219846515 ], [ 121.957581997478201, 13.428587290205293 ], [ 121.958205725607698, 13.428513590590208 ], [ 121.9584404047405, 13.428495423887265 ], [ 121.958424566234001, 13.428201528542921 ], [ 121.958815560070661, 13.428203144333196 ], [ 121.95892588807564, 13.428119876568559 ], [ 121.959023842765873, 13.42807243917647 ], [ 121.959133861297261, 13.428060933112636 ], [ 121.959243828269464, 13.428061387300788 ], [ 121.959316881842639, 13.428121491571444 ], [ 121.959549962081496, 13.427907164756492 ], [ 121.959695966283491, 13.428051293712274 ], [ 121.959916982149934, 13.427801035176341 ] ] ] } },
{ "type": "Feature", "properties": { "Id": 0, "CLN": "20868", "PSGC": "174001029", "Barangay": "Hinapulan", "Land_Class": null, "PIN": "030-01-027-03-024" }, "geometry": { "type": "Polygon", "coordinates": [ [ [ 121.960442431000459, 13.427791242774189 ], [ 121.960491974534023, 13.427635960407393 ], [ 121.960833887674809, 13.427685212621226 ], [ 121.960956227473631, 13.427649835510692 ], [ 121.961042168935919, 13.427554505678616 ], [ 121.961067069142075, 13.427446963650318 ], [ 121.960945655835744, 13.427267055281279 ], [ 121.960872653531808, 13.427194991160407 ], [ 121.961007623275748, 13.427063981918115 ], [ 121.960706587322335, 13.426034135926098 ], [ 121.960584454244369, 13.426021671745582 ], [ 121.960486758090795, 13.42600930829771 ], [ 121.960462733052069, 13.425913525047449 ], [ 121.960463041951428, 13.425841763202479 ], [ 121.960427416304, 13.425602405863517 ], [ 121.960476907810076, 13.425459083749301 ], [ 121.960539647205238, 13.425076605841088 ], [ 121.959865276720819, 13.424900685939855 ], [ 121.959926460597202, 13.425600339119509 ], [ 121.959691631303059, 13.42622131685812 ], [ 121.959995444581423, 13.426605307294764 ], [ 121.960103247716091, 13.427108093877376 ], [ 121.959916982149934, 13.427801035176341 ], [ 121.960208785061155, 13.428137133831653 ], [ 121.960442431000459, 13.427791242774189 ] ] ] } },
{ "type": "Feature", "properties": { "Id": 0, "CLN": "20868", "PSGC": "174001029", "Barangay": "Hinapulan", "Land_Class": null, "PIN": "030-01-027-03-018" }, "geometry": { "type": "Polygon", "coordinates": [ [ [ 121.964368599555542, 13.428673233757298 ], [ 121.963924050830471, 13.427961067889218 ], [ 121.963264967282626, 13.427790909885584 ], [ 121.96294666846147, 13.427933126531078 ], [ 121.962930699831347, 13.428806179210129 ], [ 121.963077323091667, 13.428806782607591 ], [ 121.963186982381103, 13.428878996990129 ], [ 121.963338555256215, 13.429625497328191 ], [ 121.963875808889938, 13.429221875444247 ], [ 121.964368599555542, 13.428673233757298 ] ] ] } },
{ "type": "Feature", "properties": { "Id": 0, "CLN": "20868", "PSGC": "174001029", "Barangay": "Hinapulan", "Land_Class": null, "PIN": "030-01-027-03-013" }, "geometry": { "type": "Polygon", "coordinates": [ [ [ 121.964861387959772, 13.428124590920664 ], [ 121.963721365355411, 13.426788102591168 ], [ 121.962717547144749, 13.427226512499333 ], [ 121.962814422005366, 13.427430240166402 ], [ 121.963264967282626, 13.427790909885584 ], [ 121.963924050830471, 13.427961067889218 ], [ 121.964368599555542, 13.428673233757298 ], [ 121.964861387959772, 13.428124590920664 ] ] ] } },
{ "type": "Feature", "properties": { "Id": 0, "CLN": "20868", "PSGC": "174001029", "Barangay": "Hinapulan", "Land_Class": null, "PIN": "030-01-027-03-014" }, "geometry": { "type": "Polygon", "coordinates": [ [ [ 121.962814422005366, 13.427430240166402 ], [ 121.961966414138431, 13.427720678495559 ], [ 121.960467202776073, 13.427713601592822 ], [ 121.960442431000459, 13.427791242774189 ], [ 121.960624679495993, 13.428031204885235 ], [ 121.960820176407182, 13.4280320111395 ], [ 121.961052123155028, 13.428080809600278 ], [ 121.962551820325871, 13.428828540663984 ], [ 121.962808411029073, 13.428829596941075 ], [ 121.962930699831347, 13.428806179210129 ], [ 121.96294666846147, 13.427933126531078 ], [ 121.963264967282626, 13.427790909885584 ], [ 121.962814422005366, 13.427430240166402 ] ] ] } },
{ "type": "Feature", "properties": { "Id": 0, "CLN": "20868", "PSGC": "174001029", "Barangay": "Hinapulan", "Land_Class": null, "PIN": "030-01-027-03-011" }, "geometry": { "type": "Polygon", "coordinates": [ [ [ 121.963845255558013, 13.426933344323388 ], [ 121.96423170752918, 13.426026819571584 ], [ 121.964505237142916, 13.426066217236002 ], [ 121.964721307714612, 13.425827894196917 ], [ 121.964946742533982, 13.425685293677379 ], [ 121.965015657946083, 13.425570755541653 ], [ 121.964918033381878, 13.425541649353459 ], [ 121.964713214661444, 13.425435555422087 ], [ 121.964322470764571, 13.425376539557648 ], [ 121.964000273457927, 13.425289099582002 ], [ 121.963559342353761, 13.42553606585942 ], [ 121.96318839467672, 13.425419719107094 ], [ 121.963080379476722, 13.425534095832008 ], [ 121.962777485467257, 13.425504144258325 ], [ 121.962700109400586, 13.4253124573783 ], [ 121.962592340641237, 13.425369424364488 ], [ 121.962640433479223, 13.425551422327484 ], [ 121.96249356558458, 13.425608228333759 ], [ 121.962600594654802, 13.425723489948725 ], [ 121.962531431470438, 13.425895436850082 ], [ 121.962658462314948, 13.425905528142303 ], [ 121.962589669034102, 13.425991360785178 ], [ 121.96270425372137, 13.426623348234555 ], [ 121.962742983011751, 13.42670962342949 ], [ 121.962717547144749, 13.427226512499333 ], [ 121.963721365355411, 13.426788102591168 ], [ 121.963845255558013, 13.426933344323388 ] ] ] } },
{ "type": "Feature", "properties": { "Id": 0, "CLN": "20868", "PSGC": "174001029", "Barangay": "Hinapulan", "Land_Class": null, "PIN": "030-01-027-03-012" }, "geometry": { "type": "Polygon", "coordinates": [ [ [ 121.965190099270231, 13.427791336919801 ], [ 121.964505237142916, 13.426066217236002 ], [ 121.96423170752918, 13.426026819571584 ], [ 121.963845255558013, 13.426933344323388 ], [ 121.964861387959772, 13.428124590920664 ], [ 121.965190099270231, 13.427791336919801 ] ] ] } },
{ "type": "Feature", "properties": { "Id": 0, "CLN": "20868", "PSGC": "174001029", "Barangay": "Hinapulan", "Land_Class": null, "PIN": "030-01-027-03-010" }, "geometry": { "type": "Polygon", "coordinates": [ [ [ 121.965778111034126, 13.427195195455953 ], [ 121.965425746983996, 13.42567769191894 ], [ 121.965015657946083, 13.425570755541653 ], [ 121.964946742533982, 13.425685293677379 ], [ 121.964721307714612, 13.425827894196917 ], [ 121.964505237142916, 13.426066217236002 ], [ 121.965190099270231, 13.427791336919801 ], [ 121.965778111034126, 13.427195195455953 ] ] ] } },
{ "type": "Feature", "properties": { "Id": 0, "CLN": "20868", "PSGC": "174001029", "Barangay": "Hinapulan", "Land_Class": null, "PIN": "030-01-027-03-022" }, "geometry": { "type": "Polygon", "coordinates": [ [ [ 121.960278000137507, 13.42338342122971 ], [ 121.960244899368959, 13.423651337805419 ], [ 121.959914647700458, 13.424034184778074 ], [ 121.959959016633121, 13.424329226225032 ], [ 121.959865276720819, 13.424900685939855 ], [ 121.960539647205238, 13.425076605841088 ], [ 121.961166956983718, 13.42496167995607 ], [ 121.961148847998047, 13.424626710670903 ], [ 121.961413793769395, 13.424388592010907 ], [ 121.961415357224979, 13.424024998505057 ], [ 121.961269395321295, 13.423871302353126 ], [ 121.961124956261614, 13.42336358088683 ], [ 121.960278000137507, 13.42338342122971 ] ] ] } },
{ "type": "Feature", "properties": { "Id": 0, "CLN": "20868", "PSGC": "174001029", "Barangay": "Hinapulan", "Land_Class": null, "PIN": "030-01-027-03-009" }, "geometry": { "type": "Polygon", "coordinates": [ [ [ 121.964000273457927, 13.425289099582002 ], [ 121.964322470764571, 13.425376539557648 ], [ 121.964713214661444, 13.425435555422087 ], [ 121.964918033381878, 13.425541649353459 ], [ 121.965015657946083, 13.425570755541653 ], [ 121.965425746983996, 13.42567769191894 ], [ 121.966082130965731, 13.425335921855178 ], [ 121.966326254087136, 13.425394333745574 ], [ 121.966482977762354, 13.425318428981921 ], [ 121.966572547292785, 13.424945627358756 ], [ 121.966807059169128, 13.424965725624359 ], [ 121.966643877045769, 13.424266561019609 ], [ 121.965999442504057, 13.424101254950646 ], [ 121.965852453256247, 13.424186767833227 ], [ 121.965686119363383, 13.424224359088845 ], [ 121.965452550990008, 13.423984189800057 ], [ 121.96470018654631, 13.423914121815031 ], [ 121.96468153944798, 13.423703539793019 ], [ 121.964437664655023, 13.423587716895701 ], [ 121.964464896589803, 13.424075818606308 ], [ 121.964737029661265, 13.42444053671308 ], [ 121.964716577931668, 13.424650958138095 ], [ 121.96395353411009, 13.424791349312704 ], [ 121.964000273457927, 13.425289099582002 ] ] ] } },
{ "type": "Feature", "properties": { "Id": 0, "CLN": "20868", "PSGC": "174001029", "Barangay": "Hinapulan", "Land_Class": null, "PIN": "030-01-027-03-021" }, "geometry": { "type": "Polygon", "coordinates": [ [ [ 121.964437664655023, 13.423587716895701 ], [ 121.965390644426591, 13.422462555156272 ], [ 121.965384926748229, 13.421515256915727 ], [ 121.964382462510557, 13.422783742119961 ], [ 121.964437664655023, 13.423587716895701 ] ] ] } },
{ "type": "Feature", "properties": { "Id": 0, "CLN": "20992", "PSGC": "174001029", "Barangay": "Hinapulan", "Land_Class": null, "PIN": "030-01-027-04-069" }, "geometry": { "type": "Polygon", "coordinates": [ [ [ 121.951907363574705, 13.405536685012462 ], [ 121.950509946126999, 13.406164411511348 ], [ 121.950992756078605, 13.406136619513566 ], [ 121.951444904271824, 13.405891162052749 ], [ 121.951960877398278, 13.405681000648125 ], [ 121.951907363574705, 13.405536685012462 ] ] ] } },
{ "type": "Feature", "properties": { "Id": 0, "CLN": "20992", "PSGC": "174001029", "Barangay": "Hinapulan", "Land_Class": null, "PIN": "030-01-027-04-068" }, "geometry": { "type": "Polygon", "coordinates": [ [ [ 121.951848293133253, 13.405377384144169 ], [ 121.950572939937942, 13.405941739137436 ], [ 121.950509946126999, 13.406164411511348 ], [ 121.951907363574705, 13.405536685012462 ], [ 121.951848293133253, 13.405377384144169 ] ] ] } },
{ "type": "Feature", "properties": { "Id": 0, "CLN": "20992", "PSGC": "174001029", "Barangay": "Hinapulan", "Land_Class": null, "PIN": "030-01-027-04-067" }, "geometry": { "type": "Polygon", "coordinates": [ [ [ 121.951792718932467, 13.405212574271893 ], [ 121.950644045208065, 13.405690393550941 ], [ 121.950572939937942, 13.405941739137436 ], [ 121.951848293133253, 13.405377384144169 ], [ 121.951817968669047, 13.405295605204177 ], [ 121.951792718932467, 13.405212574271893 ] ] ] } },
{ "type": "Feature", "properties": { "Id": 0, "CLN": "20992", "PSGC": "174001029", "Barangay": "Hinapulan", "Land_Class": null, "PIN": "030-01-027-04-066" }, "geometry": { "type": "Polygon", "coordinates": [ [ [ 121.951753334860229, 13.405083064054775 ], [ 121.950692291948897, 13.405519848799353 ], [ 121.950644045208065, 13.405690393550941 ], [ 121.951792718932467, 13.405212574271893 ], [ 121.951753334860229, 13.405083064054775 ] ] ] } },
{ "type": "Feature", "properties": { "Id": 0, "CLN": "20992", "PSGC": "174001029", "Barangay": "Hinapulan", "Land_Class": null, "PIN": "030-01-027-04-065" }, "geometry": { "type": "Polygon", "coordinates": [ [ [ 121.951698172148554, 13.404901667292823 ], [ 121.950789066063663, 13.405264828995961 ], [ 121.950805961344457, 13.405379839185295 ], [ 121.950692291948897, 13.405519848799353 ], [ 121.951753334860229, 13.405083064054775 ], [ 121.951698172148554, 13.404901667292823 ] ] ] } },
{ "type": "Feature", "properties": { "Id": 0, "CLN": "20992", "PSGC": "174001029", "Barangay": "Hinapulan", "Land_Class": null, "PIN": "030-01-027-04-064" }, "geometry": { "type": "Polygon", "coordinates": [ [ [ 121.951631994812402, 13.404684049770244 ], [ 121.950829439299852, 13.404979775447121 ], [ 121.950772170794821, 13.405149818805624 ], [ 121.950789066063663, 13.405264828995961 ], [ 121.951698172148554, 13.404901667292823 ], [ 121.951631994812402, 13.404684049770244 ] ] ] } },
{ "type": "Feature", "properties": { "Id": 0, "CLN": "20992", "PSGC": "174001029", "Barangay": "Hinapulan", "Land_Class": null, "PIN": "030-01-027-04-063" }, "geometry": { "type": "Polygon", "coordinates": [ [ [ 121.9515501232014, 13.404414822704871 ], [ 121.950765209608065, 13.404749628533146 ], [ 121.950829439299852, 13.404979775447121 ], [ 121.951631994812402, 13.404684049770244 ], [ 121.9515501232014, 13.404414822704871 ] ] ] } }
]
}
