{
"type": "FeatureCollection",
"name": "Isok II",
"crs": { "type": "name", "properties": { "name": "urn:ogc:def:crs:OGC:1.3:CRS84" } },
"features": [
{ "type": "Feature", "properties": { "Id": 0, "CLN": "14342", "PSGC": "174001028", "Barangay": null, "Land_Class": null, "PIN": "030-01-029-05-033" }, "geometry": { "type": "Polygon", "coordinates": [ [ [ 121.843195776207565, 13.434880297820136 ], [ 121.843293637179087, 13.434841186019776 ], [ 121.843428277272636, 13.434858288153082 ], [ 121.843576452493977, 13.434862265279754 ], [ 121.843630419124551, 13.434846029199258 ], [ 121.843597371238843, 13.434714006670687 ], [ 121.843530706836333, 13.434568642715556 ], [ 121.843494417445612, 13.434410231134775 ], [ 121.843501832704234, 13.434268504069179 ], [ 121.843426900026046, 13.434442888821851 ], [ 121.843062551666975, 13.434712246360858 ], [ 121.842930386292608, 13.434897739428974 ], [ 121.843064903702029, 13.435084984050379 ], [ 121.843107845295563, 13.434955719654806 ], [ 121.843195776207565, 13.434880297820136 ] ] ] } },
{ "type": "Feature", "properties": { "Id": 0, "CLN": "14352", "PSGC": "174001028", "Barangay": null, "Land_Class": null, "PIN": "030-01-029-05-032" }, "geometry": { "type": "Polygon", "coordinates": [ [ [ 121.843064903702029, 13.435084984050379 ], [ 121.842930386292608, 13.434897739428974 ], [ 121.842671601567091, 13.43505606489696 ], [ 121.842796847658633, 13.435187553588678 ], [ 121.843064903702029, 13.435084984050379 ] ] ] } },
{ "type": "Feature", "properties": { "Id": 0, "CLN": "14354", "PSGC": "174001028", "Barangay": null, "Land_Class": null, "PIN": "030-01-029-05-030" }, "geometry": { "type": "Polygon", "coordinates": [ [ [ 121.842419446811604, 13.435719549478744 ], [ 121.842678535939044, 13.435834536256184 ], [ 121.842664225872227, 13.435394008399445 ], [ 121.842548085245838, 13.435325785625036 ], [ 121.842419446811604, 13.435719549478744 ] ] ] } },
{ "type": "Feature", "properties": { "Id": 0, "CLN": "14355", "PSGC": "174001028", "Barangay": null, "Land_Class": null, "PIN": "030-01-029-05-022" }, "geometry": { "type": "Polygon", "coordinates": [ [ [ 121.842349673692368, 13.436222098675128 ], [ 121.842678535939044, 13.435834536256184 ], [ 121.842419446811604, 13.435719549478744 ], [ 121.841968392659979, 13.436324516768995 ], [ 121.842226787289931, 13.436572092286593 ], [ 121.842349673692368, 13.436222098675128 ] ] ] } },
{ "type": "Feature", "properties": { "Id": 0, "CLN": "14373 pt.", "PSGC": "174001028", "Barangay": null, "Land_Class": null, "PIN": "030-01-029-05-034" }, "geometry": { "type": "Polygon", "coordinates": [ [ [ 121.842019625790485, 13.437012266912463 ], [ 121.842560424278389, 13.43755059813336 ], [ 121.84305247451195, 13.437181227395254 ], [ 121.842411044693606, 13.436684638574791 ], [ 121.842019625790485, 13.437012266912463 ] ] ] } },
{ "type": "Feature", "properties": { "Id": 0, "CLN": "14375 pt.", "PSGC": "174001028", "Barangay": null, "Land_Class": null, "PIN": "030-01-029-05-037" }, "geometry": { "type": "Polygon", "coordinates": [ [ [ 121.841872016723428, 13.436865330688846 ], [ 121.841643882423682, 13.436638235792596 ], [ 121.84133282668374, 13.436702655574768 ], [ 121.84127722968131, 13.436968256990946 ], [ 121.841547083415733, 13.437177297229271 ], [ 121.841588717743122, 13.437099492770601 ], [ 121.841872016723428, 13.436865330688846 ] ] ] } },
{ "type": "Feature", "properties": { "Id": 0, "CLN": "14376", "PSGC": "174001028", "Barangay": null, "Land_Class": null, "PIN": "030-01-029-05-002" }, "geometry": { "type": "Polygon", "coordinates": [ [ [ 121.841547083415733, 13.437177297229271 ], [ 121.84127722968131, 13.436968256990946 ], [ 121.841080168753393, 13.437360461314398 ], [ 121.84076432125714, 13.438197701348512 ], [ 121.840220351691045, 13.43844917906244 ], [ 121.840420954796116, 13.438408358354899 ], [ 121.840616124406864, 13.438446236284189 ], [ 121.840682677168743, 13.438392467410292 ], [ 121.840824447103458, 13.438348008044883 ], [ 121.840877907574168, 13.438183917492845 ], [ 121.841013464985664, 13.438062094517228 ], [ 121.841050109612326, 13.437972039125201 ], [ 121.841050775171311, 13.437833483832202 ], [ 121.841167060500709, 13.437611681140602 ], [ 121.841484442171321, 13.437262695253432 ], [ 121.841536652530124, 13.43723913594115 ], [ 121.841547083415733, 13.437177297229271 ] ] ] } },
{ "type": "Feature", "properties": { "Id": 0, "CLN": "14359", "PSGC": "174001028", "Barangay": null, "Land_Class": null, "PIN": "030-01-029-05-003" }, "geometry": { "type": "Polygon", "coordinates": [ [ [ 121.8416177654927, 13.438640293126083 ], [ 121.841881889829082, 13.438313617442834 ], [ 121.84208608156284, 13.43821264451155 ], [ 121.842213255078534, 13.438124610167817 ], [ 121.842368417957985, 13.437863897190455 ], [ 121.842490681840999, 13.437855597300793 ], [ 121.842685819526309, 13.437754582213183 ], [ 121.843074394720247, 13.437907020193032 ], [ 121.843204500264719, 13.437973222136261 ], [ 121.843272311612949, 13.437872942232655 ], [ 121.843336180182661, 13.437855892255081 ], [ 121.843590656880906, 13.437995807757872 ], [ 121.843860405456013, 13.437906860943857 ], [ 121.844076750058932, 13.437869698743524 ], [ 121.844744415183712, 13.437567519579058 ], [ 121.845142028241725, 13.437549558819919 ], [ 121.845100256226161, 13.437209522206889 ], [ 121.844720967696475, 13.436844500010842 ], [ 121.844490048954995, 13.436664498197526 ], [ 121.844383923133634, 13.436625855870611 ], [ 121.844033760347571, 13.436817618602413 ], [ 121.84342177169647, 13.436264166113352 ], [ 121.843196295917537, 13.436727932241702 ], [ 121.843248319438899, 13.436964040711327 ], [ 121.84305247451195, 13.437181227395254 ], [ 121.842496441467702, 13.437598628388862 ], [ 121.842492257898925, 13.437785280766883 ], [ 121.842398790157461, 13.437826611312197 ], [ 121.842330644995045, 13.437832141967913 ], [ 121.841764262733165, 13.437355990400924 ], [ 121.841704841227426, 13.437475352854909 ], [ 121.841505346920655, 13.437540899499078 ], [ 121.841414280808905, 13.437651254383272 ], [ 121.841236909130643, 13.437823245452307 ], [ 121.841217355169093, 13.438124460281667 ], [ 121.841031099818053, 13.438260962660216 ], [ 121.841016817238668, 13.438407118362363 ], [ 121.840934846586165, 13.438508652981316 ], [ 121.840576681539247, 13.438622208872145 ], [ 121.840409405554936, 13.438577129097377 ], [ 121.839937752411359, 13.438756625670928 ], [ 121.840014451171513, 13.43881015042051 ], [ 121.84035033523358, 13.439564959247589 ], [ 121.840526707959768, 13.439601219096437 ], [ 121.840726757821329, 13.439420471198371 ], [ 121.84079961154157, 13.439332187568983 ], [ 121.841212609273754, 13.439112540924326 ], [ 121.841435547251436, 13.438878726278093 ], [ 121.8416177654927, 13.438640293126083 ] ], [ [ 121.843556132407954, 13.437066045800757 ], [ 121.843914487102083, 13.43697403704002 ], [ 121.843845014233992, 13.437421176518797 ], [ 121.843550843181447, 13.437430231811083 ], [ 121.843332185784163, 13.437210701437211 ], [ 121.843556132407954, 13.437066045800757 ] ] ] } },
{ "type": "Feature", "properties": { "Id": 0, "CLN": "14378", "PSGC": "174001028", "Barangay": null, "Land_Class": null, "PIN": "030-01-029-05-008" }, "geometry": { "type": "Polygon", "coordinates": [ [ [ 121.842355918312421, 13.43952544763374 ], [ 121.842434148692362, 13.439259950036096 ], [ 121.842543747173707, 13.439061060905271 ], [ 121.842776569716264, 13.43887174603768 ], [ 121.84208608156284, 13.43821264451155 ], [ 121.841881889829082, 13.438313617442834 ], [ 121.8416177654927, 13.438640293126083 ], [ 121.842355918312421, 13.43952544763374 ] ] ] } },
{ "type": "Feature", "properties": { "Id": 0, "CLN": "14371", "PSGC": "174001028", "Barangay": null, "Land_Class": null, "PIN": "030-01-029-05-009" }, "geometry": { "type": "Polygon", "coordinates": [ [ [ 121.843047961662549, 13.439423895914768 ], [ 121.843065769102964, 13.439285773777259 ], [ 121.842990964076805, 13.438725391765745 ], [ 121.842776573156982, 13.438871520007961 ], [ 121.842543747173707, 13.439061060905271 ], [ 121.842434148692362, 13.439259950036096 ], [ 121.842355918312421, 13.43952544763374 ], [ 121.842513567897768, 13.439690117703867 ], [ 121.842575964510317, 13.439894228435108 ], [ 121.842667328661037, 13.439721841180324 ], [ 121.842880086040566, 13.439722819013262 ], [ 121.843047961662549, 13.439423895914768 ] ] ] } },
{ "type": "Feature", "properties": { "Id": 0, "CLN": "14392", "PSGC": "174001028", "Barangay": null, "Land_Class": null, "PIN": "030-01-029-04-012" }, "geometry": { "type": "Polygon", "coordinates": [ [ [ 121.842329861129173, 13.440238711422477 ], [ 121.842078808354898, 13.439727997311937 ], [ 121.841842353648815, 13.43994845746734 ], [ 121.841976709925234, 13.440250380271587 ], [ 121.84210848936354, 13.440674338974404 ], [ 121.842149487661985, 13.440558812143996 ], [ 121.842296639465943, 13.440364599748987 ], [ 121.842329861129173, 13.440238711422477 ] ] ] } },
{ "type": "Feature", "properties": { "Id": 0, "CLN": "14424", "PSGC": "174001028", "Barangay": null, "Land_Class": null, "PIN": "030-01-029-04-013" }, "geometry": { "type": "Polygon", "coordinates": [ [ [ 121.841976709925234, 13.440250380271587 ], [ 121.841842353648815, 13.43994845746734 ], [ 121.841797704703097, 13.439983397904534 ], [ 121.841644514242631, 13.440131711172393 ], [ 121.841688453925769, 13.440246557269397 ], [ 121.841868197489603, 13.440828535970532 ], [ 121.842052228418225, 13.440728892771599 ], [ 121.84210848936354, 13.440674338974404 ], [ 121.841976709925234, 13.440250380271587 ] ] ] } },
{ "type": "Feature", "properties": { "Id": 0, "CLN": "14393", "PSGC": "174001028", "Barangay": null, "Land_Class": null, "PIN": "030-01-029-04-011" }, "geometry": { "type": "Polygon", "coordinates": [ [ [ 121.842513567897768, 13.439690117703867 ], [ 121.842355918312421, 13.43952544763374 ], [ 121.842078808354898, 13.439727997311937 ], [ 121.842329861129173, 13.440238711422477 ], [ 121.842296639465943, 13.440364599748987 ], [ 121.842149487661985, 13.440558812143996 ], [ 121.84210848936354, 13.440674338974404 ], [ 121.842052228418225, 13.440728892771599 ], [ 121.841868197489603, 13.440828535970532 ], [ 121.84192079179131, 13.440997715561913 ], [ 121.842190684152612, 13.440942114225987 ], [ 121.842168354164684, 13.440841183519908 ], [ 121.842415765768109, 13.440824050334589 ], [ 121.842446262341412, 13.440789932704739 ], [ 121.842442696219791, 13.440767439980183 ], [ 121.842437203357051, 13.440732794647424 ], [ 121.842444564753734, 13.440657461234462 ], [ 121.84262240623768, 13.440550937563222 ], [ 121.84261959515463, 13.440235612477331 ], [ 121.842575964510317, 13.439894228435108 ], [ 121.842513567897768, 13.439690117703867 ] ] ] } },
{ "type": "Feature", "properties": { "Id": 0, "CLN": "14379", "PSGC": "174001028", "Barangay": null, "Land_Class": null, "PIN": "030-01-029-05-007" }, "geometry": { "type": "Polygon", "coordinates": [ [ [ 121.842078808354898, 13.439727997311923 ], [ 121.842355918312421, 13.439525447633724 ], [ 121.8416177654927, 13.438640293126063 ], [ 121.841435547251436, 13.438878726278093 ], [ 121.842078808354898, 13.439727997311923 ] ] ] } },
{ "type": "Feature", "properties": { "Id": 0, "CLN": "14380", "PSGC": "174001028", "Barangay": null, "Land_Class": null, "PIN": "030-01-029-05-006" }, "geometry": { "type": "Polygon", "coordinates": [ [ [ 121.841797704703097, 13.439983397904536 ], [ 121.841842353648815, 13.439948457467322 ], [ 121.842078808354898, 13.439727997311923 ], [ 121.841435547251436, 13.438878726278093 ], [ 121.84121260927374, 13.439112540924308 ], [ 121.841797704703097, 13.439983397904536 ] ] ] } },
{ "type": "Feature", "properties": { "Id": 0, "CLN": "14381", "PSGC": "174001028", "Barangay": null, "Land_Class": null, "PIN": "030-01-029-05-005" }, "geometry": { "type": "Polygon", "coordinates": [ [ [ 121.841112290808113, 13.440209203990856 ], [ 121.841225197729727, 13.440173282583432 ], [ 121.841644514242631, 13.440131711172393 ], [ 121.841797704703097, 13.439983397904534 ], [ 121.841212609273754, 13.439112540924326 ], [ 121.84079961154157, 13.439332187568983 ], [ 121.840726757821329, 13.439420471198371 ], [ 121.841112290808113, 13.440209203990856 ] ] ] } },
{ "type": "Feature", "properties": { "Id": 0, "CLN": "14391", "PSGC": "174001028", "Barangay": null, "Land_Class": null, "PIN": "030-01-029-03-003" }, "geometry": { "type": "Polygon", "coordinates": [ [ [ 121.841688453925769, 13.440246557269397 ], [ 121.841644514242631, 13.440131711172393 ], [ 121.841225197729727, 13.440173282583432 ], [ 121.841112290808113, 13.440209203990856 ], [ 121.841002884837096, 13.440252875855597 ], [ 121.840814563154709, 13.440297391343687 ], [ 121.840888445229893, 13.440888212043859 ], [ 121.841206547760763, 13.441684991922848 ], [ 121.841469854156415, 13.442474361194245 ], [ 121.841971218441145, 13.442590353257827 ], [ 121.84238066329722, 13.442663707074672 ], [ 121.842390719306195, 13.442585549506816 ], [ 121.842031033368698, 13.441363639573492 ], [ 121.84194499750383, 13.441139933489994 ], [ 121.84192079179131, 13.440997715561913 ], [ 121.841868197489603, 13.440828535970532 ], [ 121.841688453925769, 13.440246557269397 ] ] ] } },
{ "type": "Feature", "properties": { "Id": 0, "CLN": "14383", "PSGC": "174001028", "Barangay": null, "Land_Class": null, "PIN": "030-01-029-03-002" }, "geometry": { "type": "Polygon", "coordinates": [ [ [ 121.840719140129238, 13.443317860068952 ], [ 121.840865706697514, 13.443030261789813 ], [ 121.841080643151187, 13.443189598673477 ], [ 121.841172660629326, 13.443031675011293 ], [ 121.842426222323468, 13.442858794263069 ], [ 121.84257582402094, 13.442802639504041 ], [ 121.842427118729631, 13.442672029722033 ], [ 121.84238066329722, 13.442663707074672 ], [ 121.841971218441145, 13.442590353257827 ], [ 121.841469854156415, 13.442474361194245 ], [ 121.841206547760763, 13.441684991922848 ], [ 121.840888445229893, 13.440888212043859 ], [ 121.840814563154709, 13.440297391343687 ], [ 121.840810027464926, 13.440261120244081 ], [ 121.84053045605296, 13.439712217744582 ], [ 121.840526707959768, 13.439601219096437 ], [ 121.84035033523358, 13.439564959247589 ], [ 121.839926326569852, 13.439733665815977 ], [ 121.839612600018398, 13.440110219951382 ], [ 121.839572339816783, 13.440245726621797 ], [ 121.839244044560829, 13.441254173082518 ], [ 121.839642115562697, 13.442275926561672 ], [ 121.840178351202923, 13.442040876776371 ], [ 121.840332364184931, 13.44236132590617 ], [ 121.840491245298054, 13.442316380655319 ], [ 121.840506697873536, 13.442337767804148 ], [ 121.840330211874615, 13.442808951463119 ], [ 121.840314041826474, 13.442936772817861 ], [ 121.840235985432926, 13.443156576770782 ], [ 121.840340740776227, 13.443207304170425 ], [ 121.840331155133242, 13.443259788661098 ], [ 121.840370743791453, 13.443275958016489 ], [ 121.840719140129238, 13.443317860068952 ] ] ] } },
{ "type": "Feature", "properties": { "Id": 0, "CLN": "14384", "PSGC": "174001028", "Barangay": null, "Land_Class": null, "PIN": "030-01-029-05-001" }, "geometry": { "type": "Polygon", "coordinates": [ [ [ 121.839926326569824, 13.439733665815966 ], [ 121.840350335233609, 13.439564959247575 ], [ 121.840014451171513, 13.438810150420489 ], [ 121.839937752411316, 13.438756625670926 ], [ 121.839752731302156, 13.438768481832636 ], [ 121.839623541584146, 13.438864809558018 ], [ 121.8394989530034, 13.43903385067965 ], [ 121.839926326569824, 13.439733665815966 ] ] ] } },
{ "type": "Feature", "properties": { "Id": 0, "CLN": "14389", "PSGC": "174001028", "Barangay": null, "Land_Class": null, "PIN": "030-01-029-02-004" }, "geometry": { "type": "Polygon", "coordinates": [ [ [ 121.839038635460284, 13.442463894718216 ], [ 121.839173227352092, 13.442415363828069 ], [ 121.839180007284739, 13.442461072164074 ], [ 121.839385685645297, 13.44238893717162 ], [ 121.839642115562697, 13.442275926561672 ], [ 121.839244044560829, 13.441254173082518 ], [ 121.839572339816783, 13.440245726621797 ], [ 121.839612600018398, 13.440110219951382 ], [ 121.839926326569852, 13.439733665815977 ], [ 121.839498953003371, 13.439033850679666 ], [ 121.839235901874204, 13.439168330411146 ], [ 121.839042256568717, 13.439283745261269 ], [ 121.838838242741829, 13.439496035129658 ], [ 121.838682921262077, 13.439878164619701 ], [ 121.838666272068835, 13.440251241329053 ], [ 121.838642632302594, 13.440607165462236 ], [ 121.838665111131093, 13.440884043783154 ], [ 121.838726606087491, 13.441094093471488 ], [ 121.838847082674263, 13.441418038457906 ], [ 121.838852376357494, 13.441554993481933 ], [ 121.838735990731095, 13.441748198900864 ], [ 121.838732162237534, 13.441752686376695 ], [ 121.838852871012506, 13.441988412086221 ], [ 121.838819797218591, 13.442076754581157 ], [ 121.838820248159436, 13.442243913963319 ], [ 121.838913186550428, 13.44224065533148 ], [ 121.838969723944274, 13.442240412349419 ], [ 121.838989321164775, 13.442478318277418 ], [ 121.839038635460284, 13.442463894718216 ] ] ] } },
{ "type": "Feature", "properties": { "Id": 0, "CLN": "14387", "PSGC": "174001028", "Barangay": null, "Land_Class": null, "PIN": "030-01-029-02-003" }, "geometry": { "type": "Polygon", "coordinates": [ [ [ 121.838674722444324, 13.439524357890004 ], [ 121.838789666607397, 13.439301965121214 ], [ 121.83843219740811, 13.439508700746469 ], [ 121.838112351024819, 13.440127532055374 ], [ 121.838166157734136, 13.440263472507855 ], [ 121.838551683188413, 13.441388357964991 ], [ 121.83867334589138, 13.441634488921055 ], [ 121.838735207864076, 13.44154350890064 ], [ 121.838714212658815, 13.44143201184561 ], [ 121.838668552035344, 13.441332444279615 ], [ 121.838592610536864, 13.441133380077293 ], [ 121.838532164759584, 13.440910300812707 ], [ 121.838509094060868, 13.440591047833228 ], [ 121.83850289124328, 13.440250487684365 ], [ 121.838544248655509, 13.439887217280237 ], [ 121.838674722444324, 13.439524357890004 ] ] ] } },
{ "type": "Feature", "properties": { "Id": 0, "CLN": "14453", "PSGC": "174001028", "Barangay": null, "Land_Class": null, "PIN": "030-01-029-02-001" }, "geometry": { "type": "Polygon", "coordinates": [ [ [ 121.836840923967543, 13.442761796550192 ], [ 121.837085840619864, 13.442152736289708 ], [ 121.837482965674226, 13.442299089571813 ], [ 121.837502284936349, 13.442286194643795 ], [ 121.837640881899787, 13.442249575773129 ], [ 121.837803473371181, 13.442260487939219 ], [ 121.838054004092243, 13.442334468507328 ], [ 121.838240484257611, 13.442414927596699 ], [ 121.838256129645316, 13.442399757542214 ], [ 121.838304036489674, 13.442152715358278 ], [ 121.838333841705321, 13.44207156086115 ], [ 121.838401997116932, 13.441931307870313 ], [ 121.83867334589138, 13.441634488921055 ], [ 121.838551683188413, 13.441388357964991 ], [ 121.838166157734136, 13.440263472507855 ], [ 121.838112351024819, 13.440127532055374 ], [ 121.837765062094732, 13.440276159785808 ], [ 121.837410305397384, 13.440355774549072 ], [ 121.837224144245653, 13.440688111774245 ], [ 121.83720307691226, 13.440804432666347 ], [ 121.83763273894894, 13.44100713772395 ], [ 121.837615714970312, 13.441135520590523 ], [ 121.837713893193381, 13.441188161325409 ], [ 121.837709443769597, 13.4412604003591 ], [ 121.837582363394787, 13.441247770384894 ], [ 121.83713625735146, 13.441053018104309 ], [ 121.836917788579854, 13.441280830872234 ], [ 121.836728268697826, 13.441321443050468 ], [ 121.836642715198749, 13.441339776240788 ], [ 121.836412961707438, 13.441420592109958 ], [ 121.836293509515428, 13.441462609352115 ], [ 121.836174147409821, 13.441550374809768 ], [ 121.836173546946256, 13.441674819015073 ], [ 121.836131817791014, 13.441823159594358 ], [ 121.836434860181726, 13.442767948828097 ], [ 121.836840923967543, 13.442761796550192 ] ] ] } },
{ "type": "Feature", "properties": { "Id": 0, "CLN": "14386", "PSGC": "174001028", "Barangay": null, "Land_Class": null, "PIN": null }, "geometry": { "type": "Polygon", "coordinates": [ [ [ 121.839399723977465, 13.438964358124888 ], [ 121.839382782874779, 13.438936953759672 ], [ 121.839194296050792, 13.439068286503248 ], [ 121.838789666607397, 13.439301965121214 ], [ 121.838674722444324, 13.439524357890004 ], [ 121.838544248655509, 13.439887217280237 ], [ 121.83850289124328, 13.440250487684365 ], [ 121.838509094060868, 13.440591047833228 ], [ 121.838532164759584, 13.440910300812707 ], [ 121.838592610536864, 13.441133380077293 ], [ 121.838668552035344, 13.441332444279615 ], [ 121.838714212658815, 13.44143201184561 ], [ 121.838735207864076, 13.44154350890064 ], [ 121.83867334589138, 13.441634488921055 ], [ 121.838684551353438, 13.441650185411753 ], [ 121.838772133568753, 13.441540668405752 ], [ 121.83870853914344, 13.44133262872975 ], [ 121.838629623155171, 13.441112475100269 ], [ 121.838581481048962, 13.440889452599475 ], [ 121.838550530453332, 13.440613571650935 ], [ 121.838550543983033, 13.440250707508348 ], [ 121.838585800158427, 13.439869235887924 ], [ 121.838777150069973, 13.439459407266469 ], [ 121.838980313899569, 13.439239541151116 ], [ 121.839399723977465, 13.438964358124888 ] ] ] } },
{ "type": "Feature", "properties": { "Id": 0, "CLN": "14388", "PSGC": "174001028", "Barangay": null, "Land_Class": null, "PIN": null }, "geometry": { "type": "Polygon", "coordinates": [ [ [ 121.838682921262077, 13.439878164619701 ], [ 121.838838242741829, 13.439496035129658 ], [ 121.838727741380922, 13.439695429193703 ], [ 121.838648854479018, 13.439884065177898 ], [ 121.838628503697038, 13.440254701732059 ], [ 121.83860991977501, 13.440601187732915 ], [ 121.838638281271216, 13.440892660275273 ], [ 121.838670376671445, 13.441026825512179 ], [ 121.838808431203191, 13.441409119937488 ], [ 121.838822626098775, 13.441551942850028 ], [ 121.838713565987959, 13.441711222527289 ], [ 121.838735990731095, 13.441748198900864 ], [ 121.838852376357494, 13.441554993481933 ], [ 121.838847082674263, 13.441418038457906 ], [ 121.838726606087491, 13.441094093471488 ], [ 121.838665111131093, 13.440884043783154 ], [ 121.838642632302594, 13.440607165462236 ], [ 121.838666272068835, 13.440251241329053 ], [ 121.838682921262077, 13.439878164619701 ] ] ] } },
{ "type": "Feature", "properties": { "Id": 0, "CLN": "14403 pt.", "PSGC": "174001028", "Barangay": null, "Land_Class": null, "PIN": "030-01-029-04-052" }, "geometry": { "type": "Polygon", "coordinates": [ [ [ 121.843674925005146, 13.441356187567605 ], [ 121.843741310321519, 13.441011524972639 ], [ 121.843767415670925, 13.440914836213746 ], [ 121.843786147717182, 13.44050245630125 ], [ 121.843824221838105, 13.440234415338649 ], [ 121.843850754296469, 13.440121864017103 ], [ 121.843815660355318, 13.439696452562758 ], [ 121.843420736950236, 13.439970869758019 ], [ 121.843072887947628, 13.440125216865784 ], [ 121.843091016026492, 13.440172932098944 ], [ 121.843072271406825, 13.440237692921173 ], [ 121.84294508379952, 13.440408537688825 ], [ 121.84262240623768, 13.440550937563222 ], [ 121.842668062996452, 13.440761262232433 ], [ 121.842520564510892, 13.440865641567378 ], [ 121.842400736044453, 13.441038663716697 ], [ 121.842293110749395, 13.441099832959081 ], [ 121.842031033368698, 13.441363639573492 ], [ 121.842171020035451, 13.441839197705761 ], [ 121.843674925005146, 13.441356187567605 ] ] ] } },
{ "type": "Feature", "properties": { "Id": 0, "CLN": "14396", "PSGC": "174001028", "Barangay": null, "Land_Class": null, "PIN": "030-01-029-04-007" }, "geometry": { "type": "Polygon", "coordinates": [ [ [ 121.844728305577078, 13.439998484894787 ], [ 121.844668477773723, 13.439954790460623 ], [ 121.843850754296469, 13.440121864017103 ], [ 121.843824221838076, 13.440234415338647 ], [ 121.843786147717182, 13.44050245630125 ], [ 121.844227950220755, 13.440716959205531 ], [ 121.844670282741305, 13.440820977102941 ], [ 121.84475099826264, 13.440956259044393 ], [ 121.844735024882297, 13.440239370367543 ], [ 121.844728305577078, 13.439998484894787 ] ] ] } },
{ "type": "Feature", "properties": { "Id": 0, "CLN": "14369", "PSGC": "174001028", "Barangay": null, "Land_Class": null, "PIN": "030-01-029-05-010" }, "geometry": { "type": "Polygon", "coordinates": [ [ [ 121.843815660355318, 13.439696452562758 ], [ 121.843865900227911, 13.439285971398572 ], [ 121.843065769102964, 13.439285773777259 ], [ 121.843047961662549, 13.439423895914768 ], [ 121.842880086040566, 13.439722819013262 ], [ 121.843072887947628, 13.440125216865784 ], [ 121.843420736950236, 13.439970869758019 ], [ 121.843815660355318, 13.439696452562758 ] ] ] } },
{ "type": "Feature", "properties": { "Id": 0, "CLN": "14366", "PSGC": "174001028", "Barangay": null, "Land_Class": null, "PIN": "030-01-029-05-013" }, "geometry": { "type": "Polygon", "coordinates": [ [ [ 121.843865900227883, 13.439285971398538 ], [ 121.844106979130856, 13.439345232098452 ], [ 121.844173538003972, 13.4394036915307 ], [ 121.844184503453235, 13.439440088051175 ], [ 121.844752876470324, 13.439399266933327 ], [ 121.844769749986014, 13.439162114997695 ], [ 121.844758708482431, 13.439083842831465 ], [ 121.844509100835026, 13.4391180967552 ], [ 121.84389618055161, 13.439166168026331 ], [ 121.843865900227883, 13.439285971398538 ] ] ] } },
{ "type": "Feature", "properties": { "Id": 0, "CLN": "14367", "PSGC": "174001028", "Barangay": null, "Land_Class": null, "PIN": "030-01-029-05-012" }, "geometry": { "type": "Polygon", "coordinates": [ [ [ 121.844184503453235, 13.439440088051175 ], [ 121.844213582141322, 13.439571067797946 ], [ 121.844308873417958, 13.439668734012093 ], [ 121.844383588334125, 13.439739040569663 ], [ 121.844723218178501, 13.439816103043732 ], [ 121.844752872716711, 13.439399319688711 ], [ 121.844184503453235, 13.439440088051175 ] ] ] } },
{ "type": "Feature", "properties": { "Id": 0, "CLN": "14368", "PSGC": "174001028", "Barangay": null, "Land_Class": null, "PIN": "030-01-029-05-011" }, "geometry": { "type": "Polygon", "coordinates": [ [ [ 121.843850754296469, 13.440121864017103 ], [ 121.844668477773723, 13.439954790460623 ], [ 121.844728305577078, 13.439998484894787 ], [ 121.844723218178501, 13.439816103043732 ], [ 121.844383588334154, 13.439739040569677 ], [ 121.844308873417987, 13.439668734012091 ], [ 121.844213582141322, 13.439571067797964 ], [ 121.844184503453235, 13.439440088051175 ], [ 121.844173538003972, 13.4394036915307 ], [ 121.844106979130856, 13.439345232098466 ], [ 121.843865900227911, 13.439285971398572 ], [ 121.843815660355318, 13.439696452562758 ], [ 121.843850754296469, 13.440121864017103 ] ] ] } },
{ "type": "Feature", "properties": { "Id": 0, "CLN": "14365", "PSGC": "174001028", "Barangay": null, "Land_Class": null, "PIN": "030-01-029-05-014" }, "geometry": { "type": "Polygon", "coordinates": [ [ [ 121.84389618055161, 13.439166168026365 ], [ 121.844509100835026, 13.43911809675522 ], [ 121.844758708482459, 13.439083842831497 ], [ 121.844752959979616, 13.439043092228513 ], [ 121.844640570305799, 13.438949119205235 ], [ 121.844536038887824, 13.438699502895028 ], [ 121.844253921813248, 13.438720984288818 ], [ 121.843799667992499, 13.438749468773359 ], [ 121.84389618055161, 13.439166168026365 ] ] ] } },
{ "type": "Feature", "properties": { "Id": 0, "CLN": "14364", "PSGC": "174001028", "Barangay": null, "Land_Class": null, "PIN": "030-01-029-05-015" }, "geometry": { "type": "Polygon", "coordinates": [ [ [ 121.843799667992499, 13.438749468773359 ], [ 121.844253921813248, 13.438720984288818 ], [ 121.844166890549019, 13.438286352890245 ], [ 121.844032132442976, 13.438306546331512 ], [ 121.843691261231925, 13.438447196757455 ], [ 121.843799667992499, 13.438749468773359 ] ] ] } },
{ "type": "Feature", "properties": { "Id": 0, "CLN": "14370", "PSGC": "174001028", "Barangay": null, "Land_Class": null, "PIN": "030-01-029-05-018" }, "geometry": { "type": "Polygon", "coordinates": [ [ [ 121.843958114846629, 13.438222958466248 ], [ 121.843860405456013, 13.437906860943857 ], [ 121.843590656880906, 13.437995807757872 ], [ 121.843336180182661, 13.437855892255081 ], [ 121.843272311612949, 13.437872942232655 ], [ 121.843204500264719, 13.437973222136261 ], [ 121.843393694948048, 13.43842501815738 ], [ 121.842990964076805, 13.438725391765745 ], [ 121.843065769102964, 13.439285773777259 ], [ 121.843865900227911, 13.439285971398572 ], [ 121.84389618055161, 13.439166168026365 ], [ 121.843799667992499, 13.438749468773359 ], [ 121.843691261231925, 13.438447196757455 ], [ 121.844032132442976, 13.438306546331512 ], [ 121.843958114846629, 13.438222958466248 ] ] ] } },
{ "type": "Feature", "properties": { "Id": 0, "CLN": "14362", "PSGC": "174001028", "Barangay": null, "Land_Class": null, "PIN": "030-01-029-05-017" }, "geometry": { "type": "Polygon", "coordinates": [ [ [ 121.844408861316495, 13.43839580791232 ], [ 121.84510657729443, 13.437702326511401 ], [ 121.845142028241696, 13.437549558819919 ], [ 121.844744415183712, 13.437567519579058 ], [ 121.844076750058932, 13.437869698743505 ], [ 121.843860405456041, 13.437906860943835 ], [ 121.843958114846629, 13.438222958466239 ], [ 121.844032132442948, 13.438306546331477 ], [ 121.844166890549019, 13.438286352890245 ], [ 121.844408861316495, 13.43839580791232 ] ] ] } },
{ "type": "Feature", "properties": { "Id": 0, "CLN": "14372", "PSGC": "174001028", "Barangay": null, "Land_Class": null, "PIN": "030-01-029-05-019" }, "geometry": { "type": "Polygon", "coordinates": [ [ [ 121.843074394720247, 13.437907020193032 ], [ 121.842685819526309, 13.437754582213183 ], [ 121.842490681840999, 13.437855597300793 ], [ 121.842368417957985, 13.437863897190455 ], [ 121.842213255078534, 13.438124610167817 ], [ 121.84208608156284, 13.43821264451155 ], [ 121.842776569716264, 13.43887174603768 ], [ 121.842990964076805, 13.438725391765745 ], [ 121.843393694948048, 13.43842501815738 ], [ 121.843204500264719, 13.437973222136261 ], [ 121.843074394720247, 13.437907020193032 ] ] ] } },
{ "type": "Feature", "properties": { "Id": 0, "CLN": "14360", "PSGC": "174001028", "Barangay": null, "Land_Class": null, "PIN": "030-01-029-05-024" }, "geometry": { "type": "Polygon", "coordinates": [ [ [ 121.843550843181447, 13.437430231811083 ], [ 121.843845014233992, 13.437421176518814 ], [ 121.843914487102055, 13.43697403704002 ], [ 121.843556132407954, 13.437066045800734 ], [ 121.843332185784163, 13.437210701437211 ], [ 121.843550843181447, 13.437430231811083 ] ] ] } },
{ "type": "Feature", "properties": { "Id": 0, "CLN": "14358", "PSGC": "174001028", "Barangay": null, "Land_Class": null, "PIN": "030-01-029-05-023" }, "geometry": { "type": "Polygon", "coordinates": [ [ [ 121.843058215358141, 13.43598391096381 ], [ 121.842843717787986, 13.435961919523908 ], [ 121.842804943976361, 13.436014371817762 ], [ 121.842574210527332, 13.436223256265869 ], [ 121.842412153191418, 13.436453577561561 ], [ 121.842411044693606, 13.436684638574791 ], [ 121.84305247451195, 13.437181227395254 ], [ 121.843248319438899, 13.436964040711327 ], [ 121.843196295917537, 13.436727932241702 ], [ 121.84342177169647, 13.436264166113352 ], [ 121.843058215358141, 13.43598391096381 ] ] ] } },
{ "type": "Feature", "properties": { "Id": 0, "CLN": "14349", "PSGC": "174001028", "Barangay": null, "Land_Class": null, "PIN": "030-01-029-05-029" }, "geometry": { "type": "Polygon", "coordinates": [ [ [ 121.842879390069527, 13.435506981503755 ], [ 121.842800962592364, 13.435455445325537 ], [ 121.842817624442745, 13.435756826893035 ], [ 121.842843717787986, 13.435961919523908 ], [ 121.843058215358141, 13.43598391096381 ], [ 121.84342177169647, 13.436264166113352 ], [ 121.843569879212581, 13.436292483738399 ], [ 121.843647911903744, 13.436174158322732 ], [ 121.84352364364446, 13.436101058794245 ], [ 121.843071500824735, 13.435678236002822 ], [ 121.842879390069527, 13.435506981503755 ] ] ] } },
{ "type": "Feature", "properties": { "Id": 0, "CLN": "14348", "PSGC": "174001028", "Barangay": null, "Land_Class": null, "PIN": "030-01-029-05-028" }, "geometry": { "type": "Polygon", "coordinates": [ [ [ 121.843070407286547, 13.435472704063876 ], [ 121.842883122578812, 13.435314032199315 ], [ 121.842800962592364, 13.435455445325537 ], [ 121.842879390069527, 13.435506981503755 ], [ 121.843071500824735, 13.435678236002822 ], [ 121.84352364364446, 13.436101058794245 ], [ 121.843729660043664, 13.435983320996606 ], [ 121.843601929065485, 13.435929986232589 ], [ 121.843070407286547, 13.435472704063876 ] ] ] } },
{ "type": "Feature", "properties": { "Id": 0, "CLN": "14361", "PSGC": "174001028", "Barangay": null, "Land_Class": null, "PIN": "030-01-029-05-025" }, "geometry": { "type": "Polygon", "coordinates": [ [ [ 121.844383923133606, 13.436625855870593 ], [ 121.844490048954967, 13.43666449819754 ], [ 121.844720967696446, 13.436844500010823 ], [ 121.84498744371524, 13.436374814591037 ], [ 121.844741848000453, 13.43631764302835 ], [ 121.844624220580386, 13.43626435509962 ], [ 121.84440735308597, 13.435834779939977 ], [ 121.844383923133606, 13.436625855870593 ] ] ] } },
{ "type": "Feature", "properties": { "Id": 0, "CLN": "14345", "PSGC": "174001028", "Barangay": null, "Land_Class": null, "PIN": "030-01-029-05-027" }, "geometry": { "type": "Polygon", "coordinates": [ [ [ 121.843133665868535, 13.435248701273704 ], [ 121.84306911967262, 13.435230698458568 ], [ 121.842883122578812, 13.435314032199315 ], [ 121.843070407286547, 13.435472704063876 ], [ 121.843601929065485, 13.435929986232589 ], [ 121.843729660043664, 13.435983320996606 ], [ 121.843723239995896, 13.435917356124273 ], [ 121.843158514762109, 13.435276883294872 ], [ 121.843133665868535, 13.435248701273704 ] ] ] } },
{ "type": "Feature", "properties": { "Id": 0, "CLN": "14344", "PSGC": "174001028", "Barangay": null, "Land_Class": null, "PIN": "030-01-029-05-026" }, "geometry": { "type": "Polygon", "coordinates": [ [ [ 121.843158514762109, 13.435276883294838 ], [ 121.843723239995896, 13.435917356124273 ], [ 121.843729660043664, 13.435983320996586 ], [ 121.84352364364446, 13.436101058794229 ], [ 121.843647911903744, 13.436174158322732 ], [ 121.843569879212581, 13.436292483738399 ], [ 121.843421771696455, 13.436264166113354 ], [ 121.844033760347571, 13.436817618602401 ], [ 121.844383923133606, 13.436625855870593 ], [ 121.84440735308597, 13.435834779939977 ], [ 121.844338690391581, 13.435608361371017 ], [ 121.844278504729886, 13.435516599819938 ], [ 121.844144781176723, 13.435483842656245 ], [ 121.844165664134579, 13.435343001553811 ], [ 121.844257653641051, 13.435123364246076 ], [ 121.844402854398382, 13.434869354933435 ], [ 121.844298030023467, 13.434604308122413 ], [ 121.844142366555388, 13.434405787598424 ], [ 121.844145603050279, 13.434257447767617 ], [ 121.84369831551578, 13.434294956090152 ], [ 121.843644973811479, 13.434356525654811 ], [ 121.843657153516588, 13.434450539520336 ], [ 121.843699325128483, 13.434611450667079 ], [ 121.84377178488711, 13.434777446003125 ], [ 121.843790307557143, 13.434924237305355 ], [ 121.84374485359416, 13.435038316679083 ], [ 121.843704374643934, 13.435051317930983 ], [ 121.843336437074285, 13.434988088823346 ], [ 121.843232878466765, 13.435044757239639 ], [ 121.843158514762109, 13.435276883294838 ] ] ] } },
{ "type": "Feature", "properties": { "Id": 0, "CLN": "14343", "PSGC": "174001028", "Barangay": null, "Land_Class": null, "PIN": null }, "geometry": { "type": "Polygon", "coordinates": [ [ [ 121.843158514762109, 13.435276883294872 ], [ 121.843232878466765, 13.435044757239655 ], [ 121.843336437074285, 13.434988088823346 ], [ 121.843704374643963, 13.435051317930983 ], [ 121.84374485359416, 13.435038316679083 ], [ 121.843790307557143, 13.434924237305385 ], [ 121.84377178488711, 13.434777446003141 ], [ 121.843699325128512, 13.434611450667109 ], [ 121.843657153516588, 13.434450539520336 ], [ 121.843644973811479, 13.434356525654811 ], [ 121.843698315515809, 13.434294956090152 ], [ 121.844145603050279, 13.434257447767628 ], [ 121.844128559307194, 13.4342120389587 ], [ 121.843683766243572, 13.434256152249144 ], [ 121.84358921035053, 13.434308466480211 ], [ 121.843601955582045, 13.434460176420629 ], [ 121.843641739395551, 13.434592229872917 ], [ 121.843725085799178, 13.43477063808756 ], [ 121.843751429394672, 13.434896036287791 ], [ 121.843693668283422, 13.435001267766859 ], [ 121.843350481972394, 13.434927163080689 ], [ 121.843255988951086, 13.434966290368479 ], [ 121.84319508087691, 13.435025352488182 ], [ 121.843133665868535, 13.435248701273704 ], [ 121.843158514762109, 13.435276883294872 ] ] ] } },
{ "type": "Feature", "properties": { "Id": 0, "CLN": "14341", "PSGC": "174001028", "Barangay": null, "Land_Class": null, "PIN": null }, "geometry": { "type": "Polygon", "coordinates": [ [ [ 121.84327657606859, 13.434887262443558 ], [ 121.843424782897131, 13.434884646266065 ], [ 121.843552655477083, 13.434908310799521 ], [ 121.843650311057417, 13.434912055924947 ], [ 121.84367406066788, 13.434875900487192 ], [ 121.843674518759897, 13.434780296257005 ], [ 121.843621231412442, 13.434654774353454 ], [ 121.843584689198977, 13.434549109941953 ], [ 121.843554772375839, 13.434466553336108 ], [ 121.843531733692288, 13.434354357376719 ], [ 121.843552415435767, 13.43425554922835 ], [ 121.843640298560388, 13.434190017295613 ], [ 121.843842455646296, 13.43417446142683 ], [ 121.844091780070144, 13.434155825078635 ], [ 121.844044833784992, 13.434112751618791 ], [ 121.843566329629155, 13.434163303546191 ], [ 121.843501832704234, 13.434268504069179 ], [ 121.843494417445612, 13.434410231134775 ], [ 121.843530706836333, 13.434568642715556 ], [ 121.843597371238843, 13.434714006670687 ], [ 121.843630419124551, 13.434846029199258 ], [ 121.843576452493977, 13.434862265279754 ], [ 121.843428277272636, 13.434858288153082 ], [ 121.843293637179087, 13.434841186019776 ], [ 121.843195776207565, 13.434880297820136 ], [ 121.843107845295563, 13.434955719654806 ], [ 121.843064903702029, 13.435084984050379 ], [ 121.842796847658633, 13.435187553588678 ], [ 121.842664225872227, 13.435394008399445 ], [ 121.842692534945272, 13.435410637567026 ], [ 121.842815732457538, 13.435207379639547 ], [ 121.843065124064296, 13.435119906190421 ], [ 121.843168468910818, 13.434955998101813 ], [ 121.84327657606859, 13.434887262443558 ] ] ] } },
{ "type": "Feature", "properties": { "Id": 0, "CLN": "14340", "PSGC": "174001028", "Barangay": null, "Land_Class": null, "PIN": null }, "geometry": { "type": "Polygon", "coordinates": [ [ [ 121.844044833784992, 13.434112751618771 ], [ 121.84397988515299, 13.434007117149303 ], [ 121.843566329629155, 13.434163303546191 ], [ 121.844044833784992, 13.434112751618771 ] ] ] } },
{ "type": "Feature", "properties": { "Id": 0, "CLN": "14339", "PSGC": "174001028", "Barangay": null, "Land_Class": null, "PIN": "030-01-029-02-002" }, "geometry": { "type": "Polygon", "coordinates": [ [ [ 121.83713625735146, 13.441053018104309 ], [ 121.837582363394816, 13.441247770384896 ], [ 121.837709443769597, 13.4412604003591 ], [ 121.837713893193353, 13.441188161325375 ], [ 121.837615714970312, 13.441135520590523 ], [ 121.83763273894894, 13.441007137723933 ], [ 121.837203076912232, 13.440804432666313 ], [ 121.837172199489899, 13.440988326135621 ], [ 121.83713625735146, 13.441053018104309 ] ] ] } },
{ "type": "Feature", "properties": { "Id": 0, "CLN": "14454", "PSGC": "174001028", "Barangay": null, "Land_Class": null, "PIN": "030-01-029-01-024" }, "geometry": { "type": "Polygon", "coordinates": [ [ [ 121.836840923967543, 13.442761796550192 ], [ 121.83723123378148, 13.442780033718698 ], [ 121.837482965674226, 13.442299089571813 ], [ 121.837085840619864, 13.442152736289708 ], [ 121.836840923967543, 13.442761796550192 ] ] ] } },
{ "type": "Feature", "properties": { "Id": 0, "CLN": "14435", "PSGC": "174001028", "Barangay": null, "Land_Class": null, "PIN": null }, "geometry": { "type": "Polygon", "coordinates": [ [ [ 121.837482965674226, 13.442299089571813 ], [ 121.83723123378148, 13.442780033718698 ], [ 121.837261949718965, 13.442789208037954 ], [ 121.837519560795513, 13.442311678172125 ], [ 121.837482965674226, 13.442299089571813 ] ] ] } },
{ "type": "Feature", "properties": { "Id": 0, "CLN": "14468", "PSGC": "174001028", "Barangay": null, "Land_Class": null, "PIN": "030-01-029-01-022" }, "geometry": { "type": "Polygon", "coordinates": [ [ [ 121.836256115169959, 13.443157908222268 ], [ 121.837050936017917, 13.443156004616707 ], [ 121.83723123378148, 13.442780033718698 ], [ 121.836840923967529, 13.442761796550192 ], [ 121.836434860181697, 13.442767948828115 ], [ 121.836174296077374, 13.442993014532211 ], [ 121.836256115169959, 13.443157908222268 ] ] ] } },
{ "type": "Feature", "properties": { "Id": 0, "CLN": "14469 pt.", "PSGC": "174001028", "Barangay": null, "Land_Class": null, "PIN": "030-01-029-01-171" }, "geometry": { "type": "Polygon", "coordinates": [ [ [ 121.836644354104422, 13.443366373543105 ], [ 121.836641006326502, 13.443315351206445 ], [ 121.836594437376803, 13.443315135983473 ], [ 121.836594918474091, 13.443215406721599 ], [ 121.836809147010925, 13.44321639672126 ], [ 121.83680894922864, 13.443257403720922 ], [ 121.83691330704653, 13.443259116684715 ], [ 121.836911568759902, 13.443156338584563 ], [ 121.836256115169959, 13.443157908222268 ], [ 121.83649009744137, 13.443669266515757 ], [ 121.836800670394595, 13.443708113395395 ], [ 121.836667623739956, 13.443434537329409 ], [ 121.836640895740913, 13.443432982704483 ], [ 121.836641216463008, 13.443366496529519 ], [ 121.836644354104422, 13.443366373543105 ] ] ] } },
{ "type": "Feature", "properties": { "Id": 0, "CLN": "14470", "PSGC": "174001028", "Barangay": null, "Land_Class": null, "PIN": null }, "geometry": { "type": "Polygon", "coordinates": [ [ [ 121.837022500680462, 13.443735859983859 ], [ 121.837052684408988, 13.44375342692039 ], [ 121.837013643062534, 13.443431186608635 ], [ 121.837031360670068, 13.443301607967264 ], [ 121.837083353701388, 13.443153365980834 ], [ 121.837050936017917, 13.443156004616707 ], [ 121.836993208536981, 13.443311888195055 ], [ 121.836969732941981, 13.443453988018558 ], [ 121.837022500680462, 13.443735859983859 ] ] ] } },
{ "type": "Feature", "properties": { "Id": 0, "CLN": "14467", "PSGC": "174001028", "Barangay": null, "Land_Class": null, "PIN": null }, "geometry": { "type": "Polygon", "coordinates": [ [ [ 121.837050936017917, 13.443156004616707 ], [ 121.837083353701388, 13.443153365980834 ], [ 121.837261949718965, 13.442789208037954 ], [ 121.83723123378148, 13.442780033718698 ], [ 121.837050936017917, 13.443156004616707 ] ] ] } },
{ "type": "Feature", "properties": { "Id": 0, "CLN": "14472 pt.", "PSGC": "174001028", "Barangay": null, "Land_Class": null, "PIN": "030-01-029-01-200" }, "geometry": { "type": "Polygon", "coordinates": [ [ [ 121.837010032919338, 13.443983552603328 ], [ 121.83687472026763, 13.443982927388468 ], [ 121.836875340024875, 13.443854430064018 ], [ 121.836936326744521, 13.443854711860766 ], [ 121.836940278129092, 13.443797192718842 ], [ 121.836940623314817, 13.443725618765464 ], [ 121.83649009744137, 13.443669266515757 ], [ 121.836459377332204, 13.444058105925047 ], [ 121.837001627594631, 13.44415053769592 ], [ 121.837010032919338, 13.443983552603328 ] ] ] } },
{ "type": "Feature", "properties": { "Id": 0, "CLN": "14479", "PSGC": "174001028", "Barangay": null, "Land_Class": null, "PIN": "030-01-029-01-011" }, "geometry": { "type": "Polygon", "coordinates": [ [ [ 121.837001627594631, 13.44415053769592 ], [ 121.836459377332204, 13.444058105925047 ], [ 121.836481214540839, 13.444403271009291 ], [ 121.836503265564247, 13.444651175650526 ], [ 121.83705614493698, 13.444728423193617 ], [ 121.837023909341383, 13.444403687725536 ], [ 121.837001627594631, 13.44415053769592 ] ] ] } },
{ "type": "Feature", "properties": { "Id": 0, "CLN": "14482", "PSGC": "174001028", "Barangay": null, "Land_Class": null, "PIN": "030-01-029-01-010" }, "geometry": { "type": "Polygon", "coordinates": [ [ [ 121.837572049324905, 13.444392162941375 ], [ 121.837146025716791, 13.444335239071256 ], [ 121.8371563857891, 13.444402208477294 ], [ 121.837175750899988, 13.444512484293563 ], [ 121.837557913922552, 13.444540508584035 ], [ 121.837572049324905, 13.444392162941375 ] ] ] } },
{ "type": "Feature", "properties": { "Id": 0, "CLN": "14473", "PSGC": "174001028", "Barangay": null, "Land_Class": null, "PIN": null }, "geometry": { "type": "Polygon", "coordinates": [ [ [ 121.837001646093142, 13.444146701954773 ], [ 121.837020854889815, 13.444150973301591 ], [ 121.837052702906149, 13.443749591179069 ], [ 121.837022519178035, 13.44373202424258 ], [ 121.837001646093142, 13.444146701954773 ] ] ] } },
{ "type": "Feature", "properties": { "Id": 0, "CLN": "14480", "PSGC": "174001028", "Barangay": null, "Land_Class": null, "PIN": null }, "geometry": { "type": "Polygon", "coordinates": [ [ [ 121.837020836391588, 13.444154809042779 ], [ 121.837001627594631, 13.44415053769592 ], [ 121.837023909341383, 13.444403687725536 ], [ 121.83705614493698, 13.444728423193617 ], [ 121.837110339594517, 13.444724880606213 ], [ 121.837058124464107, 13.444397571913759 ], [ 121.837020836391588, 13.444154809042779 ] ] ] } },
{ "type": "Feature", "properties": { "Id": 0, "CLN": "14481", "PSGC": "174001028", "Barangay": null, "Land_Class": null, "PIN": null }, "geometry": { "type": "Polygon", "coordinates": [ [ [ 121.837146025716791, 13.444335239071256 ], [ 121.837113977411775, 13.444335091011721 ], [ 121.837113664788404, 13.444399919812817 ], [ 121.837127487016247, 13.444507009506296 ], [ 121.837149234834371, 13.444509476459322 ], [ 121.837175750899988, 13.444512484293563 ], [ 121.8371563857891, 13.444402208477294 ], [ 121.837146025716791, 13.444335239071256 ] ] ] } },
{ "type": "Feature", "properties": { "Id": 0, "CLN": "14477", "PSGC": "174001028", "Barangay": null, "Land_Class": null, "PIN": "030-01-029-01-013" }, "geometry": { "type": "Polygon", "coordinates": [ [ [ 121.837146025716791, 13.444335239071242 ], [ 121.837224555012966, 13.444000994115434 ], [ 121.837149504033846, 13.444121875662985 ], [ 121.837146025716791, 13.444335239071242 ] ] ] } },
{ "type": "Feature", "properties": { "Id": 0, "CLN": "14478", "PSGC": "174001028", "Barangay": null, "Land_Class": null, "PIN": null }, "geometry": { "type": "Polygon", "coordinates": [ [ [ 121.837146025716791, 13.444335239071256 ], [ 121.837149504033846, 13.444121875662985 ], [ 121.837115464654758, 13.444162564928543 ], [ 121.837113977411775, 13.444335091011721 ], [ 121.837146025716791, 13.444335239071256 ] ] ] } },
{ "type": "Feature", "properties": { "Id": 0, "CLN": "14475 pt.", "PSGC": "174001028", "Barangay": null, "Land_Class": null, "PIN": "030-01-029-01-202" }, "geometry": { "type": "Polygon", "coordinates": [ [ [ 121.83724139361027, 13.443871464546362 ], [ 121.837153592897948, 13.443871058953519 ], [ 121.837149504033846, 13.444121875662985 ], [ 121.837224555012966, 13.44400099411542 ], [ 121.83724139361027, 13.443871464546362 ] ] ] } },
{ "type": "Feature", "properties": { "Id": 0, "CLN": "14476", "PSGC": "174001028", "Barangay": null, "Land_Class": null, "PIN": "030-01-029-01-009" }, "geometry": { "type": "Polygon", "coordinates": [ [ [ 121.837934304719738, 13.444714097325976 ], [ 121.837941555099817, 13.444622806110203 ], [ 121.83795224595265, 13.444524198137454 ], [ 121.837877188317975, 13.444485361886914 ], [ 121.837884359311445, 13.44440449332412 ], [ 121.837883720528183, 13.444397236204168 ], [ 121.837906138278228, 13.44421928278221 ], [ 121.837651038664376, 13.444174450343224 ], [ 121.837700753898034, 13.444055475887481 ], [ 121.837224555012966, 13.44400099411542 ], [ 121.837146025716791, 13.444335239071256 ], [ 121.837572049324905, 13.444392162941375 ], [ 121.837557913922552, 13.444540508584035 ], [ 121.837175750899988, 13.444512484293563 ], [ 121.8371897778717, 13.444663538778549 ], [ 121.837523642249081, 13.444708797430472 ], [ 121.837478378532268, 13.444864197726851 ], [ 121.837987482092387, 13.444887120427628 ], [ 121.837983981403212, 13.444863645869535 ], [ 121.837966531594319, 13.444810237023619 ], [ 121.837934304719738, 13.444714097325976 ] ] ] } },
{ "type": "Feature", "properties": { "Id": 0, "CLN": "14462 pt.", "PSGC": "174001028", "Barangay": null, "Land_Class": null, "PIN": "030-01-029-01-110" }, "geometry": { "type": "Polygon", "coordinates": [ [ [ 121.837908540877677, 13.444054921719751 ], [ 121.837920894979504, 13.444217312446728 ], [ 121.838082775890115, 13.444195697820181 ], [ 121.83808442400354, 13.444146112562642 ], [ 121.838110578886869, 13.4441389285917 ], [ 121.838094433597391, 13.443942271965085 ], [ 121.838096589383255, 13.443942192773518 ], [ 121.838097611893332, 13.443729966324383 ], [ 121.83803764707487, 13.443703988406687 ], [ 121.838036570785803, 13.443927365732687 ], [ 121.838031744696934, 13.443927067819596 ], [ 121.838033761094209, 13.443968268260514 ], [ 121.838029982839231, 13.443968008237412 ], [ 121.838048955885554, 13.444068069927765 ], [ 121.837908540877677, 13.444054921719751 ] ] ] } },
{ "type": "Feature", "properties": { "Id": 0, "CLN": "14463", "PSGC": "174001028", "Barangay": null, "Land_Class": null, "PIN": "030-01-029-01-015" }, "geometry": { "type": "Polygon", "coordinates": [ [ [ 121.837224555012966, 13.44400099411542 ], [ 121.837700753898034, 13.444055475887481 ], [ 121.837724921182129, 13.443917561764904 ], [ 121.837700048591216, 13.443758508215055 ], [ 121.837828745429675, 13.443654537490954 ], [ 121.837786175718193, 13.44362088016671 ], [ 121.837850917120804, 13.44348733594596 ], [ 121.837554016291534, 13.443359591219521 ], [ 121.837398896745526, 13.443292849204315 ], [ 121.837251181763563, 13.44379616987014 ], [ 121.837224555012966, 13.44400099411542 ] ] ] } },
{ "type": "Feature", "properties": { "Id": 0, "CLN": "14471", "PSGC": "174001028", "Barangay": null, "Land_Class": null, "PIN": null }, "geometry": { "type": "Polygon", "coordinates": [ [ [ 121.837118826655001, 13.443772554174542 ], [ 121.837155127815151, 13.443776904470981 ], [ 121.837112468689469, 13.443318713056426 ], [ 121.837209439999683, 13.44314767453416 ], [ 121.837156127252925, 13.443126515282032 ], [ 121.837067591167951, 13.44332059703309 ], [ 121.837118826655001, 13.443772554174542 ] ] ] } },
{ "type": "Feature", "properties": { "Id": 0, "CLN": "14464", "PSGC": "174001028", "Barangay": null, "Land_Class": null, "PIN": "030-01-029-01-119" }, "geometry": { "type": "Polygon", "coordinates": [ [ [ 121.837155127815151, 13.443776904470994 ], [ 121.837251181763563, 13.44379616987014 ], [ 121.837398896745526, 13.443292849204315 ], [ 121.837349846954822, 13.44327380097663 ], [ 121.837486657897387, 13.442976644480977 ], [ 121.837550652278168, 13.442837646915343 ], [ 121.837444026855152, 13.442795328550238 ], [ 121.83726707625523, 13.443158397253246 ], [ 121.837209439999683, 13.44314767453416 ], [ 121.837112468689497, 13.44331871305646 ], [ 121.837155127815151, 13.443776904470994 ] ] ] } },
{ "type": "Feature", "properties": { "Id": 0, "CLN": "14459", "PSGC": "174001028", "Barangay": null, "Land_Class": null, "PIN": "030-01-029-01-019" }, "geometry": { "type": "Polygon", "coordinates": [ [ [ 121.837554016291534, 13.443359591219521 ], [ 121.837705450661915, 13.443080952353412 ], [ 121.837805706942532, 13.443114876019278 ], [ 121.837781862317485, 13.443185870093735 ], [ 121.837894917766079, 13.443224035418526 ], [ 121.838036856661645, 13.443032291126093 ], [ 121.838077420749755, 13.443038752258616 ], [ 121.838240483031996, 13.442897296507827 ], [ 121.838398224522834, 13.442973311213541 ], [ 121.838396682250178, 13.442849917436865 ], [ 121.838281711944362, 13.442765734923311 ], [ 121.838255751104711, 13.442832536693462 ], [ 121.838221526150178, 13.442840743942055 ], [ 121.83802539760768, 13.442749912856817 ], [ 121.837943473512553, 13.442902199525667 ], [ 121.837832534587761, 13.442868226601881 ], [ 121.837675871658035, 13.443011802918367 ], [ 121.837486657897387, 13.442976644480943 ], [ 121.837349846954822, 13.44327380097663 ], [ 121.837398896745512, 13.443292849204315 ], [ 121.837554016291534, 13.443359591219521 ] ] ] } },
{ "type": "Feature", "properties": { "Id": 0, "CLN": "14460", "PSGC": "174001028", "Barangay": null, "Land_Class": null, "PIN": "030-01-029-01-018" }, "geometry": { "type": "Polygon", "coordinates": [ [ [ 121.837850917120775, 13.443487335945944 ], [ 121.837912947515065, 13.443472983224881 ], [ 121.83796023368518, 13.443414645146598 ], [ 121.837969142621603, 13.443339399509995 ], [ 121.838070043885253, 13.443239482919637 ], [ 121.838077420749755, 13.443038752258616 ], [ 121.838036856661645, 13.443032291126093 ], [ 121.837894917766079, 13.443224035418526 ], [ 121.837781862317485, 13.443185870093735 ], [ 121.837805706942532, 13.443114876019278 ], [ 121.837705450661915, 13.443080952353412 ], [ 121.837554016291534, 13.443359591219521 ], [ 121.837850917120775, 13.443487335945944 ] ] ] } },
{ "type": "Feature", "properties": { "Id": 0, "CLN": "14461 pt.", "PSGC": "174001028", "Barangay": null, "Land_Class": null, "PIN": null }, "geometry": { "type": "Polygon", "coordinates": [ [ [ 121.83810149342186, 13.443295067911091 ], [ 121.838100625344225, 13.443475248120663 ], [ 121.838370064032731, 13.443508854908091 ], [ 121.838370397298888, 13.443506965382667 ], [ 121.838452934332452, 13.443517450838701 ], [ 121.83848324873658, 13.443353630484101 ], [ 121.83810149342186, 13.443295067911091 ] ] ] } },
{ "type": "Feature", "properties": { "Id": 0, "CLN": "14422 pt.", "PSGC": "174001028", "Barangay": null, "Land_Class": null, "PIN": "030-01-029-01-158" }, "geometry": { "type": "Polygon", "coordinates": [ [ [ 121.838551804239074, 13.443206111139071 ], [ 121.838174291695495, 13.442954717210636 ], [ 121.838077420749784, 13.443038752258632 ], [ 121.838070043885253, 13.443239482919653 ], [ 121.838492787682711, 13.443302081547321 ], [ 121.838551804239074, 13.443206111139071 ] ] ] } },
{ "type": "Feature", "properties": { "Id": 0, "CLN": "14465", "PSGC": "174001028", "Barangay": null, "Land_Class": null, "PIN": "030-01-029-01-023" }, "geometry": { "type": "Polygon", "coordinates": [ [ [ 121.837209439999683, 13.44314767453416 ], [ 121.83726707625523, 13.443158397253246 ], [ 121.837444026855152, 13.442795328550238 ], [ 121.837369318515073, 13.442780344434246 ], [ 121.837209439999683, 13.44314767453416 ] ] ] } },
{ "type": "Feature", "properties": { "Id": 0, "CLN": "14466", "PSGC": "174001028", "Barangay": null, "Land_Class": null, "PIN": null }, "geometry": { "type": "Polygon", "coordinates": [ [ [ 121.837156127252925, 13.443126515282032 ], [ 121.837209439999683, 13.44314767453416 ], [ 121.837369318515073, 13.442780344434246 ], [ 121.837324431010657, 13.442784319717196 ], [ 121.837156127252925, 13.443126515282032 ] ] ] } },
{ "type": "Feature", "properties": { "Id": 0, "CLN": "14456", "PSGC": "174001028", "Barangay": null, "Land_Class": null, "PIN": null }, "geometry": { "type": "Polygon", "coordinates": [ [ [ 121.837324431010686, 13.442784319717196 ], [ 121.837369318515073, 13.44278034443426 ], [ 121.83752026733157, 13.442492442305342 ], [ 121.837550430842782, 13.442440299120314 ], [ 121.837617006173957, 13.44236950236871 ], [ 121.837838933918903, 13.442426992057667 ], [ 121.837595592667697, 13.442338114192234 ], [ 121.837559400319208, 13.442352505986221 ], [ 121.837518523899377, 13.442410873600984 ], [ 121.837324431010686, 13.442784319717196 ] ] ] } },
{ "type": "Feature", "properties": { "Id": 0, "CLN": "14457", "PSGC": "174001028", "Barangay": null, "Land_Class": null, "PIN": "030-01-029-01-026" }, "geometry": { "type": "Polygon", "coordinates": [ [ [ 121.837550652278168, 13.442837646915313 ], [ 121.837595449078933, 13.442852492862835 ], [ 121.837726987440831, 13.442602144346854 ], [ 121.837680023901598, 13.442593562317949 ], [ 121.837550652278168, 13.442837646915313 ] ] ] } },
{ "type": "Feature", "properties": { "Id": 0, "CLN": "14500", "PSGC": "174001028", "Barangay": null, "Land_Class": null, "PIN": "030-01-029-01-025" }, "geometry": { "type": "Polygon", "coordinates": [ [ [ 121.837550652278168, 13.442837646915313 ], [ 121.837680023901598, 13.442593562317949 ], [ 121.837726987440831, 13.442602144346854 ], [ 121.837838933918903, 13.442426992057667 ], [ 121.837617006173957, 13.442369502368676 ], [ 121.837550430842782, 13.442440299120314 ], [ 121.83752026733157, 13.442492442305324 ], [ 121.837369318515073, 13.442780344434246 ], [ 121.837444026855152, 13.442795328550238 ], [ 121.837550652278168, 13.442837646915313 ] ] ] } },
{ "type": "Feature", "properties": { "Id": 0, "CLN": "14458", "PSGC": "174001028", "Barangay": null, "Land_Class": null, "PIN": "030-01-029-01-027" }, "geometry": { "type": "Polygon", "coordinates": [ [ [ 121.837486657897387, 13.442976644480943 ], [ 121.837675871658035, 13.443011802918367 ], [ 121.837832534587761, 13.442868226601881 ], [ 121.837943473512553, 13.442902199525667 ], [ 121.83802539760768, 13.442749912856817 ], [ 121.837726987440831, 13.442602144346854 ], [ 121.837595449078933, 13.442852492862835 ], [ 121.837550652278168, 13.442837646915313 ], [ 121.837486657897387, 13.442976644480943 ] ] ] } },
{ "type": "Feature", "properties": { "Id": 0, "CLN": "14450", "PSGC": "174001028", "Barangay": null, "Land_Class": null, "PIN": "030-01-029-01-074" }, "geometry": { "type": "Polygon", "coordinates": [ [ [ 121.838221526150178, 13.442840743942089 ], [ 121.838255751104711, 13.442832536693478 ], [ 121.838281711944362, 13.442765734923311 ], [ 121.838320679421415, 13.44270459795035 ], [ 121.838367494898904, 13.442611377008006 ], [ 121.83841393445563, 13.442373180785745 ], [ 121.838383640194536, 13.442452510378205 ], [ 121.838293462392897, 13.442544111424034 ], [ 121.838171871096677, 13.44250381560254 ], [ 121.837838933918903, 13.442426992057667 ], [ 121.83772698744086, 13.442602144346855 ], [ 121.83802539760768, 13.442749912856836 ], [ 121.838221526150178, 13.442840743942089 ] ] ] } },
{ "type": "Feature", "properties": { "Id": 0, "CLN": "14425", "PSGC": "174001028", "Barangay": null, "Land_Class": null, "PIN": "030-01-029-01-072" }, "geometry": { "type": "Polygon", "coordinates": [ [ [ 121.838533071294833, 13.44306581973769 ], [ 121.838544402787633, 13.442940768946087 ], [ 121.838396682250178, 13.442849917436865 ], [ 121.838398224522834, 13.442973311213541 ], [ 121.838533071294833, 13.44306581973769 ] ] ] } },
{ "type": "Feature", "properties": { "Id": 0, "CLN": "14499", "PSGC": "174001028", "Barangay": null, "Land_Class": null, "PIN": "030-01-029-01-073" }, "geometry": { "type": "Polygon", "coordinates": [ [ [ 121.838396682250178, 13.442849917436865 ], [ 121.838544402787633, 13.442940768946087 ], [ 121.838541292730454, 13.442804324759274 ], [ 121.838320679421415, 13.442704597950337 ], [ 121.838281711944362, 13.442765734923311 ], [ 121.838396682250178, 13.442849917436865 ] ] ] } },
{ "type": "Feature", "properties": { "Id": 0, "CLN": "14428", "PSGC": "174001028", "Barangay": null, "Land_Class": null, "PIN": "030-01-029-01-071" }, "geometry": { "type": "Polygon", "coordinates": [ [ [ 121.838577036745235, 13.44309598119326 ], [ 121.838581445124362, 13.442810655499201 ], [ 121.838541292730454, 13.442804324759274 ], [ 121.838544402787633, 13.442940768946087 ], [ 121.838533071294833, 13.44306581973769 ], [ 121.838577036745235, 13.44309598119326 ] ] ] } },
{ "type": "Feature", "properties": { "Id": 0, "CLN": "14423", "PSGC": "174001028", "Barangay": null, "Land_Class": null, "PIN": "030-01-029-01-070" }, "geometry": { "type": "Polygon", "coordinates": [ [ [ 121.838606920899082, 13.443116482500573 ], [ 121.838620171135815, 13.443113192187687 ], [ 121.838616574772104, 13.442816963060455 ], [ 121.838581445124362, 13.442810655499201 ], [ 121.838577036745235, 13.44309598119326 ], [ 121.838606920899082, 13.443116482500573 ] ] ] } },
{ "type": "Feature", "properties": { "Id": 0, "CLN": "14429 pt.", "PSGC": "174001028", "Barangay": null, "Land_Class": null, "PIN": "030-01-029-01-204" }, "geometry": { "type": "Polygon", "coordinates": [ [ [ 121.838545015246993, 13.442668696728948 ], [ 121.838471893205153, 13.442645086298507 ], [ 121.838367494898904, 13.442611377008006 ], [ 121.838320679421415, 13.44270459795035 ], [ 121.838538394435957, 13.442803014605884 ], [ 121.838541292730426, 13.442804324759308 ], [ 121.838544359767653, 13.442804808332591 ], [ 121.838545015246993, 13.442668696728948 ] ] ] } },
{ "type": "Feature", "properties": { "Id": 0, "CLN": "14427", "PSGC": "174001028", "Barangay": null, "Land_Class": null, "PIN": "030-01-029-01-066" }, "geometry": { "type": "Polygon", "coordinates": [ [ [ 121.838471893205153, 13.442645086298507 ], [ 121.83847716308756, 13.442561896637612 ], [ 121.838510237084819, 13.4424735542066 ], [ 121.838534077350417, 13.44247735149297 ], [ 121.838548239095587, 13.442404900067865 ], [ 121.83841393445563, 13.442373180785731 ], [ 121.838367494898904, 13.442611377008006 ], [ 121.838471893205153, 13.442645086298507 ] ] ] } },
{ "type": "Feature", "properties": { "Id": 0, "CLN": "14430", "PSGC": "174001028", "Barangay": null, "Land_Class": null, "PIN": "030-01-029-01-068" }, "geometry": { "type": "Polygon", "coordinates": [ [ [ 121.838584223857339, 13.442681356815861 ], [ 121.838597608312995, 13.442583347000104 ], [ 121.83847716308756, 13.442561896637612 ], [ 121.838471893205153, 13.442645086298507 ], [ 121.838584223857339, 13.442681356815861 ] ] ] } },
{ "type": "Feature", "properties": { "Id": 0, "CLN": "14431", "PSGC": "174001028", "Barangay": null, "Land_Class": null, "PIN": "030-01-029-01-067" }, "geometry": { "type": "Polygon", "coordinates": [ [ [ 121.838584223857339, 13.442681356815861 ], [ 121.838615922776086, 13.442691592089581 ], [ 121.838692365785391, 13.442723901285182 ], [ 121.838697938914109, 13.442609620907351 ], [ 121.838597608312995, 13.442583347000104 ], [ 121.838584223857339, 13.442681356815861 ] ] ] } },
{ "type": "Feature", "properties": { "Id": 0, "CLN": "14338", "PSGC": "174001028", "Barangay": null, "Land_Class": null, "PIN": "030-01-029-01-065" }, "geometry": { "type": "Polygon", "coordinates": [ [ [ 121.838697938914109, 13.442609620907367 ], [ 121.838697712602126, 13.442575659801754 ], [ 121.838697209933088, 13.442500227846882 ], [ 121.838617935676083, 13.442489111099317 ], [ 121.838534077350388, 13.442477351493 ], [ 121.838510237084819, 13.442473554206614 ], [ 121.83847716308756, 13.442561896637612 ], [ 121.838597608312995, 13.442583347000104 ], [ 121.838697938914109, 13.442609620907367 ] ] ] } },
{ "type": "Feature", "properties": { "Id": 0, "CLN": "14426", "PSGC": "174001028", "Barangay": null, "Land_Class": null, "PIN": "030-01-029-01-064" }, "geometry": { "type": "Polygon", "coordinates": [ [ [ 121.838617935676083, 13.442489111099317 ], [ 121.83862731766186, 13.442411410383865 ], [ 121.838548239095587, 13.442404900067865 ], [ 121.838534077350417, 13.44247735149297 ], [ 121.838617935676083, 13.442489111099317 ] ] ] } },
{ "type": "Feature", "properties": { "Id": 0, "CLN": "14449", "PSGC": "174001028", "Barangay": null, "Land_Class": null, "PIN": "030-01-029-01-063" }, "geometry": { "type": "Polygon", "coordinates": [ [ [ 121.838617935676083, 13.442489111099317 ], [ 121.838697209933088, 13.442500227846882 ], [ 121.83870611242989, 13.44248047323344 ], [ 121.83873148034894, 13.442424181876241 ], [ 121.83862731766186, 13.442411410383865 ], [ 121.838617935676083, 13.442489111099317 ] ] ] } },
{ "type": "Feature", "properties": { "Id": 0, "CLN": "14432 pt.", "PSGC": "174001028", "Barangay": null, "Land_Class": null, "PIN": "030-01-029-01-050" }, "geometry": { "type": "Polygon", "coordinates": [ [ [ 121.838697209933088, 13.442500227846882 ], [ 121.838697712602126, 13.442575659801754 ], [ 121.838900403560515, 13.442576386199081 ], [ 121.838900859673785, 13.442481481173107 ], [ 121.83870611242989, 13.44248047323344 ], [ 121.838697209933088, 13.442500227846882 ] ] ] } },
{ "type": "Feature", "properties": { "Id": 0, "CLN": "14448", "PSGC": "174001028", "Barangay": null, "Land_Class": null, "PIN": "030-01-029-01-062" }, "geometry": { "type": "Polygon", "coordinates": [ [ [ 121.838548239095587, 13.442404900067865 ], [ 121.83862731766186, 13.442411410383865 ], [ 121.83873148034894, 13.442424181876241 ], [ 121.838765383849832, 13.442424338267964 ], [ 121.838755770356997, 13.442334569786009 ], [ 121.838578801672014, 13.442316546036418 ], [ 121.838548239095587, 13.442404900067865 ] ] ] } },
{ "type": "Feature", "properties": { "Id": 0, "CLN": "14442", "PSGC": "174001028", "Barangay": null, "Land_Class": null, "PIN": "030-01-029-01-059" }, "geometry": { "type": "Polygon", "coordinates": [ [ [ 121.838466250071306, 13.442385536390336 ], [ 121.838548239095587, 13.442404900067865 ], [ 121.838578801672014, 13.442316546036418 ], [ 121.838590375082305, 13.442260060935363 ], [ 121.838510046801957, 13.44225231574803 ], [ 121.838490844562997, 13.442328431208654 ], [ 121.838466250071306, 13.442385536390336 ] ] ] } },
{ "type": "Feature", "properties": { "Id": 0, "CLN": "14441", "PSGC": "174001028", "Barangay": null, "Land_Class": null, "PIN": "030-01-029-01-058" }, "geometry": { "type": "Polygon", "coordinates": [ [ [ 121.83841393445563, 13.442373180785731 ], [ 121.838466250071306, 13.442385536390336 ], [ 121.838490844562997, 13.442328431208654 ], [ 121.838510046801957, 13.44225231574803 ], [ 121.83844871326788, 13.442249954590823 ], [ 121.83841393445563, 13.442373180785731 ] ] ] } },
{ "type": "Feature", "properties": { "Id": 0, "CLN": "14440", "PSGC": "174001028", "Barangay": null, "Land_Class": null, "PIN": "030-01-029-01-057" }, "geometry": { "type": "Polygon", "coordinates": [ [ [ 121.838510046801957, 13.44225231574803 ], [ 121.838515138299741, 13.442212993703787 ], [ 121.838529610067468, 13.442101226990566 ], [ 121.838472900003822, 13.442107857821672 ], [ 121.83844871326788, 13.442249954590839 ], [ 121.838510046801957, 13.44225231574803 ] ] ] } },
{ "type": "Feature", "properties": { "Id": 0, "CLN": "14443", "PSGC": "174001028", "Barangay": null, "Land_Class": null, "PIN": "030-01-029-01-060" }, "geometry": { "type": "Polygon", "coordinates": [ [ [ 121.838515138299741, 13.442212993703787 ], [ 121.838510046801957, 13.44225231574803 ], [ 121.838590375082305, 13.442260060935363 ], [ 121.838608132212826, 13.442223269924323 ], [ 121.838515138299741, 13.442212993703787 ] ] ] } },
{ "type": "Feature", "properties": { "Id": 0, "CLN": "14444", "PSGC": "174001028", "Barangay": null, "Land_Class": null, "PIN": "030-01-029-01-056" }, "geometry": { "type": "Polygon", "coordinates": [ [ [ 121.838608132212826, 13.442223269924341 ], [ 121.838621829212713, 13.442148276963238 ], [ 121.838633926485187, 13.442082042680934 ], [ 121.838529610067468, 13.442101226990566 ], [ 121.838515138299741, 13.442212993703787 ], [ 121.838608132212826, 13.442223269924341 ] ] ] } },
{ "type": "Feature", "properties": { "Id": 0, "CLN": "14447", "PSGC": "174001028", "Barangay": null, "Land_Class": null, "PIN": "030-01-029-01-061" }, "geometry": { "type": "Polygon", "coordinates": [ [ [ 121.838578801672014, 13.442316546036436 ], [ 121.838755770356997, 13.442334569786009 ], [ 121.8387787454852, 13.442257242604201 ], [ 121.838683672396911, 13.442238311574076 ], [ 121.838608132212826, 13.442223269924341 ], [ 121.838590375082305, 13.442260060935363 ], [ 121.838578801672014, 13.442316546036436 ] ] ] } },
{ "type": "Feature", "properties": { "Id": 0, "CLN": "14445", "PSGC": "174001028", "Barangay": null, "Land_Class": null, "PIN": "030-01-029-01-055" }, "geometry": { "type": "Polygon", "coordinates": [ [ [ 121.838683672396883, 13.442238311574053 ], [ 121.838697593515107, 13.442159769540559 ], [ 121.838621829212713, 13.442148276963222 ], [ 121.838608132212826, 13.442223269924323 ], [ 121.838683672396883, 13.442238311574053 ] ] ] } },
{ "type": "Feature", "properties": { "Id": 0, "CLN": "14446", "PSGC": "174001028", "Barangay": null, "Land_Class": null, "PIN": "030-01-029-01-054" }, "geometry": { "type": "Polygon", "coordinates": [ [ [ 121.8387787454852, 13.442257242604173 ], [ 121.838774166559233, 13.442165039148955 ], [ 121.838697593515107, 13.442159769540559 ], [ 121.838683672396883, 13.442238311574053 ], [ 121.8387787454852, 13.442257242604173 ] ] ] } },
{ "type": "Feature", "properties": { "Id": 0, "CLN": "14434 pt.", "PSGC": "174001028", "Barangay": null, "Land_Class": null, "PIN": "030-01-029-01-194" }, "geometry": { "type": "Polygon", "coordinates": [ [ [ 121.838980431336537, 13.44237039775502 ], [ 121.838969723944274, 13.442240412349419 ], [ 121.838913186550428, 13.44224065533148 ], [ 121.838820248159436, 13.442243913963319 ], [ 121.838819797218591, 13.442076754581157 ], [ 121.838779615348798, 13.442076569240889 ], [ 121.838774166559233, 13.442165039148971 ], [ 121.8387787454852, 13.442257242604201 ], [ 121.838755770356997, 13.442334569786009 ], [ 121.838765383849832, 13.442424338267964 ], [ 121.83873148034894, 13.442424181876241 ], [ 121.83870611242989, 13.44248047323344 ], [ 121.838851080478761, 13.442481223548763 ], [ 121.838851616894445, 13.442369803641487 ], [ 121.838980431336537, 13.44237039775502 ] ] ] } },
{ "type": "Feature", "properties": { "Id": 0, "CLN": "14433", "PSGC": "174001028", "Barangay": null, "Land_Class": null, "PIN": "030-01-029-01-053" }, "geometry": { "type": "Polygon", "coordinates": [ [ [ 121.838621829212713, 13.442148276963222 ], [ 121.838697593515107, 13.442159769540559 ], [ 121.838774166559233, 13.442165039148955 ], [ 121.838779615348798, 13.442076569240875 ], [ 121.838679172512755, 13.442073647721248 ], [ 121.838633926485187, 13.442082042680902 ], [ 121.838621829212713, 13.442148276963222 ] ] ] } },
{ "type": "Feature", "properties": { "Id": 0, "CLN": "14437", "PSGC": "174001028", "Barangay": null, "Land_Class": null, "PIN": null }, "geometry": { "type": "Polygon", "coordinates": [ [ [ 121.838735990731095, 13.441748198900864 ], [ 121.838713565987959, 13.441711222527307 ], [ 121.838665294684077, 13.441770049210396 ], [ 121.838609990467901, 13.441837446627163 ], [ 121.838545330798979, 13.441916245156667 ], [ 121.838497608105783, 13.441974403125641 ], [ 121.838492519611279, 13.441980604292731 ], [ 121.838428073055908, 13.442099285795297 ], [ 121.838472900003836, 13.442107857821689 ], [ 121.838512468486769, 13.442010194675545 ], [ 121.838515282159079, 13.442006896708053 ], [ 121.838562419322457, 13.441951646176294 ], [ 121.838626397498203, 13.441876655855941 ], [ 121.838686729273178, 13.441805939505789 ], [ 121.838732162237534, 13.441752686376695 ], [ 121.838735990731095, 13.441748198900864 ] ] ] } },
{ "type": "Feature", "properties": { "Id": 0, "CLN": "14436 pt.", "PSGC": "174001028", "Barangay": null, "Land_Class": null, "PIN": "030-01-029-01-080" }, "geometry": { "type": "Polygon", "coordinates": [ [ [ 121.838790265740542, 13.442021105903144 ], [ 121.838692868468343, 13.441887787053091 ], [ 121.838631304719215, 13.441949487018801 ], [ 121.838664011058924, 13.44207646078231 ], [ 121.838679172512769, 13.44207364772126 ], [ 121.838753190985557, 13.442075800655424 ], [ 121.838790265740542, 13.442021105903144 ] ] ] } },
{ "type": "Feature", "properties": { "Id": 0, "CLN": "14418", "PSGC": "174001028", "Barangay": null, "Land_Class": null, "PIN": "030-01-029-01-032" }, "geometry": { "type": "Polygon", "coordinates": [ [ [ 121.839627214157943, 13.443788363850556 ], [ 121.839676019954979, 13.44377904339642 ], [ 121.839976162509132, 13.443893381063448 ], [ 121.839644149244236, 13.442984844199042 ], [ 121.839702414897474, 13.442998815889457 ], [ 121.839458686077549, 13.44273504918363 ], [ 121.839297482274986, 13.442777699181997 ], [ 121.839127000342998, 13.442808887019311 ], [ 121.839085001645969, 13.442808693340227 ], [ 121.839022366394616, 13.442733037317234 ], [ 121.83898312973956, 13.442643786075609 ], [ 121.838974517550895, 13.442598050603843 ], [ 121.838970663903112, 13.442577585604212 ], [ 121.838900403560515, 13.442576386199081 ], [ 121.838697712602126, 13.442575659801754 ], [ 121.838697938914109, 13.442609620907367 ], [ 121.838692365785391, 13.442723901285216 ], [ 121.838615922776057, 13.442691592089599 ], [ 121.838616574772104, 13.442816963060455 ], [ 121.838620171135815, 13.443113192187704 ], [ 121.838633970797261, 13.443161544722413 ], [ 121.838711358446602, 13.443161901741338 ], [ 121.838868927855458, 13.443200503014985 ], [ 121.83890706981623, 13.443191505907729 ], [ 121.839224790222616, 13.444004591057965 ], [ 121.839247478793737, 13.444001385295191 ], [ 121.839253849940363, 13.444028460066653 ], [ 121.839385930466406, 13.443939978394861 ], [ 121.839446167200919, 13.443919574355306 ], [ 121.839527701631596, 13.443864268566237 ], [ 121.839596210428198, 13.44381367541761 ], [ 121.839627214157943, 13.443788363850556 ] ] ] } },
{ "type": "Feature", "properties": { "Id": 0, "CLN": "14421 pt.", "PSGC": "174001028", "Barangay": null, "Land_Class": null, "PIN": "030-01-029-01-132" }, "geometry": { "type": "Polygon", "coordinates": [ [ [ 121.83877782477002, 13.44362054821325 ], [ 121.838481944338312, 13.443619183109968 ], [ 121.838462565378663, 13.44377252682972 ], [ 121.838671910993654, 13.443773492749688 ], [ 121.838671644183449, 13.443828897933825 ], [ 121.838851823878912, 13.443829729146296 ], [ 121.83877782477002, 13.44362054821325 ] ] ] } },
{ "type": "Feature", "properties": { "Id": 0, "CLN": "14420", "PSGC": "174001028", "Barangay": null, "Land_Class": null, "PIN": "030-01-029-01-030" }, "geometry": { "type": "Polygon", "coordinates": [ [ [ 121.839182578271078, 13.444010555354749 ], [ 121.838966999670689, 13.443570956151124 ], [ 121.838906892328183, 13.443352175804771 ], [ 121.838868927855458, 13.443200503014985 ], [ 121.838711358446602, 13.443161901741338 ], [ 121.838633970797261, 13.443161544722413 ], [ 121.838517019414155, 13.443341636959358 ], [ 121.838606298889047, 13.443344962300904 ], [ 121.838704199087928, 13.443412422547615 ], [ 121.838886566654978, 13.443927959873369 ], [ 121.838909762467651, 13.443926646094193 ], [ 121.83911412513639, 13.444016679370682 ], [ 121.839182578271078, 13.444010555354749 ] ] ] } },
{ "type": "Feature", "properties": { "Id": 0, "CLN": "14492", "PSGC": "174001028", "Barangay": null, "Land_Class": null, "PIN": "030-01-029-01-007" }, "geometry": { "type": "Polygon", "coordinates": [ [ [ 121.836503265564247, 13.444651175650506 ], [ 121.836496531092493, 13.444728949170878 ], [ 121.836685606864592, 13.445081500143345 ], [ 121.837058288869784, 13.444943173970325 ], [ 121.837056144936952, 13.444728423193597 ], [ 121.836503265564247, 13.444651175650506 ] ] ] } },
{ "type": "Feature", "properties": { "Id": 0, "CLN": "14493 pt.", "PSGC": "174001028", "Barangay": null, "Land_Class": null, "PIN": "030-01-029-01-149" }, "geometry": { "type": "Polygon", "coordinates": [ [ [ 121.837054680216568, 13.445114677586211 ], [ 121.836989108769686, 13.445139542420987 ], [ 121.836984843454871, 13.444970434327992 ], [ 121.836685606864592, 13.445081500143365 ], [ 121.836761375439565, 13.445193889028209 ], [ 121.836820886051513, 13.445380895228647 ], [ 121.837098475245895, 13.445293487110911 ], [ 121.837007162387494, 13.445188212974005 ], [ 121.837070028051343, 13.445161484668951 ], [ 121.837054163755852, 13.44513922265935 ], [ 121.837054680216568, 13.445114677586211 ] ] ] } },
{ "type": "Feature", "properties": { "Id": 0, "CLN": "14484", "PSGC": "174001028", "Barangay": null, "Land_Class": null, "PIN": null }, "geometry": { "type": "Polygon", "coordinates": [ [ [ 121.837158901088259, 13.444668647948568 ], [ 121.8371897778717, 13.444663538778549 ], [ 121.837149234834371, 13.444509476459322 ], [ 121.837127487016247, 13.444507009506296 ], [ 121.837158901088259, 13.444668647948568 ] ] ] } },
{ "type": "Feature", "properties": { "Id": 0, "CLN": "14491", "PSGC": "174001028", "Barangay": null, "Land_Class": null, "PIN": null }, "geometry": { "type": "Polygon", "coordinates": [ [ [ 121.837058288869784, 13.444943173970325 ], [ 121.837097323871433, 13.444920450575275 ], [ 121.837110339594517, 13.444724880606174 ], [ 121.837056144936952, 13.444728423193597 ], [ 121.837058288869784, 13.444943173970325 ] ] ] } },
{ "type": "Feature", "properties": { "Id": 0, "CLN": "14485", "PSGC": "174001028", "Barangay": null, "Land_Class": null, "PIN": null }, "geometry": { "type": "Polygon", "coordinates": [ [ [ 121.837151377513436, 13.444837984223296 ], [ 121.8371897778717, 13.444663538778549 ], [ 121.837158901088259, 13.444668647948568 ], [ 121.837151377513436, 13.444837984223296 ] ] ] } },
{ "type": "Feature", "properties": { "Id": 0, "CLN": "14487", "PSGC": "174001028", "Barangay": null, "Land_Class": null, "PIN": "030-01-029-01-008" }, "geometry": { "type": "Polygon", "coordinates": [ [ [ 121.837195642681792, 13.444838188722757 ], [ 121.837478378532268, 13.444864197726851 ], [ 121.837523642249081, 13.444708797430458 ], [ 121.8371897778717, 13.444663538778549 ], [ 121.837195642681792, 13.444838188722757 ] ] ] } },
{ "type": "Feature", "properties": { "Id": 0, "CLN": "14489", "PSGC": "174001028", "Barangay": null, "Land_Class": null, "PIN": "030-01-029-01-005" }, "geometry": { "type": "Polygon", "coordinates": [ [ [ 121.837478378532268, 13.444864197726851 ], [ 121.837195642681792, 13.444838188722757 ], [ 121.837201045314515, 13.445108682152458 ], [ 121.837223494068169, 13.445182311270454 ], [ 121.837266354621391, 13.445195638810771 ], [ 121.837415430352777, 13.445158251779075 ], [ 121.837478378532268, 13.444864197726851 ] ] ] } },
{ "type": "Feature", "properties": { "Id": 0, "CLN": "14490", "PSGC": "174001028", "Barangay": null, "Land_Class": null, "PIN": null }, "geometry": { "type": "Polygon", "coordinates": [ [ [ 121.837195642681792, 13.444838188722757 ], [ 121.837151377513436, 13.444837984223277 ], [ 121.837155394406111, 13.445117661923927 ], [ 121.837176413136206, 13.445209665790175 ], [ 121.837250049249946, 13.445238890958988 ], [ 121.837400479041534, 13.445198884286237 ], [ 121.837415430352777, 13.445158251779075 ], [ 121.837266354621391, 13.445195638810771 ], [ 121.837223494068169, 13.445182311270454 ], [ 121.837201045314515, 13.445108682152458 ], [ 121.837195642681792, 13.444838188722757 ] ] ] } },
{ "type": "Feature", "properties": { "Id": 0, "CLN": "14497", "PSGC": "174001028", "Barangay": null, "Land_Class": null, "PIN": null }, "geometry": { "type": "Polygon", "coordinates": [ [ [ 121.837097323871433, 13.444920450575275 ], [ 121.837058288869784, 13.444943173970325 ], [ 121.837054163755852, 13.44513922265932 ], [ 121.837152069286134, 13.445276611215132 ], [ 121.837173356841433, 13.445287115938626 ], [ 121.837146789010873, 13.445233162092062 ], [ 121.837103036643455, 13.445126610699624 ], [ 121.837097323871433, 13.444920450575275 ] ] ] } },
{ "type": "Feature", "properties": { "Id": 0, "CLN": "14488", "PSGC": "174001028", "Barangay": null, "Land_Class": null, "PIN": "030-01-029-01-004" }, "geometry": { "type": "Polygon", "coordinates": [ [ [ 121.837415430352806, 13.445158251779073 ], [ 121.837736250019645, 13.445111145165766 ], [ 121.837724495898357, 13.445006434137817 ], [ 121.837831459479446, 13.444998262198926 ], [ 121.837996708413129, 13.444999137959988 ], [ 121.837990386970048, 13.444947667491558 ], [ 121.837995435784634, 13.444940455459362 ], [ 121.837987482092387, 13.444887120427628 ], [ 121.837478378532268, 13.444864197726851 ], [ 121.837415430352806, 13.445158251779073 ] ] ] } },
{ "type": "Feature", "properties": { "Id": 0, "CLN": "14498", "PSGC": "174001028", "Barangay": null, "Land_Class": null, "PIN": null }, "geometry": { "type": "Polygon", "coordinates": [ [ [ 121.837400479041563, 13.445198884286256 ], [ 121.837731879931283, 13.445183346436144 ], [ 121.837737496415514, 13.445135148647473 ], [ 121.837736250019645, 13.445111145165766 ], [ 121.837415430352806, 13.445158251779073 ], [ 121.837400479041563, 13.445198884286256 ] ] ] } },
{ "type": "Feature", "properties": { "Id": 0, "CLN": "14494 pt.", "PSGC": "174001028", "Barangay": null, "Land_Class": null, "PIN": "030-01-029-01-197" }, "geometry": { "type": "Polygon", "coordinates": [ [ [ 121.837402359331193, 13.445558325650724 ], [ 121.83732376219757, 13.445632074341574 ], [ 121.83700945743395, 13.445321517347697 ], [ 121.836820886051513, 13.445380895228647 ], [ 121.836864777350456, 13.445577068540601 ], [ 121.836901850239713, 13.445618424493297 ], [ 121.837036039798733, 13.445768116934547 ], [ 121.83720633898632, 13.445958090388874 ], [ 121.837516171854503, 13.445686427268583 ], [ 121.837402359331193, 13.445558325650724 ] ] ] } },
{ "type": "Feature", "properties": { "Id": 0, "CLN": "14495", "PSGC": "174001028", "Barangay": null, "Land_Class": null, "PIN": "030-01-029-01-175" }, "geometry": { "type": "Polygon", "coordinates": [ [ [ 121.837516171854503, 13.445686427268567 ], [ 121.837586119494048, 13.445646048762866 ], [ 121.837296630520811, 13.445315160207809 ], [ 121.837173356841433, 13.445287115938626 ], [ 121.837152069286134, 13.445276611215132 ], [ 121.837516171854503, 13.445686427268567 ] ] ] } },
{ "type": "Feature", "properties": { "Id": 0, "CLN": "14496", "PSGC": "174001028", "Barangay": null, "Land_Class": null, "PIN": "030-01-029-01-003" }, "geometry": { "type": "Polygon", "coordinates": [ [ [ 121.837296630520811, 13.445315160207809 ], [ 121.83758611949402, 13.445646048762899 ], [ 121.837615737305896, 13.445623865335257 ], [ 121.837653574233585, 13.445566270106973 ], [ 121.837608143268, 13.445498288654894 ], [ 121.837552357774896, 13.445414812957761 ], [ 121.837449445591403, 13.44533687335705 ], [ 121.837425095611906, 13.445295430746031 ], [ 121.837416183495577, 13.445280262706067 ], [ 121.837296630520811, 13.445315160207809 ] ] ] } },
{ "type": "Feature", "properties": { "Id": 0, "CLN": "14397 pt.", "PSGC": "174001028", "Barangay": null, "Land_Class": null, "PIN": "030-01-029-04-031" }, "geometry": { "type": "Polygon", "coordinates": [ [ [ 121.843950710185624, 13.440582354411839 ], [ 121.843914747817934, 13.441052374306077 ], [ 121.844315772817353, 13.441146826297519 ], [ 121.844758881413213, 13.44117395846542 ], [ 121.84487384865065, 13.441197721085436 ], [ 121.844905056051488, 13.44112812605421 ], [ 121.844750998262668, 13.440956259044393 ], [ 121.844670282741333, 13.440820977102939 ], [ 121.844227950220755, 13.440716959205531 ], [ 121.843950710185624, 13.440582354411839 ] ] ] } },
{ "type": "Feature", "properties": { "Id": 0, "CLN": "14398", "PSGC": "174001028", "Barangay": null, "Land_Class": null, "PIN": "030-01-029-04-005" }, "geometry": { "type": "Polygon", "coordinates": [ [ [ 121.8447737535204, 13.441420941002299 ], [ 121.844873700752444, 13.441198050910302 ], [ 121.844758881413213, 13.44117395846542 ], [ 121.844315772817353, 13.441146826297519 ], [ 121.843741310321548, 13.441011524972637 ], [ 121.843673691074457, 13.441362593938798 ], [ 121.844306763185656, 13.441498164527918 ], [ 121.8447737535204, 13.441420941002299 ] ] ] } },
{ "type": "Feature", "properties": { "Id": 0, "CLN": "14399", "PSGC": "174001028", "Barangay": null, "Land_Class": null, "PIN": "030-01-029-04-004" }, "geometry": { "type": "Polygon", "coordinates": [ [ [ 121.845046756951206, 13.441793855612158 ], [ 121.844867718371574, 13.441621874040122 ], [ 121.844773753520371, 13.441420941002297 ], [ 121.844306763185628, 13.441498164527907 ], [ 121.843673691074457, 13.441362593938798 ], [ 121.843740848367631, 13.441872044128544 ], [ 121.8440481843935, 13.441948751101723 ], [ 121.844334040481627, 13.441921379440895 ], [ 121.844575871116959, 13.441908147422769 ], [ 121.844615546464027, 13.442037407733002 ], [ 121.845024525494949, 13.441904396435092 ], [ 121.845046756951206, 13.441793855612158 ] ] ] } },
{ "type": "Feature", "properties": { "Id": 0, "CLN": "14401 pt.", "PSGC": "174001028", "Barangay": null, "Land_Class": null, "PIN": "030-01-029-04-028" }, "geometry": { "type": "Polygon", "coordinates": [ [ [ 121.844091368021068, 13.442197084750314 ], [ 121.844174495028341, 13.442197466418172 ], [ 121.844174200920591, 13.44225883844201 ], [ 121.844095897042251, 13.442258478918124 ], [ 121.844108522857994, 13.442429630937616 ], [ 121.843904549261083, 13.442434932593551 ], [ 121.843951717427259, 13.442607290255426 ], [ 121.844018596860153, 13.442544430135255 ], [ 121.844257066619505, 13.442496060874506 ], [ 121.844316079522187, 13.442055475027269 ], [ 121.844248234296359, 13.44207505820836 ], [ 121.844248931646561, 13.441929528926746 ], [ 121.844151680260495, 13.441938841070559 ], [ 121.844154493385801, 13.442009844830599 ], [ 121.844086739172951, 13.442006374958797 ], [ 121.844088064011828, 13.44206068430659 ], [ 121.843976595748401, 13.442060172473457 ], [ 121.843973814018156, 13.441930189286099 ], [ 121.843740848367631, 13.441872044128562 ], [ 121.843797460166087, 13.442172432436259 ], [ 121.844090569116545, 13.442186255018223 ], [ 121.844091368021068, 13.442197084750314 ] ] ] } },
{ "type": "Feature", "properties": { "Id": 0, "CLN": "14400 pt.", "PSGC": "174001028", "Barangay": null, "Land_Class": null, "PIN": "030-01-029-04-019" }, "geometry": { "type": "Polygon", "coordinates": [ [ [ 121.844989356354645, 13.44221979054897 ], [ 121.844989973363099, 13.44221570007489 ], [ 121.844811457477974, 13.441973692154082 ], [ 121.844615546464027, 13.442037407733032 ], [ 121.844615182683896, 13.442036222555963 ], [ 121.844553959973382, 13.44229701234066 ], [ 121.844989356354645, 13.44221979054897 ] ] ] } },
{ "type": "Feature", "properties": { "Id": 0, "CLN": "14402", "PSGC": "174001028", "Barangay": null, "Land_Class": null, "PIN": "030-01-029-04-001" }, "geometry": { "type": "Polygon", "coordinates": [ [ [ 121.843904549261055, 13.442434932593537 ], [ 121.844108522857994, 13.442429630937578 ], [ 121.844090569116517, 13.442186255018225 ], [ 121.843797460166087, 13.442172432436259 ], [ 121.843904549261055, 13.442434932593537 ] ] ] } },
{ "type": "Feature", "properties": { "Id": 0, "CLN": "14419", "PSGC": "174001028", "Barangay": null, "Land_Class": null, "PIN": "030-01-029-01-031" }, "geometry": { "type": "Polygon", "coordinates": [ [ [ 121.839224790222616, 13.444004591057965 ], [ 121.83890706981623, 13.443191505907729 ], [ 121.838868927855458, 13.443200503014985 ], [ 121.838906892328183, 13.443352175804771 ], [ 121.838966999670689, 13.443570956151124 ], [ 121.839182578271078, 13.444010555354749 ], [ 121.839224790222616, 13.444004591057965 ] ] ] } },
{ "type": "Feature", "properties": { "Id": 0, "CLN": "14406", "PSGC": "174001028", "Barangay": null, "Land_Class": null, "PIN": "030-01-029-01-033" }, "geometry": { "type": "Polygon", "coordinates": [ [ [ 121.839702414897474, 13.442998815889457 ], [ 121.839644149244236, 13.442984844199042 ], [ 121.839976162509132, 13.443893381063448 ], [ 121.840109332443305, 13.443916267415235 ], [ 121.840278565696622, 13.443875683616358 ], [ 121.840317754708408, 13.443866285687303 ], [ 121.840370743791453, 13.443275958016489 ], [ 121.840331155133242, 13.443259788661098 ], [ 121.840340740776227, 13.443207304170425 ], [ 121.840235985432926, 13.443156576770782 ], [ 121.840054155513641, 13.443121481171474 ], [ 121.839702414897474, 13.442998815889457 ] ] ] } },
{ "type": "Feature", "properties": { "Id": 0, "CLN": "14408", "PSGC": "174001028", "Barangay": null, "Land_Class": null, "PIN": "030-01-029-01-037" }, "geometry": { "type": "Polygon", "coordinates": [ [ [ 121.839702414897474, 13.442998815889457 ], [ 121.839808844367653, 13.442701491861277 ], [ 121.839804518419868, 13.442630672448548 ], [ 121.839692642811357, 13.442605034426791 ], [ 121.839664072344974, 13.442723663144939 ], [ 121.839385685645297, 13.44238893717162 ], [ 121.839180007284739, 13.442461072164074 ], [ 121.839205321382622, 13.442534272206494 ], [ 121.839298838564417, 13.442495877890114 ], [ 121.839340452542288, 13.442576004636454 ], [ 121.839391399584926, 13.442656174406522 ], [ 121.839458686077549, 13.44273504918363 ], [ 121.839702414897474, 13.442998815889457 ] ] ] } },
{ "type": "Feature", "properties": { "Id": 0, "CLN": "14417", "PSGC": "174001028", "Barangay": null, "Land_Class": null, "PIN": "030-01-029-01-038" }, "geometry": { "type": "Polygon", "coordinates": [ [ [ 121.839297482274986, 13.442777699181997 ], [ 121.839458686077549, 13.44273504918363 ], [ 121.839391399584926, 13.442656174406522 ], [ 121.839255905653815, 13.442689807498066 ], [ 121.839297482274986, 13.442777699181997 ] ] ] } },
{ "type": "Feature", "properties": { "Id": 0, "CLN": "14416", "PSGC": "174001028", "Barangay": null, "Land_Class": null, "PIN": "030-01-029-01-042" }, "geometry": { "type": "Polygon", "coordinates": [ [ [ 121.839255905653815, 13.442689807498066 ], [ 121.839391399584926, 13.442656174406522 ], [ 121.839340452542288, 13.442576004636454 ], [ 121.839218914240107, 13.44261883746853 ], [ 121.839255905653815, 13.442689807498066 ] ] ] } },
{ "type": "Feature", "properties": { "Id": 0, "CLN": "14411", "PSGC": "174001028", "Barangay": null, "Land_Class": null, "PIN": "030-01-029-01-043" }, "geometry": { "type": "Polygon", "coordinates": [ [ [ 121.839218914240107, 13.44261883746853 ], [ 121.839340452542288, 13.442576004636454 ], [ 121.839298838564417, 13.442495877890114 ], [ 121.839205321382622, 13.442534272206494 ], [ 121.839180869824062, 13.442540820792171 ], [ 121.839218914240107, 13.44261883746853 ] ] ] } },
{ "type": "Feature", "properties": { "Id": 0, "CLN": "14414", "PSGC": "174001028", "Barangay": null, "Land_Class": null, "PIN": "030-01-029-01-039" }, "geometry": { "type": "Polygon", "coordinates": [ [ [ 121.839297482274986, 13.442777699181997 ], [ 121.839255905653815, 13.442689807498066 ], [ 121.839106412129894, 13.442723375954632 ], [ 121.839127000342998, 13.442808887019311 ], [ 121.839297482274986, 13.442777699181997 ] ] ] } },
{ "type": "Feature", "properties": { "Id": 0, "CLN": "14415", "PSGC": "174001028", "Barangay": null, "Land_Class": null, "PIN": "030-01-029-01-041" }, "geometry": { "type": "Polygon", "coordinates": [ [ [ 121.839106412129894, 13.442723375954632 ], [ 121.839255905653815, 13.442689807498066 ], [ 121.839218914240107, 13.44261883746853 ], [ 121.839083409321148, 13.442654754269855 ], [ 121.839106412129894, 13.442723375954632 ] ] ] } },
{ "type": "Feature", "properties": { "Id": 0, "CLN": "14413 pt.", "PSGC": "174001028", "Barangay": null, "Land_Class": null, "PIN": "030-01-029-01-040" }, "geometry": { "type": "Polygon", "coordinates": [ [ [ 121.839086517618384, 13.442653930388632 ], [ 121.839069760575768, 13.442627687741812 ], [ 121.83898312973956, 13.442643786075609 ], [ 121.839022366394616, 13.442733037317234 ], [ 121.839085001645969, 13.442808693340227 ], [ 121.839127000342998, 13.442808887019311 ], [ 121.839106412129894, 13.442723375954632 ], [ 121.839083409321148, 13.442654754269855 ], [ 121.839086517618384, 13.442653930388632 ] ] ] } },
{ "type": "Feature", "properties": { "Id": 0, "CLN": "14336", "PSGC": "174001028", "Barangay": null, "Land_Class": null, "PIN": "030-01-029-01-049" }, "geometry": { "type": "Polygon", "coordinates": [ [ [ 121.839051335046847, 13.44254383079482 ], [ 121.839037502678792, 13.442496956670746 ], [ 121.838997804314019, 13.442503625150209 ], [ 121.838989321164775, 13.442478318277418 ], [ 121.83894541784818, 13.442493365660326 ], [ 121.838967203706758, 13.44255921004657 ], [ 121.839051335046847, 13.44254383079482 ] ] ] } },
{ "type": "Feature", "properties": { "Id": 0, "CLN": "14432 pt.", "PSGC": "174001028", "Barangay": null, "Land_Class": null, "PIN": "030-01-029-01-075" }, "geometry": { "type": "Polygon", "coordinates": [ [ [ 121.838970663903112, 13.442577585604212 ], [ 121.838967203706758, 13.44255921004657 ], [ 121.83894541784818, 13.442493365660326 ], [ 121.838941865299716, 13.442481493283672 ], [ 121.838904995626081, 13.442481502577651 ], [ 121.838900859673785, 13.442481481173107 ], [ 121.838900403560515, 13.442576386199081 ], [ 121.838970663903112, 13.442577585604212 ] ] ] } },
{ "type": "Feature", "properties": { "Id": 0, "CLN": "14412", "PSGC": "174001028", "Barangay": null, "Land_Class": null, "PIN": "030-01-029-01-045" }, "geometry": { "type": "Polygon", "coordinates": [ [ [ 121.839062794748713, 13.442574724329754 ], [ 121.839051335046847, 13.44254383079482 ], [ 121.838967203706758, 13.44255921004657 ], [ 121.838970663903112, 13.442577585604212 ], [ 121.83898312973956, 13.442643786075609 ], [ 121.839071874941766, 13.44262729483548 ], [ 121.839062794748713, 13.442574724329754 ] ] ] } },
{ "type": "Feature", "properties": { "Id": 0, "CLN": "14410", "PSGC": "174001028", "Barangay": null, "Land_Class": null, "PIN": "030-01-029-01-046" }, "geometry": { "type": "Polygon", "coordinates": [ [ [ 121.839037502678792, 13.442496956670746 ], [ 121.839051335046847, 13.44254383079482 ], [ 121.839062794748713, 13.442574724329754 ], [ 121.839180869824062, 13.442540820792171 ], [ 121.839205321382622, 13.442534272206494 ], [ 121.839180007284739, 13.442461072164074 ], [ 121.839037502678792, 13.442496956670746 ] ] ] } },
{ "type": "Feature", "properties": { "Id": 0, "CLN": "14409", "PSGC": "174001028", "Barangay": null, "Land_Class": null, "PIN": "030-01-029-01-047" }, "geometry": { "type": "Polygon", "coordinates": [ [ [ 121.839180007284739, 13.442461072164074 ], [ 121.839173227352092, 13.442415363828069 ], [ 121.839038635460284, 13.442463894718216 ], [ 121.839037502678792, 13.442496956670746 ], [ 121.839180007284739, 13.442461072164074 ] ] ] } },
{ "type": "Feature", "properties": { "Id": 0, "CLN": "14337", "PSGC": "174001028", "Barangay": null, "Land_Class": null, "PIN": "030-01-029-01-048" }, "geometry": { "type": "Polygon", "coordinates": [ [ [ 121.838989321164775, 13.442478318277418 ], [ 121.838997804314019, 13.442503625150209 ], [ 121.839037502678792, 13.442496956670746 ], [ 121.839038635460284, 13.442463894718216 ], [ 121.838989321164775, 13.442478318277418 ] ] ] } },
{ "type": "Feature", "properties": { "Id": 0, "CLN": "14390", "PSGC": "174001028", "Barangay": null, "Land_Class": null, "PIN": "030-01-029-01-035" }, "geometry": { "type": "Polygon", "coordinates": [ [ [ 121.840235985432926, 13.443156576770782 ], [ 121.840314041826474, 13.442936772817861 ], [ 121.839870103800422, 13.442739838416431 ], [ 121.839914375703856, 13.442590830635938 ], [ 121.840330211874615, 13.442808951463119 ], [ 121.840506697873536, 13.442337767804148 ], [ 121.840491245298054, 13.442316380655319 ], [ 121.840332364184931, 13.44236132590617 ], [ 121.840178351202923, 13.442040876776371 ], [ 121.839642115562697, 13.442275926561672 ], [ 121.839385685645297, 13.44238893717162 ], [ 121.839664072344974, 13.442723663144939 ], [ 121.839692642811357, 13.442605034426791 ], [ 121.839804518419868, 13.442630672448548 ], [ 121.839808844367653, 13.442701491861277 ], [ 121.839702414897474, 13.442998815889457 ], [ 121.840054155513641, 13.443121481171474 ], [ 121.840235985432926, 13.443156576770782 ] ] ] } },
{ "type": "Feature", "properties": { "Id": 0, "CLN": "14407", "PSGC": "174001028", "Barangay": null, "Land_Class": null, "PIN": "030-01-029-01-036" }, "geometry": { "type": "Polygon", "coordinates": [ [ [ 121.840314041826474, 13.442936772817861 ], [ 121.840330211874615, 13.442808951463119 ], [ 121.839914375703856, 13.442590830635938 ], [ 121.839870103800422, 13.442739838416431 ], [ 121.840314041826474, 13.442936772817861 ] ] ] } },
{ "type": "Feature", "properties": { "Id": 0, "CLN": "14405", "PSGC": "174001028", "Barangay": null, "Land_Class": null, "PIN": "030-01-029-01-034" }, "geometry": { "type": "Polygon", "coordinates": [ [ [ 121.840719140129238, 13.443317860068952 ], [ 121.840370743791453, 13.443275958016489 ], [ 121.840317754708408, 13.443866285687303 ], [ 121.840525906519147, 13.443816368620102 ], [ 121.840574570255555, 13.4438302931274 ], [ 121.840719140129238, 13.443317860068952 ] ] ] } },
{ "type": "Feature", "properties": { "Id": 0, "CLN": "14404", "PSGC": "174001028", "Barangay": null, "Land_Class": null, "PIN": "030-01-029-03-001" }, "geometry": { "type": "Polygon", "coordinates": [ [ [ 121.840574570255555, 13.4438302931274 ], [ 121.840678481026089, 13.443860025832565 ], [ 121.840824561920428, 13.443902062146936 ], [ 121.840836381661163, 13.443903303755395 ], [ 121.841014633844182, 13.443922028244835 ], [ 121.841030803050472, 13.443939602661944 ], [ 121.841087681985229, 13.443941455447259 ], [ 121.8411510622457, 13.443943338150572 ], [ 121.841243836060741, 13.443916719834846 ], [ 121.841467675705431, 13.44367434145828 ], [ 121.841528042153101, 13.443626892086114 ], [ 121.841988506840835, 13.443525601864199 ], [ 121.842065183636151, 13.443485121313845 ], [ 121.842221948352588, 13.443333115314063 ], [ 121.842456809992214, 13.443164498653164 ], [ 121.842700882572188, 13.442882792907788 ], [ 121.84257582402094, 13.442802639504041 ], [ 121.842426222323468, 13.442858794263069 ], [ 121.841172660629326, 13.443031675011293 ], [ 121.841080643151187, 13.443189598673477 ], [ 121.840865706697514, 13.443030261789813 ], [ 121.840719140129238, 13.443317860068952 ], [ 121.840574570255555, 13.4438302931274 ] ] ] } },
{ "type": "Feature", "properties": { "Id": 0, "CLN": "14395", "PSGC": "174001028", "Barangay": null, "Land_Class": null, "PIN": "030-01-029-04-010" }, "geometry": { "type": "Polygon", "coordinates": [ [ [ 121.842031033368698, 13.441363639573492 ], [ 121.842293110749395, 13.441099832959081 ], [ 121.842400736044453, 13.441038663716697 ], [ 121.842520564510892, 13.440865641567378 ], [ 121.842668062996452, 13.440761262232433 ], [ 121.84262240623768, 13.440550937563222 ], [ 121.842444564753734, 13.440657461234462 ], [ 121.842437203357051, 13.440732794647424 ], [ 121.842446262341412, 13.440789932704739 ], [ 121.842415765768109, 13.440824050334589 ], [ 121.842168354164684, 13.440841183519908 ], [ 121.842190684152612, 13.440942114225987 ], [ 121.84192079179131, 13.440997715561913 ], [ 121.84194499750383, 13.441139933489994 ], [ 121.842031033368698, 13.441363639573492 ] ] ] } },
{ "type": "Feature", "properties": { "Id": 0, "CLN": "14394", "PSGC": "174001028", "Barangay": null, "Land_Class": null, "PIN": "030-01-029-04-009" }, "geometry": { "type": "Polygon", "coordinates": [ [ [ 121.842880086040566, 13.439722819013262 ], [ 121.842667328661037, 13.439721841180324 ], [ 121.842575964510317, 13.439894228435108 ], [ 121.84261959515463, 13.440235612477331 ], [ 121.84262240623768, 13.440550937563222 ], [ 121.84294508379952, 13.440408537688825 ], [ 121.843072271406825, 13.440237692921173 ], [ 121.843091016026492, 13.440172932098944 ], [ 121.843072887947628, 13.440125216865784 ], [ 121.842880086040566, 13.439722819013262 ] ] ] } },
{ "type": "Feature", "properties": { "Id": 0, "CLN": "14363", "PSGC": "174001028", "Barangay": null, "Land_Class": null, "PIN": "030-01-029-05-016" }, "geometry": { "type": "Polygon", "coordinates": [ [ [ 121.844536038887824, 13.438699502895028 ], [ 121.844408861316495, 13.43839580791232 ], [ 121.844166890549019, 13.438286352890245 ], [ 121.844253921813248, 13.438720984288818 ], [ 121.844536038887824, 13.438699502895028 ] ] ] } },
{ "type": "Feature", "properties": { "Id": 0, "CLN": "14382", "PSGC": "174001028", "Barangay": null, "Land_Class": null, "PIN": "030-01-029-05-004" }, "geometry": { "type": "Polygon", "coordinates": [ [ [ 121.841112290808113, 13.440209203990856 ], [ 121.840726757821329, 13.439420471198371 ], [ 121.840526707959768, 13.439601219096437 ], [ 121.84053045605296, 13.439712217744582 ], [ 121.840810027464926, 13.440261120244081 ], [ 121.840814563154709, 13.440297391343687 ], [ 121.841002884837096, 13.440252875855597 ], [ 121.841112290808113, 13.440209203990856 ] ] ] } },
{ "type": "Feature", "properties": { "Id": 0, "CLN": "14353", "PSGC": "174001028", "Barangay": null, "Land_Class": null, "PIN": "030-01-029-05-031" }, "geometry": { "type": "Polygon", "coordinates": [ [ [ 121.842796847658633, 13.435187553588678 ], [ 121.842671601567091, 13.43505606489696 ], [ 121.842548085245838, 13.435325785625036 ], [ 121.842664225872227, 13.435394008399445 ], [ 121.842796847658633, 13.435187553588678 ] ] ] } },
{ "type": "Feature", "properties": { "Id": 0, "CLN": "14452", "PSGC": "174001028", "Barangay": null, "Land_Class": null, "PIN": null }, "geometry": { "type": "Polygon", "coordinates": [ [ [ 121.837482965674226, 13.442299089571813 ], [ 121.837519560795513, 13.442311678172125 ], [ 121.837648880975109, 13.442285177962287 ], [ 121.837774922075965, 13.442300813961548 ], [ 121.838057618730303, 13.44236233523611 ], [ 121.838257091015478, 13.442459601944087 ], [ 121.83829725232583, 13.442423657486938 ], [ 121.838372786077102, 13.442068729746362 ], [ 121.838462669814291, 13.441927636114761 ], [ 121.838684551353438, 13.441650185411753 ], [ 121.83867334589138, 13.441634488921055 ], [ 121.838401997116932, 13.441931307870313 ], [ 121.838333841705321, 13.44207156086115 ], [ 121.838304036489674, 13.442152715358278 ], [ 121.838256129645316, 13.442399757542214 ], [ 121.838240484257611, 13.442414927596699 ], [ 121.838054004092243, 13.442334468507328 ], [ 121.837803473371181, 13.442260487939219 ], [ 121.837640881899787, 13.442249575773129 ], [ 121.837502284936349, 13.442286194643795 ], [ 121.837482965674226, 13.442299089571813 ] ] ] } },
{ "type": "Feature", "properties": { "Id": 0, "CLN": "14474", "PSGC": "174001028", "Barangay": null, "Land_Class": null, "PIN": "030-01-029-01-203" }, "geometry": { "type": "Polygon", "coordinates": [ [ [ 121.837155127815151, 13.443776904470994 ], [ 121.837118826655001, 13.443772554174542 ], [ 121.837115464654758, 13.444162564928543 ], [ 121.837149504033846, 13.444121875662985 ], [ 121.837155127815151, 13.443776904470994 ] ] ] } },
{ "type": "Feature", "properties": { "Id": 0, "CLN": "14439", "PSGC": "174001028", "Barangay": null, "Land_Class": null, "PIN": null }, "geometry": { "type": "Polygon", "coordinates": [ [ [ 121.838364874676657, 13.442356224016157 ], [ 121.83841393445563, 13.442373180785745 ], [ 121.83844871326788, 13.442249954590839 ], [ 121.838376010605742, 13.442262166927863 ], [ 121.838364874676657, 13.442356224016157 ] ] ] } },
{ "type": "Feature", "properties": { "Id": 0, "CLN": "14438", "PSGC": "174001028", "Barangay": null, "Land_Class": null, "PIN": null }, "geometry": { "type": "Polygon", "coordinates": [ [ [ 121.838376010605742, 13.442262166927863 ], [ 121.83844871326788, 13.442249954590839 ], [ 121.838472900003822, 13.442107857821672 ], [ 121.838428073055894, 13.442099285795281 ], [ 121.838376010605742, 13.442262166927863 ] ] ] } },
{ "type": "Feature", "properties": { "Id": 0, "CLN": "14451", "PSGC": "174001028", "Barangay": null, "Land_Class": null, "PIN": null }, "geometry": { "type": "Polygon", "coordinates": [ [ [ 121.837838933918903, 13.442426992057667 ], [ 121.838171871096677, 13.44250381560254 ], [ 121.838293462392897, 13.442544111424034 ], [ 121.838383640194536, 13.442452510378205 ], [ 121.83841393445563, 13.442373180785745 ], [ 121.838364874676657, 13.442356224016157 ], [ 121.838336686722741, 13.442441837219315 ], [ 121.838274435007293, 13.442502197631677 ], [ 121.838199837495097, 13.442464209984617 ], [ 121.837775200585156, 13.442351411063317 ], [ 121.837632183658712, 13.442323563871753 ], [ 121.837595592667697, 13.442338114192234 ], [ 121.837838933918903, 13.442426992057667 ] ] ] } },
{ "type": "Feature", "properties": { "Id": 0, "CLN": "14486", "PSGC": "174001028", "Barangay": null, "Land_Class": null, "PIN": null }, "geometry": { "type": "Polygon", "coordinates": [ [ [ 121.837151377513436, 13.444837984223296 ], [ 121.83719564268182, 13.444838188722775 ], [ 121.8371897778717, 13.444663538778549 ], [ 121.837151377513436, 13.444837984223296 ] ] ] } },
{ "type": "Feature", "properties": { "Id": 0, "CLN": "14483", "PSGC": "174001028", "Barangay": null, "Land_Class": null, "PIN": null }, "geometry": { "type": "Polygon", "coordinates": [ [ [ 121.8371897778717, 13.444663538778549 ], [ 121.837175750899988, 13.444512484293563 ], [ 121.837149234834371, 13.444509476459322 ], [ 121.8371897778717, 13.444663538778549 ] ] ] } },
{ "type": "Feature", "properties": { "Id": 0, "CLN": "14357", "PSGC": "174001028", "Barangay": null, "Land_Class": null, "PIN": null }, "geometry": { "type": "Polygon", "coordinates": [ [ [ 121.842411044693606, 13.436684638574791 ], [ 121.842412153191418, 13.436453577561561 ], [ 121.842574210527332, 13.436223256265869 ], [ 121.842804943976361, 13.436014371817762 ], [ 121.842843717787986, 13.435961919523908 ], [ 121.842777797352909, 13.436011830368438 ], [ 121.84255467804347, 13.436201725721183 ], [ 121.84238315089155, 13.43644502576481 ], [ 121.842411044693606, 13.436684638574791 ] ] ] } },
{ "type": "Feature", "properties": { "Id": 0, "CLN": "14350", "PSGC": "174001028", "Barangay": null, "Land_Class": null, "PIN": null }, "geometry": { "type": "Polygon", "coordinates": [ [ [ 121.842843717787986, 13.435961919523908 ], [ 121.842817624442745, 13.435756826893035 ], [ 121.842800962592364, 13.435455445325537 ], [ 121.842768664512889, 13.435446616424551 ], [ 121.842790162577231, 13.435768944168734 ], [ 121.842843717787986, 13.435961919523908 ] ] ] } },
{ "type": "Feature", "properties": { "Id": 0, "CLN": "14347", "PSGC": "174001028", "Barangay": null, "Land_Class": null, "PIN": null }, "geometry": { "type": "Polygon", "coordinates": [ [ [ 121.842768664512889, 13.435446616424551 ], [ 121.842800962592364, 13.435455445325537 ], [ 121.842883122578812, 13.435314032199315 ], [ 121.842859684123511, 13.435301427391977 ], [ 121.842768664512889, 13.435446616424551 ] ] ] } },
{ "type": "Feature", "properties": { "Id": 0, "CLN": "14377", "PSGC": "174001028", "Barangay": null, "Land_Class": null, "PIN": null }, "geometry": { "type": "Polygon", "coordinates": [ [ [ 121.840006958882455, 13.438547830305819 ], [ 121.839729906406404, 13.438675910933949 ], [ 121.839983509723012, 13.438654924594131 ], [ 121.840168904551462, 13.438566521711294 ], [ 121.840608837087814, 13.438524875982459 ], [ 121.840867520461586, 13.438388707360524 ], [ 121.840927325788599, 13.438189589781969 ], [ 121.841063638239888, 13.438083874303954 ], [ 121.841091266789547, 13.437986520493794 ], [ 121.841087506268025, 13.437826988883039 ], [ 121.841178785404324, 13.437672325584414 ], [ 121.841374370222056, 13.437478263578569 ], [ 121.841527344197317, 13.437294158876991 ], [ 121.841581400973183, 13.43725821738111 ], [ 121.84160170742922, 13.437219611249205 ], [ 121.841575874764416, 13.437199600201847 ], [ 121.841547083415733, 13.437177297229271 ], [ 121.841536652530124, 13.43723913594115 ], [ 121.841484442171321, 13.437262695253432 ], [ 121.841167060500709, 13.437611681140602 ], [ 121.841050775171311, 13.437833483832202 ], [ 121.841050109612326, 13.437972039125201 ], [ 121.841013464985664, 13.438062094517228 ], [ 121.840877907574168, 13.438183917492845 ], [ 121.840824447103458, 13.438348008044883 ], [ 121.840682677168743, 13.438392467410292 ], [ 121.840616124406864, 13.438446236284189 ], [ 121.840420954796116, 13.438408358354899 ], [ 121.840220351691045, 13.43844917906244 ], [ 121.840006958882455, 13.438547830305819 ] ] ] } },
{ "type": "Feature", "properties": { "Id": 0, "CLN": "14374", "PSGC": "174001028", "Barangay": null, "Land_Class": null, "PIN": null }, "geometry": { "type": "Polygon", "coordinates": [ [ [ 121.842265793477196, 13.436609465201371 ], [ 121.842226787289931, 13.436572092286609 ], [ 121.841872016723414, 13.436865330688844 ], [ 121.84158871774315, 13.437099492770603 ], [ 121.841547083415733, 13.437177297229287 ], [ 121.84160170742922, 13.437219611249205 ], [ 121.841661275874444, 13.437120676158395 ], [ 121.841913911778761, 13.436907034800406 ], [ 121.842265793477196, 13.436609465201371 ] ] ] } },
{ "type": "Feature", "properties": { "Id": 0, "CLN": "14356", "PSGC": "174001028", "Barangay": null, "Land_Class": null, "PIN": null }, "geometry": { "type": "Polygon", "coordinates": [ [ [ 121.842226787289931, 13.436572092286593 ], [ 121.842265793477196, 13.436609465201338 ], [ 121.842385294353747, 13.436233383329164 ], [ 121.842722096702829, 13.435853868995514 ], [ 121.842678535939044, 13.435834536256184 ], [ 121.842349673692368, 13.436222098675128 ], [ 121.842226787289931, 13.436572092286593 ] ] ] } },
{ "type": "Feature", "properties": { "Id": 0, "CLN": "14351", "PSGC": "174001028", "Barangay": null, "Land_Class": null, "PIN": null }, "geometry": { "type": "Polygon", "coordinates": [ [ [ 121.842722096702829, 13.435853868995514 ], [ 121.842692534945272, 13.435410637567026 ], [ 121.842664225872227, 13.435394008399445 ], [ 121.842678535939044, 13.435834536256184 ], [ 121.842722096702829, 13.435853868995514 ] ] ] } },
{ "type": "Feature", "properties": { "Id": 0, "CLN": "14373 pt.", "PSGC": "174001028", "Barangay": null, "Land_Class": null, "PIN": "030-01-029-05-035" }, "geometry": { "type": "Polygon", "coordinates": [ [ [ 121.842560424278389, 13.43755059813336 ], [ 121.842019625790485, 13.437012266912463 ], [ 121.841746708929264, 13.43724070486113 ], [ 121.841764262733165, 13.437355990400924 ], [ 121.842330644995045, 13.437832141967913 ], [ 121.842398790157461, 13.437826611312197 ], [ 121.842492257898897, 13.437785280766882 ], [ 121.842496441467702, 13.437598628388862 ], [ 121.842560424278389, 13.43755059813336 ] ] ] } },
{ "type": "Feature", "properties": { "Id": 0, "CLN": "14375 pt.", "PSGC": "174001028", "Barangay": null, "Land_Class": null, "PIN": "030-01-029-05-036" }, "geometry": { "type": "Polygon", "coordinates": [ [ [ 121.841643882423682, 13.436638235792596 ], [ 121.841872016723428, 13.436865330688846 ], [ 121.842226787289931, 13.436572092286593 ], [ 121.841968392659979, 13.436324516768995 ], [ 121.841772362658006, 13.436611627354525 ], [ 121.841643882423682, 13.436638235792596 ] ] ] } },
{ "type": "Feature", "properties": { "Id": 0, "CLN": "14403 pt.", "PSGC": "174001028", "Barangay": null, "Land_Class": null, "PIN": "030-01-029-04-054" }, "geometry": { "type": "Polygon", "coordinates": [ [ [ 121.843164140649137, 13.442754592427489 ], [ 121.842943502760775, 13.44159110032609 ], [ 121.842171020035451, 13.441839197705761 ], [ 121.842390719306195, 13.442585549506816 ], [ 121.84238066329722, 13.442663707074672 ], [ 121.842427118729631, 13.442672029722033 ], [ 121.84257582402094, 13.442802639504041 ], [ 121.842700882572188, 13.442882792907788 ], [ 121.842848652435677, 13.442798623812706 ], [ 121.842961517969414, 13.442762374955436 ], [ 121.843080053867951, 13.442748778344122 ], [ 121.843164140649137, 13.442754592427489 ] ] ] } },
{ "type": "Feature", "properties": { "Id": 0, "CLN": "14403 pt.", "PSGC": "174001028", "Barangay": null, "Land_Class": null, "PIN": "030-01-029-04-053" }, "geometry": { "type": "Polygon", "coordinates": [ [ [ 121.842943502760775, 13.44159110032609 ], [ 121.843164140649137, 13.442754592427489 ], [ 121.843234268151974, 13.442759441291097 ], [ 121.843645558043804, 13.442803728752342 ], [ 121.843767496043981, 13.442780440045482 ], [ 121.843951717427259, 13.442607290255426 ], [ 121.843904549261083, 13.442434932593551 ], [ 121.843797460166087, 13.442172432436259 ], [ 121.843740848367631, 13.44187204412856 ], [ 121.843673691074457, 13.441362593938798 ], [ 121.843674925005146, 13.441356187567605 ], [ 121.842943502760775, 13.44159110032609 ] ] ] } },
{ "type": "Feature", "properties": { "Id": 0, "CLN": "14401 pt.", "PSGC": "174001028", "Barangay": null, "Land_Class": null, "PIN": "030-01-029-04-034" }, "geometry": { "type": "Polygon", "coordinates": [ [ [ 121.844151680260495, 13.441938841070559 ], [ 121.844085246906886, 13.441945202262986 ], [ 121.844086739172951, 13.442006374958797 ], [ 121.844154493385801, 13.442009844830599 ], [ 121.844151680260495, 13.441938841070559 ] ] ] } },
{ "type": "Feature", "properties": { "Id": 0, "CLN": "14401 pt.", "PSGC": "174001028", "Barangay": null, "Land_Class": null, "PIN": "030-01-029-04-022" }, "geometry": { "type": "Polygon", "coordinates": [ [ [ 121.844316079522187, 13.442055475027269 ], [ 121.844334040481627, 13.441921379440895 ], [ 121.844248931646561, 13.441929528926746 ], [ 121.844248234296359, 13.44207505820836 ], [ 121.844316079522187, 13.442055475027269 ] ] ] } },
{ "type": "Feature", "properties": { "Id": 0, "CLN": "14401 pt.", "PSGC": "174001028", "Barangay": null, "Land_Class": null, "PIN": "030-01-029-04-036" }, "geometry": { "type": "Polygon", "coordinates": [ [ [ 121.844091368021068, 13.442197084750314 ], [ 121.844095897042251, 13.442258478918124 ], [ 121.844174200920591, 13.44225883844201 ], [ 121.844174495028341, 13.442197466418172 ], [ 121.844091368021068, 13.442197084750314 ] ] ] } },
{ "type": "Feature", "properties": { "Id": 0, "CLN": "14401 pt.", "PSGC": "174001028", "Barangay": null, "Land_Class": null, "PIN": "030-01-029-04-023" }, "geometry": { "type": "Polygon", "coordinates": [ [ [ 121.844085246906886, 13.441945202262986 ], [ 121.844048184393529, 13.441948751101741 ], [ 121.843973814018156, 13.441930189286099 ], [ 121.843976595748401, 13.442060172473457 ], [ 121.844088064011828, 13.44206068430659 ], [ 121.844085246906886, 13.441945202262986 ] ] ] } },
{ "type": "Feature", "properties": { "Id": 0, "CLN": "14400 pt.", "PSGC": "174001028", "Barangay": null, "Land_Class": null, "PIN": "030-01-029-04-032" }, "geometry": { "type": "Polygon", "coordinates": [ [ [ 121.844558781150397, 13.442276475644828 ], [ 121.844294887397766, 13.442213694065531 ], [ 121.844257066619505, 13.442496060874506 ], [ 121.844517172414712, 13.442453715614173 ], [ 121.844558781150397, 13.442276475644828 ] ] ] } },
{ "type": "Feature", "properties": { "Id": 0, "CLN": "14400 pt.", "PSGC": "174001028", "Barangay": null, "Land_Class": null, "PIN": "030-01-029-04-029" }, "geometry": { "type": "Polygon", "coordinates": [ [ [ 121.844294887397766, 13.442213694065531 ], [ 121.844558781150397, 13.442276475644828 ], [ 121.844615182683896, 13.442036222555963 ], [ 121.844575871116959, 13.441908147422785 ], [ 121.844465576311578, 13.441914182348484 ], [ 121.844449826968528, 13.442077688432612 ], [ 121.844313188234423, 13.442077061212098 ], [ 121.844294887397766, 13.442213694065531 ] ] ] } },
{ "type": "Feature", "properties": { "Id": 0, "CLN": "14400 pt.", "PSGC": "174001028", "Barangay": null, "Land_Class": null, "PIN": "030-01-029-04-038" }, "geometry": { "type": "Polygon", "coordinates": [ [ [ 121.844457715225289, 13.441995794391998 ], [ 121.844324472801063, 13.441992811269898 ], [ 121.844313188234423, 13.442077061212098 ], [ 121.844449826968528, 13.442077688432612 ], [ 121.844457715225289, 13.441995794391998 ] ] ] } },
{ "type": "Feature", "properties": { "Id": 0, "CLN": "14400 pt.", "PSGC": "174001028", "Barangay": null, "Land_Class": null, "PIN": "030-01-029-04-041" }, "geometry": { "type": "Polygon", "coordinates": [ [ [ 121.844324472801063, 13.441992811269898 ], [ 121.844457715225289, 13.441995794391998 ], [ 121.844465576311578, 13.441914182348484 ], [ 121.844334040481627, 13.441921379440895 ], [ 121.844324472801063, 13.441992811269898 ] ] ] } },
{ "type": "Feature", "properties": { "Id": 0, "CLN": "14400 pt.", "PSGC": "174001028", "Barangay": null, "Land_Class": null, "PIN": "030-01-029-04-016" }, "geometry": { "type": "Polygon", "coordinates": [ [ [ 121.844963516025643, 13.442381050140812 ], [ 121.844986701357655, 13.44222026144103 ], [ 121.844553959973382, 13.44229701234066 ], [ 121.844517172414712, 13.442453715614173 ], [ 121.844963516025643, 13.442381050140812 ] ] ] } },
{ "type": "Feature", "properties": { "Id": 0, "CLN": "14400 pt.", "PSGC": "174001028", "Barangay": null, "Land_Class": null, "PIN": "030-01-029-04-042" }, "geometry": { "type": "Polygon", "coordinates": [ [ [ 121.845159502489523, 13.442090040232202 ], [ 121.845024525494949, 13.441904396435092 ], [ 121.844841695628332, 13.441963857869858 ], [ 121.845024279255426, 13.442144255178048 ], [ 121.845159502489523, 13.442090040232202 ] ] ] } },
{ "type": "Feature", "properties": { "Id": 0, "CLN": "14400 pt.", "PSGC": "174001028", "Barangay": null, "Land_Class": null, "PIN": "030-01-029-04-025" }, "geometry": { "type": "Polygon", "coordinates": [ [ [ 121.845159502489523, 13.442090040232202 ], [ 121.845024279255426, 13.442144255178048 ], [ 121.844841695628332, 13.441963857869858 ], [ 121.844811457477974, 13.441973692154082 ], [ 121.844989973363099, 13.44221570007489 ], [ 121.844989356354645, 13.44221979054897 ], [ 121.845222388411997, 13.442178459707673 ], [ 121.845217170978344, 13.442169355847778 ], [ 121.845159502489523, 13.442090040232202 ] ] ] } },
{ "type": "Feature", "properties": { "Id": 0, "CLN": "14400 pt.", "PSGC": "174001028", "Barangay": null, "Land_Class": null, "PIN": "030-01-029-04-017" }, "geometry": { "type": "Polygon", "coordinates": [ [ [ 121.844986701357655, 13.44222026144103 ], [ 121.844963516025643, 13.442381050140812 ], [ 121.8453064926303, 13.442325212410495 ], [ 121.845222388411997, 13.442178459707673 ], [ 121.844986701357655, 13.44222026144103 ] ] ] } },
{ "type": "Feature", "properties": { "Id": 0, "CLN": "14422 pt.", "PSGC": "174001028", "Barangay": null, "Land_Class": null, "PIN": "030-01-029-01-157" }, "geometry": { "type": "Polygon", "coordinates": [ [ [ 121.838398224522862, 13.442973311213541 ], [ 121.838240483031996, 13.442897296507827 ], [ 121.838174291695523, 13.442954717210656 ], [ 121.838551804239103, 13.443206111139069 ], [ 121.838573211792962, 13.443171298990681 ], [ 121.838595212158154, 13.443135522821706 ], [ 121.83860692089911, 13.443116482500574 ], [ 121.838577036745235, 13.443095981193292 ], [ 121.838533071294833, 13.44306581973769 ], [ 121.838398224522862, 13.442973311213541 ] ] ] } },
{ "type": "Feature", "properties": { "Id": 0, "CLN": "14434 pt.", "PSGC": "174001028", "Barangay": null, "Land_Class": null, "PIN": "030-01-029-01-193" }, "geometry": { "type": "Polygon", "coordinates": [ [ [ 121.838987912536197, 13.442461217845246 ], [ 121.838980431336537, 13.44237039775502 ], [ 121.838851616894445, 13.442369803641487 ], [ 121.838851080478761, 13.442481223548763 ], [ 121.838904995626081, 13.442481502577651 ], [ 121.838941865299716, 13.442481493283672 ], [ 121.838942079685438, 13.442482209746268 ], [ 121.838987912536197, 13.442461217845246 ] ] ] } },
{ "type": "Feature", "properties": { "Id": 0, "CLN": "14434 pt.", "PSGC": "174001028", "Barangay": null, "Land_Class": null, "PIN": "030-01-029-01-195" }, "geometry": { "type": "Polygon", "coordinates": [ [ [ 121.838987912536197, 13.442461217845246 ], [ 121.838942079685438, 13.442482209746268 ], [ 121.83894541784818, 13.442493365660326 ], [ 121.838989321164775, 13.442478318277418 ], [ 121.838987912536197, 13.442461217845246 ] ] ] } },
{ "type": "Feature", "properties": { "Id": 0, "CLN": "14413 pt.", "PSGC": "174001028", "Barangay": null, "Land_Class": null, "PIN": "030-01-029-01-044" }, "geometry": { "type": "Polygon", "coordinates": [ [ [ 121.839069760575768, 13.442627687741812 ], [ 121.839086517618384, 13.442653930388632 ], [ 121.839218914240107, 13.44261883746853 ], [ 121.839180869824062, 13.442540820792171 ], [ 121.839062794748713, 13.442574724329754 ], [ 121.839071874941766, 13.44262729483548 ], [ 121.839069760575768, 13.442627687741812 ] ] ] } },
{ "type": "Feature", "properties": { "Id": 0, "CLN": "14397 pt.", "PSGC": "174001028", "Barangay": null, "Land_Class": null, "PIN": "030-01-029-04-014" }, "geometry": { "type": "Polygon", "coordinates": [ [ [ 121.843950710185624, 13.440582354411839 ], [ 121.843786147717211, 13.44050245630125 ], [ 121.843767415670925, 13.440914836213746 ], [ 121.843741310321548, 13.441011524972637 ], [ 121.843914747817934, 13.441052374306077 ], [ 121.843950710185624, 13.440582354411839 ] ] ] } },
{ "type": "Feature", "properties": { "Id": 0, "CLN": "14421 pt.", "PSGC": "174001028", "Barangay": null, "Land_Class": null, "PIN": "030-01-029-01-106" }, "geometry": { "type": "Polygon", "coordinates": [ [ [ 121.838631908514415, 13.443942383340936 ], [ 121.838632455909632, 13.443828717131778 ], [ 121.838455567412922, 13.443827900949408 ], [ 121.838439723995705, 13.443953268009761 ], [ 121.838631908514415, 13.443942383340936 ] ] ] } },
{ "type": "Feature", "properties": { "Id": 0, "CLN": "14421 pt.", "PSGC": "174001028", "Barangay": null, "Land_Class": null, "PIN": "030-01-029-01-133" }, "geometry": { "type": "Polygon", "coordinates": [ [ [ 121.838632455909632, 13.443828717131778 ], [ 121.838631908514415, 13.443942383340936 ], [ 121.838886573634738, 13.443927959757355 ], [ 121.838851823878912, 13.443829729146296 ], [ 121.838632455909632, 13.443828717131778 ] ] ] } },
{ "type": "Feature", "properties": { "Id": 0, "CLN": "14421 pt.", "PSGC": "174001028", "Barangay": null, "Land_Class": null, "PIN": "030-01-029-01-134" }, "geometry": { "type": "Polygon", "coordinates": [ [ [ 121.838462565378663, 13.44377252682972 ], [ 121.838455567412922, 13.443827900949408 ], [ 121.838671644183449, 13.443828897933825 ], [ 121.838671910993654, 13.443773492749688 ], [ 121.838462565378663, 13.44377252682972 ] ] ] } },
{ "type": "Feature", "properties": { "Id": 0, "CLN": "14421 pt.", "PSGC": "174001028", "Barangay": null, "Land_Class": null, "PIN": "030-01-029-01-124" }, "geometry": { "type": "Polygon", "coordinates": [ [ [ 121.838499170052685, 13.443482877576853 ], [ 121.838729498883325, 13.443483940249036 ], [ 121.838704199087928, 13.443412422547615 ], [ 121.838606298889047, 13.443344962300904 ], [ 121.838517019414155, 13.443341636959358 ], [ 121.838499170052685, 13.443482877576853 ] ] ] } },
{ "type": "Feature", "properties": { "Id": 0, "CLN": "14421 pt.", "PSGC": "174001028", "Barangay": null, "Land_Class": null, "PIN": "030-01-029-01-123" }, "geometry": { "type": "Polygon", "coordinates": [ [ [ 121.83849055719871, 13.44355103034396 ], [ 121.838753661820533, 13.443552244231945 ], [ 121.838729498883325, 13.443483940249036 ], [ 121.838499170052685, 13.443482877576853 ], [ 121.83849055719871, 13.44355103034396 ] ] ] } },
{ "type": "Feature", "properties": { "Id": 0, "CLN": "14421 pt.", "PSGC": "174001028", "Barangay": null, "Land_Class": null, "PIN": "030-01-029-01-135" }, "geometry": { "type": "Polygon", "coordinates": [ [ [ 121.838481944338312, 13.443619183109968 ], [ 121.83877782477002, 13.44362054821325 ], [ 121.838753661820533, 13.443552244231945 ], [ 121.83849055719871, 13.44355103034396 ], [ 121.838481944338312, 13.443619183109968 ] ] ] } },
{ "type": "Feature", "properties": { "Id": 0, "CLN": "14469 pt.", "PSGC": "174001028", "Barangay": null, "Land_Class": null, "PIN": "030-01-029-01-170" }, "geometry": { "type": "Polygon", "coordinates": [ [ [ 121.836742958876954, 13.443589444649451 ], [ 121.836995309325616, 13.443590610681731 ], [ 121.836969732941981, 13.443453988018558 ], [ 121.836970040376642, 13.443452127091257 ], [ 121.836667623739928, 13.443434537329392 ], [ 121.836742958876954, 13.443589444649451 ] ] ] } },
{ "type": "Feature", "properties": { "Id": 0, "CLN": "14469 pt.", "PSGC": "174001028", "Barangay": null, "Land_Class": null, "PIN": null }, "geometry": { "type": "Polygon", "coordinates": [ [ [ 121.836995309325616, 13.443590610681731 ], [ 121.836742958876954, 13.443589444649451 ], [ 121.836800670394595, 13.443708113395376 ], [ 121.837022500680462, 13.443735859983859 ], [ 121.836995309325616, 13.443590610681731 ] ] ] } },
{ "type": "Feature", "properties": { "Id": 0, "CLN": "14469 pt.", "PSGC": "174001028", "Barangay": null, "Land_Class": null, "PIN": "030-01-029-01-177" }, "geometry": { "type": "Polygon", "coordinates": [ [ [ 121.836886967451861, 13.443356863685333 ], [ 121.836888902463301, 13.443447407821246 ], [ 121.836970040376642, 13.443452127091257 ], [ 121.83698642241211, 13.443352965222847 ], [ 121.836886967451861, 13.443356863685333 ] ] ] } },
{ "type": "Feature", "properties": { "Id": 0, "CLN": "14469 pt.", "PSGC": "174001028", "Barangay": null, "Land_Class": null, "PIN": "030-01-029-01-165" }, "geometry": { "type": "Polygon", "coordinates": [ [ [ 121.83674322347737, 13.443362498130668 ], [ 121.836641216463008, 13.443366496529501 ], [ 121.836640895740913, 13.443432982704483 ], [ 121.836745154174949, 13.443439046844489 ], [ 121.83674322347737, 13.443362498130668 ] ] ] } },
{ "type": "Feature", "properties": { "Id": 0, "CLN": "14469 pt.", "PSGC": "174001028", "Barangay": null, "Land_Class": null, "PIN": "030-01-029-01-190" }, "geometry": { "type": "Polygon", "coordinates": [ [ [ 121.836816438956504, 13.443359628256399 ], [ 121.83681840987154, 13.443443307699757 ], [ 121.836888902463301, 13.443447407821246 ], [ 121.836886967451861, 13.443356863685333 ], [ 121.836816438956504, 13.443359628256399 ] ] ] } },
{ "type": "Feature", "properties": { "Id": 0, "CLN": "14469 pt.", "PSGC": "174001028", "Barangay": null, "Land_Class": null, "PIN": "030-01-029-01-189" }, "geometry": { "type": "Polygon", "coordinates": [ [ [ 121.83674322347737, 13.443362498130668 ], [ 121.836745154174949, 13.443439046844489 ], [ 121.83681840987154, 13.443443307699757 ], [ 121.836816438956504, 13.443359628256399 ], [ 121.83674322347737, 13.443362498130668 ] ] ] } },
{ "type": "Feature", "properties": { "Id": 0, "CLN": "14469 pt.", "PSGC": "174001028", "Barangay": null, "Land_Class": null, "PIN": "030-01-029-01-178" }, "geometry": { "type": "Polygon", "coordinates": [ [ [ 121.836992327642676, 13.443317220329053 ], [ 121.836993208536981, 13.443311888195055 ], [ 121.837012150304403, 13.443260739090828 ], [ 121.836801112043418, 13.443257275077006 ], [ 121.83680080370182, 13.443321204095634 ], [ 121.836992327642676, 13.443317220329053 ] ] ] } },
{ "type": "Feature", "properties": { "Id": 0, "CLN": "14469 pt.", "PSGC": "174001028", "Barangay": null, "Land_Class": null, "PIN": "030-01-029-01-184" }, "geometry": { "type": "Polygon", "coordinates": [ [ [ 121.836665457136746, 13.443215732717201 ], [ 121.836667461171601, 13.443315473466233 ], [ 121.836800828369206, 13.443316089774145 ], [ 121.836801112043418, 13.443257275077006 ], [ 121.83680894922864, 13.443257403720905 ], [ 121.836809147010896, 13.44321639672124 ], [ 121.836665457136746, 13.443215732717201 ] ] ] } },
{ "type": "Feature", "properties": { "Id": 0, "CLN": "14469 pt.", "PSGC": "174001028", "Barangay": null, "Land_Class": null, "PIN": "030-01-029-01-183" }, "geometry": { "type": "Polygon", "coordinates": [ [ [ 121.836665457136746, 13.443215732717201 ], [ 121.836594918474091, 13.443215406721578 ], [ 121.836594437376803, 13.443315135983433 ], [ 121.836667461171601, 13.443315473466233 ], [ 121.836665457136746, 13.443215732717201 ] ] ] } },
{ "type": "Feature", "properties": { "Id": 0, "CLN": "14469 pt.", "PSGC": "174001028", "Barangay": null, "Land_Class": null, "PIN": "030-01-029-01-128" }, "geometry": { "type": "Polygon", "coordinates": [ [ [ 121.836911568759902, 13.443156338584526 ], [ 121.83691330704653, 13.443259116684715 ], [ 121.837012150304403, 13.443260739090828 ], [ 121.837050936017917, 13.443156004616723 ], [ 121.836911568759902, 13.443156338584526 ] ] ] } },
{ "type": "Feature", "properties": { "Id": 0, "CLN": "14472 pt.", "PSGC": "174001028", "Barangay": null, "Land_Class": null, "PIN": "030-01-029-01-159" }, "geometry": { "type": "Polygon", "coordinates": [ [ [ 121.836936326744521, 13.443854711860766 ], [ 121.836875340024875, 13.443854430064018 ], [ 121.83687472026763, 13.443982927388468 ], [ 121.837010032919338, 13.443983552603328 ], [ 121.837016306524234, 13.443858917221641 ], [ 121.836936063318788, 13.443858546470235 ], [ 121.836936326744521, 13.443854711860766 ] ] ] } },
{ "type": "Feature", "properties": { "Id": 0, "CLN": "14472 pt.", "PSGC": "174001028", "Barangay": null, "Land_Class": null, "PIN": "030-01-029-01-198" }, "geometry": { "type": "Polygon", "coordinates": [ [ [ 121.836940278129092, 13.443797192718842 ], [ 121.836936063318788, 13.443858546470235 ], [ 121.837016306524234, 13.443858917221641 ], [ 121.837019202030177, 13.44380139319869 ], [ 121.836940259630069, 13.443801028460006 ], [ 121.836940278129092, 13.443797192718842 ] ] ] } },
{ "type": "Feature", "properties": { "Id": 0, "CLN": "14472 pt.", "PSGC": "174001028", "Barangay": null, "Land_Class": null, "PIN": "030-01-029-01-201" }, "geometry": { "type": "Polygon", "coordinates": [ [ [ 121.836940623314817, 13.443725618765464 ], [ 121.836940259630069, 13.443801028460006 ], [ 121.837019202030177, 13.44380139319869 ], [ 121.837022500680462, 13.443735859983859 ], [ 121.836940623314817, 13.443725618765464 ] ] ] } },
{ "type": "Feature", "properties": { "Id": 0, "CLN": "14475 pt.", "PSGC": "174001028", "Barangay": null, "Land_Class": null, "PIN": "030-01-029-01-145" }, "geometry": { "type": "Polygon", "coordinates": [ [ [ 121.837153592897948, 13.443871058953519 ], [ 121.83724139361027, 13.443871464546362 ], [ 121.837251181763563, 13.44379616987014 ], [ 121.837155127815151, 13.443776904470994 ], [ 121.837153592897948, 13.443871058953519 ] ] ] } },
{ "type": "Feature", "properties": { "Id": 0, "CLN": "14436 pt.", "PSGC": "174001028", "Barangay": null, "Land_Class": null, "PIN": "030-01-029-01-081" }, "geometry": { "type": "Polygon", "coordinates": [ [ [ 121.838835466323843, 13.441954423430127 ], [ 121.838753190985557, 13.442075800655424 ], [ 121.838779615348798, 13.442076569240889 ], [ 121.838819797218591, 13.442076754581157 ], [ 121.838852871012506, 13.441988412086221 ], [ 121.838835466323843, 13.441954423430127 ] ] ] } },
{ "type": "Feature", "properties": { "Id": 0, "CLN": "14436 pt.", "PSGC": "174001028", "Barangay": null, "Land_Class": null, "PIN": "030-01-029-01-084" }, "geometry": { "type": "Polygon", "coordinates": [ [ [ 121.838563227923984, 13.44209504450418 ], [ 121.838515282159022, 13.442006896708023 ], [ 121.838512468486769, 13.442010194675545 ], [ 121.838472900003822, 13.442107857821672 ], [ 121.838529610067468, 13.442101226990566 ], [ 121.838563227923984, 13.44209504450418 ] ] ] } },
{ "type": "Feature", "properties": { "Id": 0, "CLN": "14436 pt.", "PSGC": "174001028", "Barangay": null, "Land_Class": null, "PIN": "030-01-029-01-077" }, "geometry": { "type": "Polygon", "coordinates": [ [ [ 121.838584176694496, 13.441996719285989 ], [ 121.838562419322443, 13.441951646176276 ], [ 121.838515282159022, 13.442006896708023 ], [ 121.838536005723384, 13.44204499677644 ], [ 121.838584176694496, 13.441996719285989 ] ] ] } },
{ "type": "Feature", "properties": { "Id": 0, "CLN": "14436 pt.", "PSGC": "174001028", "Barangay": null, "Land_Class": null, "PIN": "030-01-029-01-076" }, "geometry": { "type": "Polygon", "coordinates": [ [ [ 121.838664011058924, 13.44207646078231 ], [ 121.838631304719215, 13.441949487018801 ], [ 121.838536005723384, 13.44204499677644 ], [ 121.838563227923984, 13.44209504450418 ], [ 121.838633926485187, 13.442082042680934 ], [ 121.838664011058924, 13.44207646078231 ] ] ] } },
{ "type": "Feature", "properties": { "Id": 0, "CLN": "14436 pt.", "PSGC": "174001028", "Barangay": null, "Land_Class": null, "PIN": "030-01-029-01-078" }, "geometry": { "type": "Polygon", "coordinates": [ [ [ 121.838649318897666, 13.44193143298717 ], [ 121.838626397498203, 13.44187665585592 ], [ 121.838562419322443, 13.441951646176276 ], [ 121.838584176694496, 13.441996719285989 ], [ 121.838649318897666, 13.44193143298717 ] ] ] } },
{ "type": "Feature", "properties": { "Id": 0, "CLN": "14436 pt.", "PSGC": "174001028", "Barangay": null, "Land_Class": null, "PIN": "030-01-029-01-083" }, "geometry": { "type": "Polygon", "coordinates": [ [ [ 121.838686077894835, 13.441806703002587 ], [ 121.838720079721341, 13.441860515576415 ], [ 121.838764554095889, 13.441815942750727 ], [ 121.838732162237534, 13.441752686376695 ], [ 121.838686077894835, 13.441806703002587 ] ] ] } },
{ "type": "Feature", "properties": { "Id": 0, "CLN": "14436 pt.", "PSGC": "174001028", "Barangay": null, "Land_Class": null, "PIN": "030-01-029-01-079" }, "geometry": { "type": "Polygon", "coordinates": [ [ [ 121.838720079721341, 13.441860515576415 ], [ 121.838686077894835, 13.441806703002587 ], [ 121.838626397498203, 13.44187665585592 ], [ 121.838649318897666, 13.44193143298717 ], [ 121.838720079721341, 13.441860515576415 ] ] ] } },
{ "type": "Feature", "properties": { "Id": 0, "CLN": "14436 pt.", "PSGC": "174001028", "Barangay": null, "Land_Class": null, "PIN": "030-01-029-01-082" }, "geometry": { "type": "Polygon", "coordinates": [ [ [ 121.838692868468343, 13.441887787053091 ], [ 121.838790265740542, 13.442021105903144 ], [ 121.838835466323843, 13.441954423430127 ], [ 121.838764554095889, 13.441815942750727 ], [ 121.838692868468343, 13.441887787053091 ] ] ] } },
{ "type": "Feature", "properties": { "Id": 0, "CLN": "14494 pt.", "PSGC": "174001028", "Barangay": null, "Land_Class": null, "PIN": "030-01-029-01-196" }, "geometry": { "type": "Polygon", "coordinates": [ [ [ 121.837341585790696, 13.445489921955707 ], [ 121.837253943845582, 13.445563088601531 ], [ 121.83732376219757, 13.445632074341574 ], [ 121.837402359331193, 13.445558325650724 ], [ 121.837341585790696, 13.445489921955707 ] ] ] } },
{ "type": "Feature", "properties": { "Id": 0, "CLN": "14494 pt.", "PSGC": "174001028", "Barangay": null, "Land_Class": null, "PIN": "030-01-029-01-096" }, "geometry": { "type": "Polygon", "coordinates": [ [ [ 121.837220433870939, 13.445353559188598 ], [ 121.837152069286134, 13.445276611215132 ], [ 121.83700945743395, 13.445321517347697 ], [ 121.837109174197295, 13.44542004521122 ], [ 121.837220433870939, 13.445353559188598 ] ] ] } },
{ "type": "Feature", "properties": { "Id": 0, "CLN": "14494 pt.", "PSGC": "174001028", "Barangay": null, "Land_Class": null, "PIN": "030-01-029-01-185" }, "geometry": { "type": "Polygon", "coordinates": [ [ [ 121.837220433870939, 13.445353559188598 ], [ 121.837109174197295, 13.44542004521122 ], [ 121.837253943845582, 13.445563088601531 ], [ 121.837341585790696, 13.445489921955707 ], [ 121.837220433870939, 13.445353559188598 ] ] ] } },
{ "type": "Feature", "properties": { "Id": 0, "CLN": "14493 pt.", "PSGC": "174001028", "Barangay": null, "Land_Class": null, "PIN": "030-01-029-01-126" }, "geometry": { "type": "Polygon", "coordinates": [ [ [ 121.837070028051343, 13.445161484668951 ], [ 121.837007162387494, 13.445188212974005 ], [ 121.837098475245895, 13.445293487110911 ], [ 121.837152069286134, 13.445276611215132 ], [ 121.837070028051343, 13.445161484668951 ] ] ] } },
{ "type": "Feature", "properties": { "Id": 0, "CLN": "14493 pt.", "PSGC": "174001028", "Barangay": null, "Land_Class": null, "PIN": "030-01-029-01-148" }, "geometry": { "type": "Polygon", "coordinates": [ [ [ 121.837054680216568, 13.445114677586211 ], [ 121.837058288869784, 13.444943173970325 ], [ 121.836984843454871, 13.444970434327992 ], [ 121.836989108769686, 13.445139542420987 ], [ 121.837054680216568, 13.445114677586211 ] ] ] } },
{ "type": "Feature", "properties": { "Id": 0, "CLN": "14462 pt.", "PSGC": "174001028", "Barangay": null, "Land_Class": null, "PIN": "030-01-029-01-101" }, "geometry": { "type": "Polygon", "coordinates": [ [ [ 121.83803764707487, 13.443703988406687 ], [ 121.837978192963519, 13.443678231718122 ], [ 121.837937417157093, 13.443715686861236 ], [ 121.837828745429675, 13.443654537490954 ], [ 121.837700048591216, 13.443758508215055 ], [ 121.837723431482473, 13.443908035539293 ], [ 121.838036570785803, 13.443927365732687 ], [ 121.83803764707487, 13.443703988406687 ] ] ] } },
{ "type": "Feature", "properties": { "Id": 0, "CLN": "14462 pt.", "PSGC": "174001028", "Barangay": null, "Land_Class": null, "PIN": "030-01-029-01-107" }, "geometry": { "type": "Polygon", "coordinates": [ [ [ 121.837699995708363, 13.444057290326457 ], [ 121.837651038664376, 13.444174450343224 ], [ 121.83787039446598, 13.444213001008292 ], [ 121.837860765769577, 13.444085101672735 ], [ 121.837699995708363, 13.444057290326457 ] ] ] } },
{ "type": "Feature", "properties": { "Id": 0, "CLN": "14462 pt.", "PSGC": "174001028", "Barangay": null, "Land_Class": null, "PIN": "030-01-029-01-151" }, "geometry": { "type": "Polygon", "coordinates": [ [ [ 121.838031744696934, 13.443927067819596 ], [ 121.837723431482473, 13.443908035539293 ], [ 121.837724921182129, 13.443917561764904 ], [ 121.837719821745395, 13.443946662459338 ], [ 121.838033761094209, 13.443968268260514 ], [ 121.838031744696934, 13.443927067819596 ] ] ] } },
{ "type": "Feature", "properties": { "Id": 0, "CLN": "14462 pt.", "PSGC": "174001028", "Barangay": null, "Land_Class": null, "PIN": "030-01-029-01-100" }, "geometry": { "type": "Polygon", "coordinates": [ [ [ 121.838029982839231, 13.443968008237412 ], [ 121.837888133292637, 13.443958245974402 ], [ 121.837905327053988, 13.444054620782143 ], [ 121.838048955885554, 13.444068069927765 ], [ 121.838029982839231, 13.443968008237412 ] ] ] } },
{ "type": "Feature", "properties": { "Id": 0, "CLN": "14462 pt.", "PSGC": "174001028", "Barangay": null, "Land_Class": null, "PIN": "030-01-029-01-150" }, "geometry": { "type": "Polygon", "coordinates": [ [ [ 121.838097611893332, 13.443729966324383 ], [ 121.838096589383255, 13.443942192773518 ], [ 121.838246158940677, 13.443936698375666 ], [ 121.838335939783974, 13.443950883933701 ], [ 121.838287146299081, 13.443855326877674 ], [ 121.838231918376081, 13.443788150417012 ], [ 121.838097611893332, 13.443729966324383 ] ] ] } },
{ "type": "Feature", "properties": { "Id": 0, "CLN": "14461 pt.", "PSGC": "174001028", "Barangay": null, "Land_Class": null, "PIN": null }, "geometry": { "type": "Polygon", "coordinates": [ [ [ 121.838041151675711, 13.443268093189873 ], [ 121.838076608958417, 13.443268256855603 ], [ 121.838076498259184, 13.44329123354661 ], [ 121.838423432152979, 13.44334445445495 ], [ 121.838423685524702, 13.443291849158177 ], [ 121.838070043885267, 13.443239482919669 ], [ 121.838041151675711, 13.443268093189873 ] ] ] } },
{ "type": "Feature", "properties": { "Id": 0, "CLN": "14461 pt.", "PSGC": "174001028", "Barangay": null, "Land_Class": null, "PIN": "030-01-029-01-164" }, "geometry": { "type": "Polygon", "coordinates": [ [ [ 121.838444965555368, 13.443560514409025 ], [ 121.838363041090616, 13.443548673007221 ], [ 121.838354989697478, 13.443594322112808 ], [ 121.838437394865011, 13.443601426685685 ], [ 121.838444965555368, 13.443560514409025 ] ] ] } },
{ "type": "Feature", "properties": { "Id": 0, "CLN": "14461 pt.", "PSGC": "174001028", "Barangay": null, "Land_Class": null, "PIN": "030-01-029-01-155" }, "geometry": { "type": "Polygon", "coordinates": [ [ [ 121.838252409767207, 13.443494180058899 ], [ 121.838098840178773, 13.443475025457996 ], [ 121.838098553678094, 13.443534491533946 ], [ 121.838247409294354, 13.443547554549562 ], [ 121.838247398137881, 13.443549870469772 ], [ 121.838247605004113, 13.443547571724261 ], [ 121.838252409767207, 13.443494180058899 ] ] ] } },
{ "type": "Feature", "properties": { "Id": 0, "CLN": "14461 pt.", "PSGC": "174001028", "Barangay": null, "Land_Class": null, "PIN": null }, "geometry": { "type": "Polygon", "coordinates": [ [ [ 121.837961032102854, 13.443407901645898 ], [ 121.838044297023686, 13.443408286007125 ], [ 121.838044654319873, 13.443334128313138 ], [ 121.837974791439649, 13.443333805821002 ], [ 121.837969142621603, 13.443339399509995 ], [ 121.837961032102854, 13.443407901645898 ] ] ] } },
{ "type": "Feature", "properties": { "Id": 0, "CLN": "14461 pt.", "PSGC": "174001028", "Barangay": null, "Land_Class": null, "PIN": null }, "geometry": { "type": "Polygon", "coordinates": [ [ [ 121.837916121368167, 13.443469067567696 ], [ 121.83804400132864, 13.443469657891461 ], [ 121.838044297023686, 13.443408286007125 ], [ 121.837961032102854, 13.443407901645898 ], [ 121.837960233685209, 13.443414645146616 ], [ 121.837916121368167, 13.443469067567696 ] ] ] } },
{ "type": "Feature", "properties": { "Id": 0, "CLN": "14461 pt.", "PSGC": "174001028", "Barangay": null, "Land_Class": null, "PIN": "030-01-029-01-180" }, "geometry": { "type": "Polygon", "coordinates": [ [ [ 121.838043351068151, 13.443604619210104 ], [ 121.837978071580523, 13.443597214484786 ], [ 121.837977678929079, 13.443678703891187 ], [ 121.837978192963519, 13.443678231718122 ], [ 121.838042861406365, 13.443706247356575 ], [ 121.838043351068151, 13.443604619210104 ] ] ] } },
{ "type": "Feature", "properties": { "Id": 0, "CLN": "14461 pt.", "PSGC": "174001028", "Barangay": null, "Land_Class": null, "PIN": null }, "geometry": { "type": "Polygon", "coordinates": [ [ [ 121.837977678929079, 13.443678703891187 ], [ 121.837978071580523, 13.443597214484786 ], [ 121.838043351068151, 13.443604619210104 ], [ 121.83804400132864, 13.443469657891461 ], [ 121.837916121368167, 13.443469067567696 ], [ 121.837912947515093, 13.443472983224881 ], [ 121.837850917120804, 13.44348733594596 ], [ 121.837786175718193, 13.44362088016671 ], [ 121.837828745429675, 13.443654537490954 ], [ 121.837937417157093, 13.443715686861236 ], [ 121.837977678929079, 13.443678703891187 ] ] ] } },
{ "type": "Feature", "properties": { "Id": 0, "CLN": "14461 pt.", "PSGC": "174001028", "Barangay": null, "Land_Class": null, "PIN": null }, "geometry": { "type": "Polygon", "coordinates": [ [ [ 121.838423685524702, 13.443291849158154 ], [ 121.838423432152979, 13.44334445445495 ], [ 121.83848324873658, 13.443353630484118 ], [ 121.838492787682711, 13.443302081547321 ], [ 121.838423685524702, 13.443291849158154 ] ] ] } },
{ "type": "Feature", "properties": { "Id": 0, "CLN": "14461 pt.", "PSGC": "174001028", "Barangay": null, "Land_Class": null, "PIN": "030-01-029-01-187" }, "geometry": { "type": "Polygon", "coordinates": [ [ [ 121.838184297837344, 13.443632433130817 ], [ 121.838183648396296, 13.443767238965693 ], [ 121.838231918376081, 13.443788150417012 ], [ 121.838287146299081, 13.443855326877674 ], [ 121.838303355740067, 13.443887071420702 ], [ 121.838347011537323, 13.443639555986676 ], [ 121.838184297837344, 13.443632433130817 ] ] ] } },
{ "type": "Feature", "properties": { "Id": 0, "CLN": "14461 pt.", "PSGC": "174001028", "Barangay": null, "Land_Class": null, "PIN": "030-01-029-01-156" }, "geometry": { "type": "Polygon", "coordinates": [ [ [ 121.838353302197632, 13.443603889753613 ], [ 121.838098283960719, 13.443590473795766 ], [ 121.838098099983696, 13.443628659743426 ], [ 121.838347011537323, 13.443639555986676 ], [ 121.838353302197632, 13.443603889753613 ] ] ] } },
{ "type": "Feature", "properties": { "Id": 0, "CLN": "14461 pt.", "PSGC": "174001028", "Barangay": null, "Land_Class": null, "PIN": "030-01-029-01-179" }, "geometry": { "type": "Polygon", "coordinates": [ [ [ 121.838158618222167, 13.443539762585782 ], [ 121.838098553678094, 13.443534491533946 ], [ 121.838098283960719, 13.443590473795766 ], [ 121.838158358686954, 13.443593634220473 ], [ 121.838158618222167, 13.443539762585782 ] ] ] } },
{ "type": "Feature", "properties": { "Id": 0, "CLN": "14461 pt.", "PSGC": "174001028", "Barangay": null, "Land_Class": null, "PIN": null }, "geometry": { "type": "Polygon", "coordinates": [ [ [ 121.838247409294354, 13.443547554549562 ], [ 121.838158618222167, 13.443539762585782 ], [ 121.838158358686954, 13.443593634220473 ], [ 121.83824716480909, 13.443598306126622 ], [ 121.838247409294354, 13.443547554549562 ] ] ] } },
{ "type": "Feature", "properties": { "Id": 0, "CLN": "14461 pt.", "PSGC": "174001028", "Barangay": null, "Land_Class": null, "PIN": null }, "geometry": { "type": "Polygon", "coordinates": [ [ [ 121.838370064032731, 13.443508854908073 ], [ 121.838252409767207, 13.443494180058899 ], [ 121.838247605004113, 13.443547571724261 ], [ 121.838247398137881, 13.443549870469772 ], [ 121.83824716480909, 13.443598306126622 ], [ 121.838353302197632, 13.443603889753613 ], [ 121.838361472885367, 13.44355756428619 ], [ 121.838370064032731, 13.443508854908073 ] ] ] } },
{ "type": "Feature", "properties": { "Id": 0, "CLN": "14461 pt.", "PSGC": "174001028", "Barangay": null, "Land_Class": null, "PIN": "030-01-029-01-153" }, "geometry": { "type": "Polygon", "coordinates": [ [ [ 121.838402351026318, 13.443790804593059 ], [ 121.838320792472686, 13.443788210391231 ], [ 121.838303355740067, 13.443887071420702 ], [ 121.838335939783974, 13.443950883933701 ], [ 121.838385296662963, 13.443882966724855 ], [ 121.838402351026318, 13.443790804593059 ] ] ] } },
{ "type": "Feature", "properties": { "Id": 0, "CLN": "14461 pt.", "PSGC": "174001028", "Barangay": null, "Land_Class": null, "PIN": "030-01-029-01-154" }, "geometry": { "type": "Polygon", "coordinates": [ [ [ 121.838425127696667, 13.443667718857288 ], [ 121.83834332190159, 13.443660475152935 ], [ 121.838320792472686, 13.443788210391231 ], [ 121.838402351026318, 13.443790804593059 ], [ 121.838425127696667, 13.443667718857288 ] ] ] } },
{ "type": "Feature", "properties": { "Id": 0, "CLN": "14461 pt.", "PSGC": "174001028", "Barangay": null, "Land_Class": null, "PIN": null }, "geometry": { "type": "Polygon", "coordinates": [ [ [ 121.838437394865011, 13.443601426685685 ], [ 121.838354989697478, 13.443594322112808 ], [ 121.83834332190159, 13.443660475152935 ], [ 121.838425127696667, 13.443667718857288 ], [ 121.838437394865011, 13.443601426685685 ] ] ] } },
{ "type": "Feature", "properties": { "Id": 0, "CLN": "14461 pt.", "PSGC": "174001028", "Barangay": null, "Land_Class": null, "PIN": null }, "geometry": { "type": "Polygon", "coordinates": [ [ [ 121.838363041090616, 13.443548673007221 ], [ 121.838444965555368, 13.443560514409025 ], [ 121.838452934332452, 13.443517450838666 ], [ 121.838370397298888, 13.443506965382648 ], [ 121.838363041090616, 13.443548673007221 ] ] ] } },
{ "type": "Feature", "properties": { "Id": 0, "CLN": "14461 pt.", "PSGC": "174001028", "Barangay": null, "Land_Class": null, "PIN": "030-01-029-01-188" }, "geometry": { "type": "Polygon", "coordinates": [ [ [ 121.838184297837344, 13.443632433130817 ], [ 121.838098099983696, 13.443628659743426 ], [ 121.838097611893332, 13.443729966324383 ], [ 121.838183648396296, 13.443767238965693 ], [ 121.838184297837344, 13.443632433130817 ] ] ] } },
{ "type": "Feature", "properties": { "Id": 0, "CLN": "14385", "PSGC": null, "Barangay": null, "Land_Class": null, "PIN": null }, "geometry": { "type": "Polygon", "coordinates": [ [ [ 121.839739690426939, 13.438723689441751 ], [ 121.839731778424934, 13.438675088886004 ], [ 121.839570621653721, 13.438771474457194 ], [ 121.839387936604453, 13.438933264376427 ], [ 121.839588268272692, 13.438797649921154 ], [ 121.839739690426939, 13.438723689441751 ] ] ] } },
{ "type": "Feature", "properties": { "Id": 0, "CLN": "14429 pt.", "PSGC": "174001028", "Barangay": null, "Land_Class": null, "PIN": "030-01-029-01-205" }, "geometry": { "type": "Polygon", "coordinates": [ [ [ 121.838545015246993, 13.442668696728948 ], [ 121.838544359767653, 13.442804808332591 ], [ 121.838581445124362, 13.442810655499205 ], [ 121.838616574772104, 13.442816963060455 ], [ 121.838615922776057, 13.442691592089599 ], [ 121.838584223857339, 13.442681356815861 ], [ 121.83855111001472, 13.442670664671903 ], [ 121.838545015246993, 13.442668696728948 ] ] ] } },
{ "type": "Feature", "properties": { "Id": 0, "CLN": "14461 pt.", "PSGC": "174001028", "Barangay": null, "Land_Class": null, "PIN": "ROAD LOT" }, "geometry": { "type": "Polygon", "coordinates": [ [ [ 121.838100625344225, 13.443475248120663 ], [ 121.83810149342186, 13.443295067911091 ], [ 121.838073601765643, 13.443290789211972 ], [ 121.838073392322329, 13.443334260964242 ], [ 121.838044654319873, 13.443334128313168 ], [ 121.838042861406365, 13.443706247356575 ], [ 121.838097611893332, 13.443729966324383 ], [ 121.838098840178773, 13.443475025457996 ], [ 121.838100625344225, 13.443475248120663 ] ] ] } },
{ "type": "Feature", "properties": { "Id": 0, "CLN": "14461 pt.", "PSGC": "174001028", "Barangay": null, "Land_Class": null, "PIN": null }, "geometry": { "type": "Polygon", "coordinates": [ [ [ 121.838076498259184, 13.44329123354661 ], [ 121.838076608958417, 13.443268256855603 ], [ 121.838041151675711, 13.443268093189873 ], [ 121.837974791439663, 13.443333805821032 ], [ 121.838073392322329, 13.443334260964242 ], [ 121.838073601765643, 13.443290789211972 ], [ 121.838076498259184, 13.44329123354661 ] ] ] } },
{ "type": "Feature", "properties": { "Id": 0, "CLN": "14462 pt.", "PSGC": "174001028", "Barangay": null, "Land_Class": null, "PIN": "030-01-029-01-088" }, "geometry": { "type": "Polygon", "coordinates": [ [ [ 121.837843353896702, 13.443955164183777 ], [ 121.837719821745395, 13.443946662459338 ], [ 121.837700753898034, 13.444055475887481 ], [ 121.837699995708363, 13.444057290326457 ], [ 121.837855277613158, 13.444084152287436 ], [ 121.837843353896702, 13.443955164183777 ] ] ] } },
{ "type": "Feature", "properties": { "Id": 0, "CLN": "14462 pt.", "PSGC": "174001028", "Barangay": null, "Land_Class": null, "PIN": "030-01-029-01-109" }, "geometry": { "type": "Polygon", "coordinates": [ [ [ 121.837843353896702, 13.443955164183777 ], [ 121.837855277613158, 13.444084152287436 ], [ 121.837860765769577, 13.444085101672735 ], [ 121.83787039446598, 13.444213001008292 ], [ 121.837906138278228, 13.44421928278221 ], [ 121.837920894979504, 13.444217312446728 ], [ 121.837908540877677, 13.444054921719751 ], [ 121.837905327053988, 13.444054620782143 ], [ 121.837888133292637, 13.443958245974402 ], [ 121.837843353896702, 13.443955164183777 ] ] ] } },
{ "type": "Feature", "properties": { "Id": 0, "CLN": "14469 pt.", "PSGC": "174001028", "Barangay": null, "Land_Class": null, "PIN": "ROAD" }, "geometry": { "type": "Polygon", "coordinates": [ [ [ 121.836641006326502, 13.443315351206445 ], [ 121.836644354104422, 13.443366373543105 ], [ 121.83698642241211, 13.443352965222847 ], [ 121.836992327642676, 13.443317220329053 ], [ 121.83680080370182, 13.44332120409565 ], [ 121.836800828369206, 13.44331608977418 ], [ 121.836641006326502, 13.443315351206445 ] ] ] } }
]
}
