{"type":"FeatureCollection","name":"Balagasan","crs":{"type":"name","properties":{"name":"urn:ogc:def:crs:OGC:1.3:CRS84"}},"features":[{"type":"Feature","properties":{"Id":0,"CLN":"17396","PSGC":"174001005","Barangay":"Balagasan","Land_Class":"RESIDENTIAL","PIN":"030-01-006-01-179","Owner":"HRS. OF MAPACPAC, MATILDE","TaxDecNo":"04565"},"geometry":{"type":"Polygon","coordinates":[[[121.87973149492332,13.422626439708898],[121.88168827220218,13.423977595974618],[121.88209530517277,13.424055836480663],[121.88213311039037,13.42395630632448],[121.88190643531073,13.423592183821041],[121.88178042577479,13.423377677763197],[121.88167996715691,13.423279574572243],[121.8807408413133,13.423116070542303],[121.88004066428488,13.422377959632287],[121.87973149492332,13.422626439708898]]]}},{"type":"Feature","properties":{"Id":0,"CLN":"17398","PSGC":"174001005","Barangay":"Balagasan","Land_Class":"AGRICULTURAL","PIN":"030-01-006-01-135","Owner":"LABAY, FAUSTINO","TaxDecNo":"04525"},"geometry":{"type":"Polygon","coordinates":[[[121.88040337234087,13.423589460194053],[121.88030105016897,13.423463280704759],[121.880240316669,13.42358988854418],[121.8800378788374,13.42407328945884],[121.88013803058033,13.424439292872314],[121.8805010840055,13.424484107982131],[121.88091309815199,13.424220076844207],[121.88040337234087,13.423589460194053]]]}},{"type":"Feature","properties":{"Id":0,"CLN":"17397","PSGC":"174001005","Barangay":"Balagasan","Land_Class":"AGRICULTURAL","PIN":"030-01-006-01-134","Owner":"LIM, RICARDO","TaxDecNo":"04524"},"geometry":{"type":"Polygon","coordinates":[[[121.87963417642634,13.422788163748452],[121.87955946231509,13.422764702277947],[121.87953094884358,13.42296888525243],[121.87949072868008,13.423149886779957],[121.87953717969938,13.42332356375655],[121.87951655994691,13.42352392690197],[121.8795163644806,13.423592591438524],[121.87946903306806,13.423748405313571],[121.8800378788374,13.42407328945884],[121.880240316669,13.42358988854418],[121.88030105016897,13.423463280704759],[121.8801677385854,13.423222283436964],[121.87981843861691,13.422966308036106],[121.87963417642634,13.422788163748452]]]}},{"type":"Feature","properties":{"Id":0,"CLN":"17400","PSGC":"174001005","Barangay":"Balagasan","Land_Class":"AGRICULTURAL","PIN":"030-01-006-01-136","Owner":"GONZALEZ, LEONARDO","TaxDecNo":"04526"},"geometry":{"type":"Polygon","coordinates":[[[121.87946903306806,13.423748405313571],[121.87961785648574,13.424599820900534],[121.879586826788,13.424981086208403],[121.87954945288368,13.425440301052937],[121.87959983689008,13.425556839051076],[121.87977626425884,13.42558088607869],[121.88038984384218,13.42504524460739],[121.8805010840055,13.424484107982131],[121.88013803058033,13.424439292872314],[121.8800378788374,13.42407328945884],[121.87946903306806,13.423748405313571]]]}},{"type":"Feature","properties":{"Id":0,"CLN":"19870","PSGC":"174001005","Barangay":"Balagasan","Land_Class":"AGRICULTURAL","PIN":"030-01-006-01-011","Owner":"NALUNDASAN, HELEN E.","TaxDecNo":"04415"},"geometry":{"type":"Polygon","coordinates":[[[121.88036851923876,13.425251191912457],[121.88101265831364,13.425446801530546],[121.88123749205045,13.4252816366603],[121.88145726572964,13.424982017255903],[121.88203376644044,13.424148614843466],[121.88170134400185,13.424087321555474],[121.88068135226887,13.424411796872745],[121.88053455545503,13.424587277667811],[121.88049505501968,13.42505235845879],[121.88036851923876,13.425251191912457]]]}},{"type":"Feature","properties":{"Id":0,"CLN":"19868","PSGC":"174001005","Barangay":"Balagasan","Land_Class":"AGRICULTURAL","PIN":"030-01-006-01-014","Owner":"HRS. OF OLOROSO, EUGENIO","TaxDecNo":"04418"},"geometry":{"type":"Polygon","coordinates":[[[121.8808721580585,13.425728654721645],[121.88131260391324,13.42592335912214],[121.881303388999,13.425713952880548],[121.88134114866853,13.425624392475159],[121.88131478984536,13.425451465990038],[121.88123749205045,13.4252816366603],[121.88101265831364,13.425446801530546],[121.8808721580585,13.425728654721645]]]}},{"type":"Feature","properties":{"Id":0,"CLN":"19872","PSGC":"174001005","Barangay":"Balagasan","Land_Class":"AGRICULTURAL","PIN":"030-01-006-01-013","Owner":"MASCAREÑAS, VENANCIA M.","TaxDecNo":"04417"},"geometry":{"type":"Polygon","coordinates":[[[121.88134114866853,13.425624392475159],[121.88186450367678,13.425510400731026],[121.88174302549311,13.425350345305098],[121.88131478984536,13.425451465990038],[121.88134114866853,13.425624392475159]]]}},{"type":"Feature","properties":{"Id":0,"CLN":"19869","PSGC":"174001005","Barangay":"Balagasan","Land_Class":"AGRICULTURAL","PIN":"030-01-006-01-015","Owner":"HERNANDEZ, JOSE","TaxDecNo":"04419"},"geometry":{"type":"Polygon","coordinates":[[[121.88131260391324,13.42592335912214],[121.88169252676663,13.425991510386435],[121.88191746832575,13.425803082577739],[121.881303388999,13.425713952880548],[121.88131260391324,13.42592335912214]]]}},{"type":"Feature","properties":{"Id":0,"CLN":"19866","PSGC":"174001005","Barangay":"Balagasan","Land_Class":"AGRICULTURAL","PIN":"030-01-006-01-009","Owner":"MAPACPAC, BUENAVENTURA","TaxDecNo":"04413"},"geometry":{"type":"Polygon","coordinates":[[[121.88077245806218,13.425997395960144],[121.88131260391324,13.42592335912214],[121.8808721580585,13.425728654721645],[121.8807950149572,13.425720144387544],[121.88077245806218,13.425997395960144]]]}},{"type":"Feature","properties":{"Id":0,"CLN":"19867","PSGC":"174001005","Barangay":"Balagasan","Land_Class":"AGRICULTURAL","PIN":"030-01-006-01-010","Owner":"MALING, AIDA","TaxDecNo":"04414"},"geometry":{"type":"Polygon","coordinates":[[[121.8808721580585,13.425728654721645],[121.88101265831364,13.425446801530546],[121.88036851923876,13.425251191912457],[121.8803207286409,13.425307475005813],[121.87990765439739,13.425666032179937],[121.88007864205623,13.425655166793101],[121.88022006190597,13.42564652532489],[121.88034293688007,13.425643222768201],[121.8804752752781,13.425670692877285],[121.88063030403573,13.425701973596418],[121.8807950149572,13.425720144387544],[121.8808721580585,13.425728654721645]]]}},{"type":"Feature","properties":{"Id":0,"CLN":"17395","PSGC":"174001005","Barangay":"Balagasan","Land_Class":"AGRICULTURAL","PIN":"030-01-006-01-194","Owner":"MANALO, JANE M.","TaxDecNo":"04580"},"geometry":{"type":"Polygon","coordinates":[[[121.88229388568263,13.422636126192199],[121.882266281435,13.422730559118001],[121.88218385163547,13.422721223432587],[121.88220805172404,13.422629153194682],[121.88213993630747,13.422598011926912],[121.88122530415549,13.422814968834045],[121.8812270196345,13.422852412253729],[121.88252343843247,13.42297616665866],[121.88303771674288,13.423188621350777],[121.88311117653606,13.423100380374656],[121.88279493307097,13.422668201835421],[121.88270685026605,13.422555055512467],[121.88261112104345,13.422800859298787],[121.88245561850646,13.422740368737937],[121.88247573851957,13.422650899494577],[121.88229388568263,13.422636126192199]]]}},{"type":"Feature","properties":{"Id":0,"CLN":"17399","PSGC":"174001005","Barangay":"Balagasan","Land_Class":"AGRICULTURAL","PIN":"030-01-006-01-132","Owner":"MONTEJO, ROMULO","TaxDecNo":"04523"},"geometry":{"type":"Polygon","coordinates":[[[121.8827864019555,13.423598012927487],[121.88167996715691,13.423279574572243],[121.88178042577479,13.423377677763197],[121.88190643531073,13.423592183821041],[121.88213311039037,13.42395630632448],[121.88209530517277,13.424055836480663],[121.8826455542614,13.42399845753594],[121.8830743247715,13.423781022558186],[121.88298323143259,13.423657658225082],[121.8827864019555,13.423598012927487]]]}},{"type":"Feature","properties":{"Id":0,"CLN":"19871","PSGC":"174001005","Barangay":"Balagasan","Land_Class":"AGRICULTURAL","PIN":"030-01-006-01-012","Owner":"MASCAREÑAS, JUAN","TaxDecNo":"04416"},"geometry":{"type":"Polygon","coordinates":[[[121.88131478984536,13.425451465990038],[121.88174302549311,13.425350345305098],[121.88145726572964,13.424982017255903],[121.88123749205045,13.4252816366603],[121.88131478984536,13.425451465990038]]]}},{"type":"Feature","properties":{"Id":0,"CLN":"19865","PSGC":"174001005","Barangay":"Balagasan","Land_Class":"AGRICULTURAL","PIN":"030-01-006-01-008","Owner":"MAPACPAC, BUENAVENTURA","TaxDecNo":"04412"},"geometry":{"type":"Polygon","coordinates":[[[121.88062982535986,13.426006732285591],[121.88077245806218,13.425997395960144],[121.8807950149572,13.425720144387544],[121.88063030403573,13.425701973596418],[121.88062982535986,13.426006732285591]]]}},{"type":"Feature","properties":{"Id":0,"CLN":"19864","PSGC":"174001005","Barangay":"Balagasan","Land_Class":"AGRICULTURAL","PIN":"030-01-006-01-007","Owner":"MAPACPAC, BUENAVENTURA","TaxDecNo":"04411"},"geometry":{"type":"Polygon","coordinates":[[[121.88049410573034,13.425989513169274],[121.88062982535986,13.426006732285591],[121.88063030403573,13.425701973596418],[121.8804752752781,13.425670692877285],[121.88049410573034,13.425989513169274]]]}},{"type":"Feature","properties":{"Id":0,"CLN":"19863","PSGC":"174001005","Barangay":"Balagasan","Land_Class":"AGRICULTURAL","PIN":"030-01-006-01-006","Owner":"MAPACPAC, BUENAVENTURA","TaxDecNo":"04410"},"geometry":{"type":"Polygon","coordinates":[[[121.88037205440814,13.425981844162482],[121.88049410573034,13.425989513169274],[121.8804752752781,13.425670692877285],[121.88034293688007,13.425643222768201],[121.88037205440814,13.425981844162482]]]}},{"type":"Feature","properties":{"Id":0,"CLN":"19862","PSGC":"174001005","Barangay":"Balagasan","Land_Class":"AGRICULTURAL","PIN":"030-01-006-01-005","Owner":"MAPACPAC, BUENAVENTURA","TaxDecNo":"04409"},"geometry":{"type":"Polygon","coordinates":[[[121.88026133861733,13.42597200562697],[121.88037205440814,13.425981844162482],[121.88034293688007,13.425643222768201],[121.88022006190597,13.42564652532489],[121.88026133861733,13.42597200562697]]]}},{"type":"Feature","properties":{"Id":0,"CLN":"19861","PSGC":"174001005","Barangay":"Balagasan","Land_Class":"AGRICULTURAL","PIN":"030-01-006-01-004","Owner":"MAPACPAC, BUENAVENTURA","TaxDecNo":"04408"},"geometry":{"type":"Polygon","coordinates":[[[121.88010986903127,13.425975370672734],[121.88026133861733,13.42597200562697],[121.88022006190597,13.42564652532489],[121.88007864205623,13.425655166793101],[121.88010986903127,13.425975370672734]]]}},{"type":"Feature","properties":{"Id":0,"CLN":"17402","PSGC":"174001005","Barangay":"Balagasan","Land_Class":"AGRICULTURAL","PIN":"030-01-006-01-003","Owner":"MAPACPAC, BUENAVENTURA","TaxDecNo":"04407"},"geometry":{"type":"Polygon","coordinates":[[[121.8799444191936,13.425970867573515],[121.88010986903127,13.425975370672734],[121.88007864205623,13.425655166793101],[121.8799125367101,13.42566577634414],[121.8799444191936,13.425970867573515]]]}},{"type":"Feature","properties":{"Id":0,"CLN":"17401","PSGC":"174001005","Barangay":"Balagasan","Land_Class":"AGRICULTURAL","PIN":"030-01-006-01-002","Owner":"LINGON, FRANCISCO","TaxDecNo":"04406"},"geometry":{"type":"Polygon","coordinates":[[[121.87972848860169,13.425974639606137],[121.8799444191936,13.425970867573515],[121.8799125367101,13.42566577634414],[121.87990765439739,13.425666032179937],[121.8796861260449,13.42572840041712],[121.87972848860169,13.425974639606137]]]}},{"type":"Feature","properties":{"Id":0,"CLN":"17403","PSGC":"174001005","Barangay":"Balagasan","Land_Class":"AGRICULTURAL","PIN":"030-01-006-01-001","Owner":"LINGON, JUSTINA","TaxDecNo":"04405"},"geometry":{"type":"Polygon","coordinates":[[[121.87953454051907,13.425928825833966],[121.87972848860169,13.425974639606137],[121.8796861260449,13.42572840041712],[121.87950734240412,13.425713410404066],[121.87953454051907,13.425928825833966]]]}},{"type":"Feature","properties":{"Id":0,"CLN":"19874","PSGC":"174001005","Barangay":"Balagasan","Land_Class":"AGRICULTURAL","PIN":"030-01-006-01-018","Owner":"MONTEJO, EDITA","TaxDecNo":"04422"},"geometry":{"type":"Polygon","coordinates":[[[121.88318357950642,13.425993609286143],[121.88346160951389,13.42607127617514],[121.88360791372592,13.426002135794679],[121.88455652404434,13.425697272542985],[121.88445306952784,13.425166282154466],[121.88425145473863,13.425213188209565],[121.88382366209709,13.425438998436883],[121.88366544153234,13.425515563534612],[121.88318892464916,13.425595703204834],[121.88303087672392,13.42563488195765],[121.88318357950642,13.425993609286143]]]}},{"type":"Feature","properties":{"Id":0,"CLN":"19873","PSGC":"174001005","Barangay":"Balagasan","Land_Class":"AGRICULTURAL","PIN":"030-01-006-01-016","Owner":"CABALLES, JORGE","TaxDecNo":"04420"},"geometry":{"type":"Polygon","coordinates":[[[121.88237280747308,13.425881209219115],[121.88303087672392,13.42563488195765],[121.88318892464916,13.425595703204834],[121.88366544153234,13.425515563534612],[121.88382366209709,13.425438998436883],[121.88425145473863,13.425213188209565],[121.88445306952784,13.425166282154466],[121.88434118874275,13.424398113262667],[121.88370300938891,13.424381994699264],[121.8835914078884,13.424288449084873],[121.88350048308155,13.42412852977428],[121.88352452384437,13.424068817543679],[121.88328368869874,13.423823993826137],[121.88315631121858,13.423838384161854],[121.88300061468124,13.423919944988715],[121.88246247389887,13.424111970481205],[121.88203376644044,13.424148614843466],[121.88145726572964,13.424982017255903],[121.88174302549311,13.425350345305098],[121.88186450367678,13.425510400731026],[121.88134114866853,13.425624392475159],[121.881303388999,13.425713952880548],[121.88191746832575,13.425803082577739],[121.88237280747308,13.425881209219115]]]}},{"type":"Feature","properties":{"Id":0,"CLN":"19945","PSGC":"174001005","Barangay":"Balagasan","Land_Class":"AGRICULTURAL","PIN":"030-01-006-01-017","Owner":"MACAPUGAY, LEON","TaxDecNo":"04421"},"geometry":{"type":"Polygon","coordinates":[[[121.88318357950642,13.425993609286143],[121.88303087672392,13.42563488195765],[121.88237280747308,13.425881209219115],[121.88318357950642,13.425993609286143]]]}},{"type":"Feature","properties":{"Id":0,"CLN":"17292","PSGC":"174001005","Barangay":"Balagasan","Land_Class":"AGRICULTURAL","PIN":"030-01-006-02-031","Owner":"MACAPUGAY, LOIDA LOZANO","TaxDecNo":"04614"},"geometry":{"type":"Polygon","coordinates":[[[121.88462061255859,13.413687301946068],[121.88457820535726,13.413308341667298],[121.88315323106498,13.413451706566551],[121.8828837186179,13.414309146079345],[121.88290403642193,13.41513635949213],[121.88288080913145,13.415257239142504],[121.88287296728289,13.415391514793148],[121.88475530173288,13.41569997701606],[121.88509735275693,13.41582280185705],[121.88528215971625,13.415267008146495],[121.88523174020244,13.415117694121754],[121.88491970485207,13.414183153748128],[121.88476161413583,13.413964505105561],[121.88462061255859,13.413687301946068]]]}},{"type":"Feature","properties":{"Id":0,"CLN":"17293","PSGC":"174001005","Barangay":"Balagasan","Land_Class":"AGRICULTURAL","PIN":"030-01-006-02-032","Owner":"MANUBA, FEDERICO & MANUBA, ILUMINADA & MANUBA, JOSE","TaxDecNo":"01-03588"},"geometry":{"type":"Polygon","coordinates":[[[121.88321839166353,13.41316740313675],[121.88233661522067,13.413002115856571],[121.8819136160841,13.413987537661944],[121.88192245044654,13.414397199745911],[121.8814055093375,13.41481503374877],[121.88120902571369,13.415158043751811],[121.88141128988144,13.415257795031888],[121.88180779426045,13.415400932533556],[121.88154765169848,13.41621977893337],[121.88182022163326,13.416616849597897],[121.88195699747365,13.41670935254387],[121.882476933575,13.416708122561522],[121.88301534685382,13.415833955873621],[121.88287296728289,13.415391514793148],[121.88288080913145,13.415257239142504],[121.88290403642193,13.41513635949213],[121.8828837186179,13.414309146079345],[121.88315323106498,13.413451706566551],[121.88321839166353,13.41316740313675]]]}},{"type":"Feature","properties":{"Id":0,"CLN":"17296","PSGC":"174001005","Barangay":"Balagasan","Land_Class":"AGRICULTURAL","PIN":"030-01-006-02-034","Owner":"MAPACPAC, JUAN","TaxDecNo":"04616"},"geometry":{"type":"Polygon","coordinates":[[[121.88054385468622,13.416229463239825],[121.88113979096586,13.416189693977039],[121.88154765169848,13.41621977893337],[121.88180779426045,13.415400932533556],[121.88141128988144,13.415257795031888],[121.88120902571369,13.415158043751811],[121.8811586017949,13.415246070780755],[121.88054385468622,13.416229463239825]]]}},{"type":"Feature","properties":{"Id":0,"CLN":"17295","PSGC":"174001005","Barangay":"Balagasan","Land_Class":"AGRICULTURAL","PIN":"030-01-006-02-035","Owner":"MAPACPAC, CLEOTILDE","TaxDecNo":"04617"},"geometry":{"type":"Polygon","coordinates":[[[121.88120902571369,13.415158043751811],[121.88064889256374,13.414857890930799],[121.8801114825874,13.415255561482118],[121.87961325189693,13.416027399913109],[121.88041284354404,13.416451553971823],[121.88054385468622,13.416229463239825],[121.8811586017949,13.415246070780755],[121.88120902571369,13.415158043751811]]]}},{"type":"Feature","properties":{"Id":0,"CLN":"17302","PSGC":"174001005","Barangay":"Balagasan","Land_Class":"AGRICULTURAL","PIN":"030-01-006-02-033","Owner":"MANUBA, FEDERICO & MANUBA, ILUMINADA & MANUBA, JOSE","TaxDecNo":"04615"},"geometry":{"type":"Polygon","coordinates":[[[121.88128783440203,13.416967936693954],[121.88182355417739,13.416676950572857],[121.88182022163326,13.416616849597897],[121.88154765169848,13.41621977893337],[121.88113979096586,13.416189693977039],[121.88116213582431,13.416822465316487],[121.88128783440203,13.416967936693954]]]}},{"type":"Feature","properties":{"Id":0,"CLN":"17301","PSGC":"174001005","Barangay":"Balagasan","Land_Class":"AGRICULTURAL","PIN":"030-01-006-02-015","Owner":"CALAYO, JORGE ANTONIO P.","TaxDecNo":"04599"},"geometry":{"type":"Polygon","coordinates":[[[121.88021836211787,13.41683738226456],[121.88074921577973,13.417643207572633],[121.88093189941364,13.417665887928072],[121.88098611251404,13.417361942217058],[121.88128783440203,13.416967936693954],[121.88116213582431,13.416822465316487],[121.88113979096586,13.416189693977039],[121.88054385468622,13.416229463239825],[121.88041284354404,13.416451553971823],[121.88021836211787,13.41683738226456]]]}},{"type":"Feature","properties":{"Id":0,"CLN":"17304","PSGC":"174001005","Barangay":"Balagasan","Land_Class":"AGRICULTURAL","PIN":"030-01-006-02-021","Owner":"CONTRERAS, APOLONIA","TaxDecNo":"04605"},"geometry":{"type":"Polygon","coordinates":[[[121.88195699747365,13.41670935254387],[121.88215831109618,13.417170535368756],[121.88241425227855,13.417260031806158],[121.88259247725941,13.416978062935863],[121.882476933575,13.416708122561522],[121.88195699747365,13.41670935254387]]]}},{"type":"Feature","properties":{"Id":0,"CLN":"17308","PSGC":"174001005","Barangay":"Balagasan","Land_Class":"AGRICULTURAL","PIN":"030-01-006-02-030","Owner":"SANTOS, RAFAEL M.","TaxDecNo":"04613"},"geometry":{"type":"Polygon","coordinates":[[[121.88496658353255,13.41975417885783],[121.88502267982457,13.419575085201691],[121.88513771406866,13.41963202591056],[121.88571107244056,13.419528750295488],[121.88587708495524,13.41946952482768],[121.88597949241178,13.418715643913329],[121.88573209303264,13.418379466835809],[121.88590908392989,13.418238092029277],[121.88576825473791,13.418069472392189],[121.88585881583559,13.417987477254849],[121.88602800077634,13.41804058833477],[121.88605542471295,13.41799504108124],[121.88606748242083,13.417629548155213],[121.8856657118298,13.417028683562467],[121.88481099609389,13.416504110202602],[121.8847487070476,13.416559127268846],[121.88424961832452,13.416737178441311],[121.88387093429996,13.416643606177574],[121.8831468371599,13.41734103594898],[121.88317181708825,13.41740476728246],[121.88424129933465,13.418028036241449],[121.88405057860675,13.418670468430276],[121.88445753046409,13.418898476121441],[121.88435901643808,13.41912071278802],[121.8844599335327,13.419160038606382],[121.88428510723072,13.419487972126387],[121.88446342243513,13.419564285034376],[121.88462761980288,13.41963455583332],[121.88475099107072,13.419690397134278],[121.88479294778888,13.419702809791882],[121.88496658353255,13.41975417885783]]]}},{"type":"Feature","properties":{"Id":0,"CLN":"17309","PSGC":"174001005","Barangay":"Balagasan","Land_Class":"AGRICULTURAL","PIN":"030-01-006-02-023","Owner":"ESMILLA, AIMA M","TaxDecNo":"04607"},"geometry":{"type":"Polygon","coordinates":[[[121.88435901643808,13.41912071278802],[121.88445753046409,13.418898476121441],[121.88405057860675,13.418670468430276],[121.88424129933465,13.418028036241449],[121.88317181708825,13.41740476728246],[121.88287449262452,13.417675605551945],[121.88290379194527,13.417918563170433],[121.8829649036689,13.418425316482463],[121.8833920893152,13.418638401828893],[121.88408404128992,13.418983553547342],[121.88435901643808,13.41912071278802]]]}},{"type":"Feature","properties":{"Id":0,"CLN":"17310","PSGC":"174001005","Barangay":"Balagasan","Land_Class":"AGRICULTURAL","PIN":"030-01-006-02-020","Owner":"MASCAREÑAS, ROMEO","TaxDecNo":"04604"},"geometry":{"type":"Polygon","coordinates":[[[121.88192015780524,13.417918789824595],[121.88290379194527,13.417918563170433],[121.88287449262452,13.417675605551945],[121.88241425227855,13.417260031806158],[121.88215831109618,13.417170535368756],[121.88192015780524,13.417918789824595]]]}},{"type":"Feature","properties":{"Id":0,"CLN":"17311","PSGC":"174001005","Barangay":"Balagasan","Land_Class":"AGRICULTURAL","PIN":"030-01-006-02-019","Owner":"MASCAREÑAS, ENCARNACION","TaxDecNo":"04603"},"geometry":{"type":"Polygon","coordinates":[[[121.88171990798915,13.418278419016115],[121.88276205749273,13.418565797138777],[121.8829649036689,13.418425316482463],[121.88290379194527,13.417918563170433],[121.88192015780524,13.417918789824595],[121.88171990798915,13.418278419016115]]]}},{"type":"Feature","properties":{"Id":0,"CLN":"17303","PSGC":"174001005","Barangay":"Balagasan","Land_Class":"AGRICULTURAL","PIN":"030-01-006-02-016","Owner":"MAPACPAC, AVELINA","TaxDecNo":"04600"},"geometry":{"type":"Polygon","coordinates":[[[121.88114157752545,13.418413698378169],[121.8816000718907,13.41842633577443],[121.88171990798915,13.418278419016115],[121.88192015780524,13.417918789824595],[121.88215831109618,13.417170535368756],[121.88195699747365,13.41670935254387],[121.88182022163326,13.416616849597897],[121.88182355417739,13.416676950572857],[121.88128783440203,13.416967936693954],[121.88098611251404,13.417361942217058],[121.88093189941364,13.417665887928072],[121.8809772879076,13.41793052407242],[121.88114157752545,13.418413698378169]]]}},{"type":"Feature","properties":{"Id":0,"CLN":"17300","PSGC":"174001005","Barangay":"Balagasan","Land_Class":"AGRICULTURAL","PIN":"030-01-006-02-011","Owner":"MAPACPAC, FAUSTO","TaxDecNo":"04595"},"geometry":{"type":"Polygon","coordinates":[[[121.88074921577973,13.417643207572633],[121.88021836211787,13.41683738226456],[121.88004843098355,13.417174504420629],[121.87994059226556,13.417340953732134],[121.8797641171854,13.41724473889944],[121.87967187052483,13.417672001157207],[121.88015759340811,13.418041744531552],[121.88020346619928,13.418271689450762],[121.88025656021692,13.418501666430833],[121.88036798045326,13.418611730065493],[121.88046471282503,13.418774745650142],[121.88061390924133,13.418524459904773],[121.8807284729962,13.417955917058533],[121.8809772879076,13.41793052407242],[121.88093189941364,13.417665887928072],[121.88074921577973,13.417643207572633]]]}},{"type":"Feature","properties":{"Id":0,"CLN":"17349","PSGC":"174001005","Barangay":"Balagasan","Land_Class":"AGRICULTURAL","PIN":"030-01-006-02-010","Owner":"MAPACPAC, JUAN","TaxDecNo":"04594"},"geometry":{"type":"Polygon","coordinates":[[[121.88061390924133,13.418524459904773],[121.88077466485912,13.41849897905224],[121.88100792067296,13.418427243222627],[121.88114157752545,13.418413698378169],[121.8809772879076,13.41793052407242],[121.8807284729962,13.417955917058533],[121.88061390924133,13.418524459904773]]]}},{"type":"Feature","properties":{"Id":0,"CLN":"17298","PSGC":"174001005","Barangay":"Balagasan","Land_Class":"AGRICULTURAL","PIN":"030-01-006-02-012","Owner":"MAPACPAC, MARCELINA","TaxDecNo":"04596"},"geometry":{"type":"Polygon","coordinates":[[[121.87882009165261,13.418378645764006],[121.87910913437756,13.418337517010917],[121.87915265800481,13.41829529672661],[121.87924287317033,13.418306301146501],[121.8797268376076,13.418276641375588],[121.88015759340811,13.418041744531552],[121.87967187052483,13.417672001157207],[121.8797641171854,13.41724473889944],[121.87994059226556,13.417340953732134],[121.88004843098355,13.417174504420629],[121.87975122866838,13.416639477886454],[121.87926062235476,13.416814829777907],[121.87944601108158,13.417324618647521],[121.87931202699421,13.417408850764847],[121.87903161650641,13.417146053007487],[121.87869500083735,13.418102400224951],[121.87882009165261,13.418378645764006]]]}},{"type":"Feature","properties":{"Id":0,"CLN":"17299","PSGC":"174001005","Barangay":"Balagasan","Land_Class":"AGRICULTURAL","PIN":"030-01-006-02-013","Owner":"LINGON, SILVINO","TaxDecNo":"04597"},"geometry":{"type":"Polygon","coordinates":[[[121.87903161650641,13.417146053007487],[121.87931202699421,13.417408850764847],[121.87944601108158,13.417324618647521],[121.87926062235476,13.416814829777907],[121.87903161650641,13.417146053007487]]]}},{"type":"Feature","properties":{"Id":0,"CLN":"17356","PSGC":"174001005","Barangay":"Balagasan","Land_Class":"AGRICULTURAL","PIN":"030-01-006-02-004","Owner":"LUCI, ANGELITO","TaxDecNo":"04589"},"geometry":{"type":"Polygon","coordinates":[[[121.87936412465658,13.418632012108613],[121.88020346619928,13.418271689450762],[121.88015759340811,13.418041744531552],[121.8797268376076,13.418276641375588],[121.87924287317033,13.418306301146501],[121.87936412465658,13.418632012108613]]]}},{"type":"Feature","properties":{"Id":0,"CLN":"17355","PSGC":"174001005","Barangay":"Balagasan","Land_Class":"AGRICULTURAL","PIN":"030-01-006-02-047","Owner":"MACAPUGAY, NANCY M.","TaxDecNo":"04629"},"geometry":{"type":"Polygon","coordinates":[[[121.87998552635037,13.41856954030172],[121.87994047581049,13.418384589565859],[121.87936412465658,13.418632012108613],[121.87945529531665,13.418863519392952],[121.87998552635037,13.41856954030172]]]}},{"type":"Feature","properties":{"Id":0,"CLN":"17357","PSGC":"174001005","Barangay":"Balagasan","Land_Class":"AGRICULTURAL","PIN":"030-01-006-02-003","Owner":"TAN, PILAR","TaxDecNo":"04588"},"geometry":{"type":"Polygon","coordinates":[[[121.87854683799726,13.418907602391153],[121.87880537307264,13.419216251714413],[121.8790645154989,13.41939412780767],[121.8791218914258,13.419479210358732],[121.87957467407037,13.419166654108574],[121.87936412465658,13.418632012108613],[121.87924287317033,13.418306301146501],[121.87915265800481,13.41829529672661],[121.87910913437756,13.418337517010917],[121.87882009165261,13.418378645764006],[121.87854683799726,13.418907602391153]]]}},{"type":"Feature","properties":{"Id":0,"CLN":"17354","PSGC":"174001005","Barangay":"Balagasan","Land_Class":"AGRICULTURAL","PIN":"030-01-006-02-006","Owner":"LINGA, TEODISIA","TaxDecNo":"04590"},"geometry":{"type":"Polygon","coordinates":[[[121.87980816606007,13.419425708520954],[121.88015300695437,13.419031378559238],[121.88036798045326,13.418611730065493],[121.88025656021692,13.418501666430833],[121.8800342344177,13.418949558008004],[121.87977996957076,13.419277135118708],[121.87980816606007,13.419425708520954]]]}},{"type":"Feature","properties":{"Id":0,"CLN":"17353","PSGC":"174001005","Barangay":"Balagasan","Land_Class":"AGRICULTURAL","PIN":"030-01-006-02-007","Owner":"LINGA, ESTELITA","TaxDecNo":"04591"},"geometry":{"type":"Polygon","coordinates":[[[121.87986514901209,13.419595616682242],[121.88026808709002,13.419130855062786],[121.88046471282503,13.418774745650142],[121.88036798045326,13.418611730065493],[121.88015300695437,13.419031378559238],[121.87980816606007,13.419425708520954],[121.87986514901209,13.419595616682242]]]}},{"type":"Feature","properties":{"Id":0,"CLN":"17351","PSGC":"174001005","Barangay":"Balagasan","Land_Class":"AGRICULTURAL","PIN":"030-01-006-02-008","Owner":"MAPACPAC, JUAN","TaxDecNo":"04592"},"geometry":{"type":"Polygon","coordinates":[[[121.88026808709002,13.419130855062786],[121.88096268639336,13.419417725648493],[121.88099959155021,13.41910178739113],[121.88080849091627,13.41870002935014],[121.88067447721312,13.41872641881762],[121.8807368586999,13.41886161731951],[121.88061841794189,13.418926624900704],[121.88046471282503,13.418774745650142],[121.88026808709002,13.419130855062786]]]}},{"type":"Feature","properties":{"Id":0,"CLN":"17350","PSGC":"174001005","Barangay":"Balagasan","Land_Class":"AGRICULTURAL","PIN":"030-01-006-02-009","Owner":"MAPACPAC, TIBURCIO","TaxDecNo":"04593"},"geometry":{"type":"Polygon","coordinates":[[[121.88099959155021,13.41910178739113],[121.8810840341484,13.4190148395289],[121.88126124004275,13.419015625813365],[121.88130367231271,13.418781628689125],[121.88118589660351,13.41870304435342],[121.88114157752545,13.418413698378169],[121.88100792067296,13.418427243222627],[121.88077466485912,13.41849897905224],[121.88061390924133,13.418524459904773],[121.88046471282503,13.418774745650142],[121.88061841794189,13.418926624900704],[121.8807368586999,13.41886161731951],[121.88067447721312,13.41872641881762],[121.88080849091627,13.41870002935014],[121.88099959155021,13.41910178739113]]]}},{"type":"Feature","properties":{"Id":0,"CLN":"17348","PSGC":"174001005","Barangay":"Balagasan","Land_Class":"AGRICULTURAL","PIN":"030-01-006-02-017","Owner":"LANDIG, ADORACION","TaxDecNo":"04601"},"geometry":{"type":"Polygon","coordinates":[[[121.88131590959685,13.419328115535865],[121.88191132954384,13.418946229822359],[121.88175669763014,13.418534996833886],[121.8816000718907,13.41842633577443],[121.88114157752545,13.418413698378169],[121.88118589660351,13.41870304435342],[121.88130367231271,13.418781628689125],[121.88126124004275,13.419015625813365],[121.88131590959685,13.419328115535865]]]}},{"type":"Feature","properties":{"Id":0,"CLN":"17312","PSGC":"174001005","Barangay":"Balagasan","Land_Class":"AGRICULTURAL","PIN":"030-01-006-02-018","Owner":"OLORES, POLICARPIO","TaxDecNo":"04602"},"geometry":{"type":"Polygon","coordinates":[[[121.88199816666867,13.419328250371342],[121.88264619929723,13.419065134439897],[121.88276851993844,13.418799687994117],[121.88276205749273,13.418565797138777],[121.88171990798915,13.418278419016115],[121.8816000718907,13.41842633577443],[121.88175669763014,13.418534996833886],[121.88191132954384,13.418946229822359],[121.88199816666867,13.419328250371342]]]}},{"type":"Feature","properties":{"Id":0,"CLN":"17313","PSGC":"174001005","Barangay":"Balagasan","Land_Class":"AGRICULTURAL","PIN":"030-01-006-02-024","Owner":"LINGA, FILOMENO","TaxDecNo":"04608"},"geometry":{"type":"Polygon","coordinates":[[[121.88276851993844,13.418799687994117],[121.88311878881721,13.419058554642522],[121.8833920893152,13.418638401828893],[121.8829649036689,13.418425316482463],[121.88276205749273,13.418565797138777],[121.88276851993844,13.418799687994117]]]}},{"type":"Feature","properties":{"Id":0,"CLN":"17314","PSGC":"174001005","Barangay":"Balagasan","Land_Class":"AGRICULTURAL","PIN":"030-01-006-02-026","Owner":"MAYACYAC, NONITA","TaxDecNo":"04610"},"geometry":{"type":"Polygon","coordinates":[[[121.88370155188835,13.419497703389935],[121.8837997366449,13.419342014356527],[121.88408404128992,13.418983553547342],[121.8833920893152,13.418638401828893],[121.88311878881721,13.419058554642522],[121.88331002714264,13.419218416505188],[121.88370155188835,13.419497703389935]]]}},{"type":"Feature","properties":{"Id":0,"CLN":"17325","PSGC":"174001005","Barangay":"Balagasan","Land_Class":"AGRICULTURAL","PIN":"030-01-006-01-075","Owner":"LABAY, CONCORDIA M.","TaxDecNo":"04471"},"geometry":{"type":"Polygon","coordinates":[[[121.88429754899747,13.420269395186867],[121.88451408524915,13.420067970681691],[121.88437269355612,13.419986392057467],[121.8842430756909,13.41991353900224],[121.88405759617649,13.419785506235895],[121.88395169954809,13.419692519773044],[121.88377815433861,13.41953851903036],[121.88363927583374,13.41966875122886],[121.88360017309935,13.419705419461462],[121.8837590579309,13.419836225986165],[121.88392104329093,13.419935243170414],[121.88429754899747,13.420269395186867]]]}},{"type":"Feature","properties":{"Id":0,"CLN":"17340","PSGC":"174001005","Barangay":"Balagasan","Land_Class":"AGRICULTURAL","PIN":"030-01-006-01-075","Owner":"LABAY, CONCORDIA M.","TaxDecNo":"04471"},"geometry":{"type":"Polygon","coordinates":[[[121.88363927583374,13.41966875122886],[121.88377815433861,13.41953851903036],[121.88370155188835,13.419497703389935],[121.88331002714264,13.419218416505188],[121.88317638752315,13.419376839471571],[121.88363927583374,13.41966875122886]]]}},{"type":"Feature","properties":{"Id":0,"CLN":"17342","PSGC":"174001005","Barangay":"Balagasan","Land_Class":"AGRICULTURAL","PIN":"030-01-006-02-025","Owner":"MATRE, JOSE","TaxDecNo":"04609"},"geometry":{"type":"Polygon","coordinates":[[[121.88317638752315,13.419376839471571],[121.88331002714264,13.419218416505188],[121.88311878881721,13.419058554642522],[121.88276851993844,13.418799687994117],[121.88264619929723,13.419065134439897],[121.88317638752315,13.419376839471571]]]}},{"type":"Feature","properties":{"Id":0,"CLN":"17343","PSGC":"174001005","Barangay":"Balagasan","Land_Class":"AGRICULTURAL","PIN":"030-01-006-01-126","Owner":"MAPACPAC, ELMER","TaxDecNo":"04519"},"geometry":{"type":"Polygon","coordinates":[[[121.88289426033832,13.419710966436638],[121.88317638752315,13.419376839471571],[121.88264619929723,13.419065134439897],[121.88199816666867,13.419328250371342],[121.88196785637764,13.419495804301864],[121.88224152302307,13.419713855991244],[121.88289426033832,13.419710966436638]]]}},{"type":"Feature","properties":{"Id":0,"CLN":"17341","PSGC":"174001005","Barangay":"Balagasan","Land_Class":"AGRICULTURAL","PIN":"030-01-006-01-076","Owner":"OLORES, POLICARPIO","TaxDecNo":"04472"},"geometry":{"type":"Polygon","coordinates":[[[121.88346086696554,13.419811776250228],[121.88360017309935,13.419705419461462],[121.88363927583374,13.41966875122886],[121.88317638752315,13.419376839471571],[121.88289426033832,13.419710966436638],[121.88304739825469,13.419807053773129],[121.88346086696554,13.419811776250228]]]}},{"type":"Feature","properties":{"Id":0,"CLN":"17347","PSGC":"174001005","Barangay":"Balagasan","Land_Class":"AGRICULTURAL","PIN":"030-01-006-01-128","Owner":"CALAYO, JOSELITO APOLINARIO","TaxDecNo":"04520"},"geometry":{"type":"Polygon","coordinates":[[[121.88141291323156,13.420065796148354],[121.88196785637764,13.419495804301866],[121.88199816666867,13.419328250371345],[121.88191132954384,13.418946229822359],[121.88131590959685,13.419328115535862],[121.88141291323156,13.420065796148354]]]}},{"type":"Feature","properties":{"Id":0,"CLN":"17346","PSGC":"174001005","Barangay":"Balagasan","Land_Class":"AGRICULTURAL","PIN":"030-01-006-01-125","Owner":"NERI, ZENAIDA","TaxDecNo":"04518"},"geometry":{"type":"Polygon","coordinates":[[[121.88144117608424,13.420340583388079],[121.88174447128578,13.420538528841984],[121.88214510580933,13.419852381995454],[121.88224152302307,13.419713855991244],[121.88196785637764,13.419495804301864],[121.88141291323156,13.420065796148364],[121.88144117608424,13.420340583388079]]]}},{"type":"Feature","properties":{"Id":0,"CLN":"17366","PSGC":"174001005","Barangay":"Balagasan","Land_Class":"AGRICULTURAL","PIN":"030-01-006-01-124","Owner":"MALING, MICHAEL M.","TaxDecNo":"30322"},"geometry":{"type":"Polygon","coordinates":[[[121.88279567142543,13.42123128953243],[121.88297067419062,13.42107015897357],[121.8826737387607,13.420773943000675],[121.88240115161577,13.420960661404237],[121.88245713355315,13.420989821338594],[121.88279567142543,13.42123128953243]]]}},{"type":"Feature","properties":{"Id":0,"CLN":"17367","PSGC":"174001005","Barangay":"Balagasan","Land_Class":"AGRICULTURAL","PIN":"030-01-006-01-122","Owner":"NERI, JOSE","TaxDecNo":"04515"},"geometry":{"type":"Polygon","coordinates":[[[121.8826205079598,13.421427113376513],[121.88279567142543,13.42123128953243],[121.88245713355315,13.420989821338594],[121.88240600193886,13.421189085972218],[121.88249983058579,13.421336951970854],[121.8826205079598,13.421427113376513]]]}},{"type":"Feature","properties":{"Id":0,"CLN":"17370","PSGC":"174001005","Barangay":"Balagasan","Land_Class":"AGRICULTURAL","PIN":"030-01-006-01-121","Owner":"BUENAVENTURA, PURIFICASION","TaxDecNo":"04514"},"geometry":{"type":"Polygon","coordinates":[[[121.8827645056083,13.421583875177449],[121.88293658194156,13.421416949341364],[121.88314416639707,13.42123572477767],[121.88297067419062,13.42107015897357],[121.88279567142543,13.42123128953243],[121.8826205079598,13.421427113376513],[121.8827645056083,13.421583875177449]]]}},{"type":"Feature","properties":{"Id":0,"CLN":"17371","PSGC":"174001005","Barangay":"Balagasan","Land_Class":"AGRICULTURAL","PIN":"030-01-006-01-120","Owner":"MAPACPAC, JUAN","TaxDecNo":"04513"},"geometry":{"type":"Polygon","coordinates":[[[121.88308361347106,13.421556377346198],[121.88324689601642,13.421374956427474],[121.88324709648828,13.421331589634214],[121.88320795279657,13.421295132821834],[121.88314416639707,13.42123572477767],[121.88293658194156,13.421416949341364],[121.88308361347106,13.421556377346198]]]}},{"type":"Feature","properties":{"Id":0,"CLN":"17372","PSGC":"174001005","Barangay":"Balagasan","Land_Class":"AGRICULTURAL","PIN":"030-01-006-01-120","Owner":"MAPACPAC, JUAN","TaxDecNo":"04513"},"geometry":{"type":"Polygon","coordinates":[[[121.8829381316909,13.421720529943146],[121.88308361347106,13.421556377346198],[121.88293658194156,13.421416949341364],[121.8827645056083,13.421583875177449],[121.8829381316909,13.421720529943146]]]}},{"type":"Feature","properties":{"Id":0,"CLN":"17373","PSGC":"174001005","Barangay":"Balagasan","Land_Class":"AGRICULTURAL","PIN":"030-01-006-01-098","Owner":"MAPACPAC, TIBURCIO","TaxDecNo":"04492"},"geometry":{"type":"Polygon","coordinates":[[[121.88302620005678,13.422475517714046],[121.88337301298547,13.422205283351147],[121.88370215777313,13.421923405498372],[121.88341094025988,13.421667692091635],[121.88352672672298,13.421538101837188],[121.88345349141422,13.421407674449155],[121.88343613682018,13.421388431406157],[121.88330950674595,13.421248021893359],[121.88320795279657,13.421295132821834],[121.88324709648828,13.421331589634214],[121.88324689601642,13.421374956427474],[121.88308361347106,13.421556377346198],[121.8829381316909,13.421720529943146],[121.88284904638024,13.421824217614216],[121.88262249860666,13.421635287026692],[121.8824353201963,13.421874425119555],[121.8823729897294,13.42194064589231],[121.88239049653006,13.421986982349539],[121.88241664973873,13.422079615982328],[121.88242218216674,13.422160593488064],[121.88253391923207,13.422268062391439],[121.88264294363776,13.422323478024405],[121.88278118192433,13.422448411359051],[121.88292635678135,13.422350754641892],[121.88302620005678,13.422475517714046]]]}},{"type":"Feature","properties":{"Id":0,"CLN":"17375","PSGC":"174001005","Barangay":"Balagasan","Land_Class":"AGRICULTURAL","PIN":"030-01-006-01-092","Owner":"MACAPUGAY, CIRIACO","TaxDecNo":"04486"},"geometry":{"type":"Polygon","coordinates":[[[121.88360226150373,13.422449157696553],[121.88398467577073,13.42214438594636],[121.88377678227312,13.421981775494514],[121.88370215777313,13.421923405498372],[121.88337301298547,13.422205283351147],[121.88360226150373,13.422449157696553]]]}},{"type":"Feature","properties":{"Id":0,"CLN":"17378","PSGC":"174001005","Barangay":"Balagasan","Land_Class":"AGRICULTURAL","PIN":"030-01-006-01-095","Owner":"MACAPUGAY, CRISTINA","TaxDecNo":"04489"},"geometry":{"type":"Polygon","coordinates":[[[121.88327005543684,13.422754151212544],[121.88360226150373,13.422449157696553],[121.88337301298547,13.422205283351147],[121.88302620005678,13.422475517714046],[121.88327005543684,13.422754151212544]]]}},{"type":"Feature","properties":{"Id":0,"CLN":"17376","PSGC":"174001005","Barangay":"Balagasan","Land_Class":"AGRICULTURAL","PIN":"030-01-006-01-093","Owner":"MACAPUGAY, ESTEBAN","TaxDecNo":"04487"},"geometry":{"type":"Polygon","coordinates":[[[121.88382277027767,13.422666972555197],[121.88427573423627,13.422434792217114],[121.88407595295484,13.42220550477227],[121.88398467577073,13.42214438594636],[121.88360226150373,13.422449157696553],[121.88382277027767,13.422666972555197]]]}},{"type":"Feature","properties":{"Id":0,"CLN":"17377","PSGC":"174001005","Barangay":"Balagasan","Land_Class":"AGRICULTURAL","PIN":"030-01-006-01-094","Owner":"MACAPUGAY, LEON","TaxDecNo":"04488"},"geometry":{"type":"Polygon","coordinates":[[[121.88354946007254,13.423009812528848],[121.88382277027767,13.422666972555197],[121.88360226150373,13.422449157696553],[121.88327005543684,13.422754151212544],[121.88354946007254,13.423009812528848]]]}},{"type":"Feature","properties":{"Id":0,"CLN":"17379","PSGC":"174001005","Barangay":"Balagasan","Land_Class":"AGRICULTURAL","PIN":"030-01-006-01-096","Owner":"MAPACPAC, JUAN","TaxDecNo":"04490"},"geometry":{"type":"Polygon","coordinates":[[[121.88343007786996,13.42327816336931],[121.88354946007254,13.423009812528848],[121.88327005543684,13.422754151212544],[121.88302620005678,13.422475517714046],[121.88279493307097,13.422668201835421],[121.88317061224932,13.423181605057698],[121.88343007786996,13.42327816336931]]]}},{"type":"Feature","properties":{"Id":0,"CLN":"17380","PSGC":"174001005","Barangay":"Balagasan","Land_Class":"AGRICULTURAL","PIN":"030-01-006-01-098","Owner":"MAPACPAC, TIBURCIO","TaxDecNo":"04492"},"geometry":{"type":"Polygon","coordinates":[[[121.88279493307097,13.422668201835421],[121.88302620005678,13.422475517714046],[121.88292635678135,13.422350754641892],[121.88278118192433,13.422448411359051],[121.88270685026605,13.422555055512467],[121.88279493307097,13.422668201835421]]]}},{"type":"Feature","properties":{"Id":0,"CLN":"17315","PSGC":"174001005","Barangay":"Balagasan","Land_Class":"AGRICULTURAL","PIN":"030-01-006-02-027","Owner":"MAYACYAC, NONITA","TaxDecNo":"04611"},"geometry":{"type":"Polygon","coordinates":[[[121.88395169954809,13.419692519773044],[121.88435901643808,13.41912071278802],[121.88408404128992,13.418983553547342],[121.8837997366449,13.419342014356527],[121.88370155188835,13.419497703389935],[121.88377815433861,13.41953851903036],[121.88395169954809,13.419692519773044]]]}},{"type":"Feature","properties":{"Id":0,"CLN":"17316","PSGC":"174001005","Barangay":"Balagasan","Land_Class":"AGRICULTURAL","PIN":"030-01-006-01-073","Owner":"MALAJACAN, LORENZO","TaxDecNo":"04469"},"geometry":{"type":"Polygon","coordinates":[[[121.88405759617649,13.419785506235895],[121.88415846612796,13.419653590786632],[121.88428510723072,13.419487972126387],[121.8844599335327,13.419160038606382],[121.88435901643808,13.41912071278802],[121.88395169954809,13.419692519773044],[121.88405759617649,13.419785506235895]]]}},{"type":"Feature","properties":{"Id":0,"CLN":"17317","PSGC":"174001005","Barangay":"Balagasan","Land_Class":"RESIDENTIAL","PIN":"030-01-006-01-072","Owner":"OLORES, MODESTA","TaxDecNo":"04468"},"geometry":{"type":"Polygon","coordinates":[[[121.88433238662482,13.41976070166466],[121.88443027744071,13.419668617029673],[121.88446342243513,13.419564285034376],[121.88428510723072,13.419487972126387],[121.88415846612796,13.419653590786632],[121.88433238662482,13.41976070166466]]]}},{"type":"Feature","properties":{"Id":0,"CLN":"17319","PSGC":"174001005","Barangay":"Balagasan","Land_Class":"RESIDENTIAL","PIN":"030-01-006-01-068","Owner":"OLORES, MODESTA","TaxDecNo":"04464"},"geometry":{"type":"Polygon","coordinates":[[[121.88443027744071,13.419668617029673],[121.88455408178946,13.41972120600407],[121.88462761980288,13.41963455583332],[121.88446342243513,13.419564285034376],[121.88443027744071,13.419668617029673]]]}},{"type":"Feature","properties":{"Id":0,"CLN":"17320","PSGC":"174001005","Barangay":"Balagasan","Land_Class":"RESIDENTIAL","PIN":"030-01-006-01-069","Owner":"OLORES, MODESTA","TaxDecNo":"04465"},"geometry":{"type":"Polygon","coordinates":[[[121.88446189765294,13.419856683639209],[121.88455408178946,13.41972120600407],[121.88443027744071,13.419668617029673],[121.88433238662482,13.41976070166466],[121.88446189765294,13.419856683639209]]]}},{"type":"Feature","properties":{"Id":0,"CLN":"17322","PSGC":"174001005","Barangay":"Balagasan","Land_Class":"RESIDENTIAL","PIN":"030-01-006-01-067","Owner":"OLORES, POLICARPIO","TaxDecNo":"04463"},"geometry":{"type":"Polygon","coordinates":[[[121.88475099107072,13.419690397134278],[121.88462761980288,13.41963455583332],[121.88455408178946,13.41972120600407],[121.88446189765294,13.419856683639209],[121.88437269355612,13.419986392057467],[121.88451408524915,13.420067970681691],[121.88475061543177,13.419771776523563],[121.88479294778888,13.419702809791882],[121.88475099107072,13.419690397134278]]]}},{"type":"Feature","properties":{"Id":0,"CLN":"17323","PSGC":"174001005","Barangay":"Balagasan","Land_Class":"AGRICULTURAL","PIN":"030-01-006-01-074","Owner":"LINGA, FELINO","TaxDecNo":"04470"},"geometry":{"type":"Polygon","coordinates":[[[121.8848475440767,13.42026198979847],[121.88522267617721,13.419892391011004],[121.88496658353255,13.41975417885783],[121.88479294778888,13.419702809791882],[121.88475061543177,13.419771776523563],[121.88451408524915,13.420067970681691],[121.88464065640967,13.420161048392764],[121.8846994121772,13.420117653422915],[121.88474877646863,13.420170166443237],[121.8848475440767,13.42026198979847]]]}},{"type":"Feature","properties":{"Id":0,"CLN":"17321","PSGC":"174001005","Barangay":"Balagasan","Land_Class":"RESIDENTIAL","PIN":"030-01-006-01-070","Owner":"OLORES, MODESTA","TaxDecNo":"04466"},"geometry":{"type":"Polygon","coordinates":[[[121.88437269355612,13.419986392057467],[121.88446189765294,13.419856683639209],[121.88433238662482,13.41976070166466],[121.8842430756909,13.41991353900224],[121.88437269355612,13.419986392057467]]]}},{"type":"Feature","properties":{"Id":0,"CLN":"17318","PSGC":"174001005","Barangay":"Balagasan","Land_Class":"RESIDENTIAL","PIN":"030-01-006-01-071","Owner":"OLORES, MODESTA","TaxDecNo":"04467"},"geometry":{"type":"Polygon","coordinates":[[[121.8842430756909,13.41991353900224],[121.88433238662482,13.41976070166466],[121.88415846612796,13.419653590786632],[121.88405759617649,13.419785506235895],[121.8842430756909,13.41991353900224]]]}},{"type":"Feature","properties":{"Id":0,"CLN":"19924","PSGC":"174001005","Barangay":"Balagasan","Land_Class":"RESIDENTIAL","PIN":"030-01-006-01-065","Owner":"COLIGADO, FELICITAS DE MESA","TaxDecNo":"04461"},"geometry":{"type":"Polygon","coordinates":[[[121.88429754899747,13.420269395186867],[121.88452782467338,13.420290652337727],[121.88464065640967,13.420161048392764],[121.88451408524915,13.420067970681691],[121.88429754899747,13.420269395186867]]]}},{"type":"Feature","properties":{"Id":0,"CLN":"17374","PSGC":"174001005","Barangay":"Balagasan","Land_Class":"RESIDENTIAL","PIN":"030-01-006-01-091","Owner":"DE MESA, FELICITAS","TaxDecNo":"04485"},"geometry":{"type":"Polygon","coordinates":[[[121.88377678227312,13.421981775494514],[121.88413591508404,13.421373110513885],[121.88377731579193,13.420998560943007],[121.88371513285914,13.421032979777701],[121.88360902210574,13.420986251067424],[121.88353924688641,13.42104829541166],[121.88343107969808,13.421144477908513],[121.88355456385592,13.421266454286961],[121.88343613682018,13.421388431406157],[121.88345349141422,13.421407674449155],[121.88352672672298,13.421538101837188],[121.88341094025988,13.421667692091635],[121.88370215777313,13.421923405498372],[121.88377678227312,13.421981775494514]]]}},{"type":"Feature","properties":{"Id":0,"CLN":"17324","PSGC":"174001005","Barangay":"Balagasan","Land_Class":"AGRICULTURAL","PIN":"030-01-006-01-157","Owner":"MALAJACAN, CONSORCIA","TaxDecNo":"04544"},"geometry":{"type":"Polygon","coordinates":[[[121.88450444271047,13.42129965845771],[121.88428243498994,13.421155743492513],[121.88413591508404,13.421373110513885],[121.88377678227312,13.421981775494514],[121.88398467577073,13.42214438594636],[121.88407595295484,13.42220550477227],[121.88427573423627,13.422434792217114],[121.88439391335574,13.42242664169474],[121.8846288399145,13.422080739653207],[121.88475312601874,13.422029248268899],[121.8848125069613,13.421992981836784],[121.88475398024997,13.421844216530932],[121.88449611749218,13.421400725162712],[121.88450444271047,13.42129965845771]]]}},{"type":"Feature","properties":{"Id":0,"CLN":"17334","PSGC":"174001005","Barangay":"Balagasan","Land_Class":"AGRICULTURAL","PIN":"030-01-006-01-086","Owner":"MASCAREÑAS, ROMEO","TaxDecNo":"04480"},"geometry":{"type":"Polygon","coordinates":[[[121.8835738077365,13.420936945088473],[121.88371593152081,13.420793198373273],[121.88361920734874,13.42071289903605],[121.88355080005464,13.420656218129935],[121.88343280899478,13.420783630288481],[121.88348571064702,13.42084024256039],[121.8835738077365,13.420936945088473]]]}},{"type":"Feature","properties":{"Id":0,"CLN":"17333","PSGC":"174001005","Barangay":"Balagasan","Land_Class":"AGRICULTURAL","PIN":"030-01-006-01-084","Owner":"MACAPUGAY, AMPARO","TaxDecNo":"04479"},"geometry":{"type":"Polygon","coordinates":[[[121.88371593152081,13.420793198373273],[121.88399648695231,13.420520735918988],[121.88391913342282,13.420450216059038],[121.88390181614069,13.420434428635001],[121.88361920734874,13.42071289903605],[121.88371593152081,13.420793198373273]]]}},{"type":"Feature","properties":{"Id":0,"CLN":"17330","PSGC":"174001005","Barangay":"Balagasan","Land_Class":"AGRICULTURAL","PIN":"030-01-006-01-082","Owner":"MASCAREÑAS, IRENE","TaxDecNo":"04477"},"geometry":{"type":"Polygon","coordinates":[[[121.88361920734874,13.42071289903605],[121.88390181614069,13.420434428635001],[121.88391913342282,13.420450216059038],[121.8840263118273,13.420337402399964],[121.8839426192791,13.420232949480017],[121.88351781419135,13.420604030835461],[121.88355080005464,13.420656218129935],[121.88361920734874,13.42071289903605]]]}},{"type":"Feature","properties":{"Id":0,"CLN":"17329","PSGC":"174001005","Barangay":"Balagasan","Land_Class":"AGRICULTURAL","PIN":"030-01-006-01-083","Owner":"CRUZADO, JULIETA","TaxDecNo":"04478"},"geometry":{"type":"Polygon","coordinates":[[[121.88399648695231,13.420520735918988],[121.88412258772617,13.420421853429671],[121.8840263118273,13.420337402399964],[121.88391913342282,13.420450216059038],[121.88399648695231,13.420520735918988]]]}},{"type":"Feature","properties":{"Id":0,"CLN":"17332","PSGC":"174001005","Barangay":"Balagasan","Land_Class":"AGRICULTURAL","PIN":"030-01-006-01-077","Owner":"LINGA, FILOMENO","TaxDecNo":"04473"},"geometry":{"type":"Polygon","coordinates":[[[121.88377810673539,13.420108985447085],[121.88385264406524,13.420018383857949],[121.88392104329093,13.419935243170414],[121.8837590579309,13.419836225986165],[121.88360017309935,13.419705419461462],[121.88346086696554,13.419811776250228],[121.88350789050666,13.419875409725813],[121.88377810673539,13.420108985447085]]]}},{"type":"Feature","properties":{"Id":0,"CLN":"17338","PSGC":"174001005","Barangay":"Balagasan","Land_Class":"AGRICULTURAL","PIN":"030-01-006-01-088","Owner":"MATRE, CIRILO","TaxDecNo":"04482"},"geometry":{"type":"Polygon","coordinates":[[[121.88336067308988,13.42057514592224],[121.88338955945068,13.420555758397427],[121.88342960142415,13.420519073198733],[121.88353658704617,13.420376433605155],[121.8833401658053,13.420219440074266],[121.88321124978415,13.420314277991592],[121.88321761439953,13.42037502094098],[121.88315758651198,13.420422459496226],[121.88328561060872,13.420520603859849],[121.88336067308988,13.42057514592224]]]}},{"type":"Feature","properties":{"Id":0,"CLN":"17339","PSGC":"174001005","Barangay":"Balagasan","Land_Class":"AGRICULTURAL","PIN":"030-01-006-01-089","Owner":"HRS. OF JIMENA, VICTOR","TaxDecNo":"04483"},"geometry":{"type":"Polygon","coordinates":[[[121.88322096207438,13.42060922126133],[121.88328561060872,13.420520603859849],[121.88315758651198,13.420422459496226],[121.88321761439953,13.42037502094098],[121.88321124978415,13.420314277991592],[121.8833401658053,13.420219440074266],[121.88353658704617,13.420376433605155],[121.88377810673539,13.420108985447085],[121.88350789050666,13.419875409725813],[121.88346086696554,13.419811776250228],[121.88304739825469,13.419807053773129],[121.88264464883073,13.420212021977143],[121.88285781770789,13.420579423466297],[121.88296571544926,13.420718678104494],[121.8830897304552,13.420725732678532],[121.88322096207438,13.42060922126133]]]}},{"type":"Feature","properties":{"Id":0,"CLN":"17344","PSGC":"174001005","Barangay":"Balagasan","Land_Class":"AGRICULTURAL","PIN":"030-01-006-01-090","Owner":"MACAPUGAY, LEON","TaxDecNo":"04484"},"geometry":{"type":"Polygon","coordinates":[[[121.88304739825469,13.419807053773129],[121.88289426033832,13.419710966436638],[121.88224152302307,13.419713855991244],[121.88214510580933,13.419852381995454],[121.8826737387607,13.420773943000675],[121.88297067419062,13.42107015897357],[121.88314416639707,13.42123572477767],[121.88320795279657,13.421295132821834],[121.88330950674595,13.421248021893359],[121.88343613682018,13.421388431406157],[121.88355456385592,13.421266454286961],[121.88343107969808,13.421144477908513],[121.88353924688641,13.42104829541166],[121.88339006080793,13.420926554325817],[121.88348571064702,13.42084024256039],[121.88343280899478,13.420783630288481],[121.88330790262967,13.420680797606119],[121.88322096207438,13.42060922126133],[121.8830897304552,13.420725732678532],[121.88296571544926,13.420718678104494],[121.88285781770789,13.420579423466297],[121.88264464883073,13.420212021977143],[121.88304739825469,13.419807053773129]]]}},{"type":"Feature","properties":{"Id":0,"CLN":"17336","PSGC":"174001005","Barangay":"Balagasan","Land_Class":"AGRICULTURAL","PIN":"030-01-006-01-086","Owner":"MASCAREÑAS, ROMEO","TaxDecNo":"04480"},"geometry":{"type":"Polygon","coordinates":[[[121.88343280899478,13.420783630288481],[121.88355080005464,13.420656218129935],[121.88351781419135,13.420604030835461],[121.88342960142415,13.420519073198733],[121.88338955945068,13.420555758397427],[121.88336067308988,13.42057514592224],[121.88330790262967,13.420680797606119],[121.88343280899478,13.420783630288481]]]}},{"type":"Feature","properties":{"Id":0,"CLN":"17394","PSGC":"174001005","Barangay":"Balagasan","Land_Class":"AGRICULTURAL","PIN":"030-01-006-01-100","Owner":"MASCAREÑAS, LORENZO","TaxDecNo":"04494"},"geometry":{"type":"Polygon","coordinates":[[[121.88220805172404,13.422629153194686],[121.88234966498705,13.4222728812583],[121.88236790749454,13.422160206201344],[121.88206090706181,13.422124150845852],[121.88209857969036,13.422280441491806],[121.88210355006818,13.42248284595856],[121.88113713860783,13.42257814353652],[121.88122530415549,13.422814968834041],[121.88213993630747,13.422598011926905],[121.88220805172404,13.422629153194686]]]}},{"type":"Feature","properties":{"Id":0,"CLN":"17381","PSGC":"174001005","Barangay":"Balagasan","Land_Class":"AGRICULTURAL","PIN":"030-01-006-01-099","Owner":"LIM, RICARDO","TaxDecNo":"04493"},"geometry":{"type":"Polygon","coordinates":[[[121.88220805172404,13.422629153194682],[121.88247573851957,13.422650899494577],[121.88253391923207,13.422268062391439],[121.88242218216674,13.422160593488064],[121.88236790749454,13.422160206201342],[121.88234966498705,13.422272881258298],[121.88220805172404,13.422629153194682]]]}},{"type":"Feature","properties":{"Id":0,"CLN":"17393","PSGC":"174001005","Barangay":"Balagasan","Land_Class":"AGRICULTURAL","PIN":"030-01-006-01-101","Owner":"LIM, RICARDO","TaxDecNo":"04495"},"geometry":{"type":"Polygon","coordinates":[[[121.88030999425709,13.42204506458096],[121.88069097863897,13.422545323712686],[121.88113713860783,13.42257814353652],[121.88210355006818,13.42248284595856],[121.88209857969036,13.422280441491806],[121.88206090706181,13.422124150845852],[121.88194568157223,13.422132313378611],[121.88188113344354,13.422039509422566],[121.88109788837646,13.422160354925488],[121.88075544662958,13.422124140689087],[121.88055258170903,13.421923748782934],[121.88030999425709,13.42204506458096]]]}},{"type":"Feature","properties":{"Id":0,"CLN":"17391","PSGC":"174001005","Barangay":"Balagasan","Land_Class":"AGRICULTURAL","PIN":"030-01-006-01-104","Owner":"LIM, DANILO L.","TaxDecNo":"04498"},"geometry":{"type":"Polygon","coordinates":[[[121.88089793640793,13.42196864973287],[121.8810987186335,13.421981105655565],[121.88112049095085,13.421744125793158],[121.88091386895519,13.421717188096473],[121.88089793640793,13.42196864973287]]]}},{"type":"Feature","properties":{"Id":0,"CLN":"17390","PSGC":"174001005","Barangay":"Balagasan","Land_Class":"AGRICULTURAL","PIN":"030-01-006-01-105","Owner":"LANDIG, EMILIANA","TaxDecNo":"04499"},"geometry":{"type":"Polygon","coordinates":[[[121.8810987186335,13.421981105655565],[121.88130257485926,13.421967554468662],[121.8813182659983,13.421768132889559],[121.88112049095085,13.421744125793158],[121.8810987186335,13.421981105655565]]]}},{"type":"Feature","properties":{"Id":0,"CLN":"17388","PSGC":"174001005","Barangay":"Balagasan","Land_Class":"AGRICULTURAL","PIN":"030-01-006-01-107","Owner":"LANDIG, MANUELA","TaxDecNo":"04501"},"geometry":{"type":"Polygon","coordinates":[[[121.88148864333637,13.42196838008093],[121.8816924058671,13.421975066401195],[121.88171980348254,13.421798826120412],[121.88148948667747,13.421786239666615],[121.88148864333637,13.42196838008093]]]}},{"type":"Feature","properties":{"Id":0,"CLN":"17387","PSGC":"174001005","Barangay":"Balagasan","Land_Class":"AGRICULTURAL","PIN":"030-01-006-01-108","Owner":"MAPACPAC, PACENCIA","TaxDecNo":"04502"},"geometry":{"type":"Polygon","coordinates":[[[121.8816924058671,13.421975066401195],[121.88182537885497,13.421961200343102],[121.88189046221017,13.421938359588296],[121.8819117252641,13.421811242084681],[121.88171980348254,13.421798826120412],[121.8816924058671,13.421975066401195]]]}},{"type":"Feature","properties":{"Id":0,"CLN":"17382","PSGC":"174001005","Barangay":"Balagasan","Land_Class":"AGRICULTURAL","PIN":"030-01-006-01-111","Owner":"LANDIG, FELIPE","TaxDecNo":"04505"},"geometry":{"type":"Polygon","coordinates":[[[121.88241664973873,13.422079615982328],[121.88239049653006,13.421986982349539],[121.88223291736975,13.421971681157375],[121.88225031712521,13.422041146569585],[121.88241664973873,13.422079615982328]]]}},{"type":"Feature","properties":{"Id":0,"CLN":"17389","PSGC":"174001005","Barangay":"Balagasan","Land_Class":"AGRICULTURAL","PIN":"030-01-006-01-106","Owner":"LANDIG, TEODOSIA","TaxDecNo":"04500"},"geometry":{"type":"Polygon","coordinates":[[[121.88130257485926,13.421967554468662],[121.88148864333637,13.42196838008093],[121.88148948667747,13.421786239666615],[121.8813182659983,13.421768132889559],[121.88130257485926,13.421967554468662]]]}},{"type":"Feature","properties":{"Id":0,"CLN":"17369","PSGC":"174001005","Barangay":"Balagasan","Land_Class":"AGRICULTURAL","PIN":"030-01-006-01-142","Owner":"LARDIZABAL, EMILIO","TaxDecNo":"04530"},"geometry":{"type":"Polygon","coordinates":[[[121.8823949964157,13.421664698665236],[121.88252890944882,13.421754856094704],[121.88262249860666,13.421635287026692],[121.88272181201683,13.421537397194742],[121.8826205079598,13.421427113376513],[121.8823949964157,13.421664698665236]]]}},{"type":"Feature","properties":{"Id":0,"CLN":"17368","PSGC":"174001005","Barangay":"Balagasan","Land_Class":"AGRICULTURAL","PIN":"030-01-006-01-117","Owner":"HRS. OF NERI, BENITO","TaxDecNo":"04511"},"geometry":{"type":"Polygon","coordinates":[[[121.88213084369299,13.421690784327495],[121.88249983058579,13.421336951970854],[121.88240600193886,13.421189085972218],[121.88229418513951,13.421098963758737],[121.881981260623,13.421464609159466],[121.88193965791979,13.421519357035692],[121.88213084369299,13.421690784327495]]]}},{"type":"Feature","properties":{"Id":0,"CLN":"17385","PSGC":"174001005","Barangay":"Balagasan","Land_Class":"AGRICULTURAL","PIN":"030-01-006-01-109","Owner":"LIM, RICARDO","TaxDecNo":"04503"},"geometry":{"type":"Polygon","coordinates":[[[121.88200026235945,13.421826090622972],[121.88206271330321,13.421733849882932],[121.88087637127938,13.42152331281059],[121.88079960805881,13.421517189688783],[121.88080707100096,13.421710376160423],[121.88091386895519,13.421717188096483],[121.88112049095085,13.421744125793158],[121.8813182659983,13.421768132889563],[121.88148948667745,13.421786239666622],[121.88171980348254,13.421798826120405],[121.8819117252641,13.421811242084676],[121.88200026235945,13.421826090622972]]]}},{"type":"Feature","properties":{"Id":0,"CLN":"17384","PSGC":"174001005","Barangay":"Balagasan","Land_Class":"AGRICULTURAL","PIN":"030-01-006-01-112","Owner":"MASCAREÑAS, JUANA","TaxDecNo":"04506"},"geometry":{"type":"Polygon","coordinates":[[[121.88087637127938,13.42152331281059],[121.88206271330321,13.421733849882932],[121.88200026235945,13.421826090622972],[121.88223291736975,13.421971681157375],[121.88239049653006,13.421986982349539],[121.8823729897294,13.42194064589231],[121.8824353201963,13.421874425119555],[121.88213084369299,13.421690784327495],[121.88193965791979,13.421519357035692],[121.881981260623,13.421464609159466],[121.88094412800721,13.42139354420484],[121.88085337308046,13.421387325418397],[121.88087637127938,13.42152331281059]]]}},{"type":"Feature","properties":{"Id":0,"CLN":"17362","PSGC":"174001005","Barangay":"Balagasan","Land_Class":"AGRICULTURAL","PIN":"030-01-006-01-113","Owner":"LIM, RICARDO","TaxDecNo":"04507"},"geometry":{"type":"Polygon","coordinates":[[[121.88094412800721,13.42139354420484],[121.881981260623,13.421464609159466],[121.88193985847444,13.421359549513065],[121.88132612757653,13.421346055931448],[121.88132659614645,13.421244866813387],[121.88134493271949,13.421111954028802],[121.8810260798613,13.421084518459553],[121.88093402719174,13.421191083421636],[121.88094412800721,13.42139354420484]]]}},{"type":"Feature","properties":{"Id":0,"CLN":"17364","PSGC":"174001005","Barangay":"Balagasan","Land_Class":"AGRICULTURAL","PIN":"030-01-006-01-114","Owner":"MARQUEZ, LOURDES","TaxDecNo":"04508"},"geometry":{"type":"Polygon","coordinates":[[[121.88132612757653,13.421346055931448],[121.88193985847444,13.421359549513065],[121.88189638699815,13.421249238768008],[121.88132659614645,13.421244866813387],[121.88132612757653,13.421346055931448]]]}},{"type":"Feature","properties":{"Id":0,"CLN":"17360","PSGC":"174001005","Barangay":"Balagasan","Land_Class":"AGRICULTURAL","PIN":"030-01-006-01-129","Owner":"MONTEJO, ELIZABETH & MONTEJO, ZENAIDA & MONTEJO, DELIA","TaxDecNo":"04521"},"geometry":{"type":"Polygon","coordinates":[[[121.8810260798613,13.421084518459548],[121.88134493271949,13.421111954028802],[121.8818294603492,13.421079409321148],[121.8820294977502,13.420854931246755],[121.88201843314866,13.420692976226643],[121.88174447128578,13.420538528841991],[121.88144117608424,13.420340583388079],[121.88125646739232,13.420266695278421],[121.88079182749212,13.42025692335749],[121.88044999583215,13.420089644942266],[121.8802066663273,13.419911238881078],[121.87987555476664,13.419687559373568],[121.87988136192136,13.42042635070368],[121.88023470364631,13.420659214340544],[121.88037668365861,13.420613586061268],[121.88055034570512,13.42052954934973],[121.88089214233055,13.42070453732374],[121.8810576784738,13.42067443282263],[121.8810260798613,13.421084518459548]]]}},{"type":"Feature","properties":{"Id":0,"CLN":"17352","PSGC":"174001005","Barangay":"Balagasan","Land_Class":"AGRICULTURAL","PIN":"030-01-006-01-128","Owner":"CALAYO, JOSELITO APOLINARIO","TaxDecNo":"04520"},"geometry":{"type":"Polygon","coordinates":[[[121.87987555476664,13.419687559373568],[121.8802066663273,13.419911238881078],[121.88044999583215,13.420089644942266],[121.88079182749212,13.42025692335749],[121.88125646739232,13.420266695278421],[121.88144117608424,13.420340583388079],[121.88141291323156,13.420065796148354],[121.88131590959685,13.419328115535862],[121.88126124004275,13.41901562581337],[121.8810840341484,13.419014839528904],[121.88099959155021,13.419101787391128],[121.88096268639336,13.419417725648499],[121.88026808709002,13.419130855062793],[121.87986514901209,13.419595616682242],[121.87987555476664,13.419687559373568]]]}},{"type":"Feature","properties":{"Id":0,"CLN":"17359","PSGC":"174001005","Barangay":"Balagasan","Land_Class":"AGRICULTURAL","PIN":"030-01-006-02-001","Owner":"MACAPUGAY, ESTEBAN","TaxDecNo":"04586"},"geometry":{"type":"Polygon","coordinates":[[[121.87851973315826,13.420227552762963],[121.87870796637104,13.420398005555144],[121.87942502694038,13.420324095521172],[121.87988136192136,13.420426350703693],[121.87987555476664,13.419687559373562],[121.87969108663523,13.419757429394384],[121.87941357762689,13.419612875489454],[121.8791218914258,13.419479210358732],[121.8790645154989,13.41939412780767],[121.87880537307264,13.419216251714413],[121.87854683799726,13.418907602391153],[121.87832654142015,13.419428729144101],[121.87851973315826,13.420227552762963]]]}},{"type":"Feature","properties":{"Id":0,"CLN":"17294","PSGC":"174001005","Barangay":"Balagasan","Land_Class":"AGRICULTURAL","PIN":"030-01-006-02-036","Owner":"MACAPUGAY, CASIMIRO","TaxDecNo":"04618"},"geometry":{"type":"Polygon","coordinates":[[[121.88120902571369,13.415158043751811],[121.8814055093375,13.41481503374877],[121.88192245044654,13.414397199745911],[121.8819136160841,13.413987537661944],[121.88137917501481,13.414142348705907],[121.88141742790944,13.414222867447227],[121.8812625789809,13.414297803371278],[121.88064889256374,13.414857890930799],[121.88120902571369,13.415158043751811]]]}},{"type":"Feature","properties":{"Id":0,"CLN":"17305","PSGC":"174001005","Barangay":"Balagasan","Land_Class":"AGRICULTURAL","PIN":"030-01-006-02-022","Owner":"MAPACPAC, ABUNDIO","TaxDecNo":"04606"},"geometry":{"type":"Polygon","coordinates":[[[121.88241425227855,13.417260031806158],[121.88287449262452,13.417675605551945],[121.88317181708825,13.41740476728246],[121.8831468371599,13.41734103594898],[121.88387093429996,13.416643606177574],[121.88342438494503,13.416390681122019],[121.88301534685382,13.415833955873621],[121.882476933575,13.416708122561522],[121.88259247725941,13.416978062935863],[121.88241425227855,13.417260031806158]]]}},{"type":"Feature","properties":{"Id":0,"CLN":"17358","PSGC":"174001005","Barangay":"Balagasan","Land_Class":"AGRICULTURAL","PIN":"030-01-006-02-002","Owner":"MATRE, BERNARDO","TaxDecNo":"04587"},"geometry":{"type":"Polygon","coordinates":[[[121.8791218914258,13.419479210358732],[121.87941357762689,13.419612875489454],[121.87969108663523,13.419757429394384],[121.87987555476664,13.419687559373562],[121.87986514901209,13.419595616682242],[121.87980816606007,13.419425708520954],[121.87977996957076,13.419277135118708],[121.87957467407037,13.419166654108574],[121.8791218914258,13.419479210358732]]]}},{"type":"Feature","properties":{"Id":0,"CLN":"17327","PSGC":"174001005","Barangay":"Balagasan","Land_Class":"RESIDENTIAL","PIN":"030-01-006-01-079","Owner":"CRUZADO, ISIDRA","TaxDecNo":"04475"},"geometry":{"type":"Polygon","coordinates":[[[121.88412258772617,13.420421853429671],[121.8842263190452,13.420344250652342],[121.88412196120827,13.420251090353155],[121.8840263118273,13.420337402399964],[121.88412258772617,13.420421853429671]]]}},{"type":"Feature","properties":{"Id":0,"CLN":"17328","PSGC":"174001005","Barangay":"Balagasan","Land_Class":"RESIDENTIAL","PIN":"030-01-006-01-080","Owner":"CRUZADO, ISIDRA","TaxDecNo":"04476"},"geometry":{"type":"Polygon","coordinates":[[[121.8840263118273,13.420337402399964],[121.88412196120827,13.420251090353155],[121.88401829280404,13.42015522258656],[121.8839426192791,13.420232949480017],[121.8840263118273,13.420337402399964]]]}},{"type":"Feature","properties":{"Id":0,"CLN":"17331","PSGC":"174001005","Barangay":"Balagasan","Land_Class":"AGRICULTURAL","PIN":"030-01-006-01-082","Owner":"MASCAREÑAS, IRENE","TaxDecNo":"04477"},"geometry":{"type":"Polygon","coordinates":[[[121.88351781419135,13.420604030835461],[121.8839426192791,13.420232949480017],[121.88401829280404,13.42015522258656],[121.88385264406524,13.420018383857949],[121.88377810673539,13.420108985447085],[121.88353658704617,13.420376433605155],[121.88342960142415,13.420519073198733],[121.88351781419135,13.420604030835461]]]}},{"type":"Feature","properties":{"Id":0,"CLN":"17383","PSGC":"174001005","Barangay":"Balagasan","Land_Class":"AGRICULTURAL","PIN":"030-01-006-01-110","Owner":"LANDIG, TEOFILA","TaxDecNo":"04504"},"geometry":{"type":"Polygon","coordinates":[[[121.88203181389986,13.422028612971037],[121.88225031712521,13.422041146569585],[121.88223291736975,13.421971681157375],[121.88200026235945,13.421826090622972],[121.8820026270961,13.421953312921252],[121.88203181389986,13.422028612971037]]]}},{"type":"Feature","properties":{"Id":0,"CLN":"17386","PSGC":"174001005","Barangay":"Balagasan","Land_Class":"AGRICULTURAL","PIN":"030-01-006-01-102","Owner":"LIM, RICARDO L.","TaxDecNo":"04496"},"geometry":{"type":"Polygon","coordinates":[[[121.88055258170903,13.421923748782923],[121.88075544662958,13.422124140689096],[121.88109788837646,13.422160354925486],[121.88188113344354,13.422039509422564],[121.88194568157223,13.422132313378611],[121.88206090706176,13.422124150845866],[121.88236790749454,13.422160206201342],[121.88242218216674,13.422160593488064],[121.88241664973873,13.422079615982328],[121.88225031712521,13.422041146569585],[121.88203181389986,13.422028612971037],[121.8820026270961,13.421953312921252],[121.88200026235945,13.421826090622972],[121.8819117252641,13.421811242084676],[121.88189046221017,13.421938359588301],[121.88182537885497,13.421961200343103],[121.8816924058671,13.421975066401199],[121.88148864333637,13.421968380080937],[121.88130257485929,13.421967554468667],[121.8810987186335,13.421981105655561],[121.88089793640793,13.421968649732868],[121.88055258170903,13.421923748782923]]]}},{"type":"Feature","properties":{"Id":0,"CLN":"17365","PSGC":"174001005","Barangay":"Balagasan","Land_Class":"AGRICULTURAL","PIN":"030-01-006-01-115","Owner":"FR. LANDIG, RICHARD L.","TaxDecNo":"04509"},"geometry":{"type":"Polygon","coordinates":[[[121.881981260623,13.421464609159466],[121.88229418513951,13.421098963758737],[121.88234766839334,13.421029812588534],[121.8820294977502,13.420854931246762],[121.8818294603492,13.421079409321145],[121.88189638699815,13.421249238768008],[121.88193985847444,13.421359549513065],[121.881981260623,13.421464609159466]]]}},{"type":"Feature","properties":{"Id":0,"CLN":"17363","PSGC":"174001005","Barangay":"Balagasan","Land_Class":"AGRICULTURAL","PIN":"030-01-006-01-116","Owner":"MASCAREÑAS, MARIA","TaxDecNo":"04510"},"geometry":{"type":"Polygon","coordinates":[[[121.88132659614645,13.421244866813387],[121.88189638699815,13.421249238768008],[121.8818294603492,13.421079409321145],[121.88134493271949,13.421111954028802],[121.88132659614645,13.421244866813387]]]}},{"type":"Feature","properties":{"Id":0,"CLN":"17297","PSGC":"174001005","Barangay":"Balagasan","Land_Class":"AGRICULTURAL","PIN":"030-01-006-02-014","Owner":"MAPACPAC, DEMETRIA","TaxDecNo":"04598"},"geometry":{"type":"Polygon","coordinates":[[[121.88004843098355,13.417174504420629],[121.88021836211787,13.41683738226456],[121.88041284354404,13.416451553971823],[121.87961325189693,13.416027399913109],[121.87975122866838,13.416639477886454],[121.88004843098355,13.417174504420629]]]}},{"type":"Feature","properties":{"Id":0,"CLN":"17306","PSGC":"174001005","Barangay":"Balagasan","Land_Class":"AGRICULTURAL","PIN":"030-01-006-02-030","Owner":"SANTOS, RAFAEL M.","TaxDecNo":"04613"},"geometry":{"type":"Polygon","coordinates":[[[121.88631749945017,13.41680582947713],[121.88631943962075,13.416384811980787],[121.88509735275693,13.41582280185705],[121.88475530173288,13.41569997701606],[121.88287296728289,13.415391514793148],[121.88301534685382,13.415833955873621],[121.88342438494503,13.416390681122019],[121.88387093429996,13.416643606177574],[121.88424961832452,13.416737178441311],[121.8847487070476,13.416559127268846],[121.88481099609389,13.416504110202602],[121.8856657118298,13.417028683562467],[121.88631749945017,13.41680582947713]]]}},{"type":"Feature","properties":{"Id":0,"CLN":"17345","PSGC":"174001005","Barangay":"Balagasan","Land_Class":"AGRICULTURAL","PIN":"030-01-006-01-124","Owner":"MALING, MICHAEL M.","TaxDecNo":"30322"},"geometry":{"type":"Polygon","coordinates":[[[121.88240600193886,13.421189085972218],[121.88245713355315,13.420989821338594],[121.88240115161577,13.420960661404237],[121.8826737387607,13.420773943000675],[121.88214510580933,13.419852381995454],[121.88174447128578,13.420538528841984],[121.88201843314866,13.42069297622664],[121.8820294977502,13.420854931246762],[121.88234766839334,13.421029812588534],[121.88229418513951,13.421098963758737],[121.88240600193886,13.421189085972218]]]}},{"type":"Feature","properties":{"Id":0,"CLN":"17335","PSGC":"174001005","Barangay":"Balagasan","Land_Class":"RESIDENTIAL","PIN":"030-01-006-01-143","Owner":"MAPACPAC, ABUNDIO","TaxDecNo":"04531"},"geometry":{"type":"Polygon","coordinates":[[[121.88353924688639,13.421048295411671],[121.88360902210574,13.420986251067417],[121.8835738077365,13.420936945088476],[121.88348571064702,13.420840242560383],[121.88339006080793,13.420926554325812],[121.88353924688639,13.421048295411671]]]}},{"type":"Feature","properties":{"Id":0,"CLN":"17361","PSGC":"174001005","Barangay":"Balagasan","Land_Class":"AGRICULTURAL","PIN":"030-01-006-01-130","Owner":"MASCAREÑAS, JUANA & MASCAREÑAS, PETRA & MASCAREÑAS, PRUDENCIA & MASCAREÑAS, LUIS","TaxDecNo":"04522"},"geometry":{"type":"Polygon","coordinates":[[[121.88000031033789,13.42191551348018],[121.88030999425709,13.422045064580969],[121.88055258170903,13.421923748782923],[121.8806215563807,13.421698543300218],[121.88080707100096,13.421710376160423],[121.88079960805881,13.421517189688783],[121.88087637127938,13.42152331281059],[121.88085337308046,13.421387325418397],[121.88094412800721,13.42139354420484],[121.88093402719174,13.421191083421636],[121.8810260798613,13.421084518459553],[121.8810576784738,13.420674432822635],[121.88089214233055,13.42070453732374],[121.88055034570512,13.420529549349727],[121.88037668365861,13.420613586061268],[121.88023470364628,13.420659214340548],[121.88018279579104,13.420813179856943],[121.88020862818203,13.42118722003996],[121.88000031033789,13.42191551348018]]]}},{"type":"Feature","properties":{"Id":0,"CLN":"17307","PSGC":"174001005","Barangay":"Balagasan","Land_Class":"AGRICULTURAL","PIN":"030-01-006-03-042","Owner":"HRS. OF MERCADER, CELESTINO","TaxDecNo":"04667"},"geometry":{"type":"Polygon","coordinates":[[[121.88558103233773,13.41526832889059],[121.88523174020244,13.415117694121754],[121.88528215971625,13.415267008146495],[121.88509735275693,13.41582280185705],[121.88631943962075,13.416384811980787],[121.88646628399565,13.416157107253605],[121.88653957456995,13.416071798410773],[121.88686905284732,13.415759267213504],[121.88630814871249,13.415671158594112],[121.88558103233773,13.41526832889059]]]}},{"type":"Feature","properties":{"Id":0,"CLN":"17249","PSGC":"174001005","Barangay":"Balagasan","Land_Class":"AGRICULTURAL","PIN":"030-01-006-03-047","Owner":"MACAPUGAY, FRANCISCO","TaxDecNo":"04672"},"geometry":{"type":"Polygon","coordinates":[[[121.88528979547145,13.412534466257842],[121.88614774808879,13.412509532259733],[121.8861850761765,13.412354954486725],[121.88652307094489,13.412085277192604],[121.88664265921761,13.412064536813538],[121.88639785744134,13.41188058436526],[121.8857027887494,13.411845612945587],[121.8852593352231,13.412016457793262],[121.88528979547145,13.412534466257842]]]}},{"type":"Feature","properties":{"Id":0,"CLN":"17244","PSGC":"174001005","Barangay":"Balagasan","Land_Class":"AGRICULTURAL","PIN":"030-01-006-04-018","Owner":"MAYACYAC, JOSEFA","TaxDecNo":"04733"},"geometry":{"type":"Polygon","coordinates":[[[121.88585892844866,13.41125965515501],[121.8852263650472,13.411019366171672],[121.88484543471036,13.411177194038611],[121.88475456876371,13.411251231000373],[121.88422296794663,13.411693334248785],[121.88475801770423,13.412367825505637],[121.88487668648366,13.412546471072197],[121.88528979547145,13.412534466257842],[121.8852593352231,13.412016457793262],[121.8857027887494,13.411845612945587],[121.88585892844866,13.41125965515501]]]}},{"type":"Feature","properties":{"Id":0,"CLN":"17247","PSGC":"174001005","Barangay":"Balagasan","Land_Class":"AGRICULTURAL","PIN":"030-01-006-04-017","Owner":"HRS OF EMILIA & ENRIQUE LANDIG","TaxDecNo":"04732"},"geometry":{"type":"Polygon","coordinates":[[[121.8857027887494,13.411845612945587],[121.88639785744134,13.41188058436526],[121.88664265921761,13.412064536813538],[121.88691097387928,13.412182695870376],[121.88688447228087,13.41189552606824],[121.88715710567291,13.411665437273285],[121.88694935648698,13.411369424624626],[121.88642691976167,13.411000242908457],[121.88620288708204,13.411291691533126],[121.88606156148664,13.411314994275683],[121.88601781662118,13.411378605677331],[121.88592862791658,13.411285163533764],[121.88585892844866,13.41125965515501],[121.8857027887494,13.411845612945587]]]}},{"type":"Feature","properties":{"Id":0,"CLN":"17245","PSGC":"174001005","Barangay":"Balagasan","Land_Class":"AGRICULTURAL","PIN":"030-01-006-04-021","Owner":"MIRAMBIL, MARIZA L.","TaxDecNo":"04736"},"geometry":{"type":"Polygon","coordinates":[[[121.8852263650472,13.411019366171672],[121.88585892844866,13.41125965515501],[121.88592862791658,13.411285163533764],[121.88601781662118,13.411378605677331],[121.88606156148664,13.411314994275683],[121.88620288708204,13.411291691533126],[121.88642691976167,13.411000242908457],[121.88637179673684,13.41049606168636],[121.88582614901101,13.410449787026499],[121.88572497899136,13.410746430187372],[121.8854747798147,13.410675538822375],[121.8852263650472,13.411019366171672]]]}},{"type":"Feature","properties":{"Id":0,"CLN":"17242","PSGC":"174001005","Barangay":"Balagasan","Land_Class":"AGRICULTURAL","PIN":"030-01-006-04-020","Owner":"LANDIG, ARSENIO","TaxDecNo":"04735"},"geometry":{"type":"Polygon","coordinates":[[[121.8854747798147,13.410675538822375],[121.88522324160259,13.409790690255326],[121.88496522597275,13.40981124840727],[121.88475958878252,13.409827632960704],[121.88452763587786,13.409841923594541],[121.884762090389,13.410791879778568],[121.88484543471036,13.411177194038611],[121.8852263650472,13.411019366171672],[121.8854747798147,13.410675538822375]]]}},{"type":"Feature","properties":{"Id":0,"CLN":"17243","PSGC":"174001005","Barangay":"Balagasan","Land_Class":"AGRICULTURAL","PIN":"030-01-006-04-022","Owner":"LANDIG, GREGORIO","TaxDecNo":"04737"},"geometry":{"type":"Polygon","coordinates":[[[121.8854747798147,13.410675538822375],[121.88572497899136,13.410746430187372],[121.88582614901101,13.410449787026499],[121.88558929387777,13.409717868650315],[121.88522324160259,13.409790690255326],[121.8854747798147,13.410675538822375]]]}},{"type":"Feature","properties":{"Id":0,"CLN":"17229","PSGC":"174001005","Barangay":"Balagasan","Land_Class":"AGRICULTURAL","PIN":"030-01-006-04-023","Owner":"LANDIG, TEOFILA","TaxDecNo":"04738"},"geometry":{"type":"Polygon","coordinates":[[[121.88582614901101,13.410449787026499],[121.88637179673684,13.41049606168636],[121.88648826558894,13.410292534045515],[121.88622454841872,13.409373293195396],[121.88615914402557,13.409422630257405],[121.88598875043972,13.409467959085118],[121.88589061107066,13.409549053821573],[121.88577433456265,13.409637157816878],[121.88558929387777,13.409717868650315],[121.88582614901101,13.410449787026499]]]}},{"type":"Feature","properties":{"Id":0,"CLN":"17228","PSGC":"174001005","Barangay":"Balagasan","Land_Class":"AGRICULTURAL","PIN":"030-01-006-04-024","Owner":"LANDIG, FRANCISCO","TaxDecNo":"04739"},"geometry":{"type":"Polygon","coordinates":[[[121.88648826558894,13.410292534045515],[121.88691978817067,13.410156194896281],[121.88669490355203,13.40945335234736],[121.8864195697877,13.409484039626435],[121.88634405371918,13.409370275982639],[121.88622454841872,13.409373293195396],[121.88648826558894,13.410292534045515]]]}},{"type":"Feature","properties":{"Id":0,"CLN":"17227","PSGC":"174001005","Barangay":"Balagasan","Land_Class":"AGRICULTURAL","PIN":"030-01-006-04-025","Owner":"LANDIG, ARSENIO","TaxDecNo":"04740"},"geometry":{"type":"Polygon","coordinates":[[[121.88691978817067,13.410156194896281],[121.88722810221691,13.410040579801986],[121.88710161672117,13.40919992821625],[121.88693114183855,13.40926298084298],[121.88679687565438,13.409326193098094],[121.88669490355203,13.40945335234736],[121.88691978817067,13.410156194896281]]]}},{"type":"Feature","properties":{"Id":0,"CLN":"17226","PSGC":"174001005","Barangay":"Balagasan","Land_Class":"AGRICULTURAL","PIN":"030-01-006-04-026","Owner":"LANDIG, MANUELA","TaxDecNo":"04741"},"geometry":{"type":"Polygon","coordinates":[[[121.88722810221691,13.410040579801986],[121.88755093216211,13.40991793891064],[121.88760124879646,13.409212765507142],[121.88739838182026,13.409233139255601],[121.88710161672117,13.40919992821625],[121.88722810221691,13.410040579801986]]]}},{"type":"Feature","properties":{"Id":0,"CLN":"17224","PSGC":"174001005","Barangay":"Balagasan","Land_Class":"AGRICULTURAL","PIN":"030-01-006-04-027","Owner":"LANDIG, GREGORIO","TaxDecNo":"04742"},"geometry":{"type":"Polygon","coordinates":[[[121.88755093216211,13.40991793891064],[121.88784471319941,13.409812893038792],[121.88814382628395,13.409335676766647],[121.88813735056469,13.409169047312416],[121.88778250461529,13.409167483433423],[121.88760124879646,13.409212765507142],[121.88755093216211,13.40991793891064]]]}},{"type":"Feature","properties":{"Id":0,"CLN":"17225","PSGC":"174001005","Barangay":"Balagasan","Land_Class":"AGRICULTURAL","PIN":"030-01-006-04-028","Owner":"CORDERO, NONITA","TaxDecNo":"04743"},"geometry":{"type":"Polygon","coordinates":[[[121.88802530301855,13.4106998639903],[121.88809202781641,13.410363411564608],[121.8884153630285,13.410130886081904],[121.88870917662102,13.41001874993782],[121.88864124318488,13.409830581575955],[121.8884894429041,13.409769652984012],[121.88835041198655,13.409294050600286],[121.88814382628395,13.409335676766647],[121.88784471319941,13.409812893038792],[121.88755093216211,13.40991793891064],[121.8875734407502,13.410534815869061],[121.88802530301855,13.4106998639903]]]}},{"type":"Feature","properties":{"Id":0,"CLN":"17223","PSGC":"174001005","Barangay":"Balagasan","Land_Class":"AGRICULTURAL","PIN":"030-01-006-04-029","Owner":"MANDIA, HONORIO","TaxDecNo":"04744"},"geometry":{"type":"Polygon","coordinates":[[[121.88814382628395,13.409335676766647],[121.88835041198655,13.409294050600286],[121.8884894429041,13.409769652984012],[121.88864124318488,13.409830581575955],[121.88870917662102,13.41001874993782],[121.88878646965766,13.409746148391191],[121.88876612898328,13.409444759224264],[121.88848231153243,13.40895788509872],[121.88831956773127,13.408914631740194],[121.88813735056469,13.409169047312416],[121.88814382628395,13.409335676766647]]]}},{"type":"Feature","properties":{"Id":0,"CLN":"17240","PSGC":"174001005","Barangay":"Balagasan","Land_Class":"AGRICULTURAL","PIN":"030-01-006-04-036","Owner":"LANDIG, ENRIQUE","TaxDecNo":"04772"},"geometry":{"type":"Polygon","coordinates":[[[121.88470084748272,13.409212370434838],[121.88427325338962,13.409166495760484],[121.88452763587786,13.409841923594541],[121.88475958878252,13.409827632960704],[121.88496522597275,13.40981124840727],[121.88495589453686,13.40922353897203],[121.88470084748272,13.409212370434838]]]}},{"type":"Feature","properties":{"Id":0,"CLN":"17232","PSGC":"174001005","Barangay":"Balagasan","Land_Class":"AGRICULTURAL","PIN":"030-01-006-04-035","Owner":"MAPACPAC, CESAR","TaxDecNo":"04750"},"geometry":{"type":"Polygon","coordinates":[[[121.88496522597275,13.40981124840727],[121.88522324160259,13.409790690255326],[121.88521062338093,13.409735100916741],[121.88547514384857,13.409693733133992],[121.88556215937297,13.409669304602831],[121.88528182225103,13.409214344986758],[121.88585723579644,13.408497312711003],[121.88579018689208,13.408117733960207],[121.88563473498462,13.408063877046411],[121.88495589453686,13.40922353897203],[121.88496522597275,13.40981124840727]]]}},{"type":"Feature","properties":{"Id":0,"CLN":"17230","PSGC":"174001005","Barangay":"Balagasan","Land_Class":"AGRICULTURAL","PIN":"030-01-006-04-033","Owner":"MILLAN, ALMA","TaxDecNo":"04748"},"geometry":{"type":"Polygon","coordinates":[[[121.88556215937297,13.409669304602831],[121.88572903028609,13.409602692337472],[121.88593618807094,13.409437006295235],[121.88612121210974,13.409359839805877],[121.88611111691446,13.409193194424317],[121.88598919925147,13.408933893220844],[121.88553885533615,13.409226114478694],[121.88528182225103,13.409214344986758],[121.88556215937297,13.409669304602831]]]}},{"type":"Feature","properties":{"Id":0,"CLN":"17233","PSGC":"174001005","Barangay":"Balagasan","Land_Class":"AGRICULTURAL","PIN":"030-01-006-04-037","Owner":"MASCAREÑAS, MARIA","TaxDecNo":"04751"},"geometry":{"type":"Polygon","coordinates":[[[121.88563473498462,13.408063877046411],[121.88537440064519,13.40795028156354],[121.88495355637092,13.408520004736733],[121.88475835454874,13.409037553996733],[121.88470084748272,13.409212370434838],[121.88495589453686,13.40922353897203],[121.88563473498462,13.408063877046411]]]}},{"type":"Feature","properties":{"Id":0,"CLN":"17231","PSGC":"174001005","Barangay":"Balagasan","Land_Class":"AGRICULTURAL","PIN":"030-01-006-04-034","Owner":"MARK Q., MARLON Q. & LINO Q. MAPACPAC JR.","TaxDecNo":"04749"},"geometry":{"type":"Polygon","coordinates":[[[121.88528182225103,13.409214344986758],[121.88553885533615,13.409226114478694],[121.88598919925147,13.408933893220844],[121.88594118273507,13.408713122230488],[121.88585723579644,13.408497312711003],[121.88528182225103,13.409214344986758]]]}},{"type":"Feature","properties":{"Id":0,"CLN":"17234","PSGC":"174001005","Barangay":"Balagasan","Land_Class":"AGRICULTURAL","PIN":"030-01-006-04-038","Owner":"MAPACPAC, TITO L","TaxDecNo":"04752"},"geometry":{"type":"Polygon","coordinates":[[[121.88452763587786,13.409841923594541],[121.88427325338962,13.409166495760484],[121.88470084748272,13.409212370434838],[121.88475835454874,13.409037553996733],[121.88495355637092,13.408520004736733],[121.88537440064519,13.40795028156354],[121.8851251621569,13.407818912899673],[121.88486192896973,13.4077778719458],[121.8847614257982,13.40778274484172],[121.884453921914,13.407680046468808],[121.88422882036966,13.407634937982385],[121.88403575994943,13.40762148048968],[121.88380987325388,13.407746519409951],[121.88374476752713,13.407870403606497],[121.88343319356389,13.408463269244068],[121.8831554871506,13.408657399040894],[121.88287279861036,13.408536411658933],[121.88262803535437,13.408566837405521],[121.88304614434979,13.410030728301685],[121.88401600969405,13.410041772433676],[121.88437311051146,13.409847542285856],[121.88452763587786,13.409841923594541]]]}},{"type":"Feature","properties":{"Id":0,"CLN":"17212","PSGC":"174001005","Barangay":"Balagasan","Land_Class":"AGRICULTURAL","PIN":"030-01-006-05-038","Owner":"PANUCULAN, ELADIO","TaxDecNo":"04813"},"geometry":{"type":"Polygon","coordinates":[[[121.88461951589142,13.406636775344577],[121.88434822995397,13.4075661450384],[121.88439004323415,13.40757263179192],[121.8846213785984,13.407661880982307],[121.88497164187223,13.40654700121729],[121.88475363276717,13.406600267942624],[121.88461951589142,13.406636775344577]]]}},{"type":"Feature","properties":{"Id":0,"CLN":"17213","PSGC":"174001005","Barangay":"Balagasan","Land_Class":"AGRICULTURAL","PIN":"030-01-006-05-003","Owner":"PANUCULAN, FAUSTO","TaxDecNo":"04779"},"geometry":{"type":"Polygon","coordinates":[[[121.88586667286674,13.406918289723274],[121.88527021167177,13.40647405053966],[121.8851144432997,13.406914967645607],[121.88482847509155,13.407682017283568],[121.88517853508223,13.407739393001387],[121.8859261963091,13.40696640593292],[121.88586667286674,13.406918289723274]]]}},{"type":"Feature","properties":{"Id":0,"CLN":"17211","PSGC":"174001005","Barangay":"Balagasan","Land_Class":"AGRICULTURAL","PIN":"030-01-006-05-006","Owner":"MALASA, JORGE","TaxDecNo":"04782"},"geometry":{"type":"Polygon","coordinates":[[[121.88650759982397,13.40511918805473],[121.88642284685851,13.404848521523517],[121.88573015952028,13.404885343677526],[121.88476320540127,13.405505847369493],[121.88454499972073,13.405644093041165],[121.88476150968559,13.405873614860866],[121.88527021167177,13.40647405053966],[121.88586667286674,13.406918289723274],[121.8859261963091,13.40696640593292],[121.8859725702155,13.406921415742588],[121.88692804407144,13.406211075194555],[121.88650759982397,13.40511918805473]]]}},{"type":"Feature","properties":{"Id":0,"CLN":"17214","PSGC":"174001005","Barangay":"Balagasan","Land_Class":"AGRICULTURAL","PIN":"030-01-006-05-004","Owner":"MASCAREÑAS, ROMEO","TaxDecNo":"04780"},"geometry":{"type":"Polygon","coordinates":[[[121.88517853508223,13.407739393001387],[121.88543307002989,13.407900028760194],[121.88553318121312,13.4079802266186],[121.88570703131673,13.407970360266958],[121.8864214308889,13.407343443638615],[121.88644601850153,13.407311649844564],[121.8859261963091,13.40696640593292],[121.88517853508223,13.407739393001387]]]}},{"type":"Feature","properties":{"Id":0,"CLN":"17215","PSGC":"174001005","Barangay":"Balagasan","Land_Class":"AGRICULTURAL","PIN":"030-01-006-05-005","Owner":"MALING, AIDA","TaxDecNo":"04781"},"geometry":{"type":"Polygon","coordinates":[[[121.88570703131673,13.407970360266958],[121.8858639996646,13.408088028397398],[121.88593028635403,13.408436587662708],[121.88668764758974,13.407916201002473],[121.8866071207569,13.40771113934104],[121.88662133539547,13.407572958788887],[121.8864214308889,13.407343443638615],[121.88570703131673,13.407970360266958]]]}},{"type":"Feature","properties":{"Id":0,"CLN":"17210","PSGC":"174001005","Barangay":"Balagasan","Land_Class":"AGRICULTURAL","PIN":"030-01-006-05-007","Owner":"MALASA, BRIGIDA EPIFANIA","TaxDecNo":"04783"},"geometry":{"type":"Polygon","coordinates":[[[121.88759144309105,13.40803184486514],[121.88788604086258,13.407748681160141],[121.88856776477277,13.407730416434445],[121.8889738057498,13.407794679825455],[121.88915784436058,13.407635978451863],[121.88934136384204,13.407590262020765],[121.88941325984739,13.407457652108928],[121.8890514779613,13.40714368281922],[121.88893367647536,13.406923835771488],[121.88886287424668,13.406738031559879],[121.88873640511535,13.406679871322678],[121.88859274749623,13.406422239033965],[121.88875208065348,13.406223544356163],[121.88864848711128,13.406112312469988],[121.88863091169127,13.405997028320913],[121.88834239615952,13.405743189019287],[121.88650759982397,13.40511918805473],[121.88692804407144,13.406211075194555],[121.8859725702155,13.406921415742588],[121.8859261963091,13.40696640593292],[121.88644601850153,13.407311649844564],[121.8864214308889,13.407343443638615],[121.88662133539547,13.407572958788887],[121.8866071207569,13.40771113934104],[121.88668764758974,13.407916201002473],[121.88687503916788,13.407914369155234],[121.88720211503532,13.408245468787989],[121.88747951461315,13.40815896062367],[121.88750400434714,13.40814843449284],[121.88759144309105,13.40803184486514]]]}},{"type":"Feature","properties":{"Id":0,"CLN":"17190","PSGC":"174001005","Barangay":"Balagasan","Land_Class":"AGRICULTURAL","PIN":"030-01-006-05-013","Owner":"MANDIA, HONORIO J.","TaxDecNo":"04789"},"geometry":{"type":"Polygon","coordinates":[[[121.88968173138177,13.40682582514091],[121.89006449521521,13.40626919900684],[121.890815499123,13.406347828333441],[121.89090109060103,13.406436825135172],[121.89112214329843,13.406597313662123],[121.89108981383825,13.405750844442125],[121.89093511060884,13.405927405953042],[121.8907634809666,13.40584689310558],[121.88970122914763,13.405536481074368],[121.88972794810653,13.404645961421842],[121.8893515436589,13.404803822499805],[121.88926028774503,13.404962938013188],[121.88923623255054,13.405273004260414],[121.88892239959252,13.405603950118925],[121.8887304675814,13.406001897732926],[121.88886020048997,13.4063347961342],[121.88866057943062,13.406435830834114],[121.88875495782986,13.406582470378833],[121.88890850272672,13.406658473927752],[121.88903309771116,13.406918873338224],[121.88911261547132,13.407066896225665],[121.8894474525948,13.406918827822578],[121.88968173138177,13.40682582514091]]]}},{"type":"Feature","properties":{"Id":0,"CLN":"17193","PSGC":"174001005","Barangay":"Balagasan","Land_Class":"AGRICULTURAL","PIN":"030-01-006-05-008","Owner":"LINING, JUSTINA","TaxDecNo":"04784"},"geometry":{"type":"Polygon","coordinates":[[[121.88963559220669,13.406919422024822],[121.88968173138177,13.40682582514091],[121.8894474525948,13.406918827822578],[121.88911261547132,13.407066896225665],[121.88948137137167,13.407433028165148],[121.88986762624577,13.407315093922653],[121.88964108165439,13.407166424370649],[121.88963559220669,13.406919422024822]]]}},{"type":"Feature","properties":{"Id":0,"CLN":"17192","PSGC":"174001005","Barangay":"Balagasan","Land_Class":"AGRICULTURAL","PIN":"030-01-006-05-009","Owner":"MAPACPAC, ANTONIO","TaxDecNo":"04785"},"geometry":{"type":"Polygon","coordinates":[[[121.89058358944891,13.406918217146204],[121.89064153199071,13.406776873742952],[121.89043740529712,13.40687345903622],[121.8901884839698,13.406867933453237],[121.88968173138177,13.40682582514091],[121.88963559220669,13.406919422024822],[121.88964108165439,13.407166424370649],[121.88986762624577,13.407315093922653],[121.89034226043158,13.40749476275619],[121.8905405358239,13.407146079701718],[121.89058358944891,13.406918217146204]]]}},{"type":"Feature","properties":{"Id":0,"CLN":"17216","PSGC":"174001005","Barangay":"Balagasan","Land_Class":"AGRICULTURAL","PIN":"030-01-006-04-032","Owner":"MAGARARU, EVELYN M.","TaxDecNo":"04747"},"geometry":{"type":"Polygon","coordinates":[[[121.88593028635403,13.408436587662708],[121.88593558387194,13.408506168574434],[121.88604018762135,13.408642879722773],[121.88605263307126,13.408888848107782],[121.88622379675908,13.40931496748746],[121.88634947245927,13.409298906431394],[121.88647453602731,13.409415768806568],[121.8866613753068,13.40938668489491],[121.88680127186417,13.409231113841415],[121.88716854324883,13.409089838214916],[121.88747951461315,13.40815896062367],[121.88720211503532,13.408245468787989],[121.88687503916788,13.407914369155234],[121.88668764758974,13.407916201002473],[121.88593028635403,13.408436587662708]]]}},{"type":"Feature","properties":{"Id":0,"CLN":"17217","PSGC":"174001005","Barangay":"Balagasan","Land_Class":"AGRICULTURAL","PIN":"030-01-006-04-031","Owner":"PANUCULAN, MARTIN","TaxDecNo":"04746"},"geometry":{"type":"Polygon","coordinates":[[[121.88716854324883,13.409089838214916],[121.88744680628324,13.409111004225931],[121.88787112766839,13.409112874796408],[121.88788173754529,13.408282132433738],[121.88747951461315,13.40815896062367],[121.88716854324883,13.409089838214916]]]}},{"type":"Feature","properties":{"Id":0,"CLN":"17218","PSGC":"174001005","Barangay":"Balagasan","Land_Class":"AGRICULTURAL","PIN":"030-01-006-04-030","Owner":"MANDIA, HONORIO","TaxDecNo":"04745"},"geometry":{"type":"Polygon","coordinates":[[[121.88787112766839,13.409112874796408],[121.88809183593627,13.409100554854094],[121.88824894875424,13.408891888269835],[121.88841217829592,13.408829467419471],[121.88853421473085,13.408866559726622],[121.88869742892443,13.408807461774519],[121.88886489269706,13.408562285603145],[121.88897394626689,13.408469717375446],[121.88892424926699,13.40820364594412],[121.8889738057498,13.407794679825455],[121.88856776477277,13.407730416434445],[121.88788604086258,13.407748681160141],[121.88759144309105,13.40803184486514],[121.88750400434714,13.40814843449284],[121.88747951461315,13.40815896062367],[121.88788173754529,13.408282132433738],[121.88787112766839,13.409112874796408]]]}},{"type":"Feature","properties":{"Id":0,"CLN":"17191","PSGC":"174001005","Barangay":"Balagasan","Land_Class":"AGRICULTURAL","PIN":"030-01-006-05-011","Owner":"PANUCULAN, FRANCISCO","TaxDecNo":"04787"},"geometry":{"type":"Polygon","coordinates":[[[121.89114830511573,13.406814549189862],[121.89112214329843,13.406597313662123],[121.89090109060103,13.406436825135172],[121.890815499123,13.406347828333441],[121.89006449521521,13.40626919900684],[121.88968173138177,13.40682582514091],[121.8901884839698,13.406867933453237],[121.89043740529712,13.40687345903622],[121.89064153199071,13.406776873742952],[121.89058358944891,13.406918217146204],[121.8905405358239,13.407146079701718],[121.89122521787851,13.40740232543151],[121.89131842462794,13.407063772584177],[121.89121386403168,13.40691709414813],[121.89114830511573,13.406814549189862]]]}},{"type":"Feature","properties":{"Id":0,"CLN":"17220","PSGC":"174001005","Barangay":"Balagasan","Land_Class":"AGRICULTURAL","PIN":"030-01-006-05-010","Owner":"TERESITA & FELICIDAD MOTOL","TaxDecNo":"04786"},"geometry":{"type":"Polygon","coordinates":[[[121.89034226043158,13.40749476275619],[121.89036095680468,13.407682650068079],[121.89083464766647,13.407855046591305],[121.89100496868625,13.407789992010958],[121.891378792752,13.40796461423983],[121.89134482971227,13.407830193116471],[121.89122521787851,13.40740232543151],[121.8905405358239,13.407146079701718],[121.89034226043158,13.40749476275619]]]}},{"type":"Feature","properties":{"Id":0,"CLN":"17219","PSGC":"174001005","Barangay":"Balagasan","Land_Class":"AGRICULTURAL","PIN":"030-01-006-04-013","Owner":"MANDIA, HONORIO","TaxDecNo":"04728"},"geometry":{"type":"Polygon","coordinates":[[[121.89036095680468,13.407682650068079],[121.89034226043158,13.40749476275619],[121.88986762624577,13.407315093922653],[121.88948137137167,13.407433028165148],[121.88939577916064,13.40762274788409],[121.88916615463165,13.407728909039369],[121.88901138455569,13.408166884530287],[121.88906095188413,13.408461202221755],[121.88890987213951,13.408649957010939],[121.88888942458095,13.408667313550799],[121.88875358576823,13.408863612439957],[121.88860007414388,13.409027432613001],[121.88885532322624,13.409439797482822],[121.88887975181589,13.409664218176394],[121.88908936584713,13.409480705927164],[121.88915028505309,13.40952085202732],[121.88975062199762,13.409633158572516],[121.8903875017907,13.409652990135681],[121.89036505691617,13.409374195807883],[121.89005452407652,13.40897414043552],[121.89029781125971,13.408518459327656],[121.89036095680468,13.407682650068079]]]}},{"type":"Feature","properties":{"Id":0,"CLN":"17221","PSGC":"174001005","Barangay":"Balagasan","Land_Class":"AGRICULTURAL","PIN":"030-01-006-04-012","Owner":"MAPACPAC, ADELAIDA","TaxDecNo":"04727"},"geometry":{"type":"Polygon","coordinates":[[[121.88995179351754,13.41078524108875],[121.88989301731465,13.4110176035371],[121.89002152393161,13.411124510005026],[121.8908324298001,13.410924559903432],[121.89101325307894,13.410294418811159],[121.89098282852092,13.410031072513158],[121.8905218833268,13.409665193391449],[121.8903875017907,13.409652990135681],[121.88975062199762,13.409633158572516],[121.88995179351754,13.41078524108875]]]}},{"type":"Feature","properties":{"Id":0,"CLN":"17222","PSGC":"174001005","Barangay":"Balagasan","Land_Class":"AGRICULTURAL","PIN":"030-01-006-04-014","Owner":"SPS. REX B. RIVAMONTE AND MARICEL R. RIVAMONTE","TaxDecNo":"31801"},"geometry":{"type":"Polygon","coordinates":[[[121.88995179351754,13.41078524108875],[121.88975062199762,13.409633158572516],[121.88915028505309,13.40952085202732],[121.88908936584713,13.409480705927164],[121.88887975181589,13.409664218176394],[121.88883508918359,13.410015999222514],[121.8886986795756,13.410151647874832],[121.88846764908159,13.410193831215228],[121.88815424683958,13.410431717584515],[121.88814802514509,13.411046474074595],[121.88826960420693,13.411183259255777],[121.88847008427575,13.411140941575391],[121.88937373509027,13.410995379162513],[121.88995179351754,13.41078524108875]]]}},{"type":"Feature","properties":{"Id":0,"CLN":"17254","PSGC":"174001005","Barangay":"Balagasan","Land_Class":"AGRICULTURAL","PIN":"030-01-006-04-011","Owner":"MACAPUGAY, SERAFIN","TaxDecNo":"04726"},"geometry":{"type":"Polygon","coordinates":[[[121.889716703187,13.411711367631813],[121.89092959265838,13.411292710453356],[121.89109209693837,13.411208267779678],[121.89089920366744,13.4110216227736],[121.8908324298001,13.410924559903432],[121.89002152393161,13.411124510005026],[121.88989301731465,13.4110176035371],[121.88960024227671,13.411199088796637],[121.889716703187,13.411711367631813]]]}},{"type":"Feature","properties":{"Id":0,"CLN":"17255","PSGC":"174001005","Barangay":"Balagasan","Land_Class":"AGRICULTURAL","PIN":"030-01-006-04-010","Owner":"MACAPUGAY, PLACIDO","TaxDecNo":"04725"},"geometry":{"type":"Polygon","coordinates":[[[121.88972902971516,13.411822332265572],[121.8898304032458,13.411785392865884],[121.88994514302806,13.41174851223651],[121.89012594042055,13.411685973921218],[121.89110291146358,13.411436690911382],[121.89092959265838,13.411292710453356],[121.889716703187,13.411711367631813],[121.88972902971516,13.411822332265572]]]}},{"type":"Feature","properties":{"Id":0,"CLN":"17256","PSGC":"174001005","Barangay":"Balagasan","Land_Class":"AGRICULTURAL","PIN":"030-01-006-04-004","Owner":"BAUTISTA, ROSA M.","TaxDecNo":"04719"},"geometry":{"type":"Polygon","coordinates":[[[121.8904236732938,13.411913244431233],[121.89127587545748,13.411658085163705],[121.89110291146358,13.411436690911382],[121.89012594042055,13.411685973921218],[121.89016629814628,13.41182425630417],[121.89033265363202,13.411774517626016],[121.89039728388396,13.411838357301528],[121.8904236732938,13.411913244431233]]]}},{"type":"Feature","properties":{"Id":0,"CLN":"17261","PSGC":"174001005","Barangay":"Balagasan","Land_Class":"AGRICULTURAL","PIN":"030-01-006-04-061","Owner":"MACAPUGAY, REGINO M.","TaxDecNo":"04775"},"geometry":{"type":"Polygon","coordinates":[[[121.89022329925864,13.411978592113975],[121.89020959099659,13.411811312174283],[121.89016629814628,13.41182425630417],[121.88999795666855,13.41187331111268],[121.88994958335462,13.412007272690193],[121.89010743409077,13.412016378955874],[121.89022329925864,13.411978592113975]]]}},{"type":"Feature","properties":{"Id":0,"CLN":"17260","PSGC":"174001005","Barangay":"Balagasan","Land_Class":"RESIDENTIAL","PIN":"030-01-006-04-006","Owner":"MACAPUGAY, ADELAIDA","TaxDecNo":"04720"},"geometry":{"type":"Polygon","coordinates":[[[121.88994958335462,13.412007272690193],[121.88999795666855,13.41187331111268],[121.8898703257648,13.411910602354443],[121.88974796105673,13.411940142962392],[121.88974174178138,13.412028234075807],[121.88994958335462,13.412007272690193]]]}},{"type":"Feature","properties":{"Id":0,"CLN":"17259","PSGC":"174001005","Barangay":"Balagasan","Land_Class":"RESIDENTIAL","PIN":"030-01-006-04-007","Owner":"MAMPUSTI, PRESENTACION","TaxDecNo":"04722"},"geometry":{"type":"Polygon","coordinates":[[[121.88974796105673,13.411940142962392],[121.8898703257648,13.411910602354443],[121.8898304032458,13.411785392865884],[121.88972902971516,13.411822332265572],[121.88974796105673,13.411940142962392]]]}},{"type":"Feature","properties":{"Id":0,"CLN":"17258","PSGC":"174001005","Barangay":"Balagasan","Land_Class":"RESIDENTIAL","PIN":"030-01-006-04-008","Owner":"MORONG, EMILIA","TaxDecNo":"04723"},"geometry":{"type":"Polygon","coordinates":[[[121.8898703257648,13.411910602354443],[121.88999795666855,13.41187331111268],[121.88994514302806,13.41174851223651],[121.8898304032458,13.411785392865884],[121.8898703257648,13.411910602354443]]]}},{"type":"Feature","properties":{"Id":0,"CLN":"17257","PSGC":"174001005","Barangay":"Balagasan","Land_Class":"RESIDENTIAL","PIN":"030-01-006-04-009","Owner":"MOTOL, ROMAN","TaxDecNo":"04724"},"geometry":{"type":"Polygon","coordinates":[[[121.88999795666855,13.41187331111268],[121.89016629814628,13.41182425630417],[121.89012594042055,13.411685973921218],[121.88994514302806,13.41174851223651],[121.88999795666855,13.41187331111268]]]}},{"type":"Feature","properties":{"Id":0,"CLN":"17262","PSGC":"174001005","Barangay":"Balagasan","Land_Class":"AGRICULTURAL","PIN":"030-01-006-04-003","Owner":"MAGCAMIT, BASILIA","TaxDecNo":"04718"},"geometry":{"type":"Polygon","coordinates":[[[121.89074206814576,13.412592794441224],[121.89156568515298,13.412267070049309],[121.89154648302589,13.412143120938],[121.89146428305645,13.411960833413572],[121.89127587545748,13.411658085163705],[121.8904236732938,13.411913244431233],[121.89074206814576,13.412592794441224]]]}},{"type":"Feature","properties":{"Id":0,"CLN":"19939","PSGC":"174001005","Barangay":"Balagasan","Land_Class":"AGRICULTURAL","PIN":"030-01-006-04-002","Owner":"LARDIZABAL, MANUEL","TaxDecNo":"04717"},"geometry":{"type":"Polygon","coordinates":[[[121.89167678448291,13.41304558357685],[121.89161898266704,13.412716313905255],[121.89156568515298,13.412267070049309],[121.89074206814576,13.412592794441224],[121.89167678448291,13.41304558357685]]]}},{"type":"Feature","properties":{"Id":0,"CLN":"17246","PSGC":"174001005","Barangay":"Balagasan","Land_Class":"AGRICULTURAL","PIN":"030-01-006-04-016","Owner":"MANDIA, HONORIO","TaxDecNo":"04731"},"geometry":{"type":"Polygon","coordinates":[[[121.88842036188645,13.41155093279747],[121.88808620629776,13.411134065746106],[121.88802530301855,13.4106998639903],[121.8875734407502,13.410534815869061],[121.88755093216211,13.40991793891064],[121.88722810221691,13.410040579801986],[121.88691978817067,13.410156194896281],[121.88648826558894,13.410292534045515],[121.88637179673684,13.41049606168636],[121.88642691976167,13.411000242908457],[121.88694935648698,13.411369424624626],[121.88715710567291,13.411665437273285],[121.8877755097269,13.41225924598373],[121.88813847204109,13.411579599008306],[121.88842036188645,13.41155093279747]]]}},{"type":"Feature","properties":{"Id":0,"CLN":"17248","PSGC":"174001005","Barangay":"Balagasan","Land_Class":"AGRICULTURAL","PIN":"030-01-006-03-050","Owner":"MAYACYAC, JACINTO","TaxDecNo":"04675"},"geometry":{"type":"Polygon","coordinates":[[[121.88785685223247,13.412470534830572],[121.88702078904102,13.411780481713176],[121.88688447228087,13.41189552606824],[121.88793819486733,13.412681823658783],[121.88785685223247,13.412470534830572]]]}},{"type":"Feature","properties":{"Id":0,"CLN":"17249","PSGC":"174001005","Barangay":"Balagasan","Land_Class":"AGRICULTURAL","PIN":"030-01-006-03-047","Owner":"MACAPUGAY, FRANCISCO","TaxDecNo":"04672"},"geometry":{"type":"Polygon","coordinates":[[[121.88795376414322,13.413375655223543],[121.8880321565793,13.41329055562286],[121.88756617501892,13.412750149939631],[121.88747874067656,13.41257031397628],[121.88738113789967,13.41238710998717],[121.88691097387928,13.412182695870376],[121.88690511408383,13.412275718344812],[121.886556526018,13.412486861888606],[121.88684556284052,13.41282311143724],[121.88795376414322,13.413375655223543]]]}},{"type":"Feature","properties":{"Id":0,"CLN":"17250","PSGC":"174001005","Barangay":"Balagasan","Land_Class":"AGRICULTURAL","PIN":"030-01-006-03-048","Owner":"LARDIZABAL, ANGEL","TaxDecNo":"04673"},"geometry":{"type":"Polygon","coordinates":[[[121.88747874067656,13.41257031397628],[121.88756617501892,13.412750149939631],[121.8880321565793,13.41329055562286],[121.88795376414322,13.413375655223543],[121.88799767523936,13.413406714061603],[121.88833057840665,13.413358334057115],[121.8883900139206,13.4129830793671],[121.88818651975683,13.412942304686608],[121.88800362271519,13.412851773309479],[121.88747874067656,13.41257031397628]]]}},{"type":"Feature","properties":{"Id":0,"CLN":"17153","PSGC":"174001005","Barangay":"Balagasan","Land_Class":"AGRICULTURAL","PIN":"030-01-006-04-015","Owner":"LARDIZABAL, MANUEL","TaxDecNo":"04730"},"geometry":{"type":"Polygon","coordinates":[[[121.88856981622416,13.411531652325667],[121.88847008427575,13.411140941575391],[121.88826960420693,13.411183259255777],[121.88856981622416,13.411531652325667]]]}},{"type":"Feature","properties":{"Id":0,"CLN":"17253","PSGC":"174001005","Barangay":"Balagasan","Land_Class":"AGRICULTURAL","PIN":"030-01-006-04-045","Owner":"LARDIZABAL, EMILITO & LARDIZABAL, MANUEL & LARDIZABAL, ANDREIA O.","TaxDecNo":"01-36490"},"geometry":{"type":"Polygon","coordinates":[[[121.88989559183109,13.413144321023996],[121.88966970814323,13.412645927801284],[121.88956047839987,13.41265019532634],[121.88956778440262,13.412492387549534],[121.88955803344462,13.412320807747308],[121.88958097206242,13.412015230315646],[121.88974174178138,13.412028234075807],[121.88954068740411,13.412007876823997],[121.88954185753555,13.411753127946929],[121.88940990910757,13.4117525471125],[121.8893422311696,13.411325267080857],[121.88960024227671,13.411199088796637],[121.88989301731465,13.4110176035371],[121.88995179351754,13.41078524108875],[121.88937373509027,13.410995379162513],[121.88847008427575,13.411140941575391],[121.88856981622416,13.411531652325667],[121.88801236125458,13.412065910510078],[121.88874710310708,13.412104016235977],[121.88867977931754,13.412718503596961],[121.88859280872562,13.41293841030862],[121.88881920059289,13.413005870781415],[121.88879587442193,13.41309549325035],[121.88886830756847,13.413104707381759],[121.88892373215612,13.413112879921623],[121.88889168342257,13.413023013534835],[121.8891415587578,13.413082061577285],[121.88960484176401,13.413224588890708],[121.88965383310992,13.413087511292385],[121.88989559183109,13.413144321023996]]]}},{"type":"Feature","properties":{"Id":0,"CLN":"17252","PSGC":"174001005","Barangay":"Balagasan","Land_Class":"AGRICULTURAL","PIN":"030-01-006-03-051","Owner":"LAUREL, ANDREW R","TaxDecNo":"04676"},"geometry":{"type":"Polygon","coordinates":[[[121.88817194092204,13.41286678046783],[121.88847532269185,13.412887083754311],[121.88867977931754,13.412718503596961],[121.88874710310708,13.412104016235977],[121.88801236125458,13.412065910510078],[121.887864143769,13.41229763139407],[121.88812650169379,13.41270609609693],[121.8881327559887,13.412822434114098],[121.88817194092204,13.41286678046783]]]}},{"type":"Feature","properties":{"Id":0,"CLN":"17287","PSGC":"174001005","Barangay":"Balagasan","Land_Class":"RESIDENTIAL","PIN":"030-01-006-03-030","Owner":"MAPACPAC, PURIFICASION","TaxDecNo":"04655"},"geometry":{"type":"Polygon","coordinates":[[[121.88886830756847,13.413104707381759],[121.88879587442193,13.41309549325035],[121.88881920059289,13.413005870781415],[121.88859280872562,13.41293841030862],[121.88855735916052,13.412974997304227],[121.88850789707158,13.413211554236979],[121.88858159275894,13.413241787353353],[121.88863558527002,13.4131273763507],[121.88883885056629,13.413217997022157],[121.88886830756847,13.413104707381759]]]}},{"type":"Feature","properties":{"Id":0,"CLN":"17288","PSGC":"174001005","Barangay":"Balagasan","Land_Class":"RESIDENTIAL","PIN":"030-01-006-03-031","Owner":"PANUCULAN, BARCELISA","TaxDecNo":"04656"},"geometry":{"type":"Polygon","coordinates":[[[121.88858159275894,13.413241787353353],[121.88880265702669,13.413337471214945],[121.88883885056629,13.413217997022157],[121.88863558527002,13.4131273763507],[121.88858159275894,13.413241787353353]]]}},{"type":"Feature","properties":{"Id":0,"CLN":"17289","PSGC":"174001005","Barangay":"Balagasan","Land_Class":"RESIDENTIAL","PIN":"030-01-006-03-032","Owner":"PANUCULAN, MARTIN","TaxDecNo":"04657"},"geometry":{"type":"Polygon","coordinates":[[[121.88853761219481,13.413393627959268],[121.88877154393978,13.413459460146925],[121.88880265702669,13.413337471214945],[121.88858159275894,13.413241787353353],[121.88850789707158,13.413211554236979],[121.88853761219481,13.413393627959268]]]}},{"type":"Feature","properties":{"Id":0,"CLN":"19940","PSGC":"174001005","Barangay":"Balagasan","Land_Class":"RESIDENTIAL","PIN":"030-01-006-03-029","Owner":"HRS OF EMILIO LARDIZABAL","TaxDecNo":"04654"},"geometry":{"type":"Polygon","coordinates":[[[121.88892373215612,13.413112879921623],[121.88912166932856,13.413165179558208],[121.8891415587578,13.413082061577285],[121.88889168342257,13.413023013534835],[121.88892373215612,13.413112879921623]]]}},{"type":"Feature","properties":{"Id":0,"CLN":"17286","PSGC":"174001005","Barangay":"Balagasan","Land_Class":"RESIDENTIAL","PIN":"030-01-006-03-028","Owner":"PANUCULAN, FAUSTO","TaxDecNo":"04653"},"geometry":{"type":"Polygon","coordinates":[[[121.88891000033186,13.41324821883102],[121.88908863931707,13.413303211915917],[121.88912166932856,13.413165179558208],[121.88892373215612,13.413112879921623],[121.88891000033186,13.41324821883102]]]}},{"type":"Feature","properties":{"Id":0,"CLN":"17285","PSGC":"174001005","Barangay":"Balagasan","Land_Class":"RESIDENTIAL","PIN":"030-01-006-03-027","Owner":"PANUCULAN, FERMIN","TaxDecNo":"04652"},"geometry":{"type":"Polygon","coordinates":[[[121.888873818277,13.413365200719339],[121.88905791023336,13.413431628528487],[121.88908863931707,13.413303211915917],[121.88891000033186,13.41324821883102],[121.888873818277,13.413365200719339]]]}},{"type":"Feature","properties":{"Id":0,"CLN":"17284","PSGC":"174001005","Barangay":"Balagasan","Land_Class":"RESIDENTIAL","PIN":"030-01-006-03-026","Owner":"PANUCULAN, MAXIMO","TaxDecNo":"04651"},"geometry":{"type":"Polygon","coordinates":[[[121.88884784299727,13.413477242825492],[121.88903253180636,13.413537684661277],[121.88905791023336,13.413431628528487],[121.888873818277,13.413365200719339],[121.88884784299727,13.413477242825492]]]}},{"type":"Feature","properties":{"Id":0,"CLN":"17264","PSGC":"174001005","Barangay":"Balagasan","Land_Class":"AGRICULTURAL","PIN":"030-01-006-03-008","Owner":"BENJAMIN OGAYRE & CONCEPCION OGAYRE","TaxDecNo":"04636"},"geometry":{"type":"Polygon","coordinates":[[[121.89003541993605,13.41380990598096],[121.89009300109883,13.413875688039964],[121.89052090890205,13.4138376926531],[121.89047715819198,13.413939687316137],[121.89035707373,13.414031376700608],[121.89059300361907,13.414216849750098],[121.89100548746046,13.414211186533938],[121.8910096457347,13.413859780824025],[121.89146115499781,13.413505258035205],[121.89138445664521,13.413185996384414],[121.89138379072149,13.41310908386654],[121.8908860154851,13.413211725234333],[121.8908985368956,13.413442185936734],[121.89005107961083,13.41378517446376],[121.89003541993605,13.41380990598096]]]}},{"type":"Feature","properties":{"Id":0,"CLN":"17265","PSGC":"174001005","Barangay":"Balagasan","Land_Class":"AGRICULTURAL","PIN":"030-01-006-03-007","Owner":"LINING, EUFROCINA","TaxDecNo":"04635"},"geometry":{"type":"Polygon","coordinates":[[[121.89100548746046,13.414211186533938],[121.89109206238253,13.414209074790957],[121.89159480839604,13.413669510345748],[121.89146115499781,13.413505258035205],[121.8910096457347,13.413859780824025],[121.89100548746046,13.414211186533938]]]}},{"type":"Feature","properties":{"Id":0,"CLN":"17266","PSGC":"174001005","Barangay":"Balagasan","Land_Class":"AGRICULTURAL","PIN":"030-01-006-03-006","Owner":"LINING, EUFROCINA","TaxDecNo":"04634"},"geometry":{"type":"Polygon","coordinates":[[[121.89109206238253,13.414209074790957],[121.89178797305838,13.41380474358948],[121.89159480839604,13.413669510345748],[121.89109206238253,13.414209074790957]]]}},{"type":"Feature","properties":{"Id":0,"CLN":"17271","PSGC":"174001005","Barangay":"Balagasan","Land_Class":"AGRICULTURAL","PIN":"030-01-006-03-013","Owner":"LINGA, RICARDO","TaxDecNo":"04641"},"geometry":{"type":"Polygon","coordinates":[[[121.89047715819198,13.413939687316137],[121.89052090890205,13.4138376926531],[121.89009300109883,13.413875688039964],[121.89003541993605,13.41380990598096],[121.8899991458429,13.413867194077879],[121.88988220147867,13.414047126098382],[121.88995647402334,13.414090446312734],[121.89005177329864,13.413982678452484],[121.89047715819198,13.413939687316137]]]}},{"type":"Feature","properties":{"Id":0,"CLN":"17267","PSGC":"174001005","Barangay":"Balagasan","Land_Class":"AGRICULTURAL","PIN":"030-01-006-03-005","Owner":"CESAR BORCENA & ELINIDA LINING","TaxDecNo":"04633"},"geometry":{"type":"Polygon","coordinates":[[[121.89125782445451,13.414713031211546],[121.891387377931,13.414695479441866],[121.89153600559278,13.414475928719636],[121.89167930674265,13.414252200569205],[121.89178797305838,13.41380474358948],[121.89109206238253,13.414209074790957],[121.89125782445451,13.414713031211546]]]}},{"type":"Feature","properties":{"Id":0,"CLN":"17268","PSGC":"174001005","Barangay":"Balagasan","Land_Class":"AGRICULTURAL","PIN":"030-01-006-03-009","Owner":"LINING, TORADIO","TaxDecNo":"04637"},"geometry":{"type":"Polygon","coordinates":[[[121.89097703468232,13.414732358796805],[121.89125782445451,13.414713031211546],[121.89109206238253,13.414209074790957],[121.89100548746046,13.414211186533938],[121.89059300361907,13.414216849750098],[121.89073023324606,13.414419104361361],[121.89097703468232,13.414732358796805]]]}},{"type":"Feature","properties":{"Id":0,"CLN":"17269","PSGC":"174001005","Barangay":"Balagasan","Land_Class":"AGRICULTURAL","PIN":"030-01-006-03-010","Owner":"LILLES, NORA","TaxDecNo":"04638"},"geometry":{"type":"Polygon","coordinates":[[[121.89040425555726,13.414714885466632],[121.89085749114548,13.414728712081873],[121.89097703468232,13.414732358796805],[121.89073023324606,13.414419104361361],[121.89059300361907,13.414216849750098],[121.89040425555726,13.414714885466632]]]}},{"type":"Feature","properties":{"Id":0,"CLN":"17263","PSGC":"174001005","Barangay":"Balagasan","Land_Class":"AGRICULTURAL","PIN":"030-01-006-03-020","Owner":"LARDIZABAL, EMILIO","TaxDecNo":"04646"},"geometry":{"type":"Polygon","coordinates":[[[121.88968975880096,13.414371533058029],[121.88958119271696,13.414311238312187],[121.8894966255954,13.414430499646333],[121.88940068733379,13.414531018120863],[121.89007333830477,13.41483867096547],[121.89003668023778,13.41492075778611],[121.89068337718305,13.414784972803039],[121.89085749114548,13.414728712081873],[121.89040425555726,13.414714885466632],[121.89007079829088,13.414560137674675],[121.88977541965201,13.414429857666255],[121.88968975880096,13.414371533058029]]]}},{"type":"Feature","properties":{"Id":0,"CLN":"17270","PSGC":"174001005","Barangay":"Balagasan","Land_Class":"AGRICULTURAL","PIN":"030-01-006-03-011","Owner":"CESAR & ELINIDA BORCENA","TaxDecNo":"04639"},"geometry":{"type":"Polygon","coordinates":[[[121.89040425555726,13.414714885466632],[121.89059300361907,13.414216849750098],[121.89035707373,13.414031376700608],[121.89032912436643,13.414026661325584],[121.89028118981955,13.414069443794418],[121.89007079829088,13.414560137674675],[121.89040425555726,13.414714885466632]]]}},{"type":"Feature","properties":{"Id":0,"CLN":"17272","PSGC":"174001005","Barangay":"Balagasan","Land_Class":"AGRICULTURAL","PIN":"030-01-006-03-012","Owner":"LINGA, FELOMINA","TaxDecNo":"04640"},"geometry":{"type":"Polygon","coordinates":[[[121.89007079829088,13.414560137674675],[121.89028118981955,13.414069443794418],[121.89032912436643,13.414026661325584],[121.89035707373,13.414031376700608],[121.89047715819198,13.413939687316137],[121.89005177329864,13.413982678452484],[121.88995647402334,13.414090446312734],[121.88991393306685,13.414206154202466],[121.88982950350639,13.414295507855845],[121.88977541965201,13.414429857666255],[121.89007079829088,13.414560137674675]]]}},{"type":"Feature","properties":{"Id":0,"CLN":"17278","PSGC":"174001005","Barangay":"Balagasan","Land_Class":"RESIDENTIAL","PIN":"030-01-006-03-019","Owner":"LINGA, RICARDO","TaxDecNo":"04645"},"geometry":{"type":"Polygon","coordinates":[[[121.88977541965201,13.414429857666255],[121.88982950350639,13.414295507855845],[121.88991393306685,13.414206154202466],[121.8898359531289,13.414138517070302],[121.88968975880096,13.414371533058029],[121.88977541965201,13.414429857666255]]]}},{"type":"Feature","properties":{"Id":0,"CLN":"17273","PSGC":"174001005","Barangay":"Balagasan","Land_Class":"RESIDENTIAL","PIN":"030-01-006-03-018","Owner":"LINGA, RICARDO","TaxDecNo":"04644"},"geometry":{"type":"Polygon","coordinates":[[[121.8898359531289,13.414138517070302],[121.88991393306685,13.414206154202466],[121.88995647402334,13.414090446312734],[121.88988220147867,13.414047126098382],[121.8898359531289,13.414138517070302]]]}},{"type":"Feature","properties":{"Id":0,"CLN":"17274","PSGC":"174001005","Barangay":"Balagasan","Land_Class":"RESIDENTIAL","PIN":"030-01-006-03-014","Owner":"MAPACPAC, PETRA","TaxDecNo":"04642"},"geometry":{"type":"Polygon","coordinates":[[[121.88980405847744,13.41401500448396],[121.88988220147867,13.414047126098382],[121.8899991458429,13.413867194077879],[121.88984228474925,13.413928189859519],[121.88980405847744,13.41401500448396]]]}},{"type":"Feature","properties":{"Id":0,"CLN":"17275","PSGC":"174001005","Barangay":"Balagasan","Land_Class":"RESIDENTIAL","PIN":"030-01-006-03-057","Owner":"LUCI, TEODORA","TaxDecNo":"04682"},"geometry":{"type":"Polygon","coordinates":[[[121.88933904143938,13.413719542364806],[121.88923621077849,13.413676908033475],[121.8891941138364,13.413774921162718],[121.88929701106578,13.413815423182498],[121.88933904143938,13.413719542364806]]]}},{"type":"Feature","properties":{"Id":0,"CLN":"17276","PSGC":"174001005","Barangay":"Balagasan","Land_Class":"AGRICULTURAL","PIN":"030-01-006-03-016","Owner":"MACAPUGAY, PLACIDO","TaxDecNo":"04643"},"geometry":{"type":"Polygon","coordinates":[[[121.88913455903656,13.413853168465407],[121.88964516754648,13.414102161058313],[121.8897069799898,13.413976793068436],[121.8891941138364,13.413774921162718],[121.88913455903656,13.413853168465407]]]}},{"type":"Feature","properties":{"Id":0,"CLN":"17277","PSGC":"174001005","Barangay":"Balagasan","Land_Class":"AGRICULTURAL","PIN":"030-01-006-03-092","Owner":"MACAPUGAY, ROSEMARIE M.","TaxDecNo":"04715"},"geometry":{"type":"Polygon","coordinates":[[[121.88936644634178,13.413966245931327],[121.88913455903659,13.413853168465437],[121.88905196150864,13.413959353396077],[121.88928615825796,13.41410618826255],[121.88936644634178,13.413966245931327]]]}},{"type":"Feature","properties":{"Id":0,"CLN":"17279","PSGC":"174001005","Barangay":"Balagasan","Land_Class":"AGRICULTURAL","PIN":"030-01-006-03-021","Owner":"OGAYRE, EUFROCINA LINING","TaxDecNo":"04647"},"geometry":{"type":"Polygon","coordinates":[[[121.88896158849181,13.414095412450811],[121.8894966255954,13.414430499646333],[121.88958119271696,13.414311238312187],[121.88952035530232,13.414253022931948],[121.88905196150861,13.413959353396043],[121.88896158849181,13.414095412450811]]]}},{"type":"Feature","properties":{"Id":0,"CLN":"17280","PSGC":"174001005","Barangay":"Balagasan","Land_Class":"AGRICULTURAL","PIN":"030-01-006-03-055","Owner":"LINGA, LILIA","TaxDecNo":"04680"},"geometry":{"type":"Polygon","coordinates":[[[121.8891261577182,13.414198480357012],[121.88901652489457,13.414342599274125],[121.88925211552036,13.414458148709256],[121.88935153915997,13.414339633982761],[121.8891261577182,13.414198480357012]]]}},{"type":"Feature","properties":{"Id":0,"CLN":"17281","PSGC":"174001005","Barangay":"Balagasan","Land_Class":"RESIDENTIAL","PIN":"030-01-006-03-024","Owner":"LINING, ELINIDA","TaxDecNo":"04649"},"geometry":{"type":"Polygon","coordinates":[[[121.88867527024263,13.414486698923993],[121.88887337594139,13.414592251112229],[121.88899601274758,13.414332538727063],[121.88884249572197,13.414248168426097],[121.88867527024263,13.414486698923993]]]}},{"type":"Feature","properties":{"Id":0,"CLN":"19946","PSGC":"174001005","Barangay":"Balagasan","Land_Class":"RESIDENTIAL","PIN":"030-01-006-03-023","Owner":"LARDIZABAL, EMILIO","TaxDecNo":"04648"},"geometry":{"type":"Polygon","coordinates":[[[121.88887337594139,13.414592251112229],[121.88905618870893,13.414701474349485],[121.88926307818323,13.414463525526195],[121.88899601274758,13.414332538727063],[121.88887337594139,13.414592251112229]]]}},{"type":"Feature","properties":{"Id":0,"CLN":"17283","PSGC":"174001005","Barangay":"Balagasan","Land_Class":"AGRICULTURAL","PIN":"030-01-006-03-025","Owner":"CORDERO, NONITA","TaxDecNo":"04650"},"geometry":{"type":"Polygon","coordinates":[[[121.88884784299727,13.413477242825492],[121.8887695982919,13.413905769908407],[121.88867721253241,13.414064251287222],[121.88861830356944,13.414417284743074],[121.88843745342703,13.414711833271138],[121.88853064027748,13.414794492030131],[121.88867527024263,13.414486698923993],[121.88884249572197,13.414248168426097],[121.88896158849181,13.414095412450811],[121.88905196150861,13.413959353396043],[121.88913455903656,13.413853168465407],[121.8891941138364,13.413774921162718],[121.88923621077849,13.413676908033475],[121.88903253180636,13.413537684661277],[121.88884784299727,13.413477242825492]]]}},{"type":"Feature","properties":{"Id":0,"CLN":"17282","PSGC":"174001005","Barangay":"Balagasan","Land_Class":"AGRICULTURAL","PIN":"030-01-006-03-002","Owner":"LINGA, RENATO","TaxDecNo":"04701"},"geometry":{"type":"Polygon","coordinates":[[[121.88984412171708,13.418827598998345],[121.89012444091992,13.418510357922731],[121.88986990282054,13.418274172534028],[121.88984718738827,13.418160331439129],[121.8897725479589,13.4178876471066],[121.88968845925675,13.417790734241056],[121.88947189062225,13.417396714170495],[121.88999044656772,13.417326860686204],[121.8902460285264,13.417335568275307],[121.89040213155646,13.417078441973311],[121.89067511441921,13.416686726581432],[121.89068842726162,13.416198966667567],[121.89095553927118,13.415907450307856],[121.891205791453,13.415670061555575],[121.89126863610684,13.415247561716342],[121.89129375435772,13.415183645365675],[121.89133703570579,13.414942987581846],[121.891387377931,13.414695479441866],[121.89125782445451,13.414713031211546],[121.89097703468232,13.414732358796805],[121.89085749114548,13.414728712081873],[121.89068337718305,13.414784972803039],[121.89003668023778,13.41492075778611],[121.89007333830477,13.41483867096547],[121.88940068733379,13.414531018120863],[121.88926307818323,13.414463525526195],[121.88905618870893,13.414701474349485],[121.88887337594139,13.414592251112229],[121.88867527024263,13.414486698923993],[121.88853064027748,13.414794492030131],[121.88843745342703,13.414711833271138],[121.88840002294583,13.414774662109663],[121.88832680945605,13.415193057012102],[121.88829785552622,13.415281395770457],[121.887919017337,13.41570681077253],[121.88813642489491,13.415986074840351],[121.88741964563407,13.416503844586854],[121.88695793478227,13.41703701001159],[121.88661856773103,13.417913244287272],[121.88650721701467,13.418348050737187],[121.88641725614582,13.418995925494242],[121.8864848663411,13.419089472088695],[121.88664563683216,13.418959895707799],[121.88721099271149,13.418504233149653],[121.88750248916658,13.418668999062648],[121.88769023831833,13.418697073943425],[121.88815038001421,13.418922400595259],[121.8883359204753,13.419013257503307],[121.88872632502236,13.419338301305459],[121.88955602090164,13.419152388169337],[121.88984412171708,13.418827598998345]]]}},{"type":"Feature","properties":{"Id":0,"CLN":"19937","PSGC":"174001005","Barangay":"Balagasan","Land_Class":"AGRICULTURAL","PIN":"030-01-006-03-034","Owner":"LINGA, LEA M.","TaxDecNo":"31251"},"geometry":{"type":"Polygon","coordinates":[[[121.88824662209157,13.415159472014553],[121.88830948362461,13.414777586227133],[121.8877403289323,13.415263580772981],[121.88765101010857,13.415334554890931],[121.88785383785279,13.415613754859864],[121.88818160387495,13.41527217268871],[121.88824662209157,13.415159472014553]]]}},{"type":"Feature","properties":{"Id":0,"CLN":"17290","PSGC":"174001005","Barangay":"Balagasan","Land_Class":"AGRICULTURAL","PIN":"030-01-006-03-033","Owner":"CORDERO, NONITA","TaxDecNo":"01-24441"},"geometry":{"type":"Polygon","coordinates":[[[121.88877154393978,13.413459460146925],[121.88853761219481,13.413393627959268],[121.88768286501293,13.413734676126607],[121.88795010870007,13.41393856691963],[121.88789512175757,13.414084543320962],[121.88775875505475,13.414210221939458],[121.88752739934746,13.414322188923354],[121.88744450538675,13.41463087668547],[121.88712045315644,13.414968408840267],[121.8870345769026,13.415187358080768],[121.88742461050161,13.415265511433713],[121.88765101010857,13.415334554890931],[121.8877403289323,13.415263580772981],[121.88830948362461,13.414777586227133],[121.88830631823676,13.414727724944456],[121.88853201552745,13.414369818794794],[121.88860483104146,13.414037824062191],[121.88870070600512,13.41385879605677],[121.88877154393978,13.413459460146925]]]}},{"type":"Feature","properties":{"Id":0,"CLN":"19936","PSGC":"174001005","Barangay":"Balagasan","Land_Class":"AGRICULTURAL","PIN":"030-01-006-03-035","Owner":"CORDERO, NONITA","TaxDecNo":"04660"},"geometry":{"type":"Polygon","coordinates":[[[121.88742461050161,13.415265511433713],[121.8870345769026,13.415187358080768],[121.88703081499118,13.41526709717656],[121.88710399566557,13.415396366133267],[121.88699934540868,13.415959651262842],[121.88686938588452,13.416022262252094],[121.88728015916362,13.416536666507733],[121.88785383785279,13.415613754859864],[121.88765101010857,13.415334554890931],[121.88742461050161,13.415265511433713]]]}},{"type":"Feature","properties":{"Id":0,"CLN":"17235","PSGC":"174001005","Barangay":"Balagasan","Land_Class":"AGRICULTURAL","PIN":"030-01-006-05-001","Owner":"LINGA, FELOMINA","TaxDecNo":"04777"},"geometry":{"type":"Polygon","coordinates":[[[121.88351015003171,13.407960245732216],[121.88368448056711,13.407847582837617],[121.88374476752713,13.407870403606497],[121.88380987325388,13.407746519409951],[121.88403575994943,13.40762148048968],[121.88393257186058,13.407444570991542],[121.88397237585446,13.407406935637361],[121.8842902155518,13.406885283452858],[121.88441946930097,13.406691229046093],[121.88475363276717,13.406600267942624],[121.88527021167177,13.40647405053966],[121.88476150968559,13.405873614860866],[121.88454499972073,13.405644093041165],[121.88338165899896,13.406644727826432],[121.88333318163242,13.406686424790173],[121.88283516736549,13.406495163794892],[121.88281244563703,13.406925616176403],[121.88267530935542,13.407609158620604],[121.88274520204727,13.407616598801068],[121.88284903410407,13.407627651840816],[121.8831383517013,13.407706918453053],[121.88351015003171,13.407960245732216]]]}},{"type":"Feature","properties":{"Id":0,"CLN":"17189","PSGC":"174001005","Barangay":"Balagasan","Land_Class":"AGRICULTURAL","PIN":"030-01-006-05-012","Owner":"LUCI, PETRA","TaxDecNo":"04788"},"geometry":{"type":"Polygon","coordinates":[[[121.89112214329843,13.406597313662123],[121.89214371125581,13.406184011220667],[121.89209629775767,13.405994745648112],[121.89137963040207,13.405666656166444],[121.89108981383825,13.405750844442125],[121.89112214329843,13.406597313662123]]]}},{"type":"Feature","properties":{"Id":0,"CLN":"17187","PSGC":"174001005","Barangay":"Balagasan","Land_Class":"AGRICULTURAL","PIN":"030-01-006-05-019","Owner":"LUCI, TEODORA","TaxDecNo":"04795"},"geometry":{"type":"Polygon","coordinates":[[[121.88970122914763,13.405536481074368],[121.8907634809666,13.40584689310558],[121.89093511060884,13.405927405953042],[121.89108981383825,13.405750844442125],[121.89137963040207,13.405666656166444],[121.89131960615019,13.405595495973122],[121.89167082263938,13.405337084600353],[121.89164784704843,13.405082937793443],[121.89171490776071,13.404935531154356],[121.89134152900674,13.404762558079673],[121.89071844436707,13.405084762794909],[121.88970122914763,13.405536481074368]]]}},{"type":"Feature","properties":{"Id":0,"CLN":"17209","PSGC":"174001005","Barangay":"Balagasan","Land_Class":"AGRICULTURAL","PIN":"030-01-006-05-014","Owner":"LINING, CALIXTO","TaxDecNo":"04790"},"geometry":{"type":"Polygon","coordinates":[[[121.88863091169127,13.405997028320913],[121.88911963535686,13.405228201308258],[121.88723533790697,13.404541953496052],[121.88655178530213,13.404561094146116],[121.88642284685851,13.404848521523517],[121.88650759982397,13.40511918805473],[121.88834239615952,13.405743189019287],[121.88863091169127,13.405997028320913]]]}},{"type":"Feature","properties":{"Id":0,"CLN":"17241","PSGC":"174001005","Barangay":"Balagasan","Land_Class":"AGRICULTURAL","PIN":"030-01-006-04-019","Owner":"LANDIG, FELIPE","TaxDecNo":"04734"},"geometry":{"type":"Polygon","coordinates":[[[121.884762090389,13.410791879778568],[121.88452763587786,13.409841923594541],[121.88437311051146,13.409847542285856],[121.88401600969405,13.410041772433676],[121.88377995159075,13.411439298652493],[121.88422296794663,13.411693334248785],[121.88475456876371,13.411251231000373],[121.88484543471036,13.411177194038611],[121.884762090389,13.410791879778568]]]}},{"type":"Feature","properties":{"Id":0,"CLN":"17236","PSGC":"174001005","Barangay":"Balagasan","Land_Class":"AGRICULTURAL","PIN":"030-01-006-04-039","Owner":"MISTIOLA, LEODEGARIO","TaxDecNo":"04753"},"geometry":{"type":"Polygon","coordinates":[[[121.88287279861036,13.408536411658933],[121.8831554871506,13.408657399040894],[121.88343319356389,13.408463269244068],[121.88374476752713,13.407870403606497],[121.88368448056711,13.407847582837617],[121.88351015003171,13.407960245732216],[121.8831383517013,13.407706918453053],[121.88284903410407,13.407627651840816],[121.88274520204727,13.407616598801068],[121.88279706319909,13.407903917442946],[121.88276675252283,13.40819445818642],[121.88287279861036,13.408536411658933]]]}},{"type":"Feature","properties":{"Id":0,"CLN":"17237","PSGC":"174001005","Barangay":"Balagasan","Land_Class":"AGRICULTURAL","PIN":"030-01-006-04-042","Owner":"MISTIOLA, MARIA","TaxDecNo":"04756"},"geometry":{"type":"Polygon","coordinates":[[[121.88279706319909,13.407903917442946],[121.88274520204727,13.407616598801068],[121.88267530935542,13.407609158620604],[121.88187102452143,13.407472070225051],[121.88162837857547,13.407528819785513],[121.88162711531412,13.407801986508316],[121.88279706319909,13.407903917442946]]]}},{"type":"Feature","properties":{"Id":0,"CLN":"17238","PSGC":"174001005","Barangay":"Balagasan","Land_Class":"AGRICULTURAL","PIN":"030-01-006-04-041","Owner":"MISTIOLA, EDUARDO","TaxDecNo":"04755"},"geometry":{"type":"Polygon","coordinates":[[[121.88276675252283,13.40819445818642],[121.88279706319909,13.407903917442946],[121.88162711531412,13.407801986508316],[121.88177004989016,13.408165520401699],[121.88276675252283,13.40819445818642]]]}},{"type":"Feature","properties":{"Id":0,"CLN":"17239","PSGC":"174001005","Barangay":"Balagasan","Land_Class":"AGRICULTURAL","PIN":"030-01-006-04-040","Owner":"LANDIG, NORMA","TaxDecNo":"04754"},"geometry":{"type":"Polygon","coordinates":[[[121.88180923611456,13.408941343916933],[121.88262803535437,13.408566837405521],[121.88287279861036,13.408536411658933],[121.88276675252283,13.40819445818642],[121.88177004989016,13.408165520401699],[121.88180923611456,13.408941343916933]]]}},{"type":"Feature","properties":{"Id":0,"CLN":"17185","PSGC":"174001005","Barangay":"Balagasan","Land_Class":"AGRICULTURAL","PIN":"030-01-006-05-020","Owner":"LOTO, BONIFACIO","TaxDecNo":"04796"},"geometry":{"type":"Polygon","coordinates":[[[121.89171490776071,13.404935531154356],[121.89189622552838,13.404877246811743],[121.89199191798009,13.40506672435858],[121.89223382837322,13.404955533357647],[121.89245717398532,13.40494469742769],[121.89205524369677,13.404417117353807],[121.89134152900674,13.404762558079673],[121.89171490776071,13.404935531154356]]]}},{"type":"Feature","properties":{"Id":0,"CLN":"17183","PSGC":"174001005","Barangay":"Balagasan","Land_Class":"AGRICULTURAL","PIN":"030-01-006-06-002","Owner":"OSMILLO, IMELDA L.","TaxDecNo":"31444"},"geometry":{"type":"Polygon","coordinates":[[[121.89205524369677,13.404417117353807],[121.89264285710156,13.40406669022771],[121.89210602345001,13.403984575897123],[121.8919637005501,13.403929117125186],[121.89195591424293,13.403961484882702],[121.89178273153522,13.403973186871058],[121.8919340395094,13.404290393138533],[121.89205524369677,13.404417117353807]]]}},{"type":"Feature","properties":{"Id":0,"CLN":"17184","PSGC":"174001005","Barangay":"Balagasan","Land_Class":"AGRICULTURAL","PIN":"030-01-006-05-021","Owner":"LUCI, AVELINA","TaxDecNo":"04797"},"geometry":{"type":"Polygon","coordinates":[[[121.89134152900674,13.404762558079673],[121.89205524369677,13.404417117353807],[121.8919340395094,13.404290393138533],[121.89178273153522,13.403973186871058],[121.89148010435464,13.40389708432076],[121.89130375888362,13.404043364728974],[121.89095388752705,13.404276118570868],[121.89134152900674,13.404762558079673]]]}},{"type":"Feature","properties":{"Id":0,"CLN":"17186","PSGC":"174001005","Barangay":"Balagasan","Land_Class":"AGRICULTURAL","PIN":"030-01-006-05-022","Owner":"LUCI, LUISITO","TaxDecNo":"04798"},"geometry":{"type":"Polygon","coordinates":[[[121.89071844436707,13.405084762794909],[121.89134152900674,13.404762558079673],[121.89095388752705,13.404276118570868],[121.8905460640795,13.40437651700448],[121.8904462568656,13.404488238779658],[121.89071844436707,13.405084762794909]]]}},{"type":"Feature","properties":{"Id":0,"CLN":"17188","PSGC":"174001005","Barangay":"Balagasan","Land_Class":"AGRICULTURAL","PIN":"030-01-006-05-018","Owner":"MIRANDE, LEA M.","TaxDecNo":"04794"},"geometry":{"type":"Polygon","coordinates":[[[121.88970122914763,13.405536481074368],[121.89071844436707,13.405084762794909],[121.8904462568656,13.404488238779658],[121.89024701950126,13.404629432821215],[121.88978911089127,13.404547660531694],[121.88972794810653,13.404645961421842],[121.88970122914763,13.405536481074368]]]}},{"type":"Feature","properties":{"Id":0,"CLN":"17207","PSGC":"174001005","Barangay":"Balagasan","Land_Class":"AGRICULTURAL","PIN":"030-01-006-05-016","Owner":"MAGCAMIT, ASUNCION","TaxDecNo":"04792"},"geometry":{"type":"Polygon","coordinates":[[[121.88727699058312,13.404342740877885],[121.8891251383128,13.405015536089435],[121.88935270848067,13.404741813713697],[121.8878798866178,13.404146001704445],[121.88735095806322,13.404006308827082],[121.88727699058312,13.404342740877885]]]}},{"type":"Feature","properties":{"Id":0,"CLN":"17206","PSGC":"174001005","Barangay":"Balagasan","Land_Class":"AGRICULTURAL","PIN":"030-01-006-05-017","Owner":"MANDIA, ANGELICO O.","TaxDecNo":"04793"},"geometry":{"type":"Polygon","coordinates":[[[121.88735095806322,13.404006308827082],[121.8878798866178,13.404146001704445],[121.88935270848067,13.404741813713697],[121.88969749066466,13.404570520431275],[121.88963491754127,13.404397434964558],[121.88939093187332,13.404303309882396],[121.88917392024898,13.404249182561943],[121.888379637199,13.403740548405606],[121.88808773878999,13.403238556455195],[121.8876043993794,13.40302816858828],[121.88735095806322,13.404006308827082]]]}},{"type":"Feature","properties":{"Id":0,"CLN":"17182","PSGC":"174001005","Barangay":"Balagasan","Land_Class":"AGRICULTURAL","PIN":"030-01-006-05-025","Owner":"MACAPUGAY, ESTEBAN","TaxDecNo":"04801"},"geometry":{"type":"Polygon","coordinates":[[[121.88966841714843,13.404340809746673],[121.88956914127378,13.403782063117003],[121.88943696870228,13.40373412498764],[121.8893575747656,13.403835966312348],[121.8893431055662,13.404214755767448],[121.88945479621717,13.404287528394654],[121.88966841714843,13.404340809746673]]]}},{"type":"Feature","properties":{"Id":0,"CLN":"17205","PSGC":"174001005","Barangay":"Balagasan","Land_Class":"AGRICULTURAL","PIN":"030-01-006-05-026","Owner":"MACAPUGAY, ESTEBAN","TaxDecNo":"04802"},"geometry":{"type":"Polygon","coordinates":[[[121.88919683590962,13.404187248984936],[121.88929799831158,13.40384207377276],[121.88935771306342,13.403651802204678],[121.8883934537293,13.402703748315977],[121.88810598590864,13.403207619626443],[121.88842956737432,13.403709751081117],[121.88885392646786,13.403950895091091],[121.88919683590962,13.404187248984936]]]}},{"type":"Feature","properties":{"Id":0,"CLN":"17181","PSGC":"174001005","Barangay":"Balagasan","Land_Class":"AGRICULTURAL","PIN":"030-01-006-05-024","Owner":"LINGA, RICARDO","TaxDecNo":"04800"},"geometry":{"type":"Polygon","coordinates":[[[121.88966841714843,13.404340809746673],[121.88986890800726,13.404481269103423],[121.88993806091702,13.404391844859235],[121.89014702875859,13.403794574514395],[121.88988598421196,13.403534211248527],[121.88957725966675,13.403677415722317],[121.88943696870228,13.40373412498764],[121.88956914127378,13.403782063117003],[121.88966841714843,13.404340809746673]]]}},{"type":"Feature","properties":{"Id":0,"CLN":"17180","PSGC":"174001005","Barangay":"Balagasan","Land_Class":"AGRICULTURAL","PIN":"030-01-006-05-023","Owner":"MANDIA, PURISIMA","TaxDecNo":"04799"},"geometry":{"type":"Polygon","coordinates":[[[121.88986890800726,13.404481269103423],[121.89025800673764,13.404577693446367],[121.89042655523544,13.404466273951614],[121.89049335631951,13.40433446745668],[121.89092413912175,13.404224200164254],[121.89079985531495,13.404121463347677],[121.89079791505553,13.403989354661984],[121.89014702875859,13.403794574514395],[121.88993806091702,13.404391844859235],[121.88986890800726,13.404481269103423]]]}},{"type":"Feature","properties":{"Id":0,"CLN":"17177","PSGC":"174001005","Barangay":"Balagasan","Land_Class":"AGRICULTURAL","PIN":"030-01-006-05-035","Owner":"MIRANDE, LEA M.","TaxDecNo":"04810"},"geometry":{"type":"Polygon","coordinates":[[[121.89092413912175,13.404224200164254],[121.89127639646095,13.40402635122662],[121.89143254554953,13.403842595293941],[121.89135419298862,13.403161810584132],[121.89082143685101,13.403301540187414],[121.89079813739149,13.404004493095078],[121.89079985531495,13.404121463347677],[121.89092413912175,13.404224200164254]]]}},{"type":"Feature","properties":{"Id":0,"CLN":"17176","PSGC":"174001005","Barangay":"Balagasan","Land_Class":"AGRICULTURAL","PIN":"030-01-006-06-004","Owner":"LINGA, JULIANA","TaxDecNo":"04827"},"geometry":{"type":"Polygon","coordinates":[[[121.89143254554953,13.403842595293941],[121.89179116102473,13.403923928627512],[121.8919637005501,13.403929117125186],[121.89207579495935,13.40348152080908],[121.89185034621735,13.403231285499801],[121.89135419298862,13.403161810584132],[121.89143254554953,13.403842595293941]]]}},{"type":"Feature","properties":{"Id":0,"CLN":"17173","PSGC":"174001005","Barangay":"Balagasan","Land_Class":"AGRICULTURAL","PIN":"030-01-006-06-005","Owner":"LINGA, FRANCISCO","TaxDecNo":"04828"},"geometry":{"type":"Polygon","coordinates":[[[121.89135419298862,13.403161810584132],[121.89185034621735,13.403231285499801],[121.89199141517204,13.402552725614953],[121.89163827526407,13.402573330530585],[121.89140344422255,13.402457092484115],[121.8910718180832,13.402721497931005],[121.89135419298862,13.403161810584132]]]}},{"type":"Feature","properties":{"Id":0,"CLN":"17171","PSGC":"174001005","Barangay":"Balagasan","Land_Class":"AGRICULTURAL","PIN":"030-01-006-06-006","Owner":"MANDIA, HONORIO J.","TaxDecNo":"04829"},"geometry":{"type":"Polygon","coordinates":[[[121.89140344422255,13.402457092484115],[121.89163827526407,13.402573330530585],[121.89199141517204,13.402552725614953],[121.8925570196877,13.402590655827503],[121.89292203021209,13.40195418766954],[121.89233168427498,13.401388856601708],[121.89200978245118,13.401507081994007],[121.89157639826206,13.402186109148886],[121.89140344422255,13.402457092484115]]]}},{"type":"Feature","properties":{"Id":0,"CLN":"17174","PSGC":"174001005","Barangay":"Balagasan","Land_Class":"AGRICULTURAL","PIN":"030-01-006-05-036","Owner":"LINGA, VICTORIA","TaxDecNo":"04811"},"geometry":{"type":"Polygon","coordinates":[[[121.89140344422258,13.402457092484115],[121.89099694594704,13.402427629934683],[121.89087279329837,13.40232661799639],[121.89093245455007,13.402104418595698],[121.8912051140433,13.401839877413149],[121.8910719021644,13.401715653676815],[121.89085369387784,13.401922953649755],[121.89067557020417,13.402272222608246],[121.89029011782266,13.402430045671577],[121.89063596810323,13.403012031066572],[121.8905296576764,13.403080921806863],[121.89082143685101,13.403301540187414],[121.89135419298862,13.403161810584132],[121.8910718180832,13.402721497931005],[121.89140344422258,13.402457092484115]]]}},{"type":"Feature","properties":{"Id":0,"CLN":"17179","PSGC":"174001005","Barangay":"Balagasan","Land_Class":"AGRICULTURAL","PIN":"030-01-006-05-033","Owner":"BORCENA, CESAR","TaxDecNo":"04808"},"geometry":{"type":"Polygon","coordinates":[[[121.89014702875859,13.403794574514395],[121.8905296576764,13.403080921806863],[121.89005587284902,13.402525390788739],[121.88995631784563,13.402582279513792],[121.8899740437563,13.403158114665072],[121.88988598421196,13.403534211248527],[121.89014702875859,13.403794574514395]]]}},{"type":"Feature","properties":{"Id":0,"CLN":"17175","PSGC":"174001005","Barangay":"Balagasan","Land_Class":"AGRICULTURAL","PIN":"030-01-006-05-037","Owner":"METIN, ANATALIO","TaxDecNo":"04812"},"geometry":{"type":"Polygon","coordinates":[[[121.8905296576764,13.403080921806863],[121.89063596810323,13.403012031066572],[121.89029011782266,13.402430045671577],[121.89005587284902,13.402525390788739],[121.8905296576764,13.403080921806863]]]}},{"type":"Feature","properties":{"Id":0,"CLN":"17172","PSGC":"174001005","Barangay":"Balagasan","Land_Class":"AGRICULTURAL","PIN":"030-01-006-06-007","Owner":"MANDIA, HONORIO J.","TaxDecNo":"04830"},"geometry":{"type":"Polygon","coordinates":[[[121.89157639826206,13.402186109148886],[121.89200978245118,13.401507081994007],[121.89141775564805,13.400938879918579],[121.89117024088915,13.400874650722416],[121.89098623314501,13.401026713169237],[121.89096473849831,13.401272541123703],[121.89110236280688,13.401612119748156],[121.8910719021644,13.401715653676815],[121.89157639826206,13.402186109148886]]]}},{"type":"Feature","properties":{"Id":0,"CLN":"17204","PSGC":"174001005","Barangay":"Balagasan","Land_Class":"AGRICULTURAL","PIN":"030-01-006-05-027","Owner":"MASCAREÑAS, JUAN","TaxDecNo":"04803"},"geometry":{"type":"Polygon","coordinates":[[[121.88762097505743,13.40299844501614],[121.88810598590864,13.403207619626443],[121.8883934537293,13.402703748315977],[121.88853388366857,13.40231565660189],[121.88741807074418,13.401845483367703],[121.88762097505743,13.40299844501614]]]}},{"type":"Feature","properties":{"Id":0,"CLN":"17201","PSGC":"174001005","Barangay":"Balagasan","Land_Class":"AGRICULTURAL","PIN":"030-01-006-05-032","Owner":"ROSAS, ESTER M. & ROSAS, EVELYN M.","TaxDecNo":"04807"},"geometry":{"type":"Polygon","coordinates":[[[121.88935771306342,13.403651802204678],[121.88958261351229,13.403596408844571],[121.8898367285868,13.403455733582044],[121.88991501501748,13.40316362978642],[121.88987266111079,13.402529805984425],[121.89060733685963,13.402218432394916],[121.89075826323848,13.401877906053388],[121.89101255862498,13.401697350894477],[121.89103577816817,13.401568952914877],[121.89088379957143,13.401151768111447],[121.89089794658861,13.401027761317104],[121.89067748796053,13.400738775548758],[121.89052841117295,13.400676086012894],[121.89034369466872,13.400489170826036],[121.89013440869222,13.401104723581756],[121.88988488500605,13.401838618748364],[121.8893739829856,13.401716733767627],[121.88907552395668,13.401657817165411],[121.88853388366857,13.40231565660189],[121.8883934537293,13.402703748315977],[121.88935771306342,13.403651802204678]]]}},{"type":"Feature","properties":{"Id":0,"CLN":"17203","PSGC":"174001005","Barangay":"Balagasan","Land_Class":"AGRICULTURAL","PIN":"030-01-006-05-048","Owner":"MANUBA, JOVITO","TaxDecNo":"04823"},"geometry":{"type":"Polygon","coordinates":[[[121.88895117059253,13.401385869271207],[121.88882681748808,13.401113921331836],[121.88827015942513,13.40190607462977],[121.88848889832406,13.402005351241746],[121.88895117059253,13.401385869271207]]]}},{"type":"Feature","properties":{"Id":0,"CLN":"17199","PSGC":"174001005","Barangay":"Balagasan","Land_Class":"AGRICULTURAL","PIN":"030-01-006-05-029","Owner":"LINGA, FELINO","TaxDecNo":"04804"},"geometry":{"type":"Polygon","coordinates":[[[121.88907552395668,13.401657817165411],[121.8893739829856,13.401716733767627],[121.88941866360932,13.400857310184675],[121.88978308947155,13.400349344269282],[121.88857811205824,13.40057002531763],[121.88907552395668,13.401657817165411]]]}},{"type":"Feature","properties":{"Id":0,"CLN":"17202","PSGC":"174001005","Barangay":"Balagasan","Land_Class":"AGRICULTURAL","PIN":"030-01-006-05-031","Owner":"LINGA, JULIANA","TaxDecNo":"04806"},"geometry":{"type":"Polygon","coordinates":[[[121.8893739829856,13.401716733767627],[121.88988488500605,13.401838618748364],[121.89013440869222,13.401104723581756],[121.88941866360932,13.400857310184675],[121.8893739829856,13.401716733767627]]]}},{"type":"Feature","properties":{"Id":0,"CLN":"17200","PSGC":"174001005","Barangay":"Balagasan","Land_Class":"AGRICULTURAL","PIN":"030-01-006-05-030","Owner":"MAYACYAC, PAULINO","TaxDecNo":"04805"},"geometry":{"type":"Polygon","coordinates":[[[121.88941866360932,13.400857310184675],[121.89013440869222,13.401104723581756],[121.89034369466872,13.400489170826036],[121.89008546350514,13.40054120813038],[121.88978308947155,13.400349344269282],[121.88941866360932,13.400857310184675]]]}},{"type":"Feature","properties":{"Id":0,"CLN":"17194","PSGC":"174001005","Barangay":"Balagasan","Land_Class":"AGRICULTURAL","PIN":"030-01-006-06-011","Owner":"MAYACYAC, PAULINO","TaxDecNo":"04834"},"geometry":{"type":"Polygon","coordinates":[[[121.8898059842006,13.400291841520538],[121.89007667554152,13.400483566070305],[121.89036198191512,13.400449371901075],[121.89058747389947,13.400627604185987],[121.89072751879549,13.400685822969567],[121.89094345134116,13.400974788813654],[121.89108000609141,13.400807009353649],[121.89136040096705,13.400856982155576],[121.89148284929347,13.40080434740648],[121.89148319438452,13.400729021333047],[121.8908670590585,13.399866694741197],[121.88981378321887,13.39957847955663],[121.88942807045537,13.399793903882987],[121.8898059842006,13.400291841520538]]]}},{"type":"Feature","properties":{"Id":0,"CLN":"17196","PSGC":"174001005","Barangay":"Balagasan","Land_Class":"AGRICULTURAL","PIN":"030-01-006-06-016","Owner":"LINGA, RODOLFO","TaxDecNo":"04839"},"geometry":{"type":"Polygon","coordinates":[[[121.88845142221078,13.400560605517958],[121.8898059842006,13.400291841520538],[121.88942807045537,13.399793903882987],[121.88892311160667,13.40003698953427],[121.88857980127817,13.400202257193909],[121.88845142221078,13.400560605517958]]]}},{"type":"Feature","properties":{"Id":0,"CLN":"17162","PSGC":"174001005","Barangay":"Balagasan","Land_Class":"AGRICULTURAL","PIN":"030-01-006-06-010","Owner":"OLORES, POLICARPIO","TaxDecNo":"04833"},"geometry":{"type":"Polygon","coordinates":[[[121.89205083073706,13.397743847026863],[121.89065254403259,13.397351715788995],[121.89057178765778,13.39859067714335],[121.89059198757936,13.398655813978115],[121.8908670590585,13.399866694741197],[121.89148319438452,13.400729021333047],[121.89174396233524,13.400123114340047],[121.89166791181842,13.399927814962311],[121.89171836843802,13.39978181228388],[121.89186385235725,13.399640657702397],[121.89215090216058,13.399225399974618],[121.89201156772565,13.399012098872703],[121.89215802461928,13.398658258598608],[121.89235733355905,13.398623684671797],[121.89234854508022,13.3985660426456],[121.89224410877056,13.398347675405581],[121.89211368664427,13.398074973521066],[121.89205083073706,13.397743847026863]]]}},{"type":"Feature","properties":{"Id":0,"CLN":"17164","PSGC":"174001005","Barangay":"Balagasan","Land_Class":"AGRICULTURAL","PIN":"030-01-006-06-012","Owner":"MACAPUGAY, SANTIAGO","TaxDecNo":"04835"},"geometry":{"type":"Polygon","coordinates":[[[121.89040670359938,13.398592965375236],[121.88957743710937,13.398426193322996],[121.88960559157945,13.398589443780248],[121.88981378321887,13.39957847955663],[121.8908670590585,13.399866694741197],[121.89059198757936,13.398655813978115],[121.89040670359938,13.398592965375236]]]}},{"type":"Feature","properties":{"Id":0,"CLN":"17163","PSGC":"174001005","Barangay":"Balagasan","Land_Class":"AGRICULTURAL","PIN":"030-01-006-06-014","Owner":"ESPERON, DIGNA M., PICARDAL, ELSIE M. & MACAPUGAY, MELITA M.","TaxDecNo":"04837"},"geometry":{"type":"Polygon","coordinates":[[[121.88957743710937,13.398426193322996],[121.88849169113416,13.398311132938645],[121.88810292104775,13.398587262392342],[121.88796200257143,13.398719572747279],[121.88981378321887,13.39957847955663],[121.88960559157945,13.398589443780248],[121.88957743710937,13.398426193322996]]]}},{"type":"Feature","properties":{"Id":0,"CLN":"17197","PSGC":"174001005","Barangay":"Balagasan","Land_Class":"AGRICULTURAL","PIN":"030-01-006-06-017","Owner":"LINGA, RICARDO","TaxDecNo":"04840"},"geometry":{"type":"Polygon","coordinates":[[[121.88679008153841,13.399627200804339],[121.88681647572903,13.399639715758743],[121.88753527410972,13.399980536553548],[121.88857980127817,13.400202257193909],[121.88892311160667,13.40003698953427],[121.88720044354974,13.398973217388772],[121.88679008153841,13.399627200804339]]]}},{"type":"Feature","properties":{"Id":0,"CLN":"17195","PSGC":"174001005","Barangay":"Balagasan","Land_Class":"AGRICULTURAL","PIN":"030-01-006-06-015","Owner":"OSINSAO, HIGINA M","TaxDecNo":"04838"},"geometry":{"type":"Polygon","coordinates":[[[121.88796200257143,13.398719572747279],[121.88720044354974,13.398973217388772],[121.88892311160667,13.40003698953427],[121.88942807045537,13.399793903882987],[121.88981378321887,13.39957847955663],[121.88796200257143,13.398719572747279]]]}},{"type":"Feature","properties":{"Id":0,"CLN":"17198","PSGC":"174001005","Barangay":"Balagasan","Land_Class":"AGRICULTURAL","PIN":"030-01-006-06-018","Owner":"LINGA, MARIANO","TaxDecNo":"04841"},"geometry":{"type":"Polygon","coordinates":[[[121.8874083636828,13.401003545093646],[121.88775530486548,13.40134626306197],[121.88845142221078,13.400560605517958],[121.88857980127817,13.400202257193909],[121.88753527410972,13.399980536553548],[121.8874083636828,13.401003545093646]]]}},{"type":"Feature","properties":{"Id":0,"CLN":"17160","PSGC":"174001005","Barangay":"Balagasan","Land_Class":"AGRICULTURAL","PIN":"030-01-006-07-009","Owner":"MAPACPAC, MARK Q. & MAPACPAC, MARLON Q & MAPACPAC, LINO JR. Q","TaxDecNo":"04849"},"geometry":{"type":"Polygon","coordinates":[[[121.89224410877056,13.398347675405581],[121.8925653232875,13.398233641008105],[121.89258415741085,13.398074206275812],[121.89282657384076,13.397850763386861],[121.89274939270635,13.397572746634854],[121.89293121807263,13.397402210364056],[121.89295064634592,13.397112801067841],[121.89305531694087,13.396658339993019],[121.89012510898749,13.396066490771545],[121.89012954538663,13.396415084967652],[121.89030204693478,13.39657819118661],[121.89025993758824,13.396987630655824],[121.89065254403259,13.397351715788995],[121.89205083073706,13.397743847026863],[121.89211368664427,13.398074973521066],[121.89224410877056,13.398347675405581]]]}},{"type":"Feature","properties":{"Id":0,"CLN":"17159","PSGC":"174001005","Barangay":"Balagasan","Land_Class":"AGRICULTURAL","PIN":"030-01-006-07-010","Owner":"MORONG, ILUMINADA","TaxDecNo":"04850"},"geometry":{"type":"Polygon","coordinates":[[[121.8892042495441,13.397337471964176],[121.89030204693478,13.39657819118661],[121.89012954538663,13.396415084967652],[121.89012510898749,13.396066490771545],[121.88894157987264,13.396220803986482],[121.8892042495441,13.397337471964176]]]}},{"type":"Feature","properties":{"Id":0,"CLN":"17156","PSGC":"174001005","Barangay":"Balagasan","Land_Class":"AGRICULTURAL","PIN":"030-01-006-07-011","Owner":"OGAYRE, ANACLETA","TaxDecNo":"04851"},"geometry":{"type":"Polygon","coordinates":[[[121.88894157987264,13.396220803986482],[121.89012510898749,13.396066490771545],[121.8903007376483,13.39593137747429],[121.89032598679132,13.395689258517004],[121.89021181560742,13.395582412021977],[121.89018835410116,13.395434607772588],[121.89000314877353,13.395026138701962],[121.88926107627755,13.394981520028855],[121.88927646940151,13.395572392189026],[121.88895667300949,13.396059528600512],[121.88894157987264,13.396220803986482]]]}},{"type":"Feature","properties":{"Id":0,"CLN":"17157","PSGC":"174001005","Barangay":"Balagasan","Land_Class":"AGRICULTURAL","PIN":"030-01-006-07-007","Owner":"LANDIG, TEODOCIA","TaxDecNo":"04847"},"geometry":{"type":"Polygon","coordinates":[[[121.89032598679132,13.395689258517004],[121.89300054251844,13.396288522162132],[121.89298728363546,13.396218675192813],[121.89282614070378,13.395825821929902],[121.89273130733403,13.395778880275834],[121.89018835410116,13.395434607772588],[121.89021181560742,13.395582412021977],[121.89032598679132,13.395689258517004]]]}},{"type":"Feature","properties":{"Id":0,"CLN":"17158","PSGC":"174001005","Barangay":"Balagasan","Land_Class":"AGRICULTURAL","PIN":"030-01-006-07-008","Owner":"LANDIG, EMILIANA","TaxDecNo":"04848"},"geometry":{"type":"Polygon","coordinates":[[[121.89012510898749,13.396066490771545],[121.89305531694087,13.396658339993019],[121.89307470510263,13.396401838705154],[121.89300054251844,13.396288522162132],[121.89032598679132,13.395689258517004],[121.8903007376483,13.39593137747429],[121.89012510898749,13.396066490771545]]]}},{"type":"Feature","properties":{"Id":0,"CLN":"17155","PSGC":"174001005","Barangay":"Balagasan","Land_Class":"AGRICULTURAL","PIN":"030-01-006-07-006","Owner":"LANDIG, ARSENIO","TaxDecNo":"04846"},"geometry":{"type":"Polygon","coordinates":[[[121.89018835410116,13.395434607772588],[121.89273130733403,13.395778880275834],[121.89250491504022,13.395081922870054],[121.89254272439938,13.394732036655402],[121.89245236681147,13.39469619214774],[121.8924510491032,13.394984203833804],[121.89185392235353,13.394915119107917],[121.89163978066284,13.395224352053305],[121.8903773733021,13.395143481365736],[121.89040036885292,13.395063823761427],[121.8903279936169,13.395054643718483],[121.89026883073036,13.395125280335595],[121.89000314877353,13.395026138701962],[121.89018835410116,13.395434607772588]]]}},{"type":"Feature","properties":{"Id":0,"CLN":"17154","PSGC":"174001005","Barangay":"Balagasan","Land_Class":"AGRICULTURAL","PIN":"030-01-006-07-005","Owner":"PETISANAN, PATERNO","TaxDecNo":"04845"},"geometry":{"type":"Polygon","coordinates":[[[121.8903773733021,13.395143481365736],[121.89163978066284,13.395224352053305],[121.89185392235353,13.394915119107917],[121.8924510491032,13.394984203833804],[121.89245236681147,13.39469619214774],[121.8923794874127,13.394439980121001],[121.89040036885292,13.395063823761427],[121.8903773733021,13.395143481365736]]]}},{"type":"Feature","properties":{"Id":0,"CLN":"17152","PSGC":"174001005","Barangay":"Balagasan","Land_Class":"AGRICULTURAL","PIN":"030-01-006-07-004","Owner":"PETISANAN, PATERNO","TaxDecNo":"04844"},"geometry":{"type":"Polygon","coordinates":[[[121.8903279936169,13.395054643718483],[121.89040036885292,13.395063823761427],[121.8923794874127,13.394439980121001],[121.89221766721711,13.394195563373827],[121.89112390295732,13.393858436254247],[121.89092506477299,13.393791097729329],[121.89057634188059,13.39383830771365],[121.8901089889435,13.394093254615072],[121.89018870953812,13.394474673918287],[121.8903279936169,13.395054643718483]]]}},{"type":"Feature","properties":{"Id":0,"CLN":"17178","PSGC":"174001005","Barangay":"Balagasan","Land_Class":"AGRICULTURAL","PIN":"030-01-006-05-034","Owner":"HRS. OF JULIANA LINGA","TaxDecNo":"04809"},"geometry":{"type":"Polygon","coordinates":[[[121.89014702875859,13.403794574514395],[121.89079791505553,13.403989354661984],[121.89082143685101,13.403301540187414],[121.8905296576764,13.403080921806863],[121.89014702875859,13.403794574514395]]]}},{"type":"Feature","properties":{"Id":0,"CLN":"17208","PSGC":"174001005","Barangay":"Balagasan","Land_Class":"AGRICULTURAL","PIN":"030-01-006-05-015","Owner":"LINING, JUSTINA","TaxDecNo":"04791"},"geometry":{"type":"Polygon","coordinates":[[[121.88723533790697,13.404541953496052],[121.88911963535686,13.405228201308258],[121.8891251383128,13.405015536089435],[121.88727699058312,13.404342740877885],[121.88723533790697,13.404541953496052]]]}},{"type":"Feature","properties":{"Id":0,"CLN":"17170","PSGC":"174001005","Barangay":"Balagasan","Land_Class":"AGRICULTURAL","PIN":"030-01-006-06-001","Owner":"DE LA CRUZ, ROSALITO","TaxDecNo":"04824"},"geometry":{"type":"Polygon","coordinates":[[[121.89498528677372,13.4033392965863],[121.89505461107665,13.403125487653924],[121.89388804109916,13.40319911208941],[121.89309841489772,13.403771439321627],[121.89264285710156,13.40406669022771],[121.89309323268547,13.404575534348279],[121.89318830575368,13.40470977142798],[121.89353052910678,13.404604215752535],[121.89403709015428,13.4044324696254],[121.89457135611613,13.404180551630729],[121.89479189942169,13.40378005671257],[121.89498528677372,13.4033392965863]]]}},{"type":"Feature","properties":{"Id":0,"CLN":"17169","PSGC":"174001005","Barangay":"Balagasan","Land_Class":"AGRICULTURAL","PIN":"030-01-006-06-003","Owner":"LINGA, VICTORIA","TaxDecNo":"04826"},"geometry":{"type":"Polygon","coordinates":[[[121.89515115229604,13.40275131805494],[121.89506004516218,13.402496869895675],[121.89507780937201,13.402395327892288],[121.89311204714129,13.401991415873578],[121.89292203021209,13.40195418766954],[121.8925570196877,13.402590655827503],[121.89199141517204,13.402552725614953],[121.89185034621735,13.403231285499801],[121.89207579495935,13.40348152080908],[121.8919637005501,13.403929117125186],[121.89210602345001,13.403984575897123],[121.89264285710156,13.40406669022771],[121.89309841489772,13.403771439321627],[121.89388804109916,13.40319911208941],[121.89505461107665,13.403125487653924],[121.89515115229604,13.40275131805494]]]}},{"type":"Feature","properties":{"Id":0,"CLN":"17168","PSGC":"174001005","Barangay":"Balagasan","Land_Class":"AGRICULTURAL","PIN":"030-01-006-06-008","Owner":"HRS. OF PABLO LOPEZ","TaxDecNo":"04831"},"geometry":{"type":"Polygon","coordinates":[[[121.89515703022467,13.40146416012308],[121.89582527389716,13.40035491153478],[121.89310892317172,13.400181946315891],[121.89182836434998,13.400105432439453],[121.89157614137947,13.400822152921391],[121.89141775564805,13.400938879918579],[121.89200978245118,13.401507081994007],[121.89233168427498,13.401388856601708],[121.89292203021209,13.40195418766954],[121.89311204714129,13.401991415873578],[121.89507780937201,13.402395327892288],[121.895120213024,13.401949515647813],[121.89508031024221,13.401847721242842],[121.8950750076206,13.401746078272108],[121.89515703022467,13.40146416012308]]]}},{"type":"Feature","properties":{"Id":0,"CLN":"17167","PSGC":"174001005","Barangay":"Balagasan","Land_Class":"AGRICULTURAL","PIN":"030-01-006-06-009","Owner":"OSMILLO, FRANCISCO","TaxDecNo":"04832"},"geometry":{"type":"Polygon","coordinates":[[[121.89695858080628,13.39816197052523],[121.89709167412737,13.39797758890335],[121.8930761695752,13.3982428966876],[121.89261773929567,13.398277442743998],[121.89233896106268,13.39836927179253],[121.89240281723932,13.39857514278304],[121.89239786531294,13.39866817282996],[121.89221207367673,13.39871609919846],[121.89209778615042,13.398963735793659],[121.89225952788516,13.399225876555251],[121.89216819506214,13.399402717289245],[121.89189993924968,13.399667402292852],[121.89172234659142,13.399901467697672],[121.89182836434998,13.400105432439453],[121.89310892317172,13.400181946315891],[121.89582527389716,13.40035491153478],[121.89625589482802,13.399504317109958],[121.89672139536106,13.398591773064384],[121.8968569473939,13.398352654931161],[121.89695858080628,13.39816197052523]]]}},{"type":"Feature","properties":{"Id":0,"CLN":"19912","PSGC":"174001005","Barangay":"Balagasan","Land_Class":"AGRICULTURAL","PIN":"030-01-006-01-055","Owner":"MALAJACAN, EUSEBIO","TaxDecNo":"04453"},"geometry":{"type":"Polygon","coordinates":[[[121.88720207187696,13.422408084663278],[121.88748288046638,13.422075565604443],[121.88775002768445,13.421066044694985],[121.88798424073366,13.420684756328866],[121.88781571224592,13.420274545352676],[121.88755621970296,13.420285887983445],[121.88746946864048,13.420428774718737],[121.88703986581736,13.42024147111818],[121.8869954613276,13.420536241702322],[121.88664159330575,13.420728514477304],[121.88628795784905,13.42087022204846],[121.88610491196967,13.421358215029509],[121.88627585206193,13.421628653897583],[121.88720207187696,13.422408084663278]]]}},{"type":"Feature","properties":{"Id":0,"CLN":"19908","PSGC":"174001005","Barangay":"Balagasan","Land_Class":"AGRICULTURAL","PIN":"030-01-006-01-051","Owner":"LORICO, LIOBA M.","TaxDecNo":"04449"},"geometry":{"type":"Polygon","coordinates":[[[121.88720207187696,13.422408084663278],[121.88688384184562,13.422339258794882],[121.88631730503096,13.421974369213675],[121.88639117461908,13.422758463661228],[121.88651174253194,13.42275056863428],[121.88725341656087,13.422475732237501],[121.88720207187696,13.422408084663278]]]}},{"type":"Feature","properties":{"Id":0,"CLN":"19904","PSGC":"174001005","Barangay":"Balagasan","Land_Class":null,"PIN":"030-01-006-01-034"},"geometry":{"type":"Polygon","coordinates":[[[121.88639117461908,13.422758463661228],[121.88595148261639,13.422891362717447],[121.88591751215418,13.422790081234412],[121.88547824762631,13.422830277602115],[121.88535678524039,13.423032003233622],[121.88538195181555,13.423175383903853],[121.8859849866989,13.423093773490203],[121.8864591936705,13.422944171642305],[121.88689869139145,13.42285340890582],[121.88725341656087,13.422475732237501],[121.88651174253194,13.42275056863428],[121.88639117461908,13.422758463661228]]]}},{"type":"Feature","properties":{"Id":0,"CLN":"19906","PSGC":"174001005","Barangay":"Balagasan","Land_Class":"AGRICULTURAL","PIN":"030-01-006-01-032","Owner":"MAGCAMIT, LEONILA","TaxDecNo":"04435"},"geometry":{"type":"Polygon","coordinates":[[[121.88591751215418,13.422790081234412],[121.8859613355855,13.422621722646285],[121.88547037720733,13.422670118182904],[121.88547824762631,13.422830277602115],[121.88591751215418,13.422790081234412]]]}},{"type":"Feature","properties":{"Id":0,"CLN":"19907","PSGC":"174001005","Barangay":"Balagasan","Land_Class":"AGRICULTURAL","PIN":"030-01-006-01-031","Owner":"MAGCAMIT, RESTITUTO","TaxDecNo":"04434"},"geometry":{"type":"Polygon","coordinates":[[[121.88547037720733,13.422670118182904],[121.8859613355855,13.422621722646285],[121.88591751215418,13.422790081234412],[121.88595148261639,13.422891362717447],[121.88639117461908,13.422758463661228],[121.88631730503096,13.421974369213675],[121.88565393092837,13.422072569160369],[121.8854630511597,13.422391974602895],[121.88547037720733,13.422670118182904]]]}},{"type":"Feature","properties":{"Id":0,"CLN":"19902","PSGC":"174001005","Barangay":"Balagasan","Land_Class":"AGRICULTURAL","PIN":"030-01-006-01-154","Owner":"VIRGILIO & LEONORA MAGCAMIT","TaxDecNo":"04541"},"geometry":{"type":"Polygon","coordinates":[[[121.88538195181555,13.423175383903853],[121.88540711841384,13.423318764572322],[121.88600135008504,13.423279253285276],[121.8859849866989,13.423093773490203],[121.88538195181555,13.423175383903853]]]}},{"type":"Feature","properties":{"Id":0,"CLN":"19901","PSGC":"174001005","Barangay":"Balagasan","Land_Class":"AGRICULTURAL","PIN":"030-01-006-01-035","Owner":"MAYACYAC, NONITA","TaxDecNo":"04436"},"geometry":{"type":"Polygon","coordinates":[[[121.8868290020192,13.423030081093806],[121.88689869139145,13.42285340890582],[121.8864591936705,13.422944171642305],[121.8859849866989,13.423093773490203],[121.88600135008504,13.423279253285276],[121.88540711841384,13.423318764572322],[121.88539780918269,13.423470420409918],[121.886017435211,13.423480741811302],[121.88608650969846,13.42348189232311],[121.88650956701052,13.42322250542107],[121.8868290020192,13.423030081093806]]]}},{"type":"Feature","properties":{"Id":0,"CLN":"19900","PSGC":"174001005","Barangay":"Balagasan","Land_Class":"AGRICULTURAL","PIN":"030-01-006-01-036","Owner":"MAGCAMIT, BALDOMIRA","TaxDecNo":"04437"},"geometry":{"type":"Polygon","coordinates":[[[121.88645831923313,13.423565472713644],[121.88650956701052,13.42322250542107],[121.88608650969846,13.42348189232311],[121.88645831923313,13.423565472713644]]]}},{"type":"Feature","properties":{"Id":0,"CLN":"19903","PSGC":"174001005","Barangay":"Balagasan","Land_Class":"AGRICULTURAL","PIN":"030-01-006-01-140","Owner":"MACAPUGAY, LEON","TaxDecNo":"04528"},"geometry":{"type":"Polygon","coordinates":[[[121.88535007929846,13.423572713700546],[121.88539780918269,13.423470420409918],[121.88540711841384,13.423318764572322],[121.88538195181555,13.423175383903853],[121.88535678524039,13.423032003233622],[121.88498596613711,13.423165205055403],[121.88511413212285,13.423376462195794],[121.88535007929846,13.423572713700546]]]}},{"type":"Feature","properties":{"Id":0,"CLN":"19905","PSGC":"174001005","Barangay":"Balagasan","Land_Class":"AGRICULTURAL","PIN":"030-01-006-01-030","Owner":"TAN, TEODORA","TaxDecNo":"04433"},"geometry":{"type":"Polygon","coordinates":[[[121.88498596613711,13.423165205055403],[121.88535678524039,13.423032003233622],[121.88547824762631,13.422830277602115],[121.88547037720733,13.422670118182904],[121.8854630511597,13.422391974602895],[121.88565393092837,13.422072569160369],[121.88555954084798,13.422004731013237],[121.8855081578756,13.421945510576718],[121.88525860812611,13.421919124404205],[121.88496542904137,13.422018959185271],[121.8851018925133,13.422297673892686],[121.88498596613711,13.423165205055403]]]}},{"type":"Feature","properties":{"Id":0,"CLN":"19909","PSGC":"174001005","Barangay":"Balagasan","Land_Class":"AGRICULTURAL","PIN":"030-01-006-01-052","Owner":"MAPACPAC, BUENAVENTURA","TaxDecNo":"04450"},"geometry":{"type":"Polygon","coordinates":[[[121.88525860812611,13.421919124404205],[121.8855081578756,13.421945510576718],[121.88555954084798,13.422004731013237],[121.88565393092837,13.422072569160369],[121.88631730503096,13.421974369213675],[121.88688384184562,13.422339258794882],[121.88720207187696,13.422408084663278],[121.88627585206193,13.421628653897583],[121.88610491196967,13.421358215029509],[121.88596638802643,13.421526155231293],[121.88606903749434,13.42166987824283],[121.88585322501136,13.421795338781164],[121.88550881883924,13.421802244088633],[121.88546592845496,13.421768344027182],[121.88528536899102,13.421716980050272],[121.88520013279373,13.421531195694877],[121.88511407997295,13.421522387550441],[121.88525860812611,13.421919124404205]]]}},{"type":"Feature","properties":{"Id":0,"CLN":"19910","PSGC":"174001005","Barangay":"Balagasan","Land_Class":"AGRICULTURAL","PIN":"030-01-006-01-053","Owner":"MERCADER, LINDA S.","TaxDecNo":"04451"},"geometry":{"type":"Polygon","coordinates":[[[121.88511407997295,13.421522387550441],[121.88520013279373,13.421531195694877],[121.88528536899102,13.421716980050272],[121.88546592845496,13.421768344027182],[121.88550881883924,13.421802244088633],[121.88585322501136,13.421795338781164],[121.88606903749434,13.42166987824283],[121.88596638802643,13.421526155231293],[121.88610491196967,13.421358215029509],[121.88579545856929,13.421065809895182],[121.8856509325823,13.421142791454809],[121.88525001984661,13.42132448528713],[121.88518106784899,13.421426498074478],[121.88516999473393,13.421482900241903],[121.88511407997295,13.421522387550441]]]}},{"type":"Feature","properties":{"Id":0,"CLN":"19911","PSGC":"174001005","Barangay":"Balagasan","Land_Class":"AGRICULTURAL","PIN":"030-01-006-01-054","Owner":"HRS. OF MASCAREÑAS, SILVESTRE","TaxDecNo":"04452"},"geometry":{"type":"Polygon","coordinates":[[[121.88579545856929,13.421065809895182],[121.88610491196967,13.421358215029509],[121.88628795784905,13.42087022204846],[121.88593371971227,13.420784165150499],[121.88579545856929,13.421065809895182]]]}},{"type":"Feature","properties":{"Id":0,"CLN":"19918","PSGC":"174001005","Barangay":"Balagasan","Land_Class":"AGRICULTURAL","PIN":"030-01-006-01-029","Owner":"TAN, TEODORA","TaxDecNo":"04432"},"geometry":{"type":"Polygon","coordinates":[[[121.88497155702409,13.422307620403581],[121.88485015376114,13.422060109733904],[121.88474927584647,13.422121240921767],[121.88466487159884,13.422170740365193],[121.88444392394105,13.422527546218666],[121.88427110543309,13.422535454938027],[121.88390925133197,13.42270515550525],[121.88350152098819,13.423215088608963],[121.88363997079517,13.423454224027967],[121.88474749718577,13.423216903578357],[121.8848773797671,13.423189252614533],[121.88497155702409,13.422307620403581]]]}},{"type":"Feature","properties":{"Id":0,"CLN":"19919","PSGC":"174001005","Barangay":"Balagasan","Land_Class":"AGRICULTURAL","PIN":"030-01-006-01-160","Owner":"MAGARARU, ELIGAR M.","TaxDecNo":"04547"},"geometry":{"type":"Polygon","coordinates":[[[121.88462059770985,13.421003769030534],[121.88496390822516,13.421351784634039],[121.88510971713134,13.421210337344244],[121.88549575119038,13.421109915426884],[121.88551488928711,13.42101839575591],[121.88545800446627,13.420909976724188],[121.88500809343986,13.420623757888746],[121.88495885297819,13.420481447990928],[121.88504087019155,13.420401883875973],[121.8849187665783,13.420321417055156],[121.884749938723,13.420496939082197],[121.88464590049762,13.420641037867444],[121.88462059770985,13.421003769030534]]]}},{"type":"Feature","properties":{"Id":0,"CLN":"19915","PSGC":"174001005","Barangay":"Balagasan","Land_Class":"AGRICULTURAL","PIN":"030-01-006-01-059","Owner":"MAGARARU, EVELYN M","TaxDecNo":"04457"},"geometry":{"type":"Polygon","coordinates":[[[121.88508994676242,13.420579716070653],[121.88554307127998,13.420880643892124],[121.88579545856929,13.421065809895182],[121.88593371971227,13.420784165150499],[121.88638821134089,13.420376755822458],[121.88615430349388,13.419949446014275],[121.885976805293,13.420077432867402],[121.8857721112896,13.420200859016763],[121.8855956367712,13.420106831089331],[121.88572172361975,13.420307205462807],[121.88508994676242,13.420579716070653]]]}},{"type":"Feature","properties":{"Id":0,"CLN":"19913","PSGC":"174001005","Barangay":"Balagasan","Land_Class":"AGRICULTURAL","PIN":"030-01-006-01-058","Owner":"MASCAREÑAS, ROMEO","TaxDecNo":"04456"},"geometry":{"type":"Polygon","coordinates":[[[121.88638821134089,13.420376755822458],[121.88593371971227,13.420784165150499],[121.88628795784905,13.42087022204846],[121.88664159330575,13.420728514477304],[121.88638821134089,13.420376755822458]]]}},{"type":"Feature","properties":{"Id":0,"CLN":"19914","PSGC":"174001005","Barangay":"Balagasan","Land_Class":"AGRICULTURAL","PIN":"030-01-006-01-057","Owner":"HRS. OF MASCAREÑAS, SILVESTRE","TaxDecNo":"04455"},"geometry":{"type":"Polygon","coordinates":[[[121.88638821134089,13.420376755822458],[121.88664159330575,13.420728514477304],[121.8869954613276,13.420536241702322],[121.88703986581736,13.42024147111818],[121.88638821134089,13.420376755822458]]]}},{"type":"Feature","properties":{"Id":0,"CLN":"19925","PSGC":"174001005","Barangay":"Balagasan","Land_Class":"AGRICULTURAL","PIN":"030-01-006-03-004","Owner":"CORDERO, NONITA","TaxDecNo":"04632"},"geometry":{"type":"Polygon","coordinates":[[[121.88547860166072,13.419910937056837],[121.8855956367712,13.420106831089331],[121.8857721112896,13.420200859016763],[121.885976805293,13.420077432867402],[121.88615430349388,13.419949446014275],[121.8863772844067,13.41979501762187],[121.88673602964363,13.419504794497728],[121.88655639872628,13.419316247439674],[121.8864848663411,13.419089472088695],[121.88641725614582,13.418995925494242],[121.88622240753448,13.419498554805715],[121.88547860166072,13.419910937056837]]]}},{"type":"Feature","properties":{"Id":0,"CLN":"19917","PSGC":"174001005","Barangay":"Balagasan","Land_Class":"AGRICULTURAL","PIN":"030-01-006-03-064","Owner":"LAUREL, ANDREW R.","TaxDecNo":"04689"},"geometry":{"type":"Polygon","coordinates":[[[121.88728227443866,13.418544524594974],[121.8871708238302,13.41864088629362],[121.8871034204694,13.418590933901664],[121.88664563683216,13.418959895707799],[121.8864848663411,13.419089472088695],[121.88655639872628,13.419316247439674],[121.88673602964363,13.419504794497728],[121.8880106897073,13.419987261457063],[121.88833703528049,13.41976880121062],[121.88872632502236,13.419338301305459],[121.8883359204753,13.419013257503307],[121.88815038001421,13.418922400595259],[121.88769023831833,13.418697073943425],[121.88750248916658,13.418668999062648],[121.88728227443866,13.418544524594974]]]}},{"type":"Feature","properties":{"Id":0,"CLN":"19916","PSGC":"174001005","Barangay":"Balagasan","Land_Class":"AGRICULTURAL","PIN":"030-01-006-01-056","Owner":"MAPACPAC, TIBURCIO","TaxDecNo":"04454"},"geometry":{"type":"Polygon","coordinates":[[[121.88638821134089,13.420376755822458],[121.88703986581736,13.42024147111818],[121.88746946864048,13.420428774718737],[121.88755621970296,13.420285887983445],[121.88781571224592,13.420274545352676],[121.8880106897073,13.419987261457063],[121.88673602964363,13.419504794497728],[121.8863772844067,13.41979501762187],[121.88615430349388,13.419949446014275],[121.88638821134089,13.420376755822458]]]}},{"type":"Feature","properties":{"Id":0,"CLN":"19926","PSGC":"174001005","Barangay":"Balagasan","Land_Class":"AGRICULTURAL","PIN":"030-01-006-01-139","Owner":"LIM, RICARDO L.","TaxDecNo":"04527"},"geometry":{"type":"Polygon","coordinates":[[[121.88542723199524,13.419819043791934],[121.88612355825856,13.419388034885383],[121.88588959267227,13.4195126576915],[121.88545107125168,13.41971062768331],[121.88542723199524,13.419819043791934]]]}},{"type":"Feature","properties":{"Id":0,"CLN":"19920","PSGC":"174001005","Barangay":"Balagasan","Land_Class":"AGRICULTURAL","PIN":"030-01-006-01-062","Owner":"MAPACPAC, AVELINA","TaxDecNo":"04460"},"geometry":{"type":"Polygon","coordinates":[[[121.8849187665783,13.420321417055156],[121.88504087019155,13.420401883875973],[121.88561172833572,13.420299638514885],[121.8853098799449,13.419961316435904],[121.8849187665783,13.420321417055156]]]}},{"type":"Feature","properties":{"Id":0,"CLN":"19927","PSGC":"174001005","Barangay":"Balagasan","Land_Class":"AGRICULTURAL","PIN":"030-01-006-03-036","Owner":"LARDIZABAL, EMILIO","TaxDecNo":"04661"},"geometry":{"type":"Polygon","coordinates":[[[121.88612355825856,13.419388034885383],[121.88627422456625,13.419034048323034],[121.88633332396044,13.418719230267142],[121.88652472938955,13.417840675624177],[121.88686003338249,13.417009782618615],[121.88728015916362,13.416536666507733],[121.88686938588452,13.416022262252094],[121.886571004009,13.41613851198907],[121.88645958313671,13.41634023504295],[121.88639446735047,13.416918376402934],[121.88612538437074,13.416931296070489],[121.88596148840497,13.417052841613758],[121.88591736449501,13.417245456281139],[121.88652639787136,13.417478577123076],[121.88646708246036,13.417840421075551],[121.88630738305059,13.418093660182526],[121.88611057426402,13.418059872194712],[121.88604256070411,13.418224165299277],[121.88592187736798,13.418350604302137],[121.88599287383366,13.418581348915904],[121.88611745070584,13.41865243933989],[121.88601520238899,13.418948256013707],[121.88612355825856,13.419388034885383]]]}},{"type":"Feature","properties":{"Id":0,"CLN":"19930","PSGC":"174001005","Barangay":"Balagasan","Land_Class":"AGRICULTURAL","PIN":"030-01-006-03-038","Owner":"LARDIZABAL, EMILIO","TaxDecNo":"04663"},"geometry":{"type":"Polygon","coordinates":[[[121.88611057426402,13.418059872194712],[121.88630738305059,13.418093660182526],[121.88646708246036,13.417840421075551],[121.88652639787136,13.417478577123076],[121.88591736449501,13.417245456281139],[121.8861538386609,13.417518710123153],[121.88620351767815,13.417811506946311],[121.88611057426402,13.418059872194712]]]}},{"type":"Feature","properties":{"Id":0,"CLN":"19935","PSGC":"174001005","Barangay":"Balagasan","Land_Class":"AGRICULTURAL","PIN":"030-01-006-03-004","Owner":"CORDERO, NONITA","TaxDecNo":"04632"},"geometry":{"type":"Polygon","coordinates":[[[121.887919017337,13.41570681077253],[121.88741964563407,13.416503844586854],[121.88813642489491,13.415986074840351],[121.887919017337,13.41570681077253]]]}},{"type":"Feature","properties":{"Id":0,"CLN":"17392","PSGC":"174001005","Barangay":"Balagasan","Land_Class":"AGRICULTURAL","PIN":"030-01-006-01-119","Owner":"MASCAREÑAS, VICTORIA","TaxDecNo":"04512"},"geometry":{"type":"Polygon","coordinates":[[[121.88055258170903,13.421923748782923],[121.88089793640793,13.421968649732868],[121.88091386895519,13.421717188096483],[121.88080707100096,13.421710376160423],[121.8806215563807,13.421698543300218],[121.88055258170903,13.421923748782923]]]}},{"type":"Feature","properties":{"Id":0,"CLN":"17166","PSGC":"174001005","Barangay":"Balagasan","Land_Class":"AGRICULTURAL","PIN":"030-01-006-07-001","Owner":"LINING, DANIEL","TaxDecNo":"04842"},"geometry":{"type":"Polygon","coordinates":[[[121.8956614722632,13.395168445334866],[121.89507713671993,13.395055814049075],[121.8931745328345,13.396356765210317],[121.8931477106506,13.396528698813952],[121.89312716416397,13.396751638035127],[121.89306194280759,13.396900229864208],[121.89300336957052,13.397089399986807],[121.89299837908102,13.397438322340099],[121.89288905486411,13.397590713871233],[121.89289793112205,13.397876554707464],[121.89263889723888,13.398104725085506],[121.89261773929567,13.398277442743998],[121.8930761695752,13.3982428966876],[121.89709167412737,13.39797758890335],[121.8978760623117,13.397216499798333],[121.89806231409341,13.396421971521507],[121.89837942298418,13.396087143852272],[121.8956614722632,13.395168445334866]]]}},{"type":"Feature","properties":{"Id":0,"CLN":"17165","PSGC":"174001005","Barangay":"Balagasan","Land_Class":"AGRICULTURAL","PIN":"030-01-006-07-013","Owner":"HEIRS OF FRANCISCO NIEPES","TaxDecNo":"04853"},"geometry":{"type":"Polygon","coordinates":[[[121.89436904169193,13.39430058717889],[121.89270520834171,13.3955429157629],[121.89276917210687,13.395690133705783],[121.89289545444917,13.395788170144085],[121.8930612552049,13.39615224203695],[121.8931745328345,13.396356765210317],[121.89507713671993,13.395055814049075],[121.89436904169193,13.39430058717889]]]}},{"type":"Feature","properties":{"Id":0,"CLN":"17151","PSGC":"174001005","Barangay":"Balagasan","Land_Class":"AGRICULTURAL","PIN":"030-01-006-07-012","Owner":"HRS. OF REMEDIOS PASCUAL","TaxDecNo":"04852"},"geometry":{"type":"Polygon","coordinates":[[[121.89202150111056,13.392555218958998],[121.89185487254656,13.392372815505189],[121.89108982622321,13.393393027823196],[121.89112390295732,13.393858436254247],[121.89221766721711,13.394195563373827],[121.8923794874127,13.394439980121001],[121.89245236681147,13.39469619214774],[121.89254272439938,13.394732036655402],[121.89307916154328,13.394215956635135],[121.89363809556484,13.393736736138804],[121.89346294324082,13.393691986848939],[121.89307225866145,13.393388429833262],[121.89202150111056,13.392555218958998]]]}},{"type":"Feature","properties":{"Id":0,"CLN":"19893","PSGC":"174001005","Barangay":"Balagasan","Land_Class":"AGRICULTURAL","PIN":"030-01-006-01-049","Owner":"FABALEÑA, CARLITO F.","TaxDecNo":"29267"},"geometry":{"type":"Polygon","coordinates":[[[121.88963671466156,13.423505234656053],[121.88930767431508,13.422624187740693],[121.88872136599656,13.423400818144273],[121.88895667446636,13.423584021038298],[121.88911620264486,13.423750864640478],[121.88914897054984,13.423801774204389],[121.8893373389079,13.423709531735142],[121.88956782255921,13.423563161174213],[121.88963671466156,13.423505234656053]]]}},{"type":"Feature","properties":{"Id":0,"CLN":"19892","PSGC":"174001005","Barangay":"Balagasan","Land_Class":"AGRICULTURAL","PIN":"030-01-006-01-045","Owner":"CABALLES, JORGE","TaxDecNo":"04445"},"geometry":{"type":"Polygon","coordinates":[[[121.89028787730435,13.42505715729578],[121.88991871374053,13.424805852049628],[121.8895194877831,13.425247906303856],[121.8898350169082,13.42532122828675],[121.89028787730435,13.42505715729578]]]}},{"type":"Feature","properties":{"Id":0,"CLN":"19891","PSGC":"174001005","Barangay":"Balagasan","Land_Class":"AGRICULTURAL","PIN":"030-01-006-01-047","Owner":"CABALLES, JORGE","TaxDecNo":"04446"},"geometry":{"type":"Polygon","coordinates":[[[121.8895194877831,13.425247906303856],[121.8893619108568,13.42465649018217],[121.88870143496696,13.424750494306876],[121.88929775715472,13.425279234379552],[121.8895194877831,13.425247906303856]]]}},{"type":"Feature","properties":{"Id":0,"CLN":"19890","PSGC":"174001005","Barangay":"Balagasan","Land_Class":"AGRICULTURAL","PIN":"030-01-006-01-048","Owner":"YU, EMILIANA T.","TaxDecNo":"04447"},"geometry":{"type":"Polygon","coordinates":[[[121.88811534966268,13.425070960440241],[121.88838913090486,13.424998327853396],[121.88870143496696,13.424750494306876],[121.8893619108568,13.42465649018217],[121.8895194877831,13.425247906303856],[121.88991871374053,13.424805852049628],[121.88969118884408,13.42430839178392],[121.8893373389079,13.423709531735142],[121.88914897054984,13.423801774204389],[121.88911620264486,13.423750864640478],[121.88877062291799,13.424058547329293],[121.88868597448017,13.424012024006501],[121.88820581914476,13.423852996186511],[121.88811534966268,13.425070960440241]]]}},{"type":"Feature","properties":{"Id":0,"CLN":"19899","PSGC":"174001005","Barangay":"Balagasan","Land_Class":"AGRICULTURAL","PIN":"030-01-006-01-156","Owner":"NERI, ROLANDO","TaxDecNo":"04543"},"geometry":{"type":"Polygon","coordinates":[[[121.88725341656087,13.422475732237501],[121.88762937723614,13.423001992677948],[121.88707320289123,13.42332007289087],[121.88684305973403,13.42299444286939],[121.8868290020192,13.423030081093806],[121.88693412130426,13.42358432827518],[121.88694316745814,13.423667438420592],[121.8873712282715,13.423877003749947],[121.88760829137637,13.423587304278715],[121.88767045573786,13.42352259725782],[121.88872136599656,13.423400818144273],[121.88930767431508,13.422624187740693],[121.88748288046638,13.422075565604443],[121.88720207187696,13.422408084663278],[121.88725341656087,13.422475732237501]]]}},{"type":"Feature","properties":{"Id":0,"CLN":"19898","PSGC":"174001005","Barangay":"Balagasan","Land_Class":null,"PIN":"030-01-006-01-038"},"geometry":{"type":"Polygon","coordinates":[[[121.88693412130426,13.42358432827518],[121.8868290020192,13.423030081093806],[121.88650956701052,13.42322250542107],[121.88645831923313,13.423565472713644],[121.88608650969846,13.42348189232311],[121.886017435211,13.423480741811302],[121.88597238976214,13.423575464752545],[121.88597204920158,13.423649303404215],[121.88585405960043,13.42367647197966],[121.88566494830864,13.423791011275037],[121.88586762827168,13.423801137211798],[121.88617867742823,13.423825586893804],[121.88654653445703,13.423799522023101],[121.88694316745814,13.423667438420592],[121.88693412130426,13.42358432827518]]]}},{"type":"Feature","properties":{"Id":0,"CLN":"19896","PSGC":"174001005","Barangay":"Balagasan","Land_Class":"AGRICULTURAL","PIN":"030-01-006-01-039","Owner":"MAGCAMIT, VIRGILIO","TaxDecNo":"04439"},"geometry":{"type":"Polygon","coordinates":[[[121.88617867742823,13.423825586893804],[121.88586762827168,13.423801137211798],[121.88566494830864,13.423791011275037],[121.88575791790127,13.4240775528357],[121.88624871364642,13.42397357667797],[121.88617867742823,13.423825586893804]]]}},{"type":"Feature","properties":{"Id":0,"CLN":"19895","PSGC":"174001005","Barangay":"Balagasan","Land_Class":"AGRICULTURAL","PIN":"030-01-006-01-040","Owner":"MAGCAMIT, CELESTINA","TaxDecNo":"04440"},"geometry":{"type":"Polygon","coordinates":[[[121.88624871364642,13.42397357667797],[121.88575791790127,13.4240775528357],[121.8858271236434,13.424405524413968],[121.88637933606877,13.424274129461264],[121.88624871364642,13.42397357667797]]]}},{"type":"Feature","properties":{"Id":0,"CLN":"19897","PSGC":"174001005","Barangay":"Balagasan","Land_Class":"AGRICULTURAL","PIN":"030-01-006-01-180","Owner":"MAGCAMIT, RUSTICO","TaxDecNo":"04566"},"geometry":{"type":"Polygon","coordinates":[[[121.88570092783013,13.423901903824474],[121.88562869760578,13.423907238966246],[121.88559560841419,13.423796460294366],[121.88566494830864,13.423791011275037],[121.88585405960043,13.42367647197966],[121.88597204920158,13.423649303404215],[121.88597238976214,13.423575464752545],[121.886017435211,13.423480741811302],[121.88539780918269,13.423470420409918],[121.88535007929846,13.423572713700546],[121.88544833789794,13.4237346734917],[121.88567606834874,13.424446391740613],[121.8858271236434,13.424405524413968],[121.88575791790127,13.4240775528357],[121.88570092783013,13.423901903824474]]]}},{"type":"Feature","properties":{"Id":0,"CLN":"19894","PSGC":"174001005","Barangay":"Balagasan","Land_Class":"AGRICULTURAL","PIN":"030-01-006-01-041","Owner":"SALVO, MA. LORRAINE L.","TaxDecNo":"04441"},"geometry":{"type":"Polygon","coordinates":[[[121.88637933606877,13.424274129461264],[121.8858271236434,13.424405524413968],[121.88567606834874,13.424446391740613],[121.88614129179969,13.424776113711603],[121.88649649615652,13.424426942394643],[121.88637933606877,13.424274129461264]]]}},{"type":"Feature","properties":{"Id":0,"CLN":"19888","PSGC":"174001005","Barangay":"Balagasan","Land_Class":"AGRICULTURAL","PIN":"030-01-006-01-042","Owner":"MONTEJO, JOSE","TaxDecNo":"04442"},"geometry":{"type":"Polygon","coordinates":[[[121.88649649615652,13.424426942394643],[121.88614129179969,13.424776113711603],[121.88635959605283,13.425487789850939],[121.8867138013932,13.425355519368733],[121.88732751693107,13.425178244013509],[121.88676959632033,13.424501988878069],[121.88649649615652,13.424426942394643]]]}},{"type":"Feature","properties":{"Id":0,"CLN":"19889","PSGC":"174001005","Barangay":"Balagasan","Land_Class":"AGRICULTURAL","PIN":"030-01-006-01-048","Owner":"YU, EMILIANA T.","TaxDecNo":"04447"},"geometry":{"type":"Polygon","coordinates":[[[121.88732751693107,13.425178244013509],[121.88791736165236,13.425065471941522],[121.88811534966268,13.425070960440241],[121.88820581914476,13.423852996186511],[121.88868597448017,13.424012024006501],[121.88877062291799,13.424058547329293],[121.88911620264486,13.423750864640478],[121.88895667446636,13.423584021038298],[121.88872136599656,13.423400818144273],[121.88767045573786,13.42352259725782],[121.88760829137637,13.423587304278715],[121.8873712282715,13.423877003749947],[121.88694316745814,13.423667438420592],[121.88654653445703,13.423799522023101],[121.88617867742823,13.423825586893804],[121.88624871364642,13.42397357667797],[121.88637933606877,13.424274129461264],[121.88649649615652,13.424426942394643],[121.88676959632033,13.424501988878069],[121.88732751693107,13.425178244013509]]]}},{"type":"Feature","properties":{"Id":0,"CLN":"19887","PSGC":"174001005","Barangay":"Balagasan","Land_Class":"AGRICULTURAL","PIN":"030-01-006-01-044","Owner":"SALVO, MARIA LORAINE","TaxDecNo":"04444"},"geometry":{"type":"Polygon","coordinates":[[[121.88796492364266,13.425066790439207],[121.8874323150831,13.425967873540866],[121.88736898508165,13.426410635011047],[121.88754099909816,13.42693750560482],[121.88838505093389,13.426908924980207],[121.88903276927961,13.42651489005714],[121.889834995511,13.42532122809744],[121.8895194877831,13.425247906303856],[121.88929775715472,13.425279234379552],[121.88870143496696,13.424750494306876],[121.88838913090486,13.424998327853396],[121.88811534966268,13.425070960440241],[121.88796492364266,13.425066790439207]]]}},{"type":"Feature","properties":{"Id":0,"CLN":"19886","PSGC":"174001005","Barangay":"Balagasan","Land_Class":"AGRICULTURAL","PIN":"030-01-006-01-043","Owner":"MAGCAMIT, BENIGNO","TaxDecNo":"04443"},"geometry":{"type":"Polygon","coordinates":[[[121.88754099909816,13.42693750560482],[121.88736898508165,13.426410635011047],[121.8874323150831,13.425967873540866],[121.88796492364266,13.425066790439207],[121.88791736165236,13.425065471941522],[121.88732751693107,13.425178244013509],[121.8867138013932,13.425355519368733],[121.88635959605283,13.425487789850939],[121.88666303949408,13.426139846848354],[121.88674173973683,13.4264540151713],[121.88706546849365,13.426796955729717],[121.88754099909816,13.42693750560482]]]}},{"type":"Feature","properties":{"Id":0,"CLN":"19885","PSGC":"174001005","Barangay":"Balagasan","Land_Class":"AGRICULTURAL","PIN":"030-01-006-01-022","Owner":"MALACAS, ELEANOR M.","TaxDecNo":"04426"},"geometry":{"type":"Polygon","coordinates":[[[121.88664873339798,13.426477684769184],[121.88658682251682,13.426180070767993],[121.88642383253739,13.425844842609264],[121.8862607858471,13.42552200330596],[121.8859943176613,13.425669495890602],[121.886131279971,13.42615947406984],[121.88613005136918,13.426425836127276],[121.88664873339798,13.426477684769184]]]}},{"type":"Feature","properties":{"Id":0,"CLN":"19884","PSGC":"174001005","Barangay":"Balagasan","Land_Class":"AGRICULTURAL","PIN":"030-01-006-01-021","Owner":"MACAPUGAY, LEON","TaxDecNo":"04425"},"geometry":{"type":"Polygon","coordinates":[[[121.88613005136918,13.426425836127276],[121.886131279971,13.42615947406984],[121.8859943176613,13.425669495890602],[121.88582434338113,13.425476712175849],[121.8856471551661,13.425475928828458],[121.88553307694819,13.425512591975693],[121.8856696094871,13.42609548731555],[121.88577011704581,13.42625699107852],[121.88613005136918,13.426425836127276]]]}},{"type":"Feature","properties":{"Id":0,"CLN":"19881","PSGC":"174001005","Barangay":"Balagasan","Land_Class":"AGRICULTURAL","PIN":"030-01-006-01-023","Owner":"JIMENA, MARTA VDA DE MESA","TaxDecNo":"04427"},"geometry":{"type":"Polygon","coordinates":[[[121.8856471551661,13.425475928828458],[121.88582434338113,13.425476712175849],[121.8859943176613,13.425669495890602],[121.8862607858471,13.42552200330596],[121.886042500566,13.424827244200044],[121.8856375571701,13.424813065011973],[121.88548568198343,13.424812393498987],[121.88549175284827,13.424868171672808],[121.88550872096314,13.425074794947609],[121.8856471551661,13.425475928828458]]]}},{"type":"Feature","properties":{"Id":0,"CLN":"19882","PSGC":"174001005","Barangay":"Balagasan","Land_Class":"AGRICULTURAL","PIN":"030-01-006-01-024","Owner":"MAGCAMIT, VIRGILIO","TaxDecNo":"04428"},"geometry":{"type":"Polygon","coordinates":[[[121.8856696094871,13.42609548731555],[121.88553307694819,13.425512591975693],[121.8856471551661,13.425475928828458],[121.88550872096314,13.425074794947609],[121.88507846336013,13.425291095593892],[121.88512764636708,13.42560371778211],[121.88526440669541,13.426137057547702],[121.8856696094871,13.42609548731555]]]}},{"type":"Feature","properties":{"Id":0,"CLN":"19883","PSGC":"174001005","Barangay":"Balagasan","Land_Class":"AGRICULTURAL","PIN":"030-01-006-01-020","Owner":"MAGCAMIT, BALBINA","TaxDecNo":"04424"},"geometry":{"type":"Polygon","coordinates":[[[121.88577011704581,13.42625699107852],[121.8856696094871,13.42609548731555],[121.88526440669541,13.426137057547702],[121.88525756383117,13.426248529921509],[121.88577011704581,13.42625699107852]]]}},{"type":"Feature","properties":{"Id":0,"CLN":"19875","PSGC":"174001005","Barangay":"Balagasan","Land_Class":"AGRICULTURAL","PIN":"030-01-006-01-019","Owner":"NEPOMUCENO, ILUMINADA M.","TaxDecNo":"04423"},"geometry":{"type":"Polygon","coordinates":[[[121.88526440669541,13.426137057547702],[121.88512764636708,13.42560371778211],[121.88474767117798,13.425663982601572],[121.88455652404434,13.425697272542985],[121.88360791372592,13.426002135794679],[121.88346160951389,13.42607127617514],[121.88475781011022,13.426209151412657],[121.88525756383117,13.426248529921509],[121.88526440669541,13.426137057547702]]]}},{"type":"Feature","properties":{"Id":0,"CLN":"19876","PSGC":"174001005","Barangay":"Balagasan","Land_Class":"AGRICULTURAL","PIN":"030-01-006-01-163","Owner":"SAMAKABA MULTI-PURPOSE COOPERATIVE","TaxDecNo":"04550"},"geometry":{"type":"Polygon","coordinates":[[[121.88507846336013,13.425291095593892],[121.88550872096314,13.425074794947609],[121.88549175284827,13.424868171672808],[121.88548568198343,13.424812393498987],[121.88497270290884,13.424896848973226],[121.88475070415633,13.42500719608657],[121.88445306952784,13.425166282154466],[121.8845047967407,13.425431777352328],[121.88507846336013,13.425291095593892]]]}},{"type":"Feature","properties":{"Id":0,"CLN":"19880","PSGC":"174001005","Barangay":"Balagasan","Land_Class":"AGRICULTURAL","PIN":"030-01-006-01-141","Owner":"CONTRERAS, JUANITA","TaxDecNo":"04529"},"geometry":{"type":"Polygon","coordinates":[[[121.8856375571701,13.424813065011973],[121.886042500566,13.424827244200044],[121.88564508570715,13.424552925408916],[121.8856375571701,13.424813065011973]]]}},{"type":"Feature","properties":{"Id":0,"CLN":"19877","PSGC":"174001005","Barangay":"Balagasan","Land_Class":"AGRICULTURAL","PIN":"030-01-006-01-027","Owner":"MONTEJO, FELOMINA","TaxDecNo":"04430"},"geometry":{"type":"Polygon","coordinates":[[[121.88475419302056,13.424251644767773],[121.88460246682678,13.423760995367738],[121.88380009375416,13.423943754015658],[121.88365359120684,13.424056096144668],[121.88352452384437,13.424068817543679],[121.88350048308155,13.42412852977428],[121.8835914078884,13.424288449084873],[121.88370300938891,13.424381994699264],[121.88434118874275,13.424398113262667],[121.88445306952784,13.425166282154466],[121.88475070415633,13.42500719608657],[121.88497270290884,13.424896848973226],[121.88475419302056,13.424251644767773]]]}},{"type":"Feature","properties":{"Id":0,"CLN":"19878","PSGC":"174001005","Barangay":"Balagasan","Land_Class":"AGRICULTURAL","PIN":"030-01-006-01-028","Owner":"IBAÑES, JUANITA C.","TaxDecNo":"04431"},"geometry":{"type":"Polygon","coordinates":[[[121.88492186982099,13.423570981527948],[121.88497293613334,13.42354340866091],[121.88506741609862,13.42357162533021],[121.88528228560001,13.423634521543734],[121.88524399996544,13.423571443713161],[121.88503484215292,13.423433394596236],[121.8848773797671,13.423189252614533],[121.88474749718577,13.423216903578357],[121.88363997079517,13.423454224027967],[121.88370358785458,13.423588945568726],[121.88380009375416,13.423943754015658],[121.88460246682678,13.423760995367738],[121.8847594617734,13.423673831240007],[121.88492186982099,13.423570981527948]]]}},{"type":"Feature","properties":{"Id":0,"CLN":"19879","PSGC":"174001005","Barangay":"Balagasan","Land_Class":"AGRICULTURAL","PIN":"030-01-006-01-026","Owner":"MANRIQUE, CLEMENTE","TaxDecNo":"04429"},"geometry":{"type":"Polygon","coordinates":[[[121.88497270290884,13.424896848973226],[121.88548568198343,13.424812393498987],[121.8856375571701,13.424813065011973],[121.88564508570715,13.424552925408916],[121.88558211885156,13.42448450650245],[121.88528228560001,13.423634521543734],[121.88506741609862,13.42357162533021],[121.88497293613334,13.42354340866091],[121.88492186982099,13.423570981527948],[121.8847594617734,13.423673831240007],[121.88460246682678,13.423760995367738],[121.88475419302056,13.424251644767773],[121.88497270290884,13.424896848973226]]]}},{"type":"Feature","properties":{"Id":0,"CLN":"19934","PSGC":"174001005","Barangay":"Balagasan","Land_Class":"AGRICULTURAL","PIN":"030-01-006-03-003","Owner":"MACAPUGAY, CONSORCIA","TaxDecNo":"04631"},"geometry":{"type":"Polygon","coordinates":[[[121.88984718738827,13.418160331439129],[121.88999589375345,13.417827345512274],[121.88999044656772,13.417326860686204],[121.88947189062225,13.417396714170495],[121.88968845925675,13.417790734241056],[121.8897725479589,13.4178876471066],[121.88984718738827,13.418160331439129]]]}},{"type":"Feature","properties":{"Id":0,"CLN":"17251","PSGC":"174001005","Barangay":"Balagasan","Land_Class":"AGRICULTURAL","PIN":"030-01-006-03-046","Owner":"PANUCULAN, ELADIO","TaxDecNo":"04671"},"geometry":{"type":"Polygon","coordinates":[[[121.88607156457742,13.412825011846284],[121.88614774808879,13.412509532259733],[121.88528979547145,13.412534466257842],[121.88487668648366,13.412546471072197],[121.88476127830083,13.412838398294515],[121.88457820535726,13.413308341667298],[121.88462061255859,13.413687301946068],[121.88476152378804,13.41366141481446],[121.8851337479988,13.41360513289803],[121.88542242176628,13.413430946134167],[121.88596026584275,13.41340407830944],[121.88609700654527,13.413197317396268],[121.88607156457742,13.412825011846284]]]}},{"type":"Feature","properties":{"Id":0,"CLN":"17291","PSGC":"174001005","Barangay":"Balagasan","Land_Class":"AGRICULTURAL","PIN":"030-01-006-03-043","Owner":"LARDIZABAL, ANGEL","TaxDecNo":"04668"},"geometry":{"type":"Polygon","coordinates":[[[121.88691097387928,13.412182695870376],[121.88664265921761,13.412064536813538],[121.88652307094489,13.412085277192604],[121.8861850761765,13.412354954486725],[121.88614774808879,13.412509532259733],[121.88607156457742,13.412825011846284],[121.88609700654527,13.413197317396268],[121.88596026584275,13.41340407830944],[121.88542242176628,13.413430946134167],[121.8851337479988,13.41360513289803],[121.88476152378804,13.41366141481446],[121.88462061255859,13.413687301946068],[121.88476161413583,13.413964505105561],[121.88491970485207,13.414183153748128],[121.88523174020244,13.415117694121754],[121.88558103233773,13.41526832889059],[121.88630814871249,13.415671158594112],[121.88686905284732,13.415759267213504],[121.88691390779942,13.415516839927367],[121.88684945180768,13.41526679416891],[121.88697926972917,13.41494608928544],[121.88733569053801,13.414607370852789],[121.88739861737479,13.41430989378719],[121.88745504145514,13.41401983339922],[121.88754758633672,13.41394176981368],[121.88759063101982,13.41386823368593],[121.887560108993,13.413839161176218],[121.8875172612357,13.413707818359855],[121.88760856782454,13.413538075501112],[121.88787327168882,13.413457714610647],[121.88795376414322,13.413375655223543],[121.88684556284052,13.41282311143724],[121.886556526018,13.412486861888606],[121.88690511408383,13.412275718344812],[121.88691097387928,13.412182695870376]]]}},{"type":"Feature","properties":{"Id":0,"CLN":"19947","PSGC":"174001005","Barangay":"Balagasan","Land_Class":"AGRICULTURAL","PIN":"030-01-006-01-060","Owner":"DE MESA, JOSE","TaxDecNo":"04458"},"geometry":{"type":"Polygon","coordinates":[[[121.88551488928711,13.42101839575591],[121.88554307127998,13.420880643892124],[121.88508994676242,13.420579716070653],[121.88495885297819,13.420481447990928],[121.88500809343986,13.420623757888746],[121.88545800446627,13.420909976724188],[121.88551488928711,13.42101839575591]]]}},{"type":"Feature","properties":{"Id":0,"CLN":"19922","PSGC":"174001005","Barangay":"Balagasan","Land_Class":"AGRICULTURAL","PIN":"030-01-006-01-061","Owner":"LARDIZABAL, EMILIO","TaxDecNo":"04459"},"geometry":{"type":"Polygon","coordinates":[[[121.8855956367712,13.420106831089331],[121.88547860166072,13.419910937056837],[121.88542723199524,13.419819043791934],[121.88540472568145,13.419984594193398],[121.8855956367712,13.420106831089331]]]}},{"type":"Feature","properties":{"Id":0,"CLN":"199..","PSGC":"174001005","Barangay":"Balagasan","Land_Class":"AGRICULTURAL","PIN":"030-01-006-01-139","Owner":"LIM, RICARDO L.","TaxDecNo":"04527"},"geometry":{"type":"Polygon","coordinates":[[[121.88505439337891,13.419691738940985],[121.88542723199524,13.419819043791934],[121.88545107125168,13.41971062768331],[121.88505439337891,13.419691738940985]]]}},{"type":"Feature","properties":{"Id":0,"CLN":"17292","PSGC":"174001005","Barangay":"Balagasan","Land_Class":"AGRICULTURAL","PIN":"030-01-006-02-031","Owner":"MACAPUGAY, LOIDA LOZANO","TaxDecNo":"04614"},"geometry":{"type":"Polygon","coordinates":[[[121.88590908392989,13.418238092029277],[121.88602800077634,13.41804058833477],[121.88585881583559,13.417987477254849],[121.88576825473791,13.418069472392189],[121.88590908392989,13.418238092029277]]]}},{"type":"Feature","properties":{"Id":0,"CLN":"17337","PSGC":"174001005","Barangay":"Balagasan","Land_Class":"RESIDENTIAL","PIN":"030-01-006-01-087","Owner":"MACAPUGAY, CASIMIRO","TaxDecNo":"04481"},"geometry":{"type":"Polygon","coordinates":[[[121.88322096207438,13.42060922126133],[121.88330790262967,13.420680797606119],[121.88336067308988,13.42057514592224],[121.88328561060872,13.420520603859849],[121.88322096207438,13.42060922126133]]]}},{"type":"Feature","properties":{"Id":0,"CLN":"17326","PSGC":"174001005","Barangay":"Balagasan","Land_Class":"RESIDENTIAL","PIN":"030-01-006-01-078","Owner":"CRUZADO, ISIDRA","TaxDecNo":"04474"},"geometry":{"type":"Polygon","coordinates":[[[121.88385264406524,13.420018383857949],[121.88401829280404,13.42015522258656],[121.88412196120827,13.420251090353155],[121.8842263190452,13.420344250652342],[121.88429754899747,13.420269395186867],[121.88392104329093,13.419935243170414],[121.88385264406524,13.420018383857949]]]}},{"type":"Feature","properties":{"Id":0,"CLN":"17337","PSGC":"174001005","Barangay":"Balagasan","Land_Class":"RESIDENTIAL","PIN":"030-01-006-01-087","Owner":"MACAPUGAY, CASIMIRO","TaxDecNo":"04481"},"geometry":{"type":"Polygon","coordinates":[[[121.88322096207438,13.42060922126133],[121.88330790262967,13.420680797606119],[121.88336067308988,13.42057514592224],[121.88328561060872,13.420520603859849],[121.88322096207438,13.42060922126133]]]}},{"type":"Feature","properties":{"Id":0,"CLN":"17326","PSGC":"174001005","Barangay":"Balagasan","Land_Class":"RESIDENTIAL","PIN":"030-01-006-01-078","Owner":"CRUZADO, ISIDRA","TaxDecNo":"04474"},"geometry":{"type":"Polygon","coordinates":[[[121.88385264406524,13.420018383857949],[121.88401829280404,13.42015522258656],[121.88412196120827,13.420251090353155],[121.8842263190452,13.420344250652342],[121.88429754899747,13.420269395186867],[121.88392104329093,13.419935243170414],[121.88385264406524,13.420018383857949]]]}},{"type":"Feature","properties":{"Id":0,"CLN":"19944","PSGC":"174001005","Barangay":"Balagasan","Land_Class":"AGRICULTURAL","PIN":"030-01-006-03-041","Owner":"LARDIZABAL, EMILIO","TaxDecNo":"04666"},"geometry":{"type":"Polygon","coordinates":[[[121.88684945180768,13.41526679416891],[121.88703081499118,13.41526709717656],[121.88697926972917,13.41494608928544],[121.88684945180768,13.41526679416891]]]}},{"type":"Feature","properties":{"Id":0,"CLN":"19943","PSGC":"174001005","Barangay":"Balagasan","Land_Class":"AGRICULTURAL","PIN":"030-01-006-03-044","Owner":"LARDIZABAL, ANGEL","TaxDecNo":"04669"},"geometry":{"type":"Polygon","coordinates":[[[121.88739861737479,13.41430989378719],[121.88776200125699,13.41403146521465],[121.88759063101982,13.41386823368593],[121.88754758633672,13.41394176981368],[121.88745504145514,13.41401983339922],[121.88739861737479,13.41430989378719]]]}},{"type":"Feature","properties":{"Id":0,"CLN":"19942","PSGC":"174001005","Barangay":"Balagasan","Land_Class":"AGRICULTURAL","PIN":"030-01-006-03-045","Owner":"LARDIZABAL, ANGEL","TaxDecNo":"04670"},"geometry":{"type":"Polygon","coordinates":[[[121.88759063101982,13.41386823368593],[121.88769348073126,13.4135932138787],[121.88787327168882,13.413457714610647],[121.88760856782454,13.413538075501112],[121.8875172612357,13.413707818359855],[121.887560108993,13.413839161176218],[121.88759063101982,13.41386823368593]]]}},{"type":"Feature","properties":{"Id":0,"CLN":"17161","PSGC":"174001005","Barangay":"Balagasan","Land_Class":"AGRICULTURAL","PIN":"030-01-006-06-013","Owner":"LINGA, RICARDO","TaxDecNo":"04836"},"geometry":{"type":"Polygon","coordinates":[[[121.89025993758824,13.396987630655824],[121.89030204693478,13.39657819118661],[121.8892042495441,13.397337471964176],[121.88885641518567,13.397737688629642],[121.88849169113416,13.398311132938645],[121.88957743710937,13.398426193322996],[121.89040670359938,13.398592965375236],[121.89059198757936,13.398655813978115],[121.89057178765778,13.39859067714335],[121.89065254403259,13.397351715788995],[121.89025993758824,13.396987630655824]]]}},{"type":"Feature","properties":{"Id":0,"CLN":"17396","PSGC":"174001005","Barangay":"Balagasan","Land_Class":"RESIDENTIAL","PIN":"030-01-006-01-178","Owner":"HRS. OF MAPACPAC, CESAR","TaxDecNo":"04564"},"geometry":{"type":"Polygon","coordinates":[[[121.88168827220218,13.423977595974618],[121.87973149492332,13.422626439708898],[121.87955946231509,13.422764702277947],[121.87963417642634,13.422788163748452],[121.87981843861691,13.422966308036106],[121.8801677385854,13.423222283436964],[121.88030105016897,13.423463280704759],[121.88040337234087,13.423589460194053],[121.88091309815199,13.424220076844207],[121.88168827220218,13.423977595974618]]]}},{"type":"Feature","properties":{"Id":0,"CLN":"17395","PSGC":"174001005","Barangay":"Balagasan","Land_Class":"AGRICULTURAL","PIN":"030-01-006-01-139","Owner":"LIM, RICARDO L.","TaxDecNo":"04527"},"geometry":{"type":"Polygon","coordinates":[[[121.88063852522914,13.422476448866135],[121.88030999425709,13.422045064580969],[121.88000031033789,13.42191551348018],[121.88004066428488,13.422377959632287],[121.88031338455546,13.422665455950806],[121.88063852522914,13.422476448866135]]]}},{"type":"Feature","properties":{"Id":0,"CLN":"17395","PSGC":"174001005","Barangay":"Balagasan","Land_Class":"AGRICULTURAL","PIN":"030-01-006-01-186","Owner":"MONTEJO, ROMULO","TaxDecNo":"04572"},"geometry":{"type":"Polygon","coordinates":[[[121.88279701696891,13.423477752790529],[121.88271420022683,13.423577233021215],[121.8827864019555,13.423598012927487],[121.88298323143259,13.423657658225082],[121.88279701696891,13.423477752790529]]]}},{"type":"Feature","properties":{"Id":0,"CLN":"17395","PSGC":"174001005","Barangay":"Balagasan","Land_Class":"AGRICULTURAL","PIN":"030-01-006-01-187","Owner":"MALAPAD, PACITA MANALO","TaxDecNo":"04573"},"geometry":{"type":"Polygon","coordinates":[[[121.88366256994476,13.42394979151904],[121.88295409687726,13.423289066642543],[121.88279701696891,13.423477752790529],[121.88298323143259,13.423657658225082],[121.8830743247715,13.423781022558186],[121.88331897181978,13.423735580812197],[121.88359945725131,13.424015977243663],[121.88366256994476,13.42394979151904]]]}},{"type":"Feature","properties":{"Id":0,"CLN":"17395","PSGC":"174001005","Barangay":"Balagasan","Land_Class":"AGRICULTURAL","PIN":"030-01-006-01-188","Owner":"NON, ANNABEL M.","TaxDecNo":"04574"},"geometry":{"type":"Polygon","coordinates":[[[121.88295409687726,13.423289066642543],[121.88366256994476,13.42394979151904],[121.88372568260344,13.423883605775565],[121.88359587120173,13.423590998305974],[121.88343007786996,13.42327816336931],[121.88317061224932,13.423181605057698],[121.88311117653606,13.423100380374656],[121.88295409687726,13.423289066642543]]]}},{"type":"Feature","properties":{"Id":0,"CLN":"17395","PSGC":"174001005","Barangay":"Balagasan","Land_Class":"AGRICULTURAL","PIN":"030-01-006-01-190","Owner":"MONTEJO, ROMULO","TaxDecNo":"04576"},"geometry":{"type":"Polygon","coordinates":[[[121.88279701696891,13.423477752790529],[121.8823957927875,13.423301350056539],[121.88067454771853,13.423046185585441],[121.8807408413133,13.423116070542303],[121.88167996715691,13.423279574572243],[121.88271420022683,13.423577233021215],[121.88279701696891,13.423477752790529]]]}},{"type":"Feature","properties":{"Id":0,"CLN":"17395","PSGC":"174001005","Barangay":"Balagasan","Land_Class":"AGRICULTURAL","PIN":"030-01-006-01-191","Owner":"MANALO, JACINTO JOSE III","TaxDecNo":"04577"},"geometry":{"type":"Polygon","coordinates":[[[121.88287555695427,13.423383409731514],[121.88242556421531,13.423204604050202],[121.88059953486432,13.422967108949281],[121.88067454771853,13.423046185585441],[121.8823957927875,13.423301350056539],[121.88279701696891,13.423477752790529],[121.88287555695427,13.423383409731514]]]}},{"type":"Feature","properties":{"Id":0,"CLN":"17395","PSGC":"174001005","Barangay":"Balagasan","Land_Class":"AGRICULTURAL","PIN":"030-01-006-01-192","Owner":"MANALO, JIM MICHAEL M.","TaxDecNo":"04578"},"geometry":{"type":"Polygon","coordinates":[[[121.88296425689512,13.42327686230064],[121.8824627328121,13.423093538535127],[121.88052145078113,13.422884794627063],[121.88059953486432,13.422967108949281],[121.88242556421531,13.423204604050202],[121.88287555695427,13.423383409731514],[121.88296425689512,13.42327686230064]]]}},{"type":"Feature","properties":{"Id":0,"CLN":"17395","PSGC":"174001005","Barangay":"Balagasan","Land_Class":"AGRICULTURAL","PIN":"030-01-006-01-193","Owner":"MANALO, JUN M.","TaxDecNo":"04579"},"geometry":{"type":"Polygon","coordinates":[[[121.88303771674288,13.423188621350777],[121.88252343843247,13.42297616665866],[121.88041741762136,13.422775125307174],[121.88052145078113,13.422884794627063],[121.8824627328121,13.423093538535127],[121.88296425689512,13.42327686230064],[121.88303771674288,13.423188621350777]]]}},{"type":"Feature","properties":{"Id":0,"CLN":"17395","PSGC":"174001005","Barangay":"Balagasan","Land_Class":"AGRICULTURAL","PIN":"030-01-006-01-197","Owner":"MALAPAD, PACITA MANALO","TaxDecNo":"04583"},"geometry":{"type":"Polygon","coordinates":[[[121.88122530415549,13.422814968834045],[121.88113713860785,13.42257814353652],[121.88069097863897,13.422545323712678],[121.88063852522914,13.422476448866135],[121.88031338455546,13.422665455950806],[121.88041741762136,13.422775125307174],[121.8812270196345,13.422852412253729],[121.88122530415549,13.422814968834045]]]}},{"type":"Feature","properties":{"Id":0,"CLN":"17395","PSGC":"174001005","Barangay":"Balagasan","Land_Class":"AGRICULTURAL","PIN":"030-01-006-01-196","Owner":"MONTEJO, EDITA","TaxDecNo":"04582"},"geometry":{"type":"Polygon","coordinates":[[[121.88270685026605,13.422555055512467],[121.88278118192433,13.422448411359051],[121.88264294363776,13.422323478024405],[121.88253391923207,13.422268062391439],[121.88247573851957,13.422650899494577],[121.88245561850646,13.422740368737937],[121.88261112104345,13.422800859298787],[121.88270685026605,13.422555055512467]]]}},{"type":"Feature","properties":{"Id":0,"CLN":"17395","PSGC":"174001005","Barangay":"Balagasan","Land_Class":"RESIDENTIAL","PIN":"030-01-006-01-195","Owner":"MANUBA, FEDERICO","TaxDecNo":"04581"},"geometry":{"type":"Polygon","coordinates":[[[121.88229388568263,13.422636126192199],[121.88220805172404,13.422629153194682],[121.88218385163547,13.422721223432587],[121.882266281435,13.422730559118001],[121.88229388568263,13.422636126192199]]]}},{"type":"Feature","properties":{"Id":0,"CLN":"17355","PSGC":"174001005","Barangay":"Balagasan","Land_Class":"AGRICULTURAL","PIN":"030-01-006-02-048","Owner":"MACAPUGAY, ROSEMARIE M.","TaxDecNo":"04630"},"geometry":{"type":"Polygon","coordinates":[[[121.87994047581049,13.418384589565859],[121.88006365478695,13.418890288640434],[121.88025656021692,13.418501666430833],[121.88020346619928,13.418271689450762],[121.87994047581049,13.418384589565859]]]}},{"type":"Feature","properties":{"Id":0,"CLN":"17355","PSGC":"174001005","Barangay":"Balagasan","Land_Class":"AGRICULTURAL","PIN":"030-01-006-02-045","Owner":"MACAPUGAY, REGINO M.","TaxDecNo":"04627"},"geometry":{"type":"Polygon","coordinates":[[[121.88003057694829,13.41875449103233],[121.87954646613595,13.419095026653899],[121.87957467407037,13.419166654108574],[121.87977996957076,13.419277135118708],[121.8800342344177,13.418949558008004],[121.88006365478695,13.418890288640434],[121.88003057694829,13.41875449103233]]]}},{"type":"Feature","properties":{"Id":0,"CLN":"17355","PSGC":"174001005","Barangay":"Balagasan","Land_Class":"AGRICULTURAL","PIN":"030-01-006-02-046","Owner":"MACAPUGAY, DITAS M.","TaxDecNo":"04628"},"geometry":{"type":"Polygon","coordinates":[[[121.87998552635037,13.41856954030172],[121.87945529531665,13.418863519392952],[121.87954646613595,13.419095026653899],[121.88003057694829,13.41875449103233],[121.87998552635037,13.41856954030172]]]}},{"type":"Feature","properties":{"Id":0,"CLN":"17324","PSGC":"174001005","Barangay":"Balagasan","Land_Class":"AGRICULTURAL","PIN":"030-01-006-01-159","Owner":"MAGARARU, ELIGAR M.","TaxDecNo":"04546"},"geometry":{"type":"Polygon","coordinates":[[[121.88405953735189,13.420471294683319],[121.88453313365906,13.420951354343032],[121.8845618244842,13.420603050209225],[121.88463632821134,13.420458820807074],[121.88475497346188,13.420349480793877],[121.8848475440767,13.42026198979847],[121.88474877646863,13.420170166443237],[121.8846994121772,13.420117653422915],[121.88464065640967,13.420161048392764],[121.88452782467338,13.420290652337727],[121.88429754899747,13.420269395186867],[121.8842263190452,13.420344250652342],[121.88412258772617,13.420421853429671],[121.88405953735189,13.420471294683319]]]}},{"type":"Feature","properties":{"Id":0,"CLN":"17324","PSGC":"174001005","Barangay":"Balagasan","Land_Class":"AGRICULTURAL","PIN":"030-01-006-01-158","Owner":"MACAPUGAY, AMPARO M.","TaxDecNo":"04545"},"geometry":{"type":"Polygon","coordinates":[[[121.88453313365906,13.420951354343032],[121.88405953735189,13.420471294683319],[121.88399648695231,13.420520735918988],[121.88371593152081,13.420793198373273],[121.8835738077365,13.420936945088473],[121.88360902210574,13.420986251067424],[121.88371513285914,13.421032979777701],[121.88377731579193,13.420998560943007],[121.88413591508404,13.421373110513885],[121.88428243498994,13.421155743492513],[121.88450444271047,13.42129965845771],[121.88453313365906,13.420951354343032]]]}},{"type":"Feature","properties":{"Id":0,"CLN":"17369","PSGC":"174001005","Barangay":"Balagasan","Land_Class":"AGRICULTURAL","PIN":"030-01-006-01-162","Owner":"MASCAREÑAS, EULOGIO","TaxDecNo":"04549"},"geometry":{"type":"Polygon","coordinates":[[[121.88225578542296,13.421570974224142],[121.8823949964157,13.421664698665236],[121.8826205079598,13.421427113376513],[121.88249983058579,13.421336951970854],[121.88225578542296,13.421570974224142]]]}},{"type":"Feature","properties":{"Id":0,"CLN":"17369","PSGC":"174001005","Barangay":"Balagasan","Land_Class":"AGRICULTURAL","PIN":"030-01-006-01-147","Owner":"MASCAREÑAS, PATROCINIO","TaxDecNo":"04535"},"geometry":{"type":"Polygon","coordinates":[[[121.88272181201683,13.421537397194742],[121.88262249860666,13.421635287026692],[121.88284904638024,13.421824217614216],[121.8829381316909,13.421720529943146],[121.8827645056083,13.421583875177449],[121.88272181201683,13.421537397194742]]]}},{"type":"Feature","properties":{"Id":0,"CLN":"17369","PSGC":"174001005","Barangay":"Balagasan","Land_Class":"AGRICULTURAL","PIN":"030-01-006-01-145","Owner":"MAGCAMIT, GLECERIA","TaxDecNo":"04533"},"geometry":{"type":"Polygon","coordinates":[[[121.8823949964157,13.421664698665253],[121.88225578542296,13.421570974224142],[121.88213084369299,13.421690784327495],[121.88228308188447,13.421782604765317],[121.88243532019632,13.421874425119553],[121.88252890944882,13.421754856094704],[121.8823949964157,13.421664698665253]]]}},{"type":"Feature","properties":{"Id":0,"CLN":"17212","PSGC":"174001005","Barangay":"Balagasan","Land_Class":"AGRICULTURAL","PIN":"030-01-006-05-039","Owner":"PANUCULAN, MARTIN","TaxDecNo":"04814"},"geometry":{"type":"Polygon","coordinates":[[[121.88497164187223,13.40654700121729],[121.8846213785984,13.407661880982307],[121.8847497215853,13.407681669246472],[121.88482847509155,13.407682017283568],[121.8851144432997,13.406914967645607],[121.88527021167177,13.40647405053966],[121.88497164187223,13.40654700121729]]]}},{"type":"Feature","properties":{"Id":0,"CLN":"17212","PSGC":"174001005","Barangay":"Balagasan","Land_Class":"AGRICULTURAL","PIN":"030-01-006-05-002","Owner":"PANUCULAN, FAUSTO","TaxDecNo":"04778"},"geometry":{"type":"Polygon","coordinates":[[[121.88461951589142,13.406636775344577],[121.88441946930097,13.406691229046093],[121.8842902155518,13.406885283452858],[121.88397237585446,13.407406935637361],[121.88408751993808,13.40756499229586],[121.88413261000377,13.407558889784562],[121.88430641667664,13.407559658278108],[121.88434822995397,13.4075661450384],[121.88461951589142,13.406636775344577]]]}},{"type":"Feature","properties":{"Id":0,"CLN":"17261","PSGC":"174001005","Barangay":"Balagasan","Land_Class":"AGRICULTURAL","PIN":"030-01-006-04-060","Owner":"LANDIG, ENRIQUE","TaxDecNo":"04774"},"geometry":{"type":"Polygon","coordinates":[[[121.89020959099659,13.411811312174283],[121.89022329925864,13.411978592113975],[121.8904236732938,13.411913244431233],[121.89039728388396,13.411838357301528],[121.89033265363202,13.411774517626016],[121.89020959099659,13.411811312174283]]]}},{"type":"Feature","properties":{"Id":0,"CLN":"17248","PSGC":"174001005","Barangay":"Balagasan","Land_Class":"AGRICULTURAL","PIN":"030-01-006-03-049","Owner":"MAYACYAC, TEODORO","TaxDecNo":"04674"},"geometry":{"type":"Polygon","coordinates":[[[121.88793819486733,13.412681823658783],[121.88688447228087,13.41189552606824],[121.88691097387928,13.412182695870376],[121.88738113789967,13.41238710998717],[121.88747874067656,13.41257031397628],[121.88800362271519,13.412851773309479],[121.88793819486733,13.412681823658783]]]}},{"type":"Feature","properties":{"Id":0,"CLN":"17248","PSGC":"174001005","Barangay":"Balagasan","Land_Class":"AGRICULTURAL","PIN":"030-01-006-03-053","Owner":"MAYACYAC, JOSEFA","TaxDecNo":"04678"},"geometry":{"type":"Polygon","coordinates":[[[121.88702078904102,13.411780481713176],[121.88785685223247,13.412470534830572],[121.8877755097269,13.41225924598373],[121.88715710567291,13.411665437273285],[121.88702078904102,13.411780481713176]]]}},{"type":"Feature","properties":{"Id":0,"CLN":"17253","PSGC":"174001005","Barangay":"Balagasan","Land_Class":"AGRICULTURAL","PIN":"030-01-006-04-052","Owner":"MANTAL, VIDAL M.","TaxDecNo":"04766"},"geometry":{"type":"Polygon","coordinates":[[[121.8891415587578,13.413082061577285],[121.88912166932856,13.413165179558208],[121.88908863931707,13.413303211915917],[121.88905791023336,13.413431628528487],[121.88903253180636,13.413537684661277],[121.88923621077849,13.413676908033475],[121.88953924759421,13.41380254911694],[121.88960773708507,13.413635966386137],[121.8896906625565,13.4136698202023],[121.88980970872677,13.413287615140469],[121.8891415587578,13.413082061577285]]]}},{"type":"Feature","properties":{"Id":0,"CLN":"17253","PSGC":"174001005","Barangay":"Balagasan","Land_Class":"AGRICULTURAL","PIN":"030-01-006-04-047","Owner":"MANTAL, SANCHO","TaxDecNo":"04761"},"geometry":{"type":"Polygon","coordinates":[[[121.88968574472764,13.411575190243404],[121.88954185753555,13.411753127946929],[121.88954068740411,13.412007876823997],[121.88974174178138,13.412028234075807],[121.88974796105673,13.411940142962392],[121.88972902971516,13.411822332265572],[121.889716703187,13.411711367631813],[121.88968574472764,13.411575190243404]]]}},{"type":"Feature","properties":{"Id":0,"CLN":"17253","PSGC":"174001005","Barangay":"Balagasan","Land_Class":"AGRICULTURAL","PIN":"030-01-006-04-046","Owner":"MORONG, ILUMINADO","TaxDecNo":"04760"},"geometry":{"type":"Polygon","coordinates":[[[121.88960024227671,13.411199088796637],[121.8893422311696,13.411325267080857],[121.88940990910757,13.4117525471125],[121.88954185753555,13.411753127946929],[121.88968574472764,13.411575190243404],[121.88960024227671,13.411199088796637]]]}},{"type":"Feature","properties":{"Id":0,"CLN":"17253","PSGC":"174001005","Barangay":"Balagasan","Land_Class":"AGRICULTURAL","PIN":"030-01-006-04-056","Owner":"MANTAL, SANCHO","TaxDecNo":"04770"},"geometry":{"type":"Polygon","coordinates":[[[121.88974174178138,13.412028234075807],[121.88958097206242,13.412015230315646],[121.88955803344462,13.412320807747308],[121.8897338080335,13.41225630469631],[121.88974174178138,13.412028234075807]]]}},{"type":"Feature","properties":{"Id":0,"CLN":"17253","PSGC":"174001005","Barangay":"Balagasan","Land_Class":"AGRICULTURAL","PIN":"030-01-006-04-049","Owner":"MANTAL, SANCHO","TaxDecNo":"04763"},"geometry":{"type":"Polygon","coordinates":[[[121.88994958335462,13.412007272690193],[121.88974174178138,13.412028234075807],[121.8897338080335,13.41225630469631],[121.88972235090716,13.412356720651388],[121.88983582516741,13.41238951281304],[121.88979143029435,13.41247901956399],[121.88997094495464,13.412497749961188],[121.88994958335462,13.412007272690193]]]}},{"type":"Feature","properties":{"Id":0,"CLN":"17253","PSGC":"174001005","Barangay":"Balagasan","Land_Class":"AGRICULTURAL","PIN":"030-01-006-04-050","Owner":"LINGA, ROMULO","TaxDecNo":"04764"},"geometry":{"type":"Polygon","coordinates":[[[121.89022329925864,13.411978592113975],[121.89010743409077,13.412016378955874],[121.88994958335462,13.412007272690193],[121.88997094495464,13.412497749961188],[121.88995933962725,13.412630458045818],[121.89013170512689,13.412609687940025],[121.89023849145582,13.41250251517466],[121.89022329925864,13.411978592113975]]]}},{"type":"Feature","properties":{"Id":0,"CLN":"17253","PSGC":"174001005","Barangay":"Balagasan","Land_Class":"AGRICULTURAL","PIN":"030-01-006-04-051","Owner":"MANTAL, SANCHO","TaxDecNo":"04765"},"geometry":{"type":"Polygon","coordinates":[[[121.88971003685647,13.412643713247647],[121.88971809242733,13.412485872966922],[121.88956778440262,13.412492387549534],[121.88956047839987,13.41265019532634],[121.88971003685647,13.412643713247647]]]}},{"type":"Feature","properties":{"Id":0,"CLN":"17253","PSGC":"174001005","Barangay":"Balagasan","Land_Class":"AGRICULTURAL","PIN":"030-01-006-04-053","Owner":"LARDIZABAL, MANUEL","TaxDecNo":"04767"},"geometry":{"type":"Polygon","coordinates":[[[121.89010356889094,13.413149955859156],[121.88989559183109,13.413144321023996],[121.88993096430934,13.413222367214654],[121.88980970872677,13.413287615140469],[121.8896906625565,13.4136698202023],[121.88960773708507,13.413635966386137],[121.88953924759421,13.41380254911694],[121.88984228474925,13.413928189859519],[121.8899991458429,13.413867194077879],[121.89003541993605,13.41380990598096],[121.89005107961083,13.41378517446376],[121.89012519297793,13.413673247474595],[121.88994003550697,13.41355282988714],[121.89003394323795,13.413323605687477],[121.89015627227984,13.413290655140521],[121.89010356889094,13.413149955859156]]]}},{"type":"Feature","properties":{"Id":0,"CLN":"17253","PSGC":"174001005","Barangay":"Balagasan","Land_Class":"AGRICULTURAL","PIN":"030-01-006-04-055","Owner":"MESTIOLA, LEODEGARIO","TaxDecNo":"04769"},"geometry":{"type":"Polygon","coordinates":[[[121.89010356889094,13.413149955859156],[121.89015627227984,13.413290655140521],[121.89023941735718,13.41327666860326],[121.89018636307904,13.413123343552842],[121.89010356889094,13.413149955859156]]]}},{"type":"Feature","properties":{"Id":0,"CLN":"17253","PSGC":"174001005","Barangay":"Balagasan","Land_Class":"AGRICULTURAL","PIN":"030-01-006-04-057","Owner":"SPS. LINGA, JOEMAR LAYLAY & LINGA, MARY ELIZABETH TACARDON","TaxDecNo":"04771"},"geometry":{"type":"Polygon","coordinates":[[[121.89010356889094,13.413149955859156],[121.89018636307904,13.413123343552842],[121.89023941735718,13.41327666860326],[121.89015627227984,13.413290655140521],[121.89003394323795,13.413323605687477],[121.88994003550697,13.41355282988714],[121.89012519297793,13.413673247474595],[121.89005107961083,13.41378517446376],[121.8908985368956,13.413442185936734],[121.8908860154851,13.413211725234333],[121.89138379072149,13.41310908386654],[121.89167678448291,13.41304558357685],[121.89074206814576,13.412592794441224],[121.8904236732938,13.411913244431233],[121.89022329925864,13.411978592113975],[121.89023849145582,13.41250251517466],[121.89013170512689,13.412609687940025],[121.88995933962725,13.412630458045818],[121.8900897211951,13.412883712671357],[121.89001626238921,13.412916878244618],[121.89010356889094,13.413149955859156]]]}},{"type":"Feature","properties":{"Id":0,"CLN":"17253","PSGC":"174001005","Barangay":"Balagasan","Land_Class":"AGRICULTURAL","PIN":"030-01-006-04-054","Owner":"MESTIOLA, LEODEGARIO","TaxDecNo":"04768"},"geometry":{"type":"Polygon","coordinates":[[[121.88989559183109,13.413144321023996],[121.88965383310992,13.413087511292385],[121.88960484176401,13.413224588890708],[121.88980970872677,13.413287615140469],[121.88993096430934,13.413222367214654],[121.88989559183109,13.413144321023996]]]}},{"type":"Feature","properties":{"Id":0,"CLN":"17275","PSGC":"174001005","Barangay":"Balagasan","Land_Class":"RESIDENTIAL","PIN":"030-01-006-03-059","Owner":"LUCI, ESCOLASTICA","TaxDecNo":"04684"},"geometry":{"type":"Polygon","coordinates":[[[121.88944187213932,13.413762176656855],[121.88939990833241,13.413855925162819],[121.88950043191834,13.413895492772857],[121.88953924759421,13.41380254911694],[121.88944187213932,13.413762176656855]]]}},{"type":"Feature","properties":{"Id":0,"CLN":"17275","PSGC":"174001005","Barangay":"Balagasan","Land_Class":"RESIDENTIAL","PIN":"030-01-006-03-058","Owner":"LUCI, DOMINGO","TaxDecNo":"04683"},"geometry":{"type":"Polygon","coordinates":[[[121.88933904143938,13.413719542364806],[121.88929701106578,13.413815423182498],[121.88939990833241,13.413855925162819],[121.88944187213932,13.413762176656855],[121.88933904143938,13.413719542364806]]]}},{"type":"Feature","properties":{"Id":0,"CLN":"17275","PSGC":"174001005","Barangay":"Balagasan","Land_Class":"RESIDENTIAL","PIN":"030-01-006-03-057","Owner":"LUCI, TEODORA","TaxDecNo":"04682"},"geometry":{"type":"Polygon","coordinates":[[[121.88964344581753,13.413845750283528],[121.88953924759421,13.41380254911694],[121.88950043191834,13.413895492772857],[121.88960370593526,13.413936142940504],[121.88964344581753,13.413845750283528]]]}},{"type":"Feature","properties":{"Id":0,"CLN":"17275","PSGC":"174001005","Barangay":"Balagasan","Land_Class":"RESIDENTIAL","PIN":"030-01-006-03-062","Owner":"LUCI, AVELINA","TaxDecNo":"04687"},"geometry":{"type":"Polygon","coordinates":[[[121.88974286526516,13.41388697008988],[121.8897069799898,13.413976793068436],[121.88980405847744,13.41401500448396],[121.88984228474925,13.413928189859519],[121.88974286526516,13.41388697008988]]]}},{"type":"Feature","properties":{"Id":0,"CLN":"17275","PSGC":"174001005","Barangay":"Balagasan","Land_Class":"AGRICULTURAL","PIN":"030-01-006-03-061","Owner":"LUCI, GLECERIA","TaxDecNo":"04686"},"geometry":{"type":"Polygon","coordinates":[[[121.88974286526516,13.41388697008988],[121.88964344581753,13.413845750283528],[121.88960370593526,13.413936142940504],[121.8897069799898,13.413976793068436],[121.88974286526516,13.41388697008988]]]}},{"type":"Feature","properties":{"Id":0,"CLN":"17277","PSGC":"174001005","Barangay":"Balagasan","Land_Class":"AGRICULTURAL","PIN":"030-01-006-03-088","Owner":"MAYACYAC, OSMUNDO","TaxDecNo":"04712"},"geometry":{"type":"Polygon","coordinates":[[[121.88986712883406,13.414040930310192],[121.88980405847744,13.41401500448396],[121.8897069799898,13.413976793068452],[121.8896451675465,13.414102161058345],[121.88979696126823,13.414165523489165],[121.88986712883406,13.414040930310192]]]}},{"type":"Feature","properties":{"Id":0,"CLN":"17277","PSGC":"174001005","Barangay":"Balagasan","Land_Class":"AGRICULTURAL","PIN":"030-01-006-03-090","Owner":"MACAPUGAY, DITAS M.","TaxDecNo":"04713"},"geometry":{"type":"Polygon","coordinates":[[[121.88968008347997,13.414116735838038],[121.8896451675465,13.414102161058345],[121.88955114080375,13.414056310069832],[121.8894539720483,13.414211402619898],[121.88952035530234,13.414253022931987],[121.88956333994804,13.414294154984795],[121.88968008347997,13.414116735838038]]]}},{"type":"Feature","properties":{"Id":0,"CLN":"17277","PSGC":"174001005","Barangay":"Balagasan","Land_Class":"AGRICULTURAL","PIN":"030-01-006-03-091","Owner":"MACAPUGAY, REGINO M.","TaxDecNo":"04714"},"geometry":{"type":"Polygon","coordinates":[[[121.88968008347997,13.414116735838038],[121.88956333994804,13.414294154984795],[121.88958119271697,13.414311238312232],[121.88968975880096,13.41437153305806],[121.8898359531289,13.414138517070302],[121.88988220147867,13.414047126098417],[121.88986712883406,13.414040930310192],[121.88979696126823,13.414165523489165],[121.88968008347997,13.414116735838038]]]}},{"type":"Feature","properties":{"Id":0,"CLN":"17277","PSGC":"174001005","Barangay":"Balagasan","Land_Class":"AGRICULTURAL","PIN":"030-01-006-03-093","Owner":"MACAPUGAY, NANCY M.","TaxDecNo":"04716"},"geometry":{"type":"Polygon","coordinates":[[[121.88936644634178,13.413966245931327],[121.88928615825796,13.41410618826255],[121.8894539720483,13.414211402619898],[121.88955114080375,13.414056310069832],[121.88936644634178,13.413966245931327]]]}},{"type":"Feature","properties":{"Id":0,"CLN":"17280","PSGC":"174001005","Barangay":"Balagasan","Land_Class":"RESIDENTIAL","PIN":"030-01-006-03-056","Owner":"LINGA, ROMULO","TaxDecNo":"04681"},"geometry":{"type":"Polygon","coordinates":[[[121.88935153915997,13.414339633982761],[121.88925211552036,13.414458148709256],[121.88926307818323,13.414463525526195],[121.88940068733379,13.414531018120863],[121.8894966255954,13.414430499646333],[121.88935153915997,13.414339633982761]]]}},{"type":"Feature","properties":{"Id":0,"CLN":"17280","PSGC":"174001005","Barangay":"Balagasan","Land_Class":"AGRICULTURAL","PIN":"030-01-006-03-055","Owner":"LINGA, LILIA","TaxDecNo":"04680"},"geometry":{"type":"Polygon","coordinates":[[[121.8891261577182,13.414198480357012],[121.88896158849181,13.414095412450811],[121.88884249572197,13.414248168426097],[121.88899601274758,13.414332538727063],[121.88901652489457,13.414342599274125],[121.8891261577182,13.414198480357012]]]}},{"type":"Feature","properties":{"Id":0,"CLN":"17174","PSGC":"174001005","Barangay":"Balagasan","Land_Class":"AGRICULTURAL","PIN":"030-01-006-05-040","Owner":"LINGA, VICTORIA","TaxDecNo":"04815"},"geometry":{"type":"Polygon","coordinates":[[[121.8912051140433,13.401839877413149],[121.89093245455007,13.402104418595698],[121.89087279329837,13.40232661799639],[121.89099694594704,13.402427629934683],[121.89140344422258,13.402457092484115],[121.89157639826206,13.402186109148886],[121.8912051140433,13.401839877413149]]]}},{"type":"Feature","properties":{"Id":0,"CLN":"17203","PSGC":"174001005","Barangay":"Balagasan","Land_Class":"AGRICULTURAL","PIN":"030-01-006-05-028","Owner":"MANUBA, ROMAN","TaxDecNo":"04816"},"geometry":{"type":"Polygon","coordinates":[[[121.88870763741465,13.40210462767734],[121.88758668798471,13.40159587328714],[121.88741807074418,13.401845483367703],[121.88853388366857,13.40231565660189],[121.88870763741465,13.40210462767734]]]}},{"type":"Feature","properties":{"Id":0,"CLN":"17203","PSGC":"174001005","Barangay":"Balagasan","Land_Class":"AGRICULTURAL","PIN":"030-01-006-05-046","Owner":"HRS. OF RUSTICO MANUBA","TaxDecNo":"04821"},"geometry":{"type":"Polygon","coordinates":[[[121.88845956932556,13.401067349666164],[121.88828988509552,13.400742921499852],[121.88775530486548,13.40134626306197],[121.88845956932556,13.401067349666164]]]}},{"type":"Feature","properties":{"Id":0,"CLN":"17203","PSGC":"174001005","Barangay":"Balagasan","Land_Class":"AGRICULTURAL","PIN":"030-01-006-05-041","Owner":"MANUBA, ROMAN","TaxDecNo":"04816"},"geometry":{"type":"Polygon","coordinates":[[[121.88810743728182,13.401206806626325],[121.88775530486548,13.40134626306197],[121.88758668798471,13.40159587328714],[121.88782967748107,13.401706157148123],[121.88810743728182,13.401206806626325]]]}},{"type":"Feature","properties":{"Id":0,"CLN":"17203","PSGC":"174001005","Barangay":"Balagasan","Land_Class":"AGRICULTURAL","PIN":"030-01-006-05-042","Owner":"MANUBA, RUFINO","TaxDecNo":"04817"},"geometry":{"type":"Polygon","coordinates":[[[121.88810743728182,13.401206806626325],[121.88782967748107,13.401706157148123],[121.88807266721392,13.401816440791473],[121.88845956932556,13.401067349666164],[121.88810743728182,13.401206806626325]]]}},{"type":"Feature","properties":{"Id":0,"CLN":"17203","PSGC":"174001005","Barangay":"Balagasan","Land_Class":"AGRICULTURAL","PIN":"030-01-006-05-043","Owner":"MANUBA, AURELIA","TaxDecNo":"04818"},"geometry":{"type":"Polygon","coordinates":[[[121.88882681748808,13.401113921331836],[121.88871491623213,13.400869203829487],[121.88845956932556,13.401067349666164],[121.88807266721392,13.401816440791473],[121.88827015942513,13.40190607462977],[121.88882681748808,13.401113921331836]]]}},{"type":"Feature","properties":{"Id":0,"CLN":"17203","PSGC":"174001005","Barangay":"Balagasan","Land_Class":"AGRICULTURAL","PIN":"030-01-006-05-045","Owner":"MANUBA, MAXIMA","TaxDecNo":"04820"},"geometry":{"type":"Polygon","coordinates":[[[121.88895117059253,13.401385869271207],[121.88848889832406,13.402005351241746],[121.88870763741465,13.40210462767734],[121.88907552395668,13.401657817165411],[121.88895117059253,13.401385869271207]]]}},{"type":"Feature","properties":{"Id":0,"CLN":"19919","PSGC":"174001005","Barangay":"Balagasan","Land_Class":"AGRICULTURAL","PIN":"030-01-006-01-161","Owner":"MACAPUGAY, AMPARO","TaxDecNo":"04548"},"geometry":{"type":"Polygon","coordinates":[[[121.88496390822516,13.421351784634039],[121.88462059770985,13.421003769030534],[121.88459529480183,13.421366500174935],[121.88475053373222,13.421647631409204],[121.88491130635637,13.4219376819689],[121.88515672423642,13.421836638662043],[121.88512546373082,13.421729931326023],[121.88496390822516,13.421351784634039]]]}},{"type":"Feature","properties":{"Id":0,"CLN":"19917","PSGC":"174001005","Barangay":"Balagasan","Land_Class":"AGRICULTURAL","PIN":"030-01-006-03-065","Owner":"LAUREL, ANDREW R.","TaxDecNo":"04689"},"geometry":{"type":"Polygon","coordinates":[[[121.88728227443866,13.418544524594974],[121.88721099271149,13.418504233149653],[121.8871034204694,13.418590933901664],[121.8871708238302,13.41864088629362],[121.88728227443866,13.418544524594974]]]}},{"type":"Feature","properties":{"Id":0,"CLN":"17165","PSGC":"174001005","Barangay":"Balagasan","Land_Class":"AGRICULTURAL","PIN":"030-01-006-07-012","Owner":"HRS. OF REMEDIOS PASCUAL","TaxDecNo":"04852"},"geometry":{"type":"Polygon","coordinates":[[[121.89436904169193,13.39430058717889],[121.89404429478084,13.393954222507945],[121.8939546693491,13.393817616548972],[121.89363809556484,13.393736736138804],[121.89307916154328,13.394215956635135],[121.89254272439938,13.394732036655402],[121.89250491504022,13.395081922870054],[121.89270520834171,13.3955429157629],[121.89436904169193,13.39430058717889]]]}},{"type":"Feature","properties":{"Id":0,"CLN":"19899","PSGC":"174001005","Barangay":"Balagasan","Land_Class":"AGRICULTURAL","PIN":"030-01-006-01-156","Owner":"NERI, ROLANDO","TaxDecNo":"04543"},"geometry":{"type":"Polygon","coordinates":[[[121.88725341656087,13.422475732237501],[121.88689869139145,13.42285340890582],[121.88684305973403,13.42299444286939],[121.88707320289123,13.42332007289087],[121.88762937723614,13.423001992677948],[121.88725341656087,13.422475732237501]]]}},{"type":"Feature","properties":{"Id":0,"CLN":"19897","PSGC":"174001005","Barangay":"Balagasan","Land_Class":"RESIDENTIAL","PIN":"030-01-006-01-181","Owner":"OSINSAO, SERGIO L. & OSINSAO, EVANGELINE SANCHEZ","TaxDecNo":"04567"},"geometry":{"type":"Polygon","coordinates":[[[121.88570092783013,13.423901903824474],[121.88566494830864,13.423791011275037],[121.88559560841419,13.423796460294366],[121.88562869760578,13.423907238966246],[121.88570092783013,13.423901903824474]]]}},{"type":"Feature","properties":{"Id":0,"CLN":"19876","PSGC":"174001005","Barangay":"Balagasan","Land_Class":"AGRICULTURAL","PIN":"030-01-006-01-162","Owner":"MASCAREÑAS, EULOGIO","TaxDecNo":"04549"},"geometry":{"type":"Polygon","coordinates":[[[121.88507846336013,13.425291095593892],[121.8845047967407,13.425431777352328],[121.88455652404434,13.425697272542985],[121.88474767117798,13.425663982601572],[121.88512764636708,13.42560371778211],[121.88507846336013,13.425291095593892]]]}},{"type":"Feature","properties":{"Id":0,"CLN":"17253","PSGC":"174001005","Barangay":"Balagasan","Land_Class":"AGRICULTURAL","PIN":"030-01-006-04-048","Owner":"LINGA, ROMULO","TaxDecNo":"04762"},"geometry":{"type":"Polygon","coordinates":[[[121.88989559183109,13.413144321023996],[121.89010356889094,13.413149955859156],[121.89001626238921,13.412916878244618],[121.8900897211951,13.412883712671357],[121.88995933962725,13.412630458045818],[121.88997094495464,13.412497749961188],[121.88979143029435,13.41247901956399],[121.88983582516741,13.41238951281304],[121.88972235090716,13.412356720651388],[121.8897338080335,13.41225630469631],[121.88955803344462,13.412320807747308],[121.88956778440262,13.412492387549534],[121.88971809242733,13.412485872966922],[121.88971003685647,13.412643713247647],[121.88956047839987,13.41265019532634],[121.88966970814323,13.412645927801284],[121.88989559183109,13.413144321023996]]]}},{"type":"Feature","properties":{"Id":0,"CLN":"17203","PSGC":"174001005","Barangay":"Balagasan","Land_Class":"AGRICULTURAL","PIN":"030-01-006-05-047","Owner":"MANUBA, TEOFILA","TaxDecNo":"04822"},"geometry":{"type":"Polygon","coordinates":[[[121.88828988509552,13.400742921499852],[121.88845956932556,13.401067349666164],[121.88871491623213,13.400869203829487],[121.88857811205824,13.40057002531763],[121.88845142221078,13.400560605517958],[121.88828988509552,13.400742921499852]]]}}]}