{"type":"FeatureCollection","name":"Balogo","crs":{"type":"name","properties":{"name":"urn:ogc:def:crs:OGC:1.3:CRS84"}},"features":[{"type":"Feature","properties":{"Id":0,"CLN":"7221","PSGC":"174001008","Barangay":"Balogo","Land_Class":"AGRICULTURAL","PIN":"030-01-009-01-017","Owner":"OSACDIN, GREGORIA","TaxDecNo":"06140"},"geometry":{"type":"Polygon","coordinates":[[[121.8248814446463,13.469405981862947],[121.82521124932266,13.469407524014583],[121.8252383440303,13.469362221704683],[121.82475803093425,13.469163913793766],[121.8248814446463,13.469405981862947]]]}},{"type":"Feature","properties":{"Id":0,"CLN":"7222","PSGC":"174001008","Barangay":"Balogo","Land_Class":"AGRICULTURAL","PIN":"030-01-009-01-018","Owner":"LAMARCA, REYNALDO","TaxDecNo":"06141"},"geometry":{"type":"Polygon","coordinates":[[[121.8252383440303,13.469362221704683],[121.8252703947394,13.469302596565145],[121.8247851840635,13.469106656815272],[121.82475803093425,13.469163913793766],[121.8252383440303,13.469362221704683]]]}},{"type":"Feature","properties":{"Id":0,"CLN":"7223","PSGC":"174001008","Barangay":"Balogo","Land_Class":"AGRICULTURAL","PIN":"030-01-009-01-019","Owner":"ORACION, GREGORIO","TaxDecNo":"06142"},"geometry":{"type":"Polygon","coordinates":[[[121.8252703947394,13.469302596565145],[121.82528273808863,13.469276353278929],[121.82480265859697,13.469030226576628],[121.8247851840635,13.469106656815272],[121.8252703947394,13.469302596565145]]]}},{"type":"Feature","properties":{"Id":0,"CLN":"7224","PSGC":"174001008","Barangay":"Balogo","Land_Class":"AGRICULTURAL","PIN":"030-01-009-01-020","Owner":"JALOTJOT, MYRNA M.","TaxDecNo":"29683"},"geometry":{"type":"Polygon","coordinates":[[[121.82528273808863,13.469276353278948],[121.825295333661,13.469250200201207],[121.82531698668559,13.469205240478498],[121.82479124914663,13.46886519429195],[121.82480265859698,13.469030226576642],[121.82528273808863,13.469276353278948]]]}},{"type":"Feature","properties":{"Id":0,"CLN":"7225","PSGC":"174001008","Barangay":"Balogo","Land_Class":"AGRICULTURAL","PIN":"030-01-009-01-021","Owner":"CONRADO S. TORRELIZA & ARMINDA F. TORRELIZA","TaxDecNo":"06144"},"geometry":{"type":"Polygon","coordinates":[[[121.82531698668562,13.469205240478468],[121.82534435109234,13.469141820122376],[121.82478408360902,13.468831686795184],[121.8247912491466,13.468865194291947],[121.82531698668562,13.469205240478468]]]}},{"type":"Feature","properties":{"Id":0,"CLN":"7226","PSGC":"174001008","Barangay":"Balogo","Land_Class":"AGRICULTURAL","PIN":"030-01-009-01-070","Owner":"MONTEVIRGEN, SILVESTRE","TaxDecNo":"06189"},"geometry":{"type":"Polygon","coordinates":[[[121.8254494991837,13.468943027438621],[121.82546430882024,13.468912013668826],[121.82502359776677,13.468608687451576],[121.82489631718715,13.468658303262217],[121.82467276465049,13.468410984875602],[121.82458827032127,13.468673773955544],[121.82454477553789,13.468809048493284],[121.82478408360902,13.468831686795184],[121.82534435109234,13.469141820122376],[121.8254494991837,13.468943027438621]]]}},{"type":"Feature","properties":{"Id":0,"CLN":"7233","PSGC":"174001008","Barangay":"Balogo","Land_Class":"RESIDENTIAL","PIN":"030-01-009-01-025","Owner":"DUMARAN, ALBERTA N.","TaxDecNo":"06147"},"geometry":{"type":"Polygon","coordinates":[[[121.8254494991837,13.468943027438604],[121.82573030344442,13.468973031812768],[121.82577780979658,13.468837956851742],[121.82549954754391,13.46883463901131],[121.82546430882024,13.46891201366881],[121.8254494991837,13.468943027438604]]]}},{"type":"Feature","properties":{"Id":0,"CLN":"7234","PSGC":"174001008","Barangay":"Balogo","Land_Class":"AGRICULTURAL","PIN":"030-01-009-01-031","Owner":"NUÑEZ, MIGUELA","TaxDecNo":"06153"},"geometry":{"type":"Polygon","coordinates":[[[121.82573030344444,13.468973031812801],[121.82597421797449,13.469053074523098],[121.8259896676973,13.468980916236816],[121.82600946215783,13.468888465674235],[121.8257778097966,13.46883795685175],[121.82573030344444,13.468973031812801]]]}},{"type":"Feature","properties":{"Id":0,"CLN":"7232","PSGC":"174001008","Barangay":"Balogo","Land_Class":"RESIDENTIAL","PIN":"030-01-009-01-090","Owner":"NUÑEZ, GENEROSO","TaxDecNo":"06206"},"geometry":{"type":"Polygon","coordinates":[[[121.82569670110125,13.468680559219543],[121.82558283521172,13.468663548782187],[121.8255543097896,13.468722145978395],[121.82552552481594,13.468781276312333],[121.82549954754391,13.468834639011325],[121.825638678666,13.468836297969979],[121.82569670110125,13.468680559219543]]]}},{"type":"Feature","properties":{"Id":0,"CLN":"7462","PSGC":"174001008","Barangay":"Balogo","Land_Class":"RESIDENTIAL","PIN":"030-01-009-01-030","Owner":"NUÑEZ, ELISEA","TaxDecNo":"06152"},"geometry":{"type":"Polygon","coordinates":[[[121.82577780979658,13.468837956851742],[121.82600946215783,13.468888465674253],[121.82604623308112,13.468745401626174],[121.8258238270524,13.468700988270031],[121.82577780979658,13.468837956851742]]]}},{"type":"Feature","properties":{"Id":0,"CLN":"7229","PSGC":"174001008","Barangay":"Balogo","Land_Class":"AGRICULTURAL","PIN":"030-01-009-01-027","Owner":"MALITAO, REMEO MAAÑO","TaxDecNo":"06149"},"geometry":{"type":"Polygon","coordinates":[[[121.82558283521172,13.468663548782166],[121.82571318578076,13.468683021863129],[121.82576994142065,13.468549431025554],[121.82565048112717,13.46852970742671],[121.82558283521172,13.468663548782166]]]}},{"type":"Feature","properties":{"Id":0,"CLN":"7230","PSGC":"174001008","Barangay":"Balogo","Land_Class":"AGRICULTURAL","PIN":"030-01-009-01-028","Owner":"MALITAO, REMEO MAAÑO","TaxDecNo":"06150"},"geometry":{"type":"Polygon","coordinates":[[[121.82571318578076,13.468683021863129],[121.8258238270524,13.468700988270031],[121.82587608219153,13.468552953086737],[121.82576994142065,13.468549431025554],[121.82571318578076,13.468683021863129]]]}},{"type":"Feature","properties":{"Id":0,"CLN":"7231","PSGC":"174001008","Barangay":"Balogo","Land_Class":"RESIDENTIAL","PIN":"030-01-009-01-029","Owner":"LARGO, GREGORIO","TaxDecNo":"06151"},"geometry":{"type":"Polygon","coordinates":[[[121.8258238270524,13.468700988270031],[121.82604623308112,13.468745401626174],[121.82608404934892,13.468599316341795],[121.82587608219153,13.468552953086737],[121.8258238270524,13.468700988270031]]]}},{"type":"Feature","properties":{"Id":0,"CLN":"7228","PSGC":"174001008","Barangay":"Balogo","Land_Class":"RESIDENTIAL","PIN":"030-01-009-01-024","Owner":"SPS. JOSEPH D. ASUQUE & GEMMA L. ASUQUE","TaxDecNo":"29456"},"geometry":{"type":"Polygon","coordinates":[[[121.82552552481592,13.468781276312352],[121.8255543097896,13.468722145978376],[121.82524045537977,13.468493495035293],[121.82518657677329,13.468551747916854],[121.82552552481592,13.468781276312352]]]}},{"type":"Feature","properties":{"Id":0,"CLN":"7227","PSGC":"174001008","Barangay":"Balogo","Land_Class":"AGRICULTURAL","PIN":"030-01-009-01-023","Owner":"MERCENE, NICOLAS","TaxDecNo":"06145"},"geometry":{"type":"Polygon","coordinates":[[[121.82546430882024,13.468912013668826],[121.82549954754391,13.468834639011325],[121.82552552481594,13.468781276312333],[121.82518657677332,13.468551747916854],[121.8247763527965,13.468345063087364],[121.82469491293448,13.468348717016001],[121.82467276465049,13.468410984875602],[121.82489631718715,13.468658303262217],[121.82502359776677,13.468608687451576],[121.82546430882024,13.468912013668826]]]}},{"type":"Feature","properties":{"Id":0,"CLN":"7156","PSGC":"174001008","Barangay":"Balogo","Land_Class":"AGRICULTURAL","PIN":"030-01-009-02-016"},"geometry":{"type":"Polygon","coordinates":[[[121.82608404934895,13.468599316341793],[121.82619319975431,13.46839566657113],[121.82589041797269,13.468348103910182],[121.8261389081981,13.467323413657056],[121.82592268968178,13.467278525033613],[121.8258193960355,13.467648466868644],[121.82573071118156,13.4679690940327],[121.8256139639583,13.46813271488596],[121.82530437862754,13.468212216321364],[121.8250157004067,13.46828424984451],[121.8247763527965,13.468345063087364],[121.82518657677332,13.468551747916854],[121.82524045537977,13.468493495035325],[121.8255543097896,13.468722145978395],[121.82558283521172,13.468663548782187],[121.82565048112717,13.468529707426724],[121.82576994142065,13.468549431025567],[121.82587608219154,13.468552953086753],[121.82608404934895,13.468599316341793]]]}},{"type":"Feature","properties":{"Id":0,"CLN":"7236","PSGC":"174001008","Barangay":"Balogo","Land_Class":"AGRICULTURAL","PIN":"030-01-009-01-035","Owner":"OSACDIN, PETRONIO","TaxDecNo":"06156"},"geometry":{"type":"Polygon","coordinates":[[[121.82619319975431,13.468395666571112],[121.82608404934892,13.468599316341795],[121.82624647647366,13.468651593658073],[121.82628410569522,13.468543838179198],[121.82634527720084,13.468469479851697],[121.82637634382974,13.468439363849456],[121.82619319975431,13.468395666571112]]]}},{"type":"Feature","properties":{"Id":0,"CLN":"7463","PSGC":"174001008","Barangay":"Balogo","Land_Class":"AGRICULTURAL","PIN":"030-01-009-01-034","Owner":"BORCENA, ELENIDA","TaxDecNo":"06155"},"geometry":{"type":"Polygon","coordinates":[[[121.82604623308112,13.468745401626174],[121.82622411493409,13.468798759867028],[121.82624647647366,13.468651593658073],[121.82608404934892,13.468599316341795],[121.82604623308112,13.468745401626174]]]}},{"type":"Feature","properties":{"Id":0,"CLN":"7235","PSGC":"174001008","Barangay":"Balogo","Land_Class":"AGRICULTURAL","PIN":"030-01-009-01-033","Owner":"LABAGUIS, VALENTIN","TaxDecNo":"06154"},"geometry":{"type":"Polygon","coordinates":[[[121.8259896676973,13.468980916236788],[121.82618403574422,13.468986191431378],[121.82622411493409,13.468798759867028],[121.82604623308112,13.468745401626174],[121.82600946215783,13.468888465674253],[121.8259896676973,13.468980916236788]]]}},{"type":"Feature","properties":{"Id":0,"CLN":"7155","PSGC":"174001008","Barangay":"Balogo","Land_Class":"AGRICULTURAL","PIN":"030-01-009-02-017"},"geometry":{"type":"Polygon","coordinates":[[[121.82637634382974,13.468439363849456],[121.82626239857063,13.467319927609855],[121.82616476657653,13.467332920982525],[121.82613890819808,13.46732341365704],[121.82589041797269,13.468348103910165],[121.82619319975431,13.468395666571112],[121.82637634382974,13.468439363849456]]]}},{"type":"Feature","properties":{"Id":0,"CLN":"7150","PSGC":"174001008","Barangay":"Balogo","Land_Class":"AGRICULTURAL","PIN":"030-01-009-02-018"},"geometry":{"type":"Polygon","coordinates":[[[121.8264171426716,13.467430935181318],[121.82635461254395,13.467290769643176],[121.82626239857063,13.467319927609875],[121.82637634382974,13.468439363849456],[121.82641919919371,13.46845365782108],[121.82650461257327,13.468454473001898],[121.82651414785158,13.46806570411312],[121.8265056633956,13.467666589367251],[121.8264171426716,13.467430935181318]]]}},{"type":"Feature","properties":{"Id":0,"CLN":"7154","PSGC":"174001008","Barangay":"Balogo","Land_Class":"AGRICULTURAL","PIN":"030-01-009-02-022","Owner":"MONCADA, MARCELINA","TaxDecNo":"06254"},"geometry":{"type":"Polygon","coordinates":[[[121.82637539503224,13.467272767417528],[121.82580170925735,13.46682418349641],[121.82543619540417,13.467100877541196],[121.82557890601576,13.467143237541752],[121.82565713549154,13.467163777166018],[121.82569976767873,13.46715725168694],[121.82592268968178,13.467278525033613],[121.82613890819808,13.46732341365704],[121.82616476657653,13.467332920982525],[121.82626239857063,13.467319927609855],[121.82635461254395,13.467290769643176],[121.82637539503224,13.467272767417528]]]}},{"type":"Feature","properties":{"Id":0,"CLN":"7158","PSGC":"174001008","Barangay":"Balogo","Land_Class":"AGRICULTURAL","PIN":"030-01-009-02-023","Owner":"MONTENEGRO, PEDRO & MONTENEGRO, ROSITA","TaxDecNo":"06255"},"geometry":{"type":"Polygon","coordinates":[[[121.82592268968178,13.467278525033613],[121.82569976767873,13.46715725168694],[121.82565713549154,13.467163777166018],[121.82572365130514,13.46735833111867],[121.82576157866204,13.467347916952692],[121.82592268968178,13.467278525033613]]]}},{"type":"Feature","properties":{"Id":0,"CLN":"7464","PSGC":"174001008","Barangay":"Balogo","Land_Class":"AGRICULTURAL","PIN":"030-01-009-02-024","Owner":"MANSIA, CASIMIRO","TaxDecNo":"06256"},"geometry":{"type":"Polygon","coordinates":[[[121.82592268968178,13.467278525033613],[121.82576157866204,13.467347916952692],[121.82581939603548,13.467648466868644],[121.82592268968178,13.467278525033613]]]}},{"type":"Feature","properties":{"Id":0,"CLN":"7159","PSGC":"174001008","Barangay":"Balogo","Land_Class":"AGRICULTURAL","PIN":"030-01-009-02-028","Owner":"MANSIA, CASIMIRO","TaxDecNo":"06262"},"geometry":{"type":"Polygon","coordinates":[[[121.82565713549154,13.467163777166018],[121.82557890601576,13.467143237541752],[121.8254017718,13.467264530574747],[121.82533374279977,13.467265725662491],[121.8252057407706,13.46735969323169],[121.82525400749358,13.467606546723138],[121.82531995762913,13.467556167678937],[121.82530616592808,13.467531137814682],[121.82541025013798,13.467427980084974],[121.8255330163529,13.46745654535724],[121.82572365130514,13.46735833111867],[121.82565713549154,13.467163777166018]]]}},{"type":"Feature","properties":{"Id":0,"CLN":"7157","PSGC":"174001008","Barangay":"Balogo","Land_Class":"AGRICULTURAL","PIN":"030-01-009-02-025","Owner":"SPS. REGELITO L. NUNEZ AND ANTONIA M. NUNEZ","TaxDecNo":"29401"},"geometry":{"type":"Polygon","coordinates":[[[121.82573071118156,13.467969094032682],[121.82581939603548,13.467648466868644],[121.82576157866204,13.467347916952692],[121.82572365130514,13.46735833111867],[121.8255330163529,13.46745654535724],[121.82541025013798,13.467427980084974],[121.82530616592808,13.467531137814682],[121.82531995762913,13.467556167678937],[121.82553741582393,13.467663854386636],[121.82561330914098,13.467793575220888],[121.82573071118156,13.467969094032682]]]}},{"type":"Feature","properties":{"Id":0,"CLN":"7166","PSGC":"174001008","Barangay":"Balogo","Land_Class":"AGRICULTURAL","PIN":"030-01-009-02-026","Owner":"LOGDAT, MATEO","TaxDecNo":"06259"},"geometry":{"type":"Polygon","coordinates":[[[121.82561330914098,13.467793575220888],[121.82553741582393,13.467663854386636],[121.82535682184043,13.467763628445],[121.82542733378948,13.467887271957826],[121.82561330914098,13.467793575220888]]]}},{"type":"Feature","properties":{"Id":0,"CLN":"7165","PSGC":"174001008","Barangay":"Balogo","Land_Class":"AGRICULTURAL","PIN":"030-01-009-02-027","Owner":"LOGDAT, AMBROCIO","TaxDecNo":"29505"},"geometry":{"type":"Polygon","coordinates":[[[121.82535682184043,13.467763628445],[121.82553741582393,13.467663854386636],[121.82531995762913,13.467556167678937],[121.82525400749358,13.467606546723138],[121.82535682184043,13.467763628445]]]}},{"type":"Feature","properties":{"Id":0,"CLN":"7160","PSGC":"174001008","Barangay":"Balogo","Land_Class":"AGRICULTURAL","PIN":"030-01-009-02-029","Owner":"BEDA AARON MAGTULIS MAGTURO AND BELLA MONTENEGRO MAGTURO","TaxDecNo":"29288"},"geometry":{"type":"Polygon","coordinates":[[[121.82557890601576,13.467143237541752],[121.82543619540417,13.467100877541196],[121.82528918725055,13.467208777859103],[121.82533374279977,13.467265725662491],[121.8254017718,13.467264530574747],[121.82557890601576,13.467143237541752]]]}},{"type":"Feature","properties":{"Id":0,"CLN":"7165","PSGC":"174001008","Barangay":"Balogo","Land_Class":"AGRICULTURAL","PIN":"030-01-009-02-030","Owner":"NUÑEZ, REGELITO L.","TaxDecNo":"06264"},"geometry":{"type":"Polygon","coordinates":[[[121.82533374279977,13.467265725662491],[121.82528918725055,13.467208777859103],[121.82500537455459,13.467392800228577],[121.82500370305728,13.467418514336195],[121.8248016800312,13.467474309230722],[121.82479364374798,13.467537063398199],[121.82501570875087,13.467492710127951],[121.8252057407706,13.46735969323169],[121.82533374279977,13.467265725662491]]]}},{"type":"Feature","properties":{"Id":0,"CLN":"7164","PSGC":"174001008","Barangay":"Balogo","Land_Class":"AGRICULTURAL","PIN":"030-01-009-02-031","Owner":"MANSIA, ESTEBAN","TaxDecNo":"06265"},"geometry":{"type":"Polygon","coordinates":[[[121.82525400749358,13.467606546723138],[121.8252057407706,13.46735969323169],[121.82501570875087,13.467492710127951],[121.82479364374798,13.467537063398199],[121.82476450816968,13.467646623573113],[121.82502475669686,13.467697771283994],[121.82525400749358,13.467606546723138]]]}},{"type":"Feature","properties":{"Id":0,"CLN":"7168","PSGC":"174001008","Barangay":"Balogo","Land_Class":"AGRICULTURAL","PIN":"030-01-009-02-014","Owner":"MONTENEGRO, PEDRO & MONTENEGRO, ROSITA","TaxDecNo":"06248"},"geometry":{"type":"Polygon","coordinates":[[[121.82542733378948,13.467887271957826],[121.82535682184043,13.467763628445],[121.82525400749358,13.467606546723138],[121.82502475669686,13.467697771283994],[121.82511152114924,13.467755757057216],[121.82519423006696,13.467984783040244],[121.82524323445466,13.468080502665924],[121.82547731733472,13.467984761350916],[121.82542733378948,13.467887271957826]]]}},{"type":"Feature","properties":{"Id":0,"CLN":"7167","PSGC":"174001008","Barangay":"Balogo","Land_Class":"AGRICULTURAL","PIN":"030-01-009-02-015","Owner":"LOGDAT, BASILIO.","TaxDecNo":"06249"},"geometry":{"type":"Polygon","coordinates":[[[121.82530437862754,13.468212216321364],[121.8256139639583,13.468132714885943],[121.82573071118156,13.467969094032682],[121.82561330914098,13.467793575220888],[121.82542733378948,13.467887271957826],[121.82547731733472,13.467984761350916],[121.82524323445466,13.468080502665924],[121.82530437862754,13.468212216321364]]]}},{"type":"Feature","properties":{"Id":0,"CLN":"7169","PSGC":"174001008","Barangay":"Balogo","Land_Class":"AGRICULTURAL","PIN":"030-01-009-02-013","Owner":"SPS. ELMER M. LAZARTE AND ALICIA R. LAZARTE","TaxDecNo":"31292"},"geometry":{"type":"Polygon","coordinates":[[[121.82530437862754,13.468212216321364],[121.82524323445466,13.468080502665924],[121.82519423006696,13.467984783040244],[121.82493801580014,13.468110009213017],[121.8250157004067,13.46828424984451],[121.82530437862754,13.468212216321364]]]}},{"type":"Feature","properties":{"Id":0,"CLN":"7170","PSGC":"174001008","Barangay":"Balogo","Land_Class":"AGRICULTURAL","PIN":"030-01-009-02-012","Owner":"MONTEVIRGEN, CORAZON O.","TaxDecNo":"06246"},"geometry":{"type":"Polygon","coordinates":[[[121.82519423006696,13.467984783040244],[121.82511152114924,13.467755757057216],[121.82502475669686,13.467697771283994],[121.82476450816968,13.467646623573113],[121.82477455895109,13.467813358705271],[121.82482256322012,13.467832412312008],[121.82493801580014,13.468110009213017],[121.82519423006696,13.467984783040244]]]}},{"type":"Feature","properties":{"Id":0,"CLN":"7175","PSGC":"174001008","Barangay":"Balogo","Land_Class":"AGRICULTURAL","PIN":"030-01-009-02-007","Owner":"OLAVIDEZ, GELLIE MARIE M.","TaxDecNo":"29361"},"geometry":{"type":"Polygon","coordinates":[[[121.82477455895109,13.467813358705271],[121.82476450816968,13.467646623573113],[121.82479364374798,13.467537063398199],[121.82461533664672,13.467493863992583],[121.8244208948956,13.467632827936539],[121.82462651560223,13.467737349864946],[121.82477455895109,13.467813358705271]]]}},{"type":"Feature","properties":{"Id":0,"CLN":"7172","PSGC":"174001008","Barangay":"Balogo","Land_Class":"RESIDENTIAL","PIN":"030-01-009-02-010","Owner":"JANDA, CLEMENTE","TaxDecNo":"06243"},"geometry":{"type":"Polygon","coordinates":[[[121.82482256322012,13.467832412312008],[121.82477455895109,13.467813358705271],[121.82462651560223,13.467737349864946],[121.82453780647658,13.467892947628146],[121.82472968567528,13.467997405214488],[121.82482256322012,13.467832412312008]]]}},{"type":"Feature","properties":{"Id":0,"CLN":"7174","PSGC":"174001008","Barangay":"Balogo","Land_Class":"RESIDENTIAL","PIN":"030-01-009-02-008","Owner":"JANDA, GREGORIO","TaxDecNo":"06240"},"geometry":{"type":"Polygon","coordinates":[[[121.82462651560223,13.467737349864946],[121.8244208948956,13.467632827936539],[121.82433501943343,13.467770954699208],[121.82453780647658,13.467892947628146],[121.82462651560223,13.467737349864946]]]}},{"type":"Feature","properties":{"Id":0,"CLN":"7173","PSGC":"174001008","Barangay":"Balogo","Land_Class":"AGRICULTURAL","PIN":"030-01-009-02-009","Owner":"MAYORES, JOSE MONTENEGRO","TaxDecNo":"06242"},"geometry":{"type":"Polygon","coordinates":[[[121.82472968567528,13.467997405214488],[121.82453780647658,13.467892947628146],[121.82433501943343,13.467770954699208],[121.82424788136794,13.467886211591281],[121.82465691501282,13.468266052255004],[121.82472968567528,13.467997405214488]]]}},{"type":"Feature","properties":{"Id":0,"CLN":"7171","PSGC":"174001008","Barangay":"Balogo","Land_Class":"AGRICULTURAL","PIN":"030-01-009-02-011","Owner":"MONTEVIRGEN, CORAZON O.","TaxDecNo":"06245"},"geometry":{"type":"Polygon","coordinates":[[[121.82469491293448,13.468348717016001],[121.8247763527965,13.468345063087364],[121.8250157004067,13.46828424984451],[121.82493801580014,13.468110009213017],[121.82482256322012,13.467832412312008],[121.82472968567528,13.467997405214488],[121.82465691501282,13.468266052255004],[121.82469491293448,13.468348717016001]]]}},{"type":"Feature","properties":{"Id":0,"CLN":"7213","PSGC":"174001008","Barangay":"Balogo","Land_Class":"AGRICULTURAL","PIN":"030-01-009-02-006"},"geometry":{"type":"Polygon","coordinates":[[[121.82458827032127,13.46867377395553],[121.82467276465049,13.468410984875602],[121.82469491293448,13.468348717016001],[121.82465691501282,13.468266052255004],[121.82424788136794,13.467886211591281],[121.82411910065993,13.46822733503542],[121.82458827032127,13.46867377395553]]]}},{"type":"Feature","properties":{"Id":0,"CLN":"7455","PSGC":"174001008","Barangay":"Balogo","Land_Class":"AGRICULTURAL","PIN":"030-01-009-02-099","Owner":"MAGTURO, MA. LINDA LINESES","TaxDecNo":"31222"},"geometry":{"type":"Polygon","coordinates":[[[121.82407234620605,13.468374386816652],[121.82455895795651,13.468764939312843],[121.82458827032127,13.468673773955544],[121.82411910065993,13.46822733503542],[121.82407234620605,13.468374386816652]]]}},{"type":"Feature","properties":{"Id":0,"CLN":"7456","PSGC":"174001008","Barangay":"Balogo","Land_Class":"AGRICULTURAL","PIN":"030-01-009-02-114","Owner":"GO, AGNES S.","TaxDecNo":"06342"},"geometry":{"type":"Polygon","coordinates":[[[121.82421009757037,13.468640306579909],[121.82415092981623,13.468805297567929],[121.82433870793601,13.468904772032444],[121.82441758819304,13.468839536491695],[121.82447148580601,13.468808705650883],[121.82421009757037,13.468640306579909]]]}},{"type":"Feature","properties":{"Id":0,"CLN":"7457","PSGC":"174001008","Barangay":"Balogo","Land_Class":"AGRICULTURAL","PIN":"030-01-009-02-003","Owner":"GO, MELCHAN J. & GO, AGNES S","TaxDecNo":"06237"},"geometry":{"type":"Polygon","coordinates":[[[121.82433870793601,13.468904772032444],[121.82396315186017,13.468705822974993],[121.8239269087131,13.468828789910164],[121.82420921943779,13.46898838616148],[121.82433870793601,13.468904772032444]]]}},{"type":"Feature","properties":{"Id":0,"CLN":"7458","PSGC":"174001008","Barangay":"Balogo","Land_Class":"RESIDENTIAL","PIN":"030-01-009-02-002","Owner":"LACOSTA, RAYMOND Q. & LACOSTA, REGGIE Q. & LACOSTA, RICHIE Q.","TaxDecNo":"06236"},"geometry":{"type":"Polygon","coordinates":[[[121.82420921943779,13.46898838616148],[121.8239269087131,13.468828789910164],[121.8239149795166,13.468862285007392],[121.82390389167799,13.468916703041502],[121.82410169519108,13.469094127028937],[121.82420921943779,13.46898838616148]]]}},{"type":"Feature","properties":{"Id":0,"CLN":"7207","PSGC":"174001008","Barangay":"Balogo","Land_Class":"RESIDENTIAL","PIN":"030-01-009-02-044","Owner":"DE LUNA, MARINA L.","TaxDecNo":"06277"},"geometry":{"type":"Polygon","coordinates":[[[121.8236248500508,13.469377027733314],[121.82370029248028,13.469196094565953],[121.8236211354703,13.469154367207123],[121.82349878553548,13.469304091021744],[121.8236248500508,13.469377027733314]]]}},{"type":"Feature","properties":{"Id":0,"CLN":"7208","PSGC":"174001008","Barangay":"Balogo","Land_Class":"RESIDENTIAL","PIN":"030-01-009-02-043","Owner":"MANUEL, NARCISO JR. M","TaxDecNo":"06276"},"geometry":{"type":"Polygon","coordinates":[[[121.82370029248028,13.469196094565937],[121.82373366726715,13.469115554614842],[121.82366478214381,13.469080936270393],[121.82362113547025,13.469154367207121],[121.82370029248028,13.469196094565937]]]}},{"type":"Feature","properties":{"Id":0,"CLN":"7205","PSGC":"174001008","Barangay":"Balogo","Land_Class":"AGRICULTURAL","PIN":"030-01-009-02-046","Owner":"LUNA, SOSA","TaxDecNo":"06279"},"geometry":{"type":"Polygon","coordinates":[[[121.82369555885126,13.468919709212255],[121.82344273624193,13.468752068473213],[121.8234231541539,13.468751976786612],[121.82328743563981,13.468895585700643],[121.82353569112483,13.469133793136065],[121.82362988772904,13.469042057759166],[121.82369555885126,13.468919709212255]]]}},{"type":"Feature","properties":{"Id":0,"CLN":"7204","PSGC":"174001008","Barangay":"Balogo","Land_Class":"AGRICULTURAL","PIN":"030-01-009-02-045","Owner":"FERNANDEZ, ALEXANDREA NASREEN","TaxDecNo":"06278"},"geometry":{"type":"Polygon","coordinates":[[[121.82341555528757,13.46925225750526],[121.8235356911248,13.46913379313605],[121.82328743563976,13.468895585700627],[121.82311970802046,13.469051149039734],[121.82341555528757,13.46925225750526]]]}},{"type":"Feature","properties":{"Id":0,"CLN":"7209","PSGC":"174001008","Barangay":"Balogo","Land_Class":"RESIDENTIAL","PIN":"030-01-009-02-120","Owner":"ORDOÑA, ARACELI M.","TaxDecNo":"32208"},"geometry":{"type":"Polygon","coordinates":[[[121.82344273624193,13.468752068473213],[121.82379511077617,13.468985719628659],[121.82398605345048,13.4685084883742],[121.8238410788855,13.468437200700347],[121.82379899536501,13.468401699144032],[121.82379602175637,13.46837747636851],[121.82368530511835,13.468466732632503],[121.8234231541539,13.468751976786612],[121.82344273624193,13.468752068473213]]]}},{"type":"Feature","properties":{"Id":0,"CLN":"7210","PSGC":"174001008","Barangay":"Balogo","Land_Class":"AGRICULTURAL","PIN":"030-01-009-02-040","Owner":"FELICIANO, ANIDEL M.","TaxDecNo":"06275"},"geometry":{"type":"Polygon","coordinates":[[[121.82398605345048,13.4685084883742],[121.82408436716138,13.46821541603038],[121.82393321385707,13.468143090804384],[121.82379602175637,13.46837747636851],[121.82379899536501,13.468401699144032],[121.8238410788855,13.468437200700347],[121.82398605345048,13.4685084883742]]]}},{"type":"Feature","properties":{"Id":0,"CLN":"7211","PSGC":"174001008","Barangay":"Balogo","Land_Class":"AGRICULTURAL","PIN":"030-01-009-02-039","Owner":"PENALOSA, ELMER & PENALOSA, MILAGROS","TaxDecNo":"06274"},"geometry":{"type":"Polygon","coordinates":[[[121.82408436716138,13.46821541603038],[121.82418567396057,13.46794253167834],[121.82408495772707,13.467883555670074],[121.82393321385707,13.468143090804384],[121.82408436716138,13.46821541603038]]]}},{"type":"Feature","properties":{"Id":0,"CLN":"7212","PSGC":"174001008","Barangay":"Balogo","Land_Class":"RESIDENTIAL","PIN":"030-01-009-02-038","Owner":"DEMORET, ROSIE QUINDOZA","TaxDecNo":"06273"},"geometry":{"type":"Polygon","coordinates":[[[121.82418567396057,13.46794253167834],[121.82422425081413,13.467851928942547],[121.82433641635316,13.467676939455876],[121.8242253790859,13.467620941332115],[121.82408495772707,13.467883555670074],[121.82418567396057,13.46794253167834]]]}},{"type":"Feature","properties":{"Id":0,"CLN":"7182","PSGC":"174001008","Barangay":"Balogo","Land_Class":"AGRICULTURAL","PIN":"030-01-009-02-037","Owner":"RODITO LAMARCA & ESTEBAN LAMARCA","TaxDecNo":"06271"},"geometry":{"type":"Polygon","coordinates":[[[121.82433641635318,13.467676939455902],[121.8244195565622,13.46753611002026],[121.82459101077512,13.467461259295417],[121.82447234323014,13.467407914469803],[121.8243843317666,13.46736244838625],[121.824355281985,13.467401651894654],[121.8242253790859,13.467620941332115],[121.82433641635318,13.467676939455902]]]}},{"type":"Feature","properties":{"Id":0,"CLN":"7180","PSGC":"174001008","Barangay":"Balogo","Land_Class":"AGRICULTURAL","PIN":"030-01-009-02-036","Owner":"MALITAO, EUFROCINA","TaxDecNo":"06270"},"geometry":{"type":"Polygon","coordinates":[[[121.82459101077512,13.467461259295417],[121.82471387749622,13.467416442306588],[121.82468863868287,13.467308393078042],[121.82447234323014,13.467407914469803],[121.82459101077512,13.467461259295417]]]}},{"type":"Feature","properties":{"Id":0,"CLN":"7179","PSGC":"174001008","Barangay":"Balogo","Land_Class":"AGRICULTURAL","PIN":"030-01-009-02-035","Owner":"MALITAO, MEDINA","TaxDecNo":"06269"},"geometry":{"type":"Polygon","coordinates":[[[121.82471387749622,13.467416442306588],[121.8248605077748,13.467359631940784],[121.82480128271992,13.467246380282395],[121.82468863868287,13.467308393078042],[121.82471387749622,13.467416442306588]]]}},{"type":"Feature","properties":{"Id":0,"CLN":"7178","PSGC":"174001008","Barangay":"Balogo","Land_Class":"AGRICULTURAL","PIN":"030-01-009-02-034","Owner":"MALITAO, ANDREA","TaxDecNo":"06268"},"geometry":{"type":"Polygon","coordinates":[[[121.8248605077748,13.467359631940784],[121.824938125132,13.467294429186135],[121.8248447563099,13.467208252864548],[121.82480128271992,13.467246380282395],[121.8248605077748,13.467359631940784]]]}},{"type":"Feature","properties":{"Id":0,"CLN":"7177","PSGC":"174001008","Barangay":"Balogo","Land_Class":null,"PIN":null},"geometry":{"type":"Polygon","coordinates":[[[121.824938125132,13.467294429186135],[121.82498988806675,13.467247262174839],[121.82488299302864,13.46718724889912],[121.8248447563099,13.467208252864548],[121.824938125132,13.467294429186135]]]}},{"type":"Feature","properties":{"Id":0,"CLN":"7143","PSGC":"174001008","Barangay":"Balogo","Land_Class":null,"PIN":null},"geometry":{"type":"Polygon","coordinates":[[[121.82633503761234,13.466344649227327],[121.82610836835298,13.466541105579955],[121.82613003443394,13.46656479934377],[121.82635310952712,13.466372246392043],[121.82633503761234,13.466344649227327]]]}},{"type":"Feature","properties":{"Id":0,"CLN":"7152","PSGC":"174001008","Barangay":"Balogo","Land_Class":null,"PIN":null},"geometry":{"type":"Polygon","coordinates":[[[121.82580170925735,13.46682418349641],[121.82613003443394,13.46656479934377],[121.82610836835298,13.466541105579935],[121.82576081790944,13.466797710003988],[121.82580170925735,13.46682418349641]]]}},{"type":"Feature","properties":{"Id":0,"CLN":"7153","PSGC":"174001008","Barangay":"Balogo","Land_Class":null,"PIN":null},"geometry":{"type":"Polygon","coordinates":[[[121.82580170925735,13.46682418349641],[121.82576081790944,13.466797710003988],[121.82540649507403,13.467082593044346],[121.8254361954042,13.467100877541197],[121.82580170925735,13.46682418349641]]]}},{"type":"Feature","properties":{"Id":0,"CLN":"7162","PSGC":"174001008","Barangay":"Balogo","Land_Class":null,"PIN":null},"geometry":{"type":"Polygon","coordinates":[[[121.82528918725055,13.467208777859103],[121.8252751931476,13.46718816225093],[121.82500011663011,13.467341992385043],[121.82500537455459,13.467392800228577],[121.82528918725055,13.467208777859103]]]}},{"type":"Feature","properties":{"Id":0,"CLN":"7181","PSGC":"174001008","Barangay":"Balogo","Land_Class":"AGRICULTURAL","PIN":"030-01-009-02-032","Owner":"MALITAO, DEMETRIA","TaxDecNo":"06266"},"geometry":{"type":"Polygon","coordinates":[[[121.82500011663014,13.467341992385043],[121.82479744938621,13.467421984692638],[121.8248016800312,13.467474309230722],[121.8250037030573,13.467418514336211],[121.82500537455459,13.467392800228577],[121.82500011663014,13.467341992385043]]]}},{"type":"Feature","properties":{"Id":0,"CLN":"7043","PSGC":"174001008","Barangay":"Balogo","Land_Class":null,"PIN":null},"geometry":{"type":"Polygon","coordinates":[[[121.8265070858976,13.466105559738564],[121.82648427617755,13.466083021690345],[121.82642018553567,13.466144236065631],[121.82623802814065,13.466300743147],[121.82626532136342,13.466339873806444],[121.82641850322496,13.466207440289775],[121.8265070858976,13.466105559738564]]]}},{"type":"Feature","properties":{"Id":0,"CLN":"7042","PSGC":"174001008","Barangay":"Balogo","Land_Class":null,"PIN":null},"geometry":{"type":"Polygon","coordinates":[[[121.82626532136342,13.466339873806426],[121.82623802814065,13.466300743147],[121.8260766076656,13.46643179312116],[121.82609983082921,13.466460145284818],[121.82626532136342,13.466339873806426]]]}},{"type":"Feature","properties":{"Id":0,"CLN":"7028","PSGC":"174001008","Barangay":"Balogo","Land_Class":null,"PIN":null},"geometry":{"type":"Polygon","coordinates":[[[121.82609983082921,13.466460145284818],[121.8260766076656,13.46643179312116],[121.82592621317615,13.466556169797215],[121.8259494428906,13.466583177067038],[121.82609983082921,13.466460145284818]]]}},{"type":"Feature","properties":{"Id":0,"CLN":"7027","PSGC":"174001008","Barangay":"Balogo","Land_Class":null,"PIN":null},"geometry":{"type":"Polygon","coordinates":[[[121.8259494428906,13.466583177067038],[121.82592621317615,13.466556169797215],[121.82575663918186,13.466668352321518],[121.82578804831181,13.466708847197005],[121.8259494428906,13.466583177067038]]]}},{"type":"Feature","properties":{"Id":0,"CLN":"7020","PSGC":"174001008","Barangay":"Balogo","Land_Class":null,"PIN":null},"geometry":{"type":"Polygon","coordinates":[[[121.82578804831181,13.466708847197005],[121.82575663918186,13.466668352321518],[121.82556899740659,13.46682214334792],[121.82559629056625,13.46686127407438],[121.82578804831181,13.466708847197005]]]}},{"type":"Feature","properties":{"Id":0,"CLN":"7019","PSGC":"174001008","Barangay":"Balogo","Land_Class":null,"PIN":null},"geometry":{"type":"Polygon","coordinates":[[[121.82559629056625,13.46686127407438],[121.82556899740659,13.46682214334792],[121.82534967724061,13.46699058046256],[121.82537835767701,13.46702702782039],[121.82559629056625,13.46686127407438]]]}},{"type":"Feature","properties":{"Id":0,"CLN":"7013","PSGC":"174001008","Barangay":"Balogo","Land_Class":null,"PIN":null},"geometry":{"type":"Polygon","coordinates":[[[121.82537835767701,13.46702702782039],[121.82534967724061,13.46699058046256],[121.8251952054641,13.467105523021614],[121.82521427980154,13.467139235617408],[121.82537835767701,13.46702702782039]]]}},{"type":"Feature","properties":{"Id":0,"CLN":"7011","PSGC":"174001008","Barangay":"Balogo","Land_Class":null,"PIN":null},"geometry":{"type":"Polygon","coordinates":[[[121.82521427980154,13.467139235617408],[121.8251952054641,13.467105523021614],[121.82510963914908,13.467180439499929],[121.82513422986548,13.467210143078574],[121.82521427980154,13.467139235617408]]]}},{"type":"Feature","properties":{"Id":0,"CLN":"7010","PSGC":"174001008","Barangay":"Balogo","Land_Class":"AGRICULTURAL","PIN":"030-01-009-02-069","Owner":"MALITAO, WILFREDO","TaxDecNo":"06298"},"geometry":{"type":"Polygon","coordinates":[[[121.82510963914908,13.467180439499929],[121.8251952054641,13.467105523021614],[121.82512002634529,13.467023130406346],[121.82504280354388,13.467077911810268],[121.82510963914908,13.467180439499929]]]}},{"type":"Feature","properties":{"Id":0,"CLN":"7009","PSGC":"174001008","Barangay":"Balogo","Land_Class":"AGRICULTURAL","PIN":"030-01-009-02-068","Owner":"FELISA & NICOLAS MALITAO","TaxDecNo":"06297"},"geometry":{"type":"Polygon","coordinates":[[[121.82510963914908,13.467180439499929],[121.82504280354388,13.467077911810268],[121.82495598119105,13.46712861349281],[121.82504491514426,13.467208380588149],[121.82510963914908,13.467180439499929]]]}},{"type":"Feature","properties":{"Id":0,"CLN":"7007","PSGC":"174001008","Barangay":"Balogo","Land_Class":null,"PIN":null},"geometry":{"type":"Polygon","coordinates":[[[121.82495598119105,13.467128613492823],[121.82440052335205,13.466623009381477],[121.82436738564385,13.466655132859652],[121.82492517204037,13.467152094207906],[121.82495598119105,13.467128613492823]]]}},{"type":"Feature","properties":{"Id":0,"CLN":"7006","PSGC":"174001008","Barangay":"Balogo","Land_Class":"AGRICULTURAL","PIN":"030-01-009-02-067","Owner":"MONTEVIRGEN, BIENVENIDO","TaxDecNo":"06296"},"geometry":{"type":"Polygon","coordinates":[[[121.824400523352,13.466623009381474],[121.82495598119105,13.46712861349281],[121.82504280354388,13.467077911810268],[121.82512002634529,13.467023130406346],[121.8245982444735,13.466375120817052],[121.824400523352,13.466623009381474]]]}},{"type":"Feature","properties":{"Id":0,"CLN":"7014","PSGC":"174001008","Barangay":"Balogo","Land_Class":"AGRICULTURAL","PIN":"030-01-009-02-070","Owner":"LAMARCA, LUWISITO","TaxDecNo":"06299"},"geometry":{"type":"Polygon","coordinates":[[[121.8251952054641,13.467105523021614],[121.82534967724061,13.46699058046256],[121.8252174195118,13.466777462169775],[121.82503169409907,13.466538540053646],[121.82472983444285,13.466161891195178],[121.8245982444735,13.466375120817052],[121.82512002634529,13.467023130406346],[121.8251952054641,13.467105523021614]]]}},{"type":"Feature","properties":{"Id":0,"CLN":"7018","PSGC":"174001008","Barangay":"Balogo","Land_Class":"RESIDENTIAL","PIN":"030-01-009-02-123","Owner":"OSMILLO, CHRISTIAN PHILIP L.","TaxDecNo":"29560"},"geometry":{"type":"Polygon","coordinates":[[[121.82530782805377,13.466695843585015],[121.82545933736122,13.466906361932617],[121.82556899740659,13.46682214334792],[121.82544438070263,13.466670410130991],[121.82539823653488,13.466614224962118],[121.82530782805377,13.466695843585015]]]}},{"type":"Feature","properties":{"Id":0,"CLN":"7021","PSGC":"174001008","Barangay":"Balogo","Land_Class":"AGRICULTURAL","PIN":"030-01-009-02-072","Owner":"MAAÑO, ALEJANDRO","TaxDecNo":"06301"},"geometry":{"type":"Polygon","coordinates":[[[121.82556899740659,13.46682214334792],[121.82575663918186,13.466668352321518],[121.82563772927806,13.466535992843413],[121.82544438070263,13.466670410130977],[121.82556899740659,13.46682214334792]]]}},{"type":"Feature","properties":{"Id":0,"CLN":"7026","PSGC":"174001008","Barangay":"Balogo","Land_Class":"AGRICULTURAL","PIN":"030-01-009-02-073"},"geometry":{"type":"Polygon","coordinates":[[[121.82575663918186,13.466668352321518],[121.82592621317615,13.466556169797215],[121.82581688961031,13.466430579870119],[121.82563772927806,13.466535992843413],[121.82575663918186,13.466668352321518]]]}},{"type":"Feature","properties":{"Id":0,"CLN":"7029","PSGC":"174001008","Barangay":"Balogo","Land_Class":"AGRICULTURAL","PIN":"030-01-009-02-074","Owner":"LAMARCA, REYNALDO","TaxDecNo":"06303"},"geometry":{"type":"Polygon","coordinates":[[[121.82592621317615,13.466556169797215],[121.8260766076656,13.46643179312116],[121.82597959255806,13.46631836519176],[121.82581688961031,13.466430579870119],[121.82592621317615,13.466556169797215]]]}},{"type":"Feature","properties":{"Id":0,"CLN":"7017","PSGC":"174001008","Barangay":"Balogo","Land_Class":"AGRICULTURAL","PIN":"030-01-009-02-154","Owner":"MAYACYAC, NILDA LOGDAT","TaxDecNo":"06377"},"geometry":{"type":"Polygon","coordinates":[[[121.82521516527545,13.466576465352372],[121.82530782805377,13.466695843585015],[121.82539823653488,13.466614224962118],[121.82530744156114,13.46649342870869],[121.82521516527545,13.466576465352372]]]}},{"type":"Feature","properties":{"Id":0,"CLN":"7025","PSGC":"174001008","Barangay":"Balogo","Land_Class":"AGRICULTURAL","PIN":"030-01-009-02-077","Owner":"JANDUSAY, JOEL S.J.","TaxDecNo":"31545"},"geometry":{"type":"Polygon","coordinates":[[[121.82568441522028,13.466261843732637],[121.82555194101182,13.4660931075384],[121.8253672513611,13.466205219180809],[121.82550249022842,13.466370606041949],[121.82568441522028,13.466261843732637]]]}},{"type":"Feature","properties":{"Id":0,"CLN":"7024","PSGC":"174001008","Barangay":"Balogo","Land_Class":"RESIDENTIAL","PIN":"030-01-009-02-078","Owner":"JANDUSAY, JOEL SAN JUAN","TaxDecNo":"31763"},"geometry":{"type":"Polygon","coordinates":[[[121.8253672513611,13.466205219180795],[121.82555194101182,13.466093107538363],[121.82545775336318,13.465963553396769],[121.8253257611794,13.465977730846179],[121.82521302700874,13.465987963429377],[121.8253672513611,13.466205219180795]]]}},{"type":"Feature","properties":{"Id":0,"CLN":"7030","PSGC":"174001008","Barangay":"Balogo","Land_Class":"AGRICULTURAL","PIN":"030-01-009-02-135","Owner":"MONTEAGUDO, HRS. OF BENITA","TaxDecNo":"06358"},"geometry":{"type":"Polygon","coordinates":[[[121.8257358816419,13.466016734700442],[121.82556961971723,13.466115625428523],[121.82581688961031,13.466430579870119],[121.82597959255806,13.46631836519176],[121.8257358816419,13.466016734700442]]]}},{"type":"Feature","properties":{"Id":0,"CLN":"7041","PSGC":"174001008","Barangay":"Balogo","Land_Class":"AGRICULTURAL","PIN":"030-01-009-02-102","Owner":"MONTEVIRGEN, ELPEDIO FERDINAND","TaxDecNo":"06331"},"geometry":{"type":"Polygon","coordinates":[[[121.82564707692613,13.46589415608811],[121.82599674609436,13.466166553293021],[121.82615731792475,13.46636626814902],[121.82623802814065,13.466300743147],[121.82608167414084,13.466102865573077],[121.82596449954721,13.466031822964897],[121.82566019541721,13.465874388553235],[121.82564707692613,13.46589415608811]]]}},{"type":"Feature","properties":{"Id":0,"CLN":"7046","PSGC":"174001008","Barangay":"Balogo","Land_Class":"RESIDENTIAL","PIN":"030-01-009-04-072","Owner":"BARANGAY BALOGO","TaxDecNo":"06603"},"geometry":{"type":"Polygon","coordinates":[[[121.82709160376888,13.465200203428218],[121.82701755662306,13.465114115294027],[121.82708641826225,13.465039019377045],[121.82675671346303,13.464672939837962],[121.82652907466988,13.464876253539643],[121.82641142315589,13.46498038480253],[121.82634874974731,13.46503313982584],[121.8262369593891,13.46514295817339],[121.8262361625225,13.465238863991239],[121.82610323465819,13.46544502738731],[121.8262117956393,13.465550817810941],[121.82641864548074,13.465684932584942],[121.82658716209292,13.465787802855605],[121.82670603012717,13.465646408136159],[121.82685416618658,13.465451524533313],[121.82696317539309,13.465348988369996],[121.82705181838972,13.465236893799425],[121.82709160376888,13.465200203428218]]]}},{"type":"Feature","properties":{"Id":0,"CLN":"7037","PSGC":"174001008","Barangay":"Balogo","Land_Class":"AGRICULTURAL","PIN":"030-01-009-04-083","Owner":"MONTEVIRGEN, BUENAVENTURA","TaxDecNo":"06615"},"geometry":{"type":"Polygon","coordinates":[[[121.82608814772448,13.46579132043069],[121.82585142406676,13.465664735299558],[121.82579548339622,13.465726065829314],[121.82566019541721,13.465874388553251],[121.82596449954721,13.46603182296493],[121.82608814772448,13.46579132043069]]]}},{"type":"Feature","properties":{"Id":0,"CLN":"7038","PSGC":"174001008","Barangay":"Balogo","Land_Class":"AGRICULTURAL","PIN":"030-01-009-04-008","Owner":"MANSIA, JULIAN","TaxDecNo":"06542"},"geometry":{"type":"Polygon","coordinates":[[[121.82580710265944,13.465036269903658],[121.82574632580783,13.46496619895226],[121.82564418422105,13.465023046805397],[121.82558543120857,13.465060158197982],[121.82569300950401,13.465243350507329],[121.82586545659764,13.46544978216064],[121.82601763119322,13.465304641957275],[121.82597883536111,13.465244685736012],[121.82597445794369,13.465184102889987],[121.82580710265944,13.465036269903658]]]}},{"type":"Feature","properties":{"Id":0,"CLN":"7040","PSGC":"174001008","Barangay":"Balogo","Land_Class":"AGRICULTURAL","PIN":"030-01-009-04-006","Owner":"MANSIA, FLORENCIO","TaxDecNo":"06540"},"geometry":{"type":"Polygon","coordinates":[[[121.82579548339623,13.465726065829298],[121.82588167112452,13.46563157393156],[121.8257820345241,13.465523513455647],[121.82568646757586,13.465582841974594],[121.82579548339623,13.465726065829298]]]}},{"type":"Feature","properties":{"Id":0,"CLN":"7039","PSGC":"174001008","Barangay":"Balogo","Land_Class":"AGRICULTURAL","PIN":"030-01-009-04-007","Owner":"MANSIA, CELSO","TaxDecNo":"06541"},"geometry":{"type":"Polygon","coordinates":[[[121.82569300950401,13.465243350507329],[121.82558543120857,13.465060158197982],[121.8253811964791,13.465163884367971],[121.82541693217124,13.465246842510126],[121.82568646757586,13.465582841974596],[121.8257820345241,13.465523513455652],[121.82586545659764,13.46544978216064],[121.82569300950401,13.465243350507329]]]}},{"type":"Feature","properties":{"Id":0,"CLN":"7032","PSGC":"174001008","Barangay":"Balogo","Land_Class":"AGRICULTURAL","PIN":"030-01-009-04-005","Owner":"MANSIA, HILARION","TaxDecNo":"06539"},"geometry":{"type":"Polygon","coordinates":[[[121.82538119647909,13.465163884367971],[121.82524223063832,13.464938919510377],[121.82506609307887,13.465025329987839],[121.82520684965574,13.465243469676516],[121.82527120733879,13.465337349678705],[121.82566019541721,13.465874388553235],[121.82579548339622,13.465726065829301],[121.82568646757586,13.465582841974594],[121.82541693217124,13.46524684251014],[121.82538119647909,13.465163884367971]]]}},{"type":"Feature","properties":{"Id":0,"CLN":"7031","PSGC":"174001008","Barangay":"Balogo","Land_Class":"AGRICULTURAL","PIN":"030-01-009-04-004","Owner":"MANSIA, MARCELINA","TaxDecNo":"06538"},"geometry":{"type":"Polygon","coordinates":[[[121.82545775336318,13.465963553396769],[121.82562621699422,13.465925588766774],[121.82566019541721,13.465874388553217],[121.82527120733879,13.465337349678684],[121.8251184006918,13.465455556359295],[121.82545775336318,13.465963553396769]]]}},{"type":"Feature","properties":{"Id":0,"CLN":"7023","PSGC":"174001008","Barangay":"Balogo","Land_Class":"AGRICULTURAL","PIN":"030-01-009-04-065","Owner":"JANDA, LIBERTY R.","TaxDecNo":"06596"},"geometry":{"type":"Polygon","coordinates":[[[121.82505383175625,13.465785347470232],[121.82498582054707,13.465698917576148],[121.82508750730203,13.46541620629062],[121.8249859273011,13.465286819924966],[121.82487339257794,13.46553779708453],[121.82490442287035,13.465937388526184],[121.82493758666337,13.46589988533513],[121.82505383175625,13.465785347470232]]]}},{"type":"Feature","properties":{"Id":0,"CLN":"7022","PSGC":"174001008","Barangay":"Balogo","Land_Class":"AGRICULTURAL","PIN":"030-01-009-02-128"},"geometry":{"type":"Polygon","coordinates":[[[121.82543487077194,13.466287912618863],[121.82526204410755,13.46643303057205],[121.82539823653488,13.466614224962118],[121.82544438070263,13.466670410130991],[121.82563772927806,13.466535992843413],[121.82543487077194,13.466287912618863]]]}},{"type":"Feature","properties":{"Id":0,"CLN":"7016","PSGC":"174001008","Barangay":"Balogo","Land_Class":"AGRICULTURAL","PIN":"030-01-009-02-081","Owner":"MONTELYOLA, FELIX","TaxDecNo":"06311"},"geometry":{"type":"Polygon","coordinates":[[[121.82512551833422,13.466460972311301],[121.82521664667615,13.466372632428778],[121.82490442287038,13.465937388526152],[121.82481198340895,13.466045650757552],[121.82512551833422,13.466460972311301]]]}},{"type":"Feature","properties":{"Id":0,"CLN":"7015","PSGC":"174001008","Barangay":"Balogo","Land_Class":"AGRICULTURAL","PIN":"030-01-009-02-082","Owner":"MONTELYOLA, FLORENTINO","TaxDecNo":"06312"},"geometry":{"type":"Polygon","coordinates":[[[121.82503169409907,13.466538540053646],[121.82512551833422,13.466460972311301],[121.82481198340895,13.466045650757552],[121.82472983444285,13.466161891195178],[121.82503169409907,13.466538540053646]]]}},{"type":"Feature","properties":{"Id":0,"CLN":"7005","PSGC":"174001008","Barangay":"Balogo","Land_Class":"AGRICULTURAL","PIN":"030-01-009-02-100","Owner":"MONTEVIRGEN, ELPIDIO FERDINAND M.","TaxDecNo":"06330"},"geometry":{"type":"Polygon","coordinates":[[[121.82489968823698,13.465876418498995],[121.82476127786974,13.465711132357711],[121.8244194515353,13.466239611956851],[121.82423874632539,13.466473682301178],[121.82440052335205,13.466623009381477],[121.8245982444735,13.466375120817052],[121.82472983444288,13.466161891195178],[121.82481198340895,13.46604565075759],[121.82490442287035,13.465937388526184],[121.82489968823698,13.465876418498995]]]}},{"type":"Feature","properties":{"Id":0,"CLN":"6994","PSGC":"174001008","Barangay":"Balogo","Land_Class":"AGRICULTURAL","PIN":"030-01-009-04-003","Owner":"HRS. OF PAULO MANSIA","TaxDecNo":"06537"},"geometry":{"type":"Polygon","coordinates":[[[121.82527120733879,13.465337349678691],[121.82520684965574,13.46524346967649],[121.82506609307887,13.465025329987844],[121.8248848987941,13.46510423951124],[121.82495890540625,13.465250355473751],[121.8249859273011,13.465286819924968],[121.8251184006918,13.465455556359283],[121.82527120733879,13.465337349678691]],[[121.82501475082385,13.465251051333395],[121.82501788560764,13.465250947432667],[121.82501513806237,13.465251056158515],[121.82501475082385,13.465251051333395]]]}},{"type":"Feature","properties":{"Id":0,"CLN":"7004","PSGC":"174001008","Barangay":"Balogo","Land_Class":null,"PIN":"030-01-009-04-100"},"geometry":{"type":"Polygon","coordinates":[[[121.82436738564385,13.466655132859652],[121.824400523352,13.466623009381474],[121.82423874632535,13.466473682301165],[121.82420897645818,13.466504028265078],[121.82436738564385,13.466655132859652]]]}},{"type":"Feature","properties":{"Id":0,"CLN":"7002","PSGC":"174001008","Barangay":"Balogo","Land_Class":null,"PIN":null},"geometry":{"type":"Polygon","coordinates":[[[121.82423874632535,13.466473682301165],[121.82398796289539,13.466237593327264],[121.82396585941568,13.46626139988829],[121.82420897645818,13.466504028265078],[121.82423874632535,13.466473682301165]]]}},{"type":"Feature","properties":{"Id":0,"CLN":"7001","PSGC":"174001008","Barangay":"Balogo","Land_Class":null,"PIN":null},"geometry":{"type":"Polygon","coordinates":[[[121.82396585941568,13.46626139988829],[121.82398796289539,13.466237593327264],[121.82384937974078,13.466100657913334],[121.82381507312743,13.466122016355746],[121.82396585941568,13.46626139988829]]]}},{"type":"Feature","properties":{"Id":0,"CLN":"6997","PSGC":"174001008","Barangay":"Balogo","Land_Class":null,"PIN":null},"geometry":{"type":"Polygon","coordinates":[[[121.82369611561022,13.465968435721086],[121.82354064236506,13.465788383136621],[121.82352094679742,13.465819373925457],[121.82367394203519,13.466006587919946],[121.82369611561022,13.465968435721086]]]}},{"type":"Feature","properties":{"Id":0,"CLN":"7003","PSGC":"174001008","Barangay":"Balogo","Land_Class":"AGRICULTURAL","PIN":"030-01-009-02-135","Owner":"MONTEAGUDO, HRS. OF BENITA","TaxDecNo":"06358"},"geometry":{"type":"Polygon","coordinates":[[[121.82431163552236,13.466149445168115],[121.82411335454867,13.466355637841021],[121.82423874632539,13.466473682301178],[121.8244194515353,13.466239611956851],[121.82431163552236,13.466149445168115]]]}},{"type":"Feature","properties":{"Id":0,"CLN":"7000","PSGC":"174001008","Barangay":"Balogo","Land_Class":"AGRICULTURAL","PIN":"030-01-009-02-085","Owner":"VILLAMIN, RAMON","TaxDecNo":"06313"},"geometry":{"type":"Polygon","coordinates":[[[121.82398796289539,13.466237593327264],[121.82420381959129,13.4660592783391],[121.82409718174873,13.465884236520072],[121.82384937974078,13.466100657913334],[121.82398796289539,13.466237593327264]]]}},{"type":"Feature","properties":{"Id":0,"CLN":"6999","PSGC":"174001008","Barangay":"Balogo","Land_Class":"AGRICULTURAL","PIN":"030-01-009-02-086","Owner":"BERNARDINO, ZENAIDA Y","TaxDecNo":"06314"},"geometry":{"type":"Polygon","coordinates":[[[121.82384937974078,13.466100657913334],[121.82409718174873,13.465884236520072],[121.8239917992369,13.46573355884003],[121.82369611561022,13.465968435721086],[121.82384937974078,13.466100657913334]]]}},{"type":"Feature","properties":{"Id":0,"CLN":"6996","PSGC":"174001008","Barangay":"Balogo","Land_Class":"AGRICULTURAL","PIN":"030-01-009-02-087","Owner":"MAAÑO, CELESTINO","TaxDecNo":"06315"},"geometry":{"type":"Polygon","coordinates":[[[121.82369611561022,13.465968435721086],[121.8239917992369,13.46573355884003],[121.82373455107034,13.465383269241674],[121.82354064236506,13.465788383136603],[121.82369611561022,13.465968435721086]]]}},{"type":"Feature","properties":{"Id":0,"CLN":"6995","PSGC":"174001008","Barangay":"Balogo","Land_Class":"AGRICULTURAL","PIN":"030-01-009-04-063","Owner":"MADLA, ESPERANZA","TaxDecNo":"06594"},"geometry":{"type":"Polygon","coordinates":[[[121.82476127786974,13.465711132357711],[121.82405868477242,13.464947174731371],[121.82383540139509,13.465242672258992],[121.82373455107034,13.465383269241674],[121.82399179923686,13.465733558840029],[121.8240971817487,13.46588423652009],[121.82420381959126,13.466059278339102],[121.8244194515353,13.466239611956851],[121.82476127786974,13.465711132357711]]]}},{"type":"Feature","properties":{"Id":0,"CLN":"7183","PSGC":"174001008","Barangay":"Balogo","Land_Class":"AGRICULTURAL","PIN":"030-01-009-02-066","Owner":"MONTEVIRGEN, BIENVENIDO","TaxDecNo":"06295"},"geometry":{"type":"Polygon","coordinates":[[[121.82447234323014,13.467407914469783],[121.82468863868287,13.467308393078042],[121.82480128271992,13.467246380282395],[121.8248447563099,13.467208252864548],[121.82429645682706,13.466725007166067],[121.82406323012408,13.466958233879327],[121.82396007631554,13.467070128127563],[121.82418415247726,13.46720985452622],[121.824355281985,13.467401651894672],[121.8243843317666,13.46736244838625],[121.82447234323014,13.467407914469783]]]}},{"type":"Feature","properties":{"Id":0,"CLN":"7184","PSGC":"174001008","Barangay":"Balogo","Land_Class":null,"PIN":null},"geometry":{"type":"Polygon","coordinates":[[[121.8248447563099,13.467208252864548],[121.82488299302864,13.46718724889912],[121.82432348129245,13.466694050600971],[121.82429645682706,13.466725007166067],[121.8248447563099,13.467208252864548]]]}},{"type":"Feature","properties":{"Id":0,"CLN":"7187","PSGC":"174001008","Barangay":"Balogo","Land_Class":"AGRICULTURAL","PIN":"030-01-009-02-064","Owner":"CESISTA, ALFIE","TaxDecNo":"06293"},"geometry":{"type":"Polygon","coordinates":[[[121.82396007631554,13.467070128127563],[121.82406323012408,13.466958233879327],[121.82391511996133,13.466771042925437],[121.82370677823357,13.466911136788976],[121.8238553555707,13.467002690103463],[121.82396007631554,13.467070128127563]]]}},{"type":"Feature","properties":{"Id":0,"CLN":"7186","PSGC":"174001008","Barangay":"Balogo","Land_Class":"AGRICULTURAL","PIN":"030-01-009-02-065","Owner":"OSMILLO, CHRISTIAN PHILIP L.","TaxDecNo":"29561"},"geometry":{"type":"Polygon","coordinates":[[[121.82406323012408,13.466958233879327],[121.82429645682706,13.466725007166067],[121.82414332052245,13.466566484814098],[121.82391511996133,13.466771042925437],[121.82406323012408,13.466958233879327]]]}},{"type":"Feature","properties":{"Id":0,"CLN":"7185","PSGC":"174001008","Barangay":"Balogo","Land_Class":null,"PIN":null},"geometry":{"type":"Polygon","coordinates":[[[121.82429645682706,13.466725007166067],[121.82432348129245,13.466694050600971],[121.82417769724576,13.46653078066506],[121.82414332052245,13.466566484814098],[121.82429645682706,13.466725007166067]]]}},{"type":"Feature","properties":{"Id":0,"CLN":"7188","PSGC":"174001008","Barangay":"Balogo","Land_Class":"AGRICULTURAL","PIN":"030-01-009-02-094","Owner":"MAAÑO, THELMO","TaxDecNo":"06324"},"geometry":{"type":"Polygon","coordinates":[[[121.82400953543423,13.466447504409219],[121.82343528709697,13.466975618383056],[121.8234668646005,13.467012826686446],[121.82370677823357,13.466911136788994],[121.82391511996136,13.466771042925457],[121.82414332052245,13.466566484814114],[121.82400953543423,13.466447504409219]]]}},{"type":"Feature","properties":{"Id":0,"CLN":"7189","PSGC":"174001008","Barangay":"Balogo","Land_Class":null,"PIN":null},"geometry":{"type":"Polygon","coordinates":[[[121.82414332052245,13.466566484814098],[121.82417769724576,13.46653078066506],[121.82390273990416,13.466304740254888],[121.82387575047926,13.466328523942781],[121.82414332052245,13.466566484814098]]]}},{"type":"Feature","properties":{"Id":0,"CLN":"7319","PSGC":"174001008","Barangay":"Balogo","Land_Class":"AGRICULTURAL","PIN":"030-01-009-02-060","Owner":"ORNEDO, VICENTE","TaxDecNo":"06290"},"geometry":{"type":"Polygon","coordinates":[[[121.823403709603,13.466938410076366],[121.82359788442112,13.466697828234976],[121.82350308771913,13.466599353556802],[121.82335326032945,13.466763631016589],[121.823403709603,13.466938410076366]]]}},{"type":"Feature","properties":{"Id":0,"CLN":"7194","PSGC":"174001008","Barangay":"Balogo","Land_Class":"AGRICULTURAL","PIN":"030-01-009-02-061","Owner":"MAAÑO, NORELY & MAAÑO, ELOISA","TaxDecNo":"06291"},"geometry":{"type":"Polygon","coordinates":[[[121.82359788442112,13.466697828234976],[121.82371794964078,13.466534110021747],[121.82355081274319,13.466331785142714],[121.82349304205367,13.466393784808751],[121.82342047087093,13.46650810886316],[121.82350308771913,13.466599353556802],[121.82359788442112,13.466697828234976]]]}},{"type":"Feature","properties":{"Id":0,"CLN":"7191","PSGC":"174001008","Barangay":"Balogo","Land_Class":"RESIDENTIAL","PIN":"030-01-009-02-062","Owner":"MARIANO, ERIC J. & MARIANO, NIMFA LADERAS","TaxDecNo":"06292"},"geometry":{"type":"Polygon","coordinates":[[[121.8237179496408,13.466534110021728],[121.82387575047926,13.466328523942781],[121.82374688079084,13.466203588921852],[121.82355081274319,13.466331785142714],[121.8237179496408,13.466534110021728]]]}},{"type":"Feature","properties":{"Id":0,"CLN":"7190","PSGC":"174001008","Barangay":"Balogo","Land_Class":null,"PIN":null},"geometry":{"type":"Polygon","coordinates":[[[121.82387575047926,13.466328523942781],[121.82390273990416,13.466304740254888],[121.82377873277619,13.466184610001331],[121.82374688079084,13.466203588921852],[121.82387575047926,13.466328523942781]]]}},{"type":"Feature","properties":{"Id":0,"CLN":"7195","PSGC":"174001008","Barangay":"Balogo","Land_Class":"AGRICULTURAL","PIN":"030-01-009-02-059","Owner":"ORNEDO, ROSA","TaxDecNo":"06289"},"geometry":{"type":"Polygon","coordinates":[[[121.82335326032945,13.466763631016589],[121.82350308771913,13.466599353556802],[121.82342047087093,13.466508108863144],[121.82327820613848,13.466624601721191],[121.82335326032945,13.466763631016589]]]}},{"type":"Feature","properties":{"Id":0,"CLN":"7192","PSGC":"174001008","Barangay":"Balogo","Land_Class":"AGRICULTURAL","PIN":"030-01-009-02-058","Owner":"BERNARDINO, ZENAIDA Y","TaxDecNo":"06288"},"geometry":{"type":"Polygon","coordinates":[[[121.82327820613848,13.466624601721191],[121.82342047087093,13.466508108863144],[121.82349304205367,13.466393784808751],[121.82355081274319,13.466331785142714],[121.82374688079084,13.466203588921852],[121.82361798786984,13.466083435732221],[121.82315876954902,13.466569049523395],[121.82327820613848,13.466624601721191]]]}},{"type":"Feature","properties":{"Id":0,"CLN":"7193","PSGC":"174001008","Barangay":"Balogo","Land_Class":"AGRICULTURAL","PIN":"030-01-009-02-060","Owner":"ORNEDO, VICENTE","TaxDecNo":"06290"},"geometry":{"type":"Polygon","coordinates":[[[121.82374688079084,13.466203588921852],[121.82377873277619,13.466184610001347],[121.82364209628122,13.4660534006673],[121.82361798786985,13.466083435732225],[121.82374688079084,13.466203588921852]]]}},{"type":"Feature","properties":{"Id":0,"CLN":"7196","PSGC":"174001008","Barangay":"Balogo","Land_Class":"AGRICULTURAL","PIN":"030-01-009-02-056","Owner":"ORNEDO, VICENTE","TaxDecNo":"06286"},"geometry":{"type":"Polygon","coordinates":[[[121.82309412874459,13.466499705718945],[121.82290429648208,13.466677665233448],[121.82265904083559,13.466872578240643],[121.82275907398069,13.466899347815069],[121.82305717480118,13.46688878902837],[121.82297205662387,13.466809487470261],[121.82315876954902,13.466569049523411],[121.82309412874459,13.466499705718945]]]}},{"type":"Feature","properties":{"Id":0,"CLN":"7197","PSGC":"174001008","Barangay":"Balogo","Land_Class":"AGRICULTURAL","PIN":"030-01-009-02-055","Owner":"NOBLEZA, ELPIDIO","TaxDecNo":"06285"},"geometry":{"type":"Polygon","coordinates":[[[121.82305717480118,13.46688878902837],[121.82327820613848,13.466624601721191],[121.82315876954902,13.466569049523395],[121.82297205662387,13.466809487470245],[121.82305717480118,13.46688878902837]]]}},{"type":"Feature","properties":{"Id":0,"CLN":"7459","PSGC":"174001008","Barangay":"Balogo","Land_Class":"AGRICULTURAL","PIN":"030-01-009-02-046","Owner":"LUNA, SOSA","TaxDecNo":"06279"},"geometry":{"type":"Polygon","coordinates":[[[121.82309768291508,13.469034301477723],[121.82294233733376,13.468578088830768],[121.82281493925518,13.468776542593373],[121.82309768291508,13.469034301477723]]]}},{"type":"Feature","properties":{"Id":0,"CLN":"7203","PSGC":"174001008","Barangay":"Balogo","Land_Class":"AGRICULTURAL","PIN":"030-01-009-02-047","Owner":"SOSA, CARL TRISTAN TAYLAN","TaxDecNo":"32924"},"geometry":{"type":"Polygon","coordinates":[[[121.82311970802046,13.46905114903975],[121.82328743563981,13.468895585700643],[121.8234231541539,13.468751976786612],[121.82368530511835,13.468466732632503],[121.82379602175637,13.46837747636851],[121.8239332138571,13.468143090804384],[121.82408495772707,13.467883555670074],[121.8242253790859,13.467620941332115],[121.824355281985,13.467401651894654],[121.82418415247726,13.467209854526237],[121.82396007631554,13.46707012812758],[121.8238553555707,13.467002690103463],[121.82372327743738,13.467173546492457],[121.82303277475171,13.468444018812887],[121.82294233733379,13.4685780888308],[121.8230976829151,13.469034301477723],[121.82311970802046,13.46905114903975]]]}},{"type":"Feature","properties":{"Id":0,"CLN":"7460","PSGC":"174001008","Barangay":"Balogo","Land_Class":"AGRICULTURAL","PIN":"030-01-009-02-048","Owner":"LUNA, SOSA","TaxDecNo":"06281"},"geometry":{"type":"Polygon","coordinates":[[[121.82294233733376,13.468578088830768],[121.82303277475171,13.468444018812887],[121.82296145771328,13.468414992806968],[121.82292064860367,13.468517016801455],[121.82294233733376,13.468578088830768]]]}},{"type":"Feature","properties":{"Id":0,"CLN":"7202","PSGC":"174001008","Barangay":"Balogo","Land_Class":"AGRICULTURAL","PIN":"030-01-009-02-049","Owner":"GUILLERMO, ALPHONSE A.","TaxDecNo":"06282"},"geometry":{"type":"Polygon","coordinates":[[[121.82294233733376,13.468578088830768],[121.82292064860367,13.468517016801455],[121.82296145771328,13.468414992806968],[121.82290846308352,13.468386052607398],[121.82272890366656,13.468385211462378],[121.82249177288784,13.468541906244257],[121.82281493925518,13.468776542593373],[121.82294233733376,13.468578088830768]]]}},{"type":"Feature","properties":{"Id":0,"CLN":"7461","PSGC":"174001008","Barangay":"Balogo","Land_Class":"AGRICULTURAL","PIN":"030-01-009-02-157","Owner":"ANTAZO, MENCHELLE LAMARCA","TaxDecNo":"06380"},"geometry":{"type":"Polygon","coordinates":[[[121.82296145771328,13.468414992806968],[121.82303277475171,13.468444018812887],[121.82372327743738,13.467173546492457],[121.82339000243834,13.467583139168472],[121.82324447584074,13.467866986529701],[121.82305240360135,13.468176916756946],[121.82296145771328,13.468414992806968]]]}},{"type":"Feature","properties":{"Id":0,"CLN":"7201","PSGC":"174001008","Barangay":"Balogo","Land_Class":"AGRICULTURAL","PIN":"030-01-009-02-158","Owner":"ANTAZO, MENCHELLE LAMARCA","TaxDecNo":"06381"},"geometry":{"type":"Polygon","coordinates":[[[121.82296145771328,13.468414992806968],[121.82305240360135,13.468176916756946],[121.82323448114418,13.467883114125494],[121.82324447584074,13.467866986529701],[121.82339000243834,13.467583139168472],[121.82372327743738,13.467173546492457],[121.8238553555707,13.467002690103463],[121.82370677823357,13.466911136788994],[121.82335582412615,13.467578197148514],[121.82290846308352,13.468386052607421],[121.82296145771328,13.468414992806968]]]}},{"type":"Feature","properties":{"Id":0,"CLN":"7200","PSGC":"174001008","Barangay":"Balogo","Land_Class":"AGRICULTURAL","PIN":"030-01-009-02-103","Owner":"MANSIA, CELSO","TaxDecNo":"06332"},"geometry":{"type":"Polygon","coordinates":[[[121.82272890366656,13.468385211462378],[121.82290846308352,13.468386052607398],[121.82335582412615,13.467578197148482],[121.82370677823357,13.466911136788976],[121.8234668646005,13.467012826686434],[121.82272890366656,13.468385211462378]]]}},{"type":"Feature","properties":{"Id":0,"CLN":"7199","PSGC":"174001008","Barangay":"Balogo","Land_Class":"AGRICULTURAL","PIN":"030-01-009-02-053","Owner":"MALAPOTE, EDMUNDO M.","TaxDecNo":"06284"},"geometry":{"type":"Polygon","coordinates":[[[121.82249177288784,13.468541906244257],[121.82272890366656,13.468385211462378],[121.8234668646005,13.467012826686434],[121.823403709603,13.466938410076366],[121.82335326032945,13.466763631016589],[121.82233996076943,13.46843340187276],[121.82249177288784,13.468541906244257]]]}},{"type":"Feature","properties":{"Id":0,"CLN":"7243","PSGC":"174001008","Barangay":"Balogo","Land_Class":"AGRICULTURAL","PIN":"030-01-009-01-061"},"geometry":{"type":"Polygon","coordinates":[[[121.82725265722766,13.469560304222739],[121.82641782098318,13.469717726227326],[121.82641579167611,13.469899806942975],[121.82726503417074,13.469768836058918],[121.82725265722766,13.469560304222739]]]}},{"type":"Feature","properties":{"Id":0,"CLN":"7249","PSGC":"174001008","Barangay":"Balogo","Land_Class":"AGRICULTURAL","PIN":"030-01-009-01-007","Owner":"MANRIQUE, ROMAN","TaxDecNo":"06135"},"geometry":{"type":"Polygon","coordinates":[[[121.82759756650263,13.46940917683018],[121.82752193345677,13.469251803089177],[121.82731793858399,13.469305683827383],[121.8272312328456,13.46933020310797],[121.82724358936049,13.46940752499459],[121.82726740502423,13.469808781163403],[121.82729392109239,13.469941832599764],[121.82770524259459,13.469847379392842],[121.82766199176096,13.469664402017479],[121.82759756650263,13.46940917683018]]]}},{"type":"Feature","properties":{"Id":0,"CLN":"7248","PSGC":"174001008","Barangay":"Balogo","Land_Class":"AGRICULTURAL","PIN":"030-01-009-01-057","Owner":"JANDA, FRANCISCA","TaxDecNo":"06180"},"geometry":{"type":"Polygon","coordinates":[[[121.8277700782366,13.46998755774814],[121.8272924105071,13.470081671305895],[121.8272908999131,13.470221510010315],[121.8278349139486,13.470127736091381],[121.8277700782366,13.46998755774814]]]}},{"type":"Feature","properties":{"Id":0,"CLN":"7244","PSGC":"174001008","Barangay":"Balogo","Land_Class":"AGRICULTURAL","PIN":"030-01-009-01-110","Owner":"LABRADOR, CESAR M.","TaxDecNo":"06228"},"geometry":{"type":"Polygon","coordinates":[[[121.8269628543158,13.470509447648785],[121.8269345772976,13.47035591898695],[121.8272908999131,13.470221510010315],[121.82729165521121,13.470151590658341],[121.82651534663607,13.470305145560104],[121.82665936631376,13.470474655096394],[121.82668564092685,13.47057011184212],[121.8269628543158,13.470509447648785]]]}},{"type":"Feature","properties":{"Id":0,"CLN":"7247","PSGC":"174001008","Barangay":"Balogo","Land_Class":"AGRICULTURAL","PIN":"030-01-009-01-004","Owner":"MONTEVIRGEN, ELPIDIO FERDINAND M.","TaxDecNo":"06134"},"geometry":{"type":"Polygon","coordinates":[[[121.82770335700134,13.470634679774147],[121.82770197515946,13.470526254178662],[121.82737301616808,13.470616314603417],[121.82748225461106,13.470932735343418],[121.82758169095798,13.47090889852595],[121.82758764850387,13.470862193937167],[121.82770335700134,13.470634679774147]]]}},{"type":"Feature","properties":{"Id":0,"CLN":"7245","PSGC":"174001008","Barangay":"Balogo","Land_Class":"AGRICULTURAL","PIN":"030-01-009-01-003","Owner":"ILUMINADA M. MISTIOLA, GLORIA M. LABAGUIS, ANITA M. MANGGOL","TaxDecNo":"31807"},"geometry":{"type":"Polygon","coordinates":[[[121.82748225461106,13.470932735343418],[121.82737301616808,13.470616314603417],[121.82702097346541,13.470739914126234],[121.82707881561666,13.471020578443065],[121.82710152561057,13.471063678251255],[121.82721282262627,13.470957647962633],[121.8273327858123,13.471032979716469],[121.82748225461106,13.470932735343418]]]}},{"type":"Feature","properties":{"Id":0,"CLN":"7246","PSGC":"174001008","Barangay":"Balogo","Land_Class":"AGRICULTURAL","PIN":"030-01-009-01-002","Owner":"MAAS, DOMINGO","TaxDecNo":"06132"},"geometry":{"type":"Polygon","coordinates":[[[121.82710152561057,13.471063678251255],[121.82714688185013,13.471162962632077],[121.8273327858123,13.471032979716469],[121.82721282262627,13.470957647962633],[121.82710152561057,13.471063678251255]]]}},{"type":"Feature","properties":{"Id":0,"CLN":"7454","PSGC":"174001008","Barangay":"Balogo","Land_Class":"AGRICULTURAL","PIN":"030-01-009-01-066","Owner":"MARQUEZ, ALFREDO POCHOLO S.","TaxDecNo":"06186"},"geometry":{"type":"Polygon","coordinates":[[[121.82658735644995,13.470389900336773],[121.82635157381131,13.470545954589488],[121.82635792608562,13.470730528013826],[121.82617379527244,13.470899499740607],[121.82595204575571,13.470560216208295],[121.8258417884324,13.470656073501026],[121.82596352663738,13.470915261277913],[121.82583890560039,13.471008156889406],[121.82639861281466,13.471420592807737],[121.82664429297681,13.47158961006246],[121.82681391427191,13.471197901404485],[121.82685056728235,13.47110594661845],[121.82653148793216,13.471225286443476],[121.82673469539876,13.470903315608542],[121.82702097346541,13.470739914126234],[121.82668564092685,13.47057011184212],[121.82665936631376,13.470474655096394],[121.82658735644995,13.470389900336773]]]}},{"type":"Feature","properties":{"Id":0,"CLN":"7145","PSGC":"174001008","Barangay":"Balogo","Land_Class":"AGRICULTURAL","PIN":"030-01-009-03-010","Owner":"MONTENEGRO, PEDRO","TaxDecNo":"06393"},"geometry":{"type":"Polygon","coordinates":[[[121.82686600641709,13.467406570380046],[121.82654281232735,13.46709849702868],[121.82641947414088,13.467234585156975],[121.82635461254395,13.467290769643176],[121.8264171426716,13.467430935181318],[121.8265056633956,13.467666589367251],[121.82672901637024,13.467690063780072],[121.8268227762571,13.46765498488464],[121.82686600641709,13.467406570380046]]]}},{"type":"Feature","properties":{"Id":0,"CLN":"7137","PSGC":"174001008","Barangay":"Balogo","Land_Class":"AGRICULTURAL","PIN":"030-01-009-03-088","Owner":"MONTEVIRGEN, BUENAVENTURA","TaxDecNo":"06469"},"geometry":{"type":"Polygon","coordinates":[[[121.8270876978607,13.46726264710968],[121.82704582510263,13.46723254294837],[121.82693934263173,13.467134842564963],[121.82687305074991,13.467020506091215],[121.82669458335587,13.466800965374693],[121.82654281232735,13.46709849702868],[121.82686600641709,13.467406570380046],[121.8268227762571,13.46765498488464],[121.8269358260103,13.467624207373468],[121.82711673576357,13.467574955022851],[121.82701082696403,13.467359491707297],[121.8270876978607,13.46726264710968]]]}},{"type":"Feature","properties":{"Id":0,"CLN":"7151","PSGC":"174001008","Barangay":"Balogo","Land_Class":"AGRICULTURAL","PIN":"030-01-009-02-126","Owner":"CORTEZ, LORNA L.","TaxDecNo":"06351"},"geometry":{"type":"Polygon","coordinates":[[[121.82649992541091,13.467145817356288],[121.82604795320496,13.466629645428089],[121.82596587193252,13.466694491481608],[121.82645703847743,13.467193137674995],[121.82649992541091,13.467145817356288]]]}},{"type":"Feature","properties":{"Id":0,"CLN":"7135","PSGC":"174001008","Barangay":"Balogo","Land_Class":"AGRICULTURAL","PIN":"030-01-009-03-152","Owner":"LANDOY, MERBE M","TaxDecNo":"06530"},"geometry":{"type":"Polygon","coordinates":[[[121.82723357574537,13.467349757200642],[121.82706378134169,13.467467223369171],[121.82711673576357,13.467574955022851],[121.8271481696277,13.467555777805382],[121.82730830285709,13.467458083378745],[121.82731425120662,13.46741324803471],[121.82723357574537,13.467349757200642]]]}},{"type":"Feature","properties":{"Id":0,"CLN":"7136","PSGC":"174001008","Barangay":"Balogo","Land_Class":"RESIDENTIAL","PIN":"030-01-009-03-039","Owner":"LAYAG, FLORENTINO","TaxDecNo":"06418"},"geometry":{"type":"Polygon","coordinates":[[[121.8272115064442,13.467332388856963],[121.82746651985035,13.467129825528312],[121.82739246961916,13.467039753822927],[121.82712780641948,13.467262834298806],[121.8272115064442,13.467332388856963]]]}},{"type":"Feature","properties":{"Id":0,"CLN":"7134","PSGC":"174001008","Barangay":"Balogo","Land_Class":"AGRICULTURAL","PIN":"030-01-009-03-038","Owner":"OSACDIN, SHYREL MAPACPAC & PEÑASCOSAS, JEANE OSACDIN","TaxDecNo":"06417"},"geometry":{"type":"Polygon","coordinates":[[[121.82731425120662,13.46741324803471],[121.82741531242938,13.467328349468024],[121.82754438999864,13.467219915036658],[121.82746651985035,13.46712982552833],[121.8272115064442,13.467332388856963],[121.82731425120662,13.46741324803471]]]}},{"type":"Feature","properties":{"Id":0,"CLN":"7138","PSGC":"174001008","Barangay":"Balogo","Land_Class":"RESIDENTIAL","PIN":"030-01-009-03-040","Owner":"LOGDAT, CONCEPCION","TaxDecNo":"06420"},"geometry":{"type":"Polygon","coordinates":[[[121.82704582510263,13.46723254294837],[121.82720847289312,13.46706818456353],[121.82695398737009,13.466873209521582],[121.82687305074991,13.467020506091215],[121.82693934263173,13.467134842564963],[121.82704582510263,13.46723254294837]]]}},{"type":"Feature","properties":{"Id":0,"CLN":"7144","PSGC":"174001008","Barangay":"Balogo","Land_Class":"AGRICULTURAL","PIN":"030-01-009-03-011","Owner":"MANSIA, ESTEBAN","TaxDecNo":"06394"},"geometry":{"type":"Polygon","coordinates":[[[121.826418717253,13.466472557611212],[121.82635310952712,13.466372246392043],[121.82613003443394,13.46656479934377],[121.82641543303176,13.46693599009935],[121.82654281232735,13.46709849702868],[121.82669458335587,13.466800965374693],[121.82653474172595,13.466678714886388],[121.826418717253,13.466472557611212]]]}},{"type":"Feature","properties":{"Id":0,"CLN":"7140","PSGC":"174001008","Barangay":"Balogo","Land_Class":"RESIDENTIAL","PIN":"030-01-009-03-042","Owner":"MENDOZA, MARISSA","TaxDecNo":"06422"},"geometry":{"type":"Polygon","coordinates":[[[121.82669458335587,13.466800965374693],[121.82687305074991,13.467020506091215],[121.82695398737009,13.466873209521582],[121.82696936698945,13.466852719053023],[121.82673370204112,13.466612349141421],[121.82669458335587,13.466800965374693]]]}},{"type":"Feature","properties":{"Id":0,"CLN":"7139","PSGC":"174001008","Barangay":"Balogo","Land_Class":"AGRICULTURAL","PIN":"030-01-009-03-098","Owner":"MENDOZA, MARISSA","TaxDecNo":"06480"},"geometry":{"type":"Polygon","coordinates":[[[121.82706974729238,13.466701885537484],[121.82683067993342,13.466442917824107],[121.82673370204112,13.466612349141421],[121.82696936698945,13.466852719053023],[121.82706974729238,13.466701885537484]]]}},{"type":"Feature","properties":{"Id":0,"CLN":"7238","PSGC":"174001008","Barangay":"Balogo","Land_Class":"AGRICULTURAL","PIN":"030-01-009-01-037","Owner":"OSACDIN, SIMPLICIO","TaxDecNo":"06159"},"geometry":{"type":"Polygon","coordinates":[[[121.82641919919371,13.46845365782108],[121.82637634382974,13.468439363849456],[121.82634976291067,13.468587799271972],[121.82641680538902,13.468630477920204],[121.82654919962445,13.468711397760035],[121.82650461257327,13.468454473001898],[121.82641919919371,13.46845365782108]]]}},{"type":"Feature","properties":{"Id":0,"CLN":"7239","PSGC":"174001008","Barangay":"Balogo","Land_Class":"AGRICULTURAL","PIN":"030-01-009-01-038","Owner":"MABUTI, MIRIAM D","TaxDecNo":"06160"},"geometry":{"type":"Polygon","coordinates":[[[121.82654919962445,13.468711397760014],[121.82675789852411,13.468737296182896],[121.8267566882744,13.468463127211276],[121.8266242049768,13.468474970601298],[121.82650461257325,13.4684544730019],[121.82654919962445,13.468711397760014]]]}},{"type":"Feature","properties":{"Id":0,"CLN":"7148","PSGC":"174001008","Barangay":"Balogo","Land_Class":"AGRICULTURAL","PIN":"030-01-009-02-019","Owner":"LABAGUIS, FELISA","TaxDecNo":"06252"},"geometry":{"type":"Polygon","coordinates":[[[121.82650461257325,13.4684544730019],[121.8266242049768,13.468474970601298],[121.8267566882744,13.468463127211276],[121.82673563985024,13.468079200282183],[121.82651414785158,13.46806570411312],[121.82650461257325,13.4684544730019]]]}},{"type":"Feature","properties":{"Id":0,"CLN":"7149","PSGC":"174001008","Barangay":"Balogo","Land_Class":"AGRICULTURAL","PIN":"030-01-009-02-020","Owner":"MONTENEGRO, PEDRO & MONTENEGRO, ROSITA","TaxDecNo":"06253"},"geometry":{"type":"Polygon","coordinates":[[[121.82651414785158,13.46806570411312],[121.82673563985024,13.468079200282183],[121.82672901637024,13.467690063780072],[121.82650566339557,13.46766658936725],[121.82651414785158,13.46806570411312]]]}},{"type":"Feature","properties":{"Id":0,"CLN":"7147","PSGC":"174001008","Barangay":"Balogo","Land_Class":"AGRICULTURAL","PIN":"030-01-009-03-009","Owner":"MALAMIG, MYRNA","TaxDecNo":"06392"},"geometry":{"type":"Polygon","coordinates":[[[121.8267566882744,13.468463127211276],[121.82698290946102,13.468551417091664],[121.8269358260103,13.467624207373468],[121.8268227762571,13.467654984884607],[121.82672901637024,13.467690063780072],[121.82673563985024,13.468079200282183],[121.8267566882744,13.468463127211276]]]}},{"type":"Feature","properties":{"Id":0,"CLN":"7240","PSGC":"174001008","Barangay":"Balogo","Land_Class":"AGRICULTURAL","PIN":"030-01-009-01-041","Owner":"MONTEVIRGEN, SILVESTRE","TaxDecNo":"06165"},"geometry":{"type":"Polygon","coordinates":[[[121.82675789852411,13.468737296182896],[121.82696696187791,13.46868842431785],[121.82698290946102,13.468551417091664],[121.8267566882744,13.468463127211276],[121.82675789852411,13.468737296182896]]]}},{"type":"Feature","properties":{"Id":0,"CLN":"7253","PSGC":"174001008","Barangay":"Balogo","Land_Class":"AGRICULTURAL","PIN":"030-01-009-01-042","Owner":"JANTOC, LUCIA","TaxDecNo":"06166"},"geometry":{"type":"Polygon","coordinates":[[[121.82696696187791,13.46868842431785],[121.82712991936067,13.468694169751595],[121.82718393210112,13.468584756503457],[121.82698290946102,13.468551417091664],[121.82696696187791,13.46868842431785]]]}},{"type":"Feature","properties":{"Id":0,"CLN":"7146","PSGC":"174001008","Barangay":"Balogo","Land_Class":"AGRICULTURAL","PIN":"030-01-009-03-008","Owner":"MANSIA, VICTORIA","TaxDecNo":"06391"},"geometry":{"type":"Polygon","coordinates":[[[121.82698290946102,13.468551417091664],[121.82718393210112,13.468584756503457],[121.82707802365069,13.467846513516639],[121.8271481696277,13.467555777805382],[121.82711673576357,13.467574955022851],[121.8269358260103,13.467624207373468],[121.82698290946102,13.468551417091664]]]}},{"type":"Feature","properties":{"Id":0,"CLN":"7235","PSGC":"174001008","Barangay":"Balogo","Land_Class":"AGRICULTURAL","PIN":"030-01-009-03-006","Owner":"MANSIA, TERESA","TaxDecNo":"06389"},"geometry":{"type":"Polygon","coordinates":[[[121.82707802365069,13.467846513516639],[121.82749582084078,13.467816062052782],[121.82777281331134,13.46846039210179],[121.82808925769737,13.468324786330424],[121.82790472823068,13.468042285095363],[121.82784401072419,13.46795975286444],[121.82764653041109,13.46772205417393],[121.82760822245338,13.46774430701395],[121.82730830285709,13.467458083378713],[121.8271481696277,13.467555777805382],[121.82707802365069,13.467846513516639]]]}},{"type":"Feature","properties":{"Id":0,"CLN":"7254","PSGC":"174001008","Barangay":"Balogo","Land_Class":"AGRICULTURAL","PIN":"030-01-009-03-007","Owner":"MAZON, PETRONIO M.","TaxDecNo":"29679"},"geometry":{"type":"Polygon","coordinates":[[[121.82718393210112,13.468584756503457],[121.82737941237104,13.468710288485182],[121.82758276329268,13.468788501556837],[121.82777281331134,13.46846039210179],[121.82749582084078,13.467816062052782],[121.82707802365069,13.467846513516639],[121.82718393210112,13.468584756503457]]]}},{"type":"Feature","properties":{"Id":0,"CLN":"7237","PSGC":"174001008","Barangay":"Balogo","Land_Class":"AGRICULTURAL","PIN":"030-01-009-01-036","Owner":"ORACION, GREGORIO","TaxDecNo":"06157"},"geometry":{"type":"Polygon","coordinates":[[[121.82674039284575,13.46948956821443],[121.82672405258177,13.469406495024314],[121.82654919962445,13.468711397760035],[121.82641680538902,13.468630477920204],[121.82634976291067,13.468587799271972],[121.82637634382974,13.468439363849456],[121.82634527720084,13.468469479851711],[121.82628410569522,13.468543838179212],[121.82624647647367,13.468651593658057],[121.82622411493409,13.468798759867028],[121.82618403574425,13.46898619143138],[121.82628584758558,13.469032058644935],[121.82628129217365,13.469120803243111],[121.82641497252591,13.469383837607412],[121.8264149188913,13.469405881663713],[121.82643519387585,13.469405921903524],[121.82654725580309,13.46951358860524],[121.82674039284575,13.46948956821443]]]}},{"type":"Feature","properties":{"Id":0,"CLN":"7242","PSGC":"174001008","Barangay":"Balogo","Land_Class":"AGRICULTURAL","PIN":"030-01-009-01-039","Owner":"MABUTI, MIRIAM D","TaxDecNo":"06162"},"geometry":{"type":"Polygon","coordinates":[[[121.82675789852411,13.468737296182896],[121.82654919962445,13.468711397760035],[121.82672405258177,13.469406495024314],[121.82674039284575,13.46948956821443],[121.82691008449905,13.469448538197868],[121.82690488298014,13.469406853638532],[121.82675789852411,13.468737296182896]]]}},{"type":"Feature","properties":{"Id":0,"CLN":"7241","PSGC":"174001008","Barangay":"Balogo","Land_Class":"AGRICULTURAL","PIN":"030-01-009-01-040","Owner":"ALVARO CORTEZ & LORNA LOZANO","TaxDecNo":"06163"},"geometry":{"type":"Polygon","coordinates":[[[121.82710621882146,13.469376975092697],[121.82696696187794,13.46868842431785],[121.82675789852411,13.468737296182896],[121.82690488298014,13.469406853638532],[121.82691008449905,13.469448538197868],[121.82702203411453,13.469407085897561],[121.82710621882146,13.469376975092697]]]}},{"type":"Feature","properties":{"Id":0,"CLN":"7252","PSGC":"174001008","Barangay":"Balogo","Land_Class":"AGRICULTURAL","PIN":"030-01-009-01-043","Owner":"ORACION, GREGORIO","TaxDecNo":"06167"},"geometry":{"type":"Polygon","coordinates":[[[121.82710621882146,13.469376975092697],[121.8272312328456,13.469330203107955],[121.82712991936067,13.468694169751595],[121.82696696187791,13.46868842431785],[121.82710621882146,13.469376975092697]]]}},{"type":"Feature","properties":{"Id":0,"CLN":"7251","PSGC":"174001008","Barangay":"Balogo","Land_Class":"AGRICULTURAL","PIN":"030-01-009-01-044","Owner":"MARCELINO & SHIRLY LIZARDO","TaxDecNo":"06168"},"geometry":{"type":"Polygon","coordinates":[[[121.8272312328456,13.469330203107955],[121.82731793858399,13.469305683827383],[121.82737941237104,13.468710288485182],[121.82718393210112,13.468584756503457],[121.82712991936067,13.468694169751595],[121.8272312328456,13.469330203107955]]]}},{"type":"Feature","properties":{"Id":0,"CLN":"7250","PSGC":"174001008","Barangay":"Balogo","Land_Class":"AGRICULTURAL","PIN":"030-01-009-01-045","Owner":"MONTELYOLA, FLORENTINO","TaxDecNo":"06169"},"geometry":{"type":"Polygon","coordinates":[[[121.82731793858399,13.469305683827383],[121.82752193345677,13.469251803089177],[121.82751834576399,13.46894272945029],[121.82758276329268,13.468788501556837],[121.82737941237104,13.468710288485182],[121.82731793858399,13.469305683827383]]]}},{"type":"Feature","properties":{"Id":0,"CLN":"7124","PSGC":"174001008","Barangay":"Balogo","Land_Class":null,"PIN":null},"geometry":{"type":"Polygon","coordinates":[[[121.82659336532143,13.466168272423412],[121.82682375841291,13.465922600925484],[121.82678824016573,13.465895018794283],[121.82656290375036,13.4661481910508],[121.82659336532143,13.466168272423412]]]}},{"type":"Feature","properties":{"Id":0,"CLN":"7122","PSGC":"174001008","Barangay":"Balogo","Land_Class":null,"PIN":null},"geometry":{"type":"Polygon","coordinates":[[[121.82682375841291,13.465922600925484],[121.82733095174281,13.465314331133792],[121.82730815414762,13.465289300820558],[121.8267882401657,13.465895018794285],[121.82682375841291,13.465922600925484]]]}},{"type":"Feature","properties":{"Id":0,"CLN":"7044","PSGC":"174001008","Barangay":"Balogo","Land_Class":"RESIDENTIAL","PIN":"030-01-009-03-044","Owner":"BARANGAY BALOGO","TaxDecNo":"06424"},"geometry":{"type":"Polygon","coordinates":[[[121.82641803381188,13.466021836671812],[121.82638506856152,13.466011121903213],[121.82608167414084,13.466102865573077],[121.82623802814065,13.466300743147],[121.82642018553567,13.466144236065631],[121.82648427617755,13.466083021690345],[121.82641803381188,13.466021836671812]]]}},{"type":"Feature","properties":{"Id":0,"CLN":"7048","PSGC":"174001008","Barangay":"Balogo","Land_Class":"RESIDENTIAL","PIN":null,"Owner":"MAZON, ARTURO N.","TaxDecNo":"31231"},"geometry":{"type":"Polygon","coordinates":[[[121.8265070858976,13.466105559738564],[121.82683013992737,13.465752135357851],[121.82680022778713,13.465717296932382],[121.82648427617754,13.466083021690327],[121.8265070858976,13.466105559738564]]]}},{"type":"Feature","properties":{"Id":0,"CLN":"7045","PSGC":"174001008","Barangay":"Balogo","Land_Class":"AGRICULTURAL","PIN":"030-01-009-04-010"},"geometry":{"type":"Polygon","coordinates":[[[121.82641864548074,13.465684932584942],[121.8262117956393,13.465550817810941],[121.82596449954721,13.466031822964897],[121.82608167414084,13.466102865573077],[121.82638506856152,13.466011121903213],[121.82641811080138,13.465979432535981],[121.82658716209292,13.465787802855605],[121.82641864548074,13.465684932584942]]]}},{"type":"Feature","properties":{"Id":0,"CLN":"7049","PSGC":"174001008","Barangay":"Balogo","Land_Class":"RESIDENTIAL","PIN":null},"geometry":{"type":"Polygon","coordinates":[[[121.82683013992737,13.465752135357851],[121.82699444212534,13.465546812338285],[121.82695268675334,13.465517176053327],[121.82680022778713,13.465717296932382],[121.82683013992737,13.465752135357851]]]}},{"type":"Feature","properties":{"Id":0,"CLN":"7052","PSGC":"174001008","Barangay":"Balogo","Land_Class":null,"PIN":null},"geometry":{"type":"Polygon","coordinates":[[[121.82695268675334,13.465517176053327],[121.82699444212534,13.465546812338285],[121.827085249213,13.465431573424722],[121.82705531657868,13.465400940849397],[121.82695268675334,13.465517176053327]]]}},{"type":"Feature","properties":{"Id":0,"CLN":"7053","PSGC":"174001008","Barangay":"Balogo","Land_Class":null,"PIN":null},"geometry":{"type":"Polygon","coordinates":[[[121.82726560441651,13.465238942848988],[121.82723665413114,13.465213802999871],[121.8272032780608,13.465241806477076],[121.82705531657868,13.465400940849417],[121.827085249213,13.465431573424741],[121.82726560441651,13.465238942848988]]]}},{"type":"Feature","properties":{"Id":0,"CLN":"7051","PSGC":"174001008","Barangay":"Balogo","Land_Class":"RESIDENTIAL","PIN":"030-01-009-03-048","Owner":"JANDA, PAMFILA","TaxDecNo":"06428"},"geometry":{"type":"Polygon","coordinates":[[[121.82695268675334,13.465517176053327],[121.82705531657868,13.465400940849397],[121.82696317539305,13.465348988369994],[121.82685416618658,13.465451524533298],[121.82695268675334,13.465517176053327]]]}},{"type":"Feature","properties":{"Id":0,"CLN":"7050","PSGC":"174001008","Barangay":"Balogo","Land_Class":"RESIDENTIAL","PIN":"030-01-009-03-090","Owner":"ARNULFO NIEVA & MILA M. NIEVA","TaxDecNo":"06472"},"geometry":{"type":"Polygon","coordinates":[[[121.82678009818761,13.465548966348495],[121.82687645730275,13.465617236507425],[121.82695268675334,13.465517176053327],[121.82685416618658,13.465451524533313],[121.82678009818761,13.465548966348495]]]}},{"type":"Feature","properties":{"Id":0,"CLN":"7047","PSGC":"174001008","Barangay":"Balogo","Land_Class":"AGRICULTURAL","PIN":"030-01-009-03-045","Owner":"OLORES, DOROTEO L.","TaxDecNo":"06425"},"geometry":{"type":"Polygon","coordinates":[[[121.82676163679348,13.465761967409504],[121.82666753167315,13.46569220245961],[121.82658716209292,13.465787802855605],[121.82653549148101,13.465846374610894],[121.82662926441326,13.46591519306562],[121.82676163679348,13.465761967409504]]]}},{"type":"Feature","properties":{"Id":0,"CLN":"7141","PSGC":"174001008","Barangay":"Balogo","Land_Class":"AGRICULTURAL","PIN":"030-01-009-03-043","Owner":"MATINING, BELEN MANSIA","TaxDecNo":"06423"},"geometry":{"type":"Polygon","coordinates":[[[121.82669458335587,13.466800965374693],[121.82673370204112,13.466612349141421],[121.82683067993342,13.466442917824107],[121.82681376942821,13.466319597910086],[121.82659336532143,13.466168272423412],[121.82635310952712,13.466372246392043],[121.826418717253,13.466472557611212],[121.82653474172595,13.466678714886388],[121.82669458335587,13.466800965374693]]]}},{"type":"Feature","properties":{"Id":0,"CLN":"7125","PSGC":"174001008","Barangay":"Balogo","Land_Class":"AGRICULTURAL","PIN":"030-01-009-03-046","Owner":"MONTALBAN, VIRGILIO M.","TaxDecNo":"29681"},"geometry":{"type":"Polygon","coordinates":[[[121.82681376942821,13.466319597910086],[121.82701523130467,13.46613173935711],[121.82682375841291,13.465922600925484],[121.82659336532143,13.466168272423396],[121.82681376942821,13.466319597910086]]]}},{"type":"Feature","properties":{"Id":0,"CLN":"7126","PSGC":"174001008","Barangay":"Balogo","Land_Class":"AGRICULTURAL","PIN":"030-01-009-03-037","Owner":"OSMILLO, CHRISTIAN PHILIP L.","TaxDecNo":"29562"},"geometry":{"type":"Polygon","coordinates":[[[121.82683067993342,13.466442917824107],[121.82730881516143,13.46696085306032],[121.82739246961916,13.467039753822927],[121.82746651985035,13.46712982552833],[121.82754438999864,13.467219915036658],[121.8275859286137,13.467195140985174],[121.82784546235848,13.467040352143238],[121.82771255009807,13.466878972727047],[121.82780457255686,13.466808368694421],[121.82732992235124,13.466224803351217],[121.82718725180906,13.466106371985793],[121.82711473851258,13.466092948529575],[121.82701523130467,13.466131739357122],[121.82681376942821,13.466319597910086],[121.82683067993342,13.466442917824107]]]}},{"type":"Feature","properties":{"Id":0,"CLN":"7127","PSGC":"174001008","Barangay":"Balogo","Land_Class":"RESIDENTIAL","PIN":"030-01-009-03-036","Owner":"MAZON, NARCISA M.","TaxDecNo":"06415"},"geometry":{"type":"Polygon","coordinates":[[[121.82784546235848,13.467040352143238],[121.82793944938426,13.466958541448829],[121.8278911283987,13.466904740571174],[121.82780457255686,13.466808368694421],[121.82771255009807,13.466878972727047],[121.82784546235848,13.467040352143238]]]}},{"type":"Feature","properties":{"Id":0,"CLN":"7133","PSGC":"174001008","Barangay":"Balogo","Land_Class":"AGRICULTURAL","PIN":"030-01-009-03-014","Owner":"LABRADOR, ROLANDO","TaxDecNo":"06395"},"geometry":{"type":"Polygon","coordinates":[[[121.82764653041109,13.46772205417393],[121.82766073263376,13.467714306372907],[121.82773729390512,13.467681016190394],[121.82758925670602,13.467487788109828],[121.82741531242938,13.467328349468024],[121.82731425120659,13.46741324803471],[121.82730830285709,13.467458083378713],[121.82760822245338,13.46774430701395],[121.82764653041109,13.46772205417393]]]}},{"type":"Feature","properties":{"Id":0,"CLN":"7131","PSGC":"174001008","Barangay":"Balogo","Land_Class":"AGRICULTURAL","PIN":"030-01-009-03-031","Owner":"RUIZ, SARAH JEANNE PAULYN N.","TaxDecNo":"29386"},"geometry":{"type":"Polygon","coordinates":[[[121.82773729390512,13.467681016190394],[121.82776055012879,13.467663553969228],[121.8279213303088,13.46754167738009],[121.82775606722524,13.467355846236082],[121.82758925670605,13.467487788109844],[121.82773729390512,13.467681016190394]]]}},{"type":"Feature","properties":{"Id":0,"CLN":"7283","PSGC":"174001008","Barangay":"Balogo","Land_Class":"AGRICULTURAL","PIN":"030-01-009-03-032"},"geometry":{"type":"Polygon","coordinates":[[[121.82758925670602,13.467487788109828],[121.82775606722524,13.467355846236066],[121.82758592861373,13.467195140985142],[121.82754438999861,13.467219915036654],[121.82741531242938,13.467328349468024],[121.82758925670602,13.467487788109828]]]}},{"type":"Feature","properties":{"Id":0,"CLN":"7130","PSGC":"174001008","Barangay":"Balogo","Land_Class":"AGRICULTURAL","PIN":"030-01-009-03-030","Owner":"MAZON, LADISLAO","TaxDecNo":"06407"},"geometry":{"type":"Polygon","coordinates":[[[121.8279213303088,13.467541677380073],[121.82824347312938,13.467281478119403],[121.8281029935403,13.467105109228019],[121.82792084931486,13.467248195627253],[121.82775606722524,13.467355846236066],[121.8279213303088,13.467541677380073]]]}},{"type":"Feature","properties":{"Id":0,"CLN":"7129","PSGC":"174001008","Barangay":"Balogo","Land_Class":"RESIDENTIAL","PIN":"030-01-009-03-034","Owner":"VIADO, FRANCISCO","TaxDecNo":"06412"},"geometry":{"type":"Polygon","coordinates":[[[121.82792084931486,13.467248195627253],[121.8281029935403,13.467105109228019],[121.82801932970808,13.467028077935389],[121.8279301104353,13.467101926023302],[121.82784865418905,13.46716934847045],[121.82792084931486,13.467248195627253]]]}},{"type":"Feature","properties":{"Id":0,"CLN":"7128","PSGC":"174001008","Barangay":"Balogo","Land_Class":"RESIDENTIAL","PIN":"030-01-009-03-035","Owner":"MAZON, ELPIDIA","TaxDecNo":"06413"},"geometry":{"type":"Polygon","coordinates":[[[121.82793011043533,13.467101926023288],[121.82801932970806,13.467028077935373],[121.82793944938426,13.46695854144881],[121.82784546235847,13.46704035214324],[121.82793011043533,13.467101926023288]]]}},{"type":"Feature","properties":{"Id":0,"CLN":"7132","PSGC":"174001008","Barangay":"Balogo","Land_Class":"AGRICULTURAL","PIN":"030-01-009-03-033","Owner":"OSACDIN, REMEDIOS","TaxDecNo":"06410"},"geometry":{"type":"Polygon","coordinates":[[[121.82792084931486,13.467248195627253],[121.82784865418905,13.46716934847045],[121.82793011043533,13.467101926023288],[121.82784546235847,13.46704035214324],[121.82758592861373,13.467195140985142],[121.82775606722524,13.467355846236066],[121.82792084931486,13.467248195627253]]]}},{"type":"Feature","properties":{"Id":0,"CLN":"7256","PSGC":"174001008","Barangay":"Balogo","Land_Class":"AGRICULTURAL","PIN":"030-01-009-03-015","Owner":"JANDA, TERESA","TaxDecNo":"06396"},"geometry":{"type":"Polygon","coordinates":[[[121.82784401072419,13.467959752864418],[121.8279310605972,13.467896889038954],[121.82776055012879,13.467663553969228],[121.82773729390512,13.467681016190394],[121.82766073263376,13.46771430637292],[121.82764653041109,13.46772205417393],[121.82784401072419,13.467959752864418]]]}},{"type":"Feature","properties":{"Id":0,"CLN":"7257","PSGC":"174001008","Barangay":"Balogo","Land_Class":"AGRICULTURAL","PIN":"030-01-009-03-016","Owner":"OSACDIN, GREGORIA","TaxDecNo":"06397"},"geometry":{"type":"Polygon","coordinates":[[[121.8279310605972,13.467896889038954],[121.82810541089135,13.467785544368914],[121.8279213303088,13.46754167738009],[121.82776055012879,13.467663553969228],[121.8279310605972,13.467896889038954]]]}},{"type":"Feature","properties":{"Id":0,"CLN":"7258","PSGC":"174001008","Barangay":"Balogo","Land_Class":"AGRICULTURAL","PIN":"030-01-009-03-017"},"geometry":{"type":"Polygon","coordinates":[[[121.8279047282307,13.46804228509538],[121.82846892652253,13.467658257813246],[121.82834380791739,13.467465136971585],[121.82825374475725,13.467300279940641],[121.82824347312938,13.46728147811942],[121.8279213303088,13.46754167738009],[121.82810541089135,13.467785544368914],[121.8279310605972,13.467896889038954],[121.82784401072419,13.467959752864418],[121.8279047282307,13.46804228509538]]]}},{"type":"Feature","properties":{"Id":0,"CLN":"7259","PSGC":"174001008","Barangay":"Balogo","Land_Class":"AGRICULTURAL","PIN":"030-01-009-03-005","Owner":"ENGR. MADLA, ROBERTO","TaxDecNo":"06388"},"geometry":{"type":"Polygon","coordinates":[[[121.82808925769737,13.468324786330424],[121.82830413296315,13.468341087170316],[121.82862188684895,13.467936308091902],[121.82855099490364,13.467851236193406],[121.82846892652253,13.46765825781323],[121.82790472823068,13.468042285095363],[121.82808925769737,13.468324786330424]]]}},{"type":"Feature","properties":{"Id":0,"CLN":"7260","PSGC":"174001008","Barangay":"Balogo","Land_Class":"AGRICULTURAL","PIN":"030-01-009-03-100","Owner":"MONTEAGUDO, LIBRADA","TaxDecNo":"06483"},"geometry":{"type":"Polygon","coordinates":[[[121.82886631942567,13.468318467339323],[121.82856387037013,13.46801021403862],[121.82830413296315,13.468341087170332],[121.82856788642475,13.46856663239779],[121.82886631942567,13.468318467339323]]]}},{"type":"Feature","properties":{"Id":0,"CLN":"7261","PSGC":"174001008","Barangay":"Balogo","Land_Class":"AGRICULTURAL","PIN":"030-01-009-03-003","Owner":"ALCOBA, CLEMENTE & ALCOBA, SOCORRO P.","TaxDecNo":"06387"},"geometry":{"type":"Polygon","coordinates":[[[121.82856788642475,13.468566632397776],[121.82864898918861,13.468646767109599],[121.8296642153124,13.467781651121877],[121.82954499855057,13.467683892442459],[121.82906197302087,13.468035562494048],[121.8290006003576,13.468087616828898],[121.8290537149266,13.468162636198684],[121.82856788642475,13.468566632397776]]]}},{"type":"Feature","properties":{"Id":0,"CLN":"7262","PSGC":"174001008","Barangay":"Balogo","Land_Class":"AGRICULTURAL","PIN":"030-01-009-03-002","Owner":"OSORIO, PETRA J.","TaxDecNo":"06386"},"geometry":{"type":"Polygon","coordinates":[[[121.82864898918861,13.468646767109599],[121.82875571559134,13.468694620090973],[121.82979654070057,13.467802206504555],[121.8296642153124,13.467781651121877],[121.82864898918861,13.468646767109599]]]}},{"type":"Feature","properties":{"Id":0,"CLN":"7264","PSGC":"174001008","Barangay":"Balogo","Land_Class":"AGRICULTURAL","PIN":"030-01-009-03-022","Owner":"MONTEAGUDO, PACIFICO","TaxDecNo":"06401"},"geometry":{"type":"Polygon","coordinates":[[[121.82906197302087,13.468035562494048],[121.82954499855057,13.467683892442459],[121.8294515749252,13.467518959157871],[121.82947778000256,13.467367045045524],[121.8292631764971,13.467508111978228],[121.82883646683435,13.467800226451857],[121.82906197302087,13.468035562494048]]]}},{"type":"Feature","properties":{"Id":0,"CLN":"7265","PSGC":"174001008","Barangay":"Balogo","Land_Class":"AGRICULTURAL","PIN":"030-01-009-02-027","Owner":"LOGDAT, AMBROCIO","TaxDecNo":"29505"},"geometry":{"type":"Polygon","coordinates":[[[121.82862188684895,13.467936308091902],[121.82883646683435,13.467800226451857],[121.8292631764971,13.467508111978228],[121.82917970911957,13.467390580515419],[121.82888060753719,13.467625964460812],[121.82855099490364,13.467851236193406],[121.82862188684895,13.467936308091902]]]}},{"type":"Feature","properties":{"Id":0,"CLN":"7266","PSGC":"174001008","Barangay":"Balogo","Land_Class":"AGRICULTURAL","PIN":"030-01-009-03-020","Owner":"MAZON, EDNA","TaxDecNo":"06399"},"geometry":{"type":"Polygon","coordinates":[[[121.82855099490364,13.467851236193406],[121.82888060753719,13.467625964460812],[121.82875153230448,13.467460864810452],[121.82846892652253,13.46765825781323],[121.82855099490364,13.467851236193406]]]}},{"type":"Feature","properties":{"Id":0,"CLN":"7267","PSGC":"174001008","Barangay":"Balogo","Land_Class":"AGRICULTURAL","PIN":"030-01-009-03-095","Owner":"LABAGUIS, ESTER","TaxDecNo":"06533"},"geometry":{"type":"Polygon","coordinates":[[[121.82903015840019,13.467508272539165],[121.8288911535102,13.467334242578122],[121.82880787231943,13.467396325093546],[121.82875153230448,13.467460864810452],[121.82888060753724,13.467625964460812],[121.82903015840019,13.467508272539165]]]}},{"type":"Feature","properties":{"Id":0,"CLN":"7268","PSGC":"174001008","Barangay":"Balogo","Land_Class":"AGRICULTURAL","PIN":"030-01-009-03-019","Owner":"LABAGUIS, ESTER","TaxDecNo":"06398"},"geometry":{"type":"Polygon","coordinates":[[[121.82846892652253,13.46765825781323],[121.82875153230448,13.467460864810452],[121.82880787231943,13.467396325093546],[121.82869915773253,13.467233812707951],[121.82834380791739,13.467465136971585],[121.82846892652253,13.46765825781323]]]}},{"type":"Feature","properties":{"Id":0,"CLN":"7269","PSGC":"174001008","Barangay":"Balogo","Land_Class":"AGRICULTURAL","PIN":"030-01-009-03-146","Owner":"MARTICIO, RUBEN M.","TaxDecNo":"06524"},"geometry":{"type":"Polygon","coordinates":[[[121.8286842676555,13.467243505813286],[121.82855332587813,13.467063031334247],[121.82825374475725,13.467300279940641],[121.82834380791739,13.467465136971585],[121.8286842676555,13.467243505813286]]]}},{"type":"Feature","properties":{"Id":0,"CLN":"7270","PSGC":"174001008","Barangay":"Balogo","Land_Class":"AGRICULTURAL","PIN":"030-01-009-03-081","Owner":"MAZON, ROBERTO","TaxDecNo":"06462"},"geometry":{"type":"Polygon","coordinates":[[[121.82950568923391,13.467343147418216],[121.82925196274084,13.467014462152761],[121.82922985174919,13.467029416688211],[121.82913515571204,13.467126178969634],[121.82938876975813,13.467425554861801],[121.82947778000256,13.467367045045524],[121.82950568923391,13.467343147418216]]]}},{"type":"Feature","properties":{"Id":0,"CLN":"7272","PSGC":"174001008","Barangay":"Balogo","Land_Class":"AGRICULTURAL","PIN":"030-01-009-03-025","Owner":"MAZON, RUSTICO","TaxDecNo":"06403"},"geometry":{"type":"Polygon","coordinates":[[[121.82963121694446,13.467235662648497],[121.8296853736116,13.46709634065028],[121.82946243838035,13.466856032353732],[121.82936526864943,13.466937828836851],[121.82963121694446,13.467235662648497]]]}},{"type":"Feature","properties":{"Id":0,"CLN":"7271","PSGC":"174001008","Barangay":"Balogo","Land_Class":"AGRICULTURAL","PIN":"030-01-009-03-026","Owner":"JAVIER, VICTOR & JAVIER, CRISELDA RABI","TaxDecNo":"06405"},"geometry":{"type":"Polygon","coordinates":[[[121.82922985174919,13.467029416688211],[121.82936526864943,13.466937828836851],[121.82946243838035,13.466856032353732],[121.82928610544339,13.466458920012665],[121.82904316310349,13.466667149504502],[121.82922985174919,13.467029416688211]]]}},{"type":"Feature","properties":{"Id":0,"CLN":"7108","PSGC":"174001008","Barangay":"Balogo","Land_Class":"AGRICULTURAL","PIN":"030-01-009-03-143","Owner":"CANTALEJO, MYRA N.","TaxDecNo":"30609"},"geometry":{"type":"Polygon","coordinates":[[[121.82864633261399,13.466937609296851],[121.82829869709433,13.466561166664993],[121.82825914700615,13.466596200743579],[121.82801291839876,13.4668026342982],[121.82836552661162,13.467177297094441],[121.82864633261399,13.466937609296851]]]}},{"type":"Feature","properties":{"Id":0,"CLN":"7107","PSGC":"174001008","Barangay":"Balogo","Land_Class":"AGRICULTURAL","PIN":"030-01-009-03-098","Owner":"MENDOZA, MARISSA","TaxDecNo":"06480"},"geometry":{"type":"Polygon","coordinates":[[[121.8287323723325,13.46642643128993],[121.82852729815461,13.46659614209922],[121.8287545275561,13.466845257032958],[121.82896163647277,13.46667424683291],[121.8287323723325,13.46642643128993]]]}},{"type":"Feature","properties":{"Id":0,"CLN":"7106","PSGC":"174001008","Barangay":"Balogo","Land_Class":"AGRICULTURAL","PIN":"030-01-009-03-027"},"geometry":{"type":"Polygon","coordinates":[[[121.82905371913527,13.466591180607583],[121.82861818916528,13.466079456122719],[121.82850310866039,13.466178615571568],[121.82896163647277,13.46667424683291],[121.82905371913527,13.466591180607583]]]}},{"type":"Feature","properties":{"Id":0,"CLN":"7105","PSGC":"174001008","Barangay":"Balogo","Land_Class":"AGRICULTURAL","PIN":"030-01-009-03-062","Owner":"LABAGUIS, MAMERTO & LABAGUIS, LEONIDA M.","TaxDecNo":"06445"},"geometry":{"type":"Polygon","coordinates":[[[121.82914580173458,13.466508114342759],[121.82931199533185,13.466371806740108],[121.82918550331287,13.466199242169957],[121.82933892748075,13.466070352231712],[121.8291946096428,13.465897704644197],[121.82887491929674,13.46617785596973],[121.82914580173458,13.466508114342759]]]}},{"type":"Feature","properties":{"Id":0,"CLN":"7274","PSGC":"174001008","Barangay":"Balogo","Land_Class":"AGRICULTURAL","PIN":"030-01-009-03-064","Owner":"JALOTJOT, MYRNA M.","TaxDecNo":"29684"},"geometry":{"type":"Polygon","coordinates":[[[121.82979466808267,13.466615817042966],[121.8298818087477,13.466501572520196],[121.82953940327967,13.466215844925589],[121.82928610544339,13.466458920012665],[121.82946243838035,13.466856032353748],[121.82979466808267,13.466615817042966]]]}},{"type":"Feature","properties":{"Id":0,"CLN":"7104","PSGC":"174001008","Barangay":"Balogo","Land_Class":"AGRICULTURAL","PIN":"030-01-009-03-063","Owner":"MENDOZA, RUFINO","TaxDecNo":"06446"},"geometry":{"type":"Polygon","coordinates":[[[121.82931199533185,13.466371806740108],[121.82946800247782,13.466235451570048],[121.82933892748075,13.466070352231712],[121.82918550331287,13.466199242169957],[121.82931199533185,13.466371806740108]]]}},{"type":"Feature","properties":{"Id":0,"CLN":"7101","PSGC":"174001008","Barangay":"Balogo","Land_Class":"AGRICULTURAL","PIN":"030-01-009-03-061","Owner":"MENDOZA, RUFINO","TaxDecNo":"06444"},"geometry":{"type":"Polygon","coordinates":[[[121.82887491929674,13.46617785596973],[121.8291946096428,13.465897704644197],[121.82906301268984,13.46572760864788],[121.82873326957635,13.465980296612639],[121.82887491929674,13.46617785596973]]]}},{"type":"Feature","properties":{"Id":0,"CLN":"7099","PSGC":"174001008","Barangay":"Balogo","Land_Class":"AGRICULTURAL","PIN":"030-01-009-03-060","Owner":"RABI, ALEJANDRO","TaxDecNo":"06443"},"geometry":{"type":"Polygon","coordinates":[[[121.82831383800324,13.466347216174253],[121.82850310866039,13.466178615571568],[121.82873326957635,13.465980296612639],[121.82906301268984,13.46572760864788],[121.82895706335016,13.465520246149845],[121.8286043286322,13.465787781213578],[121.8285713324844,13.4657651958662],[121.8281365489137,13.466146997965739],[121.82831383800324,13.466347216174253]]]}},{"type":"Feature","properties":{"Id":0,"CLN":"7111","PSGC":"174001008","Barangay":"Balogo","Land_Class":"AGRICULTURAL","PIN":"030-01-009-03-059","Owner":"MICIANO, LEA A.","TaxDecNo":"06442"},"geometry":{"type":"Polygon","coordinates":[[[121.8281365489137,13.466146997965739],[121.8285713324844,13.4657651958662],[121.82855367634168,13.465730220033377],[121.82850053815423,13.465660185278907],[121.82835828257318,13.465587242710276],[121.82794660010792,13.465931766244347],[121.8281365489137,13.466146997965739]]]}},{"type":"Feature","properties":{"Id":0,"CLN":"7096","PSGC":"174001008","Barangay":"Balogo","Land_Class":"AGRICULTURAL","PIN":"030-01-009-03-058","Owner":"LABAGUIS, SIMEON","TaxDecNo":"06441"},"geometry":{"type":"Polygon","coordinates":[[[121.8286043286322,13.465787781213578],[121.82895706335016,13.465520246149845],[121.82890139064494,13.465447707268874],[121.82855367634168,13.465730220033377],[121.8285713324844,13.4657651958662],[121.8286043286322,13.465787781213578]]]}},{"type":"Feature","properties":{"Id":0,"CLN":"7095","PSGC":"174001008","Barangay":"Balogo","Land_Class":"AGRICULTURAL","PIN":"030-01-009-03-057","Owner":"LABAGUIS, SIMEON","TaxDecNo":"06440"},"geometry":{"type":"Polygon","coordinates":[[[121.82855367634168,13.465730220033377],[121.82890139064494,13.465447707268874],[121.82885598906616,13.465357769463413],[121.82850053815423,13.465660185278907],[121.82855367634168,13.465730220033377]]]}},{"type":"Feature","properties":{"Id":0,"CLN":"7092","PSGC":"174001008","Barangay":"Balogo","Land_Class":"AGRICULTURAL","PIN":"030-01-009-03-056","Owner":"SAN ANDRES, SUSAN QUINDOZA","TaxDecNo":"06439"},"geometry":{"type":"Polygon","coordinates":[[[121.82850053815426,13.465660185278924],[121.82885598906616,13.465357769463433],[121.82880764151301,13.465277475485703],[121.82875966724265,13.465290894358137],[121.82872362320612,13.465248477515718],[121.82838154120908,13.465517564050847],[121.82835828257318,13.465587242710292],[121.82850053815426,13.465660185278924]]]}},{"type":"Feature","properties":{"Id":0,"CLN":"7112","PSGC":"174001008","Barangay":"Balogo","Land_Class":"AGRICULTURAL","PIN":"030-01-009-03-053","Owner":"CORTEZ, ALVARO & CORTEZ, LORNA L.","TaxDecNo":"06434"},"geometry":{"type":"Polygon","coordinates":[[[121.82835828257318,13.465587242710292],[121.82838154120908,13.465517564050847],[121.82830817621421,13.465417526227796],[121.82824322639443,13.465328862663702],[121.82816725733538,13.465240651546075],[121.827925679719,13.465430193393916],[121.82773563454435,13.46523490027214],[121.82770615264812,13.46520804834356],[121.82766878749516,13.46523458849443],[121.82745847035366,13.465436852976744],[121.82768773952476,13.465657137870057],[121.82775607793656,13.465743444240973],[121.82794660010792,13.465931766244347],[121.82835828257318,13.465587242710292]]]}},{"type":"Feature","properties":{"Id":0,"CLN":"7123","PSGC":"174001008","Barangay":"Balogo","Land_Class":"AGRICULTURAL","PIN":"030-01-009-03-050","Owner":"HRS.OF VICENTE MENDOZA","TaxDecNo":"06431"},"geometry":{"type":"Polygon","coordinates":[[[121.82732992235124,13.466224803351217],[121.82762731185294,13.46588525332455],[121.82775607793656,13.465743444240973],[121.82768773952476,13.465657137870057],[121.82745847035366,13.46543685297673],[121.82733095174285,13.46531433113381],[121.82682375841291,13.465922600925484],[121.82701523130467,13.466131739357122],[121.82711473851258,13.466092948529575],[121.82718725180906,13.466106371985793],[121.82732992235124,13.466224803351217]]]}},{"type":"Feature","properties":{"Id":0,"CLN":"7109","PSGC":"174001008","Barangay":"Balogo","Land_Class":"AGRICULTURAL","PIN":"030-01-009-03-085","Owner":"MARTICIO, ALEX","TaxDecNo":"06466"},"geometry":{"type":"Polygon","coordinates":[[[121.82814731262009,13.46647036393975],[121.82762731185294,13.46588525332455],[121.82732992235124,13.466224803351217],[121.8277822578186,13.466780933605548],[121.82814731262009,13.46647036393975]]]}},{"type":"Feature","properties":{"Id":0,"CLN":"7110","PSGC":"174001008","Barangay":"Balogo","Land_Class":"AGRICULTURAL","PIN":"030-01-009-03-052","Owner":"OSMILLO, CHRISTIAN PHILIP L.","TaxDecNo":"29563"},"geometry":{"type":"Polygon","coordinates":[[[121.82825914700612,13.466596200743561],[121.82840749088658,13.466464795354886],[121.82831383800324,13.466347216174253],[121.8281365489137,13.466146997965739],[121.82794660010792,13.465931766244347],[121.82775607793656,13.465743444240942],[121.82762731185291,13.465885253324526],[121.82825914700612,13.466596200743561]]]}},{"type":"Feature","properties":{"Id":0,"CLN":"7103","PSGC":"174001008","Barangay":"Balogo","Land_Class":null,"PIN":null},"geometry":{"type":"Polygon","coordinates":[[[121.82946800247782,13.466235451570048],[121.82947291367171,13.466198015446908],[121.82936857679667,13.466051724308121],[121.82933892748075,13.466070352231712],[121.82946800247782,13.466235451570048]]]}},{"type":"Feature","properties":{"Id":0,"CLN":"7102","PSGC":"174001008","Barangay":"Balogo","Land_Class":null,"PIN":null},"geometry":{"type":"Polygon","coordinates":[[[121.82933892748075,13.466070352231712],[121.82936857679667,13.466051724308121],[121.82923197135567,13.465864158284452],[121.8291946096428,13.465897704644197],[121.82933892748075,13.466070352231712]]]}},{"type":"Feature","properties":{"Id":0,"CLN":"7100","PSGC":"174001008","Barangay":"Balogo","Land_Class":"AGRICULTURAL","PIN":null},"geometry":{"type":"Polygon","coordinates":[[[121.8291946096428,13.465897704644197],[121.82923197135567,13.465864158284452],[121.82910099587909,13.465697180697195],[121.82906301268984,13.46572760864788],[121.8291946096428,13.465897704644197]]]}},{"type":"Feature","properties":{"Id":0,"CLN":"7098","PSGC":"174001008","Barangay":"Balogo","Land_Class":null,"PIN":null},"geometry":{"type":"Polygon","coordinates":[[[121.82906301268984,13.46572760864788],[121.82910099587909,13.465697180697195],[121.82899498590412,13.465502279911709],[121.82895706335016,13.465520246149845],[121.82906301268984,13.46572760864788]]]}},{"type":"Feature","properties":{"Id":0,"CLN":"7097","PSGC":"174001008","Barangay":"Balogo","Land_Class":null,"PIN":null},"geometry":{"type":"Polygon","coordinates":[[[121.82895706335016,13.465520246149845],[121.82899498590412,13.465502279911709],[121.82893614211665,13.465427233867596],[121.82890139064494,13.465447707268874],[121.82895706335016,13.465520246149845]]]}},{"type":"Feature","properties":{"Id":0,"CLN":"7094","PSGC":"174001008","Barangay":"Balogo","Land_Class":null,"PIN":null},"geometry":{"type":"Polygon","coordinates":[[[121.82890139064494,13.465447707268874],[121.82893614211665,13.465427233867596],[121.82890218184663,13.465341087970634],[121.82885598906616,13.465357769463413],[121.82890139064494,13.465447707268874]]]}},{"type":"Feature","properties":{"Id":0,"CLN":"7093","PSGC":"174001008","Barangay":"Balogo","Land_Class":null,"PIN":null},"geometry":{"type":"Polygon","coordinates":[[[121.82885598906616,13.465357769463433],[121.82890218184663,13.46534108797065],[121.82885223652293,13.46526408542104],[121.82880764151301,13.465277475485703],[121.82885598906616,13.465357769463433]]]}},{"type":"Feature","properties":{"Id":0,"CLN":"7281","PSGC":"174001008","Barangay":"Balogo","Land_Class":"AGRICULTURAL","PIN":null},"geometry":{"type":"Polygon","coordinates":[[[121.82955358490291,13.466104926275058],[121.83005170942967,13.465789464913392],[121.83032495539155,13.465764566519425],[121.83032134442797,13.465721555862876],[121.83004993576593,13.465761417191075],[121.82951172107859,13.466072953258207],[121.82893897943686,13.465236578778907],[121.82879844772985,13.46502654389977],[121.82877322756339,13.465061320511403],[121.8288893034219,13.465240085921518],[121.8294600440785,13.46609514415541],[121.82949813349275,13.466117753115718],[121.82955358490291,13.466104926275058]]]}},{"type":"Feature","properties":{"Id":0,"CLN":"7263","PSGC":"174001008","Barangay":"Balogo","Land_Class":"AGRICULTURAL","PIN":"030-01-009-03-091","Owner":"MONTEVIRGEN, TESSA MAGALANG","TaxDecNo":"06473"},"geometry":{"type":"Polygon","coordinates":[[[121.82939504720956,13.468502030055435],[121.82920842861184,13.468306460957072],[121.82875571559134,13.468694620090991],[121.82924294803728,13.469107578207668],[121.8293344921718,13.469135421062749],[121.82941354577397,13.469113357782344],[121.82947248112833,13.469038860447153],[121.82950086942151,13.468961728410072],[121.82945789244448,13.468896725922244],[121.82935967833834,13.468669460374846],[121.82935779843531,13.468532369842388],[121.82939504720956,13.468502030055435]]]}},{"type":"Feature","properties":{"Id":0,"CLN":"7273","PSGC":"174001008","Barangay":"Balogo","Land_Class":"RESIDENTIAL","PIN":"030-01-009-03-024","Owner":"GUEVARRA, MARICHU M.","TaxDecNo":"32326"},"geometry":{"type":"Polygon","coordinates":[[[121.82963121694446,13.467235662648497],[121.82978452885833,13.467188463360923],[121.8299149773297,13.467012668266447],[121.8296853736116,13.46709634065028],[121.82963121694446,13.467235662648497]]]}},{"type":"Feature","properties":{"Id":0,"CLN":"7275","PSGC":"174001008","Barangay":"Balogo","Land_Class":"AGRICULTURAL","PIN":"030-01-009-03-065","Owner":"JALAC, JOSE","TaxDecNo":"06448"},"geometry":{"type":"Polygon","coordinates":[[[121.82953940327961,13.466215844925589],[121.8298818087477,13.466501572520196],[121.8300105130782,13.466404488434689],[121.82971963349475,13.466127646438485],[121.82953940327961,13.466215844925589]]]}},{"type":"Feature","properties":{"Id":0,"CLN":"7277","PSGC":"174001008","Barangay":"Balogo","Land_Class":"AGRICULTURAL","PIN":"030-01-009-03-066","Owner":"TAN, VICTORIA LORELIE M.","TaxDecNo":"30641"},"geometry":{"type":"Polygon","coordinates":[[[121.82971963349475,13.466127646438485],[121.8300105130782,13.466404488434689],[121.83002848935456,13.466242644208688],[121.83002326076875,13.466213178430799],[121.82998264052642,13.466170930138386],[121.8298295833702,13.466052451822929],[121.82971963349475,13.466127646438485]]]}},{"type":"Feature","properties":{"Id":0,"CLN":"7279","PSGC":"174001008","Barangay":"Balogo","Land_Class":"RESIDENTIAL","PIN":"030-01-009-03-067"},"geometry":{"type":"Polygon","coordinates":[[[121.82998264052642,13.466170930138386],[121.83001550881582,13.466078401464472],[121.8303980990594,13.46595556231164],[121.83035780205412,13.465863156087604],[121.83009533648398,13.46589682807834],[121.8298295833702,13.466052451822929],[121.82998264052642,13.466170930138386]]]}},{"type":"Feature","properties":{"Id":0,"CLN":"72780","PSGC":"174001008","Barangay":"Balogo","Land_Class":null,"PIN":null},"geometry":{"type":"Polygon","coordinates":[[[121.83035780205412,13.465863156087588],[121.83036158900586,13.465820802958003],[121.8300820380836,13.465865766989838],[121.8298004890417,13.466027085172751],[121.8298295833702,13.46605245182296],[121.83009533648398,13.465896828078359],[121.83035780205412,13.465863156087588]]]}},{"type":"Feature","properties":{"Id":0,"CLN":"7278","PSGC":"174001008","Barangay":"Balogo","Land_Class":null,"PIN":null},"geometry":{"type":"Polygon","coordinates":[[[121.82971963349475,13.466127646438485],[121.8298295833702,13.466052451822929],[121.82980048904166,13.466027085172751],[121.82969837671605,13.46611072810934],[121.82971963349475,13.466127646438485]]]}},{"type":"Feature","properties":{"Id":0,"CLN":"7276","PSGC":"174001008","Barangay":"Balogo","Land_Class":null,"PIN":null},"geometry":{"type":"Polygon","coordinates":[[[121.82971963349475,13.466127646438485],[121.82969837671605,13.46611072810934],[121.82953940327961,13.466215844925589],[121.82971963349475,13.466127646438485]]]}},{"type":"Feature","properties":{"Id":0,"CLN":"7218","PSGC":"174001008","Barangay":"Balogo","Land_Class":"AGRICULTURAL","PIN":"030-01-009-01-086","Owner":"OSACDIN, AGUSTIN","TaxDecNo":"06203"},"geometry":{"type":"Polygon","coordinates":[[[121.82562127352485,13.470847787917549],[121.82606230299204,13.470464358859237],[121.82574252913773,13.470121683725571],[121.82510232020056,13.470499750021043],[121.82562127352485,13.470847787917549]]]}},{"type":"Feature","properties":{"Id":0,"CLN":"7217","PSGC":"174001008","Barangay":"Balogo","Land_Class":"AGRICULTURAL","PIN":"030-01-009-01-102","Owner":"MAGTURO, PEDRO","TaxDecNo":"06219"},"geometry":{"type":"Polygon","coordinates":[[[121.82512073856476,13.470343079589112],[121.82517249017108,13.470399745835604],[121.82570608959567,13.470071372659962],[121.82548169744035,13.469761560088237],[121.82500003965849,13.470180025037836],[121.82514695864795,13.470318170735942],[121.82512073856476,13.470343079589112]]]}},{"type":"Feature","properties":{"Id":0,"CLN":"7453","PSGC":"174001008","Barangay":"Balogo","Land_Class":"AGRICULTURAL","PIN":"030-01-009-01-009"},"geometry":{"type":"Polygon","coordinates":[[[121.8263245944158,13.469597123645029],[121.82613719264872,13.469739151288605],[121.82585049361303,13.469375281390136],[121.82584791064629,13.469403961316269],[121.8258452423935,13.469484111150832],[121.82573117395062,13.469665245849649],[121.82548169744035,13.469761560088237],[121.82566896159119,13.47002011102807],[121.82595092186563,13.469845920951109],[121.82631415152024,13.470372690157832],[121.82641086928446,13.470337486402084],[121.82649034634757,13.470275720471605],[121.8264792056336,13.470210243114764],[121.82644500078834,13.470072497219927],[121.82641428581447,13.470034920359163],[121.8263245944158,13.469597123645029]]]}},{"type":"Feature","properties":{"Id":0,"CLN":"7210","PSGC":"174001008","Barangay":"Balogo","Land_Class":"AGRICULTURAL","PIN":"030-01-009-02-040","Owner":"FELICIANO, ANIDEL M.","TaxDecNo":"06275"},"geometry":{"type":"Polygon","coordinates":[[[121.82641428581447,13.470034920359163],[121.82641985027539,13.469535645508843],[121.8263245944158,13.469597123645029],[121.82641428581447,13.470034920359163]]]}},{"type":"Feature","properties":{"Id":0,"CLN":"7219","PSGC":"174001008","Barangay":"Balogo","Land_Class":"AGRICULTURAL","PIN":"030-01-009-01-108","Owner":"LARGO, NORA M.","TaxDecNo":"06226"},"geometry":{"type":"Polygon","coordinates":[[[121.8263585551102,13.469272828703092],[121.82628129217365,13.469120803243111],[121.82628567021081,13.469035514109201],[121.82609853038879,13.469120923275716],[121.8262493609166,13.469321193869083],[121.8263585551102,13.469272828703092]]]}},{"type":"Feature","properties":{"Id":0,"CLN":"7216pt.","PSGC":"174001008","Barangay":"Balogo","Land_Class":"AGRICULTURAL","PIN":"030-01-009-01-082","Owner":"OSACDIN, CALIXTO","TaxDecNo":"06199"},"geometry":{"type":"Polygon","coordinates":[[[121.82538880865766,13.469609131508081],[121.8252959199873,13.469456702901386],[121.82504446681307,13.469559547757616],[121.82502899848035,13.46963051384131],[121.82518010705208,13.469761406472644],[121.82538880865766,13.469609131508081]]]}},{"type":"Feature","properties":{"Id":0,"CLN":"7220","PSGC":"174001008","Barangay":"Balogo","Land_Class":"AGRICULTURAL","PIN":"030-01-009-01-012","Owner":"OSORIO, PETRA J.","TaxDecNo":"06136"},"geometry":{"type":"Polygon","coordinates":[[[121.82585049361303,13.469375281390136],[121.82566523407633,13.469290730668819],[121.82558691817549,13.469319056644329],[121.82555962519815,13.46940500506085],[121.82548169744035,13.469761560088237],[121.82573117395062,13.469665245849649],[121.8258452423935,13.469484111150832],[121.82584791064629,13.469403961316269],[121.82585049361303,13.469375281390136]]]}},{"type":"Feature","properties":{"Id":0,"CLN":"20582","PSGC":"174001008","Barangay":"Balogo","Land_Class":"RESIDENTIAL","PIN":"030-01-009-01-049","Owner":"KAWANQUE, LINA M.","TaxDecNo":"06173"},"geometry":{"type":"Polygon","coordinates":[[[121.82448883627539,13.470040495957639],[121.82473437029928,13.469824529505708],[121.82477067314719,13.469721218168752],[121.82451372337542,13.46957979683625],[121.82429032804704,13.469897777794305],[121.82448883627539,13.470040495957639]]]}},{"type":"Feature","properties":{"Id":0,"CLN":"7215","PSGC":"174001008","Barangay":"Balogo","Land_Class":"AGRICULTURAL","PIN":"030-01-009-01-015","Owner":"MAGTURO, PEDRO","TaxDecNo":"06138"},"geometry":{"type":"Polygon","coordinates":[[[121.8248814446463,13.46940598186298],[121.82475803093425,13.469163913793786],[121.82459804528087,13.469407047353316],[121.82451372337542,13.469579796836271],[121.82477067314716,13.46972121816875],[121.8248814446463,13.46940598186298]]]}},{"type":"Feature","properties":{"Id":0,"CLN":"7214","PSGC":"174001008","Barangay":"Balogo","Land_Class":"AGRICULTURAL","PIN":"030-01-009-01-016","Owner":"GO, MELCHAN J.","TaxDecNo":"06139"},"geometry":{"type":"Polygon","coordinates":[[[121.82451372337542,13.469579796836271],[121.82459804528087,13.469407047353316],[121.82475803093425,13.469163913793786],[121.82478518406353,13.469106656815272],[121.82480265859698,13.469030226576642],[121.82479124914663,13.46886519429195],[121.82478408360902,13.468831686795184],[121.82454477553789,13.468809048493284],[121.82447148580601,13.468808705650883],[121.82441758819304,13.468839536491695],[121.82433870793601,13.468904772032444],[121.82420921943779,13.46898838616148],[121.82410169519108,13.469094127028937],[121.8239316795967,13.469286770474415],[121.8237822928818,13.469505658625796],[121.82429032804704,13.469897777794305],[121.82451372337542,13.469579796836271]]]}},{"type":"Feature","properties":{"Id":0,"CLN":"7198","PSGC":"174001008","Barangay":"Balogo","Land_Class":"AGRICULTURAL","PIN":"030-01-009-02-088","Owner":"SOSA, LUNA","TaxDecNo":"06316"},"geometry":{"type":"Polygon","coordinates":[[[121.8217884279803,13.467328784638662],[121.82259409539425,13.468014627622377],[121.82335326032947,13.466763631016612],[121.82327820613851,13.466624601721211],[121.82305717480118,13.46688878902837],[121.82275907398069,13.466899347815069],[121.82265904083559,13.466872578240643],[121.82229978028954,13.467123876939022],[121.82225389560523,13.467139801143759],[121.8217884279803,13.467328784638662]]]}},{"type":"Feature","properties":{"Id":0,"CLN":"7322","PSGC":"174001008","Barangay":"Balogo","Land_Class":"AGRICULTURAL","PIN":"030-01-009-05-003","Owner":"ORNEDO, LORETO","TaxDecNo":"06626"},"geometry":{"type":"Polygon","coordinates":[[[121.83101102880713,13.46482433163496],[121.83063642677706,13.464351526014758],[121.83054811763229,13.464434532301901],[121.8304408336364,13.464539035122208],[121.8305861902924,13.464732629145729],[121.83097080954974,13.465240375025445],[121.83106757872905,13.465240825084122],[121.83097679818566,13.465055965438108],[121.83101102880713,13.46482433163496]]]}},{"type":"Feature","properties":{"Id":0,"CLN":"7323","PSGC":"174001008","Barangay":"Balogo","Land_Class":"AGRICULTURAL","PIN":"030-01-009-05-004","Owner":"ORACION, GREGORIO","TaxDecNo":"06627"},"geometry":{"type":"Polygon","coordinates":[[[121.83101102880713,13.464824331634928],[121.83117250217957,13.464610736319592],[121.83094980946518,13.464320582529092],[121.83083583204315,13.46419294012063],[121.83075918149774,13.464244923943511],[121.83063642677706,13.464351526014758],[121.83101102880713,13.464824331634928]]]}},{"type":"Feature","properties":{"Id":0,"CLN":"7329","PSGC":"174001008","Barangay":"Balogo","Land_Class":"AGRICULTURAL","PIN":"030-01-009-05-005","Owner":"JALOTJOT, MYRNA M.","TaxDecNo":"29685"},"geometry":{"type":"Polygon","coordinates":[[[121.83117250217957,13.464610736319592],[121.8313052373663,13.464546551154365],[121.83127494491842,13.464491577547726],[121.83116357428123,13.464351485399721],[121.83107256404317,13.464213980291907],[121.83094980946518,13.464320582529092],[121.83117250217957,13.464610736319592]]]}},{"type":"Feature","properties":{"Id":0,"CLN":"7330","PSGC":"174001008","Barangay":"Balogo","Land_Class":"AGRICULTURAL","PIN":"030-01-009-05-010","Owner":"MAAS, DOROTEA","TaxDecNo":"06636"},"geometry":{"type":"Polygon","coordinates":[[[121.8313052373663,13.464546551154365],[121.83148619968694,13.46451499129244],[121.8313951045246,13.464394932677726],[121.83127494491842,13.464491577547726],[121.8313052373663,13.464546551154365]]]}},{"type":"Feature","properties":{"Id":0,"CLN":"7331","PSGC":"174001008","Barangay":"Balogo","Land_Class":"AGRICULTURAL","PIN":"030-01-009-05-009","Owner":"KAYANAN, GLORIA","TaxDecNo":"06635"},"geometry":{"type":"Polygon","coordinates":[[[121.83127494491842,13.464491577547726],[121.8313951045246,13.464394932677726],[121.83128881484964,13.464257356602117],[121.83116357428123,13.464351485399721],[121.83127494491842,13.464491577547726]]]}},{"type":"Feature","properties":{"Id":0,"CLN":"7332","PSGC":"174001008","Barangay":"Balogo","Land_Class":"AGRICULTURAL","PIN":"030-01-009-05-008","Owner":"MAZON, FLORA","TaxDecNo":"06633"},"geometry":{"type":"Polygon","coordinates":[[[121.83116357428123,13.464351485399721],[121.83128881484964,13.464257356602117],[121.83116728231556,13.464112232417573],[121.83107256404317,13.464213980291907],[121.83116357428123,13.464351485399721]]]}},{"type":"Feature","properties":{"Id":0,"CLN":"7328","PSGC":"174001008","Barangay":"Balogo","Land_Class":"AGRICULTURAL","PIN":"030-01-009-05-006","Owner":"MAAS, NARCISO","TaxDecNo":"06629"},"geometry":{"type":"Polygon","coordinates":[[[121.83094980946518,13.464320582529107],[121.8310725640432,13.464213980291923],[121.83094837621479,13.464091275247108],[121.83089009720156,13.464143920625803],[121.83083583204315,13.464192940120652],[121.83094980946518,13.464320582529107]]]}},{"type":"Feature","properties":{"Id":0,"CLN":"7333","PSGC":"174001008","Barangay":"Balogo","Land_Class":"AGRICULTURAL","PIN":"030-01-009-05-007","Owner":"QUATEROS, NORMA MAAS","TaxDecNo":"06631"},"geometry":{"type":"Polygon","coordinates":[[[121.83107256404317,13.464213980291907],[121.83116728231556,13.464112232417573],[121.8310762600546,13.463977219657622],[121.83094837621475,13.464091275247107],[121.83107256404317,13.464213980291907]]]}},{"type":"Feature","properties":{"Id":0,"CLN":"7324pt.","PSGC":"174001008","Barangay":"Balogo","Land_Class":"AGRICULTURAL","PIN":"030-01-009-05-070","Owner":"OLORES, TERESITA","TaxDecNo":"06691"},"geometry":{"type":"Polygon","coordinates":[[[121.83023046132742,13.463837420653535],[121.83013071732883,13.463917468240423],[121.83034256042636,13.464188946991534],[121.83056204716891,13.464017836569099],[121.83034947632964,13.463757648495674],[121.83023046132742,13.463837420653535]]]}},{"type":"Feature","properties":{"Id":0,"CLN":"7325","PSGC":"174001008","Barangay":"Balogo","Land_Class":"AGRICULTURAL","PIN":"030-01-009-05-021","Owner":"MONTELOYOLA, PURIFICACION","TaxDecNo":"06646"},"geometry":{"type":"Polygon","coordinates":[[[121.83042124659832,13.463678236013115],[121.83016427889494,13.46345438610455],[121.83013690594125,13.463497460274679],[121.83059282983218,13.464055634959047],[121.83075918149774,13.464244923943529],[121.83083583204315,13.464192940120652],[121.83059016069582,13.4639151411739],[121.83042124659832,13.463678236013115]]]}},{"type":"Feature","properties":{"Id":0,"CLN":"7326","PSGC":"174001008","Barangay":"Balogo","Land_Class":"AGRICULTURAL","PIN":"030-01-009-05-020","Owner":"MANSIA, RYAN MONTENEGRO","TaxDecNo":"06645"},"geometry":{"type":"Polygon","coordinates":[[[121.83058830410616,13.46377306586315],[121.83026308402796,13.463385058759583],[121.83020219787612,13.463427779983581],[121.83016427889494,13.46345438610455],[121.83042124659832,13.463678236013115],[121.83059016069582,13.4639151411739],[121.83083583204315,13.464192940120652],[121.83089009720156,13.464143920625803],[121.83058830410616,13.46377306586315]]]}},{"type":"Feature","properties":{"Id":0,"CLN":"7327","PSGC":"174001008","Barangay":"Balogo","Land_Class":"AGRICULTURAL","PIN":"030-01-009-05-019","Owner":"MANRIQUE, DINDO L.","TaxDecNo":"06644"},"geometry":{"type":"Polygon","coordinates":[[[121.83045288651444,13.463455729026055],[121.83033129838478,13.4633222354287],[121.83026308402796,13.463385058759583],[121.83058830410616,13.46377306586315],[121.83089009720156,13.464143920625803],[121.83094837621479,13.464091275247108],[121.8305862901559,13.463663390990586],[121.83045288651444,13.463455729026055]]]}},{"type":"Feature","properties":{"Id":0,"CLN":"7334","PSGC":"174001008","Barangay":"Balogo","Land_Class":"AGRICULTURAL","PIN":"030-01-009-05-011","Owner":"LARGA, MYLEEN LINING","TaxDecNo":"06637"},"geometry":{"type":"Polygon","coordinates":[[[121.83148619968694,13.46451499129244],[121.8318080565921,13.464312110631912],[121.83139588445643,13.463709526747095],[121.83122461290074,13.463843319979734],[121.8310762600546,13.463977219657622],[121.83116728231556,13.464112232417573],[121.83128881484964,13.464257356602117],[121.8313951045246,13.464394932677726],[121.83148619968694,13.46451499129244]]]}},{"type":"Feature","properties":{"Id":0,"CLN":"7344","PSGC":"174001008","Barangay":"Balogo","Land_Class":"AGRICULTURAL","PIN":"030-01-009-05-012","Owner":"ALIÑO, OFELIA PUNZALAN","TaxDecNo":"06638"},"geometry":{"type":"Polygon","coordinates":[[[121.8318080565921,13.464312110631912],[121.8321549432529,13.46419907216581],[121.83185181215428,13.463691706686927],[121.83172560966636,13.463459327104495],[121.83168469574167,13.46349403053721],[121.83156463347319,13.463570736859356],[121.83139588445643,13.463709526747095],[121.8318080565921,13.464312110631912]]]}},{"type":"Feature","properties":{"Id":0,"CLN":"7335","PSGC":"174001008","Barangay":"Balogo","Land_Class":"AGRICULTURAL","PIN":"030-01-009-05-062","Owner":"MONTALAN, SONIA","TaxDecNo":"06684"},"geometry":{"type":"Polygon","coordinates":[[[121.83108806287619,13.463966566726537],[121.83059911408408,13.463315938750972],[121.83045288651444,13.463455729026055],[121.8305862901559,13.463663390990586],[121.83094837621479,13.464091275247108],[121.8310762600546,13.463977219657643],[121.83108806287619,13.463966566726537]]]}},{"type":"Feature","properties":{"Id":0,"CLN":"7343","PSGC":"174001008","Barangay":"Balogo","Land_Class":"AGRICULTURAL","PIN":"030-01-009-05-017","Owner":"MUHI, ANTONINO","TaxDecNo":"06643"},"geometry":{"type":"Polygon","coordinates":[[[121.83122461290074,13.463843319979734],[121.83139588445643,13.463709526747095],[121.83092542232008,13.46304934608564],[121.83074904585837,13.463185607674033],[121.83122461290074,13.463843319979734]]]}},{"type":"Feature","properties":{"Id":0,"CLN":"7342","PSGC":"174001008","Barangay":"Balogo","Land_Class":"AGRICULTURAL","PIN":"030-01-009-05-016","Owner":"ORNEDO, FELISA","TaxDecNo":"06642"},"geometry":{"type":"Polygon","coordinates":[[[121.83139588445643,13.463709526747095],[121.83156463347319,13.463570736859356],[121.83113749843726,13.462903280755853],[121.83099442073092,13.462999818989454],[121.83092542232008,13.46304934608564],[121.83139588445643,13.463709526747095]]]}},{"type":"Feature","properties":{"Id":0,"CLN":"7341","PSGC":"174001008","Barangay":"Balogo","Land_Class":"AGRICULTURAL","PIN":"030-01-009-05-015","Owner":"MONTELOYOLA, LETICIA","TaxDecNo":"06641"},"geometry":{"type":"Polygon","coordinates":[[[121.83156463347319,13.463570736859356],[121.83168469574167,13.46349403053721],[121.83122443136332,13.462831405391022],[121.83113749843726,13.462903280755853],[121.83156463347319,13.463570736859356]]]}},{"type":"Feature","properties":{"Id":0,"CLN":"7340","PSGC":"174001008","Barangay":"Balogo","Land_Class":"AGRICULTURAL","PIN":"030-01-009-05-014","Owner":"MONTELOYOLA, PURIFICACION","TaxDecNo":"06640"},"geometry":{"type":"Polygon","coordinates":[[[121.83168469574167,13.46349403053721],[121.83172560966636,13.463459327104495],[121.83159240874959,13.463094817813463],[121.83131642101333,13.46276703069555],[121.83122443136332,13.462831405391022],[121.83168469574167,13.46349403053721]]]}},{"type":"Feature","properties":{"Id":0,"CLN":"7346","PSGC":"174001008","Barangay":"Balogo","Land_Class":"AGRICULTURAL","PIN":"030-01-009-07-001","Owner":"MADLA, DOMINGO","TaxDecNo":"06769"},"geometry":{"type":"Polygon","coordinates":[[[121.83185181215428,13.463691706686927],[121.83198978482183,13.463597636653915],[121.83169463292657,13.463020520954133],[121.83159240874959,13.463094817813463],[121.83172560966636,13.463459327104495],[121.83185181215428,13.463691706686927]]]}},{"type":"Feature","properties":{"Id":0,"CLN":"7347","PSGC":"174001008","Barangay":"Balogo","Land_Class":"AGRICULTURAL","PIN":"030-01-009-07-002","Owner":"LARGO, DOMINGO","TaxDecNo":"06770"},"geometry":{"type":"Polygon","coordinates":[[[121.83198978482183,13.463597636653915],[121.83209709010845,13.463525855648673],[121.83177897084911,13.462958602924],[121.83169463292657,13.463020520954133],[121.83198978482183,13.463597636653915]]]}},{"type":"Feature","properties":{"Id":0,"CLN":"7348","PSGC":"174001008","Barangay":"Balogo","Land_Class":"AGRICULTURAL","PIN":"030-01-009-07-003","Owner":"MAGCAMIT, JOSEFINA","TaxDecNo":"06771"},"geometry":{"type":"Polygon","coordinates":[[[121.83209709010845,13.463525855648673],[121.832209560936,13.463439144194153],[121.83189403638985,13.462861934057266],[121.83177897084911,13.462958602924],[121.83209709010845,13.463525855648673]]]}},{"type":"Feature","properties":{"Id":0,"CLN":"7349","PSGC":"174001008","Barangay":"Balogo","Land_Class":"AGRICULTURAL","PIN":"030-01-009-07-004","Owner":"DELA ROSA, MARIA GINA M.","TaxDecNo":"06772"},"geometry":{"type":"Polygon","coordinates":[[[121.832209560936,13.463439144194153],[121.83231686609047,13.46336736308309],[121.83197319651896,13.462817438687429],[121.83189403638985,13.462861934057266],[121.832209560936,13.463439144194153]]]}},{"type":"Feature","properties":{"Id":0,"CLN":"7350","PSGC":"174001008","Barangay":"Balogo","Land_Class":"AGRICULTURAL","PIN":"030-01-009-07-005","Owner":"SOLAS, BEATRIZ M.","TaxDecNo":"06773"},"geometry":{"type":"Polygon","coordinates":[[[121.83231686609047,13.46336736308309],[121.83241901768186,13.463308019981174],[121.8324420815426,13.46327821831151],[121.83207795491042,13.462745645826228],[121.83197319651896,13.462817438687429],[121.83231686609047,13.46336736308309]]]}},{"type":"Feature","properties":{"Id":0,"CLN":"7351","PSGC":"174001008","Barangay":"Balogo","Land_Class":"AGRICULTURAL","PIN":"030-01-009-07-006","Owner":"MOGOL, EUFROCINA M.","TaxDecNo":"06774"},"geometry":{"type":"Polygon","coordinates":[[[121.8324420815426,13.46327821831151],[121.83255951229201,13.463218946110961],[121.83216996849804,13.462676286110396],[121.83207795491042,13.462745645826228],[121.8324420815426,13.46327821831151]]]}},{"type":"Feature","properties":{"Id":0,"CLN":"7339","PSGC":"174001008","Barangay":"Balogo","Land_Class":"AGRICULTURAL","PIN":"030-01-009-05-048","Owner":"SPS. FERNANDEZ, FRANCIS S. & FERNANDEZ, RUTH G.","TaxDecNo":"06671"},"geometry":{"type":"Polygon","coordinates":[[[121.83099442073092,13.462999818989454],[121.83113749843726,13.462903280755853],[121.83122443136332,13.462831405391022],[121.83131642101333,13.46276703069555],[121.8311696052983,13.46258440303673],[121.83089096327893,13.462279034772463],[121.83083498811108,13.462268804865545],[121.83058220429994,13.462407203425656],[121.83058193802975,13.462462034944016],[121.83099442073092,13.462999818989454]]]}},{"type":"Feature","properties":{"Id":0,"CLN":"7371","PSGC":"174001008","Barangay":"Balogo","Land_Class":"AGRICULTURAL","PIN":"030-01-009-07-030","Owner":"JAYAG, VIOLETA L.","TaxDecNo":"29482"},"geometry":{"type":"Polygon","coordinates":[[[121.83159240874961,13.463094817813463],[121.83169463292657,13.463020520954144],[121.83177897084911,13.462958602924],[121.83189403638985,13.462861934057283],[121.83197319651896,13.462817438687447],[121.83207795491042,13.462745645826248],[121.8318957478585,13.462495602506051],[121.83172387084366,13.462243028372226],[121.83167578913611,13.462180494953843],[121.8311696052983,13.462584403036745],[121.83131642101336,13.462767030695552],[121.83159240874961,13.463094817813463]]]}},{"type":"Feature","properties":{"Id":0,"CLN":"7452","PSGC":"174001008","Barangay":"Balogo","Land_Class":"AGRICULTURAL","PIN":"030-01-009-07-031","Owner":"ORNEDO, ABAD","TaxDecNo":"06800"},"geometry":{"type":"Polygon","coordinates":[[[121.8311696052983,13.46258440303673],[121.83167578913611,13.462180494953843],[121.83147333692618,13.46191785214792],[121.8313969775313,13.461910020023083],[121.83089096327893,13.462279034772463],[121.8311696052983,13.46258440303673]]]}},{"type":"Feature","properties":{"Id":0,"CLN":"7370","PSGC":"174001008","Barangay":"Balogo","Land_Class":"AGRICULTURAL","PIN":"030-01-009-07-029","Owner":"FERNANDEZ, KYLE FRANCEENE G. & FERNANDEZ, MARTHA GABRIELLE G. (MINORS)","TaxDecNo":"06798"},"geometry":{"type":"Polygon","coordinates":[[[121.83207795491042,13.462745645826228],[121.83216996849804,13.462676286110396],[121.83254566191596,13.462398882340615],[121.83234297892461,13.462183594671457],[121.8318957478585,13.462495602506035],[121.83207795491042,13.462745645826228]]]}},{"type":"Feature","properties":{"Id":0,"CLN":"7373","PSGC":"174001008","Barangay":"Balogo","Land_Class":"AGRICULTURAL","PIN":"030-01-009-07-028","Owner":"LEOVIGILDO M. & CYNTHIA SAULOG QUINDOZA","TaxDecNo":"06796"},"geometry":{"type":"Polygon","coordinates":[[[121.8318957478585,13.462495602506035],[121.83234297892461,13.462183594671457],[121.83217093918277,13.461951002413898],[121.83207129840504,13.462017834322888],[121.8319001372726,13.46212919707531],[121.83172387084366,13.462243028372226],[121.8318957478585,13.462495602506035]]]}},{"type":"Feature","properties":{"Id":0,"CLN":"7372","PSGC":"174001008","Barangay":"Balogo","Land_Class":"AGRICULTURAL","PIN":"030-01-009-07-027","Owner":"FRANCIS S. & RUTH GRAVAMEN FERNANDEZ","TaxDecNo":"06794"},"geometry":{"type":"Polygon","coordinates":[[[121.83172387084366,13.462243028372226],[121.8319001372726,13.46212919707531],[121.83165473252518,13.461796567654135],[121.83147333692618,13.46191785214792],[121.83167578913611,13.462180494953843],[121.83172387084366,13.462243028372226]]]}},{"type":"Feature","properties":{"Id":0,"CLN":"7374","PSGC":"174001008","Barangay":"Balogo","Land_Class":"AGRICULTURAL","PIN":"030-01-009-07-026","Owner":"VASQUEZ, SOLEDAD","TaxDecNo":"06793"},"geometry":{"type":"Polygon","coordinates":[[[121.8319001372726,13.46212919707531],[121.83207129840504,13.462017834322888],[121.83182589350724,13.461685205055986],[121.83165473252518,13.461796567654135],[121.8319001372726,13.46212919707531]]]}},{"type":"Feature","properties":{"Id":0,"CLN":"7375","PSGC":"174001008","Barangay":"Balogo","Land_Class":"RESIDENTIAL","PIN":"030-01-009-07-025","Owner":"RIVAMONTE, RYAN B.","TaxDecNo":"32253"},"geometry":{"type":"Polygon","coordinates":[[[121.83207129840504,13.462017834322888],[121.83217093918277,13.461951002413898],[121.83226039381505,13.461884123147987],[121.83200479059622,13.461553939073532],[121.83182589350724,13.461685205055986],[121.83207129840504,13.462017834322888]]]}},{"type":"Feature","properties":{"Id":0,"CLN":"7369","PSGC":"174001008","Barangay":"Balogo","Land_Class":"AGRICULTURAL","PIN":"030-01-009-07-024","Owner":"MONTENEGRO, JORGE","TaxDecNo":"06791"},"geometry":{"type":"Polygon","coordinates":[[[121.83254566191596,13.462398882340615],[121.83270162839135,13.462270001792653],[121.83233192606606,13.4618370998021],[121.83226039381505,13.461884123147987],[121.83217093918277,13.461951002413898],[121.83234297892461,13.462183594671457],[121.83254566191596,13.462398882340615]]]}},{"type":"Feature","properties":{"Id":0,"CLN":"7368","PSGC":"174001008","Barangay":"Balogo","Land_Class":"AGRICULTURAL","PIN":"030-01-009-07-023","Owner":"JANDA, FELIXBERTO","TaxDecNo":"06790"},"geometry":{"type":"Polygon","coordinates":[[[121.83226039381505,13.461884123147987],[121.83233192606606,13.4618370998021],[121.83270162839135,13.462270001792653],[121.8327654969461,13.462227927542399],[121.83267187951144,13.462102872877148],[121.83254525401568,13.461957725707272],[121.83249999656016,13.461837880355635],[121.83240383288498,13.461712813784754],[121.83230758471538,13.46160519358817],[121.83221919372387,13.461452746664719],[121.8321937406257,13.461450136037767],[121.83200479059622,13.461553939073532],[121.83226039381505,13.461884123147987]]]}},{"type":"Feature","properties":{"Id":0,"CLN":"7366","PSGC":"174001008","Barangay":"Balogo","Land_Class":"AGRICULTURAL","PIN":"030-01-009-07-022","Owner":"MANRIQUE, ANDREA","TaxDecNo":"06789"},"geometry":{"type":"Polygon","coordinates":[[[121.8327654969461,13.462227927542413],[121.83315410277406,13.461913196694107],[121.83308852113692,13.461783287494297],[121.83307254394853,13.461795542842811],[121.83267187951144,13.462102872877166],[121.8327654969461,13.462227927542413]]]}},{"type":"Feature","properties":{"Id":0,"CLN":"7365","PSGC":"174001008","Barangay":"Balogo","Land_Class":"AGRICULTURAL","PIN":"030-01-009-07-021","Owner":"MALAPOTE, JOSE","TaxDecNo":"06788"},"geometry":{"type":"Polygon","coordinates":[[[121.83267187951144,13.462102872877148],[121.83307254394853,13.461795542842795],[121.83298977440226,13.46166568633647],[121.83254525401568,13.461957725707272],[121.83267187951144,13.462102872877148]]]}},{"type":"Feature","properties":{"Id":0,"CLN":"7364","PSGC":"174001008","Barangay":"Balogo","Land_Class":"AGRICULTURAL","PIN":"030-01-009-07-020","Owner":"MANRIQUE, PAULA","TaxDecNo":"06787"},"geometry":{"type":"Polygon","coordinates":[[[121.83254525401568,13.461957725707272],[121.83298977440226,13.46166568633647],[121.8329062948043,13.46155064841921],[121.83270188461996,13.461691766224657],[121.83249999656016,13.461837880355635],[121.83254525401568,13.461957725707272]]]}},{"type":"Feature","properties":{"Id":0,"CLN":"7363","PSGC":"174001008","Barangay":"Balogo","Land_Class":"AGRICULTURAL","PIN":"030-01-009-07-019","Owner":"MANRIQUE, SANTOS","TaxDecNo":"06786"},"geometry":{"type":"Polygon","coordinates":[[[121.83270188461996,13.461691766224657],[121.8329062948043,13.46155064841921],[121.83286837481349,13.461493147184818],[121.8328279566374,13.461425664748072],[121.83261591904635,13.461564254679539],[121.83270188461996,13.461691766224657]]]}},{"type":"Feature","properties":{"Id":0,"CLN":"7362","PSGC":"174001008","Barangay":"Balogo","Land_Class":"AGRICULTURAL","PIN":"030-01-009-07-018","Owner":"LAT, MARIA KAREN M.","TaxDecNo":"06785"},"geometry":{"type":"Polygon","coordinates":[[[121.83249999656019,13.461837880355652],[121.83270188461996,13.461691766224657],[121.83261591904635,13.461564254679539],[121.8328279566374,13.46142566474809],[121.83276488557247,13.461303244337781],[121.83230758471538,13.46160519358817],[121.83240383288498,13.461712813784754],[121.83249999656019,13.461837880355652]]]}},{"type":"Feature","properties":{"Id":0,"CLN":"7361","PSGC":"174001008","Barangay":"Balogo","Land_Class":"AGRICULTURAL","PIN":"030-01-009-07-017","Owner":"VASQUEZ, JAIME M. & VASQUEZ, LUCILA J.","TaxDecNo":"06784"},"geometry":{"type":"Polygon","coordinates":[[[121.83230758471538,13.46160519358817],[121.83276488557247,13.461303244337781],[121.83268909406821,13.461178272455971],[121.83221919372387,13.461452746664719],[121.83230758471538,13.46160519358817]]]}},{"type":"Feature","properties":{"Id":0,"CLN":"7359","PSGC":"174001008","Barangay":"Balogo","Land_Class":"AGRICULTURAL","PIN":"030-01-009-07-015","Owner":"MALAPOTE, EDMUNDO M.","TaxDecNo":"06782"},"geometry":{"type":"Polygon","coordinates":[[[121.8329062948043,13.46155064841921],[121.83298977440226,13.46166568633647],[121.83307254394853,13.461795542842795],[121.83308852113692,13.461783287494297],[121.83358678920987,13.461347768011475],[121.83324841257804,13.461106927485174],[121.83286837481349,13.461493147184818],[121.8329062948043,13.46155064841921]]]}},{"type":"Feature","properties":{"Id":0,"CLN":"7358","PSGC":"174001008","Barangay":"Balogo","Land_Class":"AGRICULTURAL","PIN":"030-01-009-07-014","Owner":"CHRISTOPHER YOLL JANDA AND MARY JUL JANDA LEAÑO","TaxDecNo":"32369"},"geometry":{"type":"Polygon","coordinates":[[[121.83315410277406,13.461913196694088],[121.83337244564846,13.462137695222713],[121.8335396396422,13.461968987797746],[121.83379524162063,13.461774104747679],[121.83394199853441,13.461618595011686],[121.83358678920987,13.461347768011475],[121.83308852113692,13.461783287494297],[121.83315410277406,13.461913196694088]]]}},{"type":"Feature","properties":{"Id":0,"CLN":"7357","PSGC":"174001008","Barangay":"Balogo","Land_Class":"AGRICULTURAL","PIN":"030-01-009-07-013","Owner":"LARGO, VICENTICO & LARGO, LUZVIMINDA F.","TaxDecNo":"29360"},"geometry":{"type":"Polygon","coordinates":[[[121.83379524162063,13.461774104747679],[121.83439156700177,13.462220314532642],[121.83456194670151,13.4620948227704],[121.83394199853441,13.461618595011686],[121.83379524162063,13.461774104747679]]]}},{"type":"Feature","properties":{"Id":0,"CLN":"7356","PSGC":"174001008","Barangay":"Balogo","Land_Class":"AGRICULTURAL","PIN":"030-01-009-07-012","Owner":"ENCARNACION, MERCIDITA RABI","TaxDecNo":"06779"},"geometry":{"type":"Polygon","coordinates":[[[121.83439156700177,13.462220314532642],[121.83379524162063,13.461774104747679],[121.8335396396422,13.461968987797746],[121.83418951871234,13.462574960193281],[121.83439156700177,13.462220314532642]]]}},{"type":"Feature","properties":{"Id":0,"CLN":"7355","PSGC":"174001008","Barangay":"Balogo","Land_Class":"AGRICULTURAL","PIN":"030-01-009-07-011","Owner":"MICIANO, ANDRES","TaxDecNo":"06778"},"geometry":{"type":"Polygon","coordinates":[[[121.83418951871234,13.462574960193281],[121.8335396396422,13.461968987797746],[121.83337244564846,13.462137695222713],[121.83338624750768,13.462275469001892],[121.83312398274045,13.462443735035658],[121.83371802759495,13.463177595777896],[121.83418951871234,13.462574960193281]]]}},{"type":"Feature","properties":{"Id":0,"CLN":"7367","PSGC":"174001008","Barangay":"Balogo","Land_Class":"AGRICULTURAL","PIN":"030-01-009-07-008","Owner":"DR. ROQUE, JOSE","TaxDecNo":"06775"},"geometry":{"type":"Polygon","coordinates":[[[121.83312398274045,13.462443735035658],[121.83338624750768,13.462275469001892],[121.83337244564846,13.462137695222713],[121.83315410277406,13.461913196694088],[121.8327654969461,13.462227927542399],[121.83270162839135,13.462270001792653],[121.83254566191596,13.462398882340615],[121.83276589005729,13.462767746232489],[121.83288179995985,13.462671911594825],[121.83312398274045,13.462443735035658]]]}},{"type":"Feature","properties":{"Id":0,"CLN":"7354","PSGC":"174001008","Barangay":"Balogo","Land_Class":"AGRICULTURAL","PIN":"030-01-009-07-010","Owner":"FERNANDEZ, CELIA MENORCA","TaxDecNo":"06777"},"geometry":{"type":"Polygon","coordinates":[[[121.83371802759495,13.463177595777896],[121.83312398274045,13.462443735035658],[121.83288179995985,13.462671911594825],[121.83345199632703,13.463422278214829],[121.83371802759495,13.463177595777896]]]}},{"type":"Feature","properties":{"Id":0,"CLN":"7353","PSGC":"174001008","Barangay":"Balogo","Land_Class":"AGRICULTURAL","PIN":"030-01-009-07-009","Owner":"LANDOY, ROSEMARIE M.","TaxDecNo":"29214"},"geometry":{"type":"Polygon","coordinates":[[[121.83345199632703,13.463422278214829],[121.83288179995985,13.462671911594825],[121.83276589005729,13.462767746232489],[121.83269408776353,13.462870432022141],[121.83268319282256,13.463016602209823],[121.83270665441431,13.46307985194341],[121.83321322426,13.46364714765292],[121.83345199632703,13.463422278214829]]]}},{"type":"Feature","properties":{"Id":0,"CLN":"7352pt.","PSGC":"174001008","Barangay":"Balogo","Land_Class":"AGRICULTURAL","PIN":"030-01-009-07-040","Owner":"LARGO, VICENTICO & LARGO, LUZVIMINDA F.","TaxDecNo":"06808"},"geometry":{"type":"Polygon","coordinates":[[[121.83255951229201,13.463218946110961],[121.83297825529526,13.463835484045836],[121.83321322426,13.46364714765292],[121.83270665441431,13.46307985194341],[121.83268319282256,13.463016602209823],[121.83269408776356,13.462870432022143],[121.83276589005729,13.462767746232489],[121.83254566191596,13.462398882340633],[121.83216996849804,13.462676286110396],[121.83255951229201,13.463218946110961]]]}},{"type":"Feature","properties":{"Id":0,"CLN":"7345","PSGC":"174001008","Barangay":"Balogo","Land_Class":"AGRICULTURAL","PIN":"030-01-009-05-013","Owner":"NARANJO, JONATHAN T.","TaxDecNo":"06639"},"geometry":{"type":"Polygon","coordinates":[[[121.8321549432529,13.46419907216581],[121.8324067443987,13.464008954883788],[121.83285871844912,13.463931297080313],[121.83241901768186,13.463308019981174],[121.83231686609047,13.46336736308309],[121.832209560936,13.463439144194153],[121.83209709010845,13.463525855648673],[121.83198978482183,13.463597636653915],[121.83185181215428,13.463691706686927],[121.8321549432529,13.46419907216581]]]}},{"type":"Feature","properties":{"Id":0,"CLN":"7360","PSGC":"174001008","Barangay":"Balogo","Land_Class":"AGRICULTURAL","PIN":"030-01-009-07-016","Owner":"JORDAN, GUILLERMO","TaxDecNo":"06783"},"geometry":{"type":"Polygon","coordinates":[[[121.83322568651515,13.46107504852951],[121.83296077914568,13.46089981902155],[121.83280464657801,13.46107641744085],[121.83268909406821,13.461178272455978],[121.83276488557244,13.461303244337776],[121.8328279566374,13.46142566474806],[121.8328683748135,13.461493147184818],[121.83324841257804,13.461106927485174],[121.83322568651515,13.46107504852951]]]}},{"type":"Feature","properties":{"Id":0,"CLN":"7377","PSGC":"174001008","Barangay":"Balogo","Land_Class":"AGRICULTURAL","PIN":"030-01-009-07-042","Owner":"MADLA, ROBERTO MERCENE","TaxDecNo":"06811"},"geometry":{"type":"Polygon","coordinates":[[[121.8325307595215,13.461190561743111],[121.83229227874727,13.460671951615174],[121.83204813416071,13.460715985092293],[121.83184930010538,13.460751846253736],[121.83191341092012,13.460904475974122],[121.83195242916352,13.461069136451298],[121.83216467658748,13.461412411956735],[121.8325307595215,13.461190561743111]]]}},{"type":"Feature","properties":{"Id":0,"CLN":"7376","PSGC":"174001008","Barangay":"Balogo","Land_Class":"AGRICULTURAL","PIN":"030-01-009-07-035","Owner":"MANRIQUE, BUTCH L.","TaxDecNo":"06804"},"geometry":{"type":"Polygon","coordinates":[[[121.83195242916352,13.461069136451275],[121.83191341092012,13.460904475974122],[121.83170794770159,13.461071323718825],[121.8311662965986,13.461437681216612],[121.83117960384574,13.461494237452909],[121.83142239257073,13.461840978705196],[121.83216467658745,13.461412411956717],[121.83195242916352,13.461069136451275]]]}},{"type":"Feature","properties":{"Id":0,"CLN":"7381","PSGC":"174001008","Barangay":"Balogo","Land_Class":"AGRICULTURAL","PIN":"030-01-009-07-034","Owner":"NOBLEZA, MANUEL U.","TaxDecNo":"06803"},"geometry":{"type":"Polygon","coordinates":[[[121.83191341092012,13.460904475974122],[121.83184930010538,13.460751846253732],[121.83177144978808,13.46075783170112],[121.83156729669422,13.460731494395477],[121.8313839407091,13.46061969924848],[121.8309482548361,13.460971787877199],[121.8308718912289,13.461040330367977],[121.83089982182008,13.461074213636572],[121.8311662965986,13.461437681216612],[121.83170794770159,13.461071323718825],[121.83191341092012,13.460904475974122]]]}},{"type":"Feature","properties":{"Id":0,"CLN":"7383","PSGC":"174001008","Barangay":"Balogo","Land_Class":"AGRICULTURAL","PIN":"030-01-009-07-032","Owner":"PERFINAN, PEDRO","TaxDecNo":"06801"},"geometry":{"type":"Polygon","coordinates":[[[121.83142239257076,13.461840978705203],[121.83117960384574,13.461494237452905],[121.8305900932304,13.461926835002787],[121.83055819525329,13.461964883233572],[121.83058291521758,13.462006558354464],[121.83081283191792,13.462207019581674],[121.83142239257076,13.461840978705203]]]}},{"type":"Feature","properties":{"Id":0,"CLN":"7384","PSGC":"174001008","Barangay":"Balogo","Land_Class":"AGRICULTURAL","PIN":"030-01-009-06-045","Owner":"ONGOCO, LORENCIO R.","TaxDecNo":"06738"},"geometry":{"type":"Polygon","coordinates":[[[121.83055819525329,13.461964883233572],[121.83049083352428,13.461851318742587],[121.83029949798633,13.462020067435242],[121.83057141526449,13.462366218017433],[121.83058801154128,13.462355517793778],[121.83081283191792,13.462207019581674],[121.83058291521758,13.462006558354464],[121.83055819525329,13.461964883233572]]]}},{"type":"Feature","properties":{"Id":0,"CLN":"7320","PSGC":"174001008","Barangay":"Balogo","Land_Class":"AGRICULTURAL","PIN":"030-01-009-05-001","Owner":"BUÑAG, MACARIO","TaxDecNo":"06624"},"geometry":{"type":"Polygon","coordinates":[[[121.83024222668533,13.465495002610364],[121.8305124333495,13.465309330205415],[121.83058081814903,13.465386289605695],[121.83057582382828,13.46523485322095],[121.83097080954974,13.465240375025445],[121.8305861902924,13.464732629145729],[121.8304408336364,13.464539035122208],[121.83009985665221,13.46483321282259],[121.8298578301648,13.465028154787543],[121.83003528085048,13.465239814895332],[121.83024222668533,13.465495002610364]]]}},{"type":"Feature","properties":{"Id":0,"CLN":"7318pt.","PSGC":"174001008","Barangay":"Balogo","Land_Class":"AGRICULTURAL","PIN":"030-01-009-05-052","Owner":"CABRERA, MARILOU MAZON","TaxDecNo":"31233"},"geometry":{"type":"Polygon","coordinates":[[[121.83013071732883,13.463917468240423],[121.82991887469817,13.463645989344043],[121.82975892010072,13.463721678262514],[121.82987025730888,13.46386841719151],[121.82999609662556,13.464016320865476],[121.83013071732883,13.463917468240423]]]}},{"type":"Feature","properties":{"Id":0,"CLN":"7308","PSGC":"174001008","Barangay":"Balogo","Land_Class":"AGRICULTURAL","PIN":"030-01-009-05-024","Owner":"MONTELOYOLA, DOLORES","TaxDecNo":"31256"},"geometry":{"type":"Polygon","coordinates":[[[121.83009985665221,13.46483321282259],[121.8304408336364,13.464539035122208],[121.82987025730888,13.46386841719151],[121.82969319638148,13.46397061199214],[121.8294580743971,13.464142323401502],[121.82990056147685,13.4646196005991],[121.8300257875673,13.464703263413993],[121.83009985665221,13.46483321282259]]]}},{"type":"Feature","properties":{"Id":0,"CLN":"7307","PSGC":"174001008","Barangay":"Balogo","Land_Class":"AGRICULTURAL","PIN":"030-01-009-05-025","Owner":"MALELANG, GLORIA L.","TaxDecNo":"06650"},"geometry":{"type":"Polygon","coordinates":[[[121.8298578301648,13.465028154787543],[121.83009985665221,13.46483321282259],[121.8300257875673,13.464703263413993],[121.82990056147685,13.4646196005991],[121.8294580743971,13.464142323401502],[121.82940350577898,13.464191917220992],[121.82924321134405,13.464337391290355],[121.82938143698355,13.464540749988064],[121.8294424087436,13.464570942695575],[121.82984073435006,13.4650093392089],[121.8298578301648,13.465028154787543]]]}},{"type":"Feature","properties":{"Id":0,"CLN":"7295","PSGC":"174001008","Barangay":"Balogo","Land_Class":"RESIDENTIAL","PIN":"030-01-009-05-026","Owner":"OLAVIDEZ, JUNE P. & OLAVIDEZ, MARY GRACE M.","TaxDecNo":"06692"},"geometry":{"type":"Polygon","coordinates":[[[121.82946108476291,13.46491996520742],[121.82957247073458,13.465056734923921],[121.8296602505151,13.465160162727129],[121.82984073435006,13.4650093392089],[121.8294424087436,13.464570942695575],[121.82938143698355,13.464540749988064],[121.829234885475,13.464653056078385],[121.82931203705472,13.464744092969871],[121.82946108476291,13.46491996520742]]]}},{"type":"Feature","properties":{"Id":0,"CLN":"7296","PSGC":"174001008","Barangay":"Balogo","Land_Class":"AGRICULTURAL","PIN":"030-01-009-05-027"},"geometry":{"type":"Polygon","coordinates":[[[121.8293997897756,13.464956234903108],[121.82946108476291,13.46491996520742],[121.82931203705469,13.464744092969854],[121.82924780456004,13.464789367263412],[121.8293997897756,13.464956234903108]]]}},{"type":"Feature","properties":{"Id":0,"CLN":"7294","PSGC":"174001008","Barangay":"Balogo","Land_Class":"AGRICULTURAL","PIN":"030-01-009-05-028","Owner":"DE BELEN, LYN GUEVARRA","TaxDecNo":"06652"},"geometry":{"type":"Polygon","coordinates":[[[121.82895120859106,13.465033902050395],[121.82924780456004,13.464789367263412],[121.82931203705469,13.464744092969854],[121.829234885475,13.46465305607837],[121.82903716039426,13.464814971607968],[121.8288870676847,13.4649571697253],[121.82895120859106,13.465033902050395]]]}},{"type":"Feature","properties":{"Id":0,"CLN":"7282","PSGC":"174001008","Barangay":"Balogo","Land_Class":"RESIDENTIAL","PIN":"030-01-009-03-105"},"geometry":{"type":"Polygon","coordinates":[[[121.82941915553572,13.465272674836255],[121.8292407947809,13.465386006255118],[121.82929955721715,13.46547455849268],[121.8291634384506,13.4655643570139],[121.82928457158877,13.465741247709206],[121.82972770570647,13.465484206750665],[121.82965587543626,13.46537862419666],[121.82954210258345,13.465454638476539],[121.82941915553572,13.465272674836255]]]}},{"type":"Feature","properties":{"Id":0,"CLN":"7285","PSGC":"174001008","Barangay":"Balogo","Land_Class":"AGRICULTURAL","PIN":"030-01-009-05-029","Owner":"LABAGUIS, MELECIA","TaxDecNo":"06653"},"geometry":{"type":"Polygon","coordinates":[[[121.82879844772982,13.465026543899738],[121.82885604673933,13.46498145379582],[121.82874166349464,13.464833534001722],[121.82869048997527,13.464883143460709],[121.82879844772982,13.465026543899738]]]}},{"type":"Feature","properties":{"Id":0,"CLN":"7286","PSGC":"174001008","Barangay":"Balogo","Land_Class":"AGRICULTURAL","PIN":"030-01-009-05-030","Owner":"LABAGUIS, MELECIA","TaxDecNo":"06654"},"geometry":{"type":"Polygon","coordinates":[[[121.82869048997527,13.464883143460709],[121.82874166349464,13.464833534001722],[121.8286303751229,13.464676825245228],[121.82857245932396,13.464716433677085],[121.82869048997527,13.464883143460709]]]}},{"type":"Feature","properties":{"Id":0,"CLN":"7289","PSGC":"174001008","Barangay":"Balogo","Land_Class":"AGRICULTURAL","PIN":"030-01-009-05-031","Owner":"LABAGUIS, MELECIA","TaxDecNo":"06655"},"geometry":{"type":"Polygon","coordinates":[[[121.82857245932396,13.464716433677085],[121.8286303751229,13.464676825245228],[121.8285054729675,13.464526699389703],[121.8284577757193,13.46455970903235],[121.82857245932396,13.464716433677085]]]}},{"type":"Feature","properties":{"Id":0,"CLN":"7291","PSGC":"174001008","Barangay":"Balogo","Land_Class":"AGRICULTURAL","PIN":"030-01-009-05-032","Owner":"LABAGUIS, MELECIA","TaxDecNo":"06656"},"geometry":{"type":"Polygon","coordinates":[[[121.8284577757193,13.46455970903235],[121.8285054729675,13.464526699389703],[121.82840766944052,13.46438999256797],[121.82838718388061,13.464413159446524],[121.82839373211635,13.464463037886565],[121.8284577757193,13.46455970903235]]]}},{"type":"Feature","properties":{"Id":0,"CLN":"7293","PSGC":"174001008","Barangay":"Balogo","Land_Class":"AGRICULTURAL","PIN":"030-01-009-05-033","Owner":"JANDUSAY, ESTEBAN","TaxDecNo":"06657"},"geometry":{"type":"Polygon","coordinates":[[[121.82885604673933,13.46498145379582],[121.8288870676847,13.4649571697253],[121.82903716039426,13.464814971607968],[121.82860537836184,13.464231400653917],[121.82840766944052,13.46438999256797],[121.8285054729675,13.464526699389703],[121.8286303751229,13.464676825245228],[121.82874166349464,13.464833534001722],[121.82885604673933,13.46498145379582]]]}},{"type":"Feature","properties":{"Id":0,"CLN":"7297pt.","PSGC":"174001008","Barangay":"Balogo","Land_Class":"AGRICULTURAL","PIN":"030-01-009-05-057","Owner":"MASCAREÑAS, CARMENCITA L.","TaxDecNo":"06679"},"geometry":{"type":"Polygon","coordinates":[[[121.82889857599072,13.464192200475033],[121.82871650368598,13.464381591363],[121.82882762914494,13.464531782032456],[121.82901611998125,13.464353274986912],[121.82889857599072,13.464192200475033]]]}},{"type":"Feature","properties":{"Id":0,"CLN":"7301","PSGC":"174001008","Barangay":"Balogo","Land_Class":"AGRICULTURAL","PIN":"030-01-009-05-035","Owner":"ORNEDO, VICENTE","TaxDecNo":"06658"},"geometry":{"type":"Polygon","coordinates":[[[121.829234885475,13.46465305607837],[121.82938143698358,13.464540749988032],[121.82924321134405,13.464337391290355],[121.82903394127824,13.464080530463418],[121.8288942130343,13.464186221763207],[121.829234885475,13.46465305607837]]]}},{"type":"Feature","properties":{"Id":0,"CLN":"7300","PSGC":"174001008","Barangay":"Balogo","Land_Class":"AGRICULTURAL","PIN":"030-01-009-05-024","Owner":"MONTELOYOLA, DOLORES","TaxDecNo":"31256"},"geometry":{"type":"Polygon","coordinates":[[[121.8288942130343,13.464186221763207],[121.82903394127824,13.464080530463418],[121.82888219927906,13.463863815858343],[121.82878969943647,13.4640328678431],[121.8288942130343,13.464186221763207]]]}},{"type":"Feature","properties":{"Id":0,"CLN":"7302","PSGC":"174001008","Barangay":"Balogo","Land_Class":"AGRICULTURAL","PIN":"030-01-009-05-067","Owner":"MAHAGUAY, FABIANA","TaxDecNo":"06688"},"geometry":{"type":"Polygon","coordinates":[[[121.82924321134405,13.464337391290355],[121.82940350577898,13.464191917220976],[121.82918396868268,13.463951624678007],[121.82897119046926,13.463718009849766],[121.82888219927906,13.463863815858343],[121.82903394127824,13.464080530463418],[121.82924321134405,13.464337391290355]]]}},{"type":"Feature","properties":{"Id":0,"CLN":"7306","PSGC":"174001008","Barangay":"Balogo","Land_Class":"AGRICULTURAL","PIN":"030-01-009-05-038","Owner":"MANRIQUE, BUTCH L.","TaxDecNo":"06661"},"geometry":{"type":"Polygon","coordinates":[[[121.82940350577898,13.464191917220976],[121.8294580743971,13.464142323401484],[121.82927582193007,13.463915497337792],[121.82918396868268,13.463951624678007],[121.82940350577898,13.464191917220976]]]}},{"type":"Feature","properties":{"Id":0,"CLN":"7305","PSGC":"174001008","Barangay":"Balogo","Land_Class":"RESIDENTIAL","PIN":"030-01-009-05-039","Owner":"MERCENE, AMADOR","TaxDecNo":"06663"},"geometry":{"type":"Polygon","coordinates":[[[121.82918396868268,13.463951624678007],[121.82927582193007,13.463915497337792],[121.82905977754534,13.46365528180428],[121.82897119046926,13.463718009849766],[121.82918396868268,13.463951624678007]]]}},{"type":"Feature","properties":{"Id":0,"CLN":"7309pt.","PSGC":"174001008","Barangay":"Balogo","Land_Class":"AGRICULTURAL","PIN":"030-01-009-05-060","Owner":"OSORIO, PETRA J.","TaxDecNo":"06682"},"geometry":{"type":"Polygon","coordinates":[[[121.82947710300732,13.46372036613967],[121.82926101007611,13.463470120133268],[121.82905977754534,13.46365528180428],[121.82927582193007,13.463915497337807],[121.82947710300732,13.46372036613967]]]}},{"type":"Feature","properties":{"Id":0,"CLN":"7312","PSGC":"174001008","Barangay":"Balogo","Land_Class":"AGRICULTURAL","PIN":"030-01-009-05-041","Owner":"MENDOZA, JUANITA","TaxDecNo":"06664"},"geometry":{"type":"Polygon","coordinates":[[[121.82969319638148,13.463970611992126],[121.82987025730885,13.46386841719151],[121.82975892010072,13.463721678262514],[121.82962729147792,13.463558228839508],[121.82943485309337,13.463331355479387],[121.82926101007608,13.463470120133238],[121.82969319638148,13.463970611992126]]]}},{"type":"Feature","properties":{"Id":0,"CLN":"7317","PSGC":"174001008","Barangay":"Balogo","Land_Class":"AGRICULTURAL","PIN":"030-01-009-05-042","Owner":"NEPOMUCENO, JOSE","TaxDecNo":"06665"},"geometry":{"type":"Polygon","coordinates":[[[121.82975892010072,13.463721678262514],[121.82991887469817,13.463645989344029],[121.83013690594125,13.463497460274658],[121.83016427889497,13.46345438610452],[121.83020219787609,13.46342777998357],[121.8299886716237,13.463257500228094],[121.82962729147792,13.463558228839508],[121.82975892010072,13.463721678262514]]]}},{"type":"Feature","properties":{"Id":0,"CLN":"7314","PSGC":"174001008","Barangay":"Balogo","Land_Class":"AGRICULTURAL","PIN":"030-01-009-05-043","Owner":"MONTALAN, DIONISIO M.","TaxDecNo":"06666"},"geometry":{"type":"Polygon","coordinates":[[[121.82962729147792,13.463558228839508],[121.8299886716237,13.463257500228094],[121.82978213363305,13.46300204496772],[121.82943485309337,13.463331355479387],[121.82962729147792,13.463558228839508]]]}},{"type":"Feature","properties":{"Id":0,"CLN":"7336","PSGC":"174001008","Barangay":"Balogo","Land_Class":"AGRICULTURAL","PIN":"030-01-009-05-045","Owner":"MONTELOYOLA, PETRA","TaxDecNo":"06668"},"geometry":{"type":"Polygon","coordinates":[[[121.83061118055635,13.463304403462493],[121.83010413221277,13.462674347424466],[121.82992392977698,13.462811836816504],[121.82994093720616,13.462849301937672],[121.83033129838478,13.4633222354287],[121.83045288651444,13.463455729026055],[121.83061118055635,13.463304403462493]]]}},{"type":"Feature","properties":{"Id":0,"CLN":"7316","PSGC":"174001008","Barangay":"Balogo","Land_Class":"AGRICULTURAL","PIN":"030-01-009-05-044","Owner":"MONTELOYOLA, PAULA","TaxDecNo":"06667"},"geometry":{"type":"Polygon","coordinates":[[[121.83020219787609,13.46342777998357],[121.83026308402796,13.463385058759583],[121.83033129838478,13.463322235428679],[121.82994093720616,13.462849301937672],[121.82978213363305,13.46300204496772],[121.8299886716237,13.463257500228094],[121.83020219787609,13.46342777998357]]]}},{"type":"Feature","properties":{"Id":0,"CLN":"7337","PSGC":"174001008","Barangay":"Balogo","Land_Class":"AGRICULTURAL","PIN":"030-01-009-05-046","Owner":"MONTELOYOLA, ANIANA","TaxDecNo":"06669"},"geometry":{"type":"Polygon","coordinates":[[[121.83058709641784,13.462973000528153],[121.83031093679844,13.462565021137117],[121.83010413221277,13.462674347424466],[121.83061118055635,13.463304403462493],[121.83074904585837,13.463185607674047],[121.83058709641784,13.462973000528153]]]}},{"type":"Feature","properties":{"Id":0,"CLN":"7338","PSGC":"174001008","Barangay":"Balogo","Land_Class":"AGRICULTURAL","PIN":"030-01-009-05-047","Owner":"SPS. ORNEDO, DAMIAN & ORNEDO, DARIA M","TaxDecNo":"06670"},"geometry":{"type":"Polygon","coordinates":[[[121.83058193802975,13.462462034944034],[121.83058220429992,13.462407203425691],[121.83031093679844,13.462565021137117],[121.83058709641784,13.462973000528153],[121.83074904585837,13.463185607674047],[121.83092542232008,13.46304934608564],[121.83099442073092,13.462999818989454],[121.83058193802975,13.462462034944034]]]}},{"type":"Feature","properties":{"Id":0,"CLN":"7386","PSGC":"174001008","Barangay":"Balogo","Land_Class":"AGRICULTURAL","PIN":"030-01-009-06-046","Owner":"LAMAC, GREGORIO","TaxDecNo":"06740"},"geometry":{"type":"Polygon","coordinates":[[[121.83049083352425,13.461851318742587],[121.83041679034926,13.461759845989675],[121.83001834883504,13.462100073654126],[121.8301067774374,13.462178995698183],[121.83029949798633,13.462020067435228],[121.83049083352425,13.461851318742587]]]}},{"type":"Feature","properties":{"Id":0,"CLN":"7385","PSGC":"174001008","Barangay":"Balogo","Land_Class":"AGRICULTURAL","PIN":"030-01-009-06-044","Owner":"MONTELOYOLA, PAULA","TaxDecNo":"06737"},"geometry":{"type":"Polygon","coordinates":[[[121.83057141526449,13.4623662180174],[121.83029949798633,13.462020067435228],[121.8301067774374,13.462178995698183],[121.83033868209728,13.462505332681244],[121.83057141526449,13.4623662180174]]]}},{"type":"Feature","properties":{"Id":0,"CLN":"7390","PSGC":"174001008","Barangay":"Balogo","Land_Class":"AGRICULTURAL","PIN":"030-01-009-06-042","Owner":"MANSIA, BRIGIDA","TaxDecNo":"06736"},"geometry":{"type":"Polygon","coordinates":[[[121.83033868209728,13.462505332681244],[121.8301067774374,13.462178995698183],[121.83001834883504,13.462100073654126],[121.82990735774328,13.462242558406068],[121.83020653834156,13.462579022430857],[121.83033868209728,13.462505332681244]]]}},{"type":"Feature","properties":{"Id":0,"CLN":"7391","PSGC":"174001008","Barangay":"Balogo","Land_Class":"AGRICULTURAL","PIN":"030-01-009-06-042","Owner":"MANSIA, BRIGIDA","TaxDecNo":"06736"},"geometry":{"type":"Polygon","coordinates":[[[121.83020653834156,13.462579022430877],[121.82990735774331,13.462242558406105],[121.82986792080474,13.462275962488441],[121.82979074583548,13.462362585356761],[121.8300557321475,13.462661037094621],[121.83020653834156,13.462579022430877]]]}},{"type":"Feature","properties":{"Id":0,"CLN":"7392pt.","PSGC":"174001008","Barangay":"Balogo","Land_Class":"RESIDENTIAL","PIN":"030-01-009-06-050","Owner":"MAAS, ALVIN L. & MAAS, DELIA E.","TaxDecNo":"06745"},"geometry":{"type":"Polygon","coordinates":[[[121.82985699235265,13.462437198313046],[121.82979074583548,13.462362585356761],[121.82969577002305,13.462451869548158],[121.82976276850924,13.462519125668033],[121.82985699235265,13.462437198313046]]]}},{"type":"Feature","properties":{"Id":0,"CLN":"7395","PSGC":"174001008","Barangay":"Balogo","Land_Class":"AGRICULTURAL","PIN":"030-01-009-06-040","Owner":"MANSIA, ELPIDIA","TaxDecNo":"06734"},"geometry":{"type":"Polygon","coordinates":[[[121.82969577002305,13.462451869548136],[121.82979074583548,13.46236258535673],[121.82986792080474,13.462275962488441],[121.82976157790625,13.462174585128052],[121.82959466091489,13.46232942715125],[121.82969577002305,13.462451869548136]]]}},{"type":"Feature","properties":{"Id":0,"CLN":"7396","PSGC":"174001008","Barangay":"Balogo","Land_Class":"RESIDENTIAL","PIN":"030-01-009-06-039","Owner":"MANSIA, EUSEBIO","TaxDecNo":"06733"},"geometry":{"type":"Polygon","coordinates":[[[121.82959466091489,13.46232942715125],[121.82976157790625,13.462174585128052],[121.8296746363532,13.462084454105582],[121.82953474456278,13.462278677154432],[121.82959466091489,13.46232942715125]]]}},{"type":"Feature","properties":{"Id":0,"CLN":"7397","PSGC":"174001008","Barangay":"Balogo","Land_Class":"AGRICULTURAL","PIN":"030-01-009-05-025","Owner":"MALELANG, GLORIA L.","TaxDecNo":"06650"},"geometry":{"type":"Polygon","coordinates":[[[121.82959466091489,13.46232942715125],[121.82953474456278,13.462278677154432],[121.8296746363532,13.462084454105582],[121.8296461242385,13.462056281904339],[121.82950470462563,13.462270125451845],[121.82950452745543,13.462306575936209],[121.82956153126813,13.462367126194358],[121.82959466091489,13.46232942715125]]]}},{"type":"Feature","properties":{"Id":0,"CLN":"7394","PSGC":"174001008","Barangay":"Balogo","Land_Class":null,"PIN":null},"geometry":{"type":"Polygon","coordinates":[[[121.82956153126813,13.462367126194358],[121.82967129622158,13.462476991138743],[121.82969577002305,13.462451869548136],[121.82959466091489,13.46232942715125],[121.82956153126813,13.462367126194358]]]}},{"type":"Feature","properties":{"Id":0,"CLN":"7393","PSGC":"174001008","Barangay":"Balogo","Land_Class":null,"PIN":null},"geometry":{"type":"Polygon","coordinates":[[[121.82967129622158,13.462476991138743],[121.82993210783468,13.462750188043415],[121.82996376419176,13.462720893936659],[121.82969577002305,13.462451869548136],[121.82967129622158,13.462476991138743]]]}},{"type":"Feature","properties":{"Id":0,"CLN":"7389","PSGC":"174001008","Barangay":"Balogo","Land_Class":"AGRICULTURAL","PIN":"030-01-009-06-038","Owner":"NIEVA, JEFFREYSON M.","TaxDecNo":"28965"},"geometry":{"type":"Polygon","coordinates":[[[121.82986792080474,13.462275962488441],[121.82990735774328,13.462242558406068],[121.83001834883504,13.462100073654126],[121.82979452855858,13.461878922079503],[121.8296746363532,13.462084454105582],[121.82976157790625,13.462174585128052],[121.82986792080474,13.462275962488441]]]}},{"type":"Feature","properties":{"Id":0,"CLN":"7388","PSGC":"174001008","Barangay":"Balogo","Land_Class":null,"PIN":null},"geometry":{"type":"Polygon","coordinates":[[[121.8296746363532,13.462084454105582],[121.82979452855858,13.461878922079503],[121.82975885436242,13.461850716554366],[121.8296461242385,13.462056281904339],[121.8296746363532,13.462084454105582]]]}},{"type":"Feature","properties":{"Id":0,"CLN":"7387","PSGC":"174001008","Barangay":"Balogo","Land_Class":null,"PIN":null},"geometry":{"type":"Polygon","coordinates":[[[121.82979452855858,13.461878922079503],[121.83004892933744,13.461407640944591],[121.83009482242363,13.461278968668871],[121.83010876562821,13.461174149699412],[121.83007599486646,13.461143845325065],[121.82999440390961,13.46142666434449],[121.82975885436244,13.461850716554366],[121.82979452855858,13.461878922079503]]]}},{"type":"Feature","properties":{"Id":0,"CLN":"7448","PSGC":"174001008","Barangay":"Balogo","Land_Class":null,"PIN":null},"geometry":{"type":"Polygon","coordinates":[[[121.82987067967207,13.46276850423798],[121.82971113854069,13.46258457038094],[121.82968043485197,13.462614336214664],[121.82984580558644,13.462777734947409],[121.82976512638989,13.462835891787968],[121.82980148968355,13.462869708423119],[121.82987067967207,13.46276850423798]]]}},{"type":"Feature","properties":{"Id":0,"CLN":"7449","PSGC":"174001008","Barangay":"Balogo","Land_Class":"RESIDENTIAL","PIN":null,"Owner":"GARCIA, ELENITA L.","TaxDecNo":"32265"},"geometry":{"type":"Polygon","coordinates":[[[121.82968043485197,13.462614336214644],[121.82971113854069,13.46258457038094],[121.82960840389707,13.462501843000082],[121.82958151091397,13.462533495860727],[121.82968043485197,13.462614336214644]]]}},{"type":"Feature","properties":{"Id":0,"CLN":"7398","PSGC":"174001008","Barangay":"Balogo","Land_Class":null,"PIN":null},"geometry":{"type":"Polygon","coordinates":[[[121.82958151091397,13.462533495860727],[121.82960840389707,13.462501843000082],[121.82940509913936,13.462284057866173],[121.82937817889822,13.462321318471966],[121.82958151091397,13.462533495860727]]]}},{"type":"Feature","properties":{"Id":0,"CLN":"7442","PSGC":"174001008","Barangay":"Balogo","Land_Class":null,"PIN":null},"geometry":{"type":"Polygon","coordinates":[[[121.82940509913936,13.462284057866173],[121.8297457754635,13.461745416786593],[121.8297095784015,13.461726555312827],[121.82936291792193,13.462317508813939],[121.82937817889822,13.462321318471966],[121.82940509913936,13.462284057866173]]]}},{"type":"Feature","properties":{"Id":0,"CLN":"7444","PSGC":"174001008","Barangay":"Balogo","Land_Class":"AGRICULTURAL","PIN":"030-01-009-06-036","Owner":"MAGTURO, ANDREW M.","TaxDecNo":"06730"},"geometry":{"type":"Polygon","coordinates":[[[121.8297095784015,13.461726555312827],[121.82963943029841,13.46161967877776],[121.82939123747519,13.461992382854762],[121.82925442504204,13.461847809848052],[121.82896197447138,13.461502497026851],[121.82839849440674,13.461905509316901],[121.82878507549492,13.462531655929647],[121.82936291792193,13.462317508813939],[121.8297095784015,13.461726555312827]]]}},{"type":"Feature","properties":{"Id":0,"CLN":"7422","PSGC":"174001008","Barangay":"Balogo","Land_Class":"AGRICULTURAL","PIN":"030-01-009-06-035","Owner":"ORNEDO, DAMIAN","TaxDecNo":"06729"},"geometry":{"type":"Polygon","coordinates":[[[121.82878507549492,13.462531655929647],[121.82839849440674,13.461905509316901],[121.82820312173533,13.462020495188293],[121.82848115667574,13.462580710853159],[121.82878507549492,13.462531655929647]]]}},{"type":"Feature","properties":{"Id":0,"CLN":"7421","PSGC":"174001008","Barangay":"Balogo","Land_Class":"AGRICULTURAL","PIN":"030-01-009-06-034","Owner":"OLIVAR, MARCO ANGELO S. & OLIVAR, CHERRY L.","TaxDecNo":"06728"},"geometry":{"type":"Polygon","coordinates":[[[121.82848115667574,13.462580710853159],[121.82820312173533,13.462020495188293],[121.82809596774595,13.462061120254427],[121.82835676793293,13.462630602182644],[121.82848115667574,13.462580710853159]]]}},{"type":"Feature","properties":{"Id":0,"CLN":"7420","PSGC":"174001008","Barangay":"Balogo","Land_Class":"AGRICULTURAL","PIN":"030-01-009-06-033","Owner":"OLIVAR, MARCO ANGELO S. & OLIVAR, CHERRY L.","TaxDecNo":"06727"},"geometry":{"type":"Polygon","coordinates":[[[121.82835676793293,13.46263060218266],[121.82809596774595,13.462061120254427],[121.82788728016524,13.462164828008445],[121.82806484504489,13.462569423971024],[121.8280796420654,13.462668565692113],[121.82813520707015,13.46266722541332],[121.82835676793293,13.46263060218266]]]}},{"type":"Feature","properties":{"Id":0,"CLN":"7445","PSGC":"174001008","Barangay":"Balogo","Land_Class":"AGRICULTURAL","PIN":"030-01-009-06-013","Owner":"PATRICIO, FRANCISCO","TaxDecNo":"06709"},"geometry":{"type":"Polygon","coordinates":[[[121.829581510914,13.462533495860743],[121.82937817889822,13.462321318471966],[121.82936291792193,13.462317508813952],[121.82878507549495,13.462531655929645],[121.82887331744274,13.46262474452506],[121.82905252554333,13.462912369211109],[121.829581510914,13.462533495860743]]]}},{"type":"Feature","properties":{"Id":0,"CLN":"7450","PSGC":"174001008","Barangay":"Balogo","Land_Class":"AGRICULTURAL","PIN":"030-01-009-06-005","Owner":"MANSIA, ILDEFONSO","TaxDecNo":"06698"},"geometry":{"type":"Polygon","coordinates":[[[121.82905252554333,13.462912369211109],[121.82887331744274,13.46262474452506],[121.8286927277161,13.462669553682323],[121.82896205128228,13.46305775297601],[121.82916517801935,13.463373558936823],[121.82930650179607,13.463253296939303],[121.82916262707079,13.463051210055001],[121.82905252554333,13.462912369211109]]]}},{"type":"Feature","properties":{"Id":0,"CLN":"7446","PSGC":"174001008","Barangay":"Balogo","Land_Class":"AGRICULTURAL","PIN":"030-01-009-06-012","Owner":"GARCIA, ELENITA L.","TaxDecNo":"32264"},"geometry":{"type":"Polygon","coordinates":[[[121.82905252554333,13.462912369211109],[121.82916262707079,13.463051210055001],[121.82921633146405,13.463004727738621],[121.82934717534413,13.462899039929411],[121.8295308178612,13.46274635980158],[121.82962857693525,13.462673912327167],[121.82968043485197,13.462614336214664],[121.829581510914,13.462533495860743],[121.82905252554333,13.462912369211109]]]}},{"type":"Feature","properties":{"Id":0,"CLN":"7399","PSGC":"174001008","Barangay":"Balogo","Land_Class":"RESIDENTIAL","PIN":"030-01-009-06-072","Owner":"OLIVAR, ARIEL A.","TaxDecNo":"06766"},"geometry":{"type":"Polygon","coordinates":[[[121.82976312019116,13.4626960355926],[121.82969685163998,13.462754902065216],[121.82976512638989,13.462835891787968],[121.82984580558644,13.462777734947409],[121.82976312019116,13.4626960355926]]]}},{"type":"Feature","properties":{"Id":0,"CLN":"7400","PSGC":"174001008","Barangay":"Balogo","Land_Class":null,"PIN":null},"geometry":{"type":"Polygon","coordinates":[[[121.82980148968355,13.462869708423087],[121.82976512638989,13.462835891787968],[121.82966915440556,13.462909048619194],[121.82970011544367,13.462949148998975],[121.82980148968355,13.462869708423087]]]}},{"type":"Feature","properties":{"Id":0,"CLN":"7447","PSGC":"174001008","Barangay":"Balogo","Land_Class":"RESIDENTIAL","PIN":"030-01-009-06-010","Owner":"MANSIA, EDGARDO L.","TaxDecNo":"29232"},"geometry":{"type":"Polygon","coordinates":[[[121.82966915440556,13.462909048619194],[121.82976512638989,13.462835891787968],[121.82962857693525,13.462673912327167],[121.8295308178612,13.462746359801566],[121.82966915440556,13.462909048619194]]]}},{"type":"Feature","properties":{"Id":0,"CLN":"7402","PSGC":"174001008","Barangay":"Balogo","Land_Class":"AGRICULTURAL","PIN":"030-01-009-06-009","Owner":"ORNEDO, VICENTE","TaxDecNo":"06704"},"geometry":{"type":"Polygon","coordinates":[[[121.82966915440556,13.462909048619194],[121.8295308178612,13.462746359801566],[121.82934717534413,13.462899039929393],[121.82949748432051,13.463083846517431],[121.82966915440556,13.462909048619194]]]}},{"type":"Feature","properties":{"Id":0,"CLN":"7401","PSGC":"174001008","Barangay":"Balogo","Land_Class":null,"PIN":null},"geometry":{"type":"Polygon","coordinates":[[[121.82970011544367,13.462949148998975],[121.82966915440556,13.462909048619194],[121.82949748432051,13.463083846517431],[121.82951990190666,13.463113392337918],[121.82970011544367,13.462949148998975]]]}},{"type":"Feature","properties":{"Id":0,"CLN":"7404","PSGC":"174001008","Barangay":"Balogo","Land_Class":null,"PIN":null},"geometry":{"type":"Polygon","coordinates":[[[121.82951990190666,13.463113392337918],[121.82949748432051,13.463083846517431],[121.82942518295516,13.463149753095252],[121.82945834883944,13.46317829749042],[121.82951990190666,13.463113392337918]]]}},{"type":"Feature","properties":{"Id":0,"CLN":"7405","PSGC":"174001008","Barangay":"Balogo","Land_Class":null,"PIN":null},"geometry":{"type":"Polygon","coordinates":[[[121.82945834883944,13.46317829749042],[121.82942518295516,13.463149753095252],[121.82937224485441,13.463210492419794],[121.8294011134622,13.46323901681117],[121.82945834883944,13.46317829749042]]]}},{"type":"Feature","properties":{"Id":0,"CLN":"7408","PSGC":"174001008","Barangay":"Balogo","Land_Class":null,"PIN":null},"geometry":{"type":"Polygon","coordinates":[[[121.8294011134622,13.46323901681117],[121.82937224485441,13.463210492419794],[121.82930650179604,13.463253296939286],[121.82933209632338,13.463292320890094],[121.8294011134622,13.46323901681117]]]}},{"type":"Feature","properties":{"Id":0,"CLN":"7406","PSGC":"174001008","Barangay":"Balogo","Land_Class":"RESIDENTIAL","PIN":"030-01-009-06-007","Owner":"MONTELOYOLA, PURIFICACION","TaxDecNo":"06700"},"geometry":{"type":"Polygon","coordinates":[[[121.82937224485441,13.463210492419794],[121.82942518295516,13.463149753095252],[121.82935046112772,13.463050566024283],[121.82929217188752,13.463107074493605],[121.82937224485441,13.463210492419794]]]}},{"type":"Feature","properties":{"Id":0,"CLN":"7403","PSGC":"174001008","Barangay":"Balogo","Land_Class":"AGRICULTURAL","PIN":"030-01-009-06-008","Owner":"MERCENE, JUANA","TaxDecNo":"06702"},"geometry":{"type":"Polygon","coordinates":[[[121.82929217188752,13.463107074493605],[121.82935046112772,13.463050566024283],[121.82942518295516,13.463149753095252],[121.82949748432051,13.463083846517431],[121.82934717534413,13.462899039929393],[121.82921633146405,13.463004727738602],[121.82929217188752,13.463107074493605]]]}},{"type":"Feature","properties":{"Id":0,"CLN":"7407","PSGC":"174001008","Barangay":"Balogo","Land_Class":"RESIDENTIAL","PIN":"030-01-009-06-006","Owner":"MANSIA, JULIAN","TaxDecNo":"06699"},"geometry":{"type":"Polygon","coordinates":[[[121.82930650179604,13.463253296939286],[121.82937224485441,13.463210492419794],[121.82929217188752,13.463107074493605],[121.82921633146405,13.463004727738602],[121.82916262707076,13.463051210054983],[121.82930650179604,13.463253296939286]]]}},{"type":"Feature","properties":{"Id":0,"CLN":"7409","PSGC":"174001008","Barangay":"Balogo","Land_Class":null,"PIN":null},"geometry":{"type":"Polygon","coordinates":[[[121.82933209632338,13.463292320890094],[121.82930650179604,13.463253296939286],[121.82916517801935,13.463373558936807],[121.8291918724161,13.463407330624184],[121.82933209632338,13.463292320890094]]]}},{"type":"Feature","properties":{"Id":0,"CLN":"7411","PSGC":"174001008","Barangay":"Balogo","Land_Class":null,"PIN":null},"geometry":{"type":"Polygon","coordinates":[[[121.8291918724161,13.463407330624184],[121.82916517801935,13.463373558936807],[121.82903665902252,13.463511755647074],[121.82905160235853,13.463531803372112],[121.8291918724161,13.463407330624184]]]}},{"type":"Feature","properties":{"Id":0,"CLN":"7413","PSGC":"174001008","Barangay":"Balogo","Land_Class":null,"PIN":null},"geometry":{"type":"Polygon","coordinates":[[[121.82905160235853,13.463531803372112],[121.82903665902252,13.463511755647074],[121.82886631295544,13.46363503669732],[121.82889086891913,13.463666695492725],[121.82905160235853,13.463531803372112]]]}},{"type":"Feature","properties":{"Id":0,"CLN":"7414","PSGC":"174001008","Barangay":"Balogo","Land_Class":null,"PIN":null},"geometry":{"type":"Polygon","coordinates":[[[121.82889086891913,13.463666695492725],[121.82886631295544,13.46363503669732],[121.82875050138085,13.463811145706535],[121.82876866255874,13.463832259920496],[121.82889086891913,13.463666695492725]]]}},{"type":"Feature","properties":{"Id":0,"CLN":"7416","PSGC":"174001008","Barangay":"Balogo","Land_Class":null,"PIN":null},"geometry":{"type":"Polygon","coordinates":[[[121.82876866255874,13.46383225992051],[121.82875050138085,13.463811145706554],[121.8282451388223,13.464375771618947],[121.82826661696598,13.464409212719062],[121.82829860718542,13.464377890158815],[121.82876866255874,13.46383225992051]]]}},{"type":"Feature","properties":{"Id":0,"CLN":"7076","PSGC":"174001008","Barangay":"Balogo","Land_Class":"AGRICULTURAL","PIN":"030-01-009-04-043","Owner":"SPS. MAANO, FERDINAND O. & MAANO, LORELIE C.","TaxDecNo":"06572"},"geometry":{"type":"Polygon","coordinates":[[[121.82810669736088,13.464565794490582],[121.82807247364117,13.46453385688522],[121.82791134960097,13.46467517216095],[121.82794558241535,13.464705240533627],[121.82810669736088,13.464565794490582]]]}},{"type":"Feature","properties":{"Id":0,"CLN":"7074","PSGC":"174001008","Barangay":"Balogo","Land_Class":null,"PIN":null},"geometry":{"type":"Polygon","coordinates":[[[121.82794558241535,13.464705240533627],[121.82791134960097,13.46467517216095],[121.82779441727875,13.464762483811752],[121.82782666737295,13.46480749732615],[121.82794558241535,13.464705240533627]]]}},{"type":"Feature","properties":{"Id":0,"CLN":"7073","PSGC":"174001008","Barangay":"Balogo","Land_Class":null,"PIN":null},"geometry":{"type":"Polygon","coordinates":[[[121.82782666737295,13.46480749732615],[121.82779441727875,13.464762483811752],[121.827696565797,13.464853622986684],[121.82773844735847,13.464881857763821],[121.82782666737295,13.46480749732615]]]}},{"type":"Feature","properties":{"Id":0,"CLN":"7070","PSGC":"174001008","Barangay":"Balogo","Land_Class":"AGRICULTURAL","PIN":"030-01-009-04-039","Owner":"MENDOZA, JOSE","TaxDecNo":"06568"},"geometry":{"type":"Polygon","coordinates":[[[121.82773844735847,13.464881857763821],[121.827696565797,13.464853622986684],[121.82759491261949,13.464941005791808],[121.8276233883786,13.464976655243644],[121.82773844735847,13.464881857763821]]]}},{"type":"Feature","properties":{"Id":0,"CLN":"7069","PSGC":"174001008","Barangay":"Balogo","Land_Class":null,"PIN":null},"geometry":{"type":"Polygon","coordinates":[[[121.8276233883786,13.464976655243644],[121.82759491261949,13.464941005791808],[121.82735148873618,13.465117453394836],[121.8273856851159,13.465154998857148],[121.8276233883786,13.464976655243644]]]}},{"type":"Feature","properties":{"Id":0,"CLN":"7055","PSGC":"174001008","Barangay":"Balogo","Land_Class":"AGRICULTURAL","PIN":"030-01-009-04-099","Owner":"MAHAGUAY, JOSEFINO","TaxDecNo":"06544"},"geometry":{"type":"Polygon","coordinates":[[[121.8273856851159,13.465154998857148],[121.82735148873618,13.465117453394848],[121.82723665413114,13.465213802999871],[121.82726560441651,13.465238942848988],[121.8273856851159,13.465154998857148]]]}},{"type":"Feature","properties":{"Id":0,"CLN":"7054","PSGC":"174001008","Barangay":"Balogo","Land_Class":"RESIDENTIAL","PIN":"030-01-009-03-049"},"geometry":{"type":"Polygon","coordinates":[[[121.82723665413114,13.465213802999871],[121.82716807320807,13.46512968269311],[121.82705181838972,13.465236893799425],[121.82696317539309,13.465348988369996],[121.82705531657868,13.465400940849417],[121.8272032780608,13.465241806477076],[121.82723665413114,13.465213802999871]]]}},{"type":"Feature","properties":{"Id":0,"CLN":"7056","PSGC":"174001008","Barangay":"Balogo","Land_Class":"AGRICULTURAL","PIN":"030-01-009-04-036","Owner":"OSMILLO, CHRISTIAN PHILIP L.","TaxDecNo":"29564"},"geometry":{"type":"Polygon","coordinates":[[[121.82723665413114,13.465213802999857],[121.82735148873618,13.465117453394836],[121.82703900384358,13.464751521544509],[121.82715151333274,13.464657335542961],[121.8269793680649,13.464447171084512],[121.82675671346303,13.464672939837982],[121.82716807320807,13.465129682693078],[121.82723665413114,13.465213802999857]]]}},{"type":"Feature","properties":{"Id":0,"CLN":"7068","PSGC":"174001008","Barangay":"Balogo","Land_Class":"AGRICULTURAL","PIN":"030-01-009-04-067","Owner":"JANDUSAY, ALBINO","TaxDecNo":"06598"},"geometry":{"type":"Polygon","coordinates":[[[121.82725435348407,13.464751394960018],[121.82717190925764,13.46464672876055],[121.82726020914114,13.464582078335223],[121.82709954740832,13.464346789899988],[121.82705606796235,13.464385219134542],[121.8269793680649,13.464447171084531],[121.82715151333271,13.464657335542979],[121.82703900384358,13.46475152154454],[121.82712871244402,13.464856573917391],[121.82725435348407,13.464751394960018]]]}},{"type":"Feature","properties":{"Id":0,"CLN":"7071","PSGC":"174001008","Barangay":"Balogo","Land_Class":"AGRICULTURAL","PIN":"030-01-009-04-038","Owner":"FORMENTO, VIVIAN M.","TaxDecNo":"06567"},"geometry":{"type":"Polygon","coordinates":[[[121.82759491261952,13.464941005791792],[121.827696565797,13.464853622986702],[121.82751759581652,13.464634880298446],[121.82742976675915,13.464519059607255],[121.82738152803623,13.464488925832539],[121.82727930201548,13.46456322076927],[121.82759491261952,13.464941005791792]]]}},{"type":"Feature","properties":{"Id":0,"CLN":"7075","PSGC":"174001008","Barangay":"Balogo","Land_Class":"AGRICULTURAL","PIN":"030-01-009-04-040","Owner":"MENDOZA, JOSE","TaxDecNo":"06570"},"geometry":{"type":"Polygon","coordinates":[[[121.82779441727875,13.464762483811752],[121.82791134960097,13.46467517216095],[121.8277177206786,13.46448052439294],[121.82761547048204,13.464559804152595],[121.82779441727875,13.464762483811752]]]}},{"type":"Feature","properties":{"Id":0,"CLN":"7077","PSGC":"174001008","Barangay":"Balogo","Land_Class":"AGRICULTURAL","PIN":"030-01-009-04-074","Owner":"LOZANO, GLORIA M.","TaxDecNo":"06604"},"geometry":{"type":"Polygon","coordinates":[[[121.82799191164447,13.46460451453814],[121.82787829869689,13.46445136449016],[121.82781744853091,13.464396248032548],[121.82771772067863,13.46448052439296],[121.82791134960097,13.46467517216095],[121.82799191164447,13.46460451453814]]]}},{"type":"Feature","properties":{"Id":0,"CLN":"7065","PSGC":"174001008","Barangay":"Balogo","Land_Class":"AGRICULTURAL","PIN":"030-01-009-04-046","Owner":"CORTEZ, ALVARO","TaxDecNo":"06575"},"geometry":{"type":"Polygon","coordinates":[[[121.82787829869689,13.464451364490142],[121.8279447758087,13.464396841767988],[121.82799164311274,13.464342279794892],[121.8279034088321,13.464218845290485],[121.82776683800708,13.464341822973337],[121.82781744853091,13.464396248032534],[121.82787829869689,13.464451364490142]]]}},{"type":"Feature","properties":{"Id":0,"CLN":"7078","PSGC":"174001008","Barangay":"Balogo","Land_Class":"AGRICULTURAL","PIN":"030-01-009-04-047","Owner":"MENDOZA, RUFINO","TaxDecNo":"06576"},"geometry":{"type":"Polygon","coordinates":[[[121.82807247364117,13.46453385688522],[121.8282451388223,13.464375771618935],[121.82813419933058,13.46423115902891],[121.82799164311274,13.464342279794892],[121.8279447758087,13.464396841767988],[121.82807247364117,13.46453385688522]]]}},{"type":"Feature","properties":{"Id":0,"CLN":"7066","PSGC":"174001008","Barangay":"Balogo","Land_Class":"AGRICULTURAL","PIN":"030-01-009-04-042","Owner":"FORMENTO, VIVIAN MOGOL","TaxDecNo":"06571"},"geometry":{"type":"Polygon","coordinates":[[[121.82751759581652,13.46463488029843],[121.82761547048204,13.464559804152595],[121.8277177206786,13.46448052439294],[121.82781744853091,13.464396248032534],[121.82776683800708,13.464341822973337],[121.82769670827905,13.464295325749209],[121.82742976675915,13.464519059607223],[121.82751759581652,13.46463488029843]]]}},{"type":"Feature","properties":{"Id":0,"CLN":"7067","PSGC":"174001008","Barangay":"Balogo","Land_Class":"AGRICULTURAL","PIN":"030-01-009-04-043","Owner":"SPS. MAANO, FERDINAND O. & MAANO, LORELIE C.","TaxDecNo":"06572"},"geometry":{"type":"Polygon","coordinates":[[[121.82742976675915,13.464519059607223],[121.82769670827905,13.464295325749209],[121.82766122655077,13.464260266733076],[121.8274865709311,13.464042613709825],[121.82738943822473,13.46411693246895],[121.8272171436903,13.464253873782766],[121.82738152803623,13.464488925832539],[121.82742976675915,13.464519059607223]]]}},{"type":"Feature","properties":{"Id":0,"CLN":"7064","PSGC":"174001008","Barangay":"Balogo","Land_Class":"AGRICULTURAL","PIN":"030-01-009-04-045","Owner":"CORTEZ, ALVARO & CORTEZ, LORNA L.","TaxDecNo":"06574"},"geometry":{"type":"Polygon","coordinates":[[[121.82776683800708,13.464341822973337],[121.8279034088321,13.464218845290485],[121.82799164311274,13.464342279794892],[121.82813419933058,13.46423115902891],[121.82795530444596,13.46400990615171],[121.82766122655077,13.464260266733076],[121.82769670827905,13.464295325749209],[121.82776683800708,13.464341822973337]]]}},{"type":"Feature","properties":{"Id":0,"CLN":"7063","PSGC":"174001008","Barangay":"Balogo","Land_Class":"AGRICULTURAL","PIN":"030-01-009-04-044","Owner":"SOLAS, BEATRIZ M.","TaxDecNo":"06573"},"geometry":{"type":"Polygon","coordinates":[[[121.82766122655077,13.464260266733076],[121.82795530444596,13.46400990615171],[121.82778570538316,13.463799754089026],[121.8274865709311,13.464042613709825],[121.82766122655077,13.464260266733076]]]}},{"type":"Feature","properties":{"Id":0,"CLN":"7059","PSGC":"174001008","Barangay":"Balogo","Land_Class":"AGRICULTURAL","PIN":"030-01-009-04-035","Owner":"MAHAGUAY, JOSEFINO","TaxDecNo":"06564"},"geometry":{"type":"Polygon","coordinates":[[[121.82705606796232,13.464385219134543],[121.82714302684053,13.464308360656577],[121.82672359231294,13.463837169652122],[121.82664178730167,13.463901590074824],[121.82705606796232,13.464385219134543]]]}},{"type":"Feature","properties":{"Id":0,"CLN":"7060","PSGC":"174001008","Barangay":"Balogo","Land_Class":"AGRICULTURAL","PIN":"030-01-009-04-034","Owner":"HRS. OF MONTEAGUDO, RICARDO","TaxDecNo":"06563"},"geometry":{"type":"Polygon","coordinates":[[[121.82714302684053,13.464308360656577],[121.82719573673548,13.464269611073597],[121.8267926888787,13.463767705097004],[121.82672359231294,13.463837169652122],[121.82714302684053,13.464308360656577]]]}},{"type":"Feature","properties":{"Id":0,"CLN":"7061","PSGC":"174001008","Barangay":"Balogo","Land_Class":"AGRICULTURAL","PIN":"030-01-009-04-033","Owner":"MONTALBAN, VIRGILIO M.","TaxDecNo":"06562"},"geometry":{"type":"Polygon","coordinates":[[[121.82719573673548,13.464269611073597],[121.8272171436903,13.464253873782766],[121.82738943822473,13.46411693246895],[121.8269512420411,13.46363136332573],[121.82683104480977,13.463735482976283],[121.8267926888787,13.463767705097004],[121.82719573673548,13.464269611073597]]]}},{"type":"Feature","properties":{"Id":0,"CLN":"7062","PSGC":"174001008","Barangay":"Balogo","Land_Class":"AGRICULTURAL","PIN":"030-01-009-04-032","Owner":"SPOUSES MAGTURO, AUGUSTO & MAGTURO, MERCEDES M.","TaxDecNo":"06561"},"geometry":{"type":"Polygon","coordinates":[[[121.82738943822473,13.46411693246895],[121.8274865709311,13.464042613709825],[121.82778570538316,13.463799754089026],[121.82753038600121,13.463412242055067],[121.82718120726996,13.463472923070462],[121.8269512420411,13.46363136332573],[121.82738943822473,13.46411693246895]]]}},{"type":"Feature","properties":{"Id":0,"CLN":"7072","PSGC":"174001008","Barangay":"Balogo","Land_Class":"AGRICULTURAL","PIN":"030-01-009-04-039","Owner":"MENDOZA, JOSE","TaxDecNo":"06568"},"geometry":{"type":"Polygon","coordinates":[[[121.827696565797,13.464853622986702],[121.82779441727875,13.464762483811752],[121.82761547048204,13.464559804152595],[121.82751759581652,13.464634880298446],[121.827696565797,13.464853622986702]]]}},{"type":"Feature","properties":{"Id":0,"CLN":"7058","PSGC":"174001008","Barangay":"Balogo","Land_Class":"AGRICULTURAL","PIN":"030-01-009-04-012","Owner":"NOBLEZA, MACARIO","TaxDecNo":"06543"},"geometry":{"type":"Polygon","coordinates":[[[121.82598498930616,13.463666232211386],[121.82581790236698,13.463463567880737],[121.82565701492388,13.4635562810993],[121.82589791449719,13.464180297190246],[121.82600163224656,13.464496484866345],[121.82619627833489,13.46482406653734],[121.82627448832807,13.464943066872605],[121.82634874974731,13.46503313982584],[121.82641142315589,13.46498038480253],[121.82652907466988,13.464876253539643],[121.82640929002845,13.464721914656616],[121.82619888907087,13.464430942247839],[121.82633520693166,13.464328559820235],[121.82598498930616,13.463666232211386]]]}},{"type":"Feature","properties":{"Id":0,"CLN":"7057","PSGC":"174001008","Barangay":"Balogo","Land_Class":"AGRICULTURAL","PIN":"030-01-009-04-030","Owner":"NOBLEZA, LAMBERTO U.","TaxDecNo":"06559"},"geometry":{"type":"Polygon","coordinates":[[[121.82683104480977,13.463735482976285],[121.82644167960724,13.46330140105109],[121.82640337229235,13.4633236537635],[121.82631869719815,13.463383657566046],[121.82598498930614,13.46366623221139],[121.82633520693169,13.464328559820226],[121.82619888907087,13.464430942247818],[121.82640929002842,13.46472191465662],[121.82652907466988,13.464876253539622],[121.82675671346303,13.464672939837975],[121.8269793680649,13.464447171084505],[121.82705606796232,13.464385219134554],[121.82664178730167,13.463901590074823],[121.82672359231294,13.46383716965213],[121.8267926888787,13.463767705097013],[121.82683104480977,13.463735482976285]]]}},{"type":"Feature","properties":{"Id":0,"CLN":"7434","PSGC":"174001008","Barangay":"Balogo","Land_Class":"AGRICULTURAL","PIN":"030-01-009-04-031","Owner":"SALVADOR MARBELLO & JULIETA VILLAMIN","TaxDecNo":"06560"},"geometry":{"type":"Polygon","coordinates":[[[121.82683104480977,13.463735482976283],[121.8269512420411,13.46363136332573],[121.82718120726996,13.463472923070462],[121.82667433706035,13.463113065088258],[121.82644167960724,13.463301401051082],[121.82683104480977,13.463735482976283]]]}},{"type":"Feature","properties":{"Id":0,"CLN":"7435","PSGC":"174001008","Barangay":"Balogo","Land_Class":"AGRICULTURAL","PIN":"030-01-009-04-028","Owner":"MOGOL, PEDRO","TaxDecNo":"06557"},"geometry":{"type":"Polygon","coordinates":[[[121.82670572121378,13.462943728721509],[121.82640651835138,13.462678138248984],[121.82632824432918,13.462600467156118],[121.82626066004606,13.46275156458714],[121.82598413538159,13.462666155036796],[121.82586199330125,13.4626468916396],[121.8257721097958,13.462670772662117],[121.82631869719815,13.463383657566046],[121.82640337229235,13.4633236537635],[121.82644167960724,13.46330140105109],[121.82667433706035,13.463113065088262],[121.82670572121378,13.462943728721509]]]}},{"type":"Feature","properties":{"Id":0,"CLN":"7433","PSGC":"174001008","Barangay":"Balogo","Land_Class":"AGRICULTURAL","PIN":"030-01-009-06-066","Owner":"MONTENEGRO, NILDA M.","TaxDecNo":"06760"},"geometry":{"type":"Polygon","coordinates":[[[121.82663107474771,13.462427955574832],[121.82741686414616,13.463431970179606],[121.82753038600123,13.463412242055083],[121.82754442556184,13.463286607575244],[121.82766437959101,13.463232334315899],[121.82694587506454,13.462261933211478],[121.82663107474771,13.462427955574832]]]}},{"type":"Feature","properties":{"Id":0,"CLN":"7432","PSGC":"174001008","Barangay":"Balogo","Land_Class":"AGRICULTURAL","PIN":"030-01-009-06-018","Owner":"LABOG, MELISSA MARMOL","TaxDecNo":"06712"},"geometry":{"type":"Polygon","coordinates":[[[121.82694587506454,13.462261933211476],[121.82686998934038,13.462156898514221],[121.82640853465766,13.462264410140872],[121.82629524195353,13.462318049386479],[121.8261074985231,13.462434938435996],[121.8260383141016,13.462522472273047],[121.82619871778728,13.462528829162345],[121.82632824432918,13.462600467156118],[121.82640716211918,13.46254604433642],[121.82694587506454,13.462261933211476]]]}},{"type":"Feature","properties":{"Id":0,"CLN":"7429","PSGC":"174001008","Barangay":"Balogo","Land_Class":"AGRICULTURAL","PIN":"030-01-009-06-024","Owner":"MARTINEZ, ARISTEO","TaxDecNo":"06719"},"geometry":{"type":"Polygon","coordinates":[[[121.82689596750984,13.461528936143],[121.82674149222258,13.461351255246788],[121.82662858351841,13.461527688369204],[121.82670446895617,13.46163272311959],[121.82689596750984,13.461528936143]]]}},{"type":"Feature","properties":{"Id":0,"CLN":"7428","PSGC":"174001008","Barangay":"Balogo","Land_Class":"AGRICULTURAL","PIN":"030-01-009-06-025","Owner":"MATINING, CONSUELO","TaxDecNo":"06720"},"geometry":{"type":"Polygon","coordinates":[[[121.82696746414781,13.461489391415622],[121.82680285134407,13.461301693674564],[121.82674149222258,13.461351255246809],[121.82689596750984,13.461528936143],[121.82707768995495,13.461863764988186],[121.8271542190165,13.461836705669494],[121.82696746414781,13.461489391415622]]]}},{"type":"Feature","properties":{"Id":0,"CLN":"7012","PSGC":"174001008","Barangay":"Balogo","Land_Class":"AGRICULTURAL","PIN":"030-01-009-06-062","Owner":"JANDUSAY, ESTEBAN","TaxDecNo":"06756"},"geometry":{"type":"Polygon","coordinates":[[[121.82670391379303,13.461223967726202],[121.82680285134407,13.461301693674553],[121.82696746414781,13.461489391415622],[121.82715131080909,13.461388060919422],[121.82686002795676,13.461065182920684],[121.82680881247401,13.46102503912523],[121.82678614481186,13.461063061500013],[121.82670391379303,13.461223967726202]]]}},{"type":"Feature","properties":{"Id":0,"CLN":"7427","PSGC":"174001008","Barangay":"Balogo","Land_Class":"AGRICULTURAL","PIN":"030-01-009-06-027","Owner":"SPS. RUEL M. MONTENEGRO AND MARIA CORAZON S. MONTENEGRO","TaxDecNo":"29531"},"geometry":{"type":"Polygon","coordinates":[[[121.8271542190165,13.461836705669494],[121.82729972249682,13.461765104950466],[121.82734579039143,13.46171796431538],[121.82715131080909,13.461388060919422],[121.82696746414781,13.461489391415622],[121.8271542190165,13.461836705669494]]]}},{"type":"Feature","properties":{"Id":0,"CLN":"7426","PSGC":"174001008","Barangay":"Balogo","Land_Class":"AGRICULTURAL","PIN":"030-01-009-06-028","Owner":"SPS. MARMOL, YUDEL M. & MARMOL, LEONILA A.","TaxDecNo":"06723"},"geometry":{"type":"Polygon","coordinates":[[[121.8270359987905,13.46205797731019],[121.8272836643733,13.46244794640592],[121.82732947753922,13.462453144902769],[121.82745465771539,13.462371479738643],[121.8271542190165,13.461836705669494],[121.82707768995495,13.46186376498817],[121.8269933149459,13.461933158394334],[121.8270359987905,13.46205797731019]]]}},{"type":"Feature","properties":{"Id":0,"CLN":"7425","PSGC":"174001008","Barangay":"Balogo","Land_Class":"AGRICULTURAL","PIN":"030-01-009-06-029","Owner":"MARMOL, WENCESLAO","TaxDecNo":"06724"},"geometry":{"type":"Polygon","coordinates":[[[121.82745465771539,13.462371479738643],[121.82759249762063,13.462304827918622],[121.82729972249682,13.461765104950466],[121.8271542190165,13.461836705669494],[121.82745465771539,13.462371479738643]]]}},{"type":"Feature","properties":{"Id":0,"CLN":"7443","PSGC":"174001008","Barangay":"Balogo","Land_Class":"AGRICULTURAL","PIN":"030-01-009-06-030","Owner":"LABAGUIS, ALEJANDRO","TaxDecNo":"06725"},"geometry":{"type":"Polygon","coordinates":[[[121.82759249762063,13.462304827918622],[121.82772781519695,13.462233179463583],[121.82745293825498,13.461678585735445],[121.82734579039143,13.46171796431538],[121.82729972249682,13.461765104950466],[121.82759249762063,13.462304827918622]]]}},{"type":"Feature","properties":{"Id":0,"CLN":"7419","PSGC":"174001008","Barangay":"Balogo","Land_Class":"AGRICULTURAL","PIN":"030-01-009-06-032","Owner":"MANRIQUE, LEONARDO","TaxDecNo":"29307"},"geometry":{"type":"Polygon","coordinates":[[[121.82732947753922,13.462453144902769],[121.82761517202688,13.462878184659456],[121.82771414693701,13.462948433301674],[121.82775839644036,13.46275174038376],[121.8280796420654,13.462668565692113],[121.82806484504489,13.462569423971024],[121.82788728016524,13.462164828008445],[121.82772781519695,13.462233179463583],[121.82759249762063,13.462304827918622],[121.82745465771539,13.462371479738643],[121.82732947753922,13.462453144902769]]]}},{"type":"Feature","properties":{"Id":0,"CLN":"7418","PSGC":"174001008","Barangay":"Balogo","Land_Class":"AGRICULTURAL","PIN":"030-01-009-06-016","Owner":"MATINING, SYLVIA A.","TaxDecNo":"06711"},"geometry":{"type":"Polygon","coordinates":[[[121.82766437959101,13.463232334315885],[121.82788397590046,13.463111230927638],[121.8278699220182,13.462859433425631],[121.82771414693701,13.462948433301674],[121.82761517202688,13.462878184659456],[121.82732947753922,13.462453144902769],[121.8272836643733,13.46244794640592],[121.8270359987905,13.46205797731019],[121.82695431590368,13.462097474514204],[121.82686998934035,13.462156898514216],[121.82694587506454,13.462261933211478],[121.82766437959101,13.463232334315885]]]}},{"type":"Feature","properties":{"Id":0,"CLN":"7441","PSGC":"174001008","Barangay":"Balogo","Land_Class":"AGRICULTURAL","PIN":"030-01-009-06-014","Owner":"MUNICIPALITY OF BOAC","TaxDecNo":"06710"},"geometry":{"type":"Polygon","coordinates":[[[121.8278699220182,13.462859433425631],[121.82807176496267,13.462723292682599],[121.82813243286878,13.462815794148138],[121.82835160415051,13.46278192218584],[121.82849954533246,13.462732763721895],[121.8286927277161,13.462669553682323],[121.82887331744274,13.46262474452506],[121.82878507549492,13.462531655929647],[121.82848115667574,13.462580710853159],[121.82835676793293,13.462630602182644],[121.82813520707015,13.462667225413304],[121.8280796420654,13.462668565692113],[121.82775839644036,13.46275174038376],[121.82771414693701,13.462948433301674],[121.8278699220182,13.462859433425631]]]}},{"type":"Feature","properties":{"Id":0,"CLN":"7424","PSGC":"174001008","Barangay":"Balogo","Land_Class":"AGRICULTURAL","PIN":"030-01-009-06-068","Owner":"DY, DULCE J.","TaxDecNo":"06762"},"geometry":{"type":"Polygon","coordinates":[[[121.8276166616886,13.46159888498297],[121.82787388098494,13.462170571303496],[121.82788728016524,13.462164828008445],[121.82809596774595,13.462061120254427],[121.82820312173533,13.462020495188293],[121.82839849440677,13.46190550931692],[121.82842108796258,13.461889350003599],[121.82815151439598,13.461338516927553],[121.8276166616886,13.46159888498297]]]}},{"type":"Feature","properties":{"Id":0,"CLN":"7423","PSGC":"174001008","Barangay":"Balogo","Land_Class":"AGRICULTURAL","PIN":"030-01-009-06-037","Owner":"MANRIQUE, EFREN","TaxDecNo":"06731"},"geometry":{"type":"Polygon","coordinates":[[[121.82939123747519,13.461992382854762],[121.82963943029841,13.46161967877776],[121.82952159467861,13.461506280223047],[121.82925442504204,13.461847809848052],[121.82939123747519,13.461992382854762]]]}},{"type":"Feature","properties":{"Id":0,"CLN":"7410","PSGC":"174001008","Barangay":"Balogo","Land_Class":"AGRICULTURAL","PIN":"030-01-009-06-004","Owner":"JANDUSAY, ABDON","TaxDecNo":"06697"},"geometry":{"type":"Polygon","coordinates":[[[121.82916517801935,13.463373558936807],[121.82896205128228,13.46305775297601],[121.8286927277161,13.462669553682323],[121.82849954533246,13.462732763721895],[121.82903665902252,13.463511755647074],[121.82916517801935,13.463373558936807]]]}},{"type":"Feature","properties":{"Id":0,"CLN":"7412","PSGC":"174001008","Barangay":"Balogo","Land_Class":"AGRICULTURAL","PIN":"030-01-009-06-003","Owner":"MONTEAGUDO, PAULA S.","TaxDecNo":"06696"},"geometry":{"type":"Polygon","coordinates":[[[121.82886631295544,13.46363503669732],[121.82903665902252,13.463511755647074],[121.82849954533246,13.462732763721895],[121.82835160415051,13.46278192218584],[121.82886631295544,13.46363503669732]]]}},{"type":"Feature","properties":{"Id":0,"CLN":"7390pt.","PSGC":"174001008","Barangay":"Balogo","Land_Class":"AGRICULTURAL","PIN":"030-01-009-06-059","Owner":"MALELANG, FLORO","TaxDecNo":"06753"},"geometry":{"type":"Polygon","coordinates":[[[121.82865609557497,13.463286608446282],[121.82835160415051,13.462781922185851],[121.82813243286881,13.462815794148137],[121.82853724158709,13.463467906187491],[121.82865609557497,13.463286608446282]]]}},{"type":"Feature","properties":{"Id":0,"CLN":"7417","PSGC":"174001008","Barangay":"Balogo","Land_Class":"AGRICULTURAL","PIN":"030-01-009-06-069","Owner":"MAGALANG, ROGELIO M.","TaxDecNo":"06763"},"geometry":{"type":"Polygon","coordinates":[[[121.8282942248872,13.463076427644932],[121.82813243286881,13.462815794148137],[121.82807176496267,13.462723292682634],[121.8278699220182,13.462859433425647],[121.82788397590046,13.463111230927638],[121.82766437959104,13.463232334315899],[121.82754442556184,13.463286607575244],[121.82753038600123,13.463412242055085],[121.82762908866533,13.46356204859282],[121.8282942248872,13.463076427644932]]]}},{"type":"Feature","properties":{"Id":0,"CLN":"7451","PSGC":"174001008","Barangay":"Balogo","Land_Class":"AGRICULTURAL","PIN":"030-01-009-06-001","Owner":"HRS. OF NOBLEZA, FERMIN","TaxDecNo":"06695"},"geometry":{"type":"Polygon","coordinates":[[[121.8282451388223,13.464375771618935],[121.82875050138085,13.463811145706535],[121.82859483464652,13.463560683338683],[121.82795530444596,13.46400990615171],[121.82813419933058,13.46423115902891],[121.8282451388223,13.464375771618935]]]}},{"type":"Feature","properties":{"Id":0,"CLN":"7315","PSGC":"174001008","Barangay":"Balogo","Land_Class":"AGRICULTURAL","PIN":"030-01-009-05-044","Owner":"MONTELOYOLA, PAULA","TaxDecNo":"06667"},"geometry":{"type":"Polygon","coordinates":[[[121.82994093720616,13.462849301937672],[121.829923929777,13.462811836816483],[121.82974605239238,13.462961489718722],[121.82978213363305,13.46300204496772],[121.82994093720616,13.462849301937672]]]}},{"type":"Feature","properties":{"Id":0,"CLN":"7313","PSGC":"174001008","Barangay":"Balogo","Land_Class":null,"PIN":null},"geometry":{"type":"Polygon","coordinates":[[[121.82943485309337,13.463331355479387],[121.82978213363305,13.46300204496772],[121.82974605239238,13.462961489718722],[121.82939492565751,13.46329212258416],[121.82943485309337,13.463331355479387]]]}},{"type":"Feature","properties":{"Id":0,"CLN":"7311","PSGC":"174001008","Barangay":"Balogo","Land_Class":null,"PIN":null},"geometry":{"type":"Polygon","coordinates":[[[121.82943485309337,13.463331355479387],[121.82939492565751,13.46329212258416],[121.82922943322538,13.463448372880707],[121.82926101007608,13.463470120133238],[121.82943485309337,13.463331355479387]]]}},{"type":"Feature","properties":{"Id":0,"CLN":"7310","PSGC":"174001008","Barangay":"Balogo","Land_Class":null,"PIN":null},"geometry":{"type":"Polygon","coordinates":[[[121.82905977754534,13.46365528180428],[121.82926101007608,13.463470120133238],[121.82922943322538,13.463448372880707],[121.82902804807246,13.463621279532148],[121.82905977754534,13.46365528180428]]]}},{"type":"Feature","properties":{"Id":0,"CLN":"7304","PSGC":"174001008","Barangay":"Balogo","Land_Class":null,"PIN":null},"geometry":{"type":"Polygon","coordinates":[[[121.82897119046926,13.463718009849766],[121.82905977754534,13.46365528180428],[121.82902804807246,13.463621279532148],[121.82893602495979,13.46369235147293],[121.82897119046926,13.463718009849766]]]}},{"type":"Feature","properties":{"Id":0,"CLN":"7303","PSGC":"174001008","Barangay":"Balogo","Land_Class":null,"PIN":null},"geometry":{"type":"Polygon","coordinates":[[[121.82888219927906,13.463863815858343],[121.82897119046926,13.463718009849766],[121.82893602495979,13.46369235147293],[121.82886537230443,13.46378735648094],[121.82884938374714,13.463834949071705],[121.82888219927906,13.463863815858343]]]}},{"type":"Feature","properties":{"Id":0,"CLN":"7299","PSGC":"174001008","Barangay":"Balogo","Land_Class":null,"PIN":null},"geometry":{"type":"Polygon","coordinates":[[[121.82878969943647,13.4640328678431],[121.82888219927906,13.463863815858343],[121.82884938374714,13.463834949071705],[121.82881754299339,13.46390209542443],[121.82875834284557,13.463998555724787],[121.82878969943647,13.4640328678431]]]}},{"type":"Feature","properties":{"Id":0,"CLN":"7298","PSGC":"174001008","Barangay":"Balogo","Land_Class":null,"PIN":null},"geometry":{"type":"Polygon","coordinates":[[[121.82860537836184,13.464231400653917],[121.82878969943647,13.4640328678431],[121.82875834284557,13.463998555724787],[121.82855976036765,13.464184092746395],[121.82860537836184,13.464231400653917]]]}},{"type":"Feature","properties":{"Id":0,"CLN":"7292","PSGC":"174001008","Barangay":"Balogo","Land_Class":null,"PIN":null},"geometry":{"type":"Polygon","coordinates":[[[121.82840766944052,13.46438999256797],[121.82860537836184,13.464231400653917],[121.82855976036765,13.464184092746395],[121.8283683738544,13.464362653262631],[121.82840766944052,13.46438999256797]]]}},{"type":"Feature","properties":{"Id":0,"CLN":"7290","PSGC":"174001008","Barangay":"Balogo","Land_Class":null,"PIN":null},"geometry":{"type":"Polygon","coordinates":[[[121.82840766944052,13.464389992567984],[121.82836837385437,13.464362653262649],[121.82832651268536,13.464428350855316],[121.82833778112308,13.464467658615693],[121.82842400035936,13.464588826428862],[121.82845777571933,13.464559709032365],[121.82839373211635,13.464463037886604],[121.82838718388061,13.464413159446524],[121.82840766944052,13.464389992567984]]]}},{"type":"Feature","properties":{"Id":0,"CLN":"7287","PSGC":"174001008","Barangay":"Balogo","Land_Class":null,"PIN":null},"geometry":{"type":"Polygon","coordinates":[[[121.82853696428906,13.464747579561111],[121.82866367341173,13.464907994963182],[121.82869048997527,13.464883143460709],[121.82857245932396,13.464716433677085],[121.82853696428906,13.464747579561111]]]}},{"type":"Feature","properties":{"Id":0,"CLN":"7284","PSGC":"174001008","Barangay":"Balogo","Land_Class":null,"PIN":null},"geometry":{"type":"Polygon","coordinates":[[[121.82866367341173,13.464907994963182],[121.82877322756336,13.465061320511385],[121.82879844772982,13.465026543899738],[121.82869048997527,13.464883143460709],[121.82866367341173,13.464907994963182]]]}},{"type":"Feature","properties":{"Id":0,"CLN":"7089","PSGC":"174001008","Barangay":"Balogo","Land_Class":null,"PIN":null},"geometry":{"type":"Polygon","coordinates":[[[121.828799911041,13.465188766331677],[121.82873580007524,13.465098999372058],[121.82870267670589,13.465135296310716],[121.82876600254401,13.4652158168273],[121.828799911041,13.465188766331677]]]}},{"type":"Feature","properties":{"Id":0,"CLN":"7442","PSGC":"174001008","Barangay":"Balogo","Land_Class":null,"PIN":null},"geometry":{"type":"Polygon","coordinates":[[[121.82870267670589,13.465135296310685],[121.82873580007524,13.465098999372046],[121.82868038520496,13.465006210936018],[121.82864446517651,13.465028475107351],[121.82870267670589,13.465135296310685]]]}},{"type":"Feature","properties":{"Id":0,"CLN":"7441","PSGC":"174001008","Barangay":"Balogo","Land_Class":"AGRICULTURAL","PIN":"030-01-009-06-014","Owner":"MUNICIPALITY OF BOAC","TaxDecNo":"06710"},"geometry":{"type":"Polygon","coordinates":[[[121.82864446517651,13.465028475107351],[121.82868038520496,13.465006210936018],[121.82860065307926,13.464906299300493],[121.82857473964475,13.4649328160151],[121.82864446517651,13.465028475107351]]]}},{"type":"Feature","properties":{"Id":0,"CLN":"7084","PSGC":"174001008","Barangay":"Balogo","Land_Class":null,"PIN":null},"geometry":{"type":"Polygon","coordinates":[[[121.82857473964475,13.4649328160151],[121.82860065307926,13.464906299300493],[121.82849111274898,13.464750169808116],[121.8284523074117,13.464776626424326],[121.82857473964475,13.4649328160151]]]}},{"type":"Feature","properties":{"Id":0,"CLN":"7083","PSGC":"174001008","Barangay":"Balogo","Land_Class":"AGRICULTURAL","PIN":"030-01-009-04-015","Owner":"MANSIA, HILARION","TaxDecNo":"06545"},"geometry":{"type":"Polygon","coordinates":[[[121.8284523074117,13.464776626424326],[121.82849111274898,13.464750169808116],[121.8284099551709,13.464648849506423],[121.82838262295743,13.464672555643846],[121.8284523074117,13.464776626424326]]]}},{"type":"Feature","properties":{"Id":0,"CLN":"7080","PSGC":"174001008","Barangay":"Balogo","Land_Class":null,"PIN":null},"geometry":{"type":"Polygon","coordinates":[[[121.82838262295743,13.464672555643846],[121.8284099551709,13.464648849506423],[121.82840435505196,13.464622185922886],[121.8282946989885,13.464489889356987],[121.82802579001697,13.464703137503596],[121.8280585790435,13.464735535751235],[121.82829161580423,13.464534738109707],[121.82838262295743,13.464672555643846]]]}},{"type":"Feature","properties":{"Id":0,"CLN":"7117","PSGC":"174001008","Barangay":"Balogo","Land_Class":null,"PIN":null},"geometry":{"type":"Polygon","coordinates":[[[121.8280585790435,13.464735535751235],[121.82802579001697,13.464703137503596],[121.82785466836422,13.464838330901067],[121.82788459251326,13.464870715810914],[121.8280585790435,13.464735535751235]]]}},{"type":"Feature","properties":{"Id":0,"CLN":"7118","PSGC":"174001008","Barangay":"Balogo","Land_Class":null,"PIN":null},"geometry":{"type":"Polygon","coordinates":[[[121.82777385137373,13.464961327582492],[121.82788459251326,13.464870715810914],[121.82785466836422,13.464838330901067],[121.82774683305558,13.464920544377954],[121.82777385137373,13.464961327582492]]]}},{"type":"Feature","properties":{"Id":0,"CLN":"7121","PSGC":"174001008","Barangay":"Balogo","Land_Class":null,"PIN":null},"geometry":{"type":"Polygon","coordinates":[[[121.82777385137373,13.464961327582483],[121.82774683305556,13.464920544377955],[121.82734660739068,13.465237139932817],[121.82730815414762,13.46528930082056],[121.82733095174281,13.46531433113379],[121.82741280565574,13.465239941164574],[121.82777385137373,13.464961327582483]]]}},{"type":"Feature","properties":{"Id":0,"CLN":"7120","PSGC":"174001008","Barangay":"Balogo","Land_Class":"AGRICULTURAL","PIN":"030-01-009-04-051","Owner":"FORMENTO, VIVIAN M.","TaxDecNo":"06618"},"geometry":{"type":"Polygon","coordinates":[[[121.82788500118643,13.465081013579596],[121.82777385137373,13.464961327582483],[121.82741280565574,13.465239941164574],[121.82733095174285,13.465314331133811],[121.82745847035366,13.465436852976744],[121.82766878749516,13.46523458849443],[121.82770615264812,13.465208048343566],[121.82788500118643,13.465081013579596]]]}},{"type":"Feature","properties":{"Id":0,"CLN":"7119","PSGC":"174001008","Barangay":"Balogo","Land_Class":"AGRICULTURAL","PIN":"030-01-009-04-050","Owner":"MONTEAGUDO, ARTEMIO L.","TaxDecNo":"06579"},"geometry":{"type":"Polygon","coordinates":[[[121.82788500118643,13.465081013579596],[121.82798120643193,13.465033795128694],[121.82799421436934,13.4650100222508],[121.82788459251326,13.464870715810914],[121.82777385137373,13.464961327582492],[121.82788500118643,13.465081013579596]]]}},{"type":"Feature","properties":{"Id":0,"CLN":"7113","PSGC":"174001008","Barangay":"Balogo","Land_Class":"AGRICULTURAL","PIN":"030-01-009-04-052","Owner":"SPS. MANSIA, ALEXANDER & MANSIA, JESUSA SAGUID","TaxDecNo":"06580"},"geometry":{"type":"Polygon","coordinates":[[[121.82800997116084,13.465010095721292],[121.82799421436934,13.465010022250832],[121.82798120643193,13.465033795128694],[121.82788500118643,13.465081013579596],[121.82770615264812,13.46520804834356],[121.82773563454435,13.46523490027214],[121.827925679719,13.465430193393916],[121.82816725733538,13.465240651546075],[121.82809959363149,13.46513809309041],[121.82800997116084,13.465010095721292]]]}},{"type":"Feature","properties":{"Id":0,"CLN":"7116","PSGC":"174001008","Barangay":"Balogo","Land_Class":null,"PIN":"030-01-009-04-049"},"geometry":{"type":"Polygon","coordinates":[[[121.82799421436934,13.4650100222508],[121.82800997116084,13.465010095721262],[121.8281711545253,13.464856630246373],[121.8280585790435,13.464735535751235],[121.82788459251326,13.464870715810914],[121.82799421436934,13.4650100222508]]]}},{"type":"Feature","properties":{"Id":0,"CLN":"7114","PSGC":"174001008","Barangay":"Balogo","Land_Class":"AGRICULTURAL","PIN":"030-01-009-04-056","Owner":"SPS. FIDEL M. MONTEAGUDO AND ELENA T. MONTEAGUDO","TaxDecNo":"31544"},"geometry":{"type":"Polygon","coordinates":[[[121.82816725733538,13.46524065154606],[121.82839636040323,13.465087603583143],[121.82827810954183,13.464955266936474],[121.82809959363149,13.465138093090427],[121.82816725733538,13.46524065154606]]]}},{"type":"Feature","properties":{"Id":0,"CLN":"7115","PSGC":"174001008","Barangay":"Balogo","Land_Class":"AGRICULTURAL","PIN":"030-01-009-04-053","Owner":"MENDOZA, RUFINO","TaxDecNo":"06581"},"geometry":{"type":"Polygon","coordinates":[[[121.82809959363149,13.465138093090427],[121.82827810954183,13.464955266936474],[121.8281711545253,13.464856630246373],[121.82800997116084,13.465010095721262],[121.82809959363149,13.465138093090427]]]}},{"type":"Feature","properties":{"Id":0,"CLN":"7081","PSGC":"174001008","Barangay":"Balogo","Land_Class":"RESIDENTIAL","PIN":"030-01-009-04-048","Owner":"RICO J. LAMARCA AND JOSEFINA M. LAMARCA","TaxDecNo":"30295"},"geometry":{"type":"Polygon","coordinates":[[[121.8281711545253,13.464856630246373],[121.82838262295743,13.464672555643846],[121.82829161580423,13.464534738109707],[121.8280585790435,13.464735535751235],[121.8281711545253,13.464856630246373]]]}},{"type":"Feature","properties":{"Id":0,"CLN":"7082","PSGC":"174001008","Barangay":"Balogo","Land_Class":"AGRICULTURAL","PIN":"030-01-009-04-054","Owner":"MONTENEGRO, PEDRO & MONTENEGRO, ROSITA","TaxDecNo":"06582"},"geometry":{"type":"Polygon","coordinates":[[[121.82827810954183,13.464955266936474],[121.8284523074117,13.464776626424326],[121.82838262295743,13.464672555643846],[121.8281711545253,13.464856630246373],[121.82827810954183,13.464955266936474]]]}},{"type":"Feature","properties":{"Id":0,"CLN":"7085","PSGC":"174001008","Barangay":"Balogo","Land_Class":"RESIDENTIAL","PIN":"030-01-009-04-055","Owner":"LABAGUIS, VALENTIN","TaxDecNo":"06583"},"geometry":{"type":"Polygon","coordinates":[[[121.82839636040323,13.465087603583143],[121.82857473964475,13.4649328160151],[121.8284523074117,13.464776626424326],[121.82827810954183,13.464955266936474],[121.82839636040323,13.465087603583143]]]}},{"type":"Feature","properties":{"Id":0,"CLN":"7086","PSGC":"174001008","Barangay":"Balogo","Land_Class":"AGRICULTURAL","PIN":"030-01-009-04-057","Owner":"CORTEZ, ALVARO & CORTEZ, LORNA L.","TaxDecNo":"06586"},"geometry":{"type":"Polygon","coordinates":[[[121.82864446517651,13.465028475107369],[121.82857473964478,13.464932816015112],[121.82839636040323,13.465087603583159],[121.82816725733538,13.465240651546075],[121.82824322639443,13.465328862663702],[121.82834869027045,13.465243366653532],[121.82864446517651,13.465028475107369]]]}},{"type":"Feature","properties":{"Id":0,"CLN":"7087","PSGC":"174001008","Barangay":"Balogo","Land_Class":"AGRICULTURAL","PIN":"030-01-009-04-058","Owner":"LARGO, NONITO M.","TaxDecNo":"06587"},"geometry":{"type":"Polygon","coordinates":[[[121.82870267670589,13.465135296310716],[121.82864446517651,13.465028475107369],[121.82834869027045,13.465243366653532],[121.82824322639443,13.465328862663702],[121.82830817621421,13.465417526227796],[121.82852804113128,13.465241590968336],[121.82870267670589,13.465135296310716]]]}},{"type":"Feature","properties":{"Id":0,"CLN":"7088","PSGC":"174001008","Barangay":"Balogo","Land_Class":"AGRICULTURAL","PIN":"030-01-009-03-054","Owner":"CARDENAL, EMERLITA M.","TaxDecNo":"06435"},"geometry":{"type":"Polygon","coordinates":[[[121.82876600254401,13.4652158168273],[121.82870267670589,13.465135296310716],[121.82852804113128,13.465241590968336],[121.82830817621421,13.465417526227796],[121.82838154120908,13.465517564050847],[121.82872362320612,13.465248477515718],[121.82876600254401,13.4652158168273]]]}},{"type":"Feature","properties":{"Id":0,"CLN":"7382","PSGC":"174001008","Barangay":"Balogo","Land_Class":"AGRICULTURAL","PIN":"030-01-009-07-033","Owner":"STO. DOMINGO, VICTOR ANICETO C.","TaxDecNo":"06802"},"geometry":{"type":"Polygon","coordinates":[[[121.83001834883504,13.462100073654144],[121.83041679034926,13.46175984598966],[121.83049083352428,13.461851318742587],[121.83055819525329,13.461964883233572],[121.8305900932304,13.461926835002787],[121.83117960384574,13.461494237452905],[121.8311662965986,13.461437681216637],[121.83089982182008,13.461074213636582],[121.8308718912289,13.461040330367977],[121.8309482548361,13.46097178787721],[121.83067494387647,13.46059629388865],[121.83064087169458,13.460608001399258],[121.83057972304664,13.46065526474869],[121.83044819497174,13.4607428874301],[121.83040656968399,13.460799024360776],[121.83039622822014,13.460849131587475],[121.83028615935079,13.460965762241951],[121.83017126368429,13.461027537624956],[121.8301479952008,13.461066020311373],[121.83007599486646,13.461143845325065],[121.83010876562821,13.461174149699412],[121.83009482242363,13.461278968668871],[121.83004892933744,13.461407640944591],[121.82979452855858,13.461878922079503],[121.83001834883504,13.462100073654144]]]}},{"type":"Feature","properties":{"Id":0,"CLN":"7430","PSGC":"174001008","Barangay":"Balogo","Land_Class":"AGRICULTURAL","PIN":"030-01-009-06-023","Owner":"SPS. RUEL M. MONTENEGRO AND MARIA CORAZON S. MONTENEGRO","TaxDecNo":"29529"},"geometry":{"type":"Polygon","coordinates":[[[121.82707768995495,13.461863764988186],[121.82689596750984,13.461528936143],[121.8267044689562,13.46163272311959],[121.82662858351841,13.461527688369204],[121.82674149222258,13.461351255246809],[121.82680285134407,13.461301693674564],[121.82670391379303,13.461223967726228],[121.82642247377625,13.461494325210042],[121.82628517068989,13.461641317205805],[121.82636286568136,13.461766922754792],[121.82631115296422,13.46179659007792],[121.82641227149448,13.462020172897901],[121.82643223245883,13.462029791369712],[121.82679784010486,13.461807626513533],[121.82695431590368,13.462097474514204],[121.82703599879054,13.46205797731021],[121.8269933149459,13.461933158394334],[121.82707768995495,13.461863764988186]]]}},{"type":"Feature","properties":{"Id":0,"CLN":"7439","PSGC":"174001008","Barangay":"Balogo","Land_Class":"AGRICULTURAL","PIN":"030-01-009-06-021","Owner":"MARTINEZ, CATALINA","TaxDecNo":"06715"},"geometry":{"type":"Polygon","coordinates":[[[121.8264104800121,13.46213726326718],[121.82647286224015,13.462106595963986],[121.82643223245883,13.462029791369712],[121.82641227149448,13.462020172897901],[121.82631115296422,13.46179659007792],[121.82636286568136,13.461766922754792],[121.82628517068989,13.461641317205805],[121.82605161785916,13.461752384503614],[121.82626132855654,13.462222556957972],[121.8264104800121,13.46213726326718]]]}},{"type":"Feature","properties":{"Id":0,"CLN":"7431","PSGC":"174001008","Barangay":"Balogo","Land_Class":"AGRICULTURAL","PIN":"030-01-009-06-022","Owner":"ANONICAL, ESTRELLA M.","TaxDecNo":"06716"},"geometry":{"type":"Polygon","coordinates":[[[121.82695431590368,13.462097474514204],[121.82679784010486,13.461807626513533],[121.82643223245883,13.462029791369712],[121.82647286224015,13.462106595963986],[121.8264104800121,13.46213726326718],[121.82626132855654,13.462222556957972],[121.82629524195356,13.462318049386505],[121.82640853465767,13.462264410140895],[121.82686998934038,13.462156898514232],[121.82695431590368,13.462097474514204]]]}},{"type":"Feature","properties":{"Id":0,"CLN":"7438","PSGC":"174001008","Barangay":"Balogo","Land_Class":"AGRICULTURAL","PIN":"030-01-009-06-020","Owner":"HRS. OF MARTINEZ, JOSE","TaxDecNo":"06714"},"geometry":{"type":"Polygon","coordinates":[[[121.82629524195353,13.462318049386473],[121.82626132855654,13.462222556957972],[121.82605161785916,13.461752384503614],[121.82588520252575,13.46180394765523],[121.82587538879818,13.461858111401341],[121.8261074985231,13.462434938436001],[121.82629524195353,13.462318049386473]]]}},{"type":"Feature","properties":{"Id":0,"CLN":"7437","PSGC":"174001008","Barangay":"Balogo","Land_Class":"AGRICULTURAL","PIN":"030-01-009-06-019","Owner":"MONTENEGRO, NILDA M.","TaxDecNo":"06713"},"geometry":{"type":"Polygon","coordinates":[[[121.8261074985231,13.462434938436001],[121.82587538879818,13.461858111401341],[121.82588520252575,13.46180394765523],[121.82567469564516,13.461888952063862],[121.82590461247847,13.462523717173656],[121.8260383141016,13.462522472273042],[121.8261074985231,13.462434938436001]]]}},{"type":"Feature","properties":{"Id":0,"CLN":"6981pt.","PSGC":"174001008","Barangay":"Balogo","Land_Class":"AGRICULTURAL","PIN":"030-01-009-04-079","Owner":"MARMOL, YUDEL M.","TaxDecNo":"06611"},"geometry":{"type":"Polygon","coordinates":[[[121.82517300882269,13.46225034642932],[121.82524576441266,13.462379602486143],[121.82528470888806,13.46235445396796],[121.82548186973888,13.462656331742833],[121.82551063666455,13.462632165300752],[121.82568570878622,13.46276383385438],[121.8257721097958,13.462670772662118],[121.82586199330125,13.462646891639626],[121.82598413538159,13.462666155036807],[121.8260383141016,13.462522472273042],[121.82590461247847,13.46252371717368],[121.82567469564516,13.461888952063862],[121.82553330014098,13.461901376628932],[121.82536507224965,13.461938184496155],[121.82530139222428,13.46206666043259],[121.82519746487361,13.462228803497043],[121.82517300882269,13.46225034642932]]]}},{"type":"Feature","properties":{"Id":0,"CLN":"7436","PSGC":"174001008","Barangay":"Balogo","Land_Class":"AGRICULTURAL","PIN":"030-01-009-04-027","Owner":"SOMBILLO, ANTONIO & SOMBILLO, LYDIA","TaxDecNo":"06556"},"geometry":{"type":"Polygon","coordinates":[[[121.82632824432918,13.462600467156118],[121.8261987177873,13.462528829162354],[121.8260383141016,13.462522472273042],[121.82598413538159,13.462666155036803],[121.82626066004606,13.462751564587132],[121.82632824432918,13.462600467156118]]]}},{"type":"Feature","properties":{"Id":0,"CLN":"6986","PSGC":"174001008","Barangay":"Balogo","Land_Class":"AGRICULTURAL","PIN":"030-01-009-04-029","Owner":"SPS. GOMERCIENDO SADIM SADIWA & MARILOU DE LOS REYES SADIWA","TaxDecNo":"30079"},"geometry":{"type":"Polygon","coordinates":[[[121.82631869719818,13.463383657566046],[121.82577210979578,13.462670772662117],[121.82568570878622,13.462763833854364],[121.82558525470284,13.462997026519878],[121.82556583665206,13.463062361143324],[121.82552347246805,13.46313319644613],[121.82565701492388,13.4635562810993],[121.82581790236698,13.463463567880737],[121.82598498930616,13.463666232211386],[121.82631869719818,13.463383657566046]]]}},{"type":"Feature","properties":{"Id":0,"CLN":"6988","PSGC":"174001008","Barangay":"Balogo","Land_Class":"RESIDENTIAL","PIN":"030-01-009-04-021","Owner":"MOGOL, JUANA","TaxDecNo":"06551"},"geometry":{"type":"Polygon","coordinates":[[[121.82552347246805,13.46313319644613],[121.82556583665206,13.463062361143324],[121.82533226886792,13.46278461413374],[121.82526317526121,13.462853455196989],[121.82550237242215,13.463151790818838],[121.82552347246805,13.46313319644613]]]}},{"type":"Feature","properties":{"Id":0,"CLN":"6987","PSGC":"174001008","Barangay":"Balogo","Land_Class":"AGRICULTURAL","PIN":"030-01-009-04-022","Owner":"MOGOL, CAYETANA","TaxDecNo":"06552"},"geometry":{"type":"Polygon","coordinates":[[[121.82556583665206,13.463062361143324],[121.82558525470284,13.462997026519878],[121.82537637880546,13.462747434334652],[121.82533226886792,13.46278461413374],[121.82556583665206,13.463062361143324]]]}},{"type":"Feature","properties":{"Id":0,"CLN":"6985","PSGC":"174001008","Barangay":"Balogo","Land_Class":"RESIDENTIAL","PIN":"030-01-009-04-062","Owner":"ANONICAL, NAPOLEON & MONTENEGRO, ESTRELLA","TaxDecNo":"06592"},"geometry":{"type":"Polygon","coordinates":[[[121.82558525470284,13.462997026519878],[121.82568570878622,13.462763833854364],[121.82551063666455,13.46263216530074],[121.82548186973888,13.462656331742817],[121.82528470888806,13.462354453967945],[121.82512376732804,13.462458382412848],[121.82518253624906,13.462548383231434],[121.82500426866082,13.462680270042851],[121.82484899259315,13.462797309828758],[121.82503880546331,13.463039336133278],[121.82526317526121,13.462853455196989],[121.82533226886792,13.46278461413374],[121.82537637880546,13.462747434334652],[121.82558525470284,13.462997026519878]]]}},{"type":"Feature","properties":{"Id":0,"CLN":"6984","PSGC":"174001008","Barangay":"Balogo","Land_Class":"RESIDENTIAL","PIN":"030-01-009-04-025","Owner":"MOGOL, CAYETANA","TaxDecNo":"06554"},"geometry":{"type":"Polygon","coordinates":[[[121.82500426866082,13.462680270042851],[121.82518253624906,13.462548383231434],[121.82512376732804,13.462458382412848],[121.82494935605254,13.462582810030636],[121.82500426866082,13.462680270042851]]]}},{"type":"Feature","properties":{"Id":0,"CLN":"6983","PSGC":"174001008","Barangay":"Balogo","Land_Class":"AGRICULTURAL","PIN":"030-01-009-04-024","Owner":"MOGOL, JUANA","TaxDecNo":"06553"},"geometry":{"type":"Polygon","coordinates":[[[121.82484899259315,13.462797309828758],[121.82500426866082,13.462680270042851],[121.82494935605254,13.462582810030636],[121.82479023287326,13.462705439686788],[121.82484899259315,13.462797309828758]]]}},{"type":"Feature","properties":{"Id":0,"CLN":"6989","PSGC":"174001008","Barangay":"Balogo","Land_Class":"AGRICULTURAL","PIN":"030-01-009-04-020","Owner":"LAMARCA, REYNALDO","TaxDecNo":"06550"},"geometry":{"type":"Polygon","coordinates":[[[121.82600163224656,13.464496484866345],[121.82589791449719,13.464180297190246],[121.82565701492388,13.4635562810993],[121.82552347246802,13.463133196446147],[121.82550237242215,13.463151790818856],[121.82526317526121,13.462853455196969],[121.82503880546331,13.463039336133292],[121.82484899259315,13.462797309828778],[121.82479023287323,13.462705439686825],[121.82473518350722,13.462636018419854],[121.82438262169407,13.462976866280098],[121.82431251505895,13.463003593992676],[121.82434698779234,13.46308078347465],[121.82447254351874,13.463358179640473],[121.8244034518076,13.463398668121082],[121.82431445216632,13.46343196580663],[121.82422166196199,13.463498959643465],[121.82437638105809,13.463744552763284],[121.82458990658351,13.463639150535862],[121.82477746341003,13.463473867920232],[121.82497343853238,13.463670852327875],[121.82504501718292,13.46361469265496],[121.8251058583671,13.463671471276763],[121.8246147985804,13.464104513621834],[121.82489550385293,13.46447976032045],[121.8249116626029,13.464501361288722],[121.82512297146513,13.464339512688266],[121.82530517140921,13.464576310808711],[121.8255232222586,13.464424462939037],[121.8256987129268,13.464644613500274],[121.82600163224656,13.464496484866345]]]}},{"type":"Feature","properties":{"Id":0,"CLN":"6992","PSGC":"174001008","Barangay":"Balogo","Land_Class":"AGRICULTURAL","PIN":"030-01-009-04-017","Owner":"LABAGUIS, ALDRIN J.","TaxDecNo":"06547"},"geometry":{"type":"Polygon","coordinates":[[[121.8256987129268,13.464644613500274],[121.8255232222586,13.464424462939023],[121.82530517140918,13.464576310808711],[121.82508790063237,13.464731329528725],[121.82524223063832,13.46493891951036],[121.82535461925998,13.464869657745261],[121.82550016157077,13.464790581268792],[121.8256987129268,13.464644613500274]]]}},{"type":"Feature","properties":{"Id":0,"CLN":"6991","PSGC":"174001008","Barangay":"Balogo","Land_Class":"AGRICULTURAL","PIN":"030-01-009-04-018","Owner":"MATINING, VALENTIN","TaxDecNo":"06548"},"geometry":{"type":"Polygon","coordinates":[[[121.82508790063237,13.464731329528725],[121.82530517140918,13.464576310808711],[121.82512297146513,13.464339512688266],[121.8249116626029,13.464501361288706],[121.82508790063237,13.464731329528725]]]}},{"type":"Feature","properties":{"Id":0,"CLN":"7034","PSGC":"174001008","Barangay":"Balogo","Land_Class":"AGRICULTURAL","PIN":"030-01-009-04-016","Owner":"MANSIA, CELSO","TaxDecNo":"06546"},"geometry":{"type":"Polygon","coordinates":[[[121.82535461925998,13.464869657745261],[121.82543559813658,13.464974716694012],[121.82556834696074,13.464908042365634],[121.82550016157077,13.464790581268792],[121.82535461925998,13.464869657745261]]]}},{"type":"Feature","properties":{"Id":0,"CLN":"7033","PSGC":"174001008","Barangay":"Balogo","Land_Class":"AGRICULTURAL","PIN":"030-01-009-04-015","Owner":"MANSIA, HILARION","TaxDecNo":"06545"},"geometry":{"type":"Polygon","coordinates":[[[121.82524223063832,13.46493891951036],[121.82538119647909,13.465163884367971],[121.82558543120857,13.465060158197975],[121.82564418422105,13.465023046805394],[121.82556834696074,13.464908042365634],[121.82543559813658,13.464974716694012],[121.82535461925998,13.464869657745261],[121.82524223063832,13.46493891951036]]]}},{"type":"Feature","properties":{"Id":0,"CLN":"7035","PSGC":"174001008","Barangay":"Balogo","Land_Class":"AGRICULTURAL","PIN":"030-01-009-04-014","Owner":"MAHAGUAY, JOSEFINO","TaxDecNo":"06544"},"geometry":{"type":"Polygon","coordinates":[[[121.82564418422105,13.465023046805394],[121.82574632580786,13.464966198952258],[121.82580710265944,13.465036269903653],[121.82619627833489,13.46482406653732],[121.82600163224656,13.464496484866345],[121.8256987129268,13.464644613500274],[121.82550016157077,13.464790581268792],[121.82556834696074,13.464908042365634],[121.82564418422105,13.465023046805394]]]}},{"type":"Feature","properties":{"Id":0,"CLN":"7036","PSGC":"174001008","Barangay":"Balogo","Land_Class":"AGRICULTURAL","PIN":"030-01-009-04-081","Owner":"MANSIA, MARCELINA","TaxDecNo":"06613"},"geometry":{"type":"Polygon","coordinates":[[[121.8260998914252,13.465083333247872],[121.8262744883281,13.464943066872607],[121.82619627833489,13.46482406653734],[121.82580710265944,13.465036269903685],[121.82589078027561,13.465110186408902],[121.82602137713076,13.465015209368657],[121.8260998914252,13.465083333247872]]]}},{"type":"Feature","properties":{"Id":0,"CLN":"6993","PSGC":"174001008","Barangay":"Balogo","Land_Class":"AGRICULTURAL","PIN":"030-01-009-04-019","Owner":"MANSIA, ESTEBAN","TaxDecNo":"06549"},"geometry":{"type":"Polygon","coordinates":[[[121.8248848987941,13.465104239511252],[121.82506609307887,13.465025329987839],[121.82524223063832,13.464938919510377],[121.82508790063237,13.464731329528725],[121.8249116626029,13.464501361288722],[121.82489550385293,13.46447976032045],[121.82447458895238,13.464911014379124],[121.82467491457194,13.465086418678348],[121.8248848987941,13.465104239511252]]]}},{"type":"Feature","properties":{"Id":0,"CLN":"6990","PSGC":"174001008","Barangay":"Balogo","Land_Class":"AGRICULTURAL","PIN":"030-01-009-04-059"},"geometry":{"type":"Polygon","coordinates":[[[121.8244745889524,13.464911014379103],[121.82489550385293,13.464479760320453],[121.8246147985804,13.464104513621821],[121.8251058583671,13.463671471276736],[121.82504501718296,13.46361469265496],[121.82497343853238,13.463670852327848],[121.82477746341003,13.463473867920232],[121.82458990658351,13.463639150535842],[121.82437638105809,13.463744552763272],[121.82427443928573,13.46382924797496],[121.82412356475488,13.463910165410272],[121.82386707885026,13.464084632685385],[121.82378032931808,13.464192449952208],[121.82372844880962,13.464386613774266],[121.82374820017723,13.464513818204006],[121.82410801998128,13.464881883430396],[121.82429451429009,13.464760628589765],[121.8244745889524,13.464911014379103]]]}},{"type":"Feature","properties":{"Id":0,"CLN":"7379","PSGC":"174001008","Barangay":"Balogo","Land_Class":"AGRICULTURAL","PIN":"030-01-009-07-039","Owner":"RABI, ALEJANDRO & RABI, REMEDIOS","TaxDecNo":"06807"},"geometry":{"type":"Polygon","coordinates":[[[121.83173600356194,13.459834200155226],[121.83175124529626,13.459873437552421],[121.83184337453929,13.460116132812798],[121.83248141280895,13.459928979348138],[121.83237753889641,13.459725682411671],[121.83230711208735,13.459571747365558],[121.8320034977015,13.459704847206865],[121.83173600356194,13.459834200155226]]]}},{"type":"Feature","properties":{"Id":0,"CLN":"7380","PSGC":"174001008","Barangay":"Balogo","Land_Class":"AGRICULTURAL","PIN":"030-01-009-07-037","Owner":"RABI, EDMUNDO & RABI, DELMA","TaxDecNo":"06805"},"geometry":{"type":"Polygon","coordinates":[[[121.83192194605267,13.460292349127574],[121.83161760130281,13.460399615669662],[121.83135540803445,13.460580155759848],[121.8313839407091,13.460619699248477],[121.83156729669422,13.460731494395485],[121.83177144978808,13.46075783170112],[121.83184930010538,13.460751846253736],[121.83204813416069,13.460715985092259],[121.83192194605267,13.460292349127574]]]}},{"type":"Feature","properties":{"Id":0,"CLN":"7378","PSGC":"174001008","Barangay":"Balogo","Land_Class":"AGRICULTURAL","PIN":"030-01-009-07-038"},"geometry":{"type":"Polygon","coordinates":[[[121.83192194605267,13.460292349127574],[121.83204813416069,13.460715985092259],[121.83268985636249,13.460600244683436],[121.83283514711525,13.460572651073536],[121.83248141280895,13.459928979348138],[121.83184337453929,13.460116132812798],[121.83192194605267,13.460292349127574]]]}},{"type":"Feature","properties":{"Id":0,"CLN":"7440","PSGC":"174001008","Barangay":"Balogo","Land_Class":"AGRICULTURAL","PIN":"030-01-009-06-032","Owner":"MANRIQUE, LEONARDO","TaxDecNo":"29307"},"geometry":{"type":"Polygon","coordinates":[[[121.82429490519303,13.462968141133047],[121.82431251505895,13.463003593992676],[121.82438262169407,13.462976866280098],[121.82473518350722,13.462636018419854],[121.82471063046943,13.46261512687343],[121.82435860090052,13.462949126984759],[121.82429490519303,13.462968141133047]]]}},{"type":"Feature","properties":{"Id":0,"CLN":"6982","PSGC":"174001008","Barangay":"Balogo","Land_Class":null,"PIN":null},"geometry":{"type":"Polygon","coordinates":[[[121.82471063046943,13.46261512687343],[121.82473518350722,13.462636018419854],[121.82519746487361,13.462228803497043],[121.82530139222428,13.46206666043259],[121.82536507224965,13.461938184496155],[121.8253325431065,13.461945301781661],[121.82527809029183,13.462057086065014],[121.82517295698476,13.46221274325721],[121.82471063046943,13.46261512687343]]]}},{"type":"Feature","properties":{"Id":0,"CLN":"7079","PSGC":"174001008","Barangay":"Balogo","Land_Class":null,"PIN":null},"geometry":{"type":"Polygon","coordinates":[[[121.82810669736088,13.464565794490598],[121.82826661696598,13.464409212719062],[121.8282451388223,13.464375771618947],[121.82807247364117,13.46453385688522],[121.82810669736088,13.464565794490598]]]}},{"type":"Feature","properties":{"Id":0,"CLN":"7288","PSGC":"174001008","Barangay":"Balogo","Land_Class":null,"PIN":null},"geometry":{"type":"Polygon","coordinates":[[[121.82853696428906,13.464747579561127],[121.82857245932396,13.464716433677085],[121.82845777571933,13.464559709032365],[121.82842400035936,13.464588826428862],[121.82853696428906,13.464747579561127]]]}},{"type":"Feature","properties":{"Id":0,"CLN":"7206","PSGC":"174001008","Barangay":"Balogo","Land_Class":"RESIDENTIAL","PIN":"030-01-009-02-105","Owner":"REMEGIO MALELANG & ASUNCION MALELANG","TaxDecNo":"06334"},"geometry":{"type":"Polygon","coordinates":[[[121.8237822928818,13.469505658625796],[121.8239316795967,13.469286770474415],[121.82410169519108,13.469094127028937],[121.82390389167799,13.468916703041517],[121.82367913979103,13.469409587755116],[121.8237822928818,13.469505658625796]]]}},{"type":"Feature","properties":{"Id":0,"CLN":"7091","PSGC":"174001008","Barangay":"Balogo","Land_Class":"RESIDENTIAL","PIN":"030-01-009-03-055","Owner":"LABAGUIS, VALENTIN","TaxDecNo":"06436"},"geometry":{"type":"Polygon","coordinates":[[[121.82872362320612,13.465248477515718],[121.82875966724265,13.465290894358137],[121.82880764151301,13.465277475485703],[121.82878525533174,13.465240297254763],[121.82876600254401,13.4652158168273],[121.82872362320612,13.465248477515718]]]}},{"type":"Feature","properties":{"Id":0,"CLN":"7090","PSGC":"174001008","Barangay":"Balogo","Land_Class":null,"PIN":null},"geometry":{"type":"Polygon","coordinates":[[[121.82883772658269,13.465241714900126],[121.828799911041,13.465188766331677],[121.82876600254401,13.4652158168273],[121.82878525533174,13.465240297254763],[121.82880764151301,13.465277475485703],[121.82885223652293,13.46526408542104],[121.82883772658269,13.465241714900126]]]}},{"type":"Feature","properties":{"Id":0,"CLN":"7142","PSGC":"174001008","Barangay":"Balogo","Land_Class":null,"PIN":null},"geometry":{"type":"Polygon","coordinates":[[[121.82635310952712,13.466372246392043],[121.82659336532143,13.466168272423412],[121.82656290375036,13.4661481910508],[121.82633503761234,13.466344649227327],[121.82635310952712,13.466372246392043]]]}},{"type":"Feature","properties":{"Id":0,"CLN":"7176","PSGC":"174001008","Barangay":"Balogo","Land_Class":"AGRICULTURAL","PIN":"030-01-009-02-033","Owner":"MANSIA, VICTORIA","TaxDecNo":"06267"},"geometry":{"type":"Polygon","coordinates":[[[121.82461533664673,13.467493863992607],[121.82479364374798,13.467537063398213],[121.8248016800312,13.467474309230722],[121.82479744938621,13.467421984692638],[121.82461533664673,13.467493863992607]]]}},{"type":"Feature","properties":{"Id":0,"CLN":"7161","PSGC":"174001008","Barangay":"Balogo","Land_Class":null,"PIN":null},"geometry":{"type":"Polygon","coordinates":[[[121.82528918725055,13.467208777859117],[121.8254361954042,13.467100877541197],[121.82540649507403,13.467082593044346],[121.8252751931476,13.46718816225093],[121.82528918725055,13.467208777859117]]]}},{"type":"Feature","properties":{"Id":0,"CLN":"8402","PSGC":"174001008","Barangay":"Balogo","Land_Class":null,"PIN":null},"geometry":{"type":"Polygon","coordinates":[[[121.82361798786985,13.466083435732225],[121.82364209628122,13.4660534006673],[121.82360608850668,13.466018823076432],[121.82357663276028,13.466047377186026],[121.82361798786985,13.466083435732225]]]}},{"type":"Feature","properties":{"Id":0,"CLN":"8403","PSGC":"174001008","Barangay":"Balogo","Land_Class":"AGRICULTURAL","PIN":"030-01-009-02-057","Owner":"MALAPOTE, JERRY MERCENE","TaxDecNo":"06287"},"geometry":{"type":"Polygon","coordinates":[[[121.82315876954902,13.466569049523411],[121.82361798786985,13.466083435732225],[121.82357663276028,13.466047377186026],[121.82309412874459,13.466499705718945],[121.82315876954902,13.466569049523411]]]}},{"type":"Feature","properties":{"Id":0,"CLN":"7008","PSGC":"174001008","Barangay":"Balogo","Land_Class":null,"PIN":null},"geometry":{"type":"Polygon","coordinates":[[[121.82495598119105,13.467128613492823],[121.82492517204037,13.467152094207906],[121.82503509243011,13.467250027716183],[121.82506950585473,13.467238084172612],[121.82513422986548,13.46721014307859],[121.82510963914908,13.467180439499941],[121.82504491514426,13.467208380588149],[121.82495598119105,13.467128613492823]]]}},{"type":"Feature","properties":{"Id":0,"CLN":"6998","PSGC":"174001008","Barangay":"Balogo","Land_Class":null,"PIN":null},"geometry":{"type":"Polygon","coordinates":[[[121.82381507312743,13.466122016355746],[121.82384937974078,13.466100657913366],[121.82369611561022,13.465968435721086],[121.82367394203519,13.466006587919946],[121.82381507312743,13.466122016355746]]]}},{"type":"Feature","properties":{"Id":0,"CLN":"7226","PSGC":"174001008","Barangay":"Balogo","Land_Class":"AGRICULTURAL","PIN":"030-01-009-01-089","Owner":"OSORIO, PETRA J.","TaxDecNo":"06205"},"geometry":{"type":"Polygon","coordinates":[[[121.8254494991837,13.468943027438621],[121.82534435109234,13.469141820122376],[121.82531698668559,13.469205240478498],[121.825295333661,13.469250200201207],[121.82567023672752,13.469266844053175],[121.82566523407633,13.469290730668819],[121.82585049361303,13.469375281390136],[121.8259540209011,13.469186876145738],[121.82597421797449,13.469053074523098],[121.82573030344444,13.468973031812801],[121.8254494991837,13.468943027438621]]]}},{"type":"Feature","properties":{"Id":0,"CLN":"7232","PSGC":"174001008","Barangay":"Balogo","Land_Class":"RESIDENTIAL","PIN":"030-01-009-01-051","Owner":"NUÑEZ, SILVINO","TaxDecNo":"06175"},"geometry":{"type":"Polygon","coordinates":[[[121.82569670110125,13.468680559219543],[121.825638678666,13.468836297969979],[121.8257778097966,13.46883795685175],[121.8258238270524,13.468700988270063],[121.8257131857808,13.468683021863146],[121.82569670110125,13.468680559219543]]]}},{"type":"Feature","properties":{"Id":0,"CLN":"7455","PSGC":"174001008","Barangay":"Balogo","Land_Class":"RESIDENTIAL","PIN":"030-01-009-02-142","Owner":"PINEDA, SAMSON & PINEDA, MARIA DUMARAN","TaxDecNo":"06364"},"geometry":{"type":"Polygon","coordinates":[[[121.8244559371356,13.468682255421783],[121.8243946036415,13.468759174455322],[121.82447148580601,13.468808705650883],[121.82454477553789,13.468809048493284],[121.82455895795651,13.468764939312843],[121.8244559371356,13.468682255421783]]]}},{"type":"Feature","properties":{"Id":0,"CLN":"7455","PSGC":"174001008","Barangay":"Balogo","Land_Class":"AGRICULTURAL","PIN":"030-01-009-02-141","Owner":"NEPOMUCENO, JACQUELINE P.","TaxDecNo":"29065"},"geometry":{"type":"Polygon","coordinates":[[[121.8244559371356,13.468682255421783],[121.82407234620605,13.468374386816652],[121.82402559168804,13.46852143858284],[121.8243946036415,13.468759174455322],[121.8244559371356,13.468682255421783]]]}},{"type":"Feature","properties":{"Id":0,"CLN":"7456","PSGC":"174001008","Barangay":"Balogo","Land_Class":"AGRICULTURAL","PIN":"030-01-009-02-119"},"geometry":{"type":"Polygon","coordinates":[[[121.82421009757037,13.468640306579909],[121.82402559168804,13.46852143858284],[121.82396315186017,13.468705822975025],[121.82415092981623,13.468805297567929],[121.82421009757037,13.468640306579909]]]}},{"type":"Feature","properties":{"Id":0,"CLN":"7205","PSGC":"174001008","Barangay":"Balogo","Land_Class":"RESIDENTIAL","PIN":"030-01-009-02-043","Owner":"MANUEL, NARCISO JR. M","TaxDecNo":"06276"},"geometry":{"type":"Polygon","coordinates":[[[121.82362988772904,13.469042057759166],[121.82366478214382,13.469080936270379],[121.82373366726715,13.469115554614842],[121.82379511077617,13.46898571962868],[121.82369555885126,13.468919709212255],[121.82362988772904,13.469042057759166]]]}},{"type":"Feature","properties":{"Id":0,"CLN":"7205","PSGC":"174001008","Barangay":"Balogo","Land_Class":"AGRICULTURAL","PIN":null},"geometry":{"type":"Polygon","coordinates":[[[121.82366478214382,13.469080936270379],[121.82362988772904,13.469042057759166],[121.82353569112483,13.469133793136065],[121.8234155552876,13.469252257505277],[121.82349878553548,13.469304091021744],[121.8236211354703,13.469154367207123],[121.82366478214382,13.469080936270379]]]}},{"type":"Feature","properties":{"Id":0,"CLN":"7018","PSGC":"174001008","Barangay":"Balogo","Land_Class":"RESIDENTIAL","PIN":"030-01-009-02-122","Owner":"LOZANO, ANGELITO","TaxDecNo":"06346"},"geometry":{"type":"Polygon","coordinates":[[[121.82545933736122,13.466906361932617],[121.82530782805377,13.466695843585015],[121.8252174195118,13.46677746216979],[121.82534967724058,13.46699058046258],[121.82545933736122,13.466906361932617]]]}},{"type":"Feature","properties":{"Id":0,"CLN":"7017","PSGC":"174001008","Barangay":"Balogo","Land_Class":"AGRICULTURAL","PIN":"030-01-009-02-151","Owner":"CAMACHO, MYLENE LOGDAT","TaxDecNo":"06374"},"geometry":{"type":"Polygon","coordinates":[[[121.82521516527545,13.466576465352372],[121.82512551833422,13.466460972311335],[121.82503169409907,13.466538540053666],[121.82512455676041,13.466658001125667],[121.82521516527545,13.466576465352372]]]}},{"type":"Feature","properties":{"Id":0,"CLN":"7017","PSGC":"174001008","Barangay":"Balogo","Land_Class":"AGRICULTURAL","PIN":"030-01-009-02-153","Owner":"HO, MARITA LOGDAT","TaxDecNo":"06376"},"geometry":{"type":"Polygon","coordinates":[[[121.82512551833422,13.466460972311335],[121.82521516527545,13.466576465352372],[121.82530744156114,13.46649342870869],[121.82521664667615,13.466372632428792],[121.82512551833422,13.466460972311335]]]}},{"type":"Feature","properties":{"Id":0,"CLN":"7017","PSGC":"174001008","Barangay":"Balogo","Land_Class":"AGRICULTURAL","PIN":"030-01-009-02-152","Owner":"PAGAL, ESTELA LOGDAT","TaxDecNo":"06375"},"geometry":{"type":"Polygon","coordinates":[[[121.82530782805377,13.466695843585015],[121.82521516527545,13.466576465352372],[121.82512455676041,13.466658001125667],[121.8252174195118,13.46677746216979],[121.82530782805377,13.466695843585015]]]}},{"type":"Feature","properties":{"Id":0,"CLN":"7025","PSGC":"174001008","Barangay":"Balogo","Land_Class":"AGRICULTURAL","PIN":"030-01-009-02-101"},"geometry":{"type":"Polygon","coordinates":[[[121.82568441522028,13.466261843732637],[121.82550249022842,13.466370606041949],[121.82563772927806,13.466535992843413],[121.82581688961031,13.466430579870119],[121.82568441522028,13.466261843732637]]]}},{"type":"Feature","properties":{"Id":0,"CLN":"7030","PSGC":"174001008","Barangay":"Balogo","Land_Class":"RESIDENTIAL","PIN":"030-01-009-02-155","Owner":"MAGAHIS, MICHAEL M. & MAGAHIS, AIREEN O","TaxDecNo":"06378"},"geometry":{"type":"Polygon","coordinates":[[[121.82569196695293,13.465962383284296],[121.82552142946417,13.46605113923647],[121.82555194101182,13.4660931075384],[121.82556961971723,13.466115625428523],[121.8257358816419,13.466016734700442],[121.82569196695293,13.465962383284296]]]}},{"type":"Feature","properties":{"Id":0,"CLN":"7030","PSGC":"174001008","Barangay":"Balogo","Land_Class":"RESIDENTIAL","PIN":"030-01-009-02-156","Owner":"LAMARCA, CHERRYL M.","TaxDecNo":"06379"},"geometry":{"type":"Polygon","coordinates":[[[121.82569196695293,13.465962383284296],[121.82567635084077,13.465943055853002],[121.82564484997393,13.465921389667557],[121.82562621699422,13.465925588766774],[121.82545775336321,13.465963553396783],[121.82552142946417,13.46605113923647],[121.82569196695293,13.465962383284296]]]}},{"type":"Feature","properties":{"Id":0,"CLN":"7041pt.","PSGC":"174001008","Barangay":"Balogo","Land_Class":"AGRICULTURAL","PIN":"030-01-009-02-075","Owner":"COMIA, CORAZON MONTEVIRGEN","TaxDecNo":"06305"},"geometry":{"type":"Polygon","coordinates":[[[121.82615731792475,13.46636626814902],[121.82599674609436,13.466166553293021],[121.82564707692613,13.46589415608811],[121.82562621699422,13.465925588766774],[121.82564484997393,13.465921389667557],[121.82567635084077,13.465943055853002],[121.82597959255806,13.46631836519176],[121.8260766076656,13.46643179312116],[121.82615731792475,13.46636626814902]]]}},{"type":"Feature","properties":{"Id":0,"CLN":"7046pt.","PSGC":"174001008","Barangay":"Balogo","Land_Class":"RESIDENTIAL","PIN":"030-01-009-04-073","Owner":"BARANGAY BALOGO","TaxDecNo":"06603"},"geometry":{"type":"Polygon","coordinates":[[[121.82708641826225,13.465039019377045],[121.82701755662306,13.465114115294027],[121.82709160376888,13.465200203428218],[121.82716807320807,13.46512968269311],[121.82708641826225,13.465039019377045]]]}},{"type":"Feature","properties":{"Id":0,"CLN":"7037","PSGC":"174001008","Barangay":"Balogo","Land_Class":"AGRICULTURAL","PIN":"030-01-009-04-082","Owner":"MONTALBAN, VIRGILIO M.","TaxDecNo":"29674"},"geometry":{"type":"Polygon","coordinates":[[[121.82610323465819,13.46544502738731],[121.8262361625225,13.465238863991239],[121.82623695938909,13.465142958173391],[121.82634874974731,13.46503313982584],[121.82627448832807,13.464943066872605],[121.82597445794369,13.465184102890012],[121.82597883536114,13.465244685736039],[121.82601763119322,13.465304641957271],[121.82586545659764,13.465449782160654],[121.8257820345241,13.46552351345568],[121.82588167112449,13.465631573931581],[121.82610323465819,13.46544502738731]]]}},{"type":"Feature","properties":{"Id":0,"CLN":"7023","PSGC":"174001008","Barangay":"Balogo","Land_Class":null,"PIN":"030-01-009-04-061"},"geometry":{"type":"Polygon","coordinates":[[[121.82505383175625,13.465785347470232],[121.82493758666337,13.46589988533513],[121.8251452043262,13.465966275671663],[121.82517467972428,13.465862456335264],[121.82505383175625,13.465785347470232]]]}},{"type":"Feature","properties":{"Id":0,"CLN":"7023A","PSGC":"174001008","Barangay":"Balogo","Land_Class":"AGRICULTURAL","PIN":"030-01-009-04-002","Owner":"JANDA, RUPERTO","TaxDecNo":"06536"},"geometry":{"type":"Polygon","coordinates":[[[121.82505383175625,13.465785347470232],[121.82517467972428,13.465862456335264],[121.8251452043262,13.465966275671663],[121.82521302700874,13.465987963429397],[121.8253257611794,13.465977730846216],[121.82545775336321,13.465963553396783],[121.82518688798899,13.465558079231002],[121.82505383175625,13.465785347470232]]]}},{"type":"Feature","properties":{"Id":0,"CLN":"7023D","PSGC":"174001008","Barangay":"Balogo","Land_Class":null,"PIN":"030-01-009-04-061"},"geometry":{"type":"Polygon","coordinates":[[[121.82508750730203,13.46541620629062],[121.82498582054707,13.465698917576148],[121.82505383175625,13.465785347470232],[121.82518688798899,13.465558079231002],[121.8251184006918,13.465455556359313],[121.82508750730203,13.46541620629062]]]}},{"type":"Feature","properties":{"Id":0,"CLN":"7022","PSGC":"174001008","Barangay":"Balogo","Land_Class":"AGRICULTURAL","PIN":"030-01-009-02-132","Owner":"ANTONIO, JOAN JANDUSAY","TaxDecNo":"30583"},"geometry":{"type":"Polygon","coordinates":[[[121.82521302700874,13.465987963429429],[121.82493758666337,13.46589988533513],[121.82490442287035,13.465937388526184],[121.82502651690362,13.466107589359089],[121.82521302700874,13.465987963429429]]]}},{"type":"Feature","properties":{"Id":0,"CLN":"7022","PSGC":"174001008","Barangay":"Balogo","Land_Class":"AGRICULTURAL","PIN":"030-01-009-02-130","Owner":"JANDUSAY, CONSOLACION","TaxDecNo":"06354"},"geometry":{"type":"Polygon","coordinates":[[[121.8252835390726,13.466087293787412],[121.82510609027342,13.466218515626279],[121.82518566371431,13.466329441873315],[121.82535405119282,13.466186624129612],[121.8252835390726,13.466087293787412]]]}},{"type":"Feature","properties":{"Id":0,"CLN":"7022","PSGC":"174001008","Barangay":"Balogo","Land_Class":"AGRICULTURAL","PIN":"030-01-009-02-131","Owner":"JANDUSAY, JUANITA","TaxDecNo":"06355"},"geometry":{"type":"Polygon","coordinates":[[[121.8252835390726,13.466087293787412],[121.82521302700874,13.465987963429429],[121.82502651690362,13.466107589359089],[121.82510609027342,13.466218515626279],[121.8252835390726,13.466087293787412]]]}},{"type":"Feature","properties":{"Id":0,"CLN":"7022","PSGC":"174001008","Barangay":"Balogo","Land_Class":"RESIDENTIAL","PIN":"030-01-009-02-129","Owner":"PALEC, SHANALY J.","TaxDecNo":"30022"},"geometry":{"type":"Polygon","coordinates":[[[121.82543487077194,13.466287912618863],[121.8253672513611,13.466205219180809],[121.82535405119282,13.466186624129612],[121.82518566371431,13.466329441873315],[121.82521664667615,13.466372632428792],[121.82526204410755,13.46643303057205],[121.82543487077194,13.466287912618863]]]}},{"type":"Feature","properties":{"Id":0,"CLN":"7005","PSGC":"174001008","Barangay":"Balogo","Land_Class":null,"PIN":"030-01-009-02-083"},"geometry":{"type":"Polygon","coordinates":[[[121.82476127786974,13.465711132357711],[121.82489968823698,13.465876418498995],[121.82487339257794,13.46553779708453],[121.82476127786974,13.465711132357711]]]}},{"type":"Feature","properties":{"Id":0,"CLN":"7003","PSGC":"174001008","Barangay":"Balogo","Land_Class":"AGRICULTURAL","PIN":"030-01-009-02-136"},"geometry":{"type":"Polygon","coordinates":[[[121.82431163552236,13.466149445168115],[121.82420381959129,13.4660592783391],[121.82398796289539,13.466237593327284],[121.82411335454867,13.466355637841021],[121.82431163552236,13.466149445168115]]]}},{"type":"Feature","properties":{"Id":0,"CLN":"6995","PSGC":"174001008","Barangay":"Balogo","Land_Class":"AGRICULTURAL","PIN":"030-01-009-04-064","Owner":"MAAÑO, NORELY & MAAÑO, ELOISA","TaxDecNo":"06595"},"geometry":{"type":"Polygon","coordinates":[[[121.82405868477242,13.464947174731371],[121.82476127786974,13.465711132357711],[121.82487339257794,13.46553779708453],[121.8249859273011,13.465286819924966],[121.82495890540628,13.465250355473776],[121.8248848987941,13.465104239511252],[121.82467491457191,13.46508641867835],[121.82447458895238,13.464911014379124],[121.82429451429009,13.464760628589797],[121.82410801998128,13.464881883430385],[121.82405868477242,13.464947174731371]]]}},{"type":"Feature","properties":{"Id":0,"CLN":"7188","PSGC":"174001008","Barangay":"Balogo","Land_Class":"AGRICULTURAL","PIN":"030-01-009-02-095","Owner":"MALITAO, JOVITA MAAÑO","TaxDecNo":"06325"},"geometry":{"type":"Polygon","coordinates":[[[121.82400953543423,13.466447504409219],[121.82387575047926,13.466328523942797],[121.82371794964078,13.466534110021747],[121.82359788442112,13.466697828234976],[121.823403709603,13.466938410076366],[121.82343528709697,13.466975618383056],[121.82400953543423,13.466447504409219]]]}},{"type":"Feature","properties":{"Id":0,"CLN":"7243","PSGC":"174001008","Barangay":"Balogo","Land_Class":"AGRICULTURAL","PIN":"030-01-009-01-079"},"geometry":{"type":"Polygon","coordinates":[[[121.82726503417074,13.469768836058918],[121.82641579167611,13.469899806942975],[121.82641428581447,13.470034920359163],[121.82644500078834,13.470072497219927],[121.82729392109239,13.469941832599764],[121.82726740502423,13.469808781163403],[121.82726503417074,13.469768836058918]]]}},{"type":"Feature","properties":{"Id":0,"CLN":"7243pt.","PSGC":"174001008","Barangay":"Balogo","Land_Class":null,"PIN":"030-01-009-01-060"},"geometry":{"type":"Polygon","coordinates":[[[121.82725265722766,13.469560304222739],[121.82724358936049,13.46940752499459],[121.8272312328456,13.46933020310797],[121.82710621882146,13.469376975092697],[121.82702203411453,13.469407085897561],[121.82691008449905,13.469448538197868],[121.82674039284575,13.46948956821443],[121.82654725580309,13.46951358860524],[121.82641985027539,13.469535645508843],[121.82641782098318,13.469717726227326],[121.82725265722766,13.469560304222739]]]}},{"type":"Feature","properties":{"Id":0,"CLN":"7248pt.","PSGC":"174001008","Barangay":"Balogo","Land_Class":"AGRICULTURAL","PIN":"030-01-009-01-056","Owner":"LARGO, ARACELI J.","TaxDecNo":"06179"},"geometry":{"type":"Polygon","coordinates":[[[121.82763865021107,13.470161567019026],[121.82764368227623,13.470266473209152],[121.82791508201613,13.470301063596956],[121.8278349139486,13.470127736091381],[121.82763865021107,13.470161567019026]]]}},{"type":"Feature","properties":{"Id":0,"CLN":"7248pt.","PSGC":"174001008","Barangay":"Balogo","Land_Class":"AGRICULTURAL","PIN":"030-01-009-01-058","Owner":"MANRIQUE, DINDO L.","TaxDecNo":"06181"},"geometry":{"type":"Polygon","coordinates":[[[121.8277700782366,13.46998755774814],[121.82770524259459,13.469847379392842],[121.82729392109239,13.469941832599764],[121.8272924105071,13.470081671305895],[121.8277700782366,13.46998755774814]]]}},{"type":"Feature","properties":{"Id":0,"CLN":"7244","PSGC":"174001008","Barangay":"Balogo","Land_Class":"AGRICULTURAL","PIN":"030-01-009-01-109","Owner":"LABRADOR, GILBERTO SR. M.","TaxDecNo":"06227"},"geometry":{"type":"Polygon","coordinates":[[[121.82729165521121,13.470151590658341],[121.82729392109239,13.469941832599764],[121.82644500078834,13.470072497219927],[121.8264792056336,13.470210243114764],[121.82649034634757,13.470275720471605],[121.82651534663607,13.470305145560104],[121.82729165521121,13.470151590658341]]]}},{"type":"Feature","properties":{"Id":0,"CLN":"7244","PSGC":"174001008","Barangay":"Balogo","Land_Class":"AGRICULTURAL","PIN":"030-01-009-01-059","Owner":"MADLA, ZOILE","TaxDecNo":"06182"},"geometry":{"type":"Polygon","coordinates":[[[121.8279150820161,13.470301063596919],[121.82668564092685,13.47057011184212],[121.82702097346541,13.470739914126234],[121.82737301616808,13.470616314603417],[121.82770197515946,13.470526254178662],[121.82770335700134,13.470634679774147],[121.82779725453213,13.47057156180675],[121.82787411716536,13.470476586303937],[121.82791275329205,13.470387040341391],[121.8279150820161,13.470301063596919]]]}},{"type":"Feature","properties":{"Id":0,"CLN":"7244","PSGC":"174001008","Barangay":"Balogo","Land_Class":"AGRICULTURAL","PIN":null},"geometry":{"type":"Polygon","coordinates":[[[121.82705838184437,13.470488542733259],[121.82702900140556,13.470320301196468],[121.8269345772976,13.47035591898695],[121.8269628543158,13.470509447648785],[121.82705838184437,13.470488542733259]]]}},{"type":"Feature","properties":{"Id":0,"CLN":"7244","PSGC":"174001008","Barangay":"Balogo","Land_Class":"AGRICULTURAL","PIN":"030-01-009-01-053","Owner":"MABANSAG, CELERINA J.","TaxDecNo":"06176"},"geometry":{"type":"Polygon","coordinates":[[[121.82712953366097,13.470472972088169],[121.82713932557732,13.470469777191203],[121.82711273865056,13.4702887145661],[121.82702900140556,13.470320301196468],[121.82705838184437,13.470488542733259],[121.82712953366097,13.470472972088169]]]}},{"type":"Feature","properties":{"Id":0,"CLN":"7244","PSGC":"174001008","Barangay":"Balogo","Land_Class":"AGRICULTURAL","PIN":"030-01-009-01-053","Owner":"MABANSAG, CELERINA J.","TaxDecNo":"06176"},"geometry":{"type":"Polygon","coordinates":[[[121.82711273865056,13.4702887145661],[121.82713932557732,13.470469777191203],[121.82712953366097,13.470472972088169],[121.8272596265301,13.470444502905705],[121.8272908999131,13.470221510010315],[121.82711273865056,13.4702887145661]]]}},{"type":"Feature","properties":{"Id":0,"CLN":"7244pt.","PSGC":"174001008","Barangay":"Balogo","Land_Class":"AGRICULTURAL","PIN":"030-01-009-01-055","Owner":"LARGO, ARACELI J.","TaxDecNo":"06178"},"geometry":{"type":"Polygon","coordinates":[[[121.82760299089674,13.470261286993344],[121.8276570231107,13.4703575372122],[121.8279150820161,13.470301063596919],[121.82760299089674,13.470261286993344]]]}},{"type":"Feature","properties":{"Id":0,"CLN":"7244pt.","PSGC":"174001008","Barangay":"Balogo","Land_Class":"AGRICULTURAL","PIN":"030-01-009-01-054","Owner":"MANRIQUE, DINDO L.","TaxDecNo":"06177"},"geometry":{"type":"Polygon","coordinates":[[[121.8276570231107,13.4703575372122],[121.82760299089674,13.470261286993344],[121.8272908999131,13.470221510010315],[121.8272596265301,13.470444502905705],[121.8276570231107,13.4703575372122]]]}},{"type":"Feature","properties":{"Id":0,"CLN":"7454","PSGC":"174001008","Barangay":"Balogo","Land_Class":"AGRICULTURAL","PIN":"030-01-009-01-071","Owner":"TAN, VISITACION LABAGUIS","TaxDecNo":"32317"},"geometry":{"type":"Polygon","coordinates":[[[121.82788036301596,13.47126193832146],[121.82737982648706,13.472095622349013],[121.82784255038796,13.47241395241222],[121.82854893407773,13.471152956985799],[121.82845902040091,13.47102256397188],[121.82799898629825,13.471280365962597],[121.82788036301596,13.47126193832146]]]}},{"type":"Feature","properties":{"Id":0,"CLN":"7454","PSGC":"174001008","Barangay":"Balogo","Land_Class":"RESIDENTIAL","PIN":"030-01-009-01-078","Owner":"GEN. JACOB, AQUILINO","TaxDecNo":"06196"},"geometry":{"type":"Polygon","coordinates":[[[121.82721752815425,13.47198396912152],[121.82733887979084,13.47206745306572],[121.82742734048276,13.471843411563725],[121.82730307885501,13.471763895596691],[121.82721752815425,13.47198396912152]]]}},{"type":"Feature","properties":{"Id":0,"CLN":"7454","PSGC":"174001008","Barangay":"Balogo","Land_Class":"RESIDENTIAL","PIN":"030-01-009-01-096","Owner":"LOZANO, ERNESTO","TaxDecNo":"06214"},"geometry":{"type":"Polygon","coordinates":[[[121.82724551358976,13.471911978491324],[121.82713773357057,13.471839512248021],[121.82710570873894,13.471907042776605],[121.82721752815425,13.47198396912152],[121.82724551358976,13.471911978491324]]]}},{"type":"Feature","properties":{"Id":0,"CLN":"7454pt.","PSGC":"174001008","Barangay":"Balogo","Land_Class":"AGRICULTURAL","PIN":"030-01-009-01-077","Owner":"MAYOR MADLA, ROBERTO M.","TaxDecNo":"06195"},"geometry":{"type":"Polygon","coordinates":[[[121.82714688185013,13.471162962632077],[121.82727429623206,13.47183793704661],[121.82730307885501,13.471763895596691],[121.82742734048276,13.471843411563725],[121.82733887979084,13.47206745306572],[121.82737982648706,13.472095622349013],[121.82788036301596,13.47126193832146],[121.82768532224657,13.471231639410265],[121.82761320171672,13.471166316016708],[121.82758169095798,13.47090889852595],[121.82748225461106,13.470932735343418],[121.8273327858123,13.471032979716469],[121.82714688185013,13.471162962632077]]]}},{"type":"Feature","properties":{"Id":0,"CLN":"7454pt.","PSGC":"174001008","Barangay":"Balogo","Land_Class":"AGRICULTURAL","PIN":"030-01-009-01-046","Owner":"NABOS, JONAH TUÑACAO","TaxDecNo":"31451"},"geometry":{"type":"Polygon","coordinates":[[[121.82707881561666,13.471020578443065],[121.82702097346541,13.470739914126234],[121.82673469539876,13.470903315608542],[121.82653148793216,13.471225286443476],[121.82707881561666,13.471020578443065]]]}},{"type":"Feature","properties":{"Id":0,"CLN":"7454","PSGC":"174001008","Barangay":"Balogo","Land_Class":"RESIDENTIAL","PIN":null},"geometry":{"type":"Polygon","coordinates":[[[121.82714688185013,13.471162962632077],[121.82710152561057,13.471063678251255],[121.82707881561666,13.471020578443065],[121.82685056728235,13.47110594661845],[121.82681391427191,13.471197901404485],[121.82714688185013,13.471162962632077]]]}},{"type":"Feature","properties":{"Id":0,"CLN":"7454","PSGC":"174001008","Barangay":"Balogo","Land_Class":"RESIDENTIAL","PIN":"030-01-009-01-094","Owner":"MADRIGAL, JOSELITO","TaxDecNo":"06212"},"geometry":{"type":"Polygon","coordinates":[[[121.82694215250943,13.471184445233598],[121.82681391427191,13.471197901404485],[121.82664429297681,13.47158961006246],[121.82672031823985,13.471641912040333],[121.82694215250943,13.471184445233598]]]}},{"type":"Feature","properties":{"Id":0,"CLN":"7454","PSGC":"174001008","Barangay":"Balogo","Land_Class":"AGRICULTURAL","PIN":"030-01-009-01-095","Owner":"MADLA, ROBERTO M.","TaxDecNo":"06213"},"geometry":{"type":"Polygon","coordinates":[[[121.82694215250943,13.471184445233598],[121.82672031823985,13.471641912040333],[121.82710570873894,13.471907042776605],[121.82713773357057,13.471839512248021],[121.82724551358976,13.471911978491324],[121.82727429623206,13.47183793704661],[121.82714688185013,13.471162962632077],[121.82694215250943,13.471184445233598]]]}},{"type":"Feature","properties":{"Id":0,"CLN":"7454","PSGC":"174001008","Barangay":"Balogo","Land_Class":"RESIDENTIAL","PIN":"030-01-009-01-062","Owner":"MAGPANTAY, ARACELI S.","TaxDecNo":"06183"},"geometry":{"type":"Polygon","coordinates":[[[121.8258417884324,13.470656073501026],[121.82562127352485,13.470847787917549],[121.82583890560039,13.471008156889406],[121.82596352663738,13.470915261277913],[121.8258417884324,13.470656073501026]]]}},{"type":"Feature","properties":{"Id":0,"CLN":"7454","PSGC":"174001008","Barangay":"Balogo","Land_Class":"RESIDENTIAL","PIN":"030-01-009-01-065"},"geometry":{"type":"Polygon","coordinates":[[[121.82635157381131,13.470545954589488],[121.82608715770915,13.47076694175083],[121.82617379527244,13.470899499740607],[121.82635792608562,13.470730528013826],[121.82635157381131,13.470545954589488]]]}},{"type":"Feature","properties":{"Id":0,"CLN":"7454-B","PSGC":"174001008","Barangay":"Balogo","Land_Class":"AGRICULTURAL","PIN":"030-01-009-01-063","Owner":"MAHAGUAY, DAMASO , LABAGUIS, PAMFILO , MANRIQUE, FRANCISCO , JANDA, GODOFREDO , HRS. OF MAHAGUAY, CONSOLACION","TaxDecNo":"06184"},"geometry":{"type":"Polygon","coordinates":[[[121.82635157381131,13.470545954589488],[121.82634522153462,13.470361381163162],[121.82606230299204,13.470464358859255],[121.82595204575571,13.470560216208295],[121.82608715770915,13.47076694175083],[121.82635157381131,13.470545954589488]]]}},{"type":"Feature","properties":{"Id":0,"CLN":"7454-C","PSGC":"174001008","Barangay":"Balogo","Land_Class":"AGRICULTURAL","PIN":"030-01-009-01-064","Owner":"MAHAGUAY, DAMASO , LABAGUIS, PAMFILO , MANRIQUE, FRANCISCO , JANDA, GODOFREDO , HRS. OF MAHAGUAY, CONSOLACION","TaxDecNo":"06185"},"geometry":{"type":"Polygon","coordinates":[[[121.82658735644995,13.470389900336773],[121.82649034634757,13.470275720471605],[121.82641086928446,13.470337486402084],[121.82634522153462,13.470361381163162],[121.82635157381131,13.470545954589488],[121.82658735644995,13.470389900336773]]]}},{"type":"Feature","properties":{"Id":0,"CLN":"7137","PSGC":"174001008","Barangay":"Balogo","Land_Class":"AGRICULTURAL","PIN":"030-01-009-03-087","Owner":"BERTITO MADERAZO & MERLINDA JAYAG","TaxDecNo":"06468"},"geometry":{"type":"Polygon","coordinates":[[[121.82704582510263,13.46723254294837],[121.8270876978607,13.46726264710968],[121.82712780641948,13.467262834298792],[121.82739246961916,13.467039753822927],[121.82730881516143,13.46696085306032],[121.82720847289312,13.46706818456353],[121.82704582510263,13.46723254294837]]]}},{"type":"Feature","properties":{"Id":0,"CLN":"7151","PSGC":"174001008","Barangay":"Balogo","Land_Class":"AGRICULTURAL","PIN":"030-01-009-02-125","Owner":"MASCAREÑAS, CARMENCITA L.","TaxDecNo":"06350"},"geometry":{"type":"Polygon","coordinates":[[[121.8258837906167,13.466759337504412],[121.82641947414088,13.467234585156975],[121.82645703847743,13.467193137674995],[121.82596587193252,13.466694491481608],[121.8258837906167,13.466759337504412]]]}},{"type":"Feature","properties":{"Id":0,"CLN":"7151","PSGC":"174001008","Barangay":"Balogo","Land_Class":"AGRICULTURAL","PIN":"030-01-009-02-124","Owner":"ESPINO, JULIETA L.","TaxDecNo":"06349"},"geometry":{"type":"Polygon","coordinates":[[[121.82641947414088,13.467234585156975],[121.8258837906167,13.466759337504412],[121.82580170925735,13.46682418349641],[121.82637539503224,13.467272767417542],[121.82641947414088,13.467234585156975]]]}},{"type":"Feature","properties":{"Id":0,"CLN":"7151","PSGC":"174001008","Barangay":"Balogo","Land_Class":"AGRICULTURAL","PIN":"030-01-009-02-127","Owner":"LOZANO, ERNESTO","TaxDecNo":"06352"},"geometry":{"type":"Polygon","coordinates":[[[121.82604795320496,13.466629645428089],[121.82649992541091,13.467145817356288],[121.82654281232735,13.46709849702868],[121.82641543303176,13.46693599009935],[121.82613003443394,13.46656479934377],[121.82604795320496,13.466629645428089]]]}},{"type":"Feature","properties":{"Id":0,"CLN":"7135","PSGC":"174001008","Barangay":"Balogo","Land_Class":"AGRICULTURAL","PIN":"030-01-009-03-153","Owner":"MADERAZO, MARIA LOURISH L","TaxDecNo":"06531"},"geometry":{"type":"Polygon","coordinates":[[[121.82723357574537,13.467349757200642],[121.8272115064442,13.467332388856963],[121.82712780641948,13.467262834298792],[121.8270876978607,13.46726264710968],[121.82701082696403,13.467359491707297],[121.82706378134169,13.467467223369171],[121.82723357574537,13.467349757200642]]]}},{"type":"Feature","properties":{"Id":0,"CLN":"7139","PSGC":"174001008","Barangay":"Balogo","Land_Class":"RESIDENTIAL","PIN":"030-01-009-03-099"},"geometry":{"type":"Polygon","coordinates":[[[121.82706974729238,13.466701885537484],[121.82696936698945,13.466852719053023],[121.82695398737009,13.466873209521582],[121.82720847289312,13.46706818456353],[121.82730881516143,13.46696085306032],[121.82706974729238,13.466701885537484]]]}},{"type":"Feature","properties":{"Id":0,"CLN":"7050","PSGC":"174001008","Barangay":"Balogo","Land_Class":"RESIDENTIAL","PIN":"030-01-009-03-089","Owner":"NIEVA, JEFFREYSON MENDOZA","TaxDecNo":"06470"},"geometry":{"type":"Polygon","coordinates":[[[121.82687645730275,13.465617236507425],[121.82678009818761,13.465548966348495],[121.82670603012717,13.465646408136159],[121.82680022778715,13.465717296932382],[121.82687645730275,13.465617236507425]]]}},{"type":"Feature","properties":{"Id":0,"CLN":"7047pt.","PSGC":"174001008","Barangay":"Balogo","Land_Class":"RESIDENTIAL","PIN":"030-01-009-03-071","Owner":"MONTALBAN, VIRGILIO M.","TaxDecNo":"06452"},"geometry":{"type":"Polygon","coordinates":[[[121.82655677032106,13.465999107390807],[121.82646288738859,13.465928675658326],[121.82641811080138,13.465979432535981],[121.82638506856152,13.466011121903213],[121.82641803381188,13.466021836671812],[121.82648427617755,13.466083021690345],[121.82655677032106,13.465999107390807]]]}},{"type":"Feature","properties":{"Id":0,"CLN":"7047","PSGC":"174001008","Barangay":"Balogo","Land_Class":"RESIDENTIAL","PIN":"030-01-009-03-072","Owner":"MONTALBAN, VIRGILIO M.","TaxDecNo":"06452"},"geometry":{"type":"Polygon","coordinates":[[[121.82646288738859,13.465928675658326],[121.82655677032106,13.465999107390807],[121.82662926441326,13.46591519306562],[121.82653549148101,13.465846374610894],[121.82646288738859,13.465928675658326]]]}},{"type":"Feature","properties":{"Id":0,"CLN":"7047","PSGC":"174001008","Barangay":"Balogo","Land_Class":"RESIDENTIAL","PIN":"030-01-009-03-073","Owner":"MONTALBAN, VIRGILIO M.","TaxDecNo":"06452"},"geometry":{"type":"Polygon","coordinates":[[[121.82666753167315,13.46569220245961],[121.82676163679348,13.465761967409504],[121.82680022778715,13.465717296932382],[121.82670603012717,13.465646408136159],[121.82666753167315,13.46569220245961]]]}},{"type":"Feature","properties":{"Id":0,"CLN":"7260","PSGC":"174001008","Barangay":"Balogo","Land_Class":"AGRICULTURAL","PIN":"030-01-009-03-101","Owner":"MONTEAGUDO, MARIO S.","TaxDecNo":"32402"},"geometry":{"type":"Polygon","coordinates":[[[121.82856387037013,13.46801021403862],[121.82886631942567,13.468318467339323],[121.82905371492663,13.468162636198704],[121.8290006003576,13.468087616828932],[121.82906197302087,13.468035562494084],[121.82883646683435,13.467800226451892],[121.82862188684896,13.467936308091902],[121.82856387037013,13.46801021403862]]]}},{"type":"Feature","properties":{"Id":0,"CLN":"7267pt.","PSGC":"174001008","Barangay":"Balogo","Land_Class":"AGRICULTURAL","PIN":"030-01-009-03-096","Owner":"LABAYNA, BENJAMIN","TaxDecNo":"06478"},"geometry":{"type":"Polygon","coordinates":[[[121.8288911535102,13.467334242578122],[121.82903015840019,13.467508272539165],[121.82917970911957,13.467390580515419],[121.82904045959847,13.467222941208416],[121.8288911535102,13.467334242578122]]]}},{"type":"Feature","properties":{"Id":0,"CLN":"7269pt.","PSGC":"174001008","Barangay":"Balogo","Land_Class":"RESIDENTIAL","PIN":"030-01-009-03-094","Owner":"MANUEL, NARCISO JR. M","TaxDecNo":"06475"},"geometry":{"type":"Polygon","coordinates":[[[121.82888141890837,13.467028381436057],[121.82877469399165,13.466887721743309],[121.82866699914581,13.466973009331452],[121.82877751795515,13.467122513983004],[121.82888141890837,13.467028381436057]]]}},{"type":"Feature","properties":{"Id":0,"CLN":"7269","PSGC":"174001008","Barangay":"Balogo","Land_Class":"RESIDENTIAL","PIN":"030-01-009-03-147","Owner":"ILAGAN, REINAN J.","TaxDecNo":"30690"},"geometry":{"type":"Polygon","coordinates":[[[121.82855332587813,13.467063031334247],[121.8286842676555,13.467243505813286],[121.82869915773256,13.467233812707953],[121.82890374471769,13.467057806043892],[121.82888141890837,13.467028381436057],[121.82877751795515,13.467122513983004],[121.82866699914581,13.466973009331452],[121.82855332587813,13.467063031334247]]]}},{"type":"Feature","properties":{"Id":0,"CLN":"7270","PSGC":"174001008","Barangay":"Balogo","Land_Class":"AGRICULTURAL","PIN":"030-01-009-03-077","Owner":"MAZON, ADELAIDA","TaxDecNo":"06456"},"geometry":{"type":"Polygon","coordinates":[[[121.82904045959847,13.467222941208416],[121.82890374471769,13.467057806043892],[121.82869915773256,13.467233812707953],[121.82880787231943,13.467396325093546],[121.82904045959847,13.467222941208416]]]}},{"type":"Feature","properties":{"Id":0,"CLN":"7270pt.","PSGC":"174001008","Barangay":"Balogo","Land_Class":"AGRICULTURAL","PIN":"030-01-009-03-080","Owner":"MAZON, ADELAIDA","TaxDecNo":"06461"},"geometry":{"type":"Polygon","coordinates":[[[121.82938876975813,13.467425554861801],[121.82913515571204,13.467126178969634],[121.82904045959847,13.467222941208416],[121.82917970911957,13.467390580515419],[121.8292631764971,13.467508111978246],[121.82938876975813,13.467425554861801]]]}},{"type":"Feature","properties":{"Id":0,"CLN":"7270","PSGC":"174001008","Barangay":"Balogo","Land_Class":"AGRICULTURAL","PIN":"030-01-009-03-025","Owner":"MAZON, RUSTICO","TaxDecNo":"06403"},"geometry":{"type":"Polygon","coordinates":[[[121.82925196274084,13.467014462152761],[121.82950568923391,13.467343147418216],[121.82963121694446,13.467235662648513],[121.82936526864943,13.466937828836867],[121.82925196274084,13.467014462152761]]]}},{"type":"Feature","properties":{"Id":0,"CLN":"7270pt.","PSGC":"174001008","Barangay":"Balogo","Land_Class":"AGRICULTURAL","PIN":"030-01-009-03-079","Owner":"MAZON, RODEL","TaxDecNo":"06459"},"geometry":{"type":"Polygon","coordinates":[[[121.82890892860819,13.46677743566526],[121.82913515571204,13.467126178969634],[121.82922985174919,13.467029416688211],[121.82904316310349,13.466667149504502],[121.82890892860819,13.46677743566526]]]}},{"type":"Feature","properties":{"Id":0,"CLN":"7270pt.","PSGC":"174001008","Barangay":"Balogo","Land_Class":"AGRICULTURAL","PIN":"030-01-009-03-078","Owner":"MAZON, RICARDO","TaxDecNo":"06457"},"geometry":{"type":"Polygon","coordinates":[[[121.82913515571204,13.467126178969634],[121.82890892860819,13.46677743566526],[121.82877469399165,13.466887721743309],[121.82890374471769,13.467057806043892],[121.82904045959847,13.467222941208416],[121.82913515571204,13.467126178969634]]]}},{"type":"Feature","properties":{"Id":0,"CLN":"7108","PSGC":"174001008","Barangay":"Balogo","Land_Class":"AGRICULTURAL","PIN":"030-01-009-03-142","Owner":"LABAGUIS, MARTA","TaxDecNo":"06519"},"geometry":{"type":"Polygon","coordinates":[[[121.82836552661162,13.467177297094441],[121.82801291839876,13.4668026342982],[121.8278911283987,13.466904740571174],[121.82793944938426,13.466958541448829],[121.82801932970808,13.467028077935389],[121.8281029935403,13.467105109228019],[121.82824347312938,13.46728147811942],[121.82836552661162,13.467177297094441]]]}},{"type":"Feature","properties":{"Id":0,"CLN":"7108","PSGC":"174001008","Barangay":"Balogo","Land_Class":"AGRICULTURAL","PIN":"030-01-009-03-144","Owner":"LABAGUIS, MARTA","TaxDecNo":"06522"},"geometry":{"type":"Polygon","coordinates":[[[121.82829869709433,13.466561166664993],[121.82864633261399,13.466937609296851],[121.8287545275561,13.466845257032958],[121.82840749088659,13.466464795354904],[121.82829869709433,13.466561166664993]]]}},{"type":"Feature","properties":{"Id":0,"CLN":"7107","PSGC":"174001008","Barangay":"Balogo","Land_Class":"AGRICULTURAL","PIN":"030-01-009-03-097","Owner":"MONTALBAN, VIRGILIO M.","TaxDecNo":"29673"},"geometry":{"type":"Polygon","coordinates":[[[121.8287323723325,13.46642643128993],[121.82850310866039,13.466178615571568],[121.82831383800324,13.466347216174263],[121.82840749088659,13.466464795354904],[121.82852729815461,13.46659614209922],[121.8287323723325,13.46642643128993]]]}},{"type":"Feature","properties":{"Id":0,"CLN":"7106","PSGC":"174001008","Barangay":"Balogo","Land_Class":"AGRICULTURAL","PIN":"030-01-009-03-076","Owner":"ITURALDE, MARIO M. ITURALDE, LEA M.","TaxDecNo":"06455"},"geometry":{"type":"Polygon","coordinates":[[[121.82861818916528,13.466079456122719],[121.82905371913527,13.466591180607583],[121.82914580173458,13.466508114342759],[121.82887491929674,13.46617785596973],[121.82873326957632,13.46598029661267],[121.82861818916528,13.466079456122719]]]}},{"type":"Feature","properties":{"Id":0,"CLN":"7274","PSGC":"174001008","Barangay":"Balogo","Land_Class":"AGRICULTURAL","PIN":"030-01-009-03-074","Owner":"ANDRES, LUCIA M.","TaxDecNo":"06453"},"geometry":{"type":"Polygon","coordinates":[[[121.82979466808267,13.466615817042966],[121.82946243838035,13.466856032353748],[121.8296853736116,13.467096340650308],[121.8299149773297,13.467012668266465],[121.82979466808267,13.466615817042966]]]}},{"type":"Feature","properties":{"Id":0,"CLN":"7109","PSGC":"174001008","Barangay":"Balogo","Land_Class":"RESIDENTIAL","PIN":"030-01-009-03-086","Owner":"OSACDIN, CALIXTO","TaxDecNo":"06467"},"geometry":{"type":"Polygon","coordinates":[[[121.82799076003549,13.466821211433286],[121.82788730128294,13.466691568225766],[121.8277822578186,13.466780933605548],[121.82780457255686,13.466808368694421],[121.8278911283987,13.466904740571174],[121.82799076003549,13.466821211433286]]]}},{"type":"Feature","properties":{"Id":0,"CLN":"7109","PSGC":"174001008","Barangay":"Balogo","Land_Class":"AGRICULTURAL","PIN":"030-01-009-03-083","Owner":"MARTICIO, ALEX","TaxDecNo":"06464"},"geometry":{"type":"Polygon","coordinates":[[[121.82788730128294,13.466691568225766],[121.82799076003549,13.466821211433286],[121.82825914700615,13.466596200743579],[121.82814731262009,13.46647036393975],[121.82788730128294,13.466691568225766]]]}},{"type":"Feature","properties":{"Id":0,"CLN":"7263","PSGC":"174001008","Barangay":"Balogo","Land_Class":"AGRICULTURAL","PIN":"030-01-009-03-092","Owner":"MAGALANG, LIGAYA M.","TaxDecNo":"06474"},"geometry":{"type":"Polygon","coordinates":[[[121.82920842861184,13.468306460957072],[121.82939504720956,13.468502030055435],[121.82966205456933,13.46828454742058],[121.82989379411539,13.468285626576103],[121.83002722220908,13.468079378910854],[121.83003066523764,13.46789495759528],[121.82995474017767,13.467797400640437],[121.82979654070057,13.467802206504555],[121.82920842861184,13.468306460957072]]]}},{"type":"Feature","properties":{"Id":0,"CLN":"7217","PSGC":"174001008","Barangay":"Balogo","Land_Class":"RESIDENTIAL","PIN":"030-01-009-01-075","Owner":"SALVO, CHONA L.","TaxDecNo":"06194"},"geometry":{"type":"Polygon","coordinates":[[[121.82500003965849,13.470180025037836],[121.82486789570751,13.470294831446145],[121.82502602433601,13.470433057220784],[121.82514695864795,13.470318170735942],[121.82500003965849,13.470180025037836]]]}},{"type":"Feature","properties":{"Id":0,"CLN":"7217","PSGC":"174001008","Barangay":"Balogo","Land_Class":"AGRICULTURAL","PIN":null},"geometry":{"type":"Polygon","coordinates":[[[121.82520723740743,13.470437792856266],[121.82517249017108,13.470399745835604],[121.825064172263,13.470466403623453],[121.82510232020056,13.470499750021073],[121.82520723740743,13.470437792856266]]]}},{"type":"Feature","properties":{"Id":0,"CLN":"7217","PSGC":"174001008","Barangay":"Balogo","Land_Class":"AGRICULTURAL","PIN":"030-01-009-03-012"},"geometry":{"type":"Polygon","coordinates":[[[121.82517249017108,13.470399745835604],[121.82520723740743,13.470437792856266],[121.82574252913773,13.470121683725571],[121.82570608959567,13.470071372659962],[121.82517249017108,13.470399745835604]]]}},{"type":"Feature","properties":{"Id":0,"CLN":"7217","PSGC":"174001008","Barangay":"Balogo","Land_Class":"RESIDENTIAL","PIN":"030-01-009-01-112","Owner":"LABAGUIS, ARIEL & LABAGUIS, ROSENIE L.","TaxDecNo":"06230"},"geometry":{"type":"Polygon","coordinates":[[[121.82517249017108,13.470399745835604],[121.82512073856476,13.470343079589112],[121.82502602433601,13.470433057220784],[121.825064172263,13.470466403623453],[121.82517249017108,13.470399745835604]]]}},{"type":"Feature","properties":{"Id":0,"CLN":"7453","PSGC":"174001008","Barangay":"Balogo","Land_Class":"AGRICULTURAL","PIN":"030-01-009-01-077","Owner":"MAYOR MADLA, ROBERTO M.","TaxDecNo":"06195"},"geometry":{"type":"Polygon","coordinates":[[[121.82631415152024,13.470372690157832],[121.82595092186563,13.469845920951109],[121.82566896159119,13.47002011102807],[121.82574252913773,13.470121683725571],[121.82606230299204,13.470464358859255],[121.82631415152024,13.470372690157832]]]}},{"type":"Feature","properties":{"Id":0,"CLN":"7453","PSGC":"174001008","Barangay":"Balogo","Land_Class":"AGRICULTURAL","PIN":"030-01-009-01-079"},"geometry":{"type":"Polygon","coordinates":[[[121.8263245944158,13.469597123645029],[121.82618301995566,13.469405807174383],[121.82606716277526,13.469281195454222],[121.8259540209011,13.469186876145738],[121.82585049361303,13.469375281390136],[121.82613719264872,13.469739151288605],[121.8263245944158,13.469597123645029]]]}},{"type":"Feature","properties":{"Id":0,"CLN":"7216","PSGC":"174001008","Barangay":"Balogo","Land_Class":"AGRICULTURAL","PIN":"030-01-009-01-004","Owner":"MONTEVIRGEN, ELPIDIO FERDINAND M.","TaxDecNo":"06134"},"geometry":{"type":"Polygon","coordinates":[[[121.8252383440303,13.469362221704667],[121.82548169744035,13.469761560088237],[121.82555962519815,13.46940500506085],[121.82558691817549,13.469319056644329],[121.82566523407633,13.469290730668819],[121.82567023672752,13.469266844053175],[121.825295333661,13.469250200201207],[121.82528273808863,13.469276353278948],[121.8252703947394,13.469302596565164],[121.8252383440303,13.469362221704667]]]}},{"type":"Feature","properties":{"Id":0,"CLN":"7216","PSGC":"174001008","Barangay":"Balogo","Land_Class":"AGRICULTURAL","PIN":"030-01-009-01-081","Owner":"MARLON A. TARAN AND EDEN C. TARAN","TaxDecNo":"31217"},"geometry":{"type":"Polygon","coordinates":[[[121.8252959199873,13.469456702901386],[121.8252383440303,13.469362221704667],[121.82521124932266,13.469407524014612],[121.8248814446463,13.46940598186298],[121.82485876253966,13.469470531251007],[121.82504446681307,13.469559547757616],[121.8252959199873,13.469456702901386]]]}},{"type":"Feature","properties":{"Id":0,"CLN":"7216pt.","PSGC":"174001008","Barangay":"Balogo","Land_Class":"AGRICULTURAL","PIN":"030-01-009-01-080","Owner":"MARLON A. TARAN AND EDEN C. TARAN","TaxDecNo":"31216"},"geometry":{"type":"Polygon","coordinates":[[[121.82481471786883,13.469595874716248],[121.82501353013674,13.469701479922875],[121.82504446681307,13.469559547757616],[121.82485876253966,13.469470531251007],[121.82481471786883,13.469595874716248]]]}},{"type":"Feature","properties":{"Id":0,"CLN":"7216pt.","PSGC":"174001008","Barangay":"Balogo","Land_Class":"AGRICULTURAL","PIN":"030-01-009-01-087","Owner":"OSACDIN, ENRIQUETA","TaxDecNo":"06204"},"geometry":{"type":"Polygon","coordinates":[[[121.82501353013674,13.469701479922875],[121.82481471786883,13.469595874716248],[121.82477067314716,13.46972121816875],[121.82475252172755,13.469772873838329],[121.82496749476977,13.46991268190804],[121.82501353013674,13.469701479922875]]]}},{"type":"Feature","properties":{"Id":0,"CLN":"7216pt.","PSGC":"174001008","Barangay":"Balogo","Land_Class":"AGRICULTURAL","PIN":"030-01-009-01-083","Owner":"OSACDIN, PAZ","TaxDecNo":"06200"},"geometry":{"type":"Polygon","coordinates":[[[121.82538880865766,13.469609131508081],[121.82518010705208,13.469761406472644],[121.82533121578994,13.469892299025231],[121.82548169744035,13.469761560088237],[121.82538880865766,13.469609131508081]]]}},{"type":"Feature","properties":{"Id":0,"CLN":"7216pt.","PSGC":"174001008","Barangay":"Balogo","Land_Class":"AGRICULTURAL","PIN":"030-01-009-01-085","Owner":"OSACDIN, ALVARO","TaxDecNo":"06202"},"geometry":{"type":"Polygon","coordinates":[[[121.82522002281122,13.469988903681427],[121.82499051246526,13.469807080917787],[121.82496749476977,13.46991268190804],[121.82507295899492,13.469981270617572],[121.82498412956062,13.47002869518856],[121.82507623115852,13.470113829924303],[121.82522002281122,13.469988903681427]]]}},{"type":"Feature","properties":{"Id":0,"CLN":"7216pt.","PSGC":"174001008","Barangay":"Balogo","Land_Class":"AGRICULTURAL","PIN":"030-01-009-01-086","Owner":"OSACDIN, AGUSTIN","TaxDecNo":"06203"},"geometry":{"type":"Polygon","coordinates":[[[121.82499051246526,13.469807080917787],[121.82522002281122,13.469988903681427],[121.82533121578994,13.469892299025231],[121.82502899848035,13.46963051384131],[121.82499051246526,13.469807080917787]]]}},{"type":"Feature","properties":{"Id":0,"CLN":"7216pt.","PSGC":"174001008","Barangay":"Balogo","Land_Class":"RESIDENTIAL","PIN":"030-01-009-01-049","Owner":"KAWANQUE, LINA M.","TaxDecNo":"06173"},"geometry":{"type":"Polygon","coordinates":[[[121.82461160334194,13.469932512766661],[121.82448883627539,13.470040495957656],[121.82467836588809,13.470167663765826],[121.82481931295358,13.470051230416434],[121.82461160334194,13.469932512766661]]]}},{"type":"Feature","properties":{"Id":0,"CLN":"7216","PSGC":"174001008","Barangay":"Balogo","Land_Class":"AGRICULTURAL","PIN":"030-01-009-01-052"},"geometry":{"type":"Polygon","coordinates":[[[121.82500003965849,13.470180025037836],[121.8248138839814,13.470055715177732],[121.82467836588809,13.470167663765826],[121.82486789570751,13.470294831446145],[121.82500003965849,13.470180025037836]]]}},{"type":"Feature","properties":{"Id":0,"CLN":"7216","PSGC":"174001008","Barangay":"Balogo","Land_Class":"AGRICULTURAL","PIN":"030-01-009-01-074","Owner":"MAGTURO, PEDRO","TaxDecNo":"06193"},"geometry":{"type":"Polygon","coordinates":[[[121.8248138839814,13.470055715177732],[121.82500003965849,13.470180025037836],[121.82507623115852,13.470113829924303],[121.82498412956062,13.47002869518856],[121.82507295899492,13.469981270617572],[121.82475252172755,13.469772873838329],[121.82473437029928,13.46982452950573],[121.82461160334194,13.469932512766661],[121.82481931295358,13.470051230416434],[121.8248138839814,13.470055715177732]]]}},{"type":"Feature","properties":{"Id":0,"CLN":"7198","PSGC":"174001008","Barangay":"Balogo","Land_Class":"AGRICULTURAL","PIN":"030-01-009-02-090"},"geometry":{"type":"Polygon","coordinates":[[[121.82198984439825,13.467500245594842],[121.82168898913199,13.467848472812014],[121.82188977488019,13.468029881054175],[121.82219126110655,13.467671706410846],[121.82198984439825,13.467500245594842]]]}},{"type":"Feature","properties":{"Id":0,"CLN":"7198","PSGC":"174001008","Barangay":"Balogo","Land_Class":"AGRICULTURAL","PIN":"030-01-009-02-093","Owner":"VILLAREAL, LEOPOLDO SAGNIT","TaxDecNo":"06321"},"geometry":{"type":"Polygon","coordinates":[[[121.82198984439825,13.467500245594842],[121.8217884279803,13.467328784638662],[121.82132295968563,13.467517767208347],[121.82168898913199,13.467848472812014],[121.82198984439825,13.467500245594842]]]}},{"type":"Feature","properties":{"Id":0,"CLN":"7198","PSGC":"174001008","Barangay":"Balogo","Land_Class":"AGRICULTURAL","PIN":"030-01-009-02-092","Owner":"BUNAG, GERALDINE S.","TaxDecNo":"06319"},"geometry":{"type":"Polygon","coordinates":[[[121.82249502411346,13.468177881873267],[121.82230860869652,13.468024756784786],[121.82215186012887,13.468266672259647],[121.82224430885937,13.468350198525947],[121.82233996076943,13.46843340187276],[121.82249502411346,13.468177881873267]]]}},{"type":"Feature","properties":{"Id":0,"CLN":"7198","PSGC":"174001008","Barangay":"Balogo","Land_Class":"AGRICULTURAL","PIN":"030-01-009-02-091","Owner":"LOZANO, ROSA","TaxDecNo":"06318"},"geometry":{"type":"Polygon","coordinates":[[[121.82249502411346,13.468177881873267],[121.82259409539425,13.468014627622377],[121.82219126110655,13.467671706410846],[121.82188977488019,13.468029881054175],[121.82215186012887,13.468266672259647],[121.82230860869652,13.468024756784786],[121.82249502411346,13.468177881873267]]]}},{"type":"Feature","properties":{"Id":0,"CLN":"7324","PSGC":"174001008","Barangay":"Balogo","Land_Class":"AGRICULTURAL","PIN":"030-01-009-05-064","Owner":"MAZON, LAUREANO","TaxDecNo":"06686"},"geometry":{"type":"Polygon","coordinates":[[[121.83056204716891,13.464017836569099],[121.83034256042636,13.464188946991534],[121.83040817104028,13.464273027406563],[121.83054811763229,13.464434532301901],[121.83063642677706,13.464351526014758],[121.83075918149774,13.464244923943529],[121.83059282983218,13.464055634959047],[121.83059283129774,13.464055516482642],[121.83056204716891,13.464017836569099]]]}},{"type":"Feature","properties":{"Id":0,"CLN":"7324pt.","PSGC":"174001008","Barangay":"Balogo","Land_Class":"AGRICULTURAL","PIN":"030-01-009-05-055","Owner":"MAZON, LAUREANO","TaxDecNo":"06677"},"geometry":{"type":"Polygon","coordinates":[[[121.83034947632964,13.463757648495674],[121.83013690594125,13.463497460274679],[121.83002789035233,13.463571724835973],[121.83023046132742,13.463837420653535],[121.83034947632964,13.463757648495674]]]}},{"type":"Feature","properties":{"Id":0,"CLN":"7335","PSGC":"174001008","Barangay":"Balogo","Land_Class":"AGRICULTURAL","PIN":"030-01-009-05-063","Owner":"MONTALAN, SONIA","TaxDecNo":"06684"},"geometry":{"type":"Polygon","coordinates":[[[121.83059911408408,13.463315938750972],[121.83108806287619,13.463966566726537],[121.83122461290075,13.463843319979755],[121.83074904585837,13.463185607674047],[121.83061118055635,13.463304403462493],[121.83059911408408,13.463315938750972]]]}},{"type":"Feature","properties":{"Id":0,"CLN":"7352pt.","PSGC":"174001008","Barangay":"Balogo","Land_Class":"AGRICULTURAL","PIN":"030-01-009-07-040","Owner":"LARGO, VICENTICO & LARGO, LUZVIMINDA F.","TaxDecNo":"06808"},"geometry":{"type":"Polygon","coordinates":[[[121.83297825529526,13.463835484045836],[121.83255951229201,13.463218946110961],[121.8324420815426,13.46327821831153],[121.83241901768187,13.463308019981186],[121.83285871844912,13.463931297080313],[121.83297825529526,13.463835484045836]]]}},{"type":"Feature","properties":{"Id":0,"CLN":"7318","PSGC":"174001008","Barangay":"Balogo","Land_Class":"AGRICULTURAL","PIN":"030-01-009-05-065","Owner":"TAN, CRISTINA JOSEFINA","TaxDecNo":"31130"},"geometry":{"type":"Polygon","coordinates":[[[121.83031712626364,13.464156352932553],[121.83019491928212,13.464250004128235],[121.8304408336364,13.464539035122208],[121.83054811763229,13.464434532301901],[121.83040817104028,13.464273027406563],[121.83031712626364,13.464156352932553]]]}},{"type":"Feature","properties":{"Id":0,"CLN":"7318pt.","PSGC":"174001008","Barangay":"Balogo","Land_Class":"RESIDENTIAL","PIN":"030-01-009-05-050","Owner":"MERCENE, SOLEDAD","TaxDecNo":"06673"},"geometry":{"type":"Polygon","coordinates":[[[121.83013071732883,13.463917468240423],[121.82999609662556,13.464016320865476],[121.83019491928212,13.464250004128235],[121.83031712626364,13.464156352932553],[121.83013071732883,13.463917468240423]]]}},{"type":"Feature","properties":{"Id":0,"CLN":"7295","PSGC":"174001008","Barangay":"Balogo","Land_Class":"RESIDENTIAL","PIN":"030-01-009-05-071","Owner":"OLAVIDEZ, JUNE P. & OLAVIDEZ, MARY GRACE M.","TaxDecNo":"06692"},"geometry":{"type":"Polygon","coordinates":[[[121.8292668196261,13.465068604241042],[121.8293997897756,13.464956234903124],[121.82924780456007,13.464789367263428],[121.82895120859106,13.465033902050395],[121.8290793773921,13.465210628498879],[121.8292668196261,13.465068604241042]]]}},{"type":"Feature","properties":{"Id":0,"CLN":"7295","PSGC":"174001008","Barangay":"Balogo","Land_Class":"RESIDENTIAL","PIN":"030-01-009-05-072","Owner":"OLAVIDEZ, JUNE P. & OLAVIDEZ, MARY GRACE M.","TaxDecNo":"06692"},"geometry":{"type":"Polygon","coordinates":[[[121.82957247073458,13.465056734923921],[121.82946108476291,13.46491996520742],[121.8293997897756,13.464956234903124],[121.8292668196261,13.465068604241042],[121.82937817322627,13.465212020278896],[121.82957247073458,13.465056734923921]]]}},{"type":"Feature","properties":{"Id":0,"CLN":"7282","PSGC":"174001008","Barangay":"Balogo","Land_Class":"AGRICULTURAL","PIN":"030-01-009-03-118","Owner":"MUTYA, RICARDO","TaxDecNo":"06495"},"geometry":{"type":"Polygon","coordinates":[[[121.82973080509868,13.46571434052364],[121.82983715794744,13.465884580118004],[121.82993959147545,13.465825288201499],[121.82983364851916,13.465654747493405],[121.82973080509868,13.46571434052364]]]}},{"type":"Feature","properties":{"Id":0,"CLN":"7282","PSGC":"174001008","Barangay":"Balogo","Land_Class":"AGRICULTURAL","PIN":"030-01-009-03-119","Owner":"LABAGUIS, BERNARDO","TaxDecNo":"06496"},"geometry":{"type":"Polygon","coordinates":[[[121.82983715794744,13.465884580118004],[121.82973080509868,13.46571434052364],[121.82939814625813,13.465907100504078],[121.82951172107859,13.466072953258207],[121.82983715794744,13.465884580118004]]]}},{"type":"Feature","properties":{"Id":0,"CLN":"7282","PSGC":"174001008","Barangay":"Balogo","Land_Class":"AGRICULTURAL","PIN":"030-01-009-03-116","Owner":"PINEDA, THERESA E.","TaxDecNo":"06494"},"geometry":{"type":"Polygon","coordinates":[[[121.82957825266539,13.465570897484108],[121.82928457158877,13.465741247709206],[121.82935824957292,13.465848839508006],[121.82965244121173,13.465682870884486],[121.82958259401939,13.46557155673799],[121.82957670985388,13.465575356540702],[121.82957825266539,13.465570897484108]]]}},{"type":"Feature","properties":{"Id":0,"CLN":"7282","PSGC":"174001008","Barangay":"Balogo","Land_Class":"RESIDENTIAL","PIN":"030-01-009-03-129","Owner":"MALAPAD, JOLLY","TaxDecNo":"06508"},"geometry":{"type":"Polygon","coordinates":[[[121.82963472848097,13.465770012435494],[121.82960014051943,13.465712376436723],[121.82935824957292,13.465848839508006],[121.82939814625813,13.465907100504078],[121.82963472848097,13.465770012435494]]]}},{"type":"Feature","properties":{"Id":0,"CLN":"7282","PSGC":"174001008","Barangay":"Balogo","Land_Class":"RESIDENTIAL","PIN":"030-01-009-03-117"},"geometry":{"type":"Polygon","coordinates":[[[121.82960014051943,13.465712376436723],[121.82963472848097,13.465770012435494],[121.82983364851916,13.465654747493405],[121.82972770570647,13.465484206750665],[121.82957825266539,13.465570897484108],[121.82957670985388,13.465575356540702],[121.82958259401939,13.46557155673799],[121.82965244121173,13.465682870884486],[121.82960014051943,13.465712376436723]]]}},{"type":"Feature","properties":{"Id":0,"CLN":"7282","PSGC":"174001008","Barangay":"Balogo","Land_Class":"AGRICULTURAL","PIN":"030-01-009-03-109"},"geometry":{"type":"Polygon","coordinates":[[[121.83014078928571,13.465748073723827],[121.82981496691998,13.465242973382898],[121.8296833782532,13.465351961831887],[121.82996011513642,13.465813408418345],[121.83004993576593,13.465761417191075],[121.83014078928571,13.465748073723827]]]}},{"type":"Feature","properties":{"Id":0,"CLN":"7282","PSGC":"174001008","Barangay":"Balogo","Land_Class":"AGRICULTURAL","PIN":"030-01-009-03-150","Owner":"LABAGUIS, ELVIRA","TaxDecNo":"06528"},"geometry":{"type":"Polygon","coordinates":[[[121.83002749962263,13.465572451307155],[121.83012455215616,13.465516930946551],[121.83024579726687,13.465732651377015],[121.83032134442797,13.465721555862876],[121.83033865178064,13.465697335533854],[121.83024222668533,13.465495002610364],[121.83003528085048,13.465239814895332],[121.82994655546926,13.465133984854338],[121.82981496691998,13.465242973382898],[121.83002749962263,13.465572451307155]]]}},{"type":"Feature","properties":{"Id":0,"CLN":"7282","PSGC":"174001008","Barangay":"Balogo","Land_Class":"RESIDENTIAL","PIN":"030-01-009-03-111","Owner":"MALAGOTNOT, BRYAN M.","TaxDecNo":"06490"},"geometry":{"type":"Polygon","coordinates":[[[121.82893960922384,13.465020025630837],[121.8288870676847,13.4649571697253],[121.82885604673933,13.46498145379582],[121.82879844772985,13.46502654389977],[121.82884348442009,13.465093854561088],[121.82893960922384,13.465020025630837]]]}},{"type":"Feature","properties":{"Id":0,"CLN":"7282","PSGC":"174001008","Barangay":"Balogo","Land_Class":"RESIDENTIAL","PIN":"030-01-009-03-112","Owner":"MONTEAGUDO, MACRINA S.","TaxDecNo":"06491"},"geometry":{"type":"Polygon","coordinates":[[[121.82893960922384,13.465020025630837],[121.82884348442009,13.465093854561088],[121.82888852113453,13.46516116521606],[121.82898891806393,13.465085898052637],[121.82895120859106,13.465033902050395],[121.82893960922384,13.465020025630837]]]}},{"type":"Feature","properties":{"Id":0,"CLN":"7282","PSGC":"174001008","Barangay":"Balogo","Land_Class":"RESIDENTIAL","PIN":"030-01-009-03-070","Owner":"RIVAMONTE, RYAN B.","TaxDecNo":"06451"},"geometry":{"type":"Polygon","coordinates":[[[121.82908244216996,13.465446077996942],[121.8291634384506,13.4655643570139],[121.82929955721715,13.46547455849268],[121.82921803497317,13.465351708271744],[121.82908244216996,13.465446077996942]]]}},{"type":"Feature","properties":{"Id":0,"CLN":"7282","PSGC":"174001008","Barangay":"Balogo","Land_Class":"AGRICULTURAL","PIN":"030-01-009-03-148","Owner":"LABAGUIS, VICENTE","TaxDecNo":"06526"},"geometry":{"type":"Polygon","coordinates":[[[121.8296602505151,13.465160162727129],[121.82957247073455,13.465056734923923],[121.82937817322627,13.465212020278896],[121.82946013786504,13.465333329388308],[121.8296602505151,13.465160162727129]]]}},{"type":"Feature","properties":{"Id":0,"CLN":"7282","PSGC":"174001008","Barangay":"Balogo","Land_Class":"RESIDENTIAL","PIN":"030-01-009-03-147","Owner":"ILAGAN, REINAN J.","TaxDecNo":"30690"},"geometry":{"type":"Polygon","coordinates":[[[121.82969963718509,13.465338495364355],[121.82960919567708,13.465204342862888],[121.82946013786504,13.465333329388308],[121.82954210258345,13.465454638476539],[121.82965587543626,13.46537862419666],[121.82972770570647,13.465484206750665],[121.82993959147545,13.465825288201499],[121.82996011513642,13.465813408418345],[121.8296833782532,13.465351961831887],[121.82969963718509,13.465338495364355]]]}},{"type":"Feature","properties":{"Id":0,"CLN":"7282","PSGC":"174001008","Barangay":"Balogo","Land_Class":"RESIDENTIAL","PIN":"030-01-009-03-108"},"geometry":{"type":"Polygon","coordinates":[[[121.82984180509804,13.465220744612548],[121.82975049246048,13.46508475098676],[121.8296602505151,13.465160162727129],[121.82960919567708,13.465204342862888],[121.82969963718509,13.465338495364355],[121.82984180509804,13.465220744612548]]]}},{"type":"Feature","properties":{"Id":0,"CLN":"7282","PSGC":"174001008","Barangay":"Balogo","Land_Class":"RESIDENTIAL","PIN":"030-01-009-03-202"},"geometry":{"type":"Polygon","coordinates":[[[121.82989418029297,13.46517736473977],[121.82979561341227,13.465047045102546],[121.82975049246048,13.46508475098676],[121.82984180509804,13.465220744612548],[121.82989418029297,13.46517736473977]]]}},{"type":"Feature","properties":{"Id":0,"CLN":"7282","PSGC":"174001008","Barangay":"Balogo","Land_Class":"RESIDENTIAL","PIN":null},"geometry":{"type":"Polygon","coordinates":[[[121.82979561341227,13.465047045102546],[121.82989418029297,13.46517736473977],[121.82994655546926,13.465133984854338],[121.8298578301648,13.465028154787543],[121.82984073435006,13.4650093392089],[121.82979561341227,13.465047045102546]]]}},{"type":"Feature","properties":{"Id":0,"CLN":"7282","PSGC":"174001008","Barangay":"Balogo","Land_Class":"AGRICULTURAL","PIN":"030-01-009-03-113"},"geometry":{"type":"Polygon","coordinates":[[[121.8292407947809,13.465386006255118],[121.82941915553572,13.465272674836255],[121.82937817322627,13.465212020278896],[121.82926681962611,13.465068604241006],[121.8290793773921,13.465210628498879],[121.82898891806393,13.465085898052637],[121.82888852113453,13.46516116521606],[121.82893897943686,13.465236578778907],[121.82908244216996,13.465446077996942],[121.82921803497317,13.465351708271744],[121.8292407947809,13.465386006255118]]]}},{"type":"Feature","properties":{"Id":0,"CLN":"7297pt.","PSGC":"174001008","Barangay":"Balogo","Land_Class":"AGRICULTURAL","PIN":"030-01-009-03-059","Owner":"MICIANO, LEA A.","TaxDecNo":"06442"},"geometry":{"type":"Polygon","coordinates":[[[121.829125502662,13.46450316555178],[121.8289323947097,13.464673376837792],[121.8290371603943,13.464814971607952],[121.829234885475,13.464653056078385],[121.829125502662,13.46450316555178]]]}},{"type":"Feature","properties":{"Id":0,"CLN":"7297pt.","PSGC":"174001008","Barangay":"Balogo","Land_Class":"AGRICULTURAL","PIN":"030-01-009-03-058","Owner":"LABAGUIS, SIMEON","TaxDecNo":"06441"},"geometry":{"type":"Polygon","coordinates":[[[121.829125502662,13.46450316555178],[121.82901611998125,13.464353274986912],[121.82882762914494,13.464531782032456],[121.8289323947097,13.464673376837792],[121.829125502662,13.46450316555178]]]}},{"type":"Feature","properties":{"Id":0,"CLN":"7297","PSGC":"174001008","Barangay":"Balogo","Land_Class":"AGRICULTURAL","PIN":"030-01-009-03-056","Owner":"SAN ANDRES, SUSAN QUINDOZA","TaxDecNo":"06439"},"geometry":{"type":"Polygon","coordinates":[[[121.82889857599072,13.464192200475033],[121.8288942130343,13.464186221763185],[121.8287896994365,13.464032867843102],[121.82860537836187,13.46423140065395],[121.82871650368598,13.464381591363],[121.82889857599072,13.464192200475033]]]}},{"type":"Feature","properties":{"Id":0,"CLN":"7309pt.","PSGC":"174001008","Barangay":"Balogo","Land_Class":"AGRICULTURAL","PIN":"030-01-009-03-061","Owner":"MENDOZA, RUFINO","TaxDecNo":"06444"},"geometry":{"type":"Polygon","coordinates":[[[121.82947710300732,13.46372036613967],[121.82927582193007,13.463915497337807],[121.8294580743971,13.464142323401502],[121.82969319638148,13.46397061199214],[121.82947710300732,13.46372036613967]]]}},{"type":"Feature","properties":{"Id":0,"CLN":"7392","PSGC":"174001008","Barangay":"Balogo","Land_Class":"RESIDENTIAL","PIN":"030-01-009-06-048","Owner":"MONTELOYOLA, HERMANICO","TaxDecNo":"06743"},"geometry":{"type":"Polygon","coordinates":[[[121.82998948550866,13.462586424181985],[121.82989676559359,13.46265363786229],[121.82996376419176,13.46272089393668],[121.8300557321475,13.462661037094621],[121.82998948550866,13.462586424181985]]]}},{"type":"Feature","properties":{"Id":0,"CLN":"7392","PSGC":"174001008","Barangay":"Balogo","Land_Class":"RESIDENTIAL","PIN":"030-01-009-06-049","Owner":"MONTELEYOLA, FLORENTINA","TaxDecNo":"06744"},"geometry":{"type":"Polygon","coordinates":[[[121.82998948550866,13.462586424181985],[121.82992323891035,13.462511811254766],[121.82982976703268,13.462586381772722],[121.82989676559359,13.46265363786229],[121.82998948550866,13.462586424181985]]]}},{"type":"Feature","properties":{"Id":0,"CLN":"7392","PSGC":"174001008","Barangay":"Balogo","Land_Class":null,"PIN":"030-01-009-06-041"},"geometry":{"type":"Polygon","coordinates":[[[121.82985699235265,13.462437198313046],[121.82976276850924,13.462519125668033],[121.82982976703268,13.462586381772722],[121.82992323891035,13.462511811254766],[121.82985699235265,13.462437198313046]]]}},{"type":"Feature","properties":{"Id":0,"CLN":"7068pt.","PSGC":"174001008","Barangay":"Balogo","Land_Class":"AGRICULTURAL","PIN":"030-01-009-04-060","Owner":"ESPINO, EUGENIO JR. & ESPINO, JULIETA L.","TaxDecNo":"06590"},"geometry":{"type":"Polygon","coordinates":[[[121.82709954740832,13.464346789899988],[121.82726020914114,13.464582078335223],[121.82717190925764,13.46464672876055],[121.8274732007213,13.465029229626749],[121.82759491261952,13.464941005791792],[121.82727930201548,13.46456322076927],[121.82738152803623,13.464488925832539],[121.8272171436903,13.464253873782766],[121.8271957367355,13.464269611073616],[121.82714302684053,13.464308360656611],[121.82709954740832,13.464346789899988]]]}},{"type":"Feature","properties":{"Id":0,"CLN":"7068","PSGC":"174001008","Barangay":"Balogo","Land_Class":"AGRICULTURAL","PIN":"030-01-009-04-060","Owner":"ESPINO, EUGENIO JR. & ESPINO, JULIETA L.","TaxDecNo":"06590"},"geometry":{"type":"Polygon","coordinates":[[[121.82725435348407,13.464751394960018],[121.82712871244402,13.464856573917391],[121.82735148873618,13.465117453394848],[121.8274732007213,13.465029229626749],[121.82725435348407,13.464751394960018]]]}},{"type":"Feature","properties":{"Id":0,"CLN":"7077","PSGC":"174001008","Barangay":"Balogo","Land_Class":"AGRICULTURAL","PIN":"030-01-009-04-075","Owner":"SPOUSES MAAÑO, FERDINAND O. & MAAÑO, LORELIE C.","TaxDecNo":"06606"},"geometry":{"type":"Polygon","coordinates":[[[121.82787829869689,13.46445136449016],[121.82799191164447,13.46460451453814],[121.82807247364117,13.46453385688522],[121.82794477580873,13.464396841768002],[121.82787829869689,13.46445136449016]]]}},{"type":"Feature","properties":{"Id":0,"CLN":"7433","PSGC":"174001008","Barangay":"Balogo","Land_Class":"AGRICULTURAL","PIN":"030-01-009-06-065","Owner":"RABI, LORNA M.","TaxDecNo":"06759"},"geometry":{"type":"Polygon","coordinates":[[[121.82741686414616,13.463431970179606],[121.82663107474771,13.462427955574832],[121.82640716211918,13.46254604433642],[121.82632824432918,13.462600467156141],[121.82640651835135,13.462678138248982],[121.82670572121378,13.462943728721529],[121.82667433706035,13.463113065088258],[121.82718120726996,13.46347292307048],[121.82741686414616,13.463431970179606]]]}},{"type":"Feature","properties":{"Id":0,"CLN":"7424","PSGC":"174001008","Barangay":"Balogo","Land_Class":"AGRICULTURAL","PIN":"030-01-009-06-051","Owner":"SOLOMON, JEANETTE","TaxDecNo":"06746"},"geometry":{"type":"Polygon","coordinates":[[[121.82815151439598,13.461338516927553],[121.82842108796258,13.461889350003599],[121.82896197447141,13.461502497026883],[121.82874585271806,13.46130826052343],[121.8286987832134,13.461248100026602],[121.82859906412111,13.461120646893981],[121.82840260616169,13.461216284021974],[121.82824644711867,13.461292303181711],[121.82815151439598,13.461338516927553]]]}},{"type":"Feature","properties":{"Id":0,"CLN":"7424","PSGC":"174001008","Barangay":"Balogo","Land_Class":"AGRICULTURAL","PIN":"030-01-009-06-067","Owner":"LABOG, MELISSA M.","TaxDecNo":"06761"},"geometry":{"type":"Polygon","coordinates":[[[121.82787388098494,13.462170571303496],[121.8276166616886,13.46159888498297],[121.82745293825498,13.461678585735445],[121.82772781519695,13.462233179463619],[121.82787388098494,13.462170571303496]]]}},{"type":"Feature","properties":{"Id":0,"CLN":"7415","PSGC":"174001008","Barangay":"Balogo","Land_Class":"AGRICULTURAL","PIN":"030-01-009-06-047","Owner":"MONTELOYOLA, MARIO R.","TaxDecNo":"06742"},"geometry":{"type":"Polygon","coordinates":[[[121.82876120419265,13.463460822588752],[121.82865461149451,13.463656862278357],[121.82875050138085,13.463811145706554],[121.82886631295545,13.463635036697339],[121.82876120419265,13.463460822588752]]]}},{"type":"Feature","properties":{"Id":0,"CLN":"7415","PSGC":"174001008","Barangay":"Balogo","Land_Class":"RESIDENTIAL","PIN":"030-01-009-06-056","Owner":"CRUZ, G.RAYMUND","TaxDecNo":"06751"},"geometry":{"type":"Polygon","coordinates":[[[121.82876120419265,13.463460822588752],[121.82865609557497,13.463286608446282],[121.82853724158709,13.463467906187491],[121.82859483464652,13.463560683338663],[121.82865461149451,13.463656862278357],[121.82876120419265,13.463460822588752]]]}},{"type":"Feature","properties":{"Id":0,"CLN":"7417","PSGC":"174001008","Barangay":"Balogo","Land_Class":"AGRICULTURAL","PIN":"030-01-009-06-070","Owner":"MAGALANG, PABLO M.","TaxDecNo":"06764"},"geometry":{"type":"Polygon","coordinates":[[[121.8284220394342,13.463282325819954],[121.82776578340008,13.463769517468409],[121.82778570538316,13.463799754089026],[121.82795530444596,13.46400990615171],[121.82859483464652,13.463560683338663],[121.8284220394342,13.463282325819954]]]}},{"type":"Feature","properties":{"Id":0,"CLN":"7417","PSGC":"174001008","Barangay":"Balogo","Land_Class":"AGRICULTURAL","PIN":"030-01-009-06-071","Owner":"MAGALANG, ROMULO M.","TaxDecNo":"06765"},"geometry":{"type":"Polygon","coordinates":[[[121.8282942248872,13.463076427644932],[121.82762908866533,13.46356204859282],[121.82776578340008,13.463769517468409],[121.8284220394342,13.463282325819954],[121.8282942248872,13.463076427644932]]]}},{"type":"Feature","properties":{"Id":0,"CLN":"6981","PSGC":"174001008","Barangay":"Balogo","Land_Class":"AGRICULTURAL","PIN":"030-01-009-06-069","Owner":"MAGALANG, ROGELIO M.","TaxDecNo":"06763"},"geometry":{"type":"Polygon","coordinates":[[[121.82494935605257,13.462582810030648],[121.82489576656126,13.462494564108283],[121.82473518350722,13.462636018419854],[121.82479023287323,13.462705439686825],[121.82494935605257,13.462582810030648]]]}},{"type":"Feature","properties":{"Id":0,"CLN":"6981","PSGC":"174001008","Barangay":"Balogo","Land_Class":"RESIDENTIAL","PIN":"030-01-009-04-077","Owner":"MARMOL, EDGARDO M.","TaxDecNo":"06609"},"geometry":{"type":"Polygon","coordinates":[[[121.82510724066893,13.462470172790441],[121.82504661579995,13.462361683855466],[121.82489576656126,13.462494564108283],[121.82494935605257,13.462582810030648],[121.82510724066893,13.462470172790441]]]}},{"type":"Feature","properties":{"Id":0,"CLN":"6981","PSGC":"174001008","Barangay":"Balogo","Land_Class":"RESIDENTIAL","PIN":"030-01-009-04-078","Owner":"MONTENEGRO, NILDA M.","TaxDecNo":"06610"},"geometry":{"type":"Polygon","coordinates":[[[121.82524576441266,13.462379602486143],[121.82517300882269,13.46225034642932],[121.82504661579995,13.462361683855466],[121.82510724066893,13.462470172790441],[121.82512376732808,13.46245838241288],[121.82524576441266,13.462379602486143]]]}},{"type":"Feature","properties":{"Id":0,"CLN":"7036","PSGC":"174001008","Barangay":"Balogo","Land_Class":"RESIDENTIAL","PIN":"030-01-009-04-080","Owner":"MAGAHIS, MICHAEL M. & MAGAHIS, AIREEN O","TaxDecNo":"06612"},"geometry":{"type":"Polygon","coordinates":[[[121.8260998914252,13.465083333247872],[121.82602137713076,13.465015209368657],[121.82589078027561,13.465110186408902],[121.82597445794369,13.465184102890012],[121.8260998914252,13.465083333247872]]]}},{"type":"Feature","properties":{"Id":0,"CLN":"7282","PSGC":"174001008","Barangay":"Balogo","Land_Class":"RESIDENTIAL","PIN":"030-01-009-03-132","Owner":"CLAVIO, EMELINDA","TaxDecNo":"06510"},"geometry":{"type":"Polygon","coordinates":[[[121.83018517468581,13.46562479116734],[121.83008414443434,13.465660262520485],[121.83014078928571,13.465748073723827],[121.83024579726687,13.465732651377015],[121.83018517468581,13.46562479116734]]]}},{"type":"Feature","properties":{"Id":0,"CLN":"7282","PSGC":"174001008","Barangay":"Balogo","Land_Class":"RESIDENTIAL","PIN":"030-01-009-03-151","Owner":"MADERAZO, JULIUS L. & MADERAZO, VANESSA P.","TaxDecNo":"06529"},"geometry":{"type":"Polygon","coordinates":[[[121.83018517468581,13.46562479116734],[121.83012455215616,13.465516930946551],[121.83002749962263,13.465572451307155],[121.83008414443434,13.465660262520485],[121.83018517468581,13.46562479116734]]]}},{"type":"Feature","properties":{"Id":0,"CLN":"7248pt.","PSGC":"174001008","Barangay":"Balogo","Land_Class":"AGRICULTURAL","PIN":"030-01-009-01-057","Owner":"JANDA, FRANCISCA","TaxDecNo":"06180"},"geometry":{"type":"Polygon","coordinates":[[[121.82763865021107,13.470161567019026],[121.8272908999131,13.470221510010346],[121.82764368227623,13.470266473209152],[121.82763865021107,13.470161567019026]]]}},{"type":"Feature","properties":{"Id":0,"CLN":"7377","PSGC":"174001008","Barangay":"Balogo","Land_Class":"AGRICULTURAL","PIN":"030-01-009-07-043","Owner":"MADLA, ROBERTO MERCENE","TaxDecNo":"06811"},"geometry":{"type":"Polygon","coordinates":[[[121.83229227874727,13.460671951615174],[121.8325307595215,13.461190561743111],[121.83271976274787,13.461076023360626],[121.83283406082909,13.46095318168001],[121.8328536849077,13.460918363383946],[121.83283759552434,13.460892900042687],[121.83280855159133,13.460864202980227],[121.83268985636249,13.460600244683448],[121.83229227874727,13.460671951615174]]]}},{"type":"Feature","properties":{"Id":0,"CLN":"7037","PSGC":"174001008","Barangay":"Balogo","Land_Class":"AGRICULTURAL","PIN":"030-01-009-04-082","Owner":"MONTALBAN, VIRGILIO M.","TaxDecNo":"29674"},"geometry":{"type":"Polygon","coordinates":[[[121.82585142406676,13.465664735299558],[121.82608814772448,13.46579132043069],[121.82621179563927,13.46555081781094],[121.8261032346582,13.465445027387307],[121.82588167112452,13.465631573931581],[121.82585142406676,13.465664735299558]]]}},{"type":"Feature","properties":{"Id":0,"CLN":"7324pt.","PSGC":"174001008","Barangay":"Balogo","Land_Class":"AGRICULTURAL","PIN":"030-01-009-05-069","Owner":"CARDENAL, EMERLITA M.","TaxDecNo":"06690"},"geometry":{"type":"Polygon","coordinates":[[[121.83023046132742,13.463837420653535],[121.83002789035233,13.463571724835973],[121.82991887469817,13.463645989344043],[121.83013071732883,13.463917468240423],[121.83023046132742,13.463837420653535]]]}},{"type":"Feature","properties":{"Id":0,"CLN":"7399","PSGC":"174001008","Barangay":"Balogo","Land_Class":"RESIDENTIAL","PIN":"030-01-009-06-073","Owner":"HRS. OF MANSIA, LUIS","TaxDecNo":"06768"},"geometry":{"type":"Polygon","coordinates":[[[121.82976312019116,13.4626960355926],[121.82968043485197,13.462614336214664],[121.82962857693525,13.462673912327167],[121.82969685163998,13.462754902065216],[121.82976312019116,13.4626960355926]]]}},{"type":"Feature","properties":{"Id":0,"CLN":"7219","PSGC":"174001008","Barangay":"Balogo","Land_Class":"AGRICULTURAL","PIN":"030-01-009-01-106","Owner":"LARGO, CRISTITO M.","TaxDecNo":"06224"},"geometry":{"type":"Polygon","coordinates":[[[121.8262493609166,13.469321193869083],[121.82615617520716,13.469376933966082],[121.82618301995566,13.469405807174383],[121.8263245944158,13.469597123645029],[121.82641380866949,13.469539544763663],[121.8262493609166,13.469321193869083]]]}},{"type":"Feature","properties":{"Id":0,"CLN":"7219","PSGC":"174001008","Barangay":"Balogo","Land_Class":"AGRICULTURAL","PIN":"030-01-009-01-107","Owner":"LARGO, ESTELITA M.","TaxDecNo":"06225"},"geometry":{"type":"Polygon","coordinates":[[[121.8263585551102,13.469272828703092],[121.8262493609166,13.469321193869083],[121.82641380866949,13.469539544763663],[121.82641985027539,13.469535645508843],[121.82654725580309,13.46951358860524],[121.82643519387585,13.469405921903524],[121.8264149188913,13.469405881663713],[121.82641497252591,13.469383837607412],[121.8263585551102,13.469272828703092]]]}},{"type":"Feature","properties":{"Id":0,"CLN":"7219","PSGC":"174001008","Barangay":"Balogo","Land_Class":"AGRICULTURAL","PIN":"030-01-009-01-105","Owner":"LARGO, NILO","TaxDecNo":"06223"},"geometry":{"type":"Polygon","coordinates":[[[121.8262493609166,13.469321193869083],[121.82609853038879,13.469120923275716],[121.8259540209011,13.469186876145738],[121.82606716277526,13.469281195454222],[121.82615617520716,13.469376933966082],[121.8262493609166,13.469321193869083]]]}},{"type":"Feature","properties":{"Id":0,"CLN":"7219","PSGC":"174001008","Barangay":"Balogo","Land_Class":"AGRICULTURAL","PIN":"030-01-009-01-104","Owner":"LARGO, ROSAURO M.","TaxDecNo":"06222"},"geometry":{"type":"Polygon","coordinates":[[[121.82628567021081,13.469035514109201],[121.82628584758558,13.469032058644935],[121.82618403574425,13.46898619143138],[121.8259896676973,13.468980916236816],[121.82597421797449,13.469053074523098],[121.8259540209011,13.469186876145738],[121.82628567021081,13.469035514109201]]]}}]}