{"type":"FeatureCollection","name":"Boton","crs":{"type":"name","properties":{"name":"urn:ogc:def:crs:OGC:1.3:CRS84"}},"features":[{"type":"Feature","properties":{"Id":0,"CLN":"16704","PSGC":"174001016","Barangay":"Boton","Land_Class":"AGRICULTURAL","PIN":"030-01-017-01-002","Owner":"MONTALAN, AGRIPINA","TaxDecNo":"09985"},"geometry":{"type":"Polygon","coordinates":[[[121.86122266037628,13.444324123968949],[121.86135336653739,13.444065951159809],[121.86144625703034,13.443462900684098],[121.86154815474255,13.442888451440385],[121.86135034178461,13.442862662932763],[121.86125010339236,13.443433507312479],[121.86102279328534,13.44373815148039],[121.86122266037628,13.444324123968949]]]}},{"type":"Feature","properties":{"Id":0,"CLN":"15027","PSGC":"174001016","Barangay":"Boton","Land_Class":"AGRICULTURAL","PIN":"030-01-017-01-004","Owner":"LOPE, MELITON","TaxDecNo":"09990"},"geometry":{"type":"Polygon","coordinates":[[[121.86162463248257,13.444017436153134],[121.86187175218637,13.44397323934535],[121.86197465783644,13.443318198592614],[121.86203191340435,13.44303453664497],[121.86173178547676,13.442944240696646],[121.86162463248257,13.444017436153134]]]}},{"type":"Feature","properties":{"Id":0,"CLN":"16705","PSGC":"174001016","Barangay":"Boton","Land_Class":"AGRICULTURAL","PIN":"030-01-017-01-005","Owner":"MAYANGITAN, DIA , MAYANGITAN, RHANDY & MAYANGITAN, IRENE","TaxDecNo":"09993"},"geometry":{"type":"Polygon","coordinates":[[[121.86187175218637,13.443973239345329],[121.86208696120389,13.444100953945275],[121.86210737744166,13.44333590222363],[121.86197465783644,13.443318198592598],[121.86187175218637,13.443973239345329]]]}},{"type":"Feature","properties":{"Id":0,"CLN":"15133","PSGC":"174001016","Barangay":"Boton","Land_Class":"AGRICULTURAL","PIN":"030-01-017-01-003","Owner":"LOZANO, FAUSTO","TaxDecNo":"09986"},"geometry":{"type":"Polygon","coordinates":[[[121.86135336653739,13.444065951159809],[121.86162463248257,13.444017436153118],[121.86173178547674,13.442944240696646],[121.86154815474255,13.442888451440385],[121.86144625703034,13.443462900684098],[121.86135336653739,13.444065951159809]]]}},{"type":"Feature","properties":{"Id":0,"CLN":"15116","PSGC":"174001016","Barangay":"Boton","Land_Class":"AGRICULTURAL","PIN":"030-01-017-01-001","Owner":"SPS. RUBEN MAGCULANG LOTO AND ANNABELLE GIANA LOTO","TaxDecNo":"30595"},"geometry":{"type":"Polygon","coordinates":[[[121.8606443236078,13.443650509809503],[121.86102279328534,13.44373815148039],[121.86125010339236,13.443433507312479],[121.86135034178461,13.442862662932763],[121.86093563132174,13.442803810226437],[121.86071246914217,13.442696757698942],[121.86009969967556,13.442238597778847],[121.86013885174943,13.44252248161051],[121.86036771098905,13.442800966092218],[121.86064977981371,13.443489599835393],[121.86067398406583,13.443495661384379],[121.8606443236078,13.443650509809503]]]}},{"type":"Feature","properties":{"Id":0,"CLN":"14995","PSGC":"174001016","Barangay":"Boton","Land_Class":"AGRICULTURAL","PIN":"030-01-017-01-006","Owner":"LINGON, ROMUALDO M.","TaxDecNo":"09994"},"geometry":{"type":"Polygon","coordinates":[[[121.86197465783644,13.443318198592598],[121.86210737744166,13.44333590222363],[121.8621891283256,13.443045509487355],[121.86203191340435,13.44303453664497],[121.86197465783644,13.443318198592598]]]}},{"type":"Feature","properties":{"Id":0,"CLN":"14997","PSGC":"174001016","Barangay":"Boton","Land_Class":"AGRICULTURAL","PIN":"030-01-017-01-008","Owner":"MAYANGITAN, FACUNDO","TaxDecNo":"09997"},"geometry":{"type":"Polygon","coordinates":[[[121.8621891283256,13.443045509487355],[121.86210737744166,13.44333590222363],[121.86227847472502,13.44336746217268],[121.86233582677333,13.44306327617085],[121.8621891283256,13.443045509487355]]]}},{"type":"Feature","properties":{"Id":0,"CLN":"14996","PSGC":"174001016","Barangay":"Boton","Land_Class":"AGRICULTURAL","PIN":"030-01-017-01-007","Owner":"LINGON, ANUNSACION M.","TaxDecNo":"09995"},"geometry":{"type":"Polygon","coordinates":[[[121.86227847472502,13.44336746217268],[121.86210737744166,13.44333590222363],[121.86208696120389,13.444100953945275],[121.86227012324832,13.4441598718065],[121.86227847472502,13.44336746217268]]]}},{"type":"Feature","properties":{"Id":0,"CLN":"151001","PSGC":"174001016","Barangay":"Boton","Land_Class":"AGRICULTURAL","PIN":"030-01-017-01-009","Owner":"HRS. OF JUAN WATIWAT","TaxDecNo":"09999"},"geometry":{"type":"Polygon","coordinates":[[[121.86233582677333,13.44306327617085],[121.86227847472502,13.44336746217268],[121.86227012324832,13.4441598718065],[121.86241254892442,13.444164745334135],[121.86247414109589,13.443080320737986],[121.86233582677333,13.44306327617085]]]}},{"type":"Feature","properties":{"Id":0,"CLN":"15002","PSGC":"174001016","Barangay":"Boton","Land_Class":"AGRICULTURAL","PIN":"030-01-017-01-040","Owner":"MAYANGITAN, EDILBERTO","TaxDecNo":"10030"},"geometry":{"type":"Polygon","coordinates":[[[121.86247414109589,13.443080320737986],[121.86241254892442,13.444164745334135],[121.8625080397091,13.444187455679218],[121.86257196160518,13.443087604214327],[121.86247414109589,13.443080320737986]]]}},{"type":"Feature","properties":{"Id":0,"CLN":"16706","PSGC":"174001016","Barangay":"Boton","Land_Class":"AGRICULTURAL","PIN":"030-01-017-01-011","Owner":"MAGYAYA, GEMMA L. & DE JESUS, KAHLIL ADDISON XAE M. (MINOR)","TaxDecNo":"10002"},"geometry":{"type":"Polygon","coordinates":[[[121.8625719616052,13.443087604214345],[121.86250803970911,13.444187455679259],[121.86281234272802,13.444335870767981],[121.86295529456028,13.444226229518096],[121.86297633816626,13.444155223380752],[121.86306029402266,13.444105175021361],[121.86316045347886,13.444033137743961],[121.86322497085305,13.444008215325235],[121.86307844125072,13.443144623915398],[121.8625719616052,13.443087604214345]]]}},{"type":"Feature","properties":{"Id":0,"CLN":"16707","PSGC":"174001016","Barangay":"Boton","Land_Class":null,"PIN":null},"geometry":{"type":"Polygon","coordinates":[[[121.86307844125072,13.443144623915398],[121.86307858637994,13.44311383796965],[121.86258608576513,13.443056881435817],[121.86257196160518,13.443087604214327],[121.86307844125072,13.443144623915398]]]}},{"type":"Feature","properties":{"Id":0,"CLN":"15003","PSGC":"174001016","Barangay":"Boton","Land_Class":"AGRICULTURAL","PIN":null,"Owner":"MAYANGITAN, EDILBERTO","TaxDecNo":"10033"},"geometry":{"type":"Polygon","coordinates":[[[121.86247414109589,13.443080320737986],[121.86257196160518,13.443087604214327],[121.86258608576513,13.443056881435817],[121.8624743024355,13.443046114138609],[121.86247414109589,13.443080320737986]]]}},{"type":"Feature","properties":{"Id":0,"CLN":"151000","PSGC":"174001016","Barangay":"Boton","Land_Class":null,"PIN":null},"geometry":{"type":"Polygon","coordinates":[[[121.86247414109589,13.443080320737986],[121.8624743024355,13.443046114138609],[121.86234855629131,13.443031862958435],[121.86233582677333,13.44306327617085],[121.86247414109589,13.443080320737986]]]}},{"type":"Feature","properties":{"Id":0,"CLN":"aln 008 sec1","PSGC":"174001016","Barangay":"Boton","Land_Class":null,"PIN":null},"geometry":{"type":"Polygon","coordinates":[[[121.86234855629131,13.443031862958435],[121.8622053526015,13.443014112079414],[121.8621891283256,13.443045509487355],[121.86233582677333,13.44306327617085],[121.86234855629131,13.443031862958435]]]}},{"type":"Feature","properties":{"Id":0,"CLN":"aln 006 sec1","PSGC":"174001016","Barangay":"Boton","Land_Class":null,"PIN":null},"geometry":{"type":"Polygon","coordinates":[[[121.8622053526015,13.443014112079414],[121.86204116435856,13.442999686993558],[121.86203191340435,13.44303453664497],[121.8621891283256,13.443045509487355],[121.8622053526015,13.443014112079414]]]}},{"type":"Feature","properties":{"Id":0,"CLN":"aln 004 sec1","PSGC":"174001016","Barangay":"Boton","Land_Class":null,"PIN":null},"geometry":{"type":"Polygon","coordinates":[[[121.86204116435856,13.442999686993558],[121.86173401470333,13.442916200773416],[121.86173178547674,13.442944240696646],[121.86203191340435,13.44303453664497],[121.86204116435856,13.442999686993558]]]}},{"type":"Feature","properties":{"Id":0,"CLN":"aln 003 sec1","PSGC":"174001016","Barangay":"Boton","Land_Class":null,"PIN":null},"geometry":{"type":"Polygon","coordinates":[[[121.86173401470333,13.442916200773416],[121.86155951997955,13.442864100726476],[121.86154815474255,13.442888451440385],[121.86173178547674,13.442944240696646],[121.86173401470333,13.442916200773416]]]}},{"type":"Feature","properties":{"Id":0,"CLN":"aln 002 sec1","PSGC":"174001016","Barangay":"Boton","Land_Class":null,"PIN":null},"geometry":{"type":"Polygon","coordinates":[[[121.86155951997955,13.442864100726476],[121.86135136928125,13.442834425164188],[121.86135034178461,13.442862662932763],[121.86154815474255,13.442888451440385],[121.86155951997955,13.442864100726476]]]}},{"type":"Feature","properties":{"Id":0,"CLN":"aln 001 sec1","PSGC":"174001016","Barangay":"Boton","Land_Class":null,"PIN":null},"geometry":{"type":"Polygon","coordinates":[[[121.86135136928125,13.442834425164188],[121.8609392649941,13.442774408379087],[121.86011583056835,13.442205506047088],[121.86009969967556,13.442238597778847],[121.86071246914217,13.442696757698942],[121.86093563132174,13.442803810226437],[121.86135034178461,13.442862662932763],[121.86135136928125,13.442834425164188]]]}},{"type":"Feature","properties":{"Id":0,"CLN":"15006","PSGC":"174001016","Barangay":"Boton","Land_Class":null,"PIN":null},"geometry":{"type":"Polygon","coordinates":[[[121.86015301526412,13.442116494592138],[121.86082667145178,13.442595336724462],[121.86098433268185,13.442665890052071],[121.86163634467455,13.44280224783239],[121.86163909892723,13.442774039247997],[121.86096086438887,13.442640128381992],[121.8601590313148,13.442041663455432],[121.86015301526412,13.442116494592138]]]}},{"type":"Feature","properties":{"Id":0,"CLN":"15005","PSGC":"174001016","Barangay":"Boton","Land_Class":"AGRICULTURAL","PIN":"030-01-017-01-013","Owner":"JOEY L. MAGYAYA AND LOREMA M. MAGYAYA","TaxDecNo":"29315"},"geometry":{"type":"Polygon","coordinates":[[[121.86163909892723,13.442774039247997],[121.86164237386483,13.442635514409263],[121.86166011018757,13.442209713459809],[121.86179394093709,13.442176966432408],[121.86206018735058,13.441763235171154],[121.86202875098876,13.441759672343593],[121.86181253018708,13.441662914392754],[121.86171482330037,13.441631686052352],[121.86136245407731,13.441503525536248],[121.8612925758733,13.441499788755852],[121.86107684019339,13.441300410450813],[121.86065888018612,13.441000915712854],[121.8602873841867,13.440986448747227],[121.86013965034967,13.441581007469356],[121.86015372689167,13.441608885571737],[121.8601590313148,13.442041663455432],[121.86096086438887,13.442640128381992],[121.86163909892723,13.442774039247997]]]}},{"type":"Feature","properties":{"Id":0,"CLN":"15007","PSGC":"174001016","Barangay":"Boton","Land_Class":"AGRICULTURAL","PIN":"030-01-017-01-014","Owner":"ALGASHM, SHIRLEY MAAÑO","TaxDecNo":"10005"},"geometry":{"type":"Polygon","coordinates":[[[121.8602873841867,13.440986448747227],[121.86065888018612,13.441000915712854],[121.86107684019339,13.441300410450813],[121.86126459862261,13.44076352067562],[121.8613997386618,13.4402681256679],[121.86082076546958,13.440022634823519],[121.86077847372933,13.440097699575128],[121.86014367006948,13.440482021996134],[121.86001532852177,13.440904227996151],[121.8602873841867,13.440986448747227]]]}},{"type":"Feature","properties":{"Id":0,"CLN":"15008","PSGC":"174001016","Barangay":"Boton","Land_Class":"AGRICULTURAL","PIN":"030-01-017-01-015","Owner":"REGIO, NORMA LOZANO","TaxDecNo":"10006"},"geometry":{"type":"Polygon","coordinates":[[[121.8613997386618,13.4402681256679],[121.86126459862261,13.44076352067562],[121.86107684019339,13.441300410450813],[121.8612925758733,13.441499788755852],[121.86136245407731,13.441503525536248],[121.86159938018233,13.440915546854738],[121.8617381112089,13.440399643465621],[121.8613997386618,13.4402681256679]]]}},{"type":"Feature","properties":{"Id":0,"CLN":"15019","PSGC":"174001016","Barangay":"Boton","Land_Class":"AGRICULTURAL","PIN":"030-01-017-01-016","Owner":"LOPE, EMERITA","TaxDecNo":"10007"},"geometry":{"type":"Polygon","coordinates":[[[121.8617381112089,13.440399643465621],[121.86159938018233,13.440915546854738],[121.86136245407731,13.441503525536248],[121.86171482330037,13.441631686052352],[121.86205862335267,13.44061317770587],[121.86208014022512,13.44049697002957],[121.8617381112089,13.440399643465621]]]}},{"type":"Feature","properties":{"Id":0,"CLN":"15010","PSGC":"174001016","Barangay":"Boton","Land_Class":"AGRICULTURAL","PIN":"030-01-017-01-017","Owner":"MANDIA, DEMETRIO L.","TaxDecNo":"10008"},"geometry":{"type":"Polygon","coordinates":[[[121.86205862335267,13.44061317770587],[121.86171482330037,13.441631686052352],[121.86181253018708,13.441662914392754],[121.86188628409494,13.441585939264609],[121.86217040524997,13.441364875876836],[121.86219169626624,13.441296557439925],[121.86215330280274,13.441286121724636],[121.86237580915162,13.440791120920464],[121.86205862335267,13.44061317770587]]]}},{"type":"Feature","properties":{"Id":0,"CLN":"15021","PSGC":"174001016","Barangay":"Boton","Land_Class":"AGRICULTURAL","PIN":"030-01-017-01-027","Owner":"MANDIA, DEMETRIO L.","TaxDecNo":"10018"},"geometry":{"type":"Polygon","coordinates":[[[121.86237580915162,13.440791120920464],[121.86279685724092,13.441029053685766],[121.86299773273888,13.440674204599368],[121.86274680726116,13.440525979754534],[121.8625375120731,13.440442936695419],[121.86208014022512,13.44049697002957],[121.86205862335267,13.44061317770587],[121.86237580915162,13.440791120920464]]]}},{"type":"Feature","properties":{"Id":0,"CLN":"15022","PSGC":"174001016","Barangay":"Boton","Land_Class":"AGRICULTURAL","PIN":"030-01-017-01-028","Owner":"MANDIA, DEMETRIO","TaxDecNo":"10019"},"geometry":{"type":"Polygon","coordinates":[[[121.8625375120731,13.440442936695419],[121.86274680726116,13.440525979754534],[121.86299773273888,13.440674204599368],[121.86315953717012,13.440452587524398],[121.86283538430756,13.440269824789207],[121.8625375120731,13.440442936695419]]]}},{"type":"Feature","properties":{"Id":0,"CLN":"15019","PSGC":"174001016","Barangay":"Boton","Land_Class":"AGRICULTURAL","PIN":"030-01-017-01-026","Owner":"LABAO, MARVIN C.","TaxDecNo":"10017"},"geometry":{"type":"Polygon","coordinates":[[[121.86279685724092,13.441029053685766],[121.86237580915162,13.440791120920464],[121.86215330280274,13.441286121724636],[121.86219169626624,13.441296557439925],[121.8622748382319,13.44130377463991],[121.8623584855467,13.441352042894355],[121.86268058014039,13.441230351731575],[121.86279685724092,13.441029053685766]]]}},{"type":"Feature","properties":{"Id":0,"CLN":"15024","PSGC":"174001016","Barangay":"Boton","Land_Class":"AGRICULTURAL","PIN":"030-01-017-01-025","Owner":"CHAVEZ, NECITAS","TaxDecNo":"10016"},"geometry":{"type":"Polygon","coordinates":[[[121.86268058014039,13.441230351731575],[121.8623584855467,13.441352042894355],[121.862365232979,13.441403384381314],[121.86224911668147,13.44157047557823],[121.86272758688477,13.441637631365298],[121.86276652878655,13.441531764535926],[121.86280157274923,13.441511398430354],[121.8628478265618,13.441337149937404],[121.86268058014039,13.441230351731575]]]}},{"type":"Feature","properties":{"Id":0,"CLN":"15018","PSGC":"174001016","Barangay":"Boton","Land_Class":"AGRICULTURAL","PIN":"030-01-017-01-024","Owner":"MACARANG, MARCELINO","TaxDecNo":"10015"},"geometry":{"type":"Polygon","coordinates":[[[121.86224911668147,13.44157047557823],[121.862365232979,13.441403384381314],[121.8623584855467,13.441352042894355],[121.8622748382319,13.44130377463991],[121.86219169626624,13.441296557439925],[121.86217040524997,13.441364875876836],[121.86219033575249,13.441436801343448],[121.86224911668147,13.44157047557823]]]}},{"type":"Feature","properties":{"Id":0,"CLN":"15017","PSGC":"174001016","Barangay":"Boton","Land_Class":"AGRICULTURAL","PIN":"030-01-017-01-023","Owner":"LEAÑO, FLORENTINO","TaxDecNo":"10014"},"geometry":{"type":"Polygon","coordinates":[[[121.86224911668147,13.44157047557823],[121.86219033575249,13.441436801343448],[121.86207100540055,13.441544357170915],[121.86221754157225,13.441596330452253],[121.86224911668147,13.44157047557823]]]}},{"type":"Feature","properties":{"Id":0,"CLN":"15014","PSGC":"174001016","Barangay":"Boton","Land_Class":"AGRICULTURAL","PIN":"030-01-017-01-018","Owner":"HRS. OF ANDRES MALAPAD","TaxDecNo":"10009"},"geometry":{"type":"Polygon","coordinates":[[[121.86217040524997,13.441364875876836],[121.86188628409494,13.441585939264609],[121.86196582490267,13.44161571712942],[121.86207100540055,13.441544357170915],[121.86219033575249,13.441436801343448],[121.86217040524997,13.441364875876836]]]}},{"type":"Feature","properties":{"Id":0,"CLN":"15004","PSGC":"174001016","Barangay":"Boton","Land_Class":"AGRICULTURAL","PIN":"030-01-017-01-019","Owner":"FELIPE & NIEVES MALAPAD","TaxDecNo":"10010"},"geometry":{"type":"Polygon","coordinates":[[[121.86207100540055,13.441544357170915],[121.86196582490267,13.44161571712942],[121.86205652624436,13.441650334442164],[121.86207100540055,13.441544357170915]]]}},{"type":"Feature","properties":{"Id":0,"CLN":"15015","PSGC":"174001016","Barangay":"Boton","Land_Class":"AGRICULTURAL","PIN":"030-01-017-01-020","Owner":"MACARANG, ANA","TaxDecNo":"10011"},"geometry":{"type":"Polygon","coordinates":[[[121.86205652624436,13.441650334442164],[121.86196582490267,13.44161571712942],[121.86188628409494,13.441585939264609],[121.86181253018708,13.441662914392754],[121.86202875098876,13.441759672343593],[121.86205652624436,13.441650334442164]]]}},{"type":"Feature","properties":{"Id":0,"CLN":"16702","PSGC":"174001016","Barangay":"Boton","Land_Class":"AGRICULTURAL","PIN":"030-01-017-01-022","Owner":"HRS. OF JUANA MACARANG","TaxDecNo":"10013"},"geometry":{"type":"Polygon","coordinates":[[[121.86207100540055,13.441544357170915],[121.86205652624436,13.441650334442164],[121.8621960891678,13.441698855488022],[121.86221754157225,13.441596330452253],[121.86207100540055,13.441544357170915]]]}},{"type":"Feature","properties":{"Id":0,"CLN":"15016","PSGC":"174001016","Barangay":"Boton","Land_Class":"AGRICULTURAL","PIN":"030-01-017-01-021","Owner":"LINGON, ROSAURO","TaxDecNo":"10012"},"geometry":{"type":"Polygon","coordinates":[[[121.8621960891678,13.441698855488022],[121.86205652624436,13.441650334442164],[121.86202875098876,13.441759672343593],[121.86206018735058,13.441763235171154],[121.86218158745987,13.441809621692716],[121.8621960891678,13.441698855488022]]]}},{"type":"Feature","properties":{"Id":0,"CLN":"15011","PSGC":"174001016","Barangay":"Boton","Land_Class":"RESIDENTIAL","PIN":"030-01-017-01-033"},"geometry":{"type":"Polygon","coordinates":[[[121.86218158745987,13.441809621692707],[121.86206018735058,13.44176323517115],[121.86179394093709,13.442176966432408],[121.86166011018757,13.442209713459812],[121.86164237386483,13.44263551440927],[121.86188742235574,13.442677842210998],[121.86205494370473,13.44272648977202],[121.86204434651845,13.442750386996241],[121.86219102863315,13.44277157440908],[121.86216245748918,13.442901433108911],[121.86222882525482,13.442908574545344],[121.86224336900523,13.442788914635534],[121.86230083384874,13.442460784001499],[121.86233950179994,13.44241306848968],[121.8623939718034,13.441978881551027],[121.86240502065411,13.441859205820595],[121.86218158745987,13.441809621692707]]]}},{"type":"Feature","properties":{"Id":0,"CLN":"15011","PSGC":"174001016","Barangay":"Boton","Land_Class":"AGRICULTURAL","PIN":"030-01-017-01-034","Owner":"LINGON, RIZALINA","TaxDecNo":"10023"},"geometry":{"type":"Polygon","coordinates":[[[121.86239397180341,13.441978881551037],[121.86233950179994,13.442413068489683],[121.86230083384874,13.442460784001499],[121.86224336900523,13.442788914635537],[121.86240056765314,13.442803307993998],[121.86238600784353,13.442926388578767],[121.86253971185643,13.44294076606491],[121.86259092894109,13.442455253388276],[121.86289833644211,13.442484007973079],[121.8629443162825,13.442367910716454],[121.86298403226701,13.442097852143782],[121.86239397180341,13.441978881551037]]]}},{"type":"Feature","properties":{"Id":0,"CLN":"15011","PSGC":"174001016","Barangay":"Boton","Land_Class":"RESIDENTIAL","PIN":"030-01-017-01-031","Owner":"FRANKIE, RAFAEL & LINGON, RIZALINA","TaxDecNo":"10021"},"geometry":{"type":"Polygon","coordinates":[[[121.86238600784353,13.442926388578767],[121.86240056765314,13.442803307993998],[121.86224336900523,13.442788914635537],[121.86222882525482,13.44290857454534],[121.86238600784353,13.442926388578767]]]}},{"type":"Feature","properties":{"Id":0,"CLN":"15011","PSGC":"174001016","Barangay":"Boton","Land_Class":"AGRICULTURAL","PIN":"030-01-017-01-035","Owner":"MAGCAMIT, EDERLYN MAYANGITAN","TaxDecNo":"10024"},"geometry":{"type":"Polygon","coordinates":[[[121.86216245748918,13.44290143310891],[121.86219102863315,13.442771574409075],[121.86204434651845,13.442750386996241],[121.86201931845929,13.442869999493306],[121.86216245748918,13.44290143310891]]]}},{"type":"Feature","properties":{"Id":0,"CLN":"15011","PSGC":"174001016","Barangay":"Boton","Land_Class":"RESIDENTIAL","PIN":"030-01-017-01-030","Owner":"MAGYAYA, LEOPOLDO M. & LOPE, OFELIA L.","TaxDecNo":"10020"},"geometry":{"type":"Polygon","coordinates":[[[121.86201931845929,13.442869999493306],[121.86204434651845,13.442750386996241],[121.8620549437047,13.442726489772015],[121.86188742235574,13.442677842211005],[121.86186224894963,13.442828240621],[121.86201931845929,13.442869999493306]]]}},{"type":"Feature","properties":{"Id":0,"CLN":"15011","PSGC":"174001016","Barangay":"Boton","Land_Class":"AGRICULTURAL","PIN":"030-01-017-01-037","Owner":"CONCHA, RICARDO B. & CONCHA, GIRLIE M.","TaxDecNo":"10025"},"geometry":{"type":"Polygon","coordinates":[[[121.86186224894963,13.442828240621],[121.86188742235574,13.442677842211005],[121.86164237386483,13.442635514409263],[121.86163909892723,13.442774039247997],[121.86186224894963,13.442828240621]]]}},{"type":"Feature","properties":{"Id":0,"CLN":"15030","PSGC":"174001016","Barangay":"Boton","Land_Class":"AGRICULTURAL","PIN":null},"geometry":{"type":"Polygon","coordinates":[[[121.86253971185643,13.44294076606491],[121.86238600784353,13.442926388578767],[121.8623788892832,13.442953722271463],[121.86253257717955,13.442971520423315],[121.86253971185643,13.44294076606491]]]}},{"type":"Feature","properties":{"Id":0,"CLN":"15030","PSGC":"174001016","Barangay":"Boton","Land_Class":"AGRICULTURAL","PIN":null},"geometry":{"type":"Polygon","coordinates":[[[121.8623788892832,13.442953722271463],[121.86238600784353,13.442926388578767],[121.86222882525482,13.44290857454534],[121.86222521755454,13.442932503367862],[121.8623788892832,13.442953722271463]]]}},{"type":"Feature","properties":{"Id":0,"CLN":"15030","PSGC":"174001016","Barangay":"Boton","Land_Class":"AGRICULTURAL","PIN":null},"geometry":{"type":"Polygon","coordinates":[[[121.86222882525482,13.44290857454534],[121.86216245748918,13.44290143310891],[121.86215750877545,13.44292602932536],[121.86222521755454,13.442932503367862],[121.86222882525482,13.44290857454534]]]}},{"type":"Feature","properties":{"Id":0,"CLN":"15030","PSGC":"174001016","Barangay":"Boton","Land_Class":"AGRICULTURAL","PIN":null},"geometry":{"type":"Polygon","coordinates":[[[121.86215750877545,13.44292602932536],[121.86216245748918,13.44290143310891],[121.86201931845929,13.442869999493306],[121.86201460644295,13.442902293423854],[121.86215750877545,13.44292602932536]]]}},{"type":"Feature","properties":{"Id":0,"CLN":"15030","PSGC":"174001016","Barangay":"Boton","Land_Class":"AGRICULTURAL","PIN":null},"geometry":{"type":"Polygon","coordinates":[[[121.86201460644295,13.442902293423854],[121.86201931845929,13.442869999493306],[121.86186224894963,13.442828240621],[121.86185114506924,13.44286114703577],[121.86201460644295,13.442902293423854]]]}},{"type":"Feature","properties":{"Id":0,"CLN":"aln 037 sec1","PSGC":"174001016","Barangay":"Boton","Land_Class":null,"PIN":null},"geometry":{"type":"Polygon","coordinates":[[[121.86185114506924,13.44286114703577],[121.86186224894963,13.442828240621],[121.86163909892723,13.442774039247997],[121.86163634467455,13.44280224783239],[121.86185114506924,13.44286114703577]]]}},{"type":"Feature","properties":{"Id":0,"CLN":"15038","PSGC":"174001016","Barangay":"Boton","Land_Class":"AGRICULTURAL","PIN":"030-01-017-02-002","Owner":"LINGON, MARIA CIELO MACAPUGAY","TaxDecNo":"31218"},"geometry":{"type":"Polygon","coordinates":[[[121.86561425461458,13.443605161143626],[121.86555487818448,13.442800526157471],[121.86548097812226,13.442619716718378],[121.86491247293363,13.442704953314527],[121.86432364392856,13.442873018467644],[121.86369944871745,13.44314335503425],[121.86345007828898,13.443186128905534],[121.86307844125072,13.443144623915398],[121.86322497085305,13.444008215325235],[121.8637597310331,13.443957050459892],[121.86396252697548,13.44397057268765],[121.86417298418006,13.444076916007077],[121.86561425461458,13.443605161143626]]]}},{"type":"Feature","properties":{"Id":0,"CLN":"15040","PSGC":"174001016","Barangay":"Boton","Land_Class":"AGRICULTURAL","PIN":"030-01-017-02-003","Owner":"GARCIA, ARLETTE MALAPAD","TaxDecNo":"32258"},"geometry":{"type":"Polygon","coordinates":[[[121.86561425461458,13.443605161143626],[121.8657869782051,13.443680442776886],[121.86572513510616,13.442625694680947],[121.86555487818448,13.442800526157471],[121.86561425461458,13.443605161143626]]]}},{"type":"Feature","properties":{"Id":0,"CLN":"15041","PSGC":"174001016","Barangay":"Boton","Land_Class":"AGRICULTURAL","PIN":"030-01-017-02-004","Owner":"LAZARTE, FAUSTO","TaxDecNo":"10039"},"geometry":{"type":"Polygon","coordinates":[[[121.86555487818448,13.442800526157471],[121.86572513510616,13.442625694680947],[121.86548097812226,13.442619716718378],[121.86555487818448,13.442800526157471]]]}},{"type":"Feature","properties":{"Id":0,"CLN":"15039","PSGC":"174001016","Barangay":"Boton","Land_Class":null,"PIN":null},"geometry":{"type":"Polygon","coordinates":[[[121.86548097812226,13.442619716718378],[121.86547622430287,13.442570917888283],[121.86489276944015,13.442656087074269],[121.86432382767396,13.44283399738645],[121.86368318210349,13.443125294949622],[121.86344304367424,13.443165366761015],[121.86307858637994,13.44311383796967],[121.86307844125072,13.443144623915398],[121.86345007828898,13.443186128905534],[121.86369944871745,13.44314335503425],[121.86432364392856,13.442873018467644],[121.86491247293363,13.442704953314527],[121.86548097812226,13.442619716718378]]]}},{"type":"Feature","properties":{"Id":0,"CLN":"16716","PSGC":"174001016","Barangay":"Boton","Land_Class":null,"PIN":null},"geometry":{"type":"Polygon","coordinates":[[[121.86547622430287,13.442570917888283],[121.86548097812226,13.442619716718378],[121.86572513510616,13.442625694680947],[121.86571835632249,13.442570362749292],[121.86547622430287,13.442570917888283]]]}},{"type":"Feature","properties":{"Id":0,"CLN":"15077","PSGC":"174001016","Barangay":"Boton","Land_Class":"AGRICULTURAL","PIN":"030-01-017-02-005","Owner":"LEGASPI, JULLIANA MARIA S.","TaxDecNo":"29204"},"geometry":{"type":"Polygon","coordinates":[[[121.86572513510616,13.442625694680947],[121.8657869782051,13.443680442776886],[121.86593570487533,13.443703525146514],[121.86612980457839,13.443816460941493],[121.86647790797879,13.444047754635006],[121.8666382817233,13.443658279344877],[121.86678663418837,13.443107457506862],[121.86653425270205,13.443128271085355],[121.86661662545983,13.442898168650816],[121.86662933343908,13.442579953180292],[121.86572513510616,13.442625694680947]]]}},{"type":"Feature","properties":{"Id":0,"CLN":"15080","PSGC":"174001016","Barangay":"Boton","Land_Class":"RESIDENTIAL","PIN":"030-01-017-02-012","Owner":"LOZANO, ARCADIO","TaxDecNo":"10048"},"geometry":{"type":"Polygon","coordinates":[[[121.86661662545983,13.442898168650816],[121.86671748513461,13.44290959764787],[121.86673024455084,13.442580407473548],[121.86662933343908,13.442579953180292],[121.86661662545983,13.442898168650816]]]}},{"type":"Feature","properties":{"Id":0,"CLN":"15082","PSGC":"174001016","Barangay":"Boton","Land_Class":"AGRICULTURAL","PIN":"030-01-017-02-011","Owner":"MAYANGITAN, DIA , MAYANGITAN, RHANDY & MAYANGITAN, IRENE","TaxDecNo":"10047"},"geometry":{"type":"Polygon","coordinates":[[[121.86678663418837,13.443107457506862],[121.86681401337364,13.442731531899673],[121.86682558816575,13.442572605474504],[121.86673024455084,13.442580407473548],[121.86671748513461,13.44290959764787],[121.86661662545983,13.442898168650816],[121.86653425270205,13.443128271085355],[121.86678663418837,13.443107457506862]]]}},{"type":"Feature","properties":{"Id":0,"CLN":"15078","PSGC":"174001016","Barangay":"Boton","Land_Class":null,"PIN":null},"geometry":{"type":"Polygon","coordinates":[[[121.86662933343908,13.442579953180292],[121.86662663349766,13.442557991184199],[121.86571835632249,13.442570362749292],[121.86572513510616,13.442625694680947],[121.86662933343908,13.442579953180292]]]}},{"type":"Feature","properties":{"Id":0,"CLN":"15079","PSGC":"174001016","Barangay":"Boton","Land_Class":null,"PIN":null},"geometry":{"type":"Polygon","coordinates":[[[121.86662663349766,13.442557991184199],[121.86662933343908,13.442579953180292],[121.86673024455084,13.442580407473548],[121.86673034768636,13.442558458096508],[121.86662663349766,13.442557991184199]]]}},{"type":"Feature","properties":{"Id":0,"CLN":"15081","PSGC":"174001016","Barangay":"Boton","Land_Class":null,"PIN":null},"geometry":{"type":"Polygon","coordinates":[[[121.86673034768636,13.442558458096508],[121.86673024455084,13.442580407473548],[121.86682558816575,13.442572605474504],[121.86683131035579,13.442547937659707],[121.86673034768636,13.442558458096508]]]}},{"type":"Feature","properties":{"Id":0,"CLN":"15084","PSGC":"174001016","Barangay":"Boton","Land_Class":"RESIDENTIAL","PIN":null,"Owner":"MADRIGAL, ROSARIO LOZANO","TaxDecNo":"10049"},"geometry":{"type":"Polygon","coordinates":[[[121.86683131035579,13.442547937659707],[121.86682558816575,13.442572605474504],[121.8669573976808,13.4425594801068],[121.8669574879062,13.442540274400368],[121.86683131035579,13.442547937659707]]]}},{"type":"Feature","properties":{"Id":0,"CLN":"15056","PSGC":"174001016","Barangay":"Boton","Land_Class":"RESIDENTIAL","PIN":"030-01-017-02-013","Owner":"MADRIGAL, ROSARIO LOZANO","TaxDecNo":"10049"},"geometry":{"type":"Polygon","coordinates":[[[121.8669573976808,13.4425594801068],[121.86682558816575,13.442572605474504],[121.86681401337364,13.442731531899673],[121.86695658564616,13.442732331463423],[121.8669573976808,13.4425594801068]]]}},{"type":"Feature","properties":{"Id":0,"CLN":"15091","PSGC":"174001016","Barangay":"Boton","Land_Class":"AGRICULTURAL","PIN":"030-01-017-02-010","Owner":"LOZANO, ARCADIO","TaxDecNo":"10046"},"geometry":{"type":"Polygon","coordinates":[[[121.86695658564616,13.442732331463423],[121.86681401337364,13.442731531899673],[121.86678663418837,13.443107457506862],[121.86696024548108,13.443146651208405],[121.86695658564616,13.442732331463423]]]}},{"type":"Feature","properties":{"Id":0,"CLN":"15094","PSGC":"174001016","Barangay":"Boton","Land_Class":"AGRICULTURAL","PIN":"030-01-017-02-007","Owner":"MAXIMO, ABRAHAM, PETRONA, FLORA, ABELARDO MONTEMAR","TaxDecNo":"10042"},"geometry":{"type":"Polygon","coordinates":[[[121.86696024548108,13.443146651208405],[121.86678663418837,13.443107457506862],[121.8666382817233,13.443658279344877],[121.86690990388684,13.44371876672357],[121.86693934769184,13.443418186436164],[121.86696024548108,13.443146651208405]]]}},{"type":"Feature","properties":{"Id":0,"CLN":"15103","PSGC":"174001016","Barangay":"Boton","Land_Class":"AGRICULTURAL","PIN":"030-01-017-02-006","Owner":"MONTEALEGRE, TEOFILO","TaxDecNo":"10041"},"geometry":{"type":"Polygon","coordinates":[[[121.86693934769184,13.443418186436164],[121.86690990388684,13.44371876672357],[121.8666382817233,13.443658279344877],[121.86647790797879,13.444047754635006],[121.86705820237353,13.444156913045004],[121.86722702211844,13.443948870842444],[121.8671480771698,13.443739044824945],[121.86712429277617,13.443431639992031],[121.86693934769184,13.443418186436164]]]}},{"type":"Feature","properties":{"Id":0,"CLN":"15105","PSGC":"174001016","Barangay":"Boton","Land_Class":"AGRICULTURAL","PIN":"030-01-017-02-008","Owner":"MAYANGITAN, DIA , MAYANGITAN, RHANDY & MAYANGITAN, IRENE","TaxDecNo":"10044"},"geometry":{"type":"Polygon","coordinates":[[[121.86712429277617,13.443431639992031],[121.86708916715412,13.443151621417316],[121.86696024548108,13.443146651208405],[121.86693934769184,13.443418186436164],[121.86712429277617,13.443431639992031]]]}},{"type":"Feature","properties":{"Id":0,"CLN":"15090","PSGC":"174001016","Barangay":"Boton","Land_Class":"AGRICULTURAL","PIN":"030-01-017-02-009","Owner":"MAYANGITAN, DIA , MAYANGITAN, RHANDY & MAYANGITAN, IRENE","TaxDecNo":"10045"},"geometry":{"type":"Polygon","coordinates":[[[121.86708916715412,13.443151621417316],[121.86703227419152,13.442731574623627],[121.86695658564616,13.442732331463423],[121.86696024548108,13.443146651208405],[121.86708916715412,13.443151621417316]]]}},{"type":"Feature","properties":{"Id":0,"CLN":"15086","PSGC":"174001016","Barangay":"Boton","Land_Class":"RESIDENTIAL","PIN":"030-01-017-02-014","Owner":"MANDIA, MATEA","TaxDecNo":"10050"},"geometry":{"type":"Polygon","coordinates":[[[121.86703227419152,13.442731574623627],[121.86702407114576,13.442687638019024],[121.86706616901937,13.44267685255867],[121.86706114281368,13.442553362069061],[121.8669573976808,13.4425594801068],[121.86695658564616,13.442732331463423],[121.86703227419152,13.442731574623627]]]}},{"type":"Feature","properties":{"Id":0,"CLN":"15085","PSGC":"174001016","Barangay":"Boton","Land_Class":null,"PIN":null},"geometry":{"type":"Polygon","coordinates":[[[121.8669573976808,13.4425594801068],[121.86706114281368,13.442553362069061],[121.86704168875704,13.442517606021756],[121.8669574879062,13.442540274400368],[121.8669573976808,13.4425594801068]]]}},{"type":"Feature","properties":{"Id":0,"CLN":"15096","PSGC":"174001016","Barangay":"Boton","Land_Class":"AGRICULTURAL","PIN":"030-01-017-03-004","Owner":"SISTER MARIA GEMMA MONTEMAR","TaxDecNo":"10054"},"geometry":{"type":"Polygon","coordinates":[[[121.86722702211844,13.443948870842444],[121.8674050211485,13.443757416376725],[121.867517955402,13.4437074968321],[121.8675185817541,13.44366733301038],[121.86753085539159,13.443645909890629],[121.86751858535234,13.443075158709908],[121.8673338834212,13.443142616122168],[121.86719419127925,13.44317613174096],[121.86708916715412,13.443151621417316],[121.86712429277617,13.443431639992031],[121.8671480771698,13.443739044824945],[121.86722702211844,13.443948870842444]]]}},{"type":"Feature","properties":{"Id":0,"CLN":"15089","PSGC":"174001016","Barangay":"Boton","Land_Class":"RESIDENTIAL","PIN":"030-01-017-03-005","Owner":"WYNMAR L. MALAPAD AND BERNADINE MALAPAD LANDICHO","TaxDecNo":"32250"},"geometry":{"type":"Polygon","coordinates":[[[121.86719419127925,13.44317613174096],[121.86710159400934,13.442731840424257],[121.86703227419152,13.442731574623627],[121.86708916715412,13.443151621417316],[121.86719419127925,13.44317613174096]]]}},{"type":"Feature","properties":{"Id":0,"CLN":"15098","PSGC":"174001016","Barangay":"Boton","Land_Class":"RESIDENTIAL","PIN":"030-01-017-03-006","Owner":"ARLETTE MALAPAD GARCIA, WYNMAR L. MALAPAD, CHONA MALAPAD MACALINGA, EVERT L. MALAPAD, BERNADINE MALAPAD LANDICHO, GLENDA MALAPAD ANTIPORDA AND IRVIN L. MALAPAD","TaxDecNo":"32249"},"geometry":{"type":"Polygon","coordinates":[[[121.86719419127925,13.44317613174096],[121.8673338834212,13.443142616122168],[121.86723655462768,13.442644648371274],[121.86726151677998,13.442635005206217],[121.86724713969348,13.442512996932049],[121.86706114281368,13.442553362069061],[121.86706616901937,13.44267685255867],[121.86702407114576,13.442687638019024],[121.86703227419152,13.442731574623627],[121.86710159400934,13.442731840424257],[121.86719419127925,13.44317613174096]]]}},{"type":"Feature","properties":{"Id":0,"CLN":"15088","PSGC":"174001016","Barangay":"Boton","Land_Class":"RESIDENTIAL","PIN":"030-01-017-03-007","Owner":"MONTEALEGRE, TEOFILO","TaxDecNo":"10061"},"geometry":{"type":"Polygon","coordinates":[[[121.86751858535234,13.443075158709908],[121.86741108350759,13.442621044924744],[121.86740180413572,13.442474670870427],[121.86724713969348,13.442512996932049],[121.86726151677998,13.442635005206217],[121.86723655462768,13.442644648371274],[121.8673338834212,13.443142616122168],[121.86751858535234,13.443075158709908]]]}},{"type":"Feature","properties":{"Id":0,"CLN":"15102","PSGC":"174001016","Barangay":"Boton","Land_Class":"AGRICULTURAL","PIN":"030-01-017-03-008","Owner":"LAZARTE, DELFIN","TaxDecNo":"10063"},"geometry":{"type":"Polygon","coordinates":[[[121.86740180413572,13.442474670870427],[121.86741108350759,13.442621044924744],[121.86751858535234,13.443075158709908],[121.86778784258362,13.443042225675464],[121.86786771238553,13.443013318425235],[121.86773522486189,13.442573725594977],[121.86769636629957,13.442358930080601],[121.86740180413572,13.442474670870427]]]}},{"type":"Feature","properties":{"Id":0,"CLN":"15097","PSGC":"174001016","Barangay":"Boton","Land_Class":"AGRICULTURAL","PIN":"030-01-017-03-003","Owner":"MONTEMAR, PEDRO & HRS. OF MONTEMAR, VITALIANA & MONTEMAR, NIEVES","TaxDecNo":"10053"},"geometry":{"type":"Polygon","coordinates":[[[121.86786771238553,13.443013318425235],[121.86778784258362,13.443042225675464],[121.86751858535234,13.443075158709908],[121.86753085539159,13.443645909890629],[121.86805814692637,13.443307289048713],[121.86786771238553,13.443013318425235]]]}},{"type":"Feature","properties":{"Id":0,"CLN":"aln 006 sec3","PSGC":"174001016","Barangay":"Boton","Land_Class":null,"PIN":null},"geometry":{"type":"Polygon","coordinates":[[[121.86704168875704,13.442517606021756],[121.86706114281368,13.442553362069061],[121.86724713969348,13.442512996932049],[121.86723594286379,13.442476485418867],[121.86704168875704,13.442517606021756]]]}},{"type":"Feature","properties":{"Id":0,"CLN":"aln 007 sec3","PSGC":"174001016","Barangay":"Boton","Land_Class":null,"PIN":null},"geometry":{"type":"Polygon","coordinates":[[[121.86723594286379,13.442476485418867],[121.86724713969348,13.442512996932049],[121.86740180413572,13.442474670870427],[121.86740150530821,13.442438818110741],[121.86723594286379,13.442476485418867]]]}},{"type":"Feature","properties":{"Id":0,"CLN":"aln 008 sec3","PSGC":"174001016","Barangay":"Boton","Land_Class":null,"PIN":null},"geometry":{"type":"Polygon","coordinates":[[[121.86740150530821,13.442438818110741],[121.86740180413572,13.442474670870427],[121.86769636629957,13.442358930080601],[121.86769072548242,13.442333113637586],[121.86740150530821,13.442438818110741]]]}},{"type":"Feature","properties":{"Id":0,"CLN":"15104","PSGC":"174001016","Barangay":"Boton","Land_Class":"AGRICULTURAL","PIN":"030-01-017-03-022","Owner":"DELA CRUZ, ANGELITO","TaxDecNo":"10079"},"geometry":{"type":"Polygon","coordinates":[[[121.86773522486189,13.442573725594977],[121.86790036442274,13.442460268103831],[121.86785639081104,13.44227349663032],[121.86769636629957,13.442358930080601],[121.86773522486189,13.442573725594977]]]}},{"type":"Feature","properties":{"Id":0,"CLN":"aln 022 sec3","PSGC":"174001016","Barangay":"Boton","Land_Class":null,"PIN":null},"geometry":{"type":"Polygon","coordinates":[[[121.86769636629957,13.442358930080601],[121.86785639081104,13.44227349663032],[121.86784814898488,13.442237791060178],[121.86769072548242,13.442333113637586],[121.86769636629957,13.442358930080601]]]}},{"type":"Feature","properties":{"Id":0,"CLN":"15107","PSGC":"174001016","Barangay":"Boton","Land_Class":"AGRICULTURAL","PIN":"030-01-017-03-009","Owner":"MANDIA, BENJAMIN","TaxDecNo":"10064"},"geometry":{"type":"Polygon","coordinates":[[[121.86785639081104,13.44227349663032],[121.86790036442274,13.442460268103831],[121.86773522486189,13.442573725594977],[121.86786771238553,13.443013318425235],[121.86805814692637,13.443307289048713],[121.86826774541001,13.443021641171072],[121.86814291959426,13.44274121936291],[121.86797887659361,13.442455133700532],[121.86809128332489,13.44239527704674],[121.8680192916128,13.442205635883015],[121.86785639081104,13.44227349663032]]]}},{"type":"Feature","properties":{"Id":0,"CLN":"16723","PSGC":"174001016","Barangay":"Boton","Land_Class":"AGRICULTURAL","PIN":null,"Owner":"MANDIA, BENJAMIN","TaxDecNo":"10064"},"geometry":{"type":"Polygon","coordinates":[[[121.8680192916128,13.442205635883015],[121.86800818744638,13.442182538609975],[121.86784814898488,13.442237791060178],[121.86785639081104,13.44227349663032],[121.8680192916128,13.442205635883015]]]}},{"type":"Feature","properties":{"Id":0,"CLN":"15110","PSGC":"174001016","Barangay":"Boton","Land_Class":"AGRICULTURAL","PIN":"030-01-017-03-021","Owner":"MONTEMAR, PEDRO","TaxDecNo":"10078"},"geometry":{"type":"Polygon","coordinates":[[[121.86809128332489,13.44239527704674],[121.86797887659361,13.442455133700532],[121.86814291959426,13.44274121936291],[121.86823854625999,13.442668435962952],[121.86826672418033,13.442641904152064],[121.86809128332489,13.44239527704674]]]}},{"type":"Feature","properties":{"Id":0,"CLN":"15121","PSGC":"174001016","Barangay":"Boton","Land_Class":"AGRICULTURAL","PIN":"030-01-017-03-020","Owner":"MOGOL, MARIA","TaxDecNo":"10077"},"geometry":{"type":"Polygon","coordinates":[[[121.86823854625999,13.442668435962952],[121.86814291959426,13.44274121936291],[121.86826774541001,13.443021641171072],[121.86840015247873,13.442881208604996],[121.86823854625999,13.442668435962952]]]}},{"type":"Feature","properties":{"Id":0,"CLN":"15109","PSGC":"174001016","Barangay":"Boton","Land_Class":"AGRICULTURAL","PIN":"030-01-017-03-023","Owner":"JINAHON, MAXIMO","TaxDecNo":"10080"},"geometry":{"type":"Polygon","coordinates":[[[121.86840015247873,13.442881208604996],[121.8684930792846,13.442791083166915],[121.86832018884867,13.44259824479964],[121.86810920144708,13.442161042949238],[121.8680192916128,13.442205635883015],[121.86809128332489,13.44239527704674],[121.86826672418033,13.442641904152064],[121.86823854625999,13.442668435962952],[121.86840015247873,13.442881208604996]]]}},{"type":"Feature","properties":{"Id":0,"CLN":"aln 023 sec3","PSGC":"174001016","Barangay":"Boton","Land_Class":null,"PIN":null},"geometry":{"type":"Polygon","coordinates":[[[121.86810920144708,13.442161042949238],[121.86809810499895,13.442136299475457],[121.86800818744638,13.442182538609975],[121.8680192916128,13.442205635883015],[121.86810920144708,13.442161042949238]]]}},{"type":"Feature","properties":{"Id":0,"CLN":"15124","PSGC":"174001016","Barangay":"Boton","Land_Class":"AGRICULTURAL","PIN":"030-01-017-03-024","Owner":"JINAHON, MAXIMO","TaxDecNo":"10081"},"geometry":{"type":"Polygon","coordinates":[[[121.86810920144708,13.442161042949238],[121.86832018884867,13.44259824479964],[121.86843863941557,13.442445128283778],[121.86817947164741,13.442120202909408],[121.86810920144708,13.442161042949238]]]}},{"type":"Feature","properties":{"Id":0,"CLN":"15123","PSGC":"174001016","Barangay":"Boton","Land_Class":"RESIDENTIAL","PIN":"030-01-017-03-025","Owner":"MONTEMAR, ANSELMO & MONTEMAR, GLORIA MAGDURULAN","TaxDecNo":"10083"},"geometry":{"type":"Polygon","coordinates":[[[121.86817947164741,13.442120202909408],[121.86843863941557,13.442445128283778],[121.86853992379905,13.442366015304692],[121.86855692250687,13.442327679459444],[121.86831152549404,13.442054947005737],[121.86817947164741,13.442120202909408]]]}},{"type":"Feature","properties":{"Id":0,"CLN":"15043","PSGC":"174001016","Barangay":"Boton","Land_Class":"AGRICULTURAL","PIN":"030-01-017-03-027","Owner":"MONTEMAR, BEATRIZ L.","TaxDecNo":"10086"},"geometry":{"type":"Polygon","coordinates":[[[121.86853992379905,13.442366015304692],[121.86843863941557,13.442445128283778],[121.86832018884867,13.44259824479964],[121.8684930792846,13.442791083166915],[121.86858641789047,13.442613160124331],[121.86868221195705,13.442509328828812],[121.86869921065502,13.442470992973362],[121.86853992379905,13.442366015304692]]]}},{"type":"Feature","properties":{"Id":0,"CLN":"15126","PSGC":"174001016","Barangay":"Boton","Land_Class":"AGRICULTURAL","PIN":"030-01-017-03-026","Owner":"HRS.OF MONTEMAR, VITALIANO","TaxDecNo":"10085"},"geometry":{"type":"Polygon","coordinates":[[[121.86855692250687,13.442327679459444],[121.86861054149644,13.442251095946808],[121.86843793449503,13.441997896850234],[121.86831152549404,13.442054947005737],[121.86855692250687,13.442327679459444]]]}},{"type":"Feature","properties":{"Id":0,"CLN":"15127","PSGC":"174001016","Barangay":"Boton","Land_Class":"AGRICULTURAL","PIN":"030-01-017-03-029","Owner":"MONTEMAR, PEDRO","TaxDecNo":"10088"},"geometry":{"type":"Polygon","coordinates":[[[121.86868221195705,13.442509328828812],[121.86878290434568,13.442556424756468],[121.86883186937067,13.442276784116501],[121.86870339332705,13.442176883710905],[121.86853920838213,13.441920978793073],[121.86843793449503,13.441997896850234],[121.86861054149644,13.442251095946808],[121.86855692250687,13.442327679459444],[121.86853992379905,13.442366015304692],[121.86869921065502,13.442470992973362],[121.86868221195705,13.442509328828812]]]}},{"type":"Feature","properties":{"Id":0,"CLN":"15123","PSGC":"174001016","Barangay":"Boton","Land_Class":"AGRICULTURAL","PIN":null,"Owner":"JINAHON, MAXIMO","TaxDecNo":"10081"},"geometry":{"type":"Polygon","coordinates":[[[121.86817947164741,13.442120202909408],[121.86817116797555,13.44209766697936],[121.86809810499895,13.442136299475457],[121.86810920144708,13.442161042949238],[121.86817947164741,13.442120202909408]]]}},{"type":"Feature","properties":{"Id":0,"CLN":"15122","PSGC":"174001016","Barangay":"Boton","Land_Class":"RESIDENTIAL","PIN":null,"Owner":"MONTEMAR, ANSELMO & MONTEMAR, GLORIA MAGDURULAN","TaxDecNo":"10083"},"geometry":{"type":"Polygon","coordinates":[[[121.86817116797555,13.44209766697936],[121.86817947164741,13.442120202909408],[121.86831152549404,13.442054947005737],[121.86830044447666,13.442026911130949],[121.86817116797555,13.44209766697936]]]}},{"type":"Feature","properties":{"Id":0,"CLN":"16721","PSGC":"174001016","Barangay":"Boton","Land_Class":"AGRICULTURAL","PIN":null,"Owner":"HRS.OF MONTEMAR, VITALIANO","TaxDecNo":"10085"},"geometry":{"type":"Polygon","coordinates":[[[121.86830044447666,13.442026911130949],[121.86831152549404,13.442054947005737],[121.86843793449503,13.441997896850234],[121.86841561539603,13.441975297930403],[121.86830044447666,13.442026911130949]]]}},{"type":"Feature","properties":{"Id":0,"CLN":"aln 029 sec3","PSGC":"174001016","Barangay":"Boton","Land_Class":null,"PIN":null},"geometry":{"type":"Polygon","coordinates":[[[121.86841561539603,13.441975297930403],[121.86843793449503,13.441997896850234],[121.86853920838213,13.441920978793073],[121.86853088923603,13.441901735281183],[121.86841561539603,13.441975297930403]]]}},{"type":"Feature","properties":{"Id":0,"CLN":"15076","PSGC":"174001016","Barangay":"Boton","Land_Class":"AGRICULTURAL","PIN":"030-01-017-03-045","Owner":"LABAY, BERNARDO","TaxDecNo":"10106"},"geometry":{"type":"Polygon","coordinates":[[[121.86677081887886,13.442434333622066],[121.86731509413936,13.442335265057498],[121.86727082463995,13.44221159799035],[121.86701542191409,13.44227904195018],[121.86675155824791,13.44235742247334],[121.86677081887886,13.442434333622066]]]}},{"type":"Feature","properties":{"Id":0,"CLN":"15062","PSGC":"174001016","Barangay":"Boton","Land_Class":"AGRICULTURAL","PIN":"030-01-017-03-044","Owner":"OCAMPO, MA.ROSARIO L.","TaxDecNo":"10105"},"geometry":{"type":"Polygon","coordinates":[[[121.86731509413936,13.442335265057498],[121.86761556519289,13.44222138009111],[121.86745207711995,13.44181731621357],[121.86704822766949,13.441859398817714],[121.86695542964299,13.44192208698972],[121.86701542191409,13.44227904195018],[121.86727082463995,13.44221159799035],[121.86731509413936,13.442335265057498]]]}},{"type":"Feature","properties":{"Id":0,"CLN":"15075","PSGC":"174001016","Barangay":"Boton","Land_Class":null,"PIN":null},"geometry":{"type":"Polygon","coordinates":[[[121.86677081887886,13.442434333622066],[121.86677632191817,13.442456308235798],[121.86732338742723,13.442359995947886],[121.86731509413936,13.442335265057498],[121.86677081887886,13.442434333622066]]]}},{"type":"Feature","properties":{"Id":0,"CLN":"15060","PSGC":"174001016","Barangay":"Boton","Land_Class":null,"PIN":null},"geometry":{"type":"Polygon","coordinates":[[[121.86732338742723,13.442359995947886],[121.86763226775992,13.44224614879914],[121.86761556519289,13.44222138009111],[121.86731509413936,13.442335265057498],[121.86732338742723,13.442359995947886]]]}},{"type":"Feature","properties":{"Id":0,"CLN":"aln 043 sec3","PSGC":"174001016","Barangay":"Boton","Land_Class":null,"PIN":null},"geometry":{"type":"Polygon","coordinates":[[[121.86761556519289,13.44222138009111],[121.86763226775992,13.44224614879914],[121.8679440539318,13.442110364464957],[121.8679245482574,13.442085583170606],[121.86761556519289,13.44222138009111]]]}},{"type":"Feature","properties":{"Id":0,"CLN":"15060","PSGC":"174001016","Barangay":"Boton","Land_Class":null,"PIN":null},"geometry":{"type":"Polygon","coordinates":[[[121.8679245482574,13.442085583170606],[121.8679440539318,13.442110364464957],[121.86845258833927,13.441861873619875],[121.86842472487659,13.441826079869035],[121.8679245482574,13.442085583170606]]]}},{"type":"Feature","properties":{"Id":0,"CLN":"15059","PSGC":"174001016","Barangay":"Boton","Land_Class":"AGRICULTURAL","PIN":"030-01-017-03-042","Owner":"MONTEMAR, FRANCISCO","TaxDecNo":"10102"},"geometry":{"type":"Polygon","coordinates":[[[121.8679245482574,13.442085583170606],[121.86842472487659,13.441826079869035],[121.86827471031211,13.441537313722188],[121.86771426263145,13.441499125237133],[121.8679245482574,13.442085583170606]]]}},{"type":"Feature","properties":{"Id":0,"CLN":"15057","PSGC":"174001016","Barangay":"Boton","Land_Class":"AGRICULTURAL","PIN":"030-01-017-03-041","Owner":"MONTEMAR, FRANCISCO","TaxDecNo":"10101"},"geometry":{"type":"Polygon","coordinates":[[[121.86771426263145,13.441499125237133],[121.86827471031211,13.441537313722188],[121.86818609332255,13.441306441892879],[121.8676653786542,13.44116417016983],[121.86771426263145,13.441499125237133]]]}},{"type":"Feature","properties":{"Id":0,"CLN":"15145","PSGC":"174001016","Barangay":"Boton","Land_Class":"AGRICULTURAL","PIN":"030-01-017-03-037","Owner":"MONTEMAR, ADRIANO","TaxDecNo":"10097"},"geometry":{"type":"Polygon","coordinates":[[[121.86847022051336,13.441090964214391],[121.86822023227383,13.441199589827013],[121.86818609332255,13.441306441892879],[121.86827471031211,13.441537313722188],[121.86842472487659,13.441826079869035],[121.86848670153215,13.441760508867278],[121.86860812192623,13.441571737055432],[121.86847022051336,13.441090964214391]]]}},{"type":"Feature","properties":{"Id":0,"CLN":"aln 035 sec3","PSGC":"174001016","Barangay":"Boton","Land_Class":null,"PIN":null},"geometry":{"type":"Polygon","coordinates":[[[121.86883936383359,13.441276453059901],[121.86885044746161,13.441303940179944],[121.86915692151238,13.441105024476274],[121.86915422134392,13.441083062487907],[121.86883936383359,13.441276453059901]]]}},{"type":"Feature","properties":{"Id":0,"CLN":"15063","PSGC":"174001016","Barangay":"Boton","Land_Class":"AGRICULTURAL","PIN":"030-01-017-03-043","Owner":"MONTEMAR, ANSELMO L. & MONTEMAR, GLORIA","TaxDecNo":"10104"},"geometry":{"type":"Polygon","coordinates":[[[121.86742575997886,13.4408552457292],[121.8669769342024,13.440924563322318],[121.86707105293621,13.441177410090615],[121.86688563784568,13.441264375046536],[121.86705830710359,13.441503856688026],[121.86693194965672,13.441549931457313],[121.86704822766949,13.441859398817714],[121.86745207711995,13.44181731621357],[121.86761556519289,13.44222138009111],[121.8679245482574,13.442085583170606],[121.86771426263145,13.441499125237133],[121.8676653786542,13.44116417016983],[121.86756462525081,13.441130243484837],[121.86742575997886,13.4408552457292]]]}},{"type":"Feature","properties":{"Id":0,"CLN":"15142","PSGC":"174001016","Barangay":"Boton","Land_Class":"AGRICULTURAL","PIN":"030-01-017-03-036","Owner":"MANALO, CONCHITA JAO","TaxDecNo":"10096"},"geometry":{"type":"Polygon","coordinates":[[[121.86883936383359,13.441276453059901],[121.8688293507129,13.441020692226441],[121.8687621284931,13.441009415266432],[121.86847022051336,13.441090964214391],[121.86860812192623,13.441571737055432],[121.86883936383359,13.441276453059901]]]}},{"type":"Feature","properties":{"Id":0,"CLN":"15137","PSGC":"174001016","Barangay":"Boton","Land_Class":"AGRICULTURAL","PIN":"030-01-017-03-035","Owner":"MONTEMAR, SERGIO","TaxDecNo":"10095"},"geometry":{"type":"Polygon","coordinates":[[[121.8688293507129,13.441020692226441],[121.86883936383359,13.441276453059901],[121.86915422134392,13.441083062487907],[121.86915751577465,13.440978266701979],[121.86894752995242,13.440925192532024],[121.86889416870845,13.44094690266541],[121.8688293507129,13.441020692226441]]]}},{"type":"Feature","properties":{"Id":0,"CLN":"15064","PSGC":"174001016","Barangay":"Boton","Land_Class":"AGRICULTURAL","PIN":"030-01-017-03-040","Owner":"HRS. OF ILUMINADA QUIAZON","TaxDecNo":"10100"},"geometry":{"type":"Polygon","coordinates":[[[121.86774837801653,13.440800175926379],[121.86748189345927,13.440840133340224],[121.8676658526329,13.441063202991158],[121.86774701286852,13.441091005311888],[121.86774837801653,13.440800175926379]]]}},{"type":"Feature","properties":{"Id":0,"CLN":"15058","PSGC":"174001016","Barangay":"Boton","Land_Class":"AGRICULTURAL","PIN":"030-01-017-03-039","Owner":"MENDROS, DIMAS","TaxDecNo":"10099"},"geometry":{"type":"Polygon","coordinates":[[[121.86774701286852,13.441091005311888],[121.86813047990111,13.441210710013983],[121.8680286589595,13.440806923690275],[121.86774837801653,13.440800175926379],[121.86774701286852,13.441091005311888]]]}},{"type":"Feature","properties":{"Id":0,"CLN":"15135","PSGC":"174001016","Barangay":"Boton","Land_Class":"AGRICULTURAL","PIN":"030-01-017-03-038","Owner":"CHUA, TEE","TaxDecNo":"10098"},"geometry":{"type":"Polygon","coordinates":[[[121.8680286589595,13.440806923690275],[121.86813047990111,13.441210710013983],[121.86823761455925,13.44107949251589],[121.86851279167875,13.440979211274621],[121.86878759545071,13.440958496272494],[121.86861695566658,13.440883648756525],[121.86861466734925,13.44077388918847],[121.86854487379564,13.440713213443829],[121.8680286589595,13.440806923690275]]]}},{"type":"Feature","properties":{"Id":0,"CLN":"15128","PSGC":"174001016","Barangay":"Boton","Land_Class":"AGRICULTURAL","PIN":null,"Owner":"HERRERA, VIVIAN JAO","TaxDecNo":"30188"},"geometry":{"type":"Polygon","coordinates":[[[121.86921161476243,13.441157949796795],[121.86886553737763,13.441433512138051],[121.86863999157639,13.441709615619141],[121.86858611532865,13.441841072632633],[121.86858881544768,13.441863034622433],[121.86866795801357,13.441723459954703],[121.86887384367182,13.441455499314833],[121.86924518732141,13.44117181924585],[121.86921161476243,13.441157949796795]]]}},{"type":"Feature","properties":{"Id":0,"CLN":"aln 046 sec3","PSGC":"174001016","Barangay":"Boton","Land_Class":"AGRICULTURAL","PIN":"030-01-017-03-046","Owner":"MONTEMAR, SERGIO","TaxDecNo":"10107"},"geometry":{"type":"Polygon","coordinates":[[[121.86924518732141,13.44117181924585],[121.86887384367182,13.441455499314833],[121.86910706495327,13.441335822808185],[121.86924518732141,13.44117181924585]]]}},{"type":"Feature","properties":{"Id":0,"CLN":"15140","PSGC":"174001016","Barangay":"Boton","Land_Class":"AGRICULTURAL","PIN":"030-01-017-03-034","Owner":"LOZANO, NELLIE","TaxDecNo":"10094"},"geometry":{"type":"Polygon","coordinates":[[[121.86910706495327,13.441335822808185],[121.86932220717537,13.441484950671391],[121.8695519822874,13.441502444901047],[121.86958396052086,13.441258396264425],[121.8694245453919,13.441180855928735],[121.86924518732141,13.44117181924585],[121.86910706495327,13.441335822808185]]]}},{"type":"Feature","properties":{"Id":0,"CLN":"15141","PSGC":"174001016","Barangay":"Boton","Land_Class":"AGRICULTURAL","PIN":"030-01-017-03-053","Owner":"MAGARARU, PRUDENCIO","TaxDecNo":"10093"},"geometry":{"type":"Polygon","coordinates":[[[121.86932220717537,13.441484950671391],[121.86925693896494,13.441654768954484],[121.86927599457847,13.441775578770079],[121.86956475037057,13.441768644309862],[121.86991796641423,13.44168703599196],[121.87003084818181,13.441710424761284],[121.87014851075675,13.441617615772897],[121.87017958880485,13.44156562431155],[121.87016853071457,13.441532649886385],[121.87005387444775,13.441474516916605],[121.8698772806106,13.441473724272004],[121.86965243017384,13.441601670291929],[121.8695519822874,13.441502444901047],[121.86932220717537,13.441484950671391]]]}},{"type":"Feature","properties":{"Id":0,"CLN":"15122","PSGC":"174001016","Barangay":"Boton","Land_Class":"AGRICULTURAL","PIN":"030-01-017-03-030","Owner":"HERRERA, VIVIAN JAO","TaxDecNo":"30188"},"geometry":{"type":"Polygon","coordinates":[[[121.86925693896494,13.441654768954484],[121.86932220717537,13.441484950671391],[121.86910706495327,13.441335822808185],[121.86887384367182,13.441455499314833],[121.86866795801357,13.441723459954703],[121.86858881544768,13.441863034622433],[121.8687670209764,13.442117905018835],[121.86891782133435,13.442239306804417],[121.86893779032168,13.442165315755524],[121.86891825880156,13.44214602187849],[121.86889915188864,13.442036186748352],[121.86899799310606,13.44188023807909],[121.86914417780308,13.441790351601494],[121.86924234990578,13.441777073897269],[121.86925693896494,13.441654768954484]]]}},{"type":"Feature","properties":{"Id":0,"CLN":"15130","PSGC":"174001016","Barangay":"Boton","Land_Class":"AGRICULTURAL","PIN":"030-01-017-03-031","Owner":"MANRIQUE, CIRIACO","TaxDecNo":"10091"},"geometry":{"type":"Polygon","coordinates":[[[121.86935354707046,13.441975122055723],[121.86937662764706,13.441835295351904],[121.86926739754988,13.441815598651859],[121.86918601818617,13.441834439258491],[121.86903985920473,13.441918838410258],[121.86895241045237,13.442036426029645],[121.86895478895171,13.442126979876669],[121.86912060826158,13.442034437906322],[121.86935354707046,13.441975122055723]]]}},{"type":"Feature","properties":{"Id":0,"CLN":"15129","PSGC":"174001016","Barangay":"Boton","Land_Class":"AGRICULTURAL","PIN":"030-01-017-03-032","Owner":"LOZANO, FELIZARDO","TaxDecNo":"10092"},"geometry":{"type":"Polygon","coordinates":[[[121.86937662764706,13.441835295351904],[121.86935354707046,13.441975122055723],[121.86975357269003,13.442150870956608],[121.86985125639686,13.442241852680842],[121.86985583848629,13.442207183127373],[121.86990655259106,13.441779990188193],[121.86951132982456,13.441802975467027],[121.86937662764706,13.441835295351904]]]}},{"type":"Feature","properties":{"Id":0,"CLN":"15117","PSGC":"174001016","Barangay":"Boton","Land_Class":"AGRICULTURAL","PIN":"030-01-017-03-017","Owner":"LOZANO, MARNEE M. & LOZANO, NIMROD TRISTAN M.","TaxDecNo":"31219"},"geometry":{"type":"Polygon","coordinates":[[[121.86893779032168,13.442165315755524],[121.86891782133435,13.442239306804417],[121.86886589377255,13.442552956435273],[121.86910616174364,13.442724147292015],[121.8691925815766,13.44282605359448],[121.8692514979578,13.442815343311356],[121.86938602063742,13.442821434984992],[121.86952662534658,13.442726035797433],[121.86937372867952,13.442453719637665],[121.86939382616757,13.442352291797096],[121.86953425054851,13.442295304027835],[121.86970796473321,13.442312546425397],[121.86974165319837,13.442301722746526],[121.86975033246019,13.442244143324725],[121.8696889860278,13.44217527457686],[121.86934495261697,13.442014593205046],[121.86910917209161,13.4420821274761],[121.86893779032168,13.442165315755524]]]}},{"type":"Feature","properties":{"Id":0,"CLN":"15026","PSGC":"174001016","Barangay":"Boton","Land_Class":"AGRICULTURAL","PIN":"030-01-017-03-016","Owner":"MONTALAN, JUSTINA","TaxDecNo":"10074"},"geometry":{"type":"Polygon","coordinates":[[[121.86985125639686,13.442241852680842],[121.86978066755051,13.442350736348734],[121.86948339890262,13.442379582636717],[121.86944101821562,13.442450729358566],[121.8696023370927,13.442720339569226],[121.86940261024834,13.442870347928615],[121.8693939051456,13.442933414676457],[121.86938516145051,13.443004712447017],[121.86949455928432,13.442988741366863],[121.86957033284159,13.442969875516257],[121.86969689639673,13.44287990064835],[121.86975357542877,13.442748455963242],[121.87009242815928,13.442818570424919],[121.87012893263,13.442805015605005],[121.87006765022305,13.442722428556204],[121.87007209495076,13.442257053380507],[121.86985125639686,13.442241852680842]]]}},{"type":"Feature","properties":{"Id":0,"CLN":"aln 015 sec3","PSGC":"174001016","Barangay":"Boton","Land_Class":"RESIDENTIAL","PIN":"030-01-017-03-015","Owner":"LOZANO, MARNEE M. & LOZANO, NIMROD TRISTAN M.","TaxDecNo":"10073"},"geometry":{"type":"Polygon","coordinates":[[[121.86932938255222,13.442944099810946],[121.86935503485124,13.44285367186021],[121.86922328952018,13.44285308010872],[121.86932938255222,13.442944099810946]]]}},{"type":"Feature","properties":{"Id":0,"CLN":"15092","PSGC":"174001016","Barangay":"Boton","Land_Class":"AGRICULTURAL","PIN":"030-01-017-03-014","Owner":"LOZANO, MARNEE M. & LOZANO, NIMROD TRISTAN M.","TaxDecNo":"10072"},"geometry":{"type":"Polygon","coordinates":[[[121.8693095808177,13.442982423122512],[121.86918119168185,13.44286386593494],[121.86909375547907,13.442978709898902],[121.86917225496042,13.442976318809231],[121.86929262076028,13.443012527999034],[121.8693095808177,13.442982423122512]]]}},{"type":"Feature","properties":{"Id":0,"CLN":"15118","PSGC":"174001016","Barangay":"Boton","Land_Class":"AGRICULTURAL","PIN":"030-01-017-03-047","Owner":"JINAHON, ARSENIO M.","TaxDecNo":"10108"},"geometry":{"type":"Polygon","coordinates":[[[121.86915886986138,13.442841815805588],[121.86907245003853,13.442739909492301],[121.86886014862478,13.442582562926319],[121.86870451161735,13.442894648987716],[121.8690404066421,13.442997676350695],[121.86904624441728,13.442948315400951],[121.86915886986138,13.442841815805588]]]}},{"type":"Feature","properties":{"Id":0,"CLN":"15119","PSGC":"174001016","Barangay":"Boton","Land_Class":"AGRICULTURAL","PIN":"030-01-017-03-028","Owner":"MATRE, CHRISTINA R.","TaxDecNo":"32348"},"geometry":{"type":"Polygon","coordinates":[[[121.86878290434568,13.442556424756468],[121.86868221195705,13.442509328828812],[121.86858641789047,13.442613160124331],[121.8684930792846,13.442791083166915],[121.86863731720622,13.4428773358726],[121.86878290434568,13.442556424756468]]]}},{"type":"Feature","properties":{"Id":0,"CLN":"15120","PSGC":"174001016","Barangay":"Boton","Land_Class":"AGRICULTURAL","PIN":"030-01-017-03-019","Owner":"REYES, FE M.","TaxDecNo":"10076"},"geometry":{"type":"Polygon","coordinates":[[[121.86863731720622,13.4428773358726],[121.8684930792846,13.442791083166915],[121.86840015247873,13.442881208604996],[121.86826774541001,13.443021641171072],[121.86852373900149,13.443186867070372],[121.86863731720622,13.4428773358726]]]}},{"type":"Feature","properties":{"Id":0,"CLN":"15112","PSGC":"174001016","Barangay":"Boton","Land_Class":"AGRICULTURAL","PIN":"030-01-017-03-010","Owner":"SISTER MARIA GEMMA MONTEMAR","TaxDecNo":"10068"},"geometry":{"type":"Polygon","coordinates":[[[121.86852373900149,13.443186867070372],[121.86826774541001,13.443021641171072],[121.86805814692637,13.443307289048713],[121.86832065443872,13.44345483984202],[121.86852373900149,13.443186867070372]]]}},{"type":"Feature","properties":{"Id":0,"CLN":"15106","PSGC":"174001016","Barangay":"Boton","Land_Class":"AGRICULTURAL","PIN":"030-01-017-03-002","Owner":"COBARRUBIAS, MAURO V. & ALIÑO, MELVYM M.","TaxDecNo":"10052"},"geometry":{"type":"Polygon","coordinates":[[[121.86832065443872,13.44345483984202],[121.86805814692637,13.443307289048713],[121.86753085539159,13.443645909890629],[121.8675185817541,13.44366733301038],[121.867517955402,13.4437074968321],[121.86807792683678,13.443773050063795],[121.86814141329953,13.443789480944595],[121.86832065443872,13.44345483984202]]]}},{"type":"Feature","properties":{"Id":0,"CLN":"15111","PSGC":"174001016","Barangay":"Boton","Land_Class":"AGRICULTURAL","PIN":"030-01-017-03-001","Owner":"COBARRUBIAS, MAURO V. & ALIÑO, MELVYM M.","TaxDecNo":"10051"},"geometry":{"type":"Polygon","coordinates":[[[121.86830570683084,13.443815809379139],[121.86837663479324,13.44359877071127],[121.86840760421583,13.443503520396794],[121.86836567360174,13.443478638318886],[121.86820252383733,13.443805296897192],[121.86830570683084,13.443815809379139]]]}},{"type":"Feature","properties":{"Id":0,"CLN":"15113","PSGC":"174001016","Barangay":"Boton","Land_Class":"AGRICULTURAL","PIN":"030-01-017-03-011","Owner":"LOZANO, JOVENIEL M.","TaxDecNo":"10069"},"geometry":{"type":"Polygon","coordinates":[[[121.86836567360174,13.443478638318886],[121.86840760421583,13.443503520396794],[121.86871262719254,13.443614640658271],[121.86879117835355,13.443601275008827],[121.86882225697144,13.443549283766412],[121.8689348570734,13.443448271654281],[121.8685574813983,13.443224333482183],[121.86836567360174,13.443478638318886]]]}},{"type":"Feature","properties":{"Id":0,"CLN":"15114","PSGC":"174001016","Barangay":"Boton","Land_Class":"AGRICULTURAL","PIN":"030-01-017-03-012","Owner":"QUIAZON, ILUMINADA","TaxDecNo":"10070"},"geometry":{"type":"Polygon","coordinates":[[[121.8689348570734,13.443448271654281],[121.86896281085615,13.443464859646587],[121.86904516863726,13.443237499922958],[121.86900894711789,13.443190693743773],[121.86901190461279,13.44315778224762],[121.8686368561668,13.443035372746673],[121.8685574813983,13.443224333482183],[121.8689348570734,13.443448271654281]]]}},{"type":"Feature","properties":{"Id":0,"CLN":"aln 048 sec3","PSGC":"174001016","Barangay":"Boton","Land_Class":"AGRICULTURAL","PIN":"030-01-017-03-048","Owner":"JINAHON, JAVIER","TaxDecNo":"10109"},"geometry":{"type":"Polygon","coordinates":[[[121.86901190461279,13.44315778224762],[121.8690404066421,13.442997676350695],[121.86870451161735,13.442894648987716],[121.8686368561668,13.443035372746673],[121.86901190461279,13.44315778224762]]]}},{"type":"Feature","properties":{"Id":0,"CLN":"15115","PSGC":"174001016","Barangay":"Boton","Land_Class":"AGRICULTURAL","PIN":"030-01-017-03-013","Owner":"QUIAZON, ILUMINADA L.","TaxDecNo":"10071"},"geometry":{"type":"Polygon","coordinates":[[[121.86904516863726,13.443237499922958],[121.86924686294392,13.443265843319754],[121.86930093217423,13.443093231059063],[121.8692815163244,13.443049244133332],[121.86917515311369,13.443015841571077],[121.86914429335076,13.443021190407245],[121.86908270247808,13.443004451325125],[121.86904624441728,13.442948315400951],[121.8690404066421,13.442997676350695],[121.86901190461279,13.44315778224762],[121.86900894711789,13.443190693743773],[121.86904516863726,13.443237499922958]]]}},{"type":"Feature","properties":{"Id":0,"CLN":"15025","PSGC":"174001016","Barangay":"Boton","Land_Class":"AGRICULTURAL","PIN":"030-01-017-04-001","Owner":"HIDALGO, LUIS","TaxDecNo":"10110"},"geometry":{"type":"Polygon","coordinates":[[[121.86253971185643,13.44294076606491],[121.86331153758859,13.443047326739562],[121.8632977923733,13.442849740996815],[121.86334170601604,13.442095757933945],[121.863726818311,13.442126227154514],[121.86408648435174,13.442106302208888],[121.86405126558371,13.441793696656946],[121.86380525508274,13.441832091254014],[121.86372463812098,13.441810179366183],[121.86358224342331,13.441661573421955],[121.86367559308552,13.441317226101347],[121.86410485078848,13.441322754513772],[121.86442102850025,13.441187709862954],[121.86436785316481,13.440792422468945],[121.86444574761057,13.440613206730037],[121.86457871075731,13.440427056616265],[121.8644321028702,13.440394073357544],[121.8642166362513,13.440179775800068],[121.86381052783229,13.439933732351365],[121.86388443200394,13.439822734259645],[121.86321633715131,13.43911294302155],[121.86307738610991,13.439791078987827],[121.86306617603454,13.439834124452071],[121.86346156409182,13.440019067854436],[121.86332851577185,13.440223173653099],[121.86315953717012,13.440452587524398],[121.86299773273888,13.440674204599368],[121.86279685724092,13.441029053685766],[121.86268058014039,13.441230351731575],[121.8628478265618,13.441337149937404],[121.86280157274923,13.441511398430354],[121.86276652878655,13.441531764535926],[121.86272758688477,13.441637631365298],[121.86224911668147,13.44157047557823],[121.86221754157225,13.441596330452253],[121.8621960891678,13.441698855488022],[121.86218158745987,13.441809621692716],[121.86240502065414,13.441859205820593],[121.86239397180341,13.441978881551037],[121.86298403226701,13.442097852143782],[121.8629443162825,13.442367910716454],[121.86289833644211,13.442484007973079],[121.86259092894109,13.442455253388276],[121.86253971185643,13.44294076606491]]]}},{"type":"Feature","properties":{"Id":0,"CLN":"15228","PSGC":"174001016","Barangay":"Boton","Land_Class":"AGRICULTURAL","PIN":null},"geometry":{"type":"Polygon","coordinates":[[[121.86331153758859,13.443047326739562],[121.86253971185643,13.44294076606491],[121.86253257717955,13.442971520423315],[121.86331140894978,13.443074620339345],[121.86331153758859,13.443047326739562]]]}},{"type":"Feature","properties":{"Id":0,"CLN":"15036","PSGC":"174001016","Barangay":"Boton","Land_Class":"RESIDENTIAL","PIN":"030-01-017-04-005","Owner":"MAGAYAO, GREGORIO","TaxDecNo":"10114"},"geometry":{"type":"Polygon","coordinates":[[[121.86434410038136,13.442720147214866],[121.86445999136956,13.442671207695897],[121.86442973144314,13.442590730751062],[121.86431878916615,13.442641023531294],[121.86434410038136,13.442720147214866]]]}},{"type":"Feature","properties":{"Id":0,"CLN":"15034","PSGC":"174001016","Barangay":"Boton","Land_Class":"RESIDENTIAL","PIN":"030-01-017-04-006","Owner":"MACARANG, IRMA","TaxDecNo":"10115"},"geometry":{"type":"Polygon","coordinates":[[[121.86445999136956,13.442671207695897],[121.86454628622012,13.44263845839842],[121.86451727209464,13.442566500710456],[121.86442973144314,13.442590730751062],[121.86445999136956,13.442671207695897]]]}},{"type":"Feature","properties":{"Id":0,"CLN":"15031","PSGC":"174001016","Barangay":"Boton","Land_Class":"AGRICULTURAL","PIN":"030-01-017-04-004"},"geometry":{"type":"Polygon","coordinates":[[[121.86334170601604,13.442095757933945],[121.8632977923733,13.442849740996815],[121.86331153758859,13.443047326739562],[121.86345461997315,13.443050127583167],[121.86366754272349,13.443025949433181],[121.86434410038136,13.442720147214866],[121.86431878916615,13.442641023531294],[121.86442973144314,13.442590730751062],[121.86451727209464,13.442566500710456],[121.86454628622012,13.44263845839842],[121.8653065030334,13.442487458437881],[121.8652638770139,13.442189184923544],[121.86536664361124,13.442182465430635],[121.86522236620822,13.441653887855184],[121.86501701935416,13.441627822794228],[121.86500039794386,13.441261430988373],[121.8660272000138,13.441064942688323],[121.86591505452766,13.440725414771535],[121.86507114916847,13.440728794772141],[121.86494094264592,13.441108890050161],[121.86442102850025,13.441187709862954],[121.86410485078848,13.441322754513772],[121.86367559308552,13.441317226101347],[121.86358224342331,13.441661573421955],[121.86372463812098,13.441810179366183],[121.86380525508274,13.441832091254014],[121.86405126558371,13.441793696656946],[121.86408648435174,13.442106302208888],[121.863726818311,13.442126227154514],[121.86334170601604,13.442095757933945]]]}},{"type":"Feature","properties":{"Id":0,"CLN":"aln 006 sec4","PSGC":"174001016","Barangay":"Boton","Land_Class":null,"PIN":null},"geometry":{"type":"Polygon","coordinates":[[[121.86454628622012,13.44263845839842],[121.86445999136956,13.442671207695897],[121.86446423642914,13.442694237379433],[121.86455058213261,13.44266309389246],[121.86454628622012,13.44263845839842]]]}},{"type":"Feature","properties":{"Id":0,"CLN":"aln 005 sec4","PSGC":"174001016","Barangay":"Boton","Land_Class":null,"PIN":null},"geometry":{"type":"Polygon","coordinates":[[[121.86446423642914,13.442694237379433],[121.86445999136956,13.442671207695897],[121.86434410038136,13.442720147214866],[121.864353395309,13.442749985350684],[121.86446423642914,13.442694237379433]]]}},{"type":"Feature","properties":{"Id":0,"CLN":"16708","PSGC":"174001016","Barangay":"Boton","Land_Class":null,"PIN":null},"geometry":{"type":"Polygon","coordinates":[[[121.864353395309,13.442749985350684],[121.86434410038136,13.442720147214866],[121.86366754272349,13.443025949433181],[121.86345461997315,13.443050127583167],[121.86331153758859,13.443047326739562],[121.86331140894978,13.443074620339345],[121.86346277033381,13.443080044748296],[121.86367100751222,13.443050304117344],[121.864353395309,13.442749985350684]]]}},{"type":"Feature","properties":{"Id":0,"CLN":"16708","PSGC":"174001016","Barangay":"Boton","Land_Class":null,"PIN":null},"geometry":{"type":"Polygon","coordinates":[[[121.86454628622012,13.44263845839842],[121.86455058213261,13.44266309389246],[121.8653089289413,13.442509058808524],[121.8653065030334,13.442487458437881],[121.86454628622012,13.44263845839842]]]}},{"type":"Feature","properties":{"Id":0,"CLN":"15052","PSGC":"174001016","Barangay":"Boton","Land_Class":"RESIDENTIAL","PIN":"030-01-017-04-007","Owner":"MAYANGITAN JR., ELIGIO ELIZER","TaxDecNo":"10117"},"geometry":{"type":"Polygon","coordinates":[[[121.86536664361124,13.442182465430635],[121.8652638770139,13.442189184923544],[121.8653065030334,13.442487458437881],[121.86541529701083,13.442485060982401],[121.86536664361124,13.442182465430635]]]}},{"type":"Feature","properties":{"Id":0,"CLN":"15050","PSGC":"174001016","Barangay":"Boton","Land_Class":"RESIDENTIAL","PIN":null,"Owner":"MAYANGITAN JR., ELIGIO ELIZER","TaxDecNo":"10117"},"geometry":{"type":"Polygon","coordinates":[[[121.8653065030334,13.442487458437881],[121.8653089289413,13.442509058808524],[121.86541676648528,13.44250173367691],[121.86541529701083,13.442485060982401],[121.8653065030334,13.442487458437881]]]}},{"type":"Feature","properties":{"Id":0,"CLN":"15045","PSGC":"174001016","Barangay":"Boton","Land_Class":"RESIDENTIAL","PIN":"030-01-017-04-008","Owner":"LINGON, ANUNSACION M.","TaxDecNo":"10118"},"geometry":{"type":"Polygon","coordinates":[[[121.86536664361124,13.442182465430635],[121.86541529701083,13.442485060982401],[121.8655283345381,13.442476479822043],[121.86542289253681,13.44218662101619],[121.86536664361124,13.442182465430635]]]}},{"type":"Feature","properties":{"Id":0,"CLN":"15047","PSGC":"174001016","Barangay":"Boton","Land_Class":"RESIDENTIAL","PIN":"030-01-017-04-009","Owner":"MAYANGITAN, DIA , MAYANGITAN, RHANDY & MAYANGITAN, IRENE","TaxDecNo":"10120"},"geometry":{"type":"Polygon","coordinates":[[[121.86542289253681,13.44218662101619],[121.8655283345381,13.442476479822043],[121.86562744119982,13.442467835837343],[121.86558398520296,13.44216310541424],[121.86542289253681,13.44218662101619]]]}},{"type":"Feature","properties":{"Id":0,"CLN":"aln 009 sec4","PSGC":"174001016","Barangay":"Boton","Land_Class":null,"PIN":null},"geometry":{"type":"Polygon","coordinates":[[[121.86562744119982,13.442467835837343],[121.8655283345381,13.442476479822043],[121.86552982539985,13.442488607320442],[121.8656289035632,13.44248602359729],[121.86562744119982,13.442467835837343]]]}},{"type":"Feature","properties":{"Id":0,"CLN":"15044","PSGC":"174001016","Barangay":"Boton","Land_Class":null,"PIN":null},"geometry":{"type":"Polygon","coordinates":[[[121.86541529701083,13.442485060982401],[121.86541676648528,13.44250173367691],[121.86552982539985,13.442488607320442],[121.8655283345381,13.442476479822043],[121.86541529701083,13.442485060982401]]]}},{"type":"Feature","properties":{"Id":0,"CLN":"15049","PSGC":"174001016","Barangay":"Boton","Land_Class":"AGRICULTURAL","PIN":"030-01-017-04-010","Owner":"LAZARTE, VICTOR","TaxDecNo":"10121"},"geometry":{"type":"Polygon","coordinates":[[[121.86558398520296,13.44216310541424],[121.86562744119982,13.442467835837343],[121.86596290102894,13.442461771728096],[121.86590100549893,13.442128171407667],[121.86558398520296,13.44216310541424]]]}},{"type":"Feature","properties":{"Id":0,"CLN":"15048","PSGC":"174001016","Barangay":"Boton","Land_Class":null,"PIN":null},"geometry":{"type":"Polygon","coordinates":[[[121.86562744119982,13.442467835837343],[121.8656289035632,13.44248602359729],[121.86596280842028,13.442481467580903],[121.86596290102894,13.442461771728096],[121.86562744119982,13.442467835837343]]]}},{"type":"Feature","properties":{"Id":0,"CLN":"aln 011 sec4","PSGC":"174001016","Barangay":"Boton","Land_Class":"AGRICULTURAL","PIN":"030-01-017-04-011","Owner":"LAZARTE, VICTOR","TaxDecNo":"10122"},"geometry":{"type":"Polygon","coordinates":[[[121.86596290102894,13.442461771728096],[121.86613012837003,13.4424504042039],[121.86610130996542,13.442324521287802],[121.86605425902556,13.442125831552598],[121.86597225745231,13.442117886694184],[121.86590100549893,13.442128171407667],[121.86596290102894,13.442461771728096]]]}},{"type":"Feature","properties":{"Id":0,"CLN":"aln 011 sec4","PSGC":"174001016","Barangay":"Boton","Land_Class":null,"PIN":null},"geometry":{"type":"Polygon","coordinates":[[[121.86596290102894,13.442461771728096],[121.86596280842028,13.442481467580903],[121.86613467227383,13.442471636038668],[121.86613012837003,13.4424504042039],[121.86596290102894,13.442461771728096]]]}},{"type":"Feature","properties":{"Id":0,"CLN":"15074","PSGC":"174001016","Barangay":"Boton","Land_Class":"AGRICULTURAL","PIN":"030-01-017-04-014","Owner":"LAZARTE, SIXTO","TaxDecNo":"10125"},"geometry":{"type":"Polygon","coordinates":[[[121.86610130996542,13.442324521287802],[121.86613012837003,13.4424504042039],[121.86645635081926,13.442433692142535],[121.86642783131263,13.442244176483776],[121.86610130996542,13.442324521287802]]]}},{"type":"Feature","properties":{"Id":0,"CLN":"15073","PSGC":"174001016","Barangay":"Boton","Land_Class":"AGRICULTURAL","PIN":null,"Owner":"QUIAZON, ILUMINADA L.","TaxDecNo":"10137"},"geometry":{"type":"Polygon","coordinates":[[[121.86613012837003,13.4424504042039],[121.86613467227383,13.442471636038668],[121.86645936111941,13.442451886872345],[121.86645635081926,13.442433692142535],[121.86613012837003,13.4424504042039]]]}},{"type":"Feature","properties":{"Id":0,"CLN":"15051","PSGC":"174001016","Barangay":"Boton","Land_Class":"AGRICULTURAL","PIN":"030-01-017-04-015","Owner":"QUIAZON, ILUMINADA L.","TaxDecNo":"10126"},"geometry":{"type":"Polygon","coordinates":[[[121.86645635081926,13.442433692142535],[121.86658328358857,13.442432748560051],[121.8665241625335,13.442167340229393],[121.86642783131263,13.442244176483776],[121.86645635081926,13.442433692142535]]]}},{"type":"Feature","properties":{"Id":0,"CLN":"15095","PSGC":"174001016","Barangay":"Boton","Land_Class":"AGRICULTURAL","PIN":null,"Owner":"QUIAZON, ILUMINADA L.","TaxDecNo":"10126"},"geometry":{"type":"Polygon","coordinates":[[[121.86645635081926,13.442433692142535],[121.86645936111941,13.442451886872345],[121.86658938964622,13.442450957226857],[121.86658328358857,13.442432748560051],[121.86645635081926,13.442433692142535]]]}},{"type":"Feature","properties":{"Id":0,"CLN":"15095","PSGC":"174001016","Barangay":"Boton","Land_Class":"AGRICULTURAL","PIN":"030-01-017-04-016","Owner":"SPS. LATON, EDILBERTO M. & LATON, JUANITA E.","TaxDecNo":"10127"},"geometry":{"type":"Polygon","coordinates":[[[121.8665241625335,13.442167340229393],[121.86658328358857,13.442432748560051],[121.86677081887886,13.442434333622066],[121.86675155824791,13.44235742247334],[121.86666372731271,13.442113425037823],[121.86663915358494,13.442072406762332],[121.8665241625335,13.442167340229393]]]}},{"type":"Feature","properties":{"Id":0,"CLN":"15067","PSGC":"174001016","Barangay":"Boton","Land_Class":"AGRICULTURAL","PIN":null,"Owner":"SPS. LATON, EDILBERTO M. & LATON, JUANITA E.","TaxDecNo":"10127"},"geometry":{"type":"Polygon","coordinates":[[[121.86677081887886,13.442434333622066],[121.86658328358857,13.442432748560051],[121.86658938964622,13.442450957226857],[121.86677632191817,13.442456308235798],[121.86677081887886,13.442434333622066]]]}},{"type":"Feature","properties":{"Id":0,"CLN":"15060","PSGC":"174001016","Barangay":"Boton","Land_Class":"AGRICULTURAL","PIN":"030-01-017-04-017","Owner":"MONTEMAR, RODANTE M.","TaxDecNo":"10128"},"geometry":{"type":"Polygon","coordinates":[[[121.86666372731271,13.442113425037823],[121.86675155824791,13.44235742247334],[121.86701542191409,13.44227904195018],[121.86695542964299,13.44192208698972],[121.86669647303027,13.441963577740932],[121.86669455837361,13.441975144717619],[121.86667416924452,13.442098321064742],[121.86666372731271,13.442113425037823]]]}},{"type":"Feature","properties":{"Id":0,"CLN":"15069","PSGC":"174001016","Barangay":"Boton","Land_Class":"AGRICULTURAL","PIN":"030-01-017-04-013","Owner":"MAGCALAYO, LEONORA M.","TaxDecNo":"10124"},"geometry":{"type":"Polygon","coordinates":[[[121.86605425902556,13.442125831552598],[121.86610130996542,13.442324521287802],[121.86642783131263,13.442244176483776],[121.8665241625335,13.442167340229393],[121.86663915358494,13.442072406762332],[121.86639049876823,13.441854931228116],[121.86637340811095,13.44186849015266],[121.86627743304706,13.441869573064995],[121.86635405036029,13.44203506375857],[121.8662299144338,13.442099653947023],[121.86605425902556,13.442125831552598]]]}},{"type":"Feature","properties":{"Id":0,"CLN":"15066","PSGC":"174001016","Barangay":"Boton","Land_Class":"AGRICULTURAL","PIN":"030-01-017-04-018","Owner":"LAZARTE, DELFIN","TaxDecNo":"10129"},"geometry":{"type":"Polygon","coordinates":[[[121.86669455837361,13.441975144717619],[121.86669647303027,13.441963577740932],[121.86695542964299,13.44192208698972],[121.86704822766949,13.441859398817714],[121.86693194965672,13.441549931457313],[121.86665565440504,13.441756128567693],[121.86669455837361,13.441975144717619]]]}},{"type":"Feature","properties":{"Id":0,"CLN":"15065","PSGC":"174001016","Barangay":"Boton","Land_Class":"AGRICULTURAL","PIN":"030-01-017-04-019","Owner":"LAZARTE, NIEVES","TaxDecNo":"10130"},"geometry":{"type":"Polygon","coordinates":[[[121.8664674808018,13.441284085895752],[121.86628031003634,13.441257486450883],[121.86637340811095,13.44186849015266],[121.86639049876823,13.441854931228116],[121.86663915358494,13.442072406762332],[121.86666372731271,13.442113425037823],[121.86667416924452,13.442098321064742],[121.86669455837361,13.441975144717619],[121.86665565440504,13.441756128567693],[121.8666278710651,13.441739337413388],[121.8664674808018,13.441284085895752]]]}},{"type":"Feature","properties":{"Id":0,"CLN":"15056","PSGC":"174001016","Barangay":"Boton","Land_Class":"AGRICULTURAL","PIN":"030-01-017-04-020","Owner":"LIVELO, RODOLFO M.","TaxDecNo":"10131"},"geometry":{"type":"Polygon","coordinates":[[[121.8664674808018,13.441284085895752],[121.8666278710651,13.441739337413388],[121.86665565440504,13.441756128567693],[121.86693194965672,13.441549931457313],[121.86705830710359,13.441503856688026],[121.86688563784568,13.441264375046536],[121.86684188320886,13.441159614129958],[121.8664674808018,13.441284085895752]]]}},{"type":"Feature","properties":{"Id":0,"CLN":"aln 012 sec4","PSGC":"174001016","Barangay":"Boton","Land_Class":"AGRICULTURAL","PIN":"030-01-017-04-012","Owner":"JINAHON, CARMELO & JINAHON, RIZA","TaxDecNo":"10123"},"geometry":{"type":"Polygon","coordinates":[[[121.86590100549893,13.442128171407667],[121.86597225745231,13.442117886694184],[121.86605425902556,13.442125831552598],[121.8662299144338,13.442099653947023],[121.86635405036029,13.44203506375857],[121.86627743304706,13.441869573064995],[121.86589977501211,13.441808278232445],[121.86581093550866,13.441828079317396],[121.86590100549893,13.442128171407667]]]}},{"type":"Feature","properties":{"Id":0,"CLN":"15073","PSGC":"174001016","Barangay":"Boton","Land_Class":"AGRICULTURAL","PIN":"030-01-017-04-026","Owner":"QUIAZON, ILUMINADA L.","TaxDecNo":"10137"},"geometry":{"type":"Polygon","coordinates":[[[121.86522236620822,13.441653887855184],[121.86606731714252,13.44118840394399],[121.8660272000138,13.441064942688323],[121.86500039794386,13.441261430988373],[121.86501701935416,13.441627822794228],[121.86522236620822,13.441653887855184]]]}},{"type":"Feature","properties":{"Id":0,"CLN":"15053","PSGC":"174001016","Barangay":"Boton","Land_Class":"AGRICULTURAL","PIN":"030-01-017-04-025","Owner":"QUIAZON, ILUMINADA L.","TaxDecNo":"10136"},"geometry":{"type":"Polygon","coordinates":[[[121.8664674808018,13.441284085895752],[121.86640515342694,13.441128872464112],[121.86606731714252,13.44118840394399],[121.86522236620822,13.441653887855184],[121.86536664361124,13.442182465430635],[121.86542289253681,13.44218662101619],[121.86558398520296,13.44216310541424],[121.86590100549893,13.442128171407667],[121.86581093550866,13.441828079317396],[121.86589977501211,13.441808278232445],[121.86627743304706,13.441869573064995],[121.86637340811095,13.44186849015266],[121.86628031003634,13.441257486450883],[121.8664674808018,13.441284085895752]]]}},{"type":"Feature","properties":{"Id":0,"CLN":"10555","PSGC":"174001016","Barangay":"Boton","Land_Class":"AGRICULTURAL","PIN":"030-01-017-04-021","Owner":"PAGLINAWAN, TEODOLFO","TaxDecNo":"10132"},"geometry":{"type":"Polygon","coordinates":[[[121.86640515342694,13.441128872464112],[121.8664674808018,13.441284085895752],[121.86684188320886,13.441159614129958],[121.86688563784568,13.441264375046536],[121.86707105293621,13.441177410090615],[121.8669769342024,13.440924563322318],[121.86666972161468,13.44096701654752],[121.86640515342694,13.441128872464112]]]}},{"type":"Feature","properties":{"Id":0,"CLN":"16711","PSGC":"174001016","Barangay":"Boton","Land_Class":"AGRICULTURAL","PIN":"030-01-017-04-024","Owner":"LECAROS, ALFONSO","TaxDecNo":"10135"},"geometry":{"type":"Polygon","coordinates":[[[121.86614420887967,13.441144217590148],[121.86637236287932,13.441001591260195],[121.86626771696862,13.440627620334084],[121.86514501815653,13.440618971035056],[121.86600324463218,13.440691073468006],[121.86606149292524,13.44078830208062],[121.86608673705472,13.440881790699077],[121.86614420887967,13.441144217590148]]]}},{"type":"Feature","properties":{"Id":0,"CLN":"16112","PSGC":"174001016","Barangay":"Boton","Land_Class":"AGRICULTURAL","PIN":"030-01-017-04-023","Owner":"LAZARTE, FAUSTO","TaxDecNo":"10134"},"geometry":{"type":"Polygon","coordinates":[[[121.86637236287932,13.441001591260195],[121.86664804501689,13.440895092093132],[121.86665211899286,13.440808918178913],[121.86626771696862,13.440627620334084],[121.86637236287932,13.441001591260195]]]}},{"type":"Feature","properties":{"Id":0,"CLN":"15054","PSGC":"174001016","Barangay":"Boton","Land_Class":"AGRICULTURAL","PIN":"030-01-017-04-022","Owner":"QUIAZON, ILUMINADA","TaxDecNo":"10133"},"geometry":{"type":"Polygon","coordinates":[[[121.86665211899286,13.440808918178913],[121.86664804501689,13.440895092093132],[121.86695277536676,13.440853367527737],[121.86665211899286,13.440808918178913]]]}},{"type":"Feature","properties":{"Id":0,"CLN":"15033","PSGC":"174001016","Barangay":"Boton","Land_Class":"AGRICULTURAL","PIN":"030-01-017-04-003","Owner":"MAYANGITAN, ROSELLER L.","TaxDecNo":"10112"},"geometry":{"type":"Polygon","coordinates":[[[121.86457871075731,13.440427056616265],[121.86444574761057,13.440613206730037],[121.86436785316481,13.440792422468945],[121.86442102850025,13.441187709862954],[121.86494094264592,13.441108890050161],[121.86507114916847,13.440728794772141],[121.86457871075731,13.440427056616265]]]}},{"type":"Feature","properties":{"Id":0,"CLN":"15013","PSGC":"174001016","Barangay":"Boton","Land_Class":"AGRICULTURAL","PIN":"030-01-017-04-002","Owner":"LAZARTE, CORAZON","TaxDecNo":"10111"},"geometry":{"type":"Polygon","coordinates":[[[121.8644321028702,13.440394073357544],[121.86406191631659,13.439343949042973],[121.86321633715131,13.43911294302155],[121.86388443200394,13.439822734259645],[121.86381052783229,13.439933732351365],[121.8642166362513,13.440179775800068],[121.8644321028702,13.440394073357544]]]}},{"type":"Feature","properties":{"Id":0,"CLN":"aln 030 sec4","PSGC":"174001016","Barangay":"Boton","Land_Class":"AGRICULTURAL","PIN":"030-01-017-04-030","Owner":"LECAROS, ALFONSO","TaxDecNo":"31122"},"geometry":{"type":"Polygon","coordinates":[[[121.86306617603454,13.439834124452071],[121.86293838082541,13.440033203662136],[121.86332851577185,13.440223173653099],[121.86346156409182,13.440019067854436],[121.86306617603454,13.439834124452071]]]}},{"type":"Feature","properties":{"Id":0,"CLN":"15032","PSGC":"174001016","Barangay":"Boton","Land_Class":"AGRICULTURAL","PIN":"030-01-017-04-029","Owner":"CHAVEZ, VICTORIO","TaxDecNo":"10140"},"geometry":{"type":"Polygon","coordinates":[[[121.86293838082541,13.440033203662136],[121.86283538430756,13.440269824789207],[121.86315953717012,13.440452587524398],[121.86332851577185,13.440223173653099],[121.86293838082541,13.440033203662136]]]}},{"type":"Feature","properties":{"Id":0,"CLN":"16714","PSGC":"174001016","Barangay":"Boton","Land_Class":"AGRICULTURAL","PIN":"030-01-017-05-024","Owner":"STO. DOMINGO, FLORENTINO","TaxDecNo":"10159"},"geometry":{"type":"Polygon","coordinates":[[[121.87029560295943,13.437471248341462],[121.87011736389877,13.437156326630305],[121.86925779545216,13.437051949601283],[121.86911359680211,13.437852774303389],[121.86914976045769,13.437906402511128],[121.86906670062375,13.43814662562769],[121.86978529856714,13.438274605441007],[121.87029560295943,13.437471248341462]]]}},{"type":"Feature","properties":{"Id":0,"CLN":"16713","PSGC":"174001016","Barangay":"Boton","Land_Class":"AGRICULTURAL","PIN":"030-01-017-05-022","Owner":"MANRIQUE, FLORENTINO","TaxDecNo":"10158"},"geometry":{"type":"Polygon","coordinates":[[[121.86906670062375,13.43814662562769],[121.86830170803333,13.438205565594835],[121.86829018012301,13.438722349762495],[121.86818974798696,13.43878427512035],[121.86822499188528,13.439033940539439],[121.86978529856714,13.438274605441007],[121.86906670062375,13.43814662562769]]]}},{"type":"Feature","properties":{"Id":0,"CLN":"aln 023 sec5","PSGC":"174001016","Barangay":"Boton","Land_Class":null,"PIN":"030-01-017-05-023"},"geometry":{"type":"Polygon","coordinates":[[[121.86830170803333,13.438205565594835],[121.86906670062375,13.43814662562769],[121.86914976045769,13.437906402511128],[121.86911359680211,13.437852774303389],[121.86925779545216,13.437051949601283],[121.8692343307171,13.43658066124619],[121.8692036529336,13.436278966378993],[121.86880584355123,13.43625205016707],[121.86864494677654,13.435715673721685],[121.86810388832072,13.435952873848215],[121.86791644230794,13.436885011096853],[121.86854450179855,13.43690565552535],[121.86850365822626,13.437850034462562],[121.86830170803333,13.438205565594835]]]}},{"type":"Feature","properties":{"Id":0,"CLN":"15147","PSGC":"174001016","Barangay":"Boton","Land_Class":"AGRICULTURAL","PIN":"030-01-017-05-021","Owner":"MAAC, SIXTO","TaxDecNo":"10157"},"geometry":{"type":"Polygon","coordinates":[[[121.86830170803333,13.438205565594835],[121.86850365822626,13.437850034462562],[121.86854450179855,13.43690565552535],[121.86791644230794,13.436885011096853],[121.86791272130463,13.437678070242118],[121.86804739330931,13.438079669041104],[121.86790891643506,13.438488950888868],[121.86830170803333,13.438205565594835]]]}},{"type":"Feature","properties":{"Id":0,"CLN":"15149","PSGC":"174001016","Barangay":"Boton","Land_Class":"AGRICULTURAL","PIN":"030-01-017-05-019","Owner":"MONTEMAR, CALIXTO","TaxDecNo":"10156"},"geometry":{"type":"Polygon","coordinates":[[[121.86791644230794,13.436885011096853],[121.86727948869078,13.43681977028859],[121.86722932749292,13.437808661558105],[121.86715608067136,13.437897441688417],[121.86804739330931,13.438079669041104],[121.86791272130463,13.437678070242118],[121.86791644230794,13.436885011096853]]]}},{"type":"Feature","properties":{"Id":0,"CLN":"aln 020 sec5","PSGC":"174001016","Barangay":"Boton","Land_Class":null,"PIN":"030-01-017-05-020"},"geometry":{"type":"Polygon","coordinates":[[[121.86727948869078,13.436819770288599],[121.86791644230796,13.436885011096857],[121.86810388832072,13.43595287384821],[121.86772191684692,13.435723357163322],[121.86719787401381,13.435688422257035],[121.86600092631356,13.43525916429009],[121.86605732735674,13.435773297136102],[121.86608244189587,13.436002232339233],[121.86609040373376,13.436074809563806],[121.86632536315011,13.436285549818196],[121.86677938118656,13.436692766964862],[121.86727948869078,13.436819770288599]]]}},{"type":"Feature","properties":{"Id":0,"CLN":"15151","PSGC":"174001016","Barangay":"Boton","Land_Class":"AGRICULTURAL","PIN":"030-01-017-05-018","Owner":"MALINAO, EFREN & SANTIAGO, ISABELO","TaxDecNo":"10155"},"geometry":{"type":"Polygon","coordinates":[[[121.86715608067136,13.437897441688417],[121.86722932749292,13.437808661558105],[121.86727948869078,13.43681977028859],[121.86677938118659,13.436692766964864],[121.86671071793653,13.43774395145793],[121.86715608067136,13.437897441688417]]]}},{"type":"Feature","properties":{"Id":0,"CLN":"15155","PSGC":"174001016","Barangay":"Boton","Land_Class":"AGRICULTURAL","PIN":"030-01-017-05-017","Owner":"MALINAO, ISIDORO","TaxDecNo":"10154"},"geometry":{"type":"Polygon","coordinates":[[[121.86671071793653,13.43774395145793],[121.86677938118659,13.436692766964864],[121.86640601168425,13.436717819522029],[121.86612062041358,13.437393767725265],[121.8663460735316,13.437849241708964],[121.86671071793653,13.43774395145793]]]}},{"type":"Feature","properties":{"Id":0,"CLN":"15132","PSGC":"174001016","Barangay":"Boton","Land_Class":"AGRICULTURAL","PIN":"030-01-017-05-016","Owner":"MAGCAMIT, MARIA","TaxDecNo":"10153"},"geometry":{"type":"Polygon","coordinates":[[[121.86790891643506,13.438488950888868],[121.86804739330931,13.438079669041104],[121.86715608067136,13.437897441688417],[121.86671071793653,13.43774395145793],[121.8663460735316,13.437849241708964],[121.86665212008519,13.438590229017278],[121.867390514293,13.438379688189135],[121.86790891643506,13.438488950888868]]]}},{"type":"Feature","properties":{"Id":0,"CLN":"15148","PSGC":"174001016","Barangay":"Boton","Land_Class":"AGRICULTURAL","PIN":"030-01-017-05-015","Owner":"HRS.OF LATON, LORENZO","TaxDecNo":"10152"},"geometry":{"type":"Polygon","coordinates":[[[121.86822499188528,13.439033940539439],[121.86818974798696,13.43878427512035],[121.86829018012301,13.438722349762495],[121.86830170803333,13.438205565594835],[121.86790891643506,13.438488950888868],[121.867390514293,13.438379688189135],[121.86768687556346,13.439245384415967],[121.86822499188528,13.439033940539439]]]}},{"type":"Feature","properties":{"Id":0,"CLN":"15153","PSGC":"174001016","Barangay":"Boton","Land_Class":"AGRICULTURAL","PIN":"030-01-017-05-014","Owner":"MAGCAMIT, ANDRES","TaxDecNo":"10151"},"geometry":{"type":"Polygon","coordinates":[[[121.86768687556346,13.439245384415967],[121.867390514293,13.438379688189135],[121.86665212008519,13.438590229017278],[121.86688919018746,13.43928635085928],[121.86768687556346,13.439245384415967]]]}},{"type":"Feature","properties":{"Id":0,"CLN":"15154","PSGC":"174001016","Barangay":"Boton","Land_Class":"AGRICULTURAL","PIN":"030-01-017-05-013","Owner":"LAZARTE, DELFIN","TaxDecNo":"10150"},"geometry":{"type":"Polygon","coordinates":[[[121.86640601168425,13.436717819522023],[121.8664651950813,13.436522044761931],[121.86532788593658,13.436383258915422],[121.86530360497487,13.436551752801666],[121.86518672360505,13.437362828223735],[121.86548667925285,13.437462200252845],[121.86520908872332,13.438414421928062],[121.865135128435,13.438654684438596],[121.86621602574796,13.439176389170743],[121.86688919018746,13.439286350859286],[121.86665212008519,13.43859022901727],[121.8663460735316,13.437849241708959],[121.86612062041361,13.437393767725274],[121.86640601168425,13.436717819522023]]]}},{"type":"Feature","properties":{"Id":0,"CLN":"15163","PSGC":"174001016","Barangay":"Boton","Land_Class":"AGRICULTURAL","PIN":"030-01-017-05-012","Owner":"DAQUIOAG, ZENAIDA L.","TaxDecNo":"10149"},"geometry":{"type":"Polygon","coordinates":[[[121.86520908872332,13.43841442192807],[121.8643363205207,13.438160980594501],[121.8642442362449,13.43838333914204],[121.86513512843503,13.438654684438601],[121.86520908872332,13.43841442192807]]]}},{"type":"Feature","properties":{"Id":0,"CLN":"15162","PSGC":"174001016","Barangay":"Boton","Land_Class":"AGRICULTURAL","PIN":"030-01-017-05-011","Owner":"MARQUEZ, DANTE","TaxDecNo":"10148"},"geometry":{"type":"Polygon","coordinates":[[[121.8643363205207,13.438160980594501],[121.86520908872332,13.43841442192807],[121.86548667925285,13.437462200252847],[121.86518672360505,13.437362828223733],[121.86530360497487,13.436551752801664],[121.86464357262489,13.43670988028809],[121.86462293370387,13.43722662268961],[121.8643363205207,13.438160980594501]]]}},{"type":"Feature","properties":{"Id":0,"CLN":"15156","PSGC":"174001016","Barangay":"Boton","Land_Class":"AGRICULTURAL","PIN":null,"Owner":"MAYANGITAN, DIA , MAYANGITAN, RHANDY & MAYANGITAN, IRENE","TaxDecNo":"10163"},"geometry":{"type":"Polygon","coordinates":[[[121.86532788593655,13.436383258915416],[121.864617310326,13.43648698798628],[121.86464357262489,13.43670988028809],[121.86530360497487,13.436551752801664],[121.86532788593655,13.436383258915416]]]}},{"type":"Feature","properties":{"Id":0,"CLN":"15156","PSGC":"174001016","Barangay":"Boton","Land_Class":"AGRICULTURAL","PIN":null,"Owner":"MAYANGITAN, DIA , MAYANGITAN, RHANDY & MAYANGITAN, IRENE","TaxDecNo":"10163"},"geometry":{"type":"Polygon","coordinates":[[[121.86467293752307,13.436273375803562],[121.864617310326,13.43648698798628],[121.86532788593655,13.436383258915416],[121.8664651950813,13.436522044761936],[121.86640601168425,13.436717819522029],[121.86677938118659,13.436692766964864],[121.86632536315014,13.436285549818193],[121.86467293752307,13.436273375803562]]]}},{"type":"Feature","properties":{"Id":0,"CLN":"15156","PSGC":"174001016","Barangay":"Boton","Land_Class":"AGRICULTURAL","PIN":null,"Owner":"MAYANGITAN, DIA , MAYANGITAN, RHANDY & MAYANGITAN, IRENE","TaxDecNo":"10163"},"geometry":{"type":"Polygon","coordinates":[[[121.864617310326,13.436486987986273],[121.86467293752307,13.436273375803568],[121.86426332536274,13.436225748932888],[121.86426489482707,13.43628986255791],[121.86426762036865,13.436401202736421],[121.86426216936796,13.436471351927857],[121.864617310326,13.436486987986273]]]}},{"type":"Feature","properties":{"Id":0,"CLN":"15159","PSGC":"174001016","Barangay":"Boton","Land_Class":"AGRICULTURAL","PIN":"030-01-017-05-010","Owner":"MAYANGITAN, EDILBERTO & OPIS, ANICIA","TaxDecNo":"10147"},"geometry":{"type":"Polygon","coordinates":[[[121.86467293752307,13.436273375803562],[121.86470186859337,13.436122048655605],[121.86473051270801,13.435972222226852],[121.86426957844871,13.4359851813308],[121.8642660859482,13.43611954433841],[121.86426332536274,13.436225748932888],[121.86467293752307,13.436273375803562]]]}},{"type":"Feature","properties":{"Id":0,"CLN":"15156","PSGC":"174001016","Barangay":"Boton","Land_Class":"AGRICULTURAL","PIN":null,"Owner":"MAYANGITAN, DIA , MAYANGITAN, RHANDY & MAYANGITAN, IRENE","TaxDecNo":"10163"},"geometry":{"type":"Polygon","coordinates":[[[121.86470186859337,13.436122048655605],[121.86467293752307,13.436273375803562],[121.86632536315014,13.436285549818193],[121.86609040373376,13.4360748095638],[121.86608244189587,13.436002232339234],[121.86470186859337,13.436122048655605]]]}},{"type":"Feature","properties":{"Id":0,"CLN":"15156","PSGC":"174001016","Barangay":"Boton","Land_Class":"AGRICULTURAL","PIN":null,"Owner":"MAYANGITAN, DIA , MAYANGITAN, RHANDY & MAYANGITAN, IRENE","TaxDecNo":"10163"},"geometry":{"type":"Polygon","coordinates":[[[121.86473051270801,13.435972222226852],[121.86470186859337,13.436122048655605],[121.86608244189587,13.436002232339234],[121.86605732735674,13.435773297136102],[121.86475153788972,13.435857031492596],[121.86473051270801,13.435972222226852]]]}},{"type":"Feature","properties":{"Id":0,"CLN":"15158","PSGC":"174001016","Barangay":"Boton","Land_Class":"AGRICULTURAL","PIN":"030-01-017-05-009","Owner":"MAYANGITAN, ANISIA O.","TaxDecNo":"10146"},"geometry":{"type":"Polygon","coordinates":[[[121.86426957844871,13.4359851813308],[121.86473051270801,13.435972222226852],[121.86475153788972,13.435857031492596],[121.86477235082621,13.435786951518235],[121.8643214696041,13.43584005535847],[121.86426957844871,13.4359851813308]]]}},{"type":"Feature","properties":{"Id":0,"CLN":"aln 006 sec5","PSGC":"174001016","Barangay":"Boton","Land_Class":null,"PIN":"030-01-017-05-006"},"geometry":{"type":"Polygon","coordinates":[[[121.86426762036865,13.436401202736414],[121.86405231442187,13.436450355825125],[121.86409056660166,13.437026955735993],[121.86462293370387,13.43722662268961],[121.86464357262489,13.43670988028809],[121.864617310326,13.43648698798628],[121.86426216936796,13.436471351927857],[121.86426762036865,13.436401202736414]]]}},{"type":"Feature","properties":{"Id":0,"CLN":"aln 005 sec5","PSGC":"174001016","Barangay":"Boton","Land_Class":null,"PIN":"030-01-017-05-005"},"geometry":{"type":"Polygon","coordinates":[[[121.86409056660166,13.437026955735993],[121.86382306148587,13.437286394411393],[121.863735206487,13.43745642000826],[121.86338472970112,13.437936029815587],[121.8642442362449,13.43838333914204],[121.8643363205207,13.438160980594501],[121.86462293370387,13.43722662268961],[121.86409056660166,13.437026955735993]]]}},{"type":"Feature","properties":{"Id":0,"CLN":"16718","PSGC":"174001016","Barangay":"Boton","Land_Class":"AGRICULTURAL","PIN":"030-01-017-05-004","Owner":"CHAVEZ, FRANCISCA","TaxDecNo":"10144"},"geometry":{"type":"Polygon","coordinates":[[[121.86338472970112,13.437936029815587],[121.863735206487,13.43745642000826],[121.86310034399393,13.437430497606364],[121.86320096385094,13.437811895019072],[121.86338472970112,13.437936029815587]]]}},{"type":"Feature","properties":{"Id":0,"CLN":"16719","PSGC":"174001016","Barangay":"Boton","Land_Class":"AGRICULTURAL","PIN":"030-01-017-05-002","Owner":"CHAVEZ, LUCIANO","TaxDecNo":"10142"},"geometry":{"type":"Polygon","coordinates":[[[121.86320096385094,13.437811895019072],[121.86310034399393,13.437430497606364],[121.86305043568106,13.437154589729571],[121.86262380862378,13.43749350714129],[121.86296583490484,13.437720610099614],[121.86320096385094,13.437811895019072]]]}},{"type":"Feature","properties":{"Id":0,"CLN":"15161","PSGC":"174001016","Barangay":"Boton","Land_Class":"AGRICULTURAL","PIN":"030-01-017-05-003","Owner":"CHAVEZ, FRANCISCA","TaxDecNo":"10143"},"geometry":{"type":"Polygon","coordinates":[[[121.86305043568106,13.437154589729571],[121.86310034399393,13.437430497606364],[121.863735206487,13.43745642000826],[121.86382306148587,13.437286394411393],[121.86409056660166,13.437026955735993],[121.86319971609464,13.436989854088443],[121.86305043568106,13.437154589729571]]]}},{"type":"Feature","properties":{"Id":0,"CLN":"15160","PSGC":"174001016","Barangay":"Boton","Land_Class":"AGRICULTURAL","PIN":"030-01-017-05-001","Owner":"CHAVEZ, NECITAS","TaxDecNo":"10141"},"geometry":{"type":"Polygon","coordinates":[[[121.86262380862378,13.43749350714129],[121.86305043568106,13.437154589729571],[121.86319971609464,13.436989854088443],[121.86409056660166,13.437026955735993],[121.86405231442187,13.436450355825125],[121.86270665819866,13.43621270937073],[121.86220367865087,13.43536835277122],[121.86221432177894,13.435283189887622],[121.86185049300606,13.435336682568126],[121.86170782305233,13.435185665558357],[121.86156437297393,13.43520005443939],[121.86140518244831,13.435294570615754],[121.86208075012516,13.436460502616246],[121.86220218183325,13.436771820614027],[121.86262380862378,13.43749350714129]]]}},{"type":"Feature","properties":{"Id":0,"CLN":"15156","PSGC":"174001016","Barangay":"Boton","Land_Class":"AGRICULTURAL","PIN":null,"Owner":"MAYANGITAN, DIA , MAYANGITAN, RHANDY & MAYANGITAN, IRENE","TaxDecNo":"10163"},"geometry":{"type":"Polygon","coordinates":[[[121.86426489482707,13.436289862557915],[121.86277372346349,13.436107751596632],[121.86269740898412,13.436002146381137],[121.8627590700196,13.435957313124137],[121.86240930956126,13.435198859678858],[121.86221432177894,13.435283189887622],[121.86220367865087,13.43536835277122],[121.86270665819866,13.43621270937073],[121.86405231442187,13.436450355825125],[121.86426762036865,13.436401202736414],[121.86426489482707,13.436289862557915]]]}},{"type":"Feature","properties":{"Id":0,"CLN":"15156","PSGC":"174001016","Barangay":"Boton","Land_Class":"AGRICULTURAL","PIN":null,"Owner":"MAYANGITAN, DIA , MAYANGITAN, RHANDY & MAYANGITAN, IRENE","TaxDecNo":"10163"},"geometry":{"type":"Polygon","coordinates":[[[121.86240930956126,13.435198859678858],[121.8627590700196,13.435957313124137],[121.86269740898412,13.436002146381137],[121.86277372346349,13.436107751596632],[121.86426489482707,13.436289862557915],[121.86426332536274,13.436225748932888],[121.8642660859482,13.43611954433841],[121.8629333392236,13.435923013091706],[121.86287224510177,13.435847551104446],[121.86294924454553,13.435807799456962],[121.86257864654931,13.435124438293958],[121.86240930956126,13.435198859678858]]]}},{"type":"Feature","properties":{"Id":0,"CLN":"15156","PSGC":"174001016","Barangay":"Boton","Land_Class":"AGRICULTURAL","PIN":null,"Owner":"MAYANGITAN, DIA , MAYANGITAN, RHANDY & MAYANGITAN, IRENE","TaxDecNo":"10163"},"geometry":{"type":"Polygon","coordinates":[[[121.86257864654931,13.435124438293958],[121.86294924454553,13.435807799456962],[121.86287224510177,13.435847551104446],[121.8629333392236,13.435923013091706],[121.8642660859482,13.43611954433841],[121.86426957844871,13.4359851813308],[121.86303668846078,13.43572498820108],[121.86311899745166,13.435645161177804],[121.86279422547635,13.435017143664046],[121.86257864654931,13.435124438293958]]]}},{"type":"Feature","properties":{"Id":0,"CLN":"15156","PSGC":"174001016","Barangay":"Boton","Land_Class":"AGRICULTURAL","PIN":null,"Owner":"MAYANGITAN, DIA , MAYANGITAN, RHANDY & MAYANGITAN, IRENE","TaxDecNo":"10163"},"geometry":{"type":"Polygon","coordinates":[[[121.86279422547635,13.435017143664046],[121.86311899745166,13.435645161177804],[121.86325260777846,13.435545516024797],[121.8643166036699,13.43578589935985],[121.86431771236987,13.435550320959816],[121.86358151243391,13.435296379686033],[121.86339667185423,13.435400806264472],[121.86309190984704,13.434873127611723],[121.86279422547635,13.435017143664046]]]}},{"type":"Feature","properties":{"Id":0,"CLN":"15156","PSGC":"174001016","Barangay":"Boton","Land_Class":"AGRICULTURAL","PIN":null,"Owner":"MAYANGITAN, DIA , MAYANGITAN, RHANDY & MAYANGITAN, IRENE","TaxDecNo":"10163"},"geometry":{"type":"Polygon","coordinates":[[[121.86358151243391,13.435296379686033],[121.86338296233836,13.435049875594245],[121.8634444813645,13.435035115967237],[121.86341522087629,13.434724214407707],[121.86309190984704,13.434873127611723],[121.86339667185423,13.435400806264472],[121.86358151243391,13.435296379686033]]]}},{"type":"Feature","properties":{"Id":0,"CLN":"15156","PSGC":"174001016","Barangay":"Boton","Land_Class":"AGRICULTURAL","PIN":null,"Owner":"MAYANGITAN, DIA , MAYANGITAN, RHANDY & MAYANGITAN, IRENE","TaxDecNo":"10163"},"geometry":{"type":"Polygon","coordinates":[[[121.8643166036699,13.43578589935985],[121.86325260777846,13.435545516024797],[121.86311899745166,13.435645161177804],[121.86303668846078,13.43572498820108],[121.86426957844871,13.4359851813308],[121.8643214696041,13.43584005535847],[121.8643166036699,13.43578589935985]]]}},{"type":"Feature","properties":{"Id":0,"CLN":"15156","PSGC":"174001016","Barangay":"Boton","Land_Class":"AGRICULTURAL","PIN":null,"Owner":"MAYANGITAN, DIA , MAYANGITAN, RHANDY & MAYANGITAN, IRENE","TaxDecNo":"10163"},"geometry":{"type":"Polygon","coordinates":[[[121.86520488470708,13.435487943175694],[121.86431714820598,13.435670196001997],[121.8643166036699,13.43578589935985],[121.8643214696041,13.43584005535847],[121.86477235082621,13.435786951518235],[121.86475153788972,13.435857031492596],[121.86524570445572,13.435825343639458],[121.86525026632191,13.435559535443057],[121.86520488470708,13.435487943175694]]]}},{"type":"Feature","properties":{"Id":0,"CLN":"15156","PSGC":"174001016","Barangay":"Boton","Land_Class":"AGRICULTURAL","PIN":null,"Owner":"MAYANGITAN, DIA , MAYANGITAN, RHANDY & MAYANGITAN, IRENE","TaxDecNo":"10163"},"geometry":{"type":"Polygon","coordinates":[[[121.86433392364955,13.435369947195056],[121.86418506820218,13.434356768566067],[121.86341522087629,13.434724214407707],[121.8634444813645,13.435035115967237],[121.86338296233836,13.435049875594245],[121.86358151243391,13.435296379686033],[121.86431771236987,13.435550320959816],[121.86433392364955,13.435369947195056]]]}},{"type":"Feature","properties":{"Id":0,"CLN":"15157","PSGC":"174001016","Barangay":"Boton","Land_Class":"AGRICULTURAL","PIN":"030-01-017-05-008","Owner":"MAYANGITAN, DIA , MAYANGITAN, RHANDY & MAYANGITAN, IRENE","TaxDecNo":"10145"},"geometry":{"type":"Polygon","coordinates":[[[121.86418506820218,13.434356768566067],[121.86433392364955,13.435369947195056],[121.8650463364658,13.435237823277149],[121.86525982634616,13.435574616958762],[121.86554823490127,13.435225047151318],[121.86520693989678,13.434842566189946],[121.86524849456907,13.434717443042143],[121.86437016709324,13.434197205932303],[121.86418506820218,13.434356768566067]]]}},{"type":"Feature","properties":{"Id":0,"CLN":"15042","PSGC":"174001016","Barangay":"Boton","Land_Class":"AGRICULTURAL","PIN":"030-01-017-02-001","Owner":"LECAROS, ALFONSO","TaxDecNo":"10036"},"geometry":{"type":"Polygon","coordinates":[[[121.86417298418006,13.444076916007077],[121.8645792986569,13.444282224609696],[121.86500754951403,13.444284155994804],[121.86535342815459,13.44429106193514],[121.86550897829073,13.444080597394706],[121.86561425461458,13.443605161143626],[121.86417298418006,13.444076916007077]]]}},{"type":"Feature","properties":{"Id":0,"CLN":"15134","PSGC":"174001016","Barangay":"Boton","Land_Class":null,"PIN":null},"geometry":{"type":"Polygon","coordinates":[[[121.86845258833927,13.441861873619875],[121.86850065257046,13.441774290228754],[121.86861805521922,13.44161642558947],[121.86860812192623,13.441571737055432],[121.86848670153215,13.441760508867278],[121.86842472487659,13.441826079869035],[121.86845258833927,13.441861873619875]]]}},{"type":"Feature","properties":{"Id":0,"CLN":"15143","PSGC":"174001016","Barangay":"Boton","Land_Class":null,"PIN":null},"geometry":{"type":"Polygon","coordinates":[[[121.86861805521922,13.44161642558947],[121.86885044746161,13.441303940179944],[121.86883936383359,13.441276453059901],[121.86860812192623,13.441571737055432],[121.86861805521922,13.44161642558947]]]}},{"type":"Feature","properties":{"Id":0,"CLN":"15156","PSGC":"174001016","Barangay":"Boton","Land_Class":"AGRICULTURAL","PIN":null,"Owner":"MAYANGITAN, DIA , MAYANGITAN, RHANDY & MAYANGITAN, IRENE","TaxDecNo":"10163"},"geometry":{"type":"Polygon","coordinates":[[[121.86554754327786,13.43522427206749],[121.86600077030522,13.435259051970707],[121.86524849456907,13.434717443042143],[121.86520693989678,13.434842566189946],[121.86554754327786,13.43522427206749]]]}},{"type":"Feature","properties":{"Id":0,"CLN":"15156","PSGC":"174001016","Barangay":"Boton","Land_Class":"AGRICULTURAL","PIN":null,"Owner":"MAYANGITAN, DIA , MAYANGITAN, RHANDY & MAYANGITAN, IRENE","TaxDecNo":"10163"},"geometry":{"type":"Polygon","coordinates":[[[121.8660292708343,13.43551754353412],[121.86600092631356,13.435259164290086],[121.86600077030522,13.435259051970707],[121.86554754327786,13.43522427206749],[121.86554823490127,13.435225047151318],[121.86529760234279,13.435528830091332],[121.8660292708343,13.43551754353412]]]}},{"type":"Feature","properties":{"Id":0,"CLN":"15156","PSGC":"174001016","Barangay":"Boton","Land_Class":"AGRICULTURAL","PIN":null,"Owner":"MAYANGITAN, DIA , MAYANGITAN, RHANDY & MAYANGITAN, IRENE","TaxDecNo":"10163"},"geometry":{"type":"Polygon","coordinates":[[[121.8660292708343,13.43551754353412],[121.86529760234279,13.435528830091332],[121.86525982634616,13.435574616958762],[121.86525026632191,13.435559535443057],[121.86524570445572,13.435825343639458],[121.86605732735674,13.435773297136102],[121.8660292708343,13.43551754353412]]]}},{"type":"Feature","properties":{"Id":0,"CLN":"15156","PSGC":"174001016","Barangay":"Boton","Land_Class":"AGRICULTURAL","PIN":null,"Owner":"MAYANGITAN, DIA , MAYANGITAN, RHANDY & MAYANGITAN, IRENE","TaxDecNo":"10163"},"geometry":{"type":"Polygon","coordinates":[[[121.86520488470708,13.435487943175694],[121.8650463364658,13.435237823277149],[121.86433392364955,13.435369947195056],[121.86431771236987,13.435550320959816],[121.86431714820598,13.435670196001997],[121.86520488470708,13.435487943175694]]]}}]}