{"type":"FeatureCollection","name":"Buliasnin","crs":{"type":"name","properties":{"name":"urn:ogc:def:crs:OGC:1.3:CRS84"}},"features":[{"type":"Feature","properties":{"Id":0,"CLN":"8326","PSGC":"174001017","Barangay":"Buliasnin","Land_Class":"AGRICULTURAL","PIN":"030-01-018-05-017","Owner":"OPIS, RESTITUTO","TaxDecNo":"10368"},"geometry":{"type":"Polygon","coordinates":[[[121.84192379887618,13.469259129750819],[121.842207071787,13.46918411446867],[121.84217199994569,13.469063068989229],[121.8419060032427,13.469134835408036],[121.84192379887618,13.469259129750819]]]}},{"type":"Feature","properties":{"Id":0,"CLN":"8021","PSGC":"174001017","Barangay":"Buliasnin","Land_Class":"AGRICULTURAL","PIN":"030-01-018-15-016","Owner":"MAAÑO, CLEOFE MARTILLANO","TaxDecNo":"32845"},"geometry":{"type":"Polygon","coordinates":[[[121.84125952410143,13.469313673119863],[121.84157988781953,13.469248543632778],[121.8417699034445,13.469174512119016],[121.8417928698539,13.469158616389715],[121.8419060032427,13.469134835408036],[121.84217199994569,13.469063068989229],[121.84214236535426,13.468981970312148],[121.84227371103992,13.468941499247169],[121.84225827438203,13.4687322194857],[121.84200698977416,13.46878966649129],[121.84196474593008,13.46877687056666],[121.8418710183272,13.468760237006103],[121.84183740809964,13.468864492464508],[121.84168660075811,13.468860196999989],[121.84155231269864,13.468863178314923],[121.84100971185823,13.468860676298373],[121.84112815855754,13.46909164538903],[121.84125952410143,13.469313673119863]]]}},{"type":"Feature","properties":{"Id":0,"CLN":"8325","PSGC":"174001017","Barangay":"Buliasnin","Land_Class":"AGRICULTURAL","PIN":"030-01-018-15-014","Owner":"PERAZ, LORNA M.","TaxDecNo":"30138"},"geometry":{"type":"Polygon","coordinates":[[[121.84155231269864,13.468863178314923],[121.84168660075811,13.468860196999989],[121.84170238088576,13.468638847771132],[121.84154429437652,13.4686183170726],[121.84155231269864,13.468863178314923]]]}},{"type":"Feature","properties":{"Id":0,"CLN":"8324","PSGC":"174001017","Barangay":"Buliasnin","Land_Class":"AGRICULTURAL","PIN":"030-01-018-15-015","Owner":"JABAL, JAIME JANDUSAY","TaxDecNo":"10906"},"geometry":{"type":"Polygon","coordinates":[[[121.84170238088576,13.468638847771132],[121.84168660075811,13.468860196999989],[121.84183740809964,13.468864492464508],[121.8418710183272,13.468760237006103],[121.84188089920347,13.468618068426737],[121.8419186124041,13.46842562310592],[121.84171823026705,13.46840309742535],[121.84170238088576,13.468638847771132]]]}},{"type":"Feature","properties":{"Id":0,"CLN":"8323","PSGC":"174001017","Barangay":"Buliasnin","Land_Class":"AGRICULTURAL","PIN":"030-01-018-15-017","Owner":"MALCO, EMILIANO","TaxDecNo":"10908"},"geometry":{"type":"Polygon","coordinates":[[[121.8418710183272,13.468760237006103],[121.84196474593008,13.46877687056666],[121.84200698977416,13.46878966649129],[121.84225827438203,13.4687322194857],[121.84225212036348,13.46864421621625],[121.84217356812161,13.468574412604408],[121.8421721011422,13.468496998152862],[121.84201972315276,13.468436890125256],[121.8419186124041,13.46842562310592],[121.84188089920347,13.468618068426737],[121.8418710183272,13.468760237006103]]]}},{"type":"Feature","properties":{"Id":0,"CLN":"8322","PSGC":"174001017","Barangay":"Buliasnin","Land_Class":"AGRICULTURAL","PIN":"030-01-018-15-018","Owner":"PERAZ, LORNA M.","TaxDecNo":"30143"},"geometry":{"type":"Polygon","coordinates":[[[121.8421721011422,13.468496998152862],[121.84217356812161,13.468574412604408],[121.84225212036348,13.46864421621625],[121.84236055557201,13.468378108853717],[121.84238959894193,13.468322453671032],[121.84229629681799,13.468297750485595],[121.84223922590932,13.468308288630878],[121.8421721011422,13.468496998152862]]]}},{"type":"Feature","properties":{"Id":0,"CLN":"8022","PSGC":"174001017","Barangay":"Buliasnin","Land_Class":"AGRICULTURAL","PIN":"030-01-018-15-048","Owner":"MANRIQUE, PAULA","TaxDecNo":"10932"},"geometry":{"type":"Polygon","coordinates":[[[121.8410638044092,13.46825798301485],[121.84116348683585,13.468287420834518],[121.84116330984352,13.46828532762087],[121.84132870137444,13.468316693293326],[121.84158949237936,13.468017265782976],[121.84122929792238,13.467950798727369],[121.84109222637562,13.46814998643945],[121.8410659558729,13.468257875985426],[121.8410638044092,13.46825798301485]]]}},{"type":"Feature","properties":{"Id":0,"CLN":"8317","PSGC":"174001017","Barangay":"Buliasnin","Land_Class":"AGRICULTURAL","PIN":"030-01-018-15-013","Owner":"PERAZ, LORNA M.","TaxDecNo":"30137"},"geometry":{"type":"Polygon","coordinates":[[[121.84117549176723,13.468429398064828],[121.84116205318266,13.468546347684414],[121.84154429437652,13.4686183170726],[121.84154309618008,13.468485098337357],[121.84117549176723,13.468429398064828]]]}},{"type":"Feature","properties":{"Id":0,"CLN":"8023","PSGC":"174001017","Barangay":"Buliasnin","Land_Class":"AGRICULTURAL","PIN":"030-01-018-15-011","Owner":"MABUTI, NICOMEDES","TaxDecNo":"10903"},"geometry":{"type":"Polygon","coordinates":[[[121.84073029797028,13.468443546289627],[121.84059079569295,13.468383496822693],[121.84049622723084,13.468541476149023],[121.84080265710595,13.468695905022681],[121.84084031915809,13.46851426076449],[121.84073029797028,13.468443546289627]]]}},{"type":"Feature","properties":{"Id":0,"CLN":"8318","PSGC":"174001017","Barangay":"Buliasnin","Land_Class":"AGRICULTURAL","PIN":"030-01-018-15-019","Owner":"FRANCISCO RIEGO & PETRA LABAGUIS","TaxDecNo":"01-08880"},"geometry":{"type":"Polygon","coordinates":[[[121.84249662130088,13.468119709234614],[121.84257849858064,13.467944941888558],[121.8425783195654,13.467944869829964],[121.84264503824564,13.467805168220481],[121.84253937093862,13.467775406972454],[121.84246995067912,13.467758496697677],[121.84235615541631,13.467707567507533],[121.84228397359769,13.46772343660251],[121.84229787430586,13.467892717472107],[121.84217316256252,13.467893943097954],[121.84214185086074,13.467902799728542],[121.84192655538338,13.467921609645742],[121.84182360553876,13.46791033412948],[121.84172608703999,13.467917085392541],[121.84163241176753,13.467889650937796],[121.84162073480744,13.468022810333911],[121.84158949237936,13.468017265782976],[121.84132870137444,13.468316693293326],[121.84116330984352,13.46828532762087],[121.84117549176723,13.468429398064849],[121.84154309618008,13.468485098337375],[121.84154429437652,13.4686183170726],[121.84170238088576,13.468638847771148],[121.84171823026705,13.468403097425366],[121.84191861240413,13.468425623105901],[121.84201972315275,13.468436890125295],[121.84217210114224,13.468496998152863],[121.84223922590932,13.468308288630878],[121.84229629681799,13.468297750485627],[121.84238959894196,13.468322453671046],[121.8424936264644,13.468118015653467],[121.84249662130088,13.468119709234614]]]}},{"type":"Feature","properties":{"Id":0,"CLN":"8320","PSGC":"174001017","Barangay":"Buliasnin","Land_Class":"AGRICULTURAL","PIN":"030-01-018-15-041","Owner":"MALCO, CERILO","TaxDecNo":"10926"},"geometry":{"type":"Polygon","coordinates":[[[121.84246995067912,13.467758496697677],[121.84253937093862,13.467775406972454],[121.84263790040006,13.467540263002585],[121.84267400947795,13.467412759701595],[121.84259257124897,13.46738249628469],[121.842550060366,13.467518593837072],[121.84246995067912,13.467758496697677]]]}},{"type":"Feature","properties":{"Id":0,"CLN":"8319","PSGC":"174001017","Barangay":"Buliasnin","Land_Class":"AGRICULTURAL","PIN":"030-01-018-15-040","Owner":"REV. FR. LEAL, ANGELITO M","TaxDecNo":"10925"},"geometry":{"type":"Polygon","coordinates":[[[121.84228397359769,13.46772343660251],[121.84235578487055,13.46770756580061],[121.84246995067912,13.467758496697677],[121.842550060366,13.467518593837072],[121.84259257124897,13.46738249628469],[121.84248759004626,13.467344350303112],[121.84241700416655,13.467458988783513],[121.8423331808534,13.467458125831175],[121.84210633236047,13.46749123475958],[121.84214185086074,13.467902799728542],[121.84217316256252,13.467893943097954],[121.84229787430586,13.467892717472107],[121.84228397359769,13.46772343660251]]]}},{"type":"Feature","properties":{"Id":0,"CLN":"8306","PSGC":"174001017","Barangay":"Buliasnin","Land_Class":"AGRICULTURAL","PIN":"030-01-018-15-031","Owner":"MANSIA, ESTEBAN","TaxDecNo":"01-08881"},"geometry":{"type":"Polygon","coordinates":[[[121.84163241176753,13.467889650937758],[121.84172608703999,13.467917085392541],[121.84182360553876,13.46791033412948],[121.84181216565167,13.467559748673821],[121.84164354292774,13.467554921095592],[121.84163241176753,13.467889650937758]]]}},{"type":"Feature","properties":{"Id":0,"CLN":"8305","PSGC":"174001017","Barangay":"Buliasnin","Land_Class":"AGRICULTURAL","PIN":"030-01-018-15-032","Owner":"SHARES PRO-INDIVISO OF REV.FR.MANDIA, JOSE MARIO O. & MANDIA, RAMONCITO O. & MANDIA, CARLOS O. & MANDIA, ANGELICO O.","TaxDecNo":"10917"},"geometry":{"type":"Polygon","coordinates":[[[121.84181216565167,13.467559748673821],[121.84182360553876,13.46791033412948],[121.84192655538335,13.467921609645762],[121.84214185086071,13.467902799728526],[121.84210633236047,13.46749123475956],[121.84193237204633,13.467090455932878],[121.84153327132114,13.467249620043127],[121.84150925285819,13.466865733725047],[121.84113167808985,13.466851841762148],[121.8410379488096,13.466978997197307],[121.84083928960763,13.467195790063652],[121.8408463417397,13.467235314002535],[121.84093623119331,13.467261043598178],[121.84107375675902,13.467277879437237],[121.84089095390564,13.46763954728663],[121.84101998337182,13.467701910998635],[121.84119992109946,13.467290612414665],[121.84135816822679,13.467301468043884],[121.84133013265625,13.467537274691823],[121.84164354292774,13.467554921095592],[121.84181216565167,13.467559748673821]]]}},{"type":"Feature","properties":{"Id":0,"CLN":"8307","PSGC":"174001017","Barangay":"Buliasnin","Land_Class":"AGRICULTURAL","PIN":"030-01-018-15-030","Owner":"RENGALOTA, MANUEL P.","TaxDecNo":"10916"},"geometry":{"type":"Polygon","coordinates":[[[121.84133013265625,13.467537274691823],[121.84127709237696,13.46782077980548],[121.84122929792235,13.467950798727351],[121.84158949237933,13.46801726578296],[121.84162073480744,13.468022810333911],[121.84163241176753,13.467889650937758],[121.84164354292774,13.467554921095592],[121.84133013265625,13.467537274691823]]]}},{"type":"Feature","properties":{"Id":0,"CLN":"8308","PSGC":"174001017","Barangay":"Buliasnin","Land_Class":"AGRICULTURAL","PIN":"030-01-018-15-029","Owner":"MANRIQUE, ROMAN","TaxDecNo":"10915"},"geometry":{"type":"Polygon","coordinates":[[[121.84101998337182,13.467701910998635],[121.84127709237696,13.46782077980548],[121.84133013265625,13.467537274691823],[121.84135816822679,13.467301468043884],[121.84119992109946,13.467290612414665],[121.84101998337182,13.467701910998635]]]}},{"type":"Feature","properties":{"Id":0,"CLN":"8310","PSGC":"174001017","Barangay":"Buliasnin","Land_Class":"AGRICULTURAL","PIN":"030-01-018-15-028","Owner":"FELLIZAR, ENRIQUE G. & FELLIZAR, DELIA MAYO","TaxDecNo":"10914"},"geometry":{"type":"Polygon","coordinates":[[[121.84107375675902,13.467277879437237],[121.84093623119331,13.467261043598178],[121.8408463417397,13.467235314002535],[121.84079584001715,13.467301909210992],[121.84067751714188,13.467427375882103],[121.84064966734452,13.467481252751762],[121.84089095390564,13.46763954728663],[121.84107375675902,13.467277879437237]]]}},{"type":"Feature","properties":{"Id":0,"CLN":"8309","PSGC":"174001017","Barangay":"Buliasnin","Land_Class":"AGRICULTURAL","PIN":"030-01-018-15-056","Owner":"MANRIQUE, LEONARDO","TaxDecNo":"10939"},"geometry":{"type":"Polygon","coordinates":[[[121.84045899172892,13.467803265682004],[121.84043074054796,13.467958862641382],[121.84084525047862,13.468161255131658],[121.84102126050941,13.467702501456573],[121.84101998337182,13.467701910998665],[121.84089095390566,13.467639547286648],[121.84064966734452,13.467481252751778],[121.84054414146998,13.467622979984293],[121.8404810498042,13.467737900285611],[121.84046600576468,13.467806237637149],[121.84045899172892,13.467803265682004]]]}},{"type":"Feature","properties":{"Id":0,"CLN":"8024","PSGC":"174001017","Barangay":"Buliasnin","Land_Class":"AGRICULTURAL","PIN":"030-01-018-15-010","Owner":"SON, LUCILYN L.","TaxDecNo":"10902"},"geometry":{"type":"Polygon","coordinates":[[[121.84073029797028,13.468443546289627],[121.84080102443393,13.468271055454952],[121.84037473453967,13.468043439978993],[121.84028371463747,13.468228438271652],[121.84004872418075,13.468135544634352],[121.83985393856264,13.468478479383764],[121.84036933947885,13.468781488015374],[121.84042699159345,13.468650341074536],[121.84049622723084,13.46854147614906],[121.84059079569295,13.468383496822726],[121.84073029797028,13.468443546289627]]]}},{"type":"Feature","properties":{"Id":0,"CLN":"8026","PSGC":"174001017","Barangay":"Buliasnin","Land_Class":"AGRICULTURAL","PIN":"030-01-018-15-009","Owner":"LATORENA, ELVIRA N.","TaxDecNo":"10901"},"geometry":{"type":"Polygon","coordinates":[[[121.83985393856264,13.468478479383764],[121.84004872418075,13.468135544634352],[121.84000837194927,13.468111956061792],[121.83965966512103,13.467951930572323],[121.83947783249252,13.468278723216468],[121.83984100257962,13.468491020904679],[121.83985393856264,13.468478479383764]]]}},{"type":"Feature","properties":{"Id":0,"CLN":"8315","PSGC":"174001017","Barangay":"Buliasnin","Land_Class":"AGRICULTURAL","PIN":"030-01-018-15-021","Owner":"MABUTI, NICOMEDES","TaxDecNo":"10910"},"geometry":{"type":"Polygon","coordinates":[[[121.83965966512103,13.467951930572323],[121.84000837194927,13.468111956061758],[121.84010126601699,13.46791976581918],[121.83960586539638,13.467665453928856],[121.83946521827842,13.467843022027514],[121.83965966512103,13.467951930572323]]]}},{"type":"Feature","properties":{"Id":0,"CLN":"8316","PSGC":"174001017","Barangay":"Buliasnin","Land_Class":"AGRICULTURAL","PIN":"030-01-018-15-022","Owner":"SPS. REYNALDO M. APIAG AND RUBI C. APIAG","TaxDecNo":"30122"},"geometry":{"type":"Polygon","coordinates":[[[121.84010126601699,13.46791976581918],[121.84013073845782,13.467910900959954],[121.84025123941835,13.467715237704319],[121.83971164344001,13.467471523147541],[121.83960586539638,13.467665453928856],[121.84010126601699,13.46791976581918]]]}},{"type":"Feature","properties":{"Id":0,"CLN":"8314","PSGC":"174001017","Barangay":"Buliasnin","Land_Class":"AGRICULTURAL","PIN":"030-01-018-15-023","Owner":"JASMIN, PLACIDO","TaxDecNo":"10911"},"geometry":{"type":"Polygon","coordinates":[[[121.83928550350043,13.46773058103394],[121.83940093769584,13.467822923216188],[121.83946521827842,13.467843022027514],[121.83960586539638,13.467665453928856],[121.83971164344001,13.467471523147541],[121.83968785384627,13.46744621082405],[121.83955207444995,13.467377177140381],[121.83928550350043,13.46773058103394]]]}},{"type":"Feature","properties":{"Id":0,"CLN":"8312","PSGC":"174001017","Barangay":"Buliasnin","Land_Class":"AGRICULTURAL","PIN":"030-01-018-15-025","Owner":"RABI, EDMUNDO & RABI, MONCHITO M.","TaxDecNo":"01-24544"},"geometry":{"type":"Polygon","coordinates":[[[121.83982667288932,13.467223372692654],[121.84054569708654,13.467620890704705],[121.84064966734452,13.467481252751778],[121.84067751714188,13.467427375882103],[121.83996405417713,13.467002841982579],[121.83982667288932,13.467223372692654]]]}},{"type":"Feature","properties":{"Id":0,"CLN":"8295","PSGC":"174001017","Barangay":"Buliasnin","Land_Class":"AGRICULTURAL","PIN":"030-01-018-15-026","Owner":"MADLA, DEOGRACIAS","TaxDecNo":"10912"},"geometry":{"type":"Polygon","coordinates":[[[121.84067751714188,13.467427375882103],[121.84079584001715,13.467301909210992],[121.8408463417397,13.467235314002535],[121.84083928960763,13.467195790063652],[121.84076708718109,13.467161362679125],[121.84073565417403,13.46719542107422],[121.84027505365609,13.466971874099695],[121.84029735952075,13.46692337222338],[121.84008822469262,13.466808995883014],[121.84018455388507,13.466667226385654],[121.8400837736141,13.466587553451847],[121.83998400866626,13.466678902069996],[121.83988025272218,13.466835038621078],[121.83984855938236,13.466923101031757],[121.83996405417713,13.467002841982579],[121.84067751714188,13.467427375882103]]]}},{"type":"Feature","properties":{"Id":0,"CLN":"8311","PSGC":"174001017","Barangay":"Buliasnin","Land_Class":"AGRICULTURAL","PIN":"030-01-018-15-027","Owner":"BUÑAG, CAROLINA","TaxDecNo":"10913"},"geometry":{"type":"Polygon","coordinates":[[[121.84083928960763,13.467195790063652],[121.8410379488096,13.466978997197323],[121.84070597232314,13.466865851533903],[121.84018455388507,13.46666722638569],[121.84008822469262,13.466808995883014],[121.84029735952075,13.466923372223397],[121.84027505365609,13.466971874099695],[121.84073565417403,13.46719542107422],[121.84076708718109,13.467161362679144],[121.84083928960763,13.467195790063652]]]}},{"type":"Feature","properties":{"Id":0,"CLN":"8313","PSGC":"174001017","Barangay":"Buliasnin","Land_Class":"AGRICULTURAL","PIN":"030-01-018-15-024","Owner":"MONTENEGRO, PRESENTACION","TaxDecNo":"10945"},"geometry":{"type":"Polygon","coordinates":[[[121.83955207444995,13.467377177140381],[121.83968785384627,13.46744621082405],[121.83996405417713,13.467002841982579],[121.83984855938236,13.466923101031757],[121.83975608203264,13.467028884602858],[121.83971333540083,13.467120496315477],[121.8395875594018,13.467265729981683],[121.83955962261356,13.467337608088009],[121.83955207444995,13.467377177140381]]]}},{"type":"Feature","properties":{"Id":0,"CLN":"8292","PSGC":"174001017","Barangay":"Buliasnin","Land_Class":"AGRICULTURAL","PIN":"030-01-018-14-009","Owner":"MAGALANG, FE","TaxDecNo":"10839"},"geometry":{"type":"Polygon","coordinates":[[[121.83971333540083,13.467120496315477],[121.83946416115784,13.466917725907205],[121.83931414428359,13.467131254237744],[121.8395875594018,13.467265729981683],[121.83971333540083,13.467120496315477]]]}},{"type":"Feature","properties":{"Id":0,"CLN":"8293","PSGC":"174001017","Barangay":"Buliasnin","Land_Class":"AGRICULTURAL","PIN":"030-01-018-14-010","Owner":"TAN, ELMER L.","TaxDecNo":"10840"},"geometry":{"type":"Polygon","coordinates":[[[121.83946416115784,13.466917725907205],[121.83971333540083,13.467120496315477],[121.83975608203264,13.467028884602858],[121.83945196290905,13.46677725572757],[121.83937623017229,13.466843512568206],[121.83946416115784,13.466917725907205]]]}},{"type":"Feature","properties":{"Id":0,"CLN":"8294","PSGC":"174001017","Barangay":"Buliasnin","Land_Class":"AGRICULTURAL","PIN":"030-01-018-14-011","Owner":"MANRIQUE, LEONARDO","TaxDecNo":"10841"},"geometry":{"type":"Polygon","coordinates":[[[121.83945196290905,13.46677725572757],[121.83975608203264,13.467028884602858],[121.83984855938236,13.466923101031757],[121.83988025272218,13.466835038621078],[121.83959448336188,13.466592495513902],[121.83945196290905,13.46677725572757]]]}},{"type":"Feature","properties":{"Id":0,"CLN":"8296","PSGC":"174001017","Barangay":"Buliasnin","Land_Class":"AGRICULTURAL","PIN":"030-01-018-14-013","Owner":"UY, LOURDES T.","TaxDecNo":"29109"},"geometry":{"type":"Polygon","coordinates":[[[121.83967272335282,13.466387636484257],[121.83998400866626,13.46667890207003],[121.8400837736141,13.466587553451847],[121.8400932216759,13.466535391895002],[121.83982981034252,13.466233546373994],[121.83978563234854,13.46624054315152],[121.83967272335282,13.466387636484257]]]}},{"type":"Feature","properties":{"Id":0,"CLN":"8301","PSGC":"174001017","Barangay":"Buliasnin","Land_Class":"AGRICULTURAL","PIN":"030-01-018-15-034","Owner":"SHARES PRO-INDIVISO OF REV.FR.MANDIA, JOSE MARIO O. & MANDIA, RAMONCITO O. & MANDIA, CARLOS O. & MANDIA, ANGELICO O.","TaxDecNo":"10919"},"geometry":{"type":"Polygon","coordinates":[[[121.8400932216759,13.466535391894986],[121.8400837736141,13.466587553451847],[121.84018455388507,13.466667226385654],[121.84070597232314,13.466865851533903],[121.84096181641476,13.466447589983105],[121.84071790819054,13.466297050238778],[121.84042989167955,13.46613910606848],[121.84031135246168,13.466309576062516],[121.84027993686003,13.466340034130477],[121.8400932216759,13.466535391894986]]]}},{"type":"Feature","properties":{"Id":0,"CLN":"8297","PSGC":"174001017","Barangay":"Buliasnin","Land_Class":"AGRICULTURAL","PIN":"030-01-018-14-014","Owner":"JOSELITO APOLINARIO CALAYO & MARICEL CALAYO","TaxDecNo":"10844"},"geometry":{"type":"Polygon","coordinates":[[[121.83982981034252,13.466233546373994],[121.8400932216759,13.466535391894986],[121.84027993686003,13.466340034130477],[121.83996132904706,13.4660415344012],[121.83995562030992,13.466081111967679],[121.83991324695121,13.466095317811234],[121.83982981034252,13.466233546373994]]]}},{"type":"Feature","properties":{"Id":0,"CLN":"8304","PSGC":"174001017","Barangay":"Buliasnin","Land_Class":"AGRICULTURAL","PIN":"030-01-018-15-033","Owner":"UY, LOURDES T.","TaxDecNo":"29110"},"geometry":{"type":"Polygon","coordinates":[[[121.84193237204633,13.467090455932896],[121.84165624273844,13.466623608654578],[121.84147226862649,13.466631761552959],[121.84136382743387,13.46661506004127],[121.84128270727331,13.46665428998522],[121.84123284666374,13.466695464208517],[121.84113167808982,13.466851841762162],[121.84150925285819,13.466865733725045],[121.84153327132114,13.467249620043146],[121.84193237204633,13.467090455932896]]]}},{"type":"Feature","properties":{"Id":0,"CLN":"8303","PSGC":"174001017","Barangay":"Buliasnin","Land_Class":"AGRICULTURAL","PIN":"030-01-018-15-039","Owner":"MOGOL, EUFROCINA M.","TaxDecNo":"10924"},"geometry":{"type":"Polygon","coordinates":[[[121.8423331808534,13.467458125831175],[121.84227195222797,13.46722230205004],[121.84208920787886,13.466827606042688],[121.8420138466332,13.466647732171078],[121.84199562919774,13.466600367961707],[121.84208257112971,13.466603347463822],[121.84202045630629,13.466369238841153],[121.8419928502106,13.466265095047689],[121.84166326777893,13.466310409906335],[121.84151025890947,13.466381711821104],[121.84144738464005,13.466451628969015],[121.84136382743384,13.466615060041272],[121.84147226862649,13.46663176155294],[121.84165624273844,13.466623608654578],[121.84193237204633,13.467090455932878],[121.84210633236047,13.46749123475956],[121.8423331808534,13.467458125831175]]]}},{"type":"Feature","properties":{"Id":0,"CLN":"8302","PSGC":"174001017","Barangay":"Buliasnin","Land_Class":"AGRICULTURAL","PIN":"030-01-018-15-038","Owner":"MICIANO, PACIFICO L.","TaxDecNo":"32523"},"geometry":{"type":"Polygon","coordinates":[[[121.84151025890947,13.466381711821104],[121.8416632677789,13.466310409906352],[121.84199285021063,13.466265095047689],[121.8421474678574,13.466065119006121],[121.84212479910755,13.465913888308421],[121.84215788326301,13.465845346961967],[121.84207019155788,13.465593065865958],[121.84184073910501,13.46562864534671],[121.84154635202388,13.465544856170881],[121.84134351192507,13.465867892208719],[121.84104690114073,13.466348972530684],[121.84096181641476,13.466447589983122],[121.84070597232314,13.466865851533903],[121.8410379488096,13.466978997197323],[121.84113167808982,13.466851841762162],[121.84123284666374,13.466695464208517],[121.84128270727331,13.46665428998522],[121.84136382743387,13.46661506004127],[121.84144738464005,13.466451628969],[121.84151025890947,13.466381711821104]]]}},{"type":"Feature","properties":{"Id":0,"CLN":"8251","PSGC":"174001017","Barangay":"Buliasnin","Land_Class":"AGRICULTURAL","PIN":"030-01-018-15-035","Owner":"ROQUE, NERIZA & DE CHAVEZ, NANCITA R.","TaxDecNo":"10920"},"geometry":{"type":"Polygon","coordinates":[[[121.84042989167955,13.46613910606848],[121.84071790819054,13.466297050238778],[121.84096181641476,13.466447589983105],[121.84104690114073,13.466348972530684],[121.84134351192507,13.465867892208705],[121.84116710356689,13.4658328755165],[121.84100910561503,13.465794343243031],[121.84071556289075,13.465638174121427],[121.84069690117552,13.465693893577507],[121.8406949318505,13.465720887170567],[121.84053763766046,13.46591818121954],[121.8404263778139,13.466104886470298],[121.84042989167955,13.46613910606848]]]}},{"type":"Feature","properties":{"Id":0,"CLN":"8300","PSGC":"174001017","Barangay":"Buliasnin","Land_Class":"AGRICULTURAL","PIN":"030-01-018-14-015","Owner":"DOLOR, BENCIO DORA & DOLOR, MARIA NONNA LIM","TaxDecNo":"10845"},"geometry":{"type":"Polygon","coordinates":[[[121.83996132904706,13.4660415344012],[121.84027993686003,13.466340034130493],[121.84031135246168,13.466309576062534],[121.84042989167955,13.46613910606848],[121.84042637781393,13.466104886470317],[121.8403768380197,13.466079455409592],[121.84016816348456,13.46586967186559],[121.84012952081235,13.465873093896898],[121.83996132904706,13.4660415344012]]]}},{"type":"Feature","properties":{"Id":0,"CLN":"8252","PSGC":"174001017","Barangay":"Buliasnin","Land_Class":"AGRICULTURAL","PIN":"030-01-018-14-050","Owner":"SHARES PRO-INDIVISO OF REV.FR.MANDIA, JOSE MARIO O. & MANDIA, RAMONCITO O. & MANDIA, CARLOS O. & MANDIA, ANGELICO O.","TaxDecNo":"10878"},"geometry":{"type":"Polygon","coordinates":[[[121.84016816348456,13.46586967186557],[121.84037683801967,13.466079455409576],[121.8404263778139,13.466104886470298],[121.84053763766046,13.46591818121954],[121.8402993955588,13.46573706423295],[121.84016816348456,13.46586967186557]]]}},{"type":"Feature","properties":{"Id":0,"CLN":"8253","PSGC":"174001017","Barangay":"Buliasnin","Land_Class":"AGRICULTURAL","PIN":"030-01-018-14-016","Owner":"MICIANO, EUFROCINA","TaxDecNo":"10846"},"geometry":{"type":"Polygon","coordinates":[[[121.8402993955588,13.46573706423295],[121.84053763766046,13.465918181219553],[121.8406949318505,13.465720887170583],[121.84069690117552,13.465693893577507],[121.84071556289075,13.465638174121446],[121.84043894706667,13.465404675107687],[121.84037645429058,13.465395385903502],[121.8401440003228,13.465540127763605],[121.84014384422082,13.465572530249911],[121.84019870232927,13.465639389986466],[121.8402993955588,13.46573706423295]]]}},{"type":"Feature","properties":{"Id":0,"CLN":"8298","PSGC":"174001017","Barangay":"Buliasnin","Land_Class":"AGRICULTURAL","PIN":"030-01-018-14-017","Owner":"LAMBON, RAMONCITO M.","TaxDecNo":"10847"},"geometry":{"type":"Polygon","coordinates":[[[121.8402993955588,13.46573706423295],[121.84019870232927,13.465639389986466],[121.84014384422082,13.465572530249911],[121.8401440003228,13.465540127763605],[121.83993535289488,13.465706581402042],[121.83970476370828,13.465845930882509],[121.83964586270172,13.465854659849802],[121.83951127268438,13.465920645026863],[121.83978563234854,13.46624054315152],[121.83982981034252,13.466233546373994],[121.83991324695123,13.466095317811247],[121.83995562030992,13.466081111967679],[121.83996132904706,13.4660415344012],[121.84012952081235,13.465873093896898],[121.84016816348456,13.46586967186559],[121.8402993955588,13.46573706423295]]]}},{"type":"Feature","properties":{"Id":0,"CLN":"8299","PSGC":"174001017","Barangay":"Buliasnin","Land_Class":"AGRICULTURAL","PIN":"030-01-018-14-040","Owner":"MONTENEGRO, CLAUDIA","TaxDecNo":"10868"},"geometry":{"type":"Polygon","coordinates":[[[121.83964586270172,13.465854659849802],[121.83970476370828,13.465845930882523],[121.83993535289488,13.465706581402042],[121.83979994737767,13.465560141987009],[121.83973249192778,13.465435618327069],[121.83969749321824,13.465446257829853],[121.83949090182959,13.465567716130309],[121.83949789458158,13.465643355883639],[121.83964586270172,13.465854659849802]]]}},{"type":"Feature","properties":{"Id":0,"CLN":"8249","PSGC":"174001017","Barangay":"Buliasnin","Land_Class":"AGRICULTURAL","PIN":"030-01-018-15-036","Owner":"MICIANO, RESTITUTO","TaxDecNo":"10921"},"geometry":{"type":"Polygon","coordinates":[[[121.84102813982886,13.465299749303124],[121.84074328240764,13.465611299295894],[121.8410258153125,13.465762017080213],[121.84124274637074,13.4654029815434],[121.84102813982886,13.465299749303124]]]}},{"type":"Feature","properties":{"Id":0,"CLN":"8250","PSGC":"174001017","Barangay":"Buliasnin","Land_Class":"AGRICULTURAL","PIN":"030-01-018-15-037","Owner":"MICIANO, PACIFICO L.","TaxDecNo":"32524"},"geometry":{"type":"Polygon","coordinates":[[[121.8410258153125,13.465762017080213],[121.84117095546682,13.465796889702359],[121.84116710356689,13.465832875516515],[121.84134351192507,13.465867892208719],[121.84154635202388,13.465544856170881],[121.84124274637074,13.4654029815434],[121.8410258153125,13.465762017080213]]]}},{"type":"Feature","properties":{"Id":0,"CLN":"8282","PSGC":"174001017","Barangay":"Buliasnin","Land_Class":"AGRICULTURAL","PIN":"030-01-018-14-039","Owner":"MAAÑO, MILAGROS & MAAÑO, LOURDES","TaxDecNo":"10867"},"geometry":{"type":"Polygon","coordinates":[[[121.83908391433107,13.465288609299725],[121.83901660943135,13.465312371220335],[121.8388775572231,13.465361463375],[121.83918259328266,13.46580391584792],[121.83935240770973,13.465680487826075],[121.83932497443364,13.465647957944634],[121.83912581019251,13.46537341115037],[121.83908391433107,13.465288609299725]]]}},{"type":"Feature","properties":{"Id":0,"CLN":"7956","PSGC":"174001017","Barangay":"Buliasnin","Land_Class":"AGRICULTURAL","PIN":"030-01-018-05-057","Owner":"HRS.OF CHAVEZ, CELESTINO","TaxDecNo":"10403"},"geometry":{"type":"Polygon","coordinates":[[[121.83979160086353,13.469336653997157],[121.8400699466122,13.469211926598899],[121.84007029362435,13.469139921096414],[121.84008377431279,13.469109310053346],[121.84010003514527,13.469075251988539],[121.8403367177858,13.468817118784065],[121.84036933947885,13.468781488015374],[121.83985393856264,13.468478479383764],[121.83984100257962,13.468491020904679],[121.83949707487092,13.46900226113195],[121.83958137137344,13.469067456808963],[121.83979160086353,13.469336653997157]]]}},{"type":"Feature","properties":{"Id":0,"CLN":"8025","PSGC":"174001017","Barangay":"Buliasnin","Land_Class":"AGRICULTURAL","PIN":"030-01-018-15-008","Owner":"MANRIQUE, ROMAN","TaxDecNo":"10900"},"geometry":{"type":"Polygon","coordinates":[[[121.83937471892523,13.469156146097909],[121.83939356922849,13.469106193370282],[121.83949707487092,13.469002261131918],[121.83984100257962,13.468491020904645],[121.83947783249252,13.468278723216452],[121.8393413495186,13.468492091735348],[121.83928753177608,13.468590852907031],[121.83919051841686,13.468829463177759],[121.83930887647544,13.469078434355016],[121.83937471892523,13.469156146097909]]]}},{"type":"Feature","properties":{"Id":0,"CLN":"8291","PSGC":"174001017","Barangay":"Buliasnin","Land_Class":"AGRICULTURAL","PIN":"030-01-018-14-008","Owner":"PATRICIO, FRANCISCO","TaxDecNo":"10838"},"geometry":{"type":"Polygon","coordinates":[[[121.83955962261356,13.467337608088009],[121.8395875594018,13.467265729981683],[121.83931414428359,13.467131254237744],[121.83946416115784,13.466917725907205],[121.83937623017229,13.466843512568206],[121.83920649312724,13.466734087384514],[121.83894291371026,13.4670393500233],[121.83955962261356,13.467337608088009]]]}},{"type":"Feature","properties":{"Id":0,"CLN":"8285","PSGC":"174001017","Barangay":"Buliasnin","Land_Class":"AGRICULTURAL","PIN":"030-01-018-14-019","Owner":"MOGOL, AURELIO JR.","TaxDecNo":"10849"},"geometry":{"type":"Polygon","coordinates":[[[121.83894291371026,13.467039350023317],[121.83920649312726,13.466734087384534],[121.83947021505233,13.466399122138029],[121.83922013943773,13.466192747032139],[121.8389604191357,13.466556083291131],[121.83887834611002,13.46669746808852],[121.83874624044628,13.466915579248072],[121.83889038268757,13.467062059590196],[121.83894291371026,13.467039350023317]]]}},{"type":"Feature","properties":{"Id":0,"CLN":"8286","PSGC":"174001017","Barangay":"Buliasnin","Land_Class":"AGRICULTURAL","PIN":"030-01-018-14-020","Owner":"HEIRS OF SATURNINA GUEVARRA, NAMELY: GERONIMO; REYNALDO; JAIME; OSCAR; EFREN; ROBERTO; LUISITO ALL SURNAMED GUEVARRA; SOLEDAD HERNANDEZ & TERESITA G. TUASON","TaxDecNo":"10850"},"geometry":{"type":"Polygon","coordinates":[[[121.83887834611,13.466697468088519],[121.8389604191357,13.466556083291113],[121.83922013943776,13.466192747032117],[121.83898786071678,13.46601480671229],[121.83888389861116,13.466118286692467],[121.83881592655466,13.466196280376812],[121.83870098708879,13.4662875583547],[121.8388175914826,13.466423110406671],[121.83880633424008,13.466468962915936],[121.83874785559112,13.466580753754917],[121.83887834611,13.466697468088519]]]}},{"type":"Feature","properties":{"Id":0,"CLN":"8287","PSGC":"174001017","Barangay":"Buliasnin","Land_Class":"AGRICULTURAL","PIN":"030-01-018-17-056","Owner":"HINTAY, PAMPILO","TaxDecNo":"31450"},"geometry":{"type":"Polygon","coordinates":[[[121.83874785559112,13.466580753754917],[121.83880633424008,13.466468962915936],[121.8388175914826,13.466423110406671],[121.83870098708879,13.4662875583547],[121.83867074278673,13.466265816479364],[121.83854771664969,13.466031674994346],[121.83842201495922,13.46606619753146],[121.83839975442491,13.466105248501462],[121.83843180004895,13.466325468253785],[121.8384482430412,13.466348496505306],[121.83853972212665,13.466830916686249],[121.83859611006828,13.467152508878286],[121.83862609392403,13.467228254877172],[121.8388030194336,13.467156165249168],[121.83889038268754,13.467062059590182],[121.83874624044628,13.466915579248072],[121.83887834611,13.466697468088519],[121.83874785559112,13.466580753754917]]]}},{"type":"Feature","properties":{"Id":0,"CLN":"8281","PSGC":"174001017","Barangay":"Buliasnin","Land_Class":"AGRICULTURAL","PIN":"030-01-018-14-038","Owner":"LOZANO, ROSALIA JAMILLA","TaxDecNo":"10866"},"geometry":{"type":"Polygon","coordinates":[[[121.83922013943773,13.466192747032139],[121.8393312396649,13.46603934494029],[121.83937552610776,13.466009846521017],[121.83918259328266,13.46580391584792],[121.8388775572231,13.465361463375],[121.83852674066124,13.465518527561462],[121.83828895011675,13.46562543922999],[121.83833102326489,13.465768747768704],[121.83838417134498,13.46590400669155],[121.83842201495922,13.46606619753146],[121.83854771664969,13.466031674994367],[121.83867074278673,13.466265816479378],[121.83870098708879,13.4662875583547],[121.83881592655466,13.46619628037683],[121.83888389861116,13.466118286692485],[121.83898786071681,13.466014806712307],[121.83922013943773,13.466192747032139]]]}},{"type":"Feature","properties":{"Id":0,"CLN":"8283","PSGC":"174001017","Barangay":"Buliasnin","Land_Class":"AGRICULTURAL","PIN":"030-01-018-14-018","Owner":"FABILA, EDNA MOGOL , FORMENTO, VIVIAN M. & MAGYANI, GRETA MOGOL","TaxDecNo":"10848"},"geometry":{"type":"Polygon","coordinates":[[[121.83947021505232,13.466399122138013],[121.8395685540838,13.466470705827954],[121.83967272335282,13.466387636484242],[121.83978563234854,13.46624054315152],[121.83951127268438,13.46592064502683],[121.83964586270172,13.465854659849802],[121.83949789458158,13.465643355883639],[121.83949090182959,13.465567716130309],[121.83943934940515,13.465578279161718],[121.83932497443361,13.465647957944615],[121.83935240770973,13.465680487826043],[121.83918259328263,13.465803915847921],[121.83937552610776,13.466009846520995],[121.83933123966487,13.46603934494027],[121.83922013943776,13.466192747032117],[121.83947021505232,13.466399122138013]]]}},{"type":"Feature","properties":{"Id":0,"CLN":"8284","PSGC":"174001017","Barangay":"Buliasnin","Land_Class":"AGRICULTURAL","PIN":"030-01-018-14-012","Owner":"CALAYO, MARICEL L.","TaxDecNo":"10842"},"geometry":{"type":"Polygon","coordinates":[[[121.83967272335282,13.466387636484242],[121.8395685540838,13.466470705827954],[121.83947021505232,13.466399122138013],[121.83920649312724,13.466734087384514],[121.83937623017229,13.466843512568206],[121.83945196290905,13.46677725572757],[121.83959448336188,13.466592495513902],[121.83988025272218,13.466835038621078],[121.83998400866626,13.466678902069996],[121.83967272335282,13.466387636484242]]]}},{"type":"Feature","properties":{"Id":0,"CLN":"8290","PSGC":"174001017","Barangay":"Buliasnin","Land_Class":"AGRICULTURAL","PIN":"030-01-018-14-057","Owner":"MONTERAS, ROSARIO","TaxDecNo":"10884"},"geometry":{"type":"Polygon","coordinates":[[[121.8388030194336,13.467156165249168],[121.83916850818669,13.467548964845276],[121.83906507833422,13.467637295810515],[121.83922649816013,13.467729250436383],[121.83928550350043,13.46773058103394],[121.83955207444995,13.467377177140381],[121.83955962261356,13.467337608088009],[121.83894291371026,13.4670393500233],[121.83889038268754,13.467062059590182],[121.8388030194336,13.467156165249168]]]}},{"type":"Feature","properties":{"Id":0,"CLN":"8032","PSGC":"174001017","Barangay":"Buliasnin","Land_Class":"AGRICULTURAL","PIN":"030-01-018-15-006","Owner":"MABANSAG, ROSALIA","TaxDecNo":"10899"},"geometry":{"type":"Polygon","coordinates":[[[121.8390857147237,13.467935020444193],[121.83926174511909,13.468048644683794],[121.83940093769584,13.467822923216188],[121.83928550350043,13.467730581033958],[121.83922649816014,13.46772925043642],[121.83906507833422,13.467637295810515],[121.83902845411792,13.467603523310933],[121.83888554235764,13.467742076756116],[121.83876437801065,13.467947937207992],[121.83882506331702,13.468077830368363],[121.83875607125434,13.46814471817658],[121.83854220082073,13.468249340171221],[121.83863259311227,13.468321765012075],[121.83878669064467,13.468406485389922],[121.83896259751114,13.468129137040844],[121.8390857147237,13.467935020444193]]]}},{"type":"Feature","properties":{"Id":0,"CLN":"8031","PSGC":"174001017","Barangay":"Buliasnin","Land_Class":"AGRICULTURAL","PIN":"030-01-018-15-005","Owner":"MABANSAG, ROSALIA","TaxDecNo":"10898"},"geometry":{"type":"Polygon","coordinates":[[[121.83908571472367,13.467935020444195],[121.83896259751114,13.46812913704083],[121.83913572235406,13.46824488193664],[121.83926174511909,13.468048644683794],[121.83908571472367,13.467935020444195]]]}},{"type":"Feature","properties":{"Id":0,"CLN":"8030","PSGC":"174001017","Barangay":"Buliasnin","Land_Class":"AGRICULTURAL","PIN":"030-01-018-15-004","Owner":"MARIANO, TERESITA J.","TaxDecNo":"10897"},"geometry":{"type":"Polygon","coordinates":[[[121.83896259751114,13.46812913704083],[121.83878669064467,13.468406485389886],[121.83882577894225,13.468437869079482],[121.83897004375784,13.468527344391724],[121.83902938825139,13.468426808652913],[121.839088628508,13.468347874539871],[121.83913572235406,13.46824488193664],[121.83896259751114,13.46812913704083]]]}},{"type":"Feature","properties":{"Id":0,"CLN":"8027","PSGC":"174001017","Barangay":"Buliasnin","Land_Class":"AGRICULTURAL","PIN":"030-01-018-15-053","Owner":"LABRADOR, EDGARDO","TaxDecNo":"10937"},"geometry":{"type":"Polygon","coordinates":[[[121.83956283340477,13.468125958292694],[121.83930237228999,13.467982761739286],[121.83926174511909,13.468048644683794],[121.83913572235409,13.468244881936641],[121.839088628508,13.468347874539893],[121.8393413495186,13.468492091735364],[121.83947783249252,13.468278723216468],[121.83956283340477,13.468125958292694]]]}},{"type":"Feature","properties":{"Id":0,"CLN":"8082","PSGC":"174001017","Barangay":"Buliasnin","Land_Class":"AGRICULTURAL","PIN":"030-01-018-15-003","Owner":"MABUTI, ALFREDO","TaxDecNo":"10896"},"geometry":{"type":"Polygon","coordinates":[[[121.839088628508,13.468347874539871],[121.83902938825139,13.468426808652913],[121.83928753177608,13.468590852907031],[121.8393413495186,13.468492091735348],[121.839088628508,13.468347874539871]]]}},{"type":"Feature","properties":{"Id":0,"CLN":"8029","PSGC":"174001017","Barangay":"Buliasnin","Land_Class":"AGRICULTURAL","PIN":"030-01-018-15-002","Owner":"MARMOL, LUCIA","TaxDecNo":"10895"},"geometry":{"type":"Polygon","coordinates":[[[121.83897004375784,13.468527344391724],[121.8391582787683,13.468653026297204],[121.83911106870474,13.468789052710692],[121.83915784153164,13.468826076173539],[121.83919051841686,13.468829463177759],[121.83928753177608,13.468590852907031],[121.83902938825139,13.468426808652913],[121.83897004375784,13.468527344391724]]]}},{"type":"Feature","properties":{"Id":0,"CLN":"7952","PSGC":"174001017","Barangay":"Buliasnin","Land_Class":"AGRICULTURAL","PIN":"030-01-018-05-042","Owner":"CORTES, ALVARO P. & CORTES, LORNA","TaxDecNo":"10389"},"geometry":{"type":"Polygon","coordinates":[[[121.83858460728148,13.468609571536696],[121.8385938842532,13.468720025258706],[121.8386323124486,13.46888821936828],[121.83915784153164,13.468826076173539],[121.83911106870474,13.468789052710692],[121.83877071392618,13.468668037279057],[121.83869733792174,13.46862689418186],[121.83858460728148,13.468609571536696]]]}},{"type":"Feature","properties":{"Id":0,"CLN":"7951","PSGC":"174001017","Barangay":"Buliasnin","Land_Class":"AGRICULTURAL","PIN":"030-01-018-15-001","Owner":"JANDUSAY, FELICIDAD","TaxDecNo":"10894"},"geometry":{"type":"Polygon","coordinates":[[[121.83854220082073,13.468249340171221],[121.83831827725068,13.468404320443417],[121.83824431059654,13.468485586507992],[121.83835683263776,13.468546112576757],[121.83858460728148,13.468609571536696],[121.83869733792174,13.46862689418186],[121.83877071392618,13.468668037279057],[121.83911106870474,13.468789052710692],[121.8391582787683,13.468653026297204],[121.83897004375784,13.468527344391724],[121.83882577894225,13.468437869079482],[121.83878669064467,13.468406485389886],[121.83863259311224,13.46832176501206],[121.83854220082073,13.468249340171221]]]}},{"type":"Feature","properties":{"Id":0,"CLN":"7950","PSGC":"174001017","Barangay":"Buliasnin","Land_Class":"AGRICULTURAL","PIN":"030-01-018-06-026","Owner":"DR. SULIT, HECTOR , SULIT, SILVESTRE  (1/4) SHARE EACH VDA DE. SULIT, LOURDES , SULIT, SIXTO RAYMUND , SULIT, MARIA ROSALIE , SULIT, RENATO & SULIT, RONALD (1/10) SHARES EACH","TaxDecNo":"10430"},"geometry":{"type":"Polygon","coordinates":[[[121.83835294382436,13.468843723813068],[121.83835683263776,13.468546112576757],[121.83824431059654,13.468485586507992],[121.8381196191718,13.468405802243119],[121.83809750099572,13.468415300918446],[121.83808016022105,13.468451224271025],[121.83806847349551,13.468840008365946],[121.83835294382436,13.468843723813068]]]}},{"type":"Feature","properties":{"Id":0,"CLN":"7946","PSGC":"174001017","Barangay":"Buliasnin","Land_Class":"AGRICULTURAL","PIN":"030-01-018-13-013","Owner":"MONTENEGRO, CORAZON & MONTENEGRO, CRISPINA","TaxDecNo":"10790"},"geometry":{"type":"Polygon","coordinates":[[[121.83766715587068,13.468655734514158],[121.83782910883012,13.468637281689713],[121.83788946197816,13.468327930454704],[121.8379437165986,13.468265775229487],[121.83792453753452,13.468174477596694],[121.83794745521448,13.467999366390229],[121.83794822657377,13.467953972129735],[121.83765343122506,13.467942801197637],[121.83763756925889,13.468180351111519],[121.83761322563909,13.468650684585366],[121.83766715587068,13.468655734514158]]]}},{"type":"Feature","properties":{"Id":0,"CLN":"7944","PSGC":"174001017","Barangay":"Buliasnin","Land_Class":"AGRICULTURAL","PIN":"030-01-018-13-012","Owner":"SPS. LARGO, NONITO & LARGO, ROSELYN","TaxDecNo":"10789"},"geometry":{"type":"Polygon","coordinates":[[[121.83761322563909,13.468650684585336],[121.83763756925889,13.468180351111494],[121.83739487213032,13.468160026533283],[121.83738977020563,13.468200806923768],[121.83738878479866,13.468404822333538],[121.83740961617173,13.468661743843391],[121.83761322563909,13.468650684585336]]]}},{"type":"Feature","properties":{"Id":0,"CLN":"7945","PSGC":"174001017","Barangay":"Buliasnin","Land_Class":"AGRICULTURAL","PIN":"030-01-018-13-014","Owner":"LABAGUIS, SOTERO","TaxDecNo":"10791"},"geometry":{"type":"Polygon","coordinates":[[[121.83765343122506,13.467942801197621],[121.83738608260954,13.467948765192011],[121.83739487213032,13.468160026533283],[121.83763756925889,13.468180351111494],[121.83765343122506,13.467942801197621]]]}},{"type":"Feature","properties":{"Id":0,"CLN":"8038","PSGC":"174001017","Barangay":"Buliasnin","Land_Class":"AGRICULTURAL","PIN":"030-01-018-13-015","Owner":"HRS. OF MUHI, MANUEL","TaxDecNo":"10792"},"geometry":{"type":"Polygon","coordinates":[[[121.83738608260954,13.467948765192045],[121.83765343122506,13.467942801197637],[121.83794822657377,13.467953972129735],[121.83795088094966,13.467797762455398],[121.83792485448228,13.467600822799284],[121.83788887933561,13.467432639962022],[121.83752807289528,13.467493377375215],[121.83756137514887,13.467707152349371],[121.83755140320376,13.467740709515162],[121.83745568933277,13.467754668169023],[121.83737728149589,13.467739904029612],[121.83738608260954,13.467948765192045]]]}},{"type":"Feature","properties":{"Id":0,"CLN":"8039","PSGC":"174001017","Barangay":"Buliasnin","Land_Class":"AGRICULTURAL","PIN":"030-01-018-13-017","Owner":"MONTALAN, DIONISIO M.","TaxDecNo":"10794"},"geometry":{"type":"Polygon","coordinates":[[[121.83719115873096,13.468192687277913],[121.8372647314157,13.46819302770434],[121.83738977020563,13.4682008069238],[121.83739487213032,13.468160026533315],[121.83738608260954,13.467948765192045],[121.83737728149589,13.467739904029612],[121.83745568933277,13.467754668169023],[121.83755140320376,13.467740709515162],[121.83756137514887,13.467707152349371],[121.83752807289528,13.467493377375215],[121.83751349749213,13.467464507131902],[121.8373195363957,13.467509214315019],[121.83733632074244,13.467588499722856],[121.83715744505568,13.467556469045793],[121.83719115873096,13.468192687277913]]]}},{"type":"Feature","properties":{"Id":0,"CLN":"7943","PSGC":"174001017","Barangay":"Buliasnin","Land_Class":"AGRICULTURAL","PIN":"030-01-018-13-011","Owner":"LABAGUIS, PETRA","TaxDecNo":"10788"},"geometry":{"type":"Polygon","coordinates":[[[121.83738977020563,13.468200806923768],[121.8372647314157,13.468193027704324],[121.83725140261728,13.468413787636063],[121.83738878479866,13.468404822333538],[121.83738977020563,13.468200806923768]]]}},{"type":"Feature","properties":{"Id":0,"CLN":"8040","PSGC":"174001017","Barangay":"Buliasnin","Land_Class":"AGRICULTURAL","PIN":"030-01-018-13-018","Owner":"LOGDAT, SEGUNDITA M.","TaxDecNo":"10795"},"geometry":{"type":"Polygon","coordinates":[[[121.83715744505568,13.467556469045793],[121.83699081990966,13.467526895173105],[121.83701955872078,13.468177491779862],[121.83713230058464,13.468192414921258],[121.83712384172804,13.46842039807683],[121.83725140261728,13.468413787636063],[121.8372647314157,13.468193027704324],[121.83719115873095,13.468192687277899],[121.83715744505568,13.467556469045793]]]}},{"type":"Feature","properties":{"Id":0,"CLN":"8033","PSGC":"174001017","Barangay":"Buliasnin","Land_Class":"AGRICULTURAL","PIN":"030-01-018-14-001","Owner":"LOZANO, ERNESTO","TaxDecNo":"10833"},"geometry":{"type":"Polygon","coordinates":[[[121.83807804379636,13.468381607657628],[121.83809750099572,13.468415300918446],[121.8381196191718,13.468405802243119],[121.83824431059654,13.468485586507992],[121.83831827725068,13.468404320443417],[121.83854220082073,13.468249340171221],[121.83875607125432,13.468144718176568],[121.83882506331702,13.468077830368342],[121.83876437801065,13.467947937207978],[121.8387373203175,13.467964613828242],[121.83807804379636,13.468381607657628]]]}},{"type":"Feature","properties":{"Id":0,"CLN":"8034","PSGC":"174001017","Barangay":"Buliasnin","Land_Class":"AGRICULTURAL","PIN":"030-01-018-14-002","Owner":"TAN, NATALIA JINANG","TaxDecNo":"10834"},"geometry":{"type":"Polygon","coordinates":[[[121.83792453753449,13.46817447759666],[121.8379437165986,13.468265775229453],[121.83807804379636,13.468381607657628],[121.8387373203175,13.467964613828242],[121.83854202990885,13.467776492917272],[121.83792453753449,13.46817447759666]]]}},{"type":"Feature","properties":{"Id":0,"CLN":"8035","PSGC":"174001017","Barangay":"Buliasnin","Land_Class":"AGRICULTURAL","PIN":"030-01-018-14-003","Owner":"ESPINO, MARK JAY L.","TaxDecNo":"10835"},"geometry":{"type":"Polygon","coordinates":[[[121.83792453753449,13.46817447759666],[121.83854202990885,13.467776492917272],[121.83845664691265,13.467682489089047],[121.83802113213794,13.467978104953492],[121.83798668237165,13.46800194801491],[121.83794745521448,13.467999366390229],[121.83792453753449,13.46817447759666]]]}},{"type":"Feature","properties":{"Id":0,"CLN":"8036","PSGC":"174001017","Barangay":"Buliasnin","Land_Class":"AGRICULTURAL","PIN":"030-01-018-17-017","Owner":"LABAGUIS, SOTERO","TaxDecNo":"11012"},"geometry":{"type":"Polygon","coordinates":[[[121.83794745521448,13.467999366390229],[121.83798668237165,13.46800194801493],[121.83802113213797,13.46797810495349],[121.83845664691265,13.467682489089063],[121.83837134506064,13.467571683960752],[121.83826316068466,13.467628789531089],[121.8381008145172,13.467728848883036],[121.83795088094966,13.467797762455398],[121.83794822657377,13.467953972129735],[121.83794745521448,13.467999366390229]]]}},{"type":"Feature","properties":{"Id":0,"CLN":"8037","PSGC":"174001017","Barangay":"Buliasnin","Land_Class":"AGRICULTURAL","PIN":"030-01-018-14-005","Owner":"MALACAS, MAXIMO","TaxDecNo":"10837"},"geometry":{"type":"Polygon","coordinates":[[[121.83795088094966,13.467797762455398],[121.8381008145172,13.467728848883036],[121.83826316068466,13.467628789531089],[121.83837134506064,13.467571683960752],[121.83829104078404,13.467441700024219],[121.83816078470379,13.467498703523862],[121.83811150467038,13.467546480402794],[121.83792485448228,13.467600822799284],[121.83795088094966,13.467797762455398]]]}},{"type":"Feature","properties":{"Id":0,"CLN":"8033","PSGC":"174001017","Barangay":"Buliasnin","Land_Class":"AGRICULTURAL","PIN":"030-01-018-14-001","Owner":"LOZANO, ERNESTO","TaxDecNo":"10833"},"geometry":{"type":"Polygon","coordinates":[[[121.8387373203175,13.467964613828242],[121.83876437801065,13.467947937207978],[121.83888554235762,13.467742076756098],[121.83902845411792,13.467603523310915],[121.83906507833422,13.467637295810515],[121.83916850818669,13.467548964845276],[121.8388030194336,13.467156165249168],[121.83862609392403,13.467228254877172],[121.83851977560404,13.467305943821607],[121.83829104078404,13.4674417000242],[121.83837134506064,13.467571683960733],[121.83845664691265,13.467682489089047],[121.83854202990885,13.467776492917272],[121.8387373203175,13.467964613828242]]]}},{"type":"Feature","properties":{"Id":0,"CLN":"8289","PSGC":"174001017","Barangay":"Buliasnin","Land_Class":"AGRICULTURAL","PIN":"030-01-018-14-023","Owner":"ESPINO, JULIETA L.","TaxDecNo":"10853"},"geometry":{"type":"Polygon","coordinates":[[[121.83816078470379,13.467498703523844],[121.83829104078404,13.4674417000242],[121.83851977560404,13.467305943821607],[121.83862609392403,13.467228254877172],[121.83859611006828,13.467152508878286],[121.83810529434511,13.467308828362652],[121.83816078470379,13.467498703523844]]]}},{"type":"Feature","properties":{"Id":0,"CLN":"8043","PSGC":"174001017","Barangay":"Buliasnin","Land_Class":"AGRICULTURAL","PIN":"030-01-018-14-024","Owner":"GERONIMO; REYNALDO; JAIME; OSCAR; EFREN; ROBERTO; LUISITO ALL SURNAMED GUEVARRA; SOLEDAD HERNANDEZ & TERESITA G. TUASON","TaxDecNo":"10854"},"geometry":{"type":"Polygon","coordinates":[[[121.83792485448227,13.467600822799303],[121.83811150467038,13.467546480402776],[121.83816078470379,13.467498703523844],[121.83810529434511,13.467308828362652],[121.83805159610603,13.467255774910116],[121.83799401262496,13.466991482750057],[121.83788604859734,13.467002984717183],[121.83780737444648,13.467043424912514],[121.83782376495637,13.46720431648495],[121.83788887933558,13.467432639962027],[121.83792485448227,13.467600822799303]]]}},{"type":"Feature","properties":{"Id":0,"CLN":"8288","PSGC":"174001017","Barangay":"Buliasnin","Land_Class":"AGRICULTURAL","PIN":"030-01-018-14-022","Owner":"NIEVA, PAULA","TaxDecNo":"10852"},"geometry":{"type":"Polygon","coordinates":[[[121.83805159610603,13.467255774910116],[121.83810529434511,13.467308828362652],[121.83859611006828,13.467152508878286],[121.83853972212665,13.466830916686249],[121.83802110500434,13.466967605657674],[121.83799401262496,13.466991482750057],[121.83805159610603,13.467255774910116]]]}},{"type":"Feature","properties":{"Id":0,"CLN":"8279","PSGC":"174001017","Barangay":"Buliasnin","Land_Class":"AGRICULTURAL","PIN":"030-01-018-14-027","Owner":"VILLAMIN, RAMON & VILLAMIN, LYNDA M.","TaxDecNo":"10858"},"geometry":{"type":"Polygon","coordinates":[[[121.83802110500434,13.466967605657674],[121.83853972212665,13.466830916686249],[121.8384482430412,13.466348496505306],[121.83843180004895,13.466325468253785],[121.8382718679631,13.466332702429346],[121.83817135411908,13.466325037093377],[121.83821222259608,13.466495642762645],[121.83793464883337,13.466587968682228],[121.83802110500434,13.466967605657674]]]}},{"type":"Feature","properties":{"Id":0,"CLN":"8278","PSGC":"174001017","Barangay":"Buliasnin","Land_Class":"AGRICULTURAL","PIN":"030-01-018-14-028","Owner":"LA TORRE, ANGELA","TaxDecNo":"10859"},"geometry":{"type":"Polygon","coordinates":[[[121.83793464883337,13.466587968682228],[121.83821222259608,13.466495642762645],[121.83817135411908,13.466325037093377],[121.83791132972547,13.46633823635084],[121.83785960908544,13.466383601678416],[121.83793464883337,13.466587968682228]]]}},{"type":"Feature","properties":{"Id":0,"CLN":"8280","PSGC":"174001017","Barangay":"Buliasnin","Land_Class":"AGRICULTURAL","PIN":"030-01-018-14-037","Owner":"MAAÑO, MILAGROS & MAAÑO, LOURDES","TaxDecNo":"10865"},"geometry":{"type":"Polygon","coordinates":[[[121.8382718679631,13.466332702429346],[121.83843180004895,13.466325468253785],[121.83839975442491,13.466105248501462],[121.83842201495922,13.46606619753146],[121.83838417134498,13.46590400669155],[121.83833102326489,13.465768747768687],[121.8381811206287,13.46582583316665],[121.83822629156164,13.466121270993135],[121.83823597376292,13.466147718344022],[121.8382718679631,13.466332702429346]]]}},{"type":"Feature","properties":{"Id":0,"CLN":"8277","PSGC":"174001017","Barangay":"Buliasnin","Land_Class":"AGRICULTURAL","PIN":"030-01-018-14-029","Owner":"JOSELITO APOLINARIO CALAYO & MARICEL CALAYO","TaxDecNo":"10860"},"geometry":{"type":"Polygon","coordinates":[[[121.83791132972547,13.46633823635084],[121.83817135411908,13.466325037093377],[121.8382718679631,13.466332702429346],[121.83823597376292,13.466147718344022],[121.83822629156164,13.466121270993135],[121.83787285595443,13.466179642900133],[121.83791132972547,13.46633823635084]]]}},{"type":"Feature","properties":{"Id":0,"CLN":"8276","PSGC":"174001017","Barangay":"Buliasnin","Land_Class":"AGRICULTURAL","PIN":"030-01-018-14-030","Owner":"FABILA, EDNA MOGOL , FORMENTO, VIVIAN M. & MAGYANI, GRETA MOGOL","TaxDecNo":"10861"},"geometry":{"type":"Polygon","coordinates":[[[121.83787285595443,13.466179642900133],[121.83822629156164,13.466121270993135],[121.8381811206287,13.46582583316665],[121.83808783677678,13.465844603829073],[121.83785231373041,13.465862716803109],[121.8378593465161,13.465929955921794],[121.83787285595443,13.466179642900133]]]}},{"type":"Feature","properties":{"Id":0,"CLN":"8044","PSGC":"174001017","Barangay":"Buliasnin","Land_Class":"AGRICULTURAL","PIN":"030-01-018-14-026","Owner":"MONTEVIRGEN, SILVESTRE","TaxDecNo":"10857"},"geometry":{"type":"Polygon","coordinates":[[[121.83802110500434,13.466967605657674],[121.83793464883337,13.466587968682228],[121.83785960908544,13.466383601678416],[121.83791132972547,13.46633823635084],[121.83787285595443,13.466179642900133],[121.8378593465161,13.465929955921794],[121.83785231373041,13.465862716803109],[121.83784287489318,13.465785865616022],[121.83767346238305,13.4658258862236],[121.83771829663816,13.466190929368228],[121.83778345707191,13.466409652132233],[121.83773433944205,13.466423826406027],[121.83788604859734,13.467002984717183],[121.83799401262496,13.466991482750057],[121.83802110500434,13.466967605657674]]]}},{"type":"Feature","properties":{"Id":0,"CLN":"8275","PSGC":"174001017","Barangay":"Buliasnin","Land_Class":"AGRICULTURAL","PIN":"030-01-018-14-032","Owner":"BUÑAG, VICENTE","TaxDecNo":"10863"},"geometry":{"type":"Polygon","coordinates":[[[121.83767346238305,13.4658258862236],[121.83784287489318,13.465785865616022],[121.83778080418577,13.465435144187598],[121.83769248319707,13.465441936482858],[121.83752305932826,13.465484357189627],[121.83745670557262,13.465512853117836],[121.83729467358728,13.46554810714706],[121.83711545160318,13.465588082006176],[121.83705396778971,13.465623801059106],[121.83695169761906,13.465472113028191],[121.83686071549891,13.465522096944834],[121.8368654231613,13.465562922725834],[121.83692855930865,13.465692827585311],[121.83705006612587,13.465923812397083],[121.83748443063082,13.46586581596804],[121.83767346238305,13.4658258862236]]]}},{"type":"Feature","properties":{"Id":0,"CLN":"8045","PSGC":"174001017","Barangay":"Buliasnin","Land_Class":"AGRICULTURAL","PIN":"030-01-018-14-025","Owner":"MALCO, MAIROSE R.","TaxDecNo":"29862"},"geometry":{"type":"Polygon","coordinates":[[[121.83788604859734,13.467002984717164],[121.83773433944205,13.46642382640606],[121.83778345707191,13.46640965213225],[121.83771829663816,13.466190929368228],[121.83767346238302,13.465825886223636],[121.83748443063082,13.46586581596804],[121.8375297861364,13.466122850940978],[121.8376405570108,13.466545804699651],[121.83777544674342,13.467052878205637],[121.83780737444651,13.46704342491253],[121.83788604859734,13.467002984717164]]]}},{"type":"Feature","properties":{"Id":0,"CLN":"8042","PSGC":"174001017","Barangay":"Buliasnin","Land_Class":"AGRICULTURAL","PIN":"030-01-018-13-016","Owner":"MONTALAN, DIONISIO","TaxDecNo":"10793"},"geometry":{"type":"Polygon","coordinates":[[[121.83752807289525,13.467493377375215],[121.83788887933558,13.467432639962027],[121.83782376495637,13.46720431648495],[121.83748511171493,13.467248354660548],[121.83751349749213,13.467464507131902],[121.83752807289525,13.467493377375215]]]}},{"type":"Feature","properties":{"Id":0,"CLN":"8046","PSGC":"174001017","Barangay":"Buliasnin","Land_Class":"AGRICULTURAL","PIN":"030-01-018-13-030","Owner":"PAGLINAWAN, REGACIANA","TaxDecNo":"10805"},"geometry":{"type":"Polygon","coordinates":[[[121.83782376495637,13.46720431648495],[121.83780737444648,13.467043424912514],[121.8377754467434,13.46705287820562],[121.83764055701083,13.466545804699615],[121.83734327103001,13.466657240657032],[121.83723025162054,13.466699922020979],[121.83705838597939,13.466739930804223],[121.83695036407492,13.46676343328113],[121.8369836541669,13.466979608475247],[121.83702617416732,13.467315838120147],[121.83748511171493,13.467248354660548],[121.83782376495637,13.46720431648495]]]}},{"type":"Feature","properties":{"Id":0,"CLN":"8047","PSGC":"174001017","Barangay":"Buliasnin","Land_Class":"AGRICULTURAL","PIN":"030-01-018-13-041","Owner":"MARIPOSQUE, JOSEFA R.","TaxDecNo":"10813"},"geometry":{"type":"Polygon","coordinates":[[[121.83667403307363,13.466834646940363],[121.83658864168169,13.466545907605505],[121.83617887181849,13.466676848010735],[121.83628246217584,13.466935558633272],[121.83667403307363,13.466834646940363]]]}},{"type":"Feature","properties":{"Id":0,"CLN":"8050","PSGC":"174001017","Barangay":"Buliasnin","Land_Class":"AGRICULTURAL","PIN":"030-01-018-13-035","Owner":"MIRAFUENTE, CATALINA MADLA","TaxDecNo":"31407"},"geometry":{"type":"Polygon","coordinates":[[[121.83623517345018,13.466064054583919],[121.8361836266328,13.466073416836384],[121.83616626257549,13.46611414041519],[121.83616852932415,13.46615255466191],[121.83622936364172,13.466251245967923],[121.83667426911646,13.46604208501967],[121.83660148582214,13.465878532161602],[121.83635824591583,13.465971015274928],[121.83623517345018,13.466064054583919]]]}},{"type":"Feature","properties":{"Id":0,"CLN":"8052","PSGC":"174001017","Barangay":"Buliasnin","Land_Class":"AGRICULTURAL","PIN":"030-01-018-13-036","Owner":"JABAL, CIPRIANO","TaxDecNo":"10808"},"geometry":{"type":"Polygon","coordinates":[[[121.83623517345018,13.466064054583919],[121.83635824591583,13.465971015274928],[121.83623934299631,13.465708839186242],[121.83610814353725,13.465453806818468],[121.83604288041451,13.465256685374971],[121.8360376140069,13.465217230161477],[121.83584125042204,13.465366162351062],[121.8358726092785,13.465474318136955],[121.83609644258587,13.465844990845708],[121.8361574044404,13.465917280175296],[121.83623517345018,13.466064054583919]]]}},{"type":"Feature","properties":{"Id":0,"CLN":"8051","PSGC":"174001017","Barangay":"Buliasnin","Land_Class":"AGRICULTURAL","PIN":"030-01-018-13-037","Owner":"ENGR. MADLA, ROBERTO","TaxDecNo":"10809"},"geometry":{"type":"Polygon","coordinates":[[[121.83635824591583,13.465971015274928],[121.83660148582214,13.465878532161602],[121.83660165980253,13.465842529445352],[121.8364630678963,13.465594663716923],[121.83623934299631,13.465708839186242],[121.83635824591583,13.465971015274928]]]}},{"type":"Feature","properties":{"Id":0,"CLN":"7929","PSGC":"174001017","Barangay":"Buliasnin","Land_Class":"AGRICULTURAL","PIN":"030-01-018-13-034","Owner":"MALAJACAN, JULIA","TaxDecNo":"10806"},"geometry":{"type":"Polygon","coordinates":[[[121.83598633212854,13.46630052542781],[121.83592796191195,13.466199445248511],[121.83586474497265,13.466086341438652],[121.83553612053227,13.465578369724945],[121.83539250805237,13.465734919649545],[121.83562554383865,13.466231047598828],[121.83572969624144,13.466373743963523],[121.83598633212854,13.46630052542781]]]}},{"type":"Feature","properties":{"Id":0,"CLN":"7931","PSGC":"174001017","Barangay":"Buliasnin","Land_Class":"AGRICULTURAL","PIN":"030-01-018-13-045","Owner":"MAZON, JERRY M. & MAZON, HERBERT M.","TaxDecNo":"01-37415"},"geometry":{"type":"Polygon","coordinates":[[[121.83515948434064,13.466098131686856],[121.83494692894338,13.466209901024143],[121.83498532775837,13.466256883572497],[121.83506501134481,13.466514677966886],[121.83520928771009,13.466896883793213],[121.8358842443343,13.466618383645086],[121.83591688117625,13.46663133606293],[121.83610530462556,13.466548300542476],[121.83598633212854,13.466300525427863],[121.83572969624144,13.466373743963537],[121.83562554383867,13.466231047598887],[121.83541358010584,13.466321874459705],[121.83528457642797,13.466373481744293],[121.83524115606917,13.466223865975804],[121.8351844861393,13.46615159633186],[121.83515948434064,13.466098131686856]]]}},{"type":"Feature","properties":{"Id":0,"CLN":"8048","PSGC":"174001017","Barangay":"Buliasnin","Land_Class":"AGRICULTURAL","PIN":"030-01-018-13-029","Owner":"SANCHEZ, ELSA M.","TaxDecNo":"10804"},"geometry":{"type":"Polygon","coordinates":[[[121.83591688117625,13.466631336062877],[121.8361099326777,13.467281893552858],[121.83616869774562,13.467301367574366],[121.83622382161852,13.467397632215839],[121.83632143858749,13.467497293926517],[121.83644569428098,13.467497869257254],[121.83628246217583,13.466935558633262],[121.83613706985241,13.466572449988746],[121.83610530462553,13.466548300542446],[121.83591688117625,13.466631336062877]]]}},{"type":"Feature","properties":{"Id":0,"CLN":"7932","PSGC":"174001017","Barangay":"Buliasnin","Land_Class":"AGRICULTURAL","PIN":"030-01-018-13-049","Owner":"MADLA, ABELARDO","TaxDecNo":"10820"},"geometry":{"type":"Polygon","coordinates":[[[121.8361099326777,13.467281893552858],[121.83570622266758,13.467507603727778],[121.83549806652243,13.467095289902632],[121.835300810986,13.467148369893902],[121.83541800328344,13.467470388172885],[121.83529238100533,13.46751611924032],[121.8354755321105,13.467963821343531],[121.83555737229817,13.467944998707106],[121.83579999437679,13.467811709722957],[121.8357552374868,13.467600281803216],[121.835981215652,13.467527721426341],[121.8360828451931,13.467473786830562],[121.83622382161852,13.467397632215873],[121.83616869774568,13.467301367574386],[121.8361099326777,13.467281893552858]]]}},{"type":"Feature","properties":{"Id":0,"CLN":"7934","PSGC":"174001017","Barangay":"Buliasnin","Land_Class":"AGRICULTURAL","PIN":"030-01-018-13-026","Owner":"MICIANO, GERARDO A.","TaxDecNo":"10802"},"geometry":{"type":"Polygon","coordinates":[[[121.83537064782911,13.46801454027014],[121.83546101264594,13.468261383012667],[121.8356476444097,13.468211042835836],[121.83555737229814,13.467944998707088],[121.83547553211046,13.467963821343465],[121.83537064782911,13.46801454027014]]]}},{"type":"Feature","properties":{"Id":0,"CLN":"7933","PSGC":"174001017","Barangay":"Buliasnin","Land_Class":"AGRICULTURAL","PIN":"030-01-018-13-047","Owner":"RABI, EDMUNDO","TaxDecNo":"10818"},"geometry":{"type":"Polygon","coordinates":[[[121.83594659004363,13.46792599987637],[121.8359243430669,13.467793083883535],[121.83579999437679,13.467811709722923],[121.83555737229814,13.467944998707122],[121.83560250833173,13.468078020774174],[121.83594659004363,13.46792599987637]]]}},{"type":"Feature","properties":{"Id":0,"CLN":"7936","PSGC":"174001017","Barangay":"Buliasnin","Land_Class":"AGRICULTURAL","PIN":"030-01-018-13-023","Owner":"HONORICA, EMMALYN L.","TaxDecNo":"32058"},"geometry":{"type":"Polygon","coordinates":[[[121.83596883703888,13.468058915867843],[121.83603369328539,13.468171227193121],[121.83632821595815,13.468124586514515],[121.83631716310065,13.467705294429416],[121.8359243430669,13.467793083883535],[121.83596883703888,13.468058915867843]]]}},{"type":"Feature","properties":{"Id":0,"CLN":"7937","PSGC":"174001017","Barangay":"Buliasnin","Land_Class":"AGRICULTURAL","PIN":"030-01-018-13-028","Owner":"CORTEZ, ALVARO & CORTEZ, LORNA L.","TaxDecNo":"10803"},"geometry":{"type":"Polygon","coordinates":[[[121.83579999437677,13.467811709722904],[121.8359243430669,13.467793083883516],[121.83631716310062,13.467705294429402],[121.83632143858749,13.467497293926517],[121.83622382161852,13.467397632215839],[121.8360828451931,13.467473786830562],[121.835981215652,13.467527721426304],[121.83575523748674,13.467600281803163],[121.83579999437677,13.467811709722904]]]}},{"type":"Feature","properties":{"Id":0,"CLN":"7938","PSGC":"174001017","Barangay":"Buliasnin","Land_Class":"AGRICULTURAL","PIN":"030-01-018-13-022","Owner":"NOCHE, ABNER & REVELYN","TaxDecNo":"10799"},"geometry":{"type":"Polygon","coordinates":[[[121.83632821595812,13.468124586514516],[121.83650147399841,13.468134989686796],[121.83650458317943,13.46749174127911],[121.83644569428098,13.467497869257254],[121.83632143858749,13.467497293926517],[121.83631716310062,13.467705294429402],[121.83632821595812,13.468124586514516]]]}},{"type":"Feature","properties":{"Id":0,"CLN":"7939","PSGC":"174001017","Barangay":"Buliasnin","Land_Class":"AGRICULTURAL","PIN":"030-01-018-13-021","Owner":"MARQUEZ, MARCELA","TaxDecNo":"10798"},"geometry":{"type":"Polygon","coordinates":[[[121.83650147399841,13.468134989686796],[121.83665515908977,13.468135701194035],[121.83661895188433,13.46750827231284],[121.83650458317943,13.46749174127911],[121.83650147399841,13.468134989686796]]]}},{"type":"Feature","properties":{"Id":0,"CLN":"7940","PSGC":"174001017","Barangay":"Buliasnin","Land_Class":"AGRICULTURAL","PIN":"030-01-018-13-020","Owner":"HRS. OF MAZON, FLORENCIA","TaxDecNo":"29687"},"geometry":{"type":"Polygon","coordinates":[[[121.83665515908977,13.468135701194035],[121.83683856455619,13.468160852547681],[121.8368085623327,13.467518050871785],[121.83661895188433,13.46750827231284],[121.83665515908977,13.468135701194035]]]}},{"type":"Feature","properties":{"Id":0,"CLN":"7942","PSGC":"174001017","Barangay":"Buliasnin","Land_Class":"AGRICULTURAL","PIN":"030-01-018-13-010","Owner":"PERAZ, LORNA M.","TaxDecNo":"30136"},"geometry":{"type":"Polygon","coordinates":[[[121.83683856455619,13.468160852547681],[121.83701955872078,13.468177491779862],[121.83699081990966,13.467526895173105],[121.8368085623327,13.467518050871785],[121.83683856455619,13.468160852547681]]]}},{"type":"Feature","properties":{"Id":0,"CLN":"7878","PSGC":"174001017","Barangay":"Buliasnin","Land_Class":"AGRICULTURAL","PIN":"030-01-018-13-006","Owner":"MARIQUINA, SALVACION","TaxDecNo":"10783"},"geometry":{"type":"Polygon","coordinates":[[[121.83633391386319,13.468698013268982],[121.83686506865739,13.468785080641078],[121.83689665027661,13.468720420490579],[121.83709716235742,13.468715947965402],[121.8371106116126,13.46859719858985],[121.83710545892886,13.468521567353],[121.83646944602026,13.468437615387495],[121.83639324204864,13.46860107851748],[121.83633391386319,13.468698013268982]]]}},{"type":"Feature","properties":{"Id":0,"CLN":"7879","PSGC":"174001017","Barangay":"Buliasnin","Land_Class":"AGRICULTURAL","PIN":"030-01-018-13-009","Owner":"LACOSTA, SALOME","TaxDecNo":"10786"},"geometry":{"type":"Polygon","coordinates":[[[121.83701955872078,13.468177491779882],[121.83683856455619,13.468160852547681],[121.83665515908977,13.468135701194049],[121.83650147399841,13.468134989686815],[121.83632821595815,13.468124586514515],[121.83603369328539,13.468171227193121],[121.83561639424126,13.468352656279773],[121.83562320290372,13.468466098863493],[121.83562101526067,13.46853809573312],[121.83573672690284,13.468572835194939],[121.83614572598555,13.468436116299186],[121.8362491919802,13.468721023206292],[121.83630774562678,13.468784300512606],[121.83633391386324,13.468698013268984],[121.83639324204864,13.468601078517496],[121.83646944602026,13.46843761538751],[121.83710545892886,13.468521567353015],[121.83712384172804,13.468420398076848],[121.83713230058464,13.468192414921276],[121.83701955872078,13.468177491779882]]]}},{"type":"Feature","properties":{"Id":0,"CLN":"7874","PSGC":"174001017","Barangay":"Buliasnin","Land_Class":"AGRICULTURAL","PIN":"030-01-018-13-005","Owner":"MONTALAN, AQUINO M.","TaxDecNo":"10782"},"geometry":{"type":"Polygon","coordinates":[[[121.83617528241419,13.469170724762874],[121.83654479510675,13.469212039780736],[121.83667907449623,13.469210861298782],[121.83684097855775,13.469202609916396],[121.83685811533238,13.469082077463856],[121.83685301492642,13.468995645417106],[121.8366984682964,13.469003930878978],[121.83625930532615,13.468911888643037],[121.8362408772914,13.468919004000997],[121.83617528241419,13.469170724762874]]]}},{"type":"Feature","properties":{"Id":0,"CLN":"7878","PSGC":"174001017","Barangay":"Buliasnin","Land_Class":"AGRICULTURAL","PIN":"030-01-018-13-006","Owner":"MARIQUINA, SALVACION","TaxDecNo":"10783"},"geometry":{"type":"Polygon","coordinates":[[[121.83625930532615,13.468911888643037],[121.8366984682964,13.469003930878978],[121.83685301492642,13.468995645417106],[121.83686506865739,13.468785080641078],[121.83633391386319,13.468698013268982],[121.83630774562678,13.468784300512606],[121.83628538656349,13.4688436027597],[121.83625930532615,13.468911888643037]]]}},{"type":"Feature","properties":{"Id":0,"CLN":"7876","PSGC":"174001017","Barangay":"Buliasnin","Land_Class":"AGRICULTURAL","PIN":"030-01-018-13-004","Owner":"LACOSTA, SALOME","TaxDecNo":"10781"},"geometry":{"type":"Polygon","coordinates":[[[121.83585912546282,13.468746219079815],[121.83603538684417,13.468811841896986],[121.83611418169262,13.46887341282724],[121.8362408772914,13.468919004000997],[121.83625930532615,13.468911888643037],[121.83628538656349,13.4688436027597],[121.83587786692111,13.468674298891763],[121.83585912546282,13.468746219079815]]]}},{"type":"Feature","properties":{"Id":0,"CLN":"7871","PSGC":"174001017","Barangay":"Buliasnin","Land_Class":"AGRICULTURAL","PIN":"030-01-018-13-003","Owner":"RABI, MONCHITO M.","TaxDecNo":"10780"},"geometry":{"type":"Polygon","coordinates":[[[121.83579557855074,13.46895474500197],[121.8357562910222,13.46909137629129],[121.83588105155295,13.469156760611149],[121.83593606584337,13.469191218801907],[121.83597647002794,13.469204007199313],[121.83611418169262,13.46887341282724],[121.83603538684417,13.468811841896986],[121.83585912546282,13.468746219079815],[121.83579557855074,13.46895474500197]]]}},{"type":"Feature","properties":{"Id":0,"CLN":"7877","PSGC":"174001017","Barangay":"Buliasnin","Land_Class":"AGRICULTURAL","PIN":"030-01-018-13-007","Owner":"MADLA, JULIA","TaxDecNo":"10784"},"geometry":{"type":"Polygon","coordinates":[[[121.83573672690284,13.468572835194927],[121.83587786692111,13.468674298891763],[121.83628538656349,13.4688436027597],[121.83630774562678,13.468784300512606],[121.8362491919802,13.468721023206292],[121.83614572598553,13.468436116299166],[121.83573672690284,13.468572835194927]]]}},{"type":"Feature","properties":{"Id":0,"CLN":"7870","PSGC":"174001017","Barangay":"Buliasnin","Land_Class":"AGRICULTURAL","PIN":"030-01-018-13-002","Owner":"MATINING, FACUNDO","TaxDecNo":"10779"},"geometry":{"type":"Polygon","coordinates":[[[121.83562101526067,13.46853809573312],[121.83554276236451,13.468744753265128],[121.83554041792682,13.468849152555038],[121.83579557855074,13.468954745002002],[121.83585912546282,13.468746219079815],[121.83587786692111,13.46867429889178],[121.83573672690284,13.468572835194939],[121.83562101526067,13.46853809573312]]]}},{"type":"Feature","properties":{"Id":0,"CLN":"7872","PSGC":"174001017","Barangay":"Buliasnin","Land_Class":"AGRICULTURAL","PIN":"030-01-018-07-023","Owner":"MARQUEZ, SEVERINA","TaxDecNo":"10460"},"geometry":{"type":"Polygon","coordinates":[[[121.83609143874016,13.46940213630538],[121.83617528241419,13.469170724762874],[121.8362408772914,13.468919004000997],[121.83611418169262,13.468873412827255],[121.83597647002794,13.469204007199313],[121.83593606584337,13.46919121880194],[121.83583312002588,13.469400939644327],[121.83582416491032,13.469510820047534],[121.83579286689883,13.469595864504576],[121.83604798838266,13.469732044244612],[121.83605980860345,13.46955588045392],[121.83609143874016,13.46940213630538]]]}},{"type":"Feature","properties":{"Id":0,"CLN":"7848","PSGC":"174001017","Barangay":"Buliasnin","Land_Class":"AGRICULTURAL","PIN":"030-01-018-07-024","Owner":"VALMONTE, PRIMO MANUEL L","TaxDecNo":"10461"},"geometry":{"type":"Polygon","coordinates":[[[121.83583312002588,13.469400939644341],[121.83593606584337,13.469191218801907],[121.83588105155295,13.469156760611149],[121.8357562910222,13.46909137629129],[121.83579557855074,13.46895474500197],[121.83554041792682,13.468849152555038],[121.83541565046232,13.469165405145784],[121.8354133320806,13.469264404022622],[121.83583312002588,13.469400939644341]]]}},{"type":"Feature","properties":{"Id":0,"CLN":"7935","PSGC":"174001017","Barangay":"Buliasnin","Land_Class":"AGRICULTURAL","PIN":"030-01-018-13-025","Owner":"CONNY MARIE L. OSICOS AND ANGELICA CLEIN B. OSICOS","TaxDecNo":"31546"},"geometry":{"type":"Polygon","coordinates":[[[121.83516625741743,13.468356026234499],[121.83562320290372,13.468466098863493],[121.83561639424126,13.468352656279738],[121.83603369328539,13.468171227193091],[121.83596883703888,13.468058915867827],[121.8356476444097,13.468211042835836],[121.83546101264594,13.468261383012667],[121.83537064782911,13.46801454027014],[121.8351252045693,13.468055006707901],[121.83516625741743,13.468356026234499]]]}},{"type":"Feature","properties":{"Id":0,"CLN":"7880","PSGC":"174001017","Barangay":"Buliasnin","Land_Class":"AGRICULTURAL","PIN":"030-01-018-13-001","Owner":"MAHAGUAY, JOSEFINO","TaxDecNo":"10777"},"geometry":{"type":"Polygon","coordinates":[[[121.83491142233541,13.468310040509563],[121.8348485799434,13.468518313830963],[121.83554276236451,13.468744753265128],[121.83562101526067,13.468538095733102],[121.83562320290372,13.468466098863493],[121.83516625741743,13.468356026234499],[121.83491142233541,13.468310040509563]]]}},{"type":"Feature","properties":{"Id":0,"CLN":"8321","PSGC":"174001017","Barangay":"Buliasnin","Land_Class":"AGRICULTURAL","PIN":"030-01-018-15-042","Owner":"MONTE, ROSARIO","TaxDecNo":"10927"},"geometry":{"type":"Polygon","coordinates":[[[121.84264503824564,13.467805168220481],[121.84269658128866,13.4676979640687],[121.84277670495828,13.467606781882733],[121.84280536684396,13.467624641682374],[121.84292831078335,13.46741919773902],[121.842735375407,13.4673867470225],[121.84271520790907,13.467426787168638],[121.84267400947795,13.467412759701595],[121.84263790040006,13.467540263002585],[121.84253937093862,13.467775406972454],[121.84264503824564,13.467805168220481]]]}},{"type":"Feature","properties":{"Id":0,"CLN":"8247","PSGC":"174001017","Barangay":"Buliasnin","Land_Class":"AGRICULTURAL","PIN":"030-01-018-14-043","Owner":"IBAY, LEONILA","TaxDecNo":"10871"},"geometry":{"type":"Polygon","coordinates":[[[121.8408145640107,13.46505053619542],[121.84059964362893,13.464807843530394],[121.84021991982588,13.465155371740384],[121.84027245542494,13.465220288776553],[121.8404004952167,13.46536849414426],[121.84045393021687,13.465348938701986],[121.84064951121414,13.46522202823523],[121.8408145640107,13.46505053619542]]]}},{"type":"Feature","properties":{"Id":0,"CLN":"8254","PSGC":"174001017","Barangay":"Buliasnin","Land_Class":"AGRICULTURAL","PIN":"030-01-018-14-041","Owner":"IBAY, LEONILA","TaxDecNo":"10869"},"geometry":{"type":"Polygon","coordinates":[[[121.84023199090436,13.465220102069328],[121.84017772811713,13.465189141346041],[121.84010808025455,13.465204250276996],[121.84007065532037,13.465188647248326],[121.83999656097876,13.465219015643722],[121.83994108718906,13.465279965674116],[121.83990052724953,13.465299580430809],[121.83973249192778,13.465435618327065],[121.83979994737767,13.465560141987003],[121.83993535289488,13.46570658140205],[121.8401440003228,13.465540127763603],[121.84037645429058,13.465395385903493],[121.84023199090436,13.465220102069328]]]}},{"type":"Feature","properties":{"Id":0,"CLN":"7698","PSGC":"174001017","Barangay":"Buliasnin","Land_Class":"AGRICULTURAL","PIN":"030-01-018-01-005","Owner":"PARDITO, MARIA FE J.","TaxDecNo":"10194"},"geometry":{"type":"Polygon","coordinates":[[[121.83530602575475,13.476200919224526],[121.83552039170793,13.476254424679869],[121.8357867681762,13.475795174303544],[121.83568192269462,13.475711881737562],[121.83530602575475,13.476200919224526]]]}},{"type":"Feature","properties":{"Id":0,"CLN":"7702","PSGC":"174001017","Barangay":"Buliasnin","Land_Class":"AGRICULTURAL","PIN":"030-01-018-01-006","Owner":"PARDITO, MARIE JUSTINE J.","TaxDecNo":"10195"},"geometry":{"type":"Polygon","coordinates":[[[121.83530602575475,13.476200919224526],[121.83568192269462,13.475711881737562],[121.8357867681762,13.475795174303544],[121.83640251557176,13.475210302916889],[121.83638282664197,13.47501430344646],[121.83615096554465,13.475164704664833],[121.83521338619435,13.476154037159727],[121.83530602575475,13.476200919224526]]]}},{"type":"Feature","properties":{"Id":0,"CLN":"7703","PSGC":"174001017","Barangay":"Buliasnin","Land_Class":"AGRICULTURAL","PIN":"030-01-018-01-009","Owner":"LARGO, GREGORIO","TaxDecNo":"10198"},"geometry":{"type":"Polygon","coordinates":[[[121.83521338619435,13.476154037159727],[121.83615096554465,13.475164704664833],[121.83638282664197,13.47501430344646],[121.8361405963705,13.474748604054396],[121.83515800980246,13.476083091824417],[121.83521338619435,13.476154037159727]]]}},{"type":"Feature","properties":{"Id":0,"CLN":"7704","PSGC":"174001017","Barangay":"Buliasnin","Land_Class":"AGRICULTURAL","PIN":"030-01-018-01-008","Owner":"JORDAN, NEMESIA","TaxDecNo":"10197"},"geometry":{"type":"Polygon","coordinates":[[[121.83515800980246,13.476083091824417],[121.8361405963705,13.474748604054396],[121.83606431973637,13.474732093234936],[121.83587222502896,13.474767557140506],[121.8357538741208,13.474916464366135],[121.83502637607411,13.475991596066505],[121.83515800980246,13.476083091824417]]]}},{"type":"Feature","properties":{"Id":0,"CLN":"7701","PSGC":"174001017","Barangay":"Buliasnin","Land_Class":"AGRICULTURAL","PIN":"030-01-018-01-004","Owner":"PARDITO, JOSE JOVENTINO & PARDITO, MARIA FE","TaxDecNo":"10193"},"geometry":{"type":"Polygon","coordinates":[[[121.83640251557176,13.475210302916889],[121.8357867681762,13.475795174303544],[121.83552039170793,13.476254424679869],[121.83575920885873,13.476372672813874],[121.83664431122581,13.475386897609193],[121.83640251557176,13.475210302916889]]]}},{"type":"Feature","properties":{"Id":0,"CLN":"7700","PSGC":"174001017","Barangay":"Buliasnin","Land_Class":"AGRICULTURAL","PIN":"030-01-018-01-003","Owner":"JORDAN, NEMESIA","TaxDecNo":"10192"},"geometry":{"type":"Polygon","coordinates":[[[121.8359170940122,13.476583450560012],[121.83677176121509,13.475584967019387],[121.83664431122581,13.475386897609193],[121.83575920885873,13.476372672813874],[121.8359170940122,13.476583450560012]]]}},{"type":"Feature","properties":{"Id":0,"CLN":"7699","PSGC":"174001017","Barangay":"Buliasnin","Land_Class":"AGRICULTURAL","PIN":"030-01-018-01-002","Owner":"PARDITO, MARIA FE J.","TaxDecNo":"10191"},"geometry":{"type":"Polygon","coordinates":[[[121.8359170940122,13.476583450560012],[121.83634137732423,13.476757088901666],[121.83717870002664,13.47640549217061],[121.83688674703599,13.476084583155483],[121.83677176121509,13.475584967019387],[121.8359170940122,13.476583450560012]]]}},{"type":"Feature","properties":{"Id":0,"CLN":"7774","PSGC":"174001017","Barangay":"Buliasnin","Land_Class":"AGRICULTURAL","PIN":"030-01-015-02-043","Owner":"LOZANO, JOSEFINO","TaxDecNo":"01-29017"},"geometry":{"type":"Polygon","coordinates":[[[121.83779871721782,13.474535166973306],[121.83745176109235,13.47462526495905],[121.8375321244399,13.474869747559492],[121.83789863904049,13.474812006369872],[121.83779871721782,13.474535166973306]]]}},{"type":"Feature","properties":{"Id":0,"CLN":"7780","PSGC":"174001017","Barangay":"Buliasnin","Land_Class":"AGRICULTURAL","PIN":"030-01-018-02-008","Owner":"LOZANO, PILAR","TaxDecNo":"10229"},"geometry":{"type":"Polygon","coordinates":[[[121.83712221660846,13.474483245641514],[121.8369301026634,13.47452274964187],[121.83723759915723,13.474948304655724],[121.83734099617759,13.474904350463039],[121.83728832722197,13.474700119652256],[121.83725940692734,13.474706044801518],[121.83715465894294,13.474602556558983],[121.83712221660846,13.474483245641514]]]}},{"type":"Feature","properties":{"Id":0,"CLN":"7763","PSGC":"174001017","Barangay":"Buliasnin","Land_Class":"AGRICULTURAL","PIN":"030-01-018-02-010","Owner":"JANDA, BENEDICTO L.","TaxDecNo":"10231"},"geometry":{"type":"Polygon","coordinates":[[[121.83712221660846,13.474483245641514],[121.83771535996765,13.474304220259203],[121.8377340790817,13.474274011766749],[121.83768353205741,13.474057672789563],[121.83707380209124,13.474252778742553],[121.83712221660846,13.474483245641514]]]}},{"type":"Feature","properties":{"Id":0,"CLN":"7772","PSGC":"174001017","Barangay":"Buliasnin","Land_Class":"AGRICULTURAL","PIN":"030-01-018-02-013","Owner":"LARGO, GUMERSINDO O.","TaxDecNo":"28886"},"geometry":{"type":"Polygon","coordinates":[[[121.837130414797,13.473588675745388],[121.8371197012576,13.473797249776242],[121.83698255552619,13.473790218831752],[121.8369994329601,13.474268591817502],[121.83707380209124,13.474252778742553],[121.83768353205741,13.474057672789563],[121.8376610857148,13.474005057408847],[121.83759573231848,13.473863377836071],[121.83758392618653,13.473744162453084],[121.83761080223728,13.473734188449585],[121.8376309507443,13.473587488555616],[121.837130414797,13.473588675745388]]]}},{"type":"Feature","properties":{"Id":0,"CLN":"7778","PSGC":"174001017","Barangay":"Buliasnin","Land_Class":"AGRICULTURAL","PIN":"030-01-018-02-012","Owner":"MENDOZA, VICENTE","TaxDecNo":"10233"},"geometry":{"type":"Polygon","coordinates":[[[121.83788504143597,13.473781909790853],[121.83761080223728,13.473734188449585],[121.8375839261865,13.473744162453087],[121.83759573231848,13.473863377836071],[121.8376610857148,13.474005057408817],[121.83790885885999,13.473977928346935],[121.83788504143597,13.473781909790853]]]}},{"type":"Feature","properties":{"Id":0,"CLN":"7777","PSGC":"174001017","Barangay":"Buliasnin","Land_Class":"AGRICULTURAL","PIN":"030-01-018-02-011","Owner":"JANDA, GODOFREDO","TaxDecNo":"10232"},"geometry":{"type":"Polygon","coordinates":[[[121.83798017904053,13.474166087956348],[121.83790885885999,13.473977928346935],[121.8376610857148,13.474005057408817],[121.83768353205741,13.474057672789545],[121.83773407908167,13.474274011766749],[121.83798017904053,13.474166087956348]]]}},{"type":"Feature","properties":{"Id":0,"CLN":"7776","PSGC":"174001017","Barangay":"Buliasnin","Land_Class":"AGRICULTURAL","PIN":"030-01-018-02-039","Owner":"MENDOZA, RUFINO","TaxDecNo":"10259"},"geometry":{"type":"Polygon","coordinates":[[[121.83811194197601,13.47457955813639],[121.83798017904053,13.474166087956348],[121.8377340790817,13.474274011766749],[121.83771535996765,13.474304220259203],[121.83783509785633,13.47463596178138],[121.83811194197601,13.47457955813639]]]}},{"type":"Feature","properties":{"Id":0,"CLN":"7655","PSGC":"174001017","Barangay":"Buliasnin","Land_Class":"AGRICULTURAL","PIN":"030-01-018-02-001","Owner":"MADLA, ROBERTO M. & TAN, ELVIRA LIM","TaxDecNo":"10226"},"geometry":{"type":"Polygon","coordinates":[[[121.83893246697696,13.474828905301983],[121.83825671855267,13.475019669520696],[121.83852825845189,13.475626827521046],[121.83915080182369,13.47534291177345],[121.83958200900497,13.474936929995257],[121.83893246697696,13.474828905301983]]]}},{"type":"Feature","properties":{"Id":0,"CLN":"7781","PSGC":"174001017","Barangay":"Buliasnin","Land_Class":null,"PIN":"030-01-018-02-002"},"geometry":{"type":"Polygon","coordinates":[[[121.83958200900497,13.474936929995257],[121.84004228102734,13.47449472741869],[121.83994535873384,13.474051970959698],[121.83887703395786,13.474341907519204],[121.83893246697696,13.474828905301983],[121.83958200900497,13.474936929995257]]]}},{"type":"Feature","properties":{"Id":0,"CLN":"7984","PSGC":"174001017","Barangay":"Buliasnin","Land_Class":"AGRICULTURAL","PIN":"030-01-018-03-013","Owner":"MASCAREÑAS, JOCELYN LEYNES","TaxDecNo":"10278"},"geometry":{"type":"Polygon","coordinates":[[[121.84045686584436,13.47362026508028],[121.84052214607777,13.473840548354353],[121.8406011389559,13.47414992332771],[121.84070134261887,13.47434023531469],[121.84101356568095,13.474214436511852],[121.84140655250242,13.474030439206604],[121.84138400806253,13.473998020405704],[121.84135532133669,13.47395547489148],[121.84082395385883,13.474163069693669],[121.84067317123866,13.473762478050455],[121.84060186215576,13.473566669796188],[121.84045686584436,13.47362026508028]]]}},{"type":"Feature","properties":{"Id":0,"CLN":"7993","PSGC":"174001017","Barangay":"Buliasnin","Land_Class":"AGRICULTURAL","PIN":"030-01-018-03-012","Owner":"LIVELO, NIEVES","TaxDecNo":"10277"},"geometry":{"type":"Polygon","coordinates":[[[121.84067317123866,13.473762478050455],[121.8408239538588,13.474163069693658],[121.84135532133668,13.473955474891458],[121.84146496657539,13.473899429669094],[121.84144938133045,13.473707488548209],[121.84132557276261,13.473704897834223],[121.84125116507064,13.47372879073024],[121.84110230100794,13.473786674608053],[121.84105529454601,13.47369153297192],[121.84101842146308,13.473634811925136],[121.84089238391559,13.473666545206923],[121.8407496718147,13.473732535961906],[121.84067317123866,13.473762478050455]]]}},{"type":"Feature","properties":{"Id":0,"CLN":"7999","PSGC":"174001017","Barangay":"Buliasnin","Land_Class":"AGRICULTURAL","PIN":"030-01-018-03-021","Owner":"LAGUIO, RUFINO","TaxDecNo":"10284"},"geometry":{"type":"Polygon","coordinates":[[[121.84145821937166,13.473586348734269],[121.84148859045797,13.473707669378356],[121.84169929547544,13.473664208151733],[121.84145821937166,13.473586348734269]]]}},{"type":"Feature","properties":{"Id":0,"CLN":"7989","PSGC":"174001017","Barangay":"Buliasnin","Land_Class":"AGRICULTURAL","PIN":"030-01-018-03-023","Owner":"MANGUERA, FELIX","TaxDecNo":"10285"},"geometry":{"type":"Polygon","coordinates":[[[121.84241869624782,13.47469352009091],[121.84226612546261,13.473806178866514],[121.84203359514687,13.473667769064784],[121.84192417371122,13.473677363025946],[121.84195157736752,13.47398649986875],[121.8421414968318,13.474831600152424],[121.84220586182238,13.475179281203689],[121.84230743752846,13.475084824594814],[121.8424052454148,13.474915622537448],[121.84241869624782,13.47469352009091]]]}},{"type":"Feature","properties":{"Id":0,"CLN":"7609","PSGC":"174001017","Barangay":"Buliasnin","Land_Class":"AGRICULTURAL","PIN":"030-01-018-03-019","Owner":"MALAPOTE, ISABEL","TaxDecNo":"10283"},"geometry":{"type":"Polygon","coordinates":[[[121.84194176305867,13.475167965327591],[121.84191360109719,13.475016359760678],[121.84174832437022,13.475053971532446],[121.84181345693925,13.475242101757829],[121.84190951523279,13.47543643359224],[121.84200675970578,13.475384370357121],[121.84194176305867,13.475167965327591]]]}},{"type":"Feature","properties":{"Id":0,"CLN":"7991","PSGC":"174001017","Barangay":"Buliasnin","Land_Class":"AGRICULTURAL","PIN":"030-01-018-03-065","Owner":"MALAPOTE, AURORA J.","TaxDecNo":"10324"},"geometry":{"type":"Polygon","coordinates":[[[121.84179611445657,13.47427508453558],[121.84154241348168,13.474315840147705],[121.8415976369742,13.474633183988969],[121.84160488022388,13.474843263715098],[121.8416914951044,13.474855781204317],[121.84174832437024,13.475053971532446],[121.84191360109719,13.4750163597607],[121.84179611445657,13.47427508453558]]]}},{"type":"Feature","properties":{"Id":0,"CLN":"7605","PSGC":"174001017","Barangay":"Buliasnin","Land_Class":"AGRICULTURAL","PIN":"030-01-018-03-061","Owner":"MAGALANG, ROMULO M.","TaxDecNo":"10320"},"geometry":{"type":"Polygon","coordinates":[[[121.84173520745944,13.4750082267327],[121.84135009827428,13.475139921342697],[121.84142499440506,13.475343313710638],[121.84147798551354,13.475430250587427],[121.84184554929794,13.475307026608473],[121.84181345693928,13.475242101757846],[121.84174832437024,13.475053971532446],[121.84173520745944,13.4750082267327]]]}},{"type":"Feature","properties":{"Id":0,"CLN":"7989","PSGC":"174001017","Barangay":"Buliasnin","Land_Class":"AGRICULTURAL","PIN":"030-01-018-03-015","Owner":"MANGUERA, FELIX","TaxDecNo":"10280"},"geometry":{"type":"Polygon","coordinates":[[[121.84105036213649,13.474715485899152],[121.84099952013456,13.474559736275745],[121.84080522609592,13.474623469334588],[121.84068943810539,13.47466938749993],[121.84101773492843,13.475490890843767],[121.84142499440503,13.47534331371064],[121.84129462294223,13.474989269036374],[121.84120988686551,13.475015133917706],[121.84108731320151,13.474756049902817],[121.84105036213649,13.474715485899152]]]}},{"type":"Feature","properties":{"Id":0,"CLN":"7985","PSGC":"174001017","Barangay":"Buliasnin","Land_Class":"AGRICULTURAL","PIN":"030-01-018-03-014","Owner":"HRS. OF MANAY, NORMA","TaxDecNo":"29345"},"geometry":{"type":"Polygon","coordinates":[[[121.8408052260959,13.47462346933459],[121.84099952013456,13.474559736275745],[121.84105036213644,13.47471548589915],[121.84118878210981,13.47468380970586],[121.84143056915894,13.474614236378558],[121.84146139741813,13.474640634357653],[121.8415976369742,13.474633183988955],[121.84148719010054,13.473998496298277],[121.84146496657537,13.473899429669094],[121.84135532133669,13.47395547489148],[121.84138400806253,13.473998020405704],[121.84140655250239,13.474030439206603],[121.84101356568095,13.474214436511852],[121.84070134261887,13.47434023531469],[121.8408052260959,13.47462346933459]]]}},{"type":"Feature","properties":{"Id":0,"CLN":"7987","PSGC":"174001017","Barangay":"Buliasnin","Land_Class":"AGRICULTURAL","PIN":"030-01-018-03-001","Owner":"DIMAANDAL, CARMEN M.","TaxDecNo":"10310"},"geometry":{"type":"Polygon","coordinates":[[[121.84101773492843,13.475490890843767],[121.84068943810539,13.47466938749993],[121.84043291329336,13.474799482320268],[121.8403213011293,13.474835321204017],[121.84029095002003,13.474709961204665],[121.840241364101,13.474721850315975],[121.84038468021154,13.475386985176383],[121.84057487686542,13.47531717456245],[121.8406536754764,13.475666942138657],[121.84101773492843,13.475490890843767]]]}},{"type":"Feature","properties":{"Id":0,"CLN":"7978","PSGC":"174001017","Barangay":"Buliasnin","Land_Class":"AGRICULTURAL","PIN":"030-01-018-03-002","Owner":"MADLA, PLARIDEL M. & MADLA, LORETTA O.","TaxDecNo":"10267"},"geometry":{"type":"Polygon","coordinates":[[[121.84029095002003,13.474709961204665],[121.8403213011293,13.474835321204017],[121.84043291329336,13.474799482320268],[121.84068943810539,13.47466938749993],[121.84080522609592,13.474623469334588],[121.84070134261887,13.47434023531469],[121.8406011389559,13.47414992332771],[121.84052214607777,13.473840548354353],[121.84028213122882,13.473970719295345],[121.84017673957011,13.474000527837042],[121.84022437679744,13.474193373760702],[121.8403305779011,13.474623298120381],[121.84032421173404,13.474659622885913],[121.84029095002003,13.474709961204665]]]}},{"type":"Feature","properties":{"Id":0,"CLN":"7982","PSGC":"174001017","Barangay":"Buliasnin","Land_Class":"AGRICULTURAL","PIN":"030-01-018-03-005","Owner":"MASCAREÑAS, CARMENCITA L. & MASCAREÑAS, MARIO T.","TaxDecNo":"10270"},"geometry":{"type":"Polygon","coordinates":[[[121.84012721221401,13.474000299155513],[121.84004558457707,13.4736022472688],[121.84000937115385,13.473616016704804],[121.84008794463831,13.47401223589123],[121.84012721221401,13.474000299155513]]]}},{"type":"Feature","properties":{"Id":0,"CLN":"7981","PSGC":"174001017","Barangay":"Buliasnin","Land_Class":null,"PIN":null},"geometry":{"type":"Polygon","coordinates":[[[121.84008794463831,13.47401223589123],[121.84000937115385,13.473616016704804],[121.83997216727471,13.473627962956673],[121.8400590049959,13.4740222006362],[121.84008794463831,13.47401223589123]]]}},{"type":"Feature","properties":{"Id":0,"CLN":"7974","PSGC":"174001017","Barangay":"Buliasnin","Land_Class":"AGRICULTURAL","PIN":"030-01-018-02-046","Owner":"FATALLA, THELMA M.","TaxDecNo":"10266"},"geometry":{"type":"Polygon","coordinates":[[[121.83994535873384,13.474051970959698],[121.83999699842437,13.474042111056212],[121.83991829849596,13.473672147047422],[121.83988317771758,13.473680063554529],[121.83994535873384,13.474051970959698]]]}},{"type":"Feature","properties":{"Id":0,"CLN":"7975","PSGC":"174001017","Barangay":"Buliasnin","Land_Class":null,"PIN":null},"geometry":{"type":"Polygon","coordinates":[[[121.84004228102734,13.47449472741869],[121.84008979352427,13.474484848444536],[121.83999699842437,13.474042111056212],[121.83994535873384,13.474051970959698],[121.84004228102734,13.47449472741869]]]}},{"type":"Feature","properties":{"Id":0,"CLN":"7979","PSGC":"174001017","Barangay":"Buliasnin","Land_Class":null,"PIN":null},"geometry":{"type":"Polygon","coordinates":[[[121.84008794463831,13.47401223589123],[121.8400590049959,13.4740222006362],[121.84009718207791,13.474236462504221],[121.84013409993737,13.474225719378298],[121.84008794463831,13.47401223589123]]]}},{"type":"Feature","properties":{"Id":0,"CLN":"7976","PSGC":"174001017","Barangay":"Buliasnin","Land_Class":"AGRICULTURAL","PIN":"030-01-018-03-003","Owner":"MONTEVIRGEN, SILVESTRE","TaxDecNo":"29537"},"geometry":{"type":"Polygon","coordinates":[[[121.84009718207791,13.474236462504221],[121.8401979885887,13.474729728742073],[121.84024136410099,13.474721850315943],[121.84013409993737,13.474225719378298],[121.84009718207791,13.474236462504221]]]}},{"type":"Feature","properties":{"Id":0,"CLN":"7986","PSGC":"174001017","Barangay":"Buliasnin","Land_Class":null,"PIN":null},"geometry":{"type":"Polygon","coordinates":[[[121.84038468021154,13.475386985176383],[121.84024136410099,13.474721850315943],[121.8401979885887,13.474729728742073],[121.84034542214845,13.475396902303437],[121.84038468021154,13.475386985176383]]]}},{"type":"Feature","properties":{"Id":0,"CLN":"7980","PSGC":"174001017","Barangay":"Buliasnin","Land_Class":"AGRICULTURAL","PIN":"030-01-018-03-004","Owner":"MANAY, NORMA","TaxDecNo":"10269"},"geometry":{"type":"Polygon","coordinates":[[[121.84013409993737,13.474225719378298],[121.84022437679744,13.474193373760667],[121.84017673957011,13.474000527837044],[121.84012721221401,13.474000299155513],[121.84008794463831,13.47401223589123],[121.84013409993737,13.474225719378298]]]}},{"type":"Feature","properties":{"Id":0,"CLN":"7976","PSGC":"174001017","Barangay":"Buliasnin","Land_Class":"AGRICULTURAL","PIN":"030-01-018-03-003","Owner":"MONTEVIRGEN, SILVESTRE","TaxDecNo":"29537"},"geometry":{"type":"Polygon","coordinates":[[[121.84024136410099,13.474721850315943],[121.84029095002003,13.474709961204645],[121.84032421173404,13.474659622885913],[121.84033057790107,13.474623298120365],[121.84022437679744,13.474193373760667],[121.84013409993737,13.474225719378298],[121.84024136410099,13.474721850315943]]]}},{"type":"Feature","properties":{"Id":0,"CLN":"7775","PSGC":"174001017","Barangay":"Buliasnin","Land_Class":"AGRICULTURAL","PIN":"030-01-018-02-006","Owner":"LOZANO, JOSEFINO","TaxDecNo":"10228"},"geometry":{"type":"Polygon","coordinates":[[[121.83789863904049,13.474812006369872],[121.83748765164076,13.474876753823628],[121.83763221308826,13.475110284477934],[121.83796416332109,13.475032722838707],[121.83789863904049,13.474812006369872]]]}},{"type":"Feature","properties":{"Id":0,"CLN":"7990","PSGC":"174001017","Barangay":"Buliasnin","Land_Class":"AGRICULTURAL","PIN":"030-01-018-03-022","Owner":"OLAVIDEZ, MONCHITO O.","TaxDecNo":"10325"},"geometry":{"type":"Polygon","coordinates":[[[121.84220586182238,13.47517928120371],[121.8421414968318,13.474831600152427],[121.84195157736755,13.473986499868772],[121.84192417371122,13.47367736302594],[121.84169929547544,13.473664208151733],[121.84191360109719,13.475016359760678],[121.84194176305867,13.475167965327605],[121.84200675970581,13.475384370357121],[121.84220586182238,13.47517928120371]]]}},{"type":"Feature","properties":{"Id":0,"CLN":"7715","PSGC":"174001017","Barangay":"Buliasnin","Land_Class":"AGRICULTURAL","PIN":"030-01-018-01-019","Owner":"MANSIA, LETICIA","TaxDecNo":"10207"},"geometry":{"type":"Polygon","coordinates":[[[121.83422074589093,13.473137000381163],[121.8344697831741,13.473063114729573],[121.83429076221127,13.472800653906233],[121.83433042043093,13.472742021839732],[121.83433704991052,13.47265687068129],[121.83429428862082,13.472500505413338],[121.8342526465904,13.472540875003897],[121.83427083528653,13.47263628202734],[121.83405013221224,13.472850240729727],[121.83413685347352,13.47291554371131],[121.83402398726102,13.473113777674557],[121.83422074589093,13.473137000381163]]]}},{"type":"Feature","properties":{"Id":0,"CLN":"7710","PSGC":"174001017","Barangay":"Buliasnin","Land_Class":"AGRICULTURAL","PIN":"030-01-018-01-018","Owner":"OSMILLO, AMPARO & MAAÑO, MAGDALENA","TaxDecNo":"10206"},"geometry":{"type":"Polygon","coordinates":[[[121.83429428862082,13.472500505413338],[121.83433704991052,13.47265687068129],[121.83433042043093,13.472742021839732],[121.83429076221127,13.472800653906233],[121.8344697831741,13.473063114729573],[121.83461299649561,13.473017131897544],[121.83445268484691,13.472742589123976],[121.83471647314565,13.472618068096427],[121.83467376071793,13.472451562394923],[121.83457306394571,13.472276675144357],[121.83429428862082,13.472500505413338]]]}},{"type":"Feature","properties":{"Id":0,"CLN":"7714","PSGC":"174001017","Barangay":"Buliasnin","Land_Class":"AGRICULTURAL","PIN":"030-01-018-01-020","Owner":"MANSIA, LETICIA","TaxDecNo":"10208"},"geometry":{"type":"Polygon","coordinates":[[[121.83398544088084,13.472515297257274],[121.83418562727493,13.472258652421463],[121.83403275070886,13.472160592194838],[121.83399570530639,13.47210768860122],[121.83396222463568,13.472174461854816],[121.83382093481468,13.472324745328885],[121.83366862843344,13.47246312310355],[121.8337861288765,13.472591441442674],[121.83393803406388,13.472462345562118],[121.83398544088084,13.472515297257274]]]}},{"type":"Feature","properties":{"Id":0,"CLN":"7712","PSGC":"174001017","Barangay":"Buliasnin","Land_Class":"AGRICULTURAL","PIN":"030-01-018-07-029","Owner":"LOZANO, RUSSEL P. & LOZANO, LAILA P.","TaxDecNo":"01-30558"},"geometry":{"type":"Polygon","coordinates":[[[121.83515194387242,13.472079010253616],[121.83519693935796,13.47205725228005],[121.8352703618306,13.472118036714063],[121.83546985812453,13.472121258683371],[121.83557648844905,13.471913285611345],[121.83559809070591,13.471814607829856],[121.83563831447259,13.471748176595332],[121.83571603691816,13.471693404934923],[121.83613268927239,13.471982128479176],[121.83628934336481,13.471804537026367],[121.83629701573071,13.471791651033326],[121.83652916637025,13.471496177068792],[121.83658799109764,13.471413105588992],[121.83651804300665,13.471339128940087],[121.83659177221685,13.471245466211556],[121.83623900106126,13.470914379645558],[121.8361054867283,13.471054605875986],[121.83602928998387,13.471192082545853],[121.83595030409555,13.471301675960532],[121.8355034568215,13.470998677214101],[121.83549162110502,13.471019296802789],[121.83515471214854,13.470794910484644],[121.8349774297632,13.471263979588901],[121.83489499328773,13.47159541514408],[121.83488529331176,13.471659690642563],[121.83489448168235,13.47170108213463],[121.83484459109927,13.47182489740358],[121.83474928673816,13.47180591784026],[121.83474693188613,13.471460902515956],[121.83446368609347,13.471326997659732],[121.83430668444191,13.471652799986135],[121.83427365586137,13.47162628090397],[121.83421092777117,13.471741593880063],[121.83413589373191,13.471830483896696],[121.83410862995586,13.471897286026865],[121.83403351721275,13.472002400766783],[121.83399570530639,13.47210768860122],[121.83403275070886,13.472160592194838],[121.83418562727493,13.472258652421463],[121.83398544088084,13.472515297257274],[121.83412354638072,13.472668048778061],[121.83425264659043,13.472540875003935],[121.83429428862082,13.472500505413374],[121.83457306394574,13.472276675144357],[121.83475008772545,13.472179226737705],[121.83491542173583,13.472117970217006],[121.83515194387242,13.472079010253616]],[[121.83527136965672,13.471424873259526],[121.83538508844406,13.47120717017592],[121.83585092417923,13.471466611077286],[121.8357256477657,13.47164750626001],[121.83527136965672,13.471424873259526]]]}},{"type":"Feature","properties":{"Id":0,"CLN":"7716","PSGC":"174001017","Barangay":"Buliasnin","Land_Class":"AGRICULTURAL","PIN":"030-01-018-01-022","Owner":"LEONIDA, GAUDENCIO","TaxDecNo":"10209"},"geometry":{"type":"Polygon","coordinates":[[[121.83328478551819,13.472558691513436],[121.83351825684208,13.47227583602022],[121.83355748257317,13.472306440255352],[121.83369293728437,13.472150902308712],[121.83360032400844,13.472018643206674],[121.83343697708773,13.472180586711147],[121.83347820624363,13.47222539724286],[121.8332186792101,13.47251579355116],[121.83328478551819,13.472558691513436]]]}},{"type":"Feature","properties":{"Id":0,"CLN":"7717","PSGC":"174001017","Barangay":"Buliasnin","Land_Class":"AGRICULTURAL","PIN":"030-01-018-08-033","Owner":"MANGUERA, MIGUEL","TaxDecNo":"10502"},"geometry":{"type":"Polygon","coordinates":[[[121.83308317481134,13.47268147166826],[121.8332186792101,13.47251579355118],[121.83347820624363,13.472225397242886],[121.83343697708777,13.47218058671113],[121.83360032400844,13.47201864320669],[121.83370652099424,13.471913672915129],[121.83376474115339,13.471873380368661],[121.83381640048138,13.471904042278636],[121.83386634136887,13.471861683135149],[121.83403351721275,13.472002400766783],[121.83410862995586,13.471897286026865],[121.83413589373191,13.471830483896696],[121.83380064862637,13.47154341080617],[121.83368190029029,13.47167266057758],[121.83359452095118,13.471743239842725],[121.83330539394763,13.471964992799466],[121.83330304635128,13.472021769828178],[121.83285517670014,13.47250035875028],[121.83308317481134,13.47268147166826]]]}},{"type":"Feature","properties":{"Id":0,"CLN":"7718","PSGC":"174001017","Barangay":"Buliasnin","Land_Class":"AGRICULTURAL","PIN":"030-01-018-08-032","Owner":"MANRIQUE, CECILIO","TaxDecNo":"10501"},"geometry":{"type":"Polygon","coordinates":[[[121.83330539394763,13.471964992799466],[121.83359452095118,13.471743239842725],[121.83368190029029,13.471672660577548],[121.83380064862637,13.471543410806134],[121.83362079388239,13.471453337705398],[121.83345860653785,13.471566160573785],[121.83314849143382,13.471842575694525],[121.83265296941453,13.472318914792375],[121.83285517670011,13.47250035875025],[121.83330304635128,13.472021769828165],[121.83330539394763,13.471964992799466]]]}},{"type":"Feature","properties":{"Id":0,"CLN":"7727","PSGC":"174001017","Barangay":"Buliasnin","Land_Class":"AGRICULTURAL","PIN":"030-01-018-08-029","Owner":"OLIVAR, NATIVIDAD","TaxDecNo":"10498"},"geometry":{"type":"Polygon","coordinates":[[[121.8320348176953,13.47228214341961],[121.83246579552937,13.47254855602175],[121.8326140902248,13.47235694746018],[121.83232078989325,13.472062330410969],[121.8320348176953,13.47228214341961]]]}},{"type":"Feature","properties":{"Id":0,"CLN":"7735","PSGC":"174001017","Barangay":"Buliasnin","Land_Class":"AGRICULTURAL","PIN":"030-01-018-08-020","Owner":"JARDINIANO, BERNARDO & JARDINIANO, APOLONIA","TaxDecNo":"10490"},"geometry":{"type":"Polygon","coordinates":[[[121.83096989060022,13.47308484018699],[121.8310462807487,13.472527532608462],[121.83100689379567,13.472545978165847],[121.83064894151141,13.472415112337343],[121.83039651068026,13.47280814725541],[121.83096989060022,13.47308484018699]]]}},{"type":"Feature","properties":{"Id":0,"CLN":"7726","PSGC":"174001017","Barangay":"Buliasnin","Land_Class":"AGRICULTURAL","PIN":"030-01-018-08-031","Owner":"ANDRES, BRENT IVAN M & ANDRES, PATRICIA BIANCA M & ANDRES, MARK LAWRENCE M","TaxDecNo":"10500"},"geometry":{"type":"Polygon","coordinates":[[[121.83232078989325,13.472062330410969],[121.8326140902248,13.47235694746018],[121.83265296941453,13.472318914792375],[121.83314849143382,13.471842575694525],[121.83304099854861,13.471690095271777],[121.83246790938462,13.472112891372669],[121.83237266674321,13.47200067569989],[121.83232078989325,13.472062330410969]]]}},{"type":"Feature","properties":{"Id":0,"CLN":"8327","PSGC":"174001017","Barangay":"Buliasnin","Land_Class":"AGRICULTURAL","PIN":"030-01-018-08-030","Owner":"OSMILLO, DOMINADOR & OSMILLO, SONIA L.","TaxDecNo":"10499"},"geometry":{"type":"Polygon","coordinates":[[[121.83237266674321,13.47200067569989],[121.83246790938462,13.472112891372669],[121.83304099854861,13.471690095271777],[121.83295300143308,13.471603152540172],[121.83280504561036,13.471725055017364],[121.83252055297449,13.471893195514562],[121.83237266674321,13.47200067569989]]]}},{"type":"Feature","properties":{"Id":0,"CLN":"7728","PSGC":"174001017","Barangay":"Buliasnin","Land_Class":"AGRICULTURAL","PIN":"030-01-018-08-028","Owner":"LARGO, DESIDERIO O.","TaxDecNo":"01-29097"},"geometry":{"type":"Polygon","coordinates":[[[121.83203481769533,13.47228214341961],[121.83232078989325,13.472062330410969],[121.83237266674321,13.47200067569989],[121.83252055297449,13.471893195514562],[121.83280504561036,13.471725055017348],[121.83295300143308,13.471603152540172],[121.8328686709237,13.471519832397737],[121.83315372231947,13.471236315390453],[121.8331651240359,13.471164256683595],[121.8332133659774,13.47109236906334],[121.8331213877716,13.471066702820956],[121.83303620066793,13.471160052322425],[121.83288440377196,13.471314387277273],[121.83279174350467,13.471429335459154],[121.83272888767432,13.4714759160089],[121.83254395159548,13.471626491172126],[121.83215965757866,13.471862673523777],[121.83218153431204,13.471909647776396],[121.83191269311187,13.472142159818512],[121.83203481769533,13.47228214341961]]]}},{"type":"Feature","properties":{"Id":0,"CLN":"7729","PSGC":"174001017","Barangay":"Buliasnin","Land_Class":"AGRICULTURAL","PIN":"030-01-018-08-027","Owner":"MANRIQUE, BUTCH L.","TaxDecNo":"10497"},"geometry":{"type":"Polygon","coordinates":[[[121.83191269311187,13.472142159818512],[121.83218153431204,13.471909647776396],[121.83215965757866,13.471862673523777],[121.83254395159548,13.471626491172126],[121.83272888767432,13.4714759160089],[121.83262645197868,13.471327611194956],[121.83255998208632,13.471359752580975],[121.83241572776622,13.471478066445002],[121.83229375244109,13.471560427944933],[121.8321310427233,13.471685867009361],[121.83204959155505,13.471768416747352],[121.83193868556526,13.471847223930233],[121.83180542150002,13.471978208024456],[121.83191269311187,13.472142159818512]]]}},{"type":"Feature","properties":{"Id":0,"CLN":"7733","PSGC":"174001017","Barangay":"Buliasnin","Land_Class":"AGRICULTURAL","PIN":"030-01-018-08-026","Owner":"MANRIQUE, BENJAMIN","TaxDecNo":"10496"},"geometry":{"type":"Polygon","coordinates":[[[121.83193868556523,13.471847223930217],[121.83204959155502,13.47176841674733],[121.8321310427233,13.471685867009345],[121.83176803900255,13.47133083236818],[121.8316122946288,13.471539231842172],[121.83193868556523,13.471847223930217]]]}},{"type":"Feature","properties":{"Id":0,"CLN":"7732","PSGC":"174001017","Barangay":"Buliasnin","Land_Class":"AGRICULTURAL","PIN":"030-01-018-08-025","Owner":"MARMOL, EDILBERTO & MARMOL, JOSE","TaxDecNo":"10495"},"geometry":{"type":"Polygon","coordinates":[[[121.8321310427233,13.471685867009345],[121.83229375244109,13.471560427944933],[121.83194190570592,13.471183811912427],[121.8318679102187,13.471248368357486],[121.83176803900255,13.47133083236818],[121.8321310427233,13.471685867009345]]]}},{"type":"Feature","properties":{"Id":0,"CLN":"7731","PSGC":"174001017","Barangay":"Buliasnin","Land_Class":"AGRICULTURAL","PIN":"030-01-018-08-053","Owner":"MARIPOSQUE, ANDREA","TaxDecNo":"10521"},"geometry":{"type":"Polygon","coordinates":[[[121.83194190570595,13.47118381191246],[121.83229375244109,13.471560427944933],[121.83241572776622,13.471478066445002],[121.83207147645584,13.471054613320742],[121.83195311293953,13.471172636877373],[121.83194190570595,13.47118381191246]]]}},{"type":"Feature","properties":{"Id":0,"CLN":"7730","PSGC":"174001017","Barangay":"Buliasnin","Land_Class":"AGRICULTURAL","PIN":"030-01-018-08-052","Owner":"MARIPOSQUE, ANDREA","TaxDecNo":"10520"},"geometry":{"type":"Polygon","coordinates":[[[121.83207147645584,13.471054613320742],[121.83241572776622,13.471478066444964],[121.83255998208632,13.471359752580957],[121.83238793494402,13.471131801407187],[121.83255066163368,13.471002756628561],[121.83244815626166,13.470868873765667],[121.83232651366222,13.470882730796784],[121.8322230812005,13.470939939390147],[121.83207147645584,13.471054613320742]]]}},{"type":"Feature","properties":{"Id":0,"CLN":"7719","PSGC":"174001017","Barangay":"Buliasnin","Land_Class":"AGRICULTURAL","PIN":"030-01-018-08-034","Owner":"JORDAN, GUILLERMO & MENORCA, CORAZON","TaxDecNo":"10503"},"geometry":{"type":"Polygon","coordinates":[[[121.83362079388239,13.471453337705398],[121.83380064862637,13.471543410806134],[121.83413589373188,13.471830483896662],[121.83421092777117,13.471741593880063],[121.83427365586137,13.471626280903939],[121.83381337263646,13.471196111110059],[121.83365045419087,13.471364817275154],[121.83362079388239,13.471453337705398]]]}},{"type":"Feature","properties":{"Id":0,"CLN":"7722","PSGC":"174001017","Barangay":"Buliasnin","Land_Class":"AGRICULTURAL","PIN":"030-01-018-08-035","Owner":"MONTENEGRO, PRESENTACION","TaxDecNo":"10504"},"geometry":{"type":"Polygon","coordinates":[[[121.83381337263646,13.471196111110059],[121.83427365586137,13.471626280903939],[121.83430668444191,13.471652799986135],[121.83446368609344,13.471326997659714],[121.83455170346721,13.471124591833073],[121.83437762240642,13.471076139643557],[121.83431068123224,13.471205630106201],[121.83394334428289,13.470983984907047],[121.83387291107378,13.471073797609277],[121.83381337263646,13.471196111110059]]]}},{"type":"Feature","properties":{"Id":0,"CLN":"7723","PSGC":"174001017","Barangay":"Buliasnin","Land_Class":"AGRICULTURAL","PIN":"030-01-018-08-036","Owner":"LOZANO, ANGELITO & LOZANO, ANECIA M.","TaxDecNo":"10505"},"geometry":{"type":"Polygon","coordinates":[[[121.83394334428289,13.470983984907047],[121.83431068123224,13.471205630106201],[121.83437762240642,13.471076139643557],[121.8343925680661,13.471032941968247],[121.83403616106274,13.470836586710698],[121.83394334428289,13.470983984907047]]]}},{"type":"Feature","properties":{"Id":0,"CLN":"7724","PSGC":"174001017","Barangay":"Buliasnin","Land_Class":"AGRICULTURAL","PIN":"030-01-018-08-037","Owner":"MORALES, MICHAEL ANGELO O","TaxDecNo":"10506"},"geometry":{"type":"Polygon","coordinates":[[[121.8343925680661,13.471032941968247],[121.83448636245846,13.4706836353847],[121.83433945576485,13.470589208677676],[121.83421814518134,13.470534562082634],[121.83409692199211,13.470461887917338],[121.83405280115205,13.470443655260318],[121.83397835223052,13.470601955473525],[121.83389283367588,13.470763809863366],[121.83403616106274,13.470836586710698],[121.8343925680661,13.471032941968247]]]}},{"type":"Feature","properties":{"Id":0,"CLN":"7760","PSGC":"174001017","Barangay":"Buliasnin","Land_Class":"AGRICULTURAL","PIN":"030-01-018-08-039","Owner":"MARQUEZ, VICENTE","TaxDecNo":"10508"},"geometry":{"type":"Polygon","coordinates":[[[121.83433945576485,13.470589208677676],[121.83452559474934,13.470189852263783],[121.83453692614404,13.470132215466752],[121.83443035176697,13.470077637338388],[121.83421814518134,13.470534562082634],[121.83433945576485,13.470589208677676]]]}},{"type":"Feature","properties":{"Id":0,"CLN":"7769","PSGC":"174001017","Barangay":"Buliasnin","Land_Class":"AGRICULTURAL","PIN":"030-01-018-08-040","Owner":"JANDA, GENARO","TaxDecNo":"10509"},"geometry":{"type":"Polygon","coordinates":[[[121.83409692199211,13.470461887917338],[121.83421814518134,13.470534562082634],[121.83443035176697,13.470077637338388],[121.8343090588704,13.470019385300771],[121.83417912305461,13.470224300770829],[121.83409692199211,13.470461887917338]]]}},{"type":"Feature","properties":{"Id":0,"CLN":"7761","PSGC":"174001017","Barangay":"Buliasnin","Land_Class":"AGRICULTURAL","PIN":"030-01-018-08-041","Owner":"MARQUEZ, MARCELA","TaxDecNo":"10510"},"geometry":{"type":"Polygon","coordinates":[[[121.83453692614404,13.470132215466752],[121.83459265769713,13.470035123173767],[121.83460395414797,13.469984697379068],[121.83417025418731,13.469773561565336],[121.83409969918674,13.469888612898778],[121.8343090588704,13.470019385300771],[121.83443035176697,13.470077637338388],[121.83453692614404,13.470132215466752]]]}},{"type":"Feature","properties":{"Id":0,"CLN":"7725","PSGC":"174001017","Barangay":"Buliasnin","Land_Class":"AGRICULTURAL","PIN":"030-01-018-08-081","Owner":"MAZON, CIRILA","TaxDecNo":"10545"},"geometry":{"type":"Polygon","coordinates":[[[121.83334430876631,13.470661853776404],[121.83348081477142,13.470635792955866],[121.83387291107378,13.471073797609293],[121.83394334428289,13.470983984907047],[121.83403616106274,13.470836586710714],[121.83389283367588,13.470763809863366],[121.83397835223052,13.470601955473558],[121.83309234997095,13.470068853144397],[121.8330005610652,13.47019417155667],[121.83314878997483,13.470395645881817],[121.83334430876631,13.470661853776404]]]}},{"type":"Feature","properties":{"Id":0,"CLN":"7758","PSGC":"174001017","Barangay":"Buliasnin","Land_Class":"AGRICULTURAL","PIN":"030-01-018-08-045","Owner":"JANDA, DARIA M.","TaxDecNo":"10514"},"geometry":{"type":"Polygon","coordinates":[[[121.83319242779137,13.469943573181359],[121.83350215501724,13.470174191181096],[121.83386193150331,13.470340140621273],[121.8339811310257,13.47011759829694],[121.83397710442642,13.470093241917771],[121.83366503917306,13.469917373428176],[121.83341104659641,13.469731633503818],[121.83319242779137,13.469943573181359]]]}},{"type":"Feature","properties":{"Id":0,"CLN":"7746","PSGC":"174001017","Barangay":"Buliasnin","Land_Class":"AGRICULTURAL","PIN":"030-01-018-08-058","Owner":"LABRADOR, RODEL L. & SANTIAGO, CITADEL L.","TaxDecNo":"10526"},"geometry":{"type":"Polygon","coordinates":[[[121.83274747371215,13.469821846274966],[121.83240865750827,13.46960731738363],[121.83220206805592,13.469902465779104],[121.83241063744308,13.47005351741353],[121.83253032641065,13.470157508709816],[121.83258250660927,13.470080681826833],[121.83274747371215,13.469821846274966]]]}},{"type":"Feature","properties":{"Id":0,"CLN":"7747","PSGC":"174001017","Barangay":"Buliasnin","Land_Class":"AGRICULTURAL","PIN":"030-01-018-08-047","Owner":"LEAL, GUADALUPE","TaxDecNo":"10515"},"geometry":{"type":"Polygon","coordinates":[[[121.8326712692383,13.470152079126475],[121.83253747419748,13.470392806178419],[121.83253527404263,13.470419161777173],[121.83264032954469,13.470549450863693],[121.83267757116656,13.470561792729967],[121.83276321247048,13.470422248922045],[121.83277576404845,13.470397969547452],[121.83284239101133,13.47033337856355],[121.83300730610081,13.470512620933428],[121.83314878997481,13.470395645881819],[121.8330005610652,13.47019417155667],[121.8329717855189,13.470145362535101],[121.83281712376022,13.469988477331443],[121.8326712692383,13.470152079126475]]]}},{"type":"Feature","properties":{"Id":0,"CLN":"7750","PSGC":"174001017","Barangay":"Buliasnin","Land_Class":"AGRICULTURAL","PIN":"030-01-018-08-050","Owner":"LEAL, GUADALUPE","TaxDecNo":"10518"},"geometry":{"type":"Polygon","coordinates":[[[121.83314878997481,13.470395645881819],[121.83300730610081,13.470512620933428],[121.83284239101133,13.47033337856355],[121.83277576404845,13.470397969547417],[121.83276321247048,13.470422248922045],[121.83267757116656,13.470561792729967],[121.83279281104849,13.470728635602697],[121.83287392424944,13.47066816819507],[121.83316663141517,13.470989973901263],[121.83325834191771,13.470880880212587],[121.83321924427325,13.470823910716462],[121.83336701385089,13.47069276775614],[121.83314878997481,13.470395645881819]]]}},{"type":"Feature","properties":{"Id":0,"CLN":"7749","PSGC":"174001017","Barangay":"Buliasnin","Land_Class":"AGRICULTURAL","PIN":"030-01-018-08-049","Owner":"MARQUEZ, SEVERINA","TaxDecNo":"10517"},"geometry":{"type":"Polygon","coordinates":[[[121.83303620066793,13.471160052322439],[121.8331213877716,13.471066702820938],[121.83321336597739,13.471092369063342],[121.83332201175926,13.470998808022484],[121.83338428778069,13.470976787648114],[121.83325834191771,13.470880880212587],[121.83316663141517,13.470989973901263],[121.83287392424944,13.47066816819507],[121.83279281104849,13.470728635602697],[121.83271997701138,13.470791169584778],[121.83294846360438,13.471108620883538],[121.83303620066793,13.471160052322439]]]}},{"type":"Feature","properties":{"Id":0,"CLN":"7750","PSGC":"174001017","Barangay":"Buliasnin","Land_Class":"AGRICULTURAL","PIN":"030-01-018-08-050","Owner":"LEAL, GUADALUPE","TaxDecNo":"10518"},"geometry":{"type":"Polygon","coordinates":[[[121.83271997701138,13.470791169584778],[121.83279281104849,13.470728635602697],[121.83267757116656,13.470561792729967],[121.83264032954469,13.470549450863672],[121.8326273254097,13.470667022574023],[121.83271997701138,13.470791169584778]]]}},{"type":"Feature","properties":{"Id":0,"CLN":"7748","PSGC":"174001017","Barangay":"Buliasnin","Land_Class":"AGRICULTURAL","PIN":"030-01-018-08-051","Owner":"HISTORILLO, VIVIAN L.","TaxDecNo":"29639"},"geometry":{"type":"Polygon","coordinates":[[[121.8322230812005,13.470939939390167],[121.83232651366222,13.470882730796784],[121.83244815626169,13.470868873765685],[121.83255066163368,13.471002756628561],[121.83238793494402,13.47113180140719],[121.83255998208632,13.471359752580975],[121.83262645197868,13.471327611194956],[121.83272888767432,13.4714759160089],[121.83279174350467,13.471429335459154],[121.83288440377196,13.471314387277273],[121.83303620066793,13.471160052322425],[121.83294846360438,13.471108620883555],[121.83271997701141,13.470791169584812],[121.8326273254097,13.470667022574023],[121.83264032954469,13.470549450863693],[121.83253527404263,13.470419161777173],[121.83253747419748,13.470392806178419],[121.8326712692383,13.470152079126475],[121.83258250660927,13.470080681826833],[121.83253032641065,13.470157508709816],[121.83249673744344,13.470246590805585],[121.83244239637105,13.470341660884447],[121.83235949628767,13.470343303789813],[121.83223508219956,13.47035895070878],[121.8322408954951,13.470442131464267],[121.83245226570105,13.470443113748932],[121.83244590134325,13.470473506275848],[121.83244774730052,13.470520162074992],[121.83247830970232,13.47062779551536],[121.83250687857858,13.470719194569444],[121.83211893304272,13.470806629764912],[121.8322230812005,13.470939939390167]]]}},{"type":"Feature","properties":{"Id":0,"CLN":"7742","PSGC":"174001017","Barangay":"Buliasnin","Land_Class":"AGRICULTURAL","PIN":"030-01-018-08-055","Owner":"MARQUEZ, SEVERINA","TaxDecNo":"10523"},"geometry":{"type":"Polygon","coordinates":[[[121.83211893304272,13.470806629764912],[121.83250687857858,13.470719194569444],[121.83247830970232,13.47062779551536],[121.83203233121365,13.470716989054473],[121.83211893304272,13.470806629764912]]]}},{"type":"Feature","properties":{"Id":0,"CLN":"7744","PSGC":"174001017","Barangay":"Buliasnin","Land_Class":"AGRICULTURAL","PIN":"030-01-018-08-057","Owner":"NOBLEZA, FERMIN","TaxDecNo":"10525"},"geometry":{"type":"Polygon","coordinates":[[[121.8320842941454,13.469830933485158],[121.83190425950777,13.470205302465512],[121.83178936996912,13.470393385316676],[121.83162071969917,13.470556880434536],[121.83160403333105,13.47057911237432],[121.83154370153902,13.470627507157703],[121.83166931176113,13.470792370575133],[121.83181074717444,13.470685536815324],[121.83201468485544,13.470510036768285],[121.83205207406849,13.470491957313584],[121.83214963746293,13.470457932431755],[121.8322408954951,13.470442131464226],[121.83223508219956,13.470358950708745],[121.83235949628767,13.470343303789798],[121.83244239637105,13.470341660884447],[121.83249673744344,13.470246590805585],[121.83253032641065,13.470157508709782],[121.83241063744308,13.47005351741353],[121.83220206805592,13.469902465779086],[121.8320842941454,13.469830933485158]]]}},{"type":"Feature","properties":{"Id":0,"CLN":"7743","PSGC":"174001017","Barangay":"Buliasnin","Land_Class":"AGRICULTURAL","PIN":"030-01-018-08-056","Owner":"MARTE, CRESILDA NOVENARIO","TaxDecNo":"10524"},"geometry":{"type":"Polygon","coordinates":[[[121.83181074717444,13.470685536815342],[121.8318684160257,13.47075881796359],[121.8320619333909,13.470595438273385],[121.83214703375555,13.470567439882121],[121.83244774730052,13.470520162074992],[121.83244590134325,13.470473506275848],[121.83245226570105,13.470443113748932],[121.8322408954951,13.470442131464267],[121.83214963746296,13.47045793243177],[121.83205207406849,13.470491957313598],[121.83201468485541,13.470510036768303],[121.83181074717444,13.470685536815342]]]}},{"type":"Feature","properties":{"Id":0,"CLN":"7741","PSGC":"174001017","Barangay":"Buliasnin","Land_Class":"AGRICULTURAL","PIN":"030-01-018-08-054","Owner":"STA. ANA, FIDELA J.","TaxDecNo":"32368"},"geometry":{"type":"Polygon","coordinates":[[[121.83244774730049,13.47052016207499],[121.83214703375553,13.4705674398821],[121.8320619333909,13.470595438273385],[121.8318684160257,13.47075881796359],[121.83181074717444,13.470685536815324],[121.83166931176113,13.470792370575133],[121.83195311293953,13.471172636877354],[121.83207147645584,13.471054613320742],[121.8322230812005,13.470939939390147],[121.8321189330427,13.47080662976491],[121.83203233121365,13.470716989054473],[121.8324783097023,13.470627795515348],[121.83244774730049,13.47052016207499]]]}},{"type":"Feature","properties":{"Id":0,"CLN":"7740","PSGC":"174001017","Barangay":"Buliasnin","Land_Class":"AGRICULTURAL","PIN":"030-01-018-08-049","Owner":"MARQUEZ, SEVERINA","TaxDecNo":"10517"},"geometry":{"type":"Polygon","coordinates":[[[121.83175277791005,13.471101035891264],[121.8318679102187,13.471248368357486],[121.83194190570592,13.471183811912427],[121.83195311293953,13.471172636877354],[121.83166931176113,13.470792370575133],[121.83154370153902,13.470627507157703],[121.8314251298379,13.470720250125394],[121.83175277791005,13.471101035891264]]]}},{"type":"Feature","properties":{"Id":0,"CLN":"7739","PSGC":"174001017","Barangay":"Buliasnin","Land_Class":"AGRICULTURAL","PIN":"030-01-018-08-023","Owner":"MUHI, REYNALDO J. & MUHI, AMORFINA LEGASPI","TaxDecNo":"10493"},"geometry":{"type":"Polygon","coordinates":[[[121.83175277791005,13.471101035891264],[121.83136149864957,13.471448056165288],[121.8315285839903,13.471607028167286],[121.8316122946288,13.471539231842172],[121.83176803900255,13.47133083236818],[121.8318679102187,13.471248368357486],[121.83175277791005,13.471101035891264]]]}},{"type":"Feature","properties":{"Id":0,"CLN":"7738","PSGC":"174001017","Barangay":"Buliasnin","Land_Class":"AGRICULTURAL","PIN":"030-01-018-08-022","Owner":"PARDITO, MARIA FE","TaxDecNo":"10492"},"geometry":{"type":"Polygon","coordinates":[[[121.8314251298379,13.470720250125394],[121.83094111137187,13.470961375181941],[121.83136149864957,13.471448056165288],[121.83175277791005,13.471101035891264],[121.8314251298379,13.470720250125394]]]}},{"type":"Feature","properties":{"Id":0,"CLN":"7736","PSGC":"174001017","Barangay":"Buliasnin","Land_Class":"AGRICULTURAL","PIN":"030-01-018-08-073","Owner":"MILLAN, ALMA LEONIDA","TaxDecNo":"10539"},"geometry":{"type":"Polygon","coordinates":[[[121.83040061746219,13.472801753007447],[121.83003454224064,13.472688694169621],[121.82988642021103,13.47287534713037],[121.82986543115734,13.472930009093155],[121.82979219131563,13.473075693871358],[121.83087018280354,13.473423468521348],[121.83092004583348,13.473233638860336],[121.83096989060022,13.47308484018699],[121.83039651068026,13.47280814725541],[121.83040061746219,13.472801753007447]]]}},{"type":"Feature","properties":{"Id":0,"CLN":"7681","PSGC":"174001017","Barangay":"Buliasnin","Land_Class":"AGRICULTURAL","PIN":"030-01-018-08-018","Owner":"MARQUEZ, GILBERT","TaxDecNo":"32457"},"geometry":{"type":"Polygon","coordinates":[[[121.82975027216366,13.471907930379738],[121.82952345511168,13.472086738762613],[121.82929853510515,13.472314870328393],[121.82946773125424,13.472465740917919],[121.82940513883815,13.472552659195618],[121.82952484726677,13.472652595715639],[121.82969427066385,13.472756820064431],[121.82988642021103,13.47287534713037],[121.8303522437713,13.472288347687625],[121.82975027216366,13.471907930379738]]]}},{"type":"Feature","properties":{"Id":0,"CLN":"7680","PSGC":"174001017","Barangay":"Buliasnin","Land_Class":"AGRICULTURAL","PIN":"030-01-018-08-011","Owner":"PUERTOLLANO, EVELYN R.","TaxDecNo":"28918"},"geometry":{"type":"Polygon","coordinates":[[[121.8292573956709,13.473529533048962],[121.82969427066385,13.472756820064431],[121.82952484726677,13.472652595715639],[121.8290530096981,13.473370385705751],[121.8292573956709,13.473529533048962]]]}},{"type":"Feature","properties":{"Id":0,"CLN":"7679","PSGC":"174001017","Barangay":"Buliasnin","Land_Class":"AGRICULTURAL","PIN":"030-01-018-08-012","Owner":"MORALES, CARMEN R.","TaxDecNo":"10485"},"geometry":{"type":"Polygon","coordinates":[[[121.82952484726677,13.472652595715639],[121.82940513883815,13.472552659195618],[121.82937414354403,13.472534261528006],[121.82898407222956,13.473057731201322],[121.8288756722013,13.47318905480388],[121.82902625759482,13.473331726394827],[121.82897830892495,13.473390318867615],[121.8290530096981,13.473370385705714],[121.82952484726677,13.472652595715639]]]}},{"type":"Feature","properties":{"Id":0,"CLN":"7678","PSGC":"174001017","Barangay":"Buliasnin","Land_Class":"AGRICULTURAL","PIN":"030-01-018-08-013","Owner":"SOSA, LUNA","TaxDecNo":"10486"},"geometry":{"type":"Polygon","coordinates":[[[121.82898407222956,13.473057731201322],[121.82937414354403,13.472534261528006],[121.82940513883815,13.472552659195618],[121.82946773125424,13.472465740917901],[121.82929853510512,13.472314870328363],[121.82921520022508,13.472405748172937],[121.8291298522209,13.47248444777625],[121.82867101033644,13.473086693743117],[121.82897830892495,13.473390318867615],[121.82902625759482,13.473331726394827],[121.8288756722013,13.47318905480388],[121.82898407222956,13.473057731201322]]]}},{"type":"Feature","properties":{"Id":0,"CLN":"7988","PSGC":"174001017","Barangay":"Buliasnin","Land_Class":"AGRICULTURAL","PIN":"030-01-018-08-014","Owner":"SOSA, LUNA & SOSA, JUANITA","TaxDecNo":"10487"},"geometry":{"type":"Polygon","coordinates":[[[121.82867101033644,13.473086693743117],[121.8291298522209,13.47248444777625],[121.82861338151747,13.473005299543324],[121.82867101033644,13.473086693743117]]]}},{"type":"Feature","properties":{"Id":0,"CLN":"7677","PSGC":"174001017","Barangay":"Buliasnin","Land_Class":"AGRICULTURAL","PIN":"030-01-018-08-015","Owner":"LAGUSTAN, EDILBERTO & LAGUSTAN, EUGENIA MIRAFUENTE","TaxDecNo":"10488"},"geometry":{"type":"Polygon","coordinates":[[[121.82857637675504,13.47294428287586],[121.8291741396528,13.472326459445986],[121.82896557067767,13.472175405155676],[121.8284528400605,13.472779427684374],[121.82857637675504,13.47294428287586]]]}},{"type":"Feature","properties":{"Id":0,"CLN":"7675","PSGC":"174001017","Barangay":"Buliasnin","Land_Class":"AGRICULTURAL","PIN":"030-01-011-10-002","Owner":"MAZON, FELIMON","TaxDecNo":"01-08560"},"geometry":{"type":"Polygon","coordinates":[[[121.8290289499627,13.471278776114453],[121.82825233175375,13.47265452843322],[121.8284528400605,13.472779427684387],[121.82896557067767,13.47217540515569],[121.8292647370429,13.471594723920449],[121.8290289499627,13.471278776114453]]]}},{"type":"Feature","properties":{"Id":0,"CLN":"7678","PSGC":"174001017","Barangay":"Buliasnin","Land_Class":"AGRICULTURAL","PIN":"030-01-018-08-017","Owner":"MORALES, CARMEN R.","TaxDecNo":"10489"},"geometry":{"type":"Polygon","coordinates":[[[121.8291741396528,13.472326459445986],[121.82966129015183,13.471868341990211],[121.82926473704288,13.471594723920447],[121.82896557067767,13.472175405155676],[121.8291741396528,13.472326459445986]]]}},{"type":"Feature","properties":{"Id":0,"CLN":"7674","PSGC":"174001017","Barangay":"Buliasnin","Land_Class":"AGRICULTURAL","PIN":"030-01-018-08-062","Owner":"SOLAS, BEATRIZ M.","TaxDecNo":"10530"},"geometry":{"type":"Polygon","coordinates":[[[121.82966129015183,13.471868341990211],[121.83060805492082,13.471073663933428],[121.83070162200666,13.471009198966756],[121.83091563629333,13.470892562826505],[121.83127080037319,13.470727907758624],[121.8311984880199,13.47068295231745],[121.83087158358511,13.470575968158641],[121.8292647370429,13.471594723920449],[121.82966129015183,13.471868341990211]]]}},{"type":"Feature","properties":{"Id":0,"CLN":"7673","PSGC":"174001017","Barangay":"Buliasnin","Land_Class":"AGRICULTURAL","PIN":"030-01-018-08-061","Owner":"MARQUEZ, PAZ O.","TaxDecNo":"10529"},"geometry":{"type":"Polygon","coordinates":[[[121.83127080037319,13.470727907758624],[121.8314950823418,13.470568436722624],[121.83154080985985,13.470540255428858],[121.83167406444247,13.470411074157274],[121.83130031567164,13.470135537176251],[121.83087158358511,13.470575968158641],[121.8311984880199,13.47068295231745],[121.83127080037319,13.470727907758624]]]}},{"type":"Feature","properties":{"Id":0,"CLN":"7666","PSGC":"174001017","Barangay":"Buliasnin","Land_Class":null,"PIN":null},"geometry":{"type":"Polygon","coordinates":[[[121.83111727396158,13.469848718091859],[121.83120717852343,13.46968485701678],[121.83115788775548,13.469593361464161],[121.83109768419492,13.469615390941483],[121.83099331324374,13.469771072114565],[121.83111727396158,13.469848718091859]]]}},{"type":"Feature","properties":{"Id":0,"CLN":"7670","PSGC":"174001017","Barangay":"Buliasnin","Land_Class":"AGRICULTURAL","PIN":"030-01-018-08-064","Owner":"BUÑAG, PABLO","TaxDecNo":"10532"},"geometry":{"type":"Polygon","coordinates":[[[121.82997114021225,13.469453981138466],[121.83001503202698,13.469377116242397],[121.83020775615513,13.468524167071326],[121.82999049641259,13.468456227026529],[121.82975161027052,13.469426593030946],[121.82997114021225,13.469453981138466]]]}},{"type":"Feature","properties":{"Id":0,"CLN":"7631","PSGC":"174001017","Barangay":"Buliasnin","Land_Class":"AGRICULTURAL","PIN":"030-01-018-09-032","Owner":"SPOUSES LABAYNA, NARCISO & LABAYNA, MARY ANN MUNI","TaxDecNo":"10587"},"geometry":{"type":"Polygon","coordinates":[[[121.83055241324601,13.466839305287857],[121.82995540302717,13.466777823120793],[121.83013877065663,13.467101545674575],[121.8301509573446,13.467165197799112],[121.83011564833016,13.46723107480829],[121.83049027107904,13.467284183945292],[121.83055241324601,13.466839305287857]]]}},{"type":"Feature","properties":{"Id":0,"CLN":"7665","PSGC":"174001017","Barangay":"Buliasnin","Land_Class":"AGRICULTURAL","PIN":"030-01-018-08-066","Owner":"LINA M. PEÑAFIEL AND EMMA M. LEISTER","TaxDecNo":"32401"},"geometry":{"type":"Polygon","coordinates":[[[121.82790434978958,13.47072150463872],[121.82821386736063,13.470801219534161],[121.82910757536793,13.46998353828923],[121.82921609890704,13.469766352158608],[121.82875816729512,13.46937041600791],[121.82824098063281,13.469852307799481],[121.82836030990545,13.469982500916943],[121.82807228541289,13.470108348389434],[121.82812122087235,13.47032382239333],[121.82810330976339,13.470409347965635],[121.82803009506841,13.470560656893252],[121.82790434978958,13.47072150463872]]]}},{"type":"Feature","properties":{"Id":0,"CLN":"7661","PSGC":"174001017","Barangay":"Buliasnin","Land_Class":"AGRICULTURAL","PIN":"030-01-018-08-083","Owner":"LOZANO, RUSSEL P. & LOZANO, LAILA P.","TaxDecNo":"10547"},"geometry":{"type":"Polygon","coordinates":[[[121.82843341835918,13.469143213014226],[121.82793343897583,13.469568418433708],[121.8279515410054,13.469755564857639],[121.82796360039634,13.469790799282366],[121.82863236260526,13.469244939442293],[121.82849452920556,13.469107467672785],[121.82844183240843,13.469151249539232],[121.82843341835918,13.469143213014226]]]}},{"type":"Feature","properties":{"Id":0,"CLN":"7659","PSGC":"174001017","Barangay":"Buliasnin","Land_Class":"AGRICULTURAL","PIN":"030-01-018-08-068","Owner":"MAYORES, JOSE MONTENEGRO","TaxDecNo":"10535"},"geometry":{"type":"Polygon","coordinates":[[[121.82790633181281,13.469288172829057],[121.82829257301262,13.46900868704616],[121.82844183240843,13.469151249539232],[121.82849452920557,13.469107467672766],[121.82870814864619,13.468863865972533],[121.82849639827569,13.468723458286165],[121.82779698786976,13.469160472090051],[121.82790633181281,13.469288172829057]]]}},{"type":"Feature","properties":{"Id":0,"CLN":"7658","PSGC":"174001017","Barangay":"Buliasnin","Land_Class":"AGRICULTURAL","PIN":"030-01-018-08-073","Owner":"MILLAN, ALMA LEONIDA","TaxDecNo":"10539"},"geometry":{"type":"Polygon","coordinates":[[[121.82830399711358,13.468843677002887],[121.82810441987374,13.468642193884888],[121.82797608421647,13.468821317008528],[121.82778307688812,13.468937823509332],[121.8277301774972,13.469023185842156],[121.82779698786976,13.469160472090069],[121.82830399711358,13.468843677002887]]]}},{"type":"Feature","properties":{"Id":0,"CLN":"8259","PSGC":"174001017","Barangay":"Buliasnin","Land_Class":"AGRICULTURAL","PIN":"030-01-018-14-046","Owner":"RABI, MONCHITO","TaxDecNo":"10874"},"geometry":{"type":"Polygon","coordinates":[[[121.8392019330583,13.465226148155516],[121.8394625398048,13.46513344239265],[121.83931034482518,13.46490171304971],[121.83912013232467,13.4649841947269],[121.8392019330583,13.465226148155516]]]}},{"type":"Feature","properties":{"Id":0,"CLN":"8256","PSGC":"174001017","Barangay":"Buliasnin","Land_Class":"AGRICULTURAL","PIN":"030-01-018-16-001","Owner":"MONTENEGRO, CLAUDIA","TaxDecNo":"10946"},"geometry":{"type":"Polygon","coordinates":[[[121.83938243088295,13.464587659213947],[121.83965517432479,13.465053353355776],[121.83973066931071,13.465041793272823],[121.83979904750812,13.464992092833613],[121.83982579272941,13.46499697971896],[121.83988434520838,13.464966287643216],[121.8396018216122,13.464510075441888],[121.83957266594275,13.464500413973765],[121.83938243088295,13.464587659213947]]]}},{"type":"Feature","properties":{"Id":0,"CLN":"8246","PSGC":"174001017","Barangay":"Buliasnin","Land_Class":"AGRICULTURAL","PIN":"030-01-018-14-044","Owner":"SPS. MANOOS, JOSELITO B. & MANOOS, QUILIN BUÑAG","TaxDecNo":"10872"},"geometry":{"type":"Polygon","coordinates":[[[121.84021991982588,13.465155371740384],[121.84059964362893,13.464807843530394],[121.84044738978177,13.464635914863363],[121.83991563941268,13.464953010106917],[121.84010206506501,13.465182961949429],[121.84021991982588,13.465155371740384]]]}},{"type":"Feature","properties":{"Id":0,"CLN":"8245","PSGC":"174001017","Barangay":"Buliasnin","Land_Class":"AGRICULTURAL","PIN":"030-01-018-16-002","Owner":"NOBLEZA, ESTANISLAO","TaxDecNo":"10947"},"geometry":{"type":"Polygon","coordinates":[[[121.84044738978177,13.464635914863363],[121.84031210703962,13.46422618144903],[121.84029944016828,13.464186144006085],[121.8396236078886,13.464481421737636],[121.83991563941268,13.464953010106917],[121.84044738978177,13.464635914863363]]]}},{"type":"Feature","properties":{"Id":0,"CLN":"8244","PSGC":"174001017","Barangay":"Buliasnin","Land_Class":"AGRICULTURAL","PIN":"030-01-018-16-003","Owner":"JAMILLA, ZENAIDA","TaxDecNo":"10948"},"geometry":{"type":"Polygon","coordinates":[[[121.8396236078886,13.464481421737636],[121.84029944016828,13.464186144006085],[121.84020763616023,13.463895969564186],[121.84008632083197,13.463904799875033],[121.83947279842914,13.46424627517834],[121.83949875440437,13.464257112742079],[121.83959900133766,13.464474609562837],[121.8396236078886,13.464481421737636]]]}},{"type":"Feature","properties":{"Id":0,"CLN":"8240","PSGC":"174001017","Barangay":"Buliasnin","Land_Class":"AGRICULTURAL","PIN":"030-01-018-16-012","Owner":"MONTANA, GREGORIO","TaxDecNo":"10955"},"geometry":{"type":"Polygon","coordinates":[[[121.84008632083196,13.463904799875033],[121.83954977519392,13.463327585232125],[121.83913001931846,13.46351186770106],[121.83944816607804,13.464244821736148],[121.83947279842914,13.46424627517834],[121.84008632083196,13.463904799875033]]]}},{"type":"Feature","properties":{"Id":0,"CLN":"8239","PSGC":"174001017","Barangay":"Buliasnin","Land_Class":"AGRICULTURAL","PIN":"030-01-018-16-017","Owner":"HINTAY, PAMFILO","TaxDecNo":"10959"},"geometry":{"type":"Polygon","coordinates":[[[121.83913001931846,13.46351186770106],[121.83954977519392,13.463327585232125],[121.83927572133052,13.463102587370926],[121.83896425725902,13.463255216395327],[121.83899965917679,13.463294231665198],[121.83913001931846,13.46351186770106]]]}},{"type":"Feature","properties":{"Id":0,"CLN":"8241","PSGC":"174001017","Barangay":"Buliasnin","Land_Class":"AGRICULTURAL","PIN":"030-01-018-16-013","Owner":"SANTIAGO, FERMINA","TaxDecNo":"10956"},"geometry":{"type":"Polygon","coordinates":[[[121.83954977519394,13.463327585232145],[121.84008632083197,13.463904799875033],[121.84020763616023,13.463895969564186],[121.84037084375964,13.463689114808691],[121.84067112720336,13.463519528797711],[121.84025348021464,13.46309623486165],[121.83991870803317,13.462877953842932],[121.83954977519394,13.463327585232145]]]}},{"type":"Feature","properties":{"Id":0,"CLN":"8243","PSGC":"174001017","Barangay":"Buliasnin","Land_Class":"AGRICULTURAL","PIN":"030-01-018-16-014","Owner":"RIEGO, JANET A.","TaxDecNo":"32100"},"geometry":{"type":"Polygon","coordinates":[[[121.84067112720336,13.463519528797711],[121.8409516065378,13.46357577717679],[121.84120745423587,13.463564744485117],[121.84115365628375,13.463076007594777],[121.8407060249101,13.462750319838966],[121.8406560268632,13.462768407598782],[121.84046351398263,13.462940010322988],[121.84025348021464,13.46309623486165],[121.84067112720336,13.463519528797711]]]}},{"type":"Feature","properties":{"Id":0,"CLN":"8242","PSGC":"174001017","Barangay":"Buliasnin","Land_Class":"AGRICULTURAL","PIN":"030-01-018-16-015","Owner":"MARTILLANO, GREGORIO","TaxDecNo":"10958"},"geometry":{"type":"Polygon","coordinates":[[[121.8400712919248,13.462411555946904],[121.83994190557084,13.462608926733278],[121.84046351398263,13.462940010322988],[121.8406560268632,13.462768407598782],[121.8400712919248,13.462411555946904]]]}},{"type":"Feature","properties":{"Id":0,"CLN":"8215","PSGC":"174001017","Barangay":"Buliasnin","Land_Class":"AGRICULTURAL","PIN":"030-01-018-16-038","Owner":"HINTAY, EMILIANO","TaxDecNo":"10979"},"geometry":{"type":"Polygon","coordinates":[[[121.83955434660677,13.46195899442396],[121.83961757173299,13.462055307805192],[121.83992388631029,13.461928493153872],[121.84014924444456,13.461770774080685],[121.84000190731447,13.461578361832897],[121.83972369463464,13.461364509666618],[121.83969077750344,13.461117570801806],[121.83942877083021,13.46116258171362],[121.83941841279477,13.46118162485892],[121.83904031258716,13.461244185594007],[121.83906294125303,13.4614482618853],[121.8390742629683,13.461442285441391],[121.83947389313688,13.461385852785934],[121.83954198350943,13.461742866583403],[121.83941556566344,13.461772426647803],[121.83944312424958,13.461805711846267],[121.83955434660677,13.46195899442396]]]}},{"type":"Feature","properties":{"Id":0,"CLN":"8216","PSGC":"174001017","Barangay":"Buliasnin","Land_Class":"AGRICULTURAL","PIN":"030-01-018-16-037","Owner":"MARIPOSQUE, RAUL & MARIPOSQUE, RODOLFO & MARIPOSQUE, RUBEN & MARIPOSQUE, ROSALIE J. & MARIPOSQUE, MA.CONCEPCION J. & MARIPOSQUE, JOSE SYKE J. & MARIPOSQUE, JOSEFA CHERRY J. & MARIPOSQUE, ROMEO J.","TaxDecNo":"10978"},"geometry":{"type":"Polygon","coordinates":[[[121.83954198350943,13.461742866583403],[121.83947389313688,13.461385852785934],[121.8390742629683,13.461442285441391],[121.83916181468174,13.461808432246901],[121.83927071730184,13.46179185368242],[121.83941422926405,13.462061840713215],[121.83955434660677,13.46195899442396],[121.83944312424958,13.461805711846267],[121.83941556566344,13.461772426647803],[121.83954198350943,13.461742866583403]]]}},{"type":"Feature","properties":{"Id":0,"CLN":"8236","PSGC":"174001017","Barangay":"Buliasnin","Land_Class":"AGRICULTURAL","PIN":"030-01-018-16-019","Owner":"MOGOL, EUFROCINA M.","TaxDecNo":"10961"},"geometry":{"type":"Polygon","coordinates":[[[121.83828028314272,13.463626643191951],[121.83830932766908,13.46359178664047],[121.83873396097297,13.463360925362197],[121.83865219243762,13.463208472293585],[121.83816979497375,13.463441758080231],[121.83828028314272,13.463626643191951]]]}},{"type":"Feature","properties":{"Id":0,"CLN":"8235","PSGC":"174001017","Barangay":"Buliasnin","Land_Class":"AGRICULTURAL","PIN":"030-01-018-16-020","Owner":"MONTENEGRO, ANTONIO","TaxDecNo":"10962"},"geometry":{"type":"Polygon","coordinates":[[[121.83816979497375,13.463441758080231],[121.83865219243762,13.463208472293585],[121.83858133986709,13.463073565028019],[121.83808934987046,13.46330007736365],[121.83814654928149,13.463414734660242],[121.83816979497375,13.463441758080231]]]}},{"type":"Feature","properties":{"Id":0,"CLN":"8234","PSGC":"174001017","Barangay":"Buliasnin","Land_Class":"AGRICULTURAL","PIN":"030-01-018-16-018","Owner":"MAGCAMIT, WILFREDO & MAGCAMIT, NARCISA L","TaxDecNo":"10960"},"geometry":{"type":"Polygon","coordinates":[[[121.83808934987046,13.46330007736365],[121.83858133986709,13.463073565028019],[121.83865219243762,13.463208472293585],[121.83873396097297,13.463360925362197],[121.83885385490282,13.463306301414592],[121.83891919666134,13.463268920839527],[121.83893766073913,13.46327210670814],[121.83879345160318,13.463000525942027],[121.83872749555414,13.462990800673747],[121.83865527445379,13.462854541307319],[121.83802416008213,13.463131551161295],[121.83808934987046,13.46330007736365]]]}},{"type":"Feature","properties":{"Id":0,"CLN":"8233","PSGC":"174001017","Barangay":"Buliasnin","Land_Class":"AGRICULTURAL","PIN":"030-01-018-16-021","Owner":"LABAGUIS, VALENTIN","TaxDecNo":"10963"},"geometry":{"type":"Polygon","coordinates":[[[121.83802416008213,13.463131551161295],[121.83865527445379,13.462854541307319],[121.83858986366957,13.462731771381518],[121.83855411291067,13.462731606213232],[121.83803202880691,13.462925680275506],[121.83794934516506,13.462962980454407],[121.83802416008213,13.463131551161295]]]}},{"type":"Feature","properties":{"Id":0,"CLN":"8264","PSGC":"174001017","Barangay":"Buliasnin","Land_Class":"AGRICULTURAL","PIN":"030-01-018-14-066","Owner":"MANRIQUE, EFREN","TaxDecNo":"10893"},"geometry":{"type":"Polygon","coordinates":[[[121.83784040623425,13.464847198115574],[121.83779204242352,13.46493175981998],[121.83775559110332,13.464952030592434],[121.83775353989438,13.4650564887354],[121.83776633427279,13.465129978040078],[121.83800099632808,13.465068231015257],[121.83803696174803,13.465148640537945],[121.83813167475431,13.465076405227398],[121.83825989668743,13.465001955588592],[121.8381797563024,13.464797023731686],[121.8381341030403,13.464733490064962],[121.83807387278564,13.464552285808763],[121.8380384580383,13.464518056564641],[121.83781922188366,13.464588959134113],[121.83784040623425,13.464847198115574]]]}},{"type":"Feature","properties":{"Id":0,"CLN":"8265","PSGC":"174001017","Barangay":"Buliasnin","Land_Class":"AGRICULTURAL","PIN":"030-01-018-16-050","Owner":"ENGR. MONTEVIRGEN, JACOB M.","TaxDecNo":"10991"},"geometry":{"type":"Polygon","coordinates":[[[121.83788038764635,13.464195969774286],[121.83799492135572,13.46453213666402],[121.8380384580383,13.464518056564659],[121.83807387278567,13.464552285808779],[121.83807474687019,13.464554915516063],[121.8384209292859,13.464387504125083],[121.83835036814968,13.46420566069424],[121.83826602486691,13.464016859032842],[121.83792637036206,13.464183766251034],[121.83788038764635,13.464195969774286]]]}},{"type":"Feature","properties":{"Id":0,"CLN":"8269","PSGC":"174001017","Barangay":"Buliasnin","Land_Class":"AGRICULTURAL","PIN":"030-01-018-16-006","Owner":"TAN, EDGAR L.","TaxDecNo":"10950"},"geometry":{"type":"Polygon","coordinates":[[[121.83767451610291,13.464015049845447],[121.83770410644541,13.46408079436126],[121.83773946546863,13.464233369571636],[121.83792637036203,13.464183766251017],[121.8382660248669,13.464016859032842],[121.83831217638267,13.463982451766869],[121.83819471285396,13.46369219187409],[121.83771795641464,13.463989007631268],[121.83767451610291,13.464015049845447]]]}},{"type":"Feature","properties":{"Id":0,"CLN":"8270","PSGC":"174001017","Barangay":"Buliasnin","Land_Class":"AGRICULTURAL","PIN":"030-01-018-12-004","Owner":"MARQUEZ, RAMON","TaxDecNo":"10722"},"geometry":{"type":"Polygon","coordinates":[[[121.8373483605985,13.46449701966475],[121.83777568528677,13.46442127597769],[121.83773946546863,13.464233369571636],[121.83770410644541,13.46408079436126],[121.83767451610291,13.464015049845447],[121.83766427641748,13.46399986226063],[121.83735988889381,13.464031763103248],[121.83734539740507,13.464042798915381],[121.8373404876246,13.464205281394351],[121.8373483605985,13.46449701966475]]]}},{"type":"Feature","properties":{"Id":0,"CLN":"8271","PSGC":"174001017","Barangay":"Buliasnin","Land_Class":"AGRICULTURAL","PIN":"030-01-018-12-002","Owner":"MONTENEGRO, PRESENTACION","TaxDecNo":"10720"},"geometry":{"type":"Polygon","coordinates":[[[121.83660954997798,13.464543909435399],[121.83696081164669,13.464722675682147],[121.83702290904137,13.464477123470607],[121.83704319166623,13.464361394528071],[121.83686843112028,13.464272015561411],[121.8368089008807,13.46422631939576],[121.83660954997798,13.464543909435399]]]}},{"type":"Feature","properties":{"Id":0,"CLN":"8232","PSGC":"174001017","Barangay":"Buliasnin","Land_Class":"AGRICULTURAL","PIN":"030-01-018-12-005","Owner":"MARIPOSQUE, RAUL & MARIPOSQUE, RODOLFO & MARIPOSQUE, RUBEN & MARIPOSQUE, ROSALIE J. & MARIPOSQUE, MA.CONCEPCION J. & MARIPOSQUE, JOSE SYKE J. & MARIPOSQUE, JOSEFA CHERRY J. & MARIPOSQUE, ROMEO J.","TaxDecNo":"10723"},"geometry":{"type":"Polygon","coordinates":[[[121.83688771399774,13.464002987150906],[121.83699263681902,13.464018802103634],[121.83697211837041,13.464183357206121],[121.83709499676078,13.464204932786599],[121.8373404876246,13.464205281394351],[121.83734539740507,13.464042798915381],[121.83735988889381,13.464031763103248],[121.83766427641748,13.46399986226063],[121.83767451610291,13.464015049845447],[121.83771795641464,13.463989007631268],[121.83819471285396,13.46369219187409],[121.83828028314272,13.463626643191951],[121.83816979497375,13.463441758080231],[121.83814654928149,13.463414734660242],[121.83808934987046,13.46330007736365],[121.83802416008213,13.463131551161295],[121.83794934516506,13.462962980454407],[121.83763681379148,13.463066067851441],[121.83737271717175,13.46287004220222],[121.83729327023782,13.46287774955531],[121.83723726475618,13.462943098205063],[121.83715774468621,13.462965945410193],[121.83707075709874,13.463040234842616],[121.83699216101152,13.463085291943107],[121.83691934075166,13.463429143021132],[121.83693078487342,13.463621981612008],[121.83692300041011,13.463739030066455],[121.83689351525673,13.463865062250104],[121.8368414151176,13.463975849549174],[121.83688771399774,13.464002987150906]]]}},{"type":"Feature","properties":{"Id":0,"CLN":"8219","PSGC":"174001017","Barangay":"Buliasnin","Land_Class":"AGRICULTURAL","PIN":"030-01-018-16-025","Owner":"MALAPAD, RONILO M. & MALAPAD, EMALYN L.","TaxDecNo":"10967"},"geometry":{"type":"Polygon","coordinates":[[[121.8385622153311,13.462326706798555],[121.83887119292015,13.462197927953598],[121.83874413315239,13.462027770346367],[121.83849609799188,13.462136643626225],[121.8385622153311,13.462326706798555]]]}},{"type":"Feature","properties":{"Id":0,"CLN":"8231","PSGC":"174001017","Barangay":"Buliasnin","Land_Class":"AGRICULTURAL","PIN":"030-01-018-16-022","Owner":"MARIPOSQUE, RAUL & MARIPOSQUE, RODOLFO & MARIPOSQUE, RUBEN & MARIPOSQUE, ROSALIE J. & MARIPOSQUE, MA.CONCEPCION J. & MARIPOSQUE, JOSE SYKE J. & MARIPOSQUE, JOSEFA CHERRY J. & MARIPOSQUE, ROMEO J.","TaxDecNo":"10964"},"geometry":{"type":"Polygon","coordinates":[[[121.83803243592953,13.462904634576274],[121.8385552139913,13.462709217916114],[121.83859933964354,13.462693955596718],[121.8387264947693,13.462550332187602],[121.83849083294199,13.46258678917733],[121.83807761344272,13.462732244655905],[121.83793407184906,13.462771955142882],[121.83746521178762,13.4629070588611],[121.8376264930313,13.463038010690466],[121.83794458781449,13.462943593131666],[121.83803243592953,13.462904634576274]]]}},{"type":"Feature","properties":{"Id":0,"CLN":"8230","PSGC":"174001017","Barangay":"Buliasnin","Land_Class":"AGRICULTURAL","PIN":"030-01-018-16-023","Owner":"JANDA, LEONILA","TaxDecNo":"10965"},"geometry":{"type":"Polygon","coordinates":[[[121.83746521178762,13.4629070588611],[121.83793407184906,13.462771955142882],[121.83807761344272,13.462732244655905],[121.83849083294199,13.46258678917733],[121.8387264947693,13.462550332187602],[121.83862265138325,13.462411771361422],[121.83842638866288,13.462477481676874],[121.83794003187249,13.462605440059333],[121.83782658230957,13.462606934315264],[121.83727014243513,13.462725483212457],[121.83726032489965,13.46283646620233],[121.83733058783923,13.462808529401354],[121.83740260143585,13.462845199018934],[121.83746521178762,13.4629070588611]]]}},{"type":"Feature","properties":{"Id":0,"CLN":"8217","PSGC":"174001017","Barangay":"Buliasnin","Land_Class":"AGRICULTURAL","PIN":"030-01-018-16-040","Owner":"MARIPOSQUE, RUBEN","TaxDecNo":"10981"},"geometry":{"type":"Polygon","coordinates":[[[121.83727014243513,13.462725483212457],[121.83782658230957,13.462606934315264],[121.83794003187249,13.462605440059333],[121.83842638866288,13.462477481676874],[121.83862265138325,13.462411771361422],[121.8385622153311,13.462326706798555],[121.83849609799188,13.462136643626225],[121.83832183513647,13.462210530312753],[121.83819273166523,13.46225030769175],[121.83786752129014,13.462323496418907],[121.83785170289785,13.46218211439305],[121.83782345084204,13.46205278708029],[121.83771921963375,13.46206744546233],[121.83772795058795,13.462181542294614],[121.83738434304455,13.46222032746736],[121.83735430466571,13.462247440978256],[121.83732725775329,13.462295764651673],[121.83727014243513,13.462725483212457]]]}},{"type":"Feature","properties":{"Id":0,"CLN":"8227","PSGC":"174001017","Barangay":"Buliasnin","Land_Class":"AGRICULTURAL","PIN":"030-01-018-16-027","Owner":"MAYORES, PETRA","TaxDecNo":"10968"},"geometry":{"type":"Polygon","coordinates":[[[121.83832183513647,13.462210530312753],[121.83824517160907,13.462068867131341],[121.83785170289785,13.46218211439305],[121.83786752129014,13.462323496418907],[121.83819273166523,13.46225030769175],[121.83832183513647,13.462210530312753]]]}},{"type":"Feature","properties":{"Id":0,"CLN":"8226","PSGC":"174001017","Barangay":"Buliasnin","Land_Class":"AGRICULTURAL","PIN":"030-01-018-16-028","Owner":"MOGOL, EDENIA M","TaxDecNo":"10969"},"geometry":{"type":"Polygon","coordinates":[[[121.83824517160907,13.462068867131341],[121.83816751098469,13.461920133877907],[121.8381375603789,13.461929079608797],[121.83800640424354,13.461966828716994],[121.83782345084204,13.46205278708029],[121.83785170289785,13.46218211439305],[121.83824517160907,13.462068867131341]]]}},{"type":"Feature","properties":{"Id":0,"CLN":"8220","PSGC":"174001017","Barangay":"Buliasnin","Land_Class":"RESIDENTIAL","PIN":"030-01-018-16-043","Owner":"SALAZAR, EUFROCINA","TaxDecNo":"10984"},"geometry":{"type":"Polygon","coordinates":[[[121.83841503672426,13.461921089117904],[121.83822178551443,13.461769745691722],[121.83807600563195,13.46154178399045],[121.83803729201357,13.461569067734633],[121.83803821517357,13.461572320130392],[121.83805313875494,13.461685436237385],[121.83816751098469,13.461920133877907],[121.83820984943439,13.462001219205927],[121.83841503672426,13.461921089117904]]]}},{"type":"Feature","properties":{"Id":0,"CLN":"8221","PSGC":"174001017","Barangay":"Buliasnin","Land_Class":"AGRICULTURAL","PIN":"030-01-018-16-035","Owner":"MARTILLANO, GREGORIO","TaxDecNo":"10976"},"geometry":{"type":"Polygon","coordinates":[[[121.83809520862337,13.461302077882898],[121.83860408309775,13.461850487229981],[121.83884569714625,13.461576050813276],[121.83877652973456,13.461376889468896],[121.83836755525351,13.461284158726963],[121.83820667782189,13.461283415365802],[121.83809520862337,13.461302077882898]]]}},{"type":"Feature","properties":{"Id":0,"CLN":"8223","PSGC":"174001017","Barangay":"Buliasnin","Land_Class":"AGRICULTURAL","PIN":"030-01-018-16-030","Owner":"DE LUNA, MARINA L.","TaxDecNo":"10971"},"geometry":{"type":"Polygon","coordinates":[[[121.83771921963375,13.46206744546233],[121.83782345084204,13.46205278708029],[121.83800640424354,13.461966828716994],[121.83793442613896,13.461709111937033],[121.83775796740511,13.461731511280671],[121.83769499677224,13.461744341705684],[121.8376893304046,13.461636315134728],[121.83768438499035,13.461378908198498],[121.83768785874457,13.461300195011082],[121.8375589262092,13.461304645661945],[121.83746138798205,13.461428344625087],[121.83743939033518,13.461498897353106],[121.83741573772852,13.461698639123691],[121.83739568562875,13.461793425220874],[121.83752679301533,13.461765769698047],[121.83763711913991,13.461770317201916],[121.83768659562003,13.461775592693444],[121.83771921963375,13.46206744546233]]]}},{"type":"Feature","properties":{"Id":0,"CLN":"8225","PSGC":"174001017","Barangay":"Buliasnin","Land_Class":"AGRICULTURAL","PIN":"030-01-018-16-031","Owner":"MOGOL, GILBERTO M","TaxDecNo":"10972"},"geometry":{"type":"Polygon","coordinates":[[[121.83800640424354,13.461966828716994],[121.83816751098469,13.461920133877907],[121.83805313875494,13.461685436237369],[121.83793442613896,13.461709111937033],[121.83800640424354,13.461966828716994]]]}},{"type":"Feature","properties":{"Id":0,"CLN":"8228","PSGC":"174001017","Barangay":"Buliasnin","Land_Class":"AGRICULTURAL","PIN":"030-01-018-16-029","Owner":"FERNANDEZ, VICENTE T. & FERNANDEZ, ELENITA L.","TaxDecNo":"10970"},"geometry":{"type":"Polygon","coordinates":[[[121.83738434304455,13.46222032746736],[121.83772795058795,13.462181542294614],[121.83771921963375,13.46206744546233],[121.83768659562003,13.461775592693444],[121.83763711913991,13.461770317201916],[121.83752679301533,13.461765769698047],[121.83739568562875,13.461793425220874],[121.8373881349081,13.461843083789898],[121.83739366470117,13.4619793715013],[121.83738434304455,13.46222032746736]]]}},{"type":"Feature","properties":{"Id":0,"CLN":"8224","PSGC":"174001017","Barangay":"Buliasnin","Land_Class":"AGRICULTURAL","PIN":"030-01-018-16-032","Owner":"MAGALANG, FE","TaxDecNo":"10973"},"geometry":{"type":"Polygon","coordinates":[[[121.83803821517357,13.461572320130372],[121.8376893304046,13.461636315134728],[121.83769499677224,13.461744341705684],[121.83775796740511,13.461731511280671],[121.83793442613896,13.461709111937033],[121.83805313875494,13.461685436237369],[121.83803821517357,13.461572320130372]]]}},{"type":"Feature","properties":{"Id":0,"CLN":"8222","PSGC":"174001017","Barangay":"Buliasnin","Land_Class":"AGRICULTURAL","PIN":"030-01-018-16-033","Owner":"MAGALANG, NESTOR H.","TaxDecNo":"30961"},"geometry":{"type":"Polygon","coordinates":[[[121.83783537841221,13.46129078346599],[121.83771465649691,13.461284404684308],[121.83768785874457,13.461300195011082],[121.83768438499035,13.461378908198498],[121.8376893304046,13.461636315134728],[121.83803821517357,13.461572320130372],[121.83799461094691,13.461418697489185],[121.83801344645022,13.461362260976308],[121.83788790476531,13.461305157153262],[121.83783537841221,13.46129078346599]]]}},{"type":"Feature","properties":{"Id":0,"CLN":"8065","PSGC":"174001017","Barangay":"Buliasnin","Land_Class":"AGRICULTURAL","PIN":"030-01-018-12-009","Owner":"LABAGUIS, CONRADO","TaxDecNo":"10727"},"geometry":{"type":"Polygon","coordinates":[[[121.83482784798323,13.463391657941903],[121.83542115310685,13.463860726239627],[121.8355565399519,13.463694810941584],[121.83491004628662,13.463271239563719],[121.83482784798323,13.463391657941903]]]}},{"type":"Feature","properties":{"Id":0,"CLN":"8066","PSGC":"174001017","Barangay":"Buliasnin","Land_Class":"AGRICULTURAL","PIN":"030-01-018-12-010","Owner":"CALAYO, MARICEL L.","TaxDecNo":"10774"},"geometry":{"type":"Polygon","coordinates":[[[121.83491004628662,13.463271239563719],[121.8355565399519,13.463694810941584],[121.83562682487468,13.463573552076667],[121.83499222284424,13.463149377121661],[121.83491004628662,13.463271239563719]]]}},{"type":"Feature","properties":{"Id":0,"CLN":"8069","PSGC":"174001017","Barangay":"Buliasnin","Land_Class":"AGRICULTURAL","PIN":"030-01-018-12-014","Owner":"ALMONTE, AIDA L.","TaxDecNo":"32736"},"geometry":{"type":"Polygon","coordinates":[[[121.83499222284424,13.463149377121661],[121.83562682487468,13.463573552076667],[121.83569051235834,13.463483678600822],[121.83507118548891,13.463028621250002],[121.83499222284424,13.463149377121661]]]}},{"type":"Feature","properties":{"Id":0,"CLN":"8070","PSGC":"174001017","Barangay":"Buliasnin","Land_Class":"AGRICULTURAL","PIN":"030-01-018-12-015","Owner":"SISCAR, FRANCIS ABE D. & SISCAR, RADELYN S.","TaxDecNo":"10730"},"geometry":{"type":"Polygon","coordinates":[[[121.83507118548891,13.463028621250002],[121.83569051235834,13.463483678600822],[121.83577907398853,13.463368350142666],[121.83514878604272,13.462905167439253],[121.83507118548891,13.463028621250002]]]}},{"type":"Feature","properties":{"Id":0,"CLN":"8073","PSGC":"174001017","Barangay":"Buliasnin","Land_Class":"AGRICULTURAL","PIN":"030-01-018-12-018","Owner":"NITORAL, RESTITUTO","TaxDecNo":"10734"},"geometry":{"type":"Polygon","coordinates":[[[121.83514878604272,13.462905167439253],[121.83577907398853,13.463368350142666],[121.83585793224184,13.46326912628733],[121.83587465381957,13.463223446587667],[121.83581023558392,13.463180082726995],[121.83523187360609,13.462784430616027],[121.83514878604272,13.462905167439253]]]}},{"type":"Feature","properties":{"Id":0,"CLN":"8064","PSGC":"174001017","Barangay":"Buliasnin","Land_Class":null,"PIN":null},"geometry":{"type":"Polygon","coordinates":[[[121.83480262647412,13.463373798264781],[121.83482784798323,13.463391657941903],[121.83491004628662,13.463271239563719],[121.83488012624733,13.463249006935667],[121.83480262647412,13.463373798264781]]]}},{"type":"Feature","properties":{"Id":0,"CLN":"8067","PSGC":"174001017","Barangay":"Buliasnin","Land_Class":"RESIDENTIAL","PIN":"030-01-018-12-010","Owner":"CALAYO, MARICEL L.","TaxDecNo":"10776"},"geometry":{"type":"Polygon","coordinates":[[[121.83488012624733,13.463249006935667],[121.83491004628662,13.463271239563719],[121.83499222284424,13.463149377121661],[121.834961896739,13.463134382709653],[121.83488012624733,13.463249006935667]]]}},{"type":"Feature","properties":{"Id":0,"CLN":"8068","PSGC":"174001017","Barangay":"Buliasnin","Land_Class":"AGRICULTURAL","PIN":"030-01-018-12-014","Owner":"ALMONTE, AIDA L.","TaxDecNo":"32736"},"geometry":{"type":"Polygon","coordinates":[[[121.834961896739,13.463134382709653],[121.83499222284424,13.463149377121661],[121.83507118548891,13.463028621250002],[121.83503940452786,13.463007900130364],[121.834961896739,13.463134382709653]]]}},{"type":"Feature","properties":{"Id":0,"CLN":"8071","PSGC":"174001017","Barangay":"Buliasnin","Land_Class":"AGRICULTURAL","PIN":"030-01-018-12-002","Owner":"MONTENEGRO, PRESENTACION","TaxDecNo":"10720"},"geometry":{"type":"Polygon","coordinates":[[[121.83503940452786,13.463007900130364],[121.83507118548891,13.463028621250002],[121.83514878604272,13.462905167439253],[121.83511689996008,13.462883954298036],[121.83503940452786,13.463007900130364]]]}},{"type":"Feature","properties":{"Id":0,"CLN":"8072","PSGC":"174001017","Barangay":"Buliasnin","Land_Class":"AGRICULTURAL","PIN":"030-01-018-12-018","Owner":"NITORAL, RESTITUTO","TaxDecNo":"10734"},"geometry":{"type":"Polygon","coordinates":[[[121.83511689996008,13.462883954298036],[121.83514878604272,13.462905167439253],[121.83523187360609,13.462784430616027],[121.83520302690891,13.462761739651796],[121.83511689996008,13.462883954298036]]]}},{"type":"Feature","properties":{"Id":0,"CLN":"8076","PSGC":"174001017","Barangay":"Buliasnin","Land_Class":"AGRICULTURAL","PIN":"030-01-018-12-008","Owner":"PERAZ, LORNA M.","TaxDecNo":"30135"},"geometry":{"type":"Polygon","coordinates":[[[121.8356063083739,13.463639779650002],[121.83589616534127,13.463840216127931],[121.83604243514424,13.463662995767963],[121.83606711505176,13.46363672231291],[121.83577265552921,13.463423955717445],[121.8356063083739,13.463639779650002]]]}},{"type":"Feature","properties":{"Id":0,"CLN":"8077","PSGC":"174001017","Barangay":"Buliasnin","Land_Class":"AGRICULTURAL","PIN":"030-01-018-12-007","Owner":"LABAGUIS, PETRA","TaxDecNo":"10725"},"geometry":{"type":"Polygon","coordinates":[[[121.83577265552921,13.463423955717445],[121.83606711505176,13.46363672231291],[121.83621508718554,13.463410783366612],[121.83621784668783,13.463376126044306],[121.83596024821816,13.463223568781975],[121.83577265552921,13.463423955717445]]]}},{"type":"Feature","properties":{"Id":0,"CLN":"8078","PSGC":"174001017","Barangay":"Buliasnin","Land_Class":"AGRICULTURAL","PIN":"030-01-018-12-006","Owner":"MOGOL, JOSELITO L.","TaxDecNo":"10724"},"geometry":{"type":"Polygon","coordinates":[[[121.83642092409471,13.46307037901882],[121.83622087642257,13.462898216523106],[121.83596024821816,13.463223568781975],[121.83621784668783,13.46337612604434],[121.83621508718554,13.463410783366635],[121.83606711505176,13.46363672231293],[121.83604243514424,13.463662995767963],[121.83666737325123,13.464113871824944],[121.8367769610817,13.464004612290775],[121.83685571479062,13.464033743156534],[121.83680534620177,13.463976540425781],[121.83686875545732,13.463862041972046],[121.83690179199256,13.463730279316026],[121.83690413419279,13.463647842953728],[121.83690877118799,13.46362693550406],[121.83689620195987,13.463411880416858],[121.83682056532392,13.463374746308922],[121.83678897027686,13.463342255441141],[121.83663399303879,13.463229917452047],[121.83660691861105,13.46320061853106],[121.83642092409471,13.46307037901882]]]}},{"type":"Feature","properties":{"Id":0,"CLN":"8079","PSGC":"174001017","Barangay":"Buliasnin","Land_Class":"AGRICULTURAL","PIN":"030-01-018-12-037","Owner":"MARIPOSQUE, AIDA J.","TaxDecNo":"10753"},"geometry":{"type":"Polygon","coordinates":[[[121.83637734876528,13.46262159961352],[121.83622087642254,13.462898216523104],[121.83642092409471,13.463070379018802],[121.83660691861103,13.46320061853108],[121.83663399303879,13.463229917452047],[121.83678897027686,13.46334225544112],[121.83682056532392,13.463374746308906],[121.83689620195987,13.463411880416821],[121.83696709491345,13.463054745373409],[121.83701359643479,13.462907823953763],[121.83637734876528,13.46262159961352]]]}},{"type":"Feature","properties":{"Id":0,"CLN":"7582","PSGC":"174001017","Barangay":"Buliasnin","Land_Class":null,"PIN":null},"geometry":{"type":"Polygon","coordinates":[[[121.83484922109193,13.463173628277485],[121.8349549563167,13.463016675982312],[121.83492587987797,13.462999417587287],[121.83481821680131,13.463153031337486],[121.83484922109193,13.463173628277485]]]}},{"type":"Feature","properties":{"Id":0,"CLN":"7578","PSGC":"174001017","Barangay":"Buliasnin","Land_Class":null,"PIN":null},"geometry":{"type":"Polygon","coordinates":[[[121.83492587987797,13.462999417587287],[121.8349549563167,13.463016675982312],[121.835024546513,13.462897133007859],[121.8349969464552,13.462876076210161],[121.83492587987797,13.462999417587287]]]}},{"type":"Feature","properties":{"Id":0,"CLN":"7577","PSGC":"174001017","Barangay":"Buliasnin","Land_Class":null,"PIN":null},"geometry":{"type":"Polygon","coordinates":[[[121.8349969464552,13.462876076210161],[121.835024546513,13.462897133007859],[121.83513861921033,13.462724522579927],[121.83511100995636,13.46270536837935],[121.8349969464552,13.462876076210161]]]}},{"type":"Feature","properties":{"Id":0,"CLN":"8094","PSGC":"174001017","Barangay":"Buliasnin","Land_Class":"AGRICULTURAL","PIN":null,"Owner":"RIEGO, ARACELI","TaxDecNo":"10748"},"geometry":{"type":"Polygon","coordinates":[[[121.83525056716435,13.462700751798254],[121.8352809211575,13.462721821327813],[121.8352998813831,13.462687027679108],[121.83527147747694,13.462664698769087],[121.83525056716435,13.462700751798254]]]}},{"type":"Feature","properties":{"Id":0,"CLN":"8074","PSGC":"174001017","Barangay":"Buliasnin","Land_Class":null,"PIN":null},"geometry":{"type":"Polygon","coordinates":[[[121.8352998813831,13.462687027679108],[121.8352809211575,13.462721821327813],[121.83583942171266,13.463139181006524],[121.83591306202695,13.46318708770269],[121.83597813029255,13.46313157860925],[121.8360595023684,13.463054581876296],[121.83619650170785,13.462864319213631],[121.83633323898604,13.462594144889332],[121.83628966473611,13.46262692206264],[121.83627925102978,13.462636386994259],[121.83617198559423,13.46284200839618],[121.83604533560876,13.463036124219],[121.83596660452562,13.46310298583165],[121.83591270836611,13.46312620199588],[121.83584739375532,13.46309862854621],[121.8352998813831,13.462687027679108]]]}},{"type":"Feature","properties":{"Id":0,"CLN":"8075","PSGC":"174001017","Barangay":"Buliasnin","Land_Class":"AGRICULTURAL","PIN":"030-01-018-12-045","Owner":"KENETH GERALD LINGON LAYAGUE AND AIRA MAE LINGON REBENITO","TaxDecNo":"30221"},"geometry":{"type":"Polygon","coordinates":[[[121.83596407395021,13.462570878554102],[121.83556218647006,13.4622581236687],[121.8354978051883,13.462360203379466],[121.83547358918307,13.46240072976195],[121.83586241961015,13.462677245566612],[121.83586290622604,13.462676439536475],[121.83596407395021,13.462570878554102]]]}},{"type":"Feature","properties":{"Id":0,"CLN":"8083","PSGC":"174001017","Barangay":"Buliasnin","Land_Class":"RESIDENTIAL","PIN":"030-01-018-12-028","Owner":"LABAGUIS, ANACLETO","TaxDecNo":"10743"},"geometry":{"type":"Polygon","coordinates":[[[121.83566584462956,13.46209376828785],[121.83564087927812,13.462075049197814],[121.83529344149281,13.462634080544243],[121.83532446698152,13.462650290910622],[121.8354978051883,13.462360203379395],[121.83566584462956,13.46209376828785]]]}},{"type":"Feature","properties":{"Id":0,"CLN":"8084","PSGC":"174001017","Barangay":"Buliasnin","Land_Class":"RESIDENTIAL","PIN":"030-01-018-12-049","Owner":"MONTIANO, LERMA J.","TaxDecNo":"10766"},"geometry":{"type":"Polygon","coordinates":[[[121.83567544648297,13.462073518067463],[121.83583369447815,13.462223924257334],[121.83589883605734,13.462153194482978],[121.83571906226074,13.461987467628601],[121.83567544648297,13.462073518067463]]]}},{"type":"Feature","properties":{"Id":0,"CLN":"8335","PSGC":"174001017","Barangay":"Buliasnin","Land_Class":"RESIDENTIAL","PIN":null,"Owner":"MONTIANO, LERMA J.","TaxDecNo":"10768"},"geometry":{"type":"Polygon","coordinates":[[[121.83565048113266,13.462054798978407],[121.83567544648297,13.462073518067463],[121.83571906226074,13.461987467628601],[121.83569241393488,13.46195943901702],[121.83565048113266,13.462054798978407]]]}},{"type":"Feature","properties":{"Id":0,"CLN":"8334","PSGC":"174001017","Barangay":"Buliasnin","Land_Class":null,"PIN":null},"geometry":{"type":"Polygon","coordinates":[[[121.83569241393488,13.46195943901702],[121.83571906226074,13.461987467628601],[121.83580887746567,13.461817069907683],[121.83578737211565,13.46179752124315],[121.83569241393488,13.46195943901702]]]}},{"type":"Feature","properties":{"Id":0,"CLN":"8085","PSGC":"174001017","Barangay":"Buliasnin","Land_Class":"AGRICULTURAL","PIN":"030-01-018-12-027","Owner":"OLAVIDEZ, BASILIA","TaxDecNo":"10742"},"geometry":{"type":"Polygon","coordinates":[[[121.83593253776831,13.46197323514753],[121.83580887746567,13.461817069907683],[121.83571906226074,13.461987467628601],[121.83589883605734,13.462153194482978],[121.83620990595996,13.462325448349297],[121.8362596716013,13.462218285970605],[121.83593253776831,13.46197323514753]]]}},{"type":"Feature","properties":{"Id":0,"CLN":"8088","PSGC":"174001017","Barangay":"Buliasnin","Land_Class":null,"PIN":null},"geometry":{"type":"Polygon","coordinates":[[[121.83580887746567,13.461817069907683],[121.83590292248451,13.46166529519549],[121.83587887017818,13.461636433012204],[121.83578737211565,13.46179752124315],[121.83580887746567,13.461817069907683]]]}},{"type":"Feature","properties":{"Id":0,"CLN":"8086","PSGC":"174001017","Barangay":"Buliasnin","Land_Class":"RESIDENTIAL","PIN":"030-01-018-12-028","Owner":"LABAGUIS, ANACLETO","TaxDecNo":"10743"},"geometry":{"type":"Polygon","coordinates":[[[121.83580887746567,13.461817069907683],[121.83593253776831,13.46197323514753],[121.83609986126703,13.461854778522003],[121.83590292248451,13.46166529519549],[121.83580887746567,13.461817069907683]]]}},{"type":"Feature","properties":{"Id":0,"CLN":"8089","PSGC":"174001017","Barangay":"Buliasnin","Land_Class":"RESIDENTIAL","PIN":"030-01-018-12-029","Owner":"PERAZ, LORNA M.","TaxDecNo":"30142"},"geometry":{"type":"Polygon","coordinates":[[[121.83587887017818,13.461636433012204],[121.83590292248451,13.46166529519549],[121.8359708478972,13.461554834503367],[121.8359381354177,13.461530160290197],[121.83587887017818,13.461636433012204]]]}},{"type":"Feature","properties":{"Id":0,"CLN":"8087","PSGC":"174001017","Barangay":"Buliasnin","Land_Class":"RESIDENTIAL","PIN":"030-01-018-12-029","Owner":"LABAGUIS, ROSARIO","TaxDecNo":"01-08720"},"geometry":{"type":"Polygon","coordinates":[[[121.8359708478972,13.461554834503367],[121.83590292248451,13.46166529519549],[121.83609986126703,13.461854778522003],[121.83618480870251,13.461797670144595],[121.8359708478972,13.461554834503367]]]}},{"type":"Feature","properties":{"Id":0,"CLN":"8090","PSGC":"174001017","Barangay":"Buliasnin","Land_Class":"AGRICULTURAL","PIN":"030-01-018-17-017","Owner":"LABAGUIS, SOTERO","TaxDecNo":"11012"},"geometry":{"type":"Polygon","coordinates":[[[121.83603917375487,13.461361505643831],[121.8359381354177,13.461530160290197],[121.8359708478972,13.461554834503367],[121.83606757044431,13.461385314250906],[121.83603917375487,13.461361505643831]]]}},{"type":"Feature","properties":{"Id":0,"CLN":"8336","PSGC":"174001017","Barangay":"Buliasnin","Land_Class":"AGRICULTURAL","PIN":"030-01-018-14-017","Owner":"LAMBON, RAMONCITO M.","TaxDecNo":"10847"},"geometry":{"type":"Polygon","coordinates":[[[121.8359708478972,13.461554834503367],[121.83618480870251,13.461797670144595],[121.83634175609633,13.461680856529274],[121.83606757044431,13.461385314250906],[121.8359708478972,13.461554834503367]]]}},{"type":"Feature","properties":{"Id":0,"CLN":"8092","PSGC":"174001017","Barangay":"Buliasnin","Land_Class":"AGRICULTURAL","PIN":"030-01-018-17-018","Owner":"RIEGO, MANUEL","TaxDecNo":"11013"},"geometry":{"type":"Polygon","coordinates":[[[121.83613807535495,13.46127740227788],[121.83606757044431,13.461385314250906],[121.83634175609633,13.461680856529274],[121.83641376014408,13.46162030570638],[121.83630895591394,13.461495515621536],[121.83634192992247,13.461466071812762],[121.83613807535495,13.46127740227788]]]}},{"type":"Feature","properties":{"Id":0,"CLN":"8091","PSGC":"174001017","Barangay":"Buliasnin","Land_Class":null,"PIN":null},"geometry":{"type":"Polygon","coordinates":[[[121.83606757044431,13.461385314250906],[121.83613807535495,13.46127740227788],[121.8361071194434,13.461246816933587],[121.83603917375487,13.461361505643831],[121.83606757044431,13.461385314250906]]]}},{"type":"Feature","properties":{"Id":0,"CLN":"8098","PSGC":"174001017","Barangay":"Buliasnin","Land_Class":"AGRICULTURAL","PIN":"030-01-018-17-019","Owner":"TAN, JOSELITO R.","TaxDecNo":"11014"},"geometry":{"type":"Polygon","coordinates":[[[121.83613807535495,13.46127740227788],[121.83634192992247,13.461466071812762],[121.83641678729416,13.461351415001063],[121.83617671536993,13.46114820247115],[121.83613807535495,13.46127740227788]]]}},{"type":"Feature","properties":{"Id":0,"CLN":"8107","PSGC":"174001017","Barangay":"Buliasnin","Land_Class":"AGRICULTURAL","PIN":"030-01-018-17-022","Owner":"FARCON, LINA M.","TaxDecNo":"31603"},"geometry":{"type":"Polygon","coordinates":[[[121.83718501167446,13.461681375702096],[121.83720318122239,13.461497116209841],[121.83675401056729,13.461296319456482],[121.83669210071794,13.46141357312915],[121.83665024602068,13.461492867025253],[121.83718501167446,13.461681375702096]]]}},{"type":"Feature","properties":{"Id":0,"CLN":"8097","PSGC":"174001017","Barangay":"Buliasnin","Land_Class":"AGRICULTURAL","PIN":"030-01-018-17-021","Owner":"FARCON, AMIR R. & FARCON, LINA M.","TaxDecNo":"11017"},"geometry":{"type":"Polygon","coordinates":[[[121.83669210071794,13.461413573129168],[121.83646042717704,13.461260290835975],[121.83641678729418,13.461351415001063],[121.83634192992247,13.461466071812776],[121.83630895591394,13.461495515621536],[121.83641376014408,13.46162030570638],[121.83649818450934,13.46167143316694],[121.83657052143596,13.461720813441],[121.83664979061652,13.461765997712451],[121.83703471102002,13.461853185431938],[121.83717715671307,13.461876675858685],[121.83718501167446,13.46168137570211],[121.83665024602065,13.461492867025251],[121.83669210071794,13.461413573129168]]]}},{"type":"Feature","properties":{"Id":0,"CLN":"8093","PSGC":"174001017","Barangay":"Buliasnin","Land_Class":"AGRICULTURAL","PIN":"030-01-018-12-031","Owner":"PERAZ, LORNA M.","TaxDecNo":"30134"},"geometry":{"type":"Polygon","coordinates":[[[121.83618480870251,13.461797670144595],[121.83621131813723,13.461854448880379],[121.83625079947174,13.461908750824259],[121.83649818450934,13.461671433166908],[121.83641376014408,13.46162030570638],[121.83634175609633,13.461680856529274],[121.83618480870251,13.461797670144595]]]}},{"type":"Feature","properties":{"Id":0,"CLN":"8094","PSGC":"174001017","Barangay":"Buliasnin","Land_Class":"AGRICULTURAL","PIN":"030-01-018-12-032","Owner":"RIEGO, ARACELI","TaxDecNo":"10748"},"geometry":{"type":"Polygon","coordinates":[[[121.83625079947174,13.461908750824259],[121.83632378382528,13.462002951616581],[121.83657052143596,13.461720813440966],[121.83649818450934,13.461671433166908],[121.83625079947174,13.461908750824259]]]}},{"type":"Feature","properties":{"Id":0,"CLN":"8095","PSGC":"174001017","Barangay":"Buliasnin","Land_Class":"AGRICULTURAL","PIN":"030-01-018-12-033","Owner":"LABAGUIS, ROSENDA","TaxDecNo":"10749"},"geometry":{"type":"Polygon","coordinates":[[[121.83664979061652,13.461765997712469],[121.83640009339327,13.462124227374504],[121.83649902167413,13.462213474529577],[121.83661129982146,13.462043180446901],[121.8367933945193,13.462086303656985],[121.83695126528559,13.462136079574442],[121.83703471102,13.461853185431936],[121.83664979061652,13.461765997712469]]]}},{"type":"Feature","properties":{"Id":0,"CLN":"8081","PSGC":"174001017","Barangay":"Buliasnin","Land_Class":"AGRICULTURAL","PIN":"030-01-018-12-034","Owner":"LABAGUIS, SOTERO","TaxDecNo":"10750"},"geometry":{"type":"Polygon","coordinates":[[[121.8367933945193,13.462086303656985],[121.83661129982146,13.462043180446901],[121.83649902167413,13.462213474529577],[121.8363256070984,13.462519629134109],[121.83657392196557,13.462626479963197],[121.8367933945193,13.462086303656985]]]}},{"type":"Feature","properties":{"Id":0,"CLN":"8082","PSGC":"174001017","Barangay":"Buliasnin","Land_Class":"AGRICULTURAL","PIN":"030-01-018-12-030","Owner":"LABAGUIS, SOTERO","TaxDecNo":"10746"},"geometry":{"type":"Polygon","coordinates":[[[121.8362596716013,13.462218285970621],[121.83620990596,13.462325448349295],[121.83589883605734,13.462153194482992],[121.83583369447818,13.462223924257351],[121.8363256070984,13.462519629134109],[121.83649902167416,13.462213474529579],[121.8364000933933,13.462124227374526],[121.83664979061652,13.461765997712451],[121.83657052143596,13.461720813441],[121.83632378382528,13.4620029516166],[121.83625079947174,13.461908750824277],[121.83621131813723,13.461854448880395],[121.83618480870254,13.46179767014461],[121.83609986126706,13.461854778522019],[121.83593253776831,13.461973235147514],[121.8362596716013,13.462218285970621]]]}},{"type":"Feature","properties":{"Id":0,"CLN":"8080","PSGC":"174001017","Barangay":"Buliasnin","Land_Class":"AGRICULTURAL","PIN":"030-01-018-12-035","Owner":"ALIPIO, ALBERTO M. & ALIPIO, NECITAS MAWAC","TaxDecNo":"10751"},"geometry":{"type":"Polygon","coordinates":[[[121.83657392196557,13.462626479963197],[121.8367947420159,13.46273480583153],[121.83695126528559,13.462136079574442],[121.8367933945193,13.462086303656985],[121.83657392196557,13.462626479963197]]]}},{"type":"Feature","properties":{"Id":0,"CLN":"8096","PSGC":"174001017","Barangay":"Buliasnin","Land_Class":"AGRICULTURAL","PIN":"030-01-018-12-036","Owner":"LABAGUIS, TERESITA O.","TaxDecNo":"10752"},"geometry":{"type":"Polygon","coordinates":[[[121.83717715671307,13.461876675858685],[121.83703471102,13.461853185431936],[121.83695126528559,13.462136079574442],[121.8367947420159,13.46273480583153],[121.83709812739656,13.462888419666918],[121.83715135767214,13.462839056637492],[121.83718273313056,13.462782827606064],[121.83723985695237,13.46240425744416],[121.83717715671307,13.461876675858685]]]}},{"type":"Feature","properties":{"Id":0,"CLN":"8099","PSGC":"174001017","Barangay":"Buliasnin","Land_Class":null,"PIN":null},"geometry":{"type":"Polygon","coordinates":[[[121.83617671536993,13.46114820247115],[121.83615391961519,13.461130814094922],[121.8361071194434,13.461246816933587],[121.83613807535495,13.46127740227788],[121.83617671536993,13.46114820247115]]]}},{"type":"Feature","properties":{"Id":0,"CLN":"7575","PSGC":"174001017","Barangay":"Buliasnin","Land_Class":"AGRICULTURAL","PIN":"030-01-018-12-019","Owner":"LABAGUIS, RONULFO M.","TaxDecNo":"32735"},"geometry":{"type":"Polygon","coordinates":[[[121.83515587468231,13.462647166082483],[121.83517881046538,13.462668694524009],[121.83521014271004,13.462621485432024],[121.83518374556465,13.46260106843799],[121.83515587468231,13.462647166082483]]]}},{"type":"Feature","properties":{"Id":0,"CLN":"7574","PSGC":"174001017","Barangay":"Buliasnin","Land_Class":"AGRICULTURAL","PIN":"030-01-018-12-019","Owner":"LABAGUIS, RONULFO M.","TaxDecNo":"32735"},"geometry":{"type":"Polygon","coordinates":[[[121.83475533742144,13.462335252189567],[121.83476911739957,13.46234433591949],[121.83483909290314,13.46240554429822],[121.83515587468231,13.462647166082483],[121.83518374556465,13.46260106843799],[121.83499220658456,13.462426548579042],[121.83497344128646,13.4622573392433],[121.83480704416351,13.462124652630937],[121.83475592115884,13.462214614276165],[121.83475533742144,13.462335252189567]]]}},{"type":"Feature","properties":{"Id":0,"CLN":"7567","PSGC":"174001017","Barangay":"Buliasnin","Land_Class":"AGRICULTURAL","PIN":"030-01-018-12-023","Owner":"MABOLO, ELEUTERIO","TaxDecNo":"10740"},"geometry":{"type":"Polygon","coordinates":[[[121.83497344128646,13.4622573392433],[121.8349675821856,13.462039707967229],[121.83502681792608,13.461939636519226],[121.83502485759936,13.46186859603476],[121.83499052768572,13.461821082686589],[121.83477582557893,13.461910286272188],[121.83480704416351,13.462124652630937],[121.83497344128646,13.4622573392433]]]}},{"type":"Feature","properties":{"Id":0,"CLN":"7572","PSGC":"174001017","Barangay":"Buliasnin","Land_Class":null,"PIN":null},"geometry":{"type":"Polygon","coordinates":[[[121.83521273568475,13.462561740870528],[121.83523567146587,13.46258326930676],[121.83528788637499,13.462505714925973],[121.83526379862616,13.462484181157437],[121.83521273568475,13.462561740870528]]]}},{"type":"Feature","properties":{"Id":0,"CLN":"7573","PSGC":"174001017","Barangay":"Buliasnin","Land_Class":"AGRICULTURAL","PIN":"030-01-018-12-020","Owner":"LABAGUIS, RONULFO M.","TaxDecNo":"32740"},"geometry":{"type":"Polygon","coordinates":[[[121.83521273568475,13.462561740870528],[121.83526379862616,13.462484181157437],[121.83502737653191,13.462300433517838],[121.83503953549045,13.46240647321821],[121.83521273568475,13.462561740870528]]]}},{"type":"Feature","properties":{"Id":0,"CLN":"7571","PSGC":"174001017","Barangay":"Buliasnin","Land_Class":"AGRICULTURAL","PIN":"030-01-018-12-022","Owner":"MABOLO, ELEUTERIO","TaxDecNo":"10737"},"geometry":{"type":"Polygon","coordinates":[[[121.83526379862616,13.462484181157437],[121.83528788637499,13.462505714925973],[121.83550267451405,13.462160572761348],[121.83547511996856,13.462141277920768],[121.83526379862616,13.462484181157437]]]}},{"type":"Feature","properties":{"Id":0,"CLN":"7568","PSGC":"174001017","Barangay":"Buliasnin","Land_Class":"AGRICULTURAL","PIN":"030-01-018-12-022","Owner":"MABOLO, ELEUTERIO","TaxDecNo":"10737"},"geometry":{"type":"Polygon","coordinates":[[[121.83502165373837,13.462054615808226],[121.83502737653191,13.462300433517838],[121.83526379862616,13.462484181157437],[121.83547511996856,13.462141277920768],[121.83507947995172,13.461769630673027],[121.83503906842806,13.4617886106232],[121.83507562047306,13.461853046500357],[121.83508439444637,13.461944413243751],[121.83502165373837,13.462054615808226]]]}},{"type":"Feature","properties":{"Id":0,"CLN":"7570","PSGC":"174001017","Barangay":"Buliasnin","Land_Class":"RESIDENTIAL","PIN":"030-01-018-12-025","Owner":"TAN, ARACELI RIEGO","TaxDecNo":"10773"},"geometry":{"type":"Polygon","coordinates":[[[121.83547511996856,13.462141277920768],[121.83550267451405,13.462160572761348],[121.83561064705202,13.46198744052689],[121.83558308706404,13.461969273156289],[121.83547511996856,13.462141277920768]]]}},{"type":"Feature","properties":{"Id":0,"CLN":"7569","PSGC":"174001017","Barangay":"Buliasnin","Land_Class":"RESIDENTIAL","PIN":"030-01-018-12-052","Owner":"TAN, ARACELI R.","TaxDecNo":"10770"},"geometry":{"type":"Polygon","coordinates":[[[121.83507947995172,13.461769630673027],[121.83547511996856,13.462141277920768],[121.83558308706404,13.461969273156289],[121.83525627057958,13.46165882900292],[121.83507947995172,13.461769630673027]]]}},{"type":"Feature","properties":{"Id":0,"CLN":"7555","PSGC":"174001017","Barangay":"Buliasnin","Land_Class":null,"PIN":null},"geometry":{"type":"Polygon","coordinates":[[[121.83558308706404,13.461969273156289],[121.83561064705202,13.46198744052689],[121.83586990651709,13.461498186117042],[121.83584926379905,13.461478923324135],[121.83558308706404,13.461969273156289]]]}},{"type":"Feature","properties":{"Id":0,"CLN":"7565","PSGC":"174001017","Barangay":"Buliasnin","Land_Class":"AGRICULTURAL","PIN":"030-01-018-12-024","Owner":"MADAMBA, REMEDIOS A.","TaxDecNo":"10741"},"geometry":{"type":"Polygon","coordinates":[[[121.83472511852251,13.461047552405285],[121.83475949377605,13.461868386572466],[121.83477582557893,13.461910286272188],[121.83499052768572,13.461821082686589],[121.83490007253259,13.46164747966721],[121.83488968081949,13.461619092639605],[121.83484349770772,13.46137155756756],[121.83472511852251,13.461047552405285]]]}},{"type":"Feature","properties":{"Id":0,"CLN":"7553","PSGC":"174001017","Barangay":"Buliasnin","Land_Class":null,"PIN":null},"geometry":{"type":"Polygon","coordinates":[[[121.83584926379905,13.461478923324135],[121.83586990651709,13.461498186117042],[121.83601867938864,13.461124527416429],[121.83599244456342,13.461106372124089],[121.83584926379905,13.461478923324135]]]}},{"type":"Feature","properties":{"Id":0,"CLN":"7671","PSGC":"174001017","Barangay":"Buliasnin","Land_Class":"AGRICULTURAL","PIN":"030-01-018-09-002","Owner":"LABAGUIS, CONRADO","TaxDecNo":"10559"},"geometry":{"type":"Polygon","coordinates":[[[121.83085438349151,13.468934510793355],[121.830814800113,13.469163811809349],[121.83123401334522,13.469223133326725],[121.83129923341151,13.468995744304813],[121.83130875823188,13.468920488764223],[121.83085438349151,13.468934510793355]]]}},{"type":"Feature","properties":{"Id":0,"CLN":"7640","PSGC":"174001017","Barangay":"Buliasnin","Land_Class":"AGRICULTURAL","PIN":"030-01-018-09-006","Owner":"MONTAÑA, TERESITA","TaxDecNo":"10562"},"geometry":{"type":"Polygon","coordinates":[[[121.83134168292055,13.46930789820852],[121.83164391650025,13.469399678555694],[121.83171740227543,13.469270202569296],[121.83174535853806,13.469171725601562],[121.83148948375698,13.469050414676781],[121.83143094317006,13.469034006764524],[121.83134168292055,13.46930789820852]]]}},{"type":"Feature","properties":{"Id":0,"CLN":"7680","PSGC":"174001017","Barangay":"Buliasnin","Land_Class":"AGRICULTURAL","PIN":"030-01-018-09-005","Owner":"MONTANA, DOMINGO","TaxDecNo":"10561"},"geometry":{"type":"Polygon","coordinates":[[[121.83130875823188,13.468920488764223],[121.83129923341151,13.468995744304813],[121.83143094317006,13.469034006764524],[121.83148948375698,13.469050414676781],[121.83163007003687,13.46876959038845],[121.83190438482846,13.468865886922384],[121.83193003929338,13.468864213321682],[121.83198731354312,13.468764079738415],[121.83209471721891,13.468526129382512],[121.83176548240723,13.468422406351854],[121.8314563371813,13.46833132630424],[121.83130875823188,13.468920488764223]]]}},{"type":"Feature","properties":{"Id":0,"CLN":"7639","PSGC":"174001017","Barangay":"Buliasnin","Land_Class":"AGRICULTURAL","PIN":"030-01-018-09-004","Owner":"GERONIMO M. LINGA & TERESITA G. LINGA","TaxDecNo":"10560"},"geometry":{"type":"Polygon","coordinates":[[[121.83096925171594,13.468291410921298],[121.830957938533,13.468357693860735],[121.83090723374994,13.468613835974546],[121.83085438349151,13.468934510793355],[121.83130875823188,13.468920488764223],[121.8314563371813,13.46833132630424],[121.83131189199035,13.468275076123058],[121.83115981483127,13.468281540232569],[121.83096925171594,13.468291410921298]]]}},{"type":"Feature","properties":{"Id":0,"CLN":"7660-B","PSGC":"174001017","Barangay":"Buliasnin","Land_Class":"AGRICULTURAL","PIN":"030-01-018-09-008","Owner":"SENA, ULYSIS S.J.","TaxDecNo":"10612"},"geometry":{"type":"Polygon","coordinates":[[[121.83221270280792,13.468721201495491],[121.83203347716129,13.468661805382034],[121.83198731354315,13.468764079738415],[121.83193003929341,13.468864213321716],[121.8319079797712,13.46886565240209],[121.83178450373828,13.469072300513831],[121.83220300605959,13.469238395622101],[121.8323228414119,13.468821527207163],[121.83219309401231,13.46877504745386],[121.83221270280792,13.468721201495491]]]}},{"type":"Feature","properties":{"Id":0,"CLN":"7642","PSGC":"174001017","Barangay":"Buliasnin","Land_Class":"AGRICULTURAL","PIN":"030-01-018-09-013","Owner":"LARGO, GODOFREDO NITORAL & MABUTI, DIVINA MINGI","TaxDecNo":"10570"},"geometry":{"type":"Polygon","coordinates":[[[121.8314563371813,13.46833132630424],[121.83176548240723,13.468422406351872],[121.83186206911225,13.468148548733103],[121.8317497573718,13.468125217766906],[121.83148679539441,13.468094811270044],[121.8314563371813,13.46833132630424]]]}},{"type":"Feature","properties":{"Id":0,"CLN":"7636","PSGC":"174001017","Barangay":"Buliasnin","Land_Class":"AGRICULTURAL","PIN":"030-01-018-09-027","Owner":"JANDA, GODOFREDO","TaxDecNo":"10582"},"geometry":{"type":"Polygon","coordinates":[[[121.83102373318994,13.468011979253808],[121.83101595310791,13.468105171433566],[121.83096925171594,13.468291410921298],[121.83115981483127,13.468281540232569],[121.8311885720699,13.468018124543265],[121.83102373318994,13.468011979253808]]]}},{"type":"Feature","properties":{"Id":0,"CLN":"7635","PSGC":"174001017","Barangay":"Buliasnin","Land_Class":"AGRICULTURAL","PIN":"030-01-018-09-026","Owner":"LACORTE, PABLO & SISTERS","TaxDecNo":"10580"},"geometry":{"type":"Polygon","coordinates":[[[121.83101379569294,13.467794997777839],[121.83102373318994,13.468011979253808],[121.8311885720699,13.468018124543265],[121.83121527105882,13.467801313457205],[121.83101379569294,13.467794997777839]]]}},{"type":"Feature","properties":{"Id":0,"CLN":"7641","PSGC":"174001017","Barangay":"Buliasnin","Land_Class":"AGRICULTURAL","PIN":"030-01-018-09-016","Owner":"JANDA, GODOFREDO","TaxDecNo":"10573"},"geometry":{"type":"Polygon","coordinates":[[[121.83131189199035,13.468275076123058],[121.8314563371813,13.46833132630424],[121.83148679539441,13.468094811270026],[121.83149253458582,13.468044638057155],[121.83150201576818,13.467978346561226],[121.83151928552547,13.467817070038349],[121.83153434050476,13.46773466877234],[121.83134545297386,13.467776818935434],[121.83131189199035,13.468275076123058]]]}},{"type":"Feature","properties":{"Id":0,"CLN":"7861","PSGC":"174001017","Barangay":"Buliasnin","Land_Class":"AGRICULTURAL","PIN":"030-01-018-09-014","Owner":"SENA, JOSE FAUSTINO & SAN JUAN, FAUSTINA","TaxDecNo":"10571"},"geometry":{"type":"Polygon","coordinates":[[[121.83148679539441,13.468094811270026],[121.8317497573718,13.468125217766891],[121.83176901968703,13.468071023473678],[121.83149253458582,13.468044638057155],[121.83148679539441,13.468094811270026]]]}},{"type":"Feature","properties":{"Id":0,"CLN":"7862","PSGC":"174001017","Barangay":"Buliasnin","Land_Class":"AGRICULTURAL","PIN":"030-01-018-09-015","Owner":"MAANO, PERFECTO","TaxDecNo":"10572"},"geometry":{"type":"Polygon","coordinates":[[[121.83149253458582,13.468044638057155],[121.83176901968703,13.468071023473678],[121.83178403110064,13.467997586255066],[121.83150201576818,13.467978346561226],[121.83149253458582,13.468044638057155]]]}},{"type":"Feature","properties":{"Id":0,"CLN":"7643","PSGC":"174001017","Barangay":"Buliasnin","Land_Class":"AGRICULTURAL","PIN":"030-01-018-09-012","Owner":"NOBLEZA, ELPIDIO","TaxDecNo":"10569"},"geometry":{"type":"Polygon","coordinates":[[[121.83182705943362,13.467813122338573],[121.83178403110064,13.467997586255066],[121.83176901968703,13.468071023473678],[121.8317497573718,13.468125217766891],[121.83186206911225,13.468148548733085],[121.83198099918484,13.46817778720311],[121.83200477824381,13.468185069141345],[121.83213111750942,13.46781991411623],[121.83182705943362,13.467813122338573]]]}},{"type":"Feature","properties":{"Id":0,"CLN":"7657","PSGC":"174001017","Barangay":"Buliasnin","Land_Class":"AGRICULTURAL","PIN":"030-01-018-09-010","Owner":"LEYNES, ZOSIMO","TaxDecNo":"30520"},"geometry":{"type":"Polygon","coordinates":[[[121.83200477824381,13.468185069141345],[121.83198099918484,13.46817778720311],[121.83194007241572,13.468306682446437],[121.8323021584724,13.468435657852059],[121.83235767889295,13.46831938032563],[121.83200477824381,13.468185069141345]]]}},{"type":"Feature","properties":{"Id":0,"CLN":"7657","PSGC":"174001017","Barangay":"Buliasnin","Land_Class":"RESIDENTIAL","PIN":"030-01-018-09-009","Owner":"SAN JUAN, EDILBERTO","TaxDecNo":"10565"},"geometry":{"type":"Polygon","coordinates":[[[121.8323021584724,13.468435657852059],[121.83243932016725,13.468482909377288],[121.83248202637466,13.468364779427816],[121.83235767889295,13.46831938032563],[121.8323021584724,13.468435657852059]]]}},{"type":"Feature","properties":{"Id":0,"CLN":"7644","PSGC":"174001017","Barangay":"Buliasnin","Land_Class":"RESIDENTIAL","PIN":"030-01-018-09-040","Owner":"MABANSAG, ADELIA J.","TaxDecNo":"10595"},"geometry":{"type":"Polygon","coordinates":[[[121.83171401320094,13.467684418453976],[121.83170670888681,13.467787928582192],[121.83176918333311,13.467778214731569],[121.83177390408522,13.467667668317885],[121.83171401320094,13.467684418453976]]]}},{"type":"Feature","properties":{"Id":0,"CLN":"7645","PSGC":"174001017","Barangay":"Buliasnin","Land_Class":"AGRICULTURAL","PIN":"030-01-018-09-018","Owner":"JANDA, GODOFREDO","TaxDecNo":"10574"},"geometry":{"type":"Polygon","coordinates":[[[121.83178403110064,13.467997586255066],[121.83182705943362,13.46781312233859],[121.83213111750942,13.467819914116244],[121.8322389206215,13.467499494208177],[121.8322466827994,13.467409887573309],[121.83203220218483,13.467441162235641],[121.83184147441409,13.46748509709839],[121.83183701032988,13.467650018899247],[121.8318327724417,13.467768327550527],[121.83151928552547,13.467817070038366],[121.83150201576818,13.467978346561225],[121.83178403110064,13.467997586255066]]]}},{"type":"Feature","properties":{"Id":0,"CLN":"7633","PSGC":"174001017","Barangay":"Buliasnin","Land_Class":"AGRICULTURAL","PIN":"030-01-018-09-030","Owner":"MONTENEGRO, CLAUDIA","TaxDecNo":"10585"},"geometry":{"type":"Polygon","coordinates":[[[121.83070069153216,13.467729801930899],[121.83101379569294,13.467794997777839],[121.83104921148166,13.466914871501293],[121.83081117874461,13.466892249995981],[121.83070069153216,13.467729801930899]]]}},{"type":"Feature","properties":{"Id":0,"CLN":"7635 pt.","PSGC":"174001017","Barangay":"Buliasnin","Land_Class":"AGRICULTURAL","PIN":"030-01-018-09-025","Owner":"LACORTE, PABLO & SISTERS","TaxDecNo":"10580"},"geometry":{"type":"Polygon","coordinates":[[[121.83134529309717,13.467779192524759],[121.83134545297386,13.467776818935466],[121.8315343405048,13.467734668772339],[121.83183701032988,13.467650018899247],[121.83184147441409,13.46748509709839],[121.8318139699712,13.466735556331976],[121.8317924143837,13.466647606295528],[121.83181063204192,13.466290913038156],[121.83130367034357,13.466195327760259],[121.83117728739802,13.466569446447847],[121.8310912999278,13.466924031529572],[121.83104921148167,13.466914871501292],[121.83101379569297,13.467794997777855],[121.83121527105882,13.467801313457226],[121.83121511634386,13.467802569833097],[121.83134529309717,13.467779192524759]]]}},{"type":"Feature","properties":{"Id":0,"CLN":"7618","PSGC":"174001017","Barangay":"Buliasnin","Land_Class":"AGRICULTURAL","PIN":"030-01-018-09-034","Owner":"VILLAMIN, CORAZON","TaxDecNo":"10589"},"geometry":{"type":"Polygon","coordinates":[[[121.83075485919873,13.46641867470282],[121.831177287398,13.466569446447812],[121.83130367034357,13.466195327760259],[121.83094179715498,13.466023323699453],[121.83075485919873,13.46641867470282]]]}},{"type":"Feature","properties":{"Id":0,"CLN":"7620","PSGC":"174001017","Barangay":"Buliasnin","Land_Class":null,"PIN":null},"geometry":{"type":"Polygon","coordinates":[[[121.83094179715498,13.466023323699453],[121.83130367034357,13.466195327760259],[121.83131291647403,13.466177442217743],[121.83095291865045,13.465996482626931],[121.83094179715498,13.466023323699453]]]}},{"type":"Feature","properties":{"Id":0,"CLN":"7623","PSGC":"174001017","Barangay":"Buliasnin","Land_Class":null,"PIN":null},"geometry":{"type":"Polygon","coordinates":[[[121.83130367034357,13.466195327760259],[121.8318106320419,13.466290913038142],[121.83180896551391,13.466256841066462],[121.83131291647403,13.466177442217743],[121.83130367034357,13.466195327760259]]]}},{"type":"Feature","properties":{"Id":0,"CLN":"7646","PSGC":"174001017","Barangay":"Buliasnin","Land_Class":"AGRICULTURAL","PIN":"030-01-018-09-023","Owner":"MALAPOTE, JESUS","TaxDecNo":"10578"},"geometry":{"type":"Polygon","coordinates":[[[121.83184147441409,13.46748509709839],[121.83203220218483,13.467441162235641],[121.83212665637704,13.466725654811695],[121.8318139699712,13.46673555633194],[121.83184147441409,13.46748509709839]]]}},{"type":"Feature","properties":{"Id":0,"CLN":"7647","PSGC":"174001017","Barangay":"Buliasnin","Land_Class":"AGRICULTURAL","PIN":"030-01-018-09-022","Owner":"MALAPOTE, EDMUNDO M.","TaxDecNo":"10577"},"geometry":{"type":"Polygon","coordinates":[[[121.83203220218483,13.467441162235641],[121.8322466827994,13.467409887573309],[121.83233330160569,13.467176621389903],[121.83243952443298,13.466804201221533],[121.83245264284314,13.466743305119849],[121.83212665637704,13.466725654811695],[121.83203220218483,13.467441162235641]]]}},{"type":"Feature","properties":{"Id":0,"CLN":"7628","PSGC":"174001017","Barangay":"Buliasnin","Land_Class":"AGRICULTURAL","PIN":"030-01-018-09-024","Owner":"NOBLEZA, FERMIN","TaxDecNo":"30496"},"geometry":{"type":"Polygon","coordinates":[[[121.8318139699712,13.46673555633194],[121.83212665637704,13.466725654811695],[121.83245264284314,13.466743305119849],[121.83256642726747,13.466322512915195],[121.8318106320419,13.466290913038142],[121.8317924143837,13.466647606295528],[121.8318139699712,13.46673555633194]]]}},{"type":"Feature","properties":{"Id":0,"CLN":"7624","PSGC":"174001017","Barangay":"Buliasnin","Land_Class":null,"PIN":null},"geometry":{"type":"Polygon","coordinates":[[[121.8318106320419,13.466290913038142],[121.83256642726747,13.466322512915195],[121.83256291142307,13.466292018059079],[121.83180896551391,13.466256841066462],[121.8318106320419,13.466290913038142]]]}},{"type":"Feature","properties":{"Id":0,"CLN":"7653","PSGC":"174001017","Barangay":"Buliasnin","Land_Class":"AGRICULTURAL","PIN":"030-01-018-09-011","Owner":"YU CHU INVESTMENT CORP.","TaxDecNo":"10567"},"geometry":{"type":"Polygon","coordinates":[[[121.8322389206215,13.467499494208191],[121.83213111750942,13.46781991411623],[121.83200477824381,13.468185069141345],[121.83235767889295,13.46831938032563],[121.83248202637466,13.468364779427816],[121.83270829341602,13.467713250295233],[121.8322389206215,13.467499494208191]]]}},{"type":"Feature","properties":{"Id":0,"CLN":"7652","PSGC":"174001017","Barangay":"Buliasnin","Land_Class":"AGRICULTURAL","PIN":"030-01-018-09-011","Owner":"YU CHU INVESTMENT CORP.","TaxDecNo":"10567"},"geometry":{"type":"Polygon","coordinates":[[[121.83270829341602,13.467713250295233],[121.83248202637466,13.468364779427816],[121.83273605568333,13.467725481013623],[121.83270829341602,13.467713250295233]]]}},{"type":"Feature","properties":{"Id":0,"CLN":"7651","PSGC":"174001017","Barangay":"Buliasnin","Land_Class":"AGRICULTURAL","PIN":"030-01-018-09-019","Owner":"SENA, LEODEGARIO SJ. & SENA, GLORIA S.","TaxDecNo":"10575"},"geometry":{"type":"Polygon","coordinates":[[[121.83233330160569,13.467176621389903],[121.8322466827994,13.467409887573309],[121.8322389206215,13.467499494208191],[121.83270829341602,13.467713250295233],[121.83284703895927,13.467362943469219],[121.83233330160569,13.467176621389903]]]}},{"type":"Feature","properties":{"Id":0,"CLN":"7650","PSGC":"174001017","Barangay":"Buliasnin","Land_Class":"AGRICULTURAL","PIN":"030-01-018-09-019","Owner":"SENA, LEODEGARIO SJ. & SENA, GLORIA S.","TaxDecNo":"10575"},"geometry":{"type":"Polygon","coordinates":[[[121.83270829341602,13.467713250295233],[121.83273605568333,13.467725481013623],[121.83287993854839,13.467378223470307],[121.83284703895927,13.467362943469219],[121.83270829341602,13.467713250295233]]]}},{"type":"Feature","properties":{"Id":0,"CLN":"7648","PSGC":"174001017","Barangay":"Buliasnin","Land_Class":null,"PIN":"030-01-018-09-020"},"geometry":{"type":"Polygon","coordinates":[[[121.83284703895927,13.467362943469219],[121.8329798705352,13.46695714262646],[121.83243952443298,13.466804201221533],[121.83233330160569,13.467176621389903],[121.83284703895927,13.467362943469219]]]}},{"type":"Feature","properties":{"Id":0,"CLN":"7649","PSGC":"174001017","Barangay":"Buliasnin","Land_Class":"RESIDENTIAL","PIN":"030-01-018-09-020","Owner":"SPOUSES ENGR. NEBREJA, JIMMY T. & DRA. NEBREJA, ARLENE L.","TaxDecNo":"01-35452"},"geometry":{"type":"Polygon","coordinates":[[[121.83284703895927,13.467362943469219],[121.83287993854839,13.467378223470307],[121.83302309854933,13.466967428162981],[121.8329798705352,13.46695714262646],[121.83284703895927,13.467362943469219]]]}},{"type":"Feature","properties":{"Id":0,"CLN":"7627","PSGC":"174001017","Barangay":"Buliasnin","Land_Class":"AGRICULTURAL","PIN":"030-01-018-09-021","Owner":"YU CHU INVESTMENT CORP.","TaxDecNo":"10576"},"geometry":{"type":"Polygon","coordinates":[[[121.8329798705352,13.46695714262646],[121.8330941837277,13.46654520480175],[121.83270562136967,13.466351789083106],[121.83256642726747,13.466322512915195],[121.83245264284314,13.466743305119849],[121.83243952443298,13.466804201221533],[121.8329798705352,13.46695714262646]]]}},{"type":"Feature","properties":{"Id":0,"CLN":"7626","PSGC":"174001017","Barangay":"Buliasnin","Land_Class":"AGRICULTURAL","PIN":"030-01-018-09-021","Owner":"YU CHU INVESTMENT CORP.","TaxDecNo":"10576"},"geometry":{"type":"Polygon","coordinates":[[[121.83256642726747,13.466322512915195],[121.83270562136967,13.466351789083106],[121.8330941837277,13.46654520480175],[121.8329798705352,13.46695714262646],[121.83302309854933,13.466967428162981],[121.83313960445503,13.466528271513228],[121.83271396236273,13.46633165820966],[121.83258327766443,13.46629474591515],[121.83256291142307,13.466292018059079],[121.83256642726747,13.466322512915195]]]}},{"type":"Feature","properties":{"Id":0,"CLN":"7867","PSGC":"174001017","Barangay":"Buliasnin","Land_Class":null,"PIN":null},"geometry":{"type":"Polygon","coordinates":[[[121.83486597664097,13.469361774140891],[121.83487894099507,13.469333904379777],[121.83454025412827,13.469199309804006],[121.83453737614248,13.46922618928271],[121.83486597664097,13.469361774140891]]]}},{"type":"Feature","properties":{"Id":0,"CLN":"7866","PSGC":"174001017","Barangay":"Buliasnin","Land_Class":null,"PIN":null},"geometry":{"type":"Polygon","coordinates":[[[121.83426728767238,13.469107952648027],[121.83453737614248,13.46922618928271],[121.83454025412827,13.469199309803985],[121.8342838914872,13.469083826132454],[121.83426728767238,13.469107952648027]]]}},{"type":"Feature","properties":{"Id":0,"CLN":"7865","PSGC":"174001017","Barangay":"Buliasnin","Land_Class":null,"PIN":null},"geometry":{"type":"Polygon","coordinates":[[[121.83426728767238,13.469107952648027],[121.8342838914872,13.469083826132454],[121.83401933141458,13.468958891692267],[121.83400133416099,13.468987045646804],[121.83426728767238,13.469107952648027]]]}},{"type":"Feature","properties":{"Id":0,"CLN":"7864","PSGC":"174001017","Barangay":"Buliasnin","Land_Class":null,"PIN":null},"geometry":{"type":"Polygon","coordinates":[[[121.83372452019269,13.468839195156788],[121.83400133416099,13.468987045646804],[121.83401933141458,13.468958891692267],[121.8337849774712,13.468838131104384],[121.83373696981944,13.468821772604368],[121.83372452019269,13.468839195156788]]]}},{"type":"Feature","properties":{"Id":0,"CLN":"7856","PSGC":"174001017","Barangay":"Buliasnin","Land_Class":"AGRICULTURAL","PIN":"030-01-018-10-007","Owner":"SAN PEDRO, ALEXANDER & SAN PEDRO, MYRNA R.","TaxDecNo":"10625"},"geometry":{"type":"Polygon","coordinates":[[[121.8333097567286,13.46909006228341],[121.83351389823778,13.469207993781277],[121.83367696121108,13.469013777752153],[121.83363733365842,13.468969220666136],[121.83372452019269,13.468839195156788],[121.83357802318777,13.468733633191194],[121.8335240899719,13.468805993451566],[121.83348256075243,13.46887034343403],[121.8334024390056,13.468960062420223],[121.8333097567286,13.46909006228341]]]}},{"type":"Feature","properties":{"Id":0,"CLN":"7865","PSGC":"174001017","Barangay":"Buliasnin","Land_Class":null,"PIN":null},"geometry":{"type":"Polygon","coordinates":[[[121.83357802318777,13.468733633191194],[121.83372452019269,13.468839195156788],[121.83373696981944,13.468821772604368],[121.83359464658669,13.468705472891777],[121.83357802318777,13.468733633191194]]]}},{"type":"Feature","properties":{"Id":0,"CLN":"7861","PSGC":"174001017","Barangay":"Buliasnin","Land_Class":"AGRICULTURAL","PIN":"030-01-018-09-014","Owner":"SENA, JOSE FAUSTINO & SAN JUAN, FAUSTINA","TaxDecNo":"10571"},"geometry":{"type":"Polygon","coordinates":[[[121.83236950209351,13.468909547062768],[121.83275187584191,13.469104951774273],[121.83310653789736,13.469348634327561],[121.8331328111756,13.46931379567614],[121.83328358127007,13.469104731799591],[121.83247675189061,13.468608845915728],[121.83236950209351,13.468909547062768]]]}},{"type":"Feature","properties":{"Id":0,"CLN":"7862","PSGC":"174001017","Barangay":"Buliasnin","Land_Class":"AGRICULTURAL","PIN":"030-01-018-09-015","Owner":"MAANO, PERFECTO","TaxDecNo":"10572"},"geometry":{"type":"Polygon","coordinates":[[[121.83247675189061,13.468608845915709],[121.83328358127007,13.46910473179957],[121.8333097567286,13.46909006228341],[121.8334024390056,13.468960062420223],[121.83255596950914,13.468422308917852],[121.83247675189061,13.468608845915709]]]}},{"type":"Feature","properties":{"Id":0,"CLN":"7857","PSGC":"174001017","Barangay":"Buliasnin","Land_Class":"AGRICULTURAL","PIN":"030-01-018-10-004","Owner":"MADLA, RUTH M.","TaxDecNo":"10622"},"geometry":{"type":"Polygon","coordinates":[[[121.83255596950914,13.468422308917852],[121.8334024390056,13.468960062420223],[121.83348256075243,13.46887034343403],[121.83293584267797,13.468566605343574],[121.83258379922776,13.468349827613677],[121.83255596950914,13.468422308917852]]]}},{"type":"Feature","properties":{"Id":0,"CLN":"7858","PSGC":"174001017","Barangay":"Buliasnin","Land_Class":"AGRICULTURAL","PIN":"030-01-018-10-005","Owner":"MANRIQUE, JOEWEY M.","TaxDecNo":"10623"},"geometry":{"type":"Polygon","coordinates":[[[121.83293584267797,13.468566605343574],[121.83348256075243,13.46887034343403],[121.8335240899719,13.468805993451566],[121.83299122159029,13.46847946088312],[121.83293584267797,13.468566605343574]]]}},{"type":"Feature","properties":{"Id":0,"CLN":"7859","PSGC":"174001017","Barangay":"Buliasnin","Land_Class":"AGRICULTURAL","PIN":"030-01-018-10-006","Owner":"MADLA, RUBEN M.","TaxDecNo":"01-08616"},"geometry":{"type":"Polygon","coordinates":[[[121.83258379922776,13.468349827613677],[121.83293584267797,13.468566605343574],[121.83299122159029,13.46847946088312],[121.8335240899719,13.468805993451566],[121.83357802318777,13.468733633191194],[121.83273564303008,13.468202622500742],[121.83271310871787,13.468033093102612],[121.83258379922776,13.468349827613677]]]}},{"type":"Feature","properties":{"Id":0,"CLN":"7860","PSGC":"174001017","Barangay":"Buliasnin","Land_Class":"AGRICULTURAL","PIN":"030-01-018-09-015","Owner":"MAANO, PERFECTO","TaxDecNo":"10572"},"geometry":{"type":"Polygon","coordinates":[[[121.83278266129417,13.46813964278109],[121.83271310871787,13.468033093102612],[121.83273564303008,13.468202622500742],[121.83357802318777,13.468733633191194],[121.83359464658669,13.468705472891777],[121.83278266129417,13.46813964278109]]]}},{"type":"Feature","properties":{"Id":0,"CLN":"7884","PSGC":"174001017","Barangay":"Buliasnin","Land_Class":"AGRICULTURAL","PIN":"030-01-018-10-010","Owner":"LABAGUIS, CRISTINA A.","TaxDecNo":"10628"},"geometry":{"type":"Polygon","coordinates":[[[121.83460588843245,13.469087093010348],[121.83462854525537,13.469036521914008],[121.83466993989866,13.468946706950195],[121.83468576051905,13.468895639013004],[121.83377927491624,13.468455856862986],[121.83366719584777,13.468619382899826],[121.8338451683026,13.468750639063371],[121.83460588843245,13.469087093010348]]]}},{"type":"Feature","properties":{"Id":0,"CLN":"7855","PSGC":"174001017","Barangay":"Buliasnin","Land_Class":"AGRICULTURAL","PIN":"030-01-018-10-009","Owner":"JANDA, ROLANDO M. & JANDA, LYDIA B.","TaxDecNo":"10627"},"geometry":{"type":"Polygon","coordinates":[[[121.83366719584777,13.468619382899826],[121.83365337886377,13.468635454461879],[121.83382308197888,13.468772050823501],[121.8345902711135,13.469120300454211],[121.83460588843245,13.469087093010348],[121.8338451683026,13.468750639063371],[121.83366719584777,13.468619382899826]]]}},{"type":"Feature","properties":{"Id":0,"CLN":"7883","PSGC":"174001017","Barangay":"Buliasnin","Land_Class":"AGRICULTURAL","PIN":"030-01-018-10-013","Owner":"MARQUEZ, PAZ O. ; MARQUEZ, LUISITO & SEMILLA, MARIA AGNES M.","TaxDecNo":"10630"},"geometry":{"type":"Polygon","coordinates":[[[121.83377927491624,13.468455856862986],[121.83468576051905,13.468895639013004],[121.83475020728635,13.468687608756012],[121.83386118062685,13.468281433615289],[121.83377927491624,13.468455856862986]]]}},{"type":"Feature","properties":{"Id":0,"CLN":"7900","PSGC":"174001017","Barangay":"Buliasnin","Land_Class":"AGRICULTURAL","PIN":"030-01-018-10-017","Owner":"HAIDEE JANDUSAY-PALEC","TaxDecNo":"30017"},"geometry":{"type":"Polygon","coordinates":[[[121.83395704644249,13.468061357304121],[121.83425862207868,13.468202599150347],[121.83438107949625,13.467881797891856],[121.83433331941269,13.467814344291009],[121.83414330130056,13.467900864510412],[121.8340567015342,13.467909875225509],[121.83395704644249,13.468061357304121]]]}},{"type":"Feature","properties":{"Id":0,"CLN":"7901","PSGC":"174001017","Barangay":"Buliasnin","Land_Class":"AGRICULTURAL","PIN":"030-01-018-10-016","Owner":"MONTEVIRGEN, ELPIDIO FERDINAND M.","TaxDecNo":"10632"},"geometry":{"type":"Polygon","coordinates":[[[121.83425862207868,13.468202599150347],[121.83455757403287,13.468318280304443],[121.83460928639184,13.468136993527311],[121.83438107949625,13.467881797891856],[121.83425862207868,13.468202599150347]]]}},{"type":"Feature","properties":{"Id":0,"CLN":"7885-A","PSGC":"174001017","Barangay":"Buliasnin","Land_Class":null,"PIN":"030-01-018-10-011"},"geometry":{"type":"Polygon","coordinates":[[[121.83335356478462,13.46809897099214],[121.83323382000115,13.468321087208357],[121.83339208398576,13.468443041738704],[121.83350609772071,13.468518198587756],[121.83365096517828,13.468605600367077],[121.83374861037967,13.468443688151808],[121.8336087239799,13.468391606379672],[121.83366710121187,13.468252706982518],[121.83335356478462,13.46809897099214]]]}},{"type":"Feature","properties":{"Id":0,"CLN":"7886","PSGC":"174001017","Barangay":"Buliasnin","Land_Class":null,"PIN":null},"geometry":{"type":"Polygon","coordinates":[[[121.83285620077287,13.468030101786253],[121.83282938710134,13.467822230254333],[121.83279957378564,13.467807973057727],[121.83280501294666,13.467961287365423],[121.83283654480266,13.468046146183685],[121.83289081409697,13.468116991872147],[121.83364060244041,13.468617654038065],[121.83365096517828,13.468605600367077],[121.83350609772071,13.468518198587741],[121.83339208398576,13.468443041738686],[121.83285620077287,13.468030101786253]]]}},{"type":"Feature","properties":{"Id":0,"CLN":"7887","PSGC":"174001017","Barangay":"Buliasnin","Land_Class":"AGRICULTURAL","PIN":"030-01-018-10-012","Owner":"MANRIQUE, DINDO L.","TaxDecNo":"10629"},"geometry":{"type":"Polygon","coordinates":[[[121.83282938710134,13.467822230254333],[121.83331363306654,13.468046344610329],[121.83335356478462,13.46809897099214],[121.83366710121187,13.468252706982518],[121.8336087239799,13.468391606379672],[121.83374861037967,13.468443688151808],[121.83390626750135,13.46810279354353],[121.83315876780068,13.467770878085409],[121.8328869977788,13.46765484883111],[121.83282938710134,13.467822230254333]]]}},{"type":"Feature","properties":{"Id":0,"CLN":"7941","PSGC":"174001017","Barangay":"Buliasnin","Land_Class":null,"PIN":null},"geometry":{"type":"Polygon","coordinates":[[[121.83279957378564,13.467807973057727],[121.83282938710134,13.467822230254333],[121.83288699777877,13.46765484883111],[121.8328569912744,13.467638098425619],[121.83279957378564,13.467807973057727]]]}},{"type":"Feature","properties":{"Id":0,"CLN":"7889","PSGC":"174001017","Barangay":"Buliasnin","Land_Class":"RESIDENTIAL","PIN":"030-01-018-10-019","Owner":"MADLA, CATALINA","TaxDecNo":"01-08628"},"geometry":{"type":"Polygon","coordinates":[[[121.83288699777877,13.46765484883111],[121.83315876780068,13.467770878085396],[121.83319792652924,13.467650252267292],[121.8329292278228,13.467537257517138],[121.83288699777877,13.46765484883111]]]}},{"type":"Feature","properties":{"Id":0,"CLN":"7888","PSGC":"174001017","Barangay":"Buliasnin","Land_Class":"RESIDENTIAL","PIN":"030-01-018-10-019","Owner":"MADLA, CATALINA","TaxDecNo":"01-08628"},"geometry":{"type":"Polygon","coordinates":[[[121.8328569912744,13.467638098425619],[121.83288699777877,13.46765484883111],[121.8329292278228,13.467537257517138],[121.8328969179245,13.467518231277262],[121.8328569912744,13.467638098425619]]]}},{"type":"Feature","properties":{"Id":0,"CLN":"7890","PSGC":"174001017","Barangay":"Buliasnin","Land_Class":"AGRICULTURAL","PIN":"030-01-018-07-003","Owner":"MANSIA, JULIAN","TaxDecNo":"10442"},"geometry":{"type":"Polygon","coordinates":[[[121.8329292278228,13.467537257517138],[121.83319792652924,13.467650252267292],[121.83325034645844,13.467499486097484],[121.83298547591087,13.467392549571503],[121.8329292278228,13.467537257517138]]]}},{"type":"Feature","properties":{"Id":0,"CLN":"7891","PSGC":"174001017","Barangay":"Buliasnin","Land_Class":null,"PIN":"030-01-018-07-002"},"geometry":{"type":"Polygon","coordinates":[[[121.8328969179245,13.467518231277262],[121.8329292278228,13.467537257517138],[121.83298547591087,13.467392549571503],[121.83295392284573,13.46737654704513],[121.8328969179245,13.467518231277262]]]}},{"type":"Feature","properties":{"Id":0,"CLN":"7893","PSGC":"174001017","Barangay":"Buliasnin","Land_Class":"RESIDENTIAL","PIN":"030-01-018-10-021","Owner":"LABATETE, DOLORES","TaxDecNo":"10637"},"geometry":{"type":"Polygon","coordinates":[[[121.83298547591087,13.467392549571503],[121.83325034645844,13.467499486097484],[121.83331440411034,13.467335183077298],[121.83303246272794,13.467248553649911],[121.83298547591087,13.467392549571503]]]}},{"type":"Feature","properties":{"Id":0,"CLN":"7892","PSGC":"174001017","Barangay":"Buliasnin","Land_Class":"RESIDENTIAL","PIN":"030-01-018-10-021","Owner":"LABATETE, DOLORES","TaxDecNo":"10637"},"geometry":{"type":"Polygon","coordinates":[[[121.83295392284573,13.46737654704513],[121.83298547591087,13.467392549571503],[121.83303246272794,13.467248553649911],[121.8330001199143,13.467236322701647],[121.83295392284573,13.46737654704513]]]}},{"type":"Feature","properties":{"Id":0,"CLN":"7899","PSGC":"174001017","Barangay":"Buliasnin","Land_Class":"AGRICULTURAL","PIN":"030-01-018-10-018","Owner":"LABATETE, DOLORES","TaxDecNo":"01-35043"},"geometry":{"type":"Polygon","coordinates":[[[121.83331440411034,13.467335183077298],[121.83325034645844,13.467499486097484],[121.83319792652924,13.467650252267292],[121.83315876780068,13.467770878085396],[121.83390626750135,13.46810279354351],[121.83403753582546,13.467886716368241],[121.83389605956329,13.467788407065429],[121.83389613759336,13.467772299739446],[121.83401162102733,13.467503031791153],[121.83384252353818,13.46737338567369],[121.8336025346963,13.467226296026057],[121.83348750467678,13.46740193994434],[121.83331440411034,13.467335183077298]]]}},{"type":"Feature","properties":{"Id":0,"CLN":"7902","PSGC":"174001017","Barangay":"Buliasnin","Land_Class":"AGRICULTURAL","PIN":"030-01-018-10-030","Owner":"BUGARIN, JAIME","TaxDecNo":"10650"},"geometry":{"type":"Polygon","coordinates":[[[121.83401162102733,13.467503031791153],[121.83389613759336,13.467772299739446],[121.83389605956329,13.467788407065429],[121.83403753582546,13.467886716368241],[121.83413117909986,13.46787909698087],[121.83430850121808,13.467797367657345],[121.83429162902627,13.467458021166676],[121.83427651666292,13.46739251357446],[121.83417854946492,13.467443402389561],[121.83401162102733,13.467503031791153]]]}},{"type":"Feature","properties":{"Id":0,"CLN":"7905","PSGC":"174001017","Barangay":"Buliasnin","Land_Class":"AGRICULTURAL","PIN":"030-01-018-10-029","Owner":"MADLA, LAMBERTO","TaxDecNo":"10649"},"geometry":{"type":"Polygon","coordinates":[[[121.83384252353818,13.46737338567369],[121.83401162102733,13.467503031791153],[121.83417854946492,13.467443402389561],[121.83427651666292,13.46739251357446],[121.8342240183081,13.467187903730022],[121.83412941509337,13.466969004327366],[121.83411186526466,13.466982010411035],[121.83401803705078,13.467027884723379],[121.83384252353818,13.46737338567369]]]}},{"type":"Feature","properties":{"Id":0,"CLN":"7906","PSGC":"174001017","Barangay":"Buliasnin","Land_Class":"AGRICULTURAL","PIN":"030-01-018-10-028","Owner":"MADLA, ABELARDO","TaxDecNo":"10648"},"geometry":{"type":"Polygon","coordinates":[[[121.8336025346963,13.467226296026057],[121.83384252353818,13.46737338567369],[121.83401803705078,13.467027884723379],[121.8339575682236,13.466982301295765],[121.83383550448943,13.46691126378748],[121.83382106487771,13.466919250629156],[121.83375537501401,13.466889750619094],[121.8336025346963,13.467226296026057]]]}},{"type":"Feature","properties":{"Id":0,"CLN":"7907","PSGC":"174001017","Barangay":"Buliasnin","Land_Class":"AGRICULTURAL","PIN":"030-01-018-10-027","Owner":"MADLA, JULIA M.","TaxDecNo":"10647"},"geometry":{"type":"Polygon","coordinates":[[[121.83383550448943,13.46691126378748],[121.8339575682236,13.466982301295765],[121.83401803705078,13.467027884723379],[121.83411186526466,13.466982010411035],[121.83412941509337,13.466969004327366],[121.83396462765072,13.466586688922012],[121.83389912284247,13.466731354205645],[121.83383550448943,13.46691126378748]]]}},{"type":"Feature","properties":{"Id":0,"CLN":"7895","PSGC":"174001017","Barangay":"Buliasnin","Land_Class":null,"PIN":null},"geometry":{"type":"Polygon","coordinates":[[[121.8330001199143,13.467236322701647],[121.83303246272794,13.467248553649911],[121.83312772266844,13.466945353425176],[121.83310539057416,13.466936944211152],[121.8330001199143,13.467236322701647]]]}},{"type":"Feature","properties":{"Id":0,"CLN":"7894","PSGC":"174001017","Barangay":"Buliasnin","Land_Class":"AGRICULTURAL","PIN":"030-01-018-10-022","Owner":"BUÑAG, EDILBERTO M.","TaxDecNo":"10641"},"geometry":{"type":"Polygon","coordinates":[[[121.83303246272794,13.467248553649911],[121.83331440411034,13.467335183077298],[121.833407316435,13.467038767255792],[121.83312772266844,13.466945353425176],[121.83303246272794,13.467248553649911]]]}},{"type":"Feature","properties":{"Id":0,"CLN":"7898","PSGC":"174001017","Barangay":"Buliasnin","Land_Class":"AGRICULTURAL","PIN":"030-01-018-10-024","Owner":"BUÑAG, TRISTAN KENT S.","TaxDecNo":"31149"},"geometry":{"type":"Polygon","coordinates":[[[121.833407316435,13.467038767255792],[121.83331440411034,13.467335183077298],[121.83348750467678,13.46740193994434],[121.8336025346963,13.467226296026057],[121.83375537501401,13.466889750619094],[121.83359740923795,13.466798126968278],[121.83349331258138,13.466765422282787],[121.833407316435,13.467038767255792]]]}},{"type":"Feature","properties":{"Id":0,"CLN":"7897","PSGC":"174001017","Barangay":"Buliasnin","Land_Class":"AGRICULTURAL","PIN":"030-01-018-10-040","Owner":"MALAPOTE, EDMUNDO M.","TaxDecNo":"10660"},"geometry":{"type":"Polygon","coordinates":[[[121.8333912825099,13.466718873175859],[121.83321682485146,13.46663928034885],[121.83312772266841,13.466945353425197],[121.83329943494235,13.46700272349416],[121.8333912825099,13.466718873175859]]]}},{"type":"Feature","properties":{"Id":0,"CLN":"7896","PSGC":"174001017","Barangay":"Buliasnin","Land_Class":null,"PIN":null},"geometry":{"type":"Polygon","coordinates":[[[121.83310539057416,13.466936944211152],[121.83312772266844,13.466945353425176],[121.83321682485143,13.466639280348868],[121.83319219198472,13.466627082910923],[121.83310539057416,13.466936944211152]]]}},{"type":"Feature","properties":{"Id":0,"CLN":"7908","PSGC":"174001017","Barangay":"Buliasnin","Land_Class":"AGRICULTURAL","PIN":"030-01-018-10-045","Owner":"LOGDAT, BUENAVENTURA & LOGDAT, ROSENDA R.","TaxDecNo":"10665"},"geometry":{"type":"Polygon","coordinates":[[[121.83321682485143,13.466639280348868],[121.83349331258138,13.466765422282787],[121.83359740923795,13.466798126968278],[121.83375537501401,13.466889750619094],[121.83382106487771,13.466919250629156],[121.83383550448943,13.46691126378748],[121.83389912284247,13.466731354205645],[121.8332962245855,13.466389932008239],[121.83321682485143,13.466639280348868]]]}},{"type":"Feature","properties":{"Id":0,"CLN":"7909","PSGC":"174001017","Barangay":"Buliasnin","Land_Class":"AGRICULTURAL","PIN":"030-01-018-10-046","Owner":"MADLA, RUBEN M.","TaxDecNo":"29132"},"geometry":{"type":"Polygon","coordinates":[[[121.83319219198472,13.466627082910923],[121.83321682485143,13.466639280348868],[121.8332962245855,13.466389932008239],[121.83327159173855,13.466377734579595],[121.83319219198472,13.466627082910923]]]}},{"type":"Feature","properties":{"Id":0,"CLN":"7911","PSGC":"174001017","Barangay":"Buliasnin","Land_Class":"AGRICULTURAL","PIN":"030-01-018-10-026","Owner":"SPS. EMMANUEL N. BANAAG & ANNA MARISSA B. BANAAG","TaxDecNo":"29623"},"geometry":{"type":"Polygon","coordinates":[[[121.8332962245855,13.466389932008239],[121.83389912284247,13.466731354205645],[121.83396462765072,13.466586688922012],[121.83397868379842,13.466531383306416],[121.83338392615913,13.466125853952835],[121.8332962245855,13.466389932008239]]]}},{"type":"Feature","properties":{"Id":0,"CLN":"7910","PSGC":"174001017","Barangay":"Buliasnin","Land_Class":"AGRICULTURAL","PIN":"030-01-018-10-026","Owner":"SPS. EMMANUEL N. BANAAG & ANNA MARISSA B. BANAAG","TaxDecNo":"29624"},"geometry":{"type":"Polygon","coordinates":[[[121.83327159173855,13.466377734579595],[121.8332962245855,13.466389932008239],[121.83338392615913,13.466125853952835],[121.83335520412689,13.466108267295859],[121.83327159173855,13.466377734579595]]]}},{"type":"Feature","properties":{"Id":0,"CLN":"7914 pt.","PSGC":"174001017","Barangay":"Buliasnin","Land_Class":"AGRICULTURAL","PIN":"030-01-018-11-040","Owner":"TIVIDAD, ESTRELLA MICIANO","TaxDecNo":"01-25828"},"geometry":{"type":"Polygon","coordinates":[[[121.83401269520704,13.465916508364401],[121.83398729196408,13.46588699226059],[121.83368119242867,13.46564391040147],[121.83355971821182,13.465800426721822],[121.83346418984404,13.465981229552714],[121.83338392615913,13.466125853952855],[121.83368130472056,13.466328618786815],[121.83401269520704,13.465916508364401]]]}},{"type":"Feature","properties":{"Id":0,"CLN":"7913","PSGC":"174001017","Barangay":"Buliasnin","Land_Class":"AGRICULTURAL","PIN":"030-01-018-04-006","Owner":"MALBOG, PEDRO","TaxDecNo":"10331"},"geometry":{"type":"Polygon","coordinates":[[[121.83338392615913,13.466125853952835],[121.83346418984404,13.465981229552714],[121.8335597182118,13.465800426721822],[121.83348721106194,13.465759813280508],[121.83338392615913,13.466125853952835]]]}},{"type":"Feature","properties":{"Id":0,"CLN":"7912","PSGC":"174001017","Barangay":"Buliasnin","Land_Class":"AGRICULTURAL","PIN":null,"Owner":"SPS. EMMANUEL N. BANAAG & ANNA MARISSA B. BANAAG","TaxDecNo":"29571"},"geometry":{"type":"Polygon","coordinates":[[[121.83335520412689,13.466108267295859],[121.83338392615913,13.466125853952835],[121.83348721106194,13.465759813280508],[121.83345847605226,13.465744911706155],[121.83335520412689,13.466108267295859]]]}},{"type":"Feature","properties":{"Id":0,"CLN":"7919","PSGC":"174001017","Barangay":"Buliasnin","Land_Class":"AGRICULTURAL","PIN":"030-01-018-11-018","Owner":"MADLA, MELCHOR","TaxDecNo":"10679"},"geometry":{"type":"Polygon","coordinates":[[[121.83420859106012,13.466078663005588],[121.83463245280682,13.46579869007876],[121.83446456698056,13.46562472073608],[121.83445633653466,13.465624682569246],[121.83436132240357,13.465699425569909],[121.83433388107628,13.465700640868697],[121.83428473240711,13.465652080591811],[121.83398729196408,13.46588699226059],[121.83411142483631,13.466031222527306],[121.83420859106012,13.466078663005588]]]}},{"type":"Feature","properties":{"Id":0,"CLN":"7920","PSGC":"174001017","Barangay":"Buliasnin","Land_Class":"AGRICULTURAL","PIN":"030-01-018-11-017","Owner":"MANRIQUE, BELLA M","TaxDecNo":"10678"},"geometry":{"type":"Polygon","coordinates":[[[121.83368119242867,13.46564391040147],[121.83398729196408,13.46588699226059],[121.83428473240711,13.465652080591811],[121.83403112302153,13.46533405897298],[121.83390865459717,13.465412702136895],[121.83368119242867,13.46564391040147]]]}},{"type":"Feature","properties":{"Id":0,"CLN":"7925","PSGC":"174001017","Barangay":"Buliasnin","Land_Class":"AGRICULTURAL","PIN":"030-01-018-11-021","Owner":"MARTILLANO, RUBEN","TaxDecNo":"10682"},"geometry":{"type":"Polygon","coordinates":[[[121.83403112302153,13.46533405897298],[121.83428473240711,13.465652080591811],[121.83433388107628,13.465700640868697],[121.83436132240357,13.465699425569909],[121.83445633653466,13.465624682569246],[121.83435409297148,13.465492637067698],[121.83413641329868,13.46526690320167],[121.83403112302153,13.46533405897298]]]}},{"type":"Feature","properties":{"Id":0,"CLN":"7622","PSGC":"174001017","Barangay":"Buliasnin","Land_Class":null,"PIN":null},"geometry":{"type":"Polygon","coordinates":[[[121.83139953049728,13.46604790821528],[121.83137541483411,13.466082269199534],[121.83206744025875,13.466159998243644],[121.83207583191462,13.466126808786816],[121.83139953049728,13.46604790821528]]]}},{"type":"Feature","properties":{"Id":0,"CLN":"7614","PSGC":"174001017","Barangay":"Buliasnin","Land_Class":"AGRICULTURAL","PIN":"030-01-018-11-003","Owner":"ROQUE, FRANCISCO","TaxDecNo":"29933"},"geometry":{"type":"Polygon","coordinates":[[[121.83151374078608,13.465886828137647],[121.83139953049728,13.46604790821528],[121.83207583191462,13.466126808786816],[121.8321787747869,13.465690282615359],[121.8317515443067,13.465533231077154],[121.83173208497239,13.465515016019639],[121.83151374078608,13.465886828137647]]]}},{"type":"Feature","properties":{"Id":0,"CLN":"7625","PSGC":"174001017","Barangay":"Buliasnin","Land_Class":null,"PIN":null},"geometry":{"type":"Polygon","coordinates":[[[121.83207583191462,13.466126808786816],[121.83206744025875,13.466159998243644],[121.8325383898275,13.46621253243784],[121.83254165203384,13.466176298365001],[121.83207583191462,13.466126808786816]]]}},{"type":"Feature","properties":{"Id":0,"CLN":"7613","PSGC":"174001017","Barangay":"Buliasnin","Land_Class":"AGRICULTURAL","PIN":"030-01-018-11-004","Owner":"JANDA, BENEDICTO L.","TaxDecNo":"10669"},"geometry":{"type":"Polygon","coordinates":[[[121.83207583191462,13.466126808786816],[121.83254165203384,13.466176298365001],[121.83261412891183,13.46586952350579],[121.83241318123086,13.465724600103684],[121.8321787747869,13.465690282615359],[121.83207583191462,13.466126808786816]]]}},{"type":"Feature","properties":{"Id":0,"CLN":"7606","PSGC":"174001017","Barangay":"Buliasnin","Land_Class":null,"PIN":null},"geometry":{"type":"Polygon","coordinates":[[[121.83336985173818,13.465672281815483],[121.8331543698629,13.466403314670861],[121.83264713938019,13.466194540020004],[121.83254165203384,13.466176298365001],[121.8325383898275,13.46621253243784],[121.8326397961359,13.466223706679303],[121.83316030845616,13.46645167455222],[121.8334098580571,13.465696633665212],[121.83336985173818,13.465672281815483]]]}},{"type":"Feature","properties":{"Id":0,"CLN":"7607","PSGC":"174001017","Barangay":"Buliasnin","Land_Class":"AGRICULTURAL","PIN":"030-01-018-11-010","Owner":"YU CHU INVESTMENT CORP.","TaxDecNo":"10674"},"geometry":{"type":"Polygon","coordinates":[[[121.83289834844098,13.465242084268894],[121.8326443548698,13.465495722519696],[121.83251724551937,13.465611935199815],[121.83241318123086,13.465724600103684],[121.83261412891183,13.46586952350579],[121.83254165203384,13.466176298365001],[121.83264713938019,13.466194540020004],[121.8331543698629,13.466403314670861],[121.83336985173818,13.465672281815483],[121.83289834844098,13.465242084268894]]]}},{"type":"Feature","properties":{"Id":0,"CLN":"7604","PSGC":"174001017","Barangay":"Buliasnin","Land_Class":null,"PIN":null},"geometry":{"type":"Polygon","coordinates":[[[121.83350426868142,13.465392601863662],[121.83347279023425,13.465377687561476],[121.83341660107006,13.465538492475225],[121.83336985173818,13.465672281815483],[121.8334098580571,13.465696633665212],[121.83344882029856,13.465571163147823],[121.83350426868142,13.465392601863662]]]}},{"type":"Feature","properties":{"Id":0,"CLN":"7602","PSGC":"174001017","Barangay":"Buliasnin","Land_Class":null,"PIN":null},"geometry":{"type":"Polygon","coordinates":[[[121.83354878701626,13.465265137896566],[121.83352137350822,13.465259767367293],[121.83347279023425,13.465377687561476],[121.83350426868142,13.465392601863662],[121.83354878701626,13.465265137896566]]]}},{"type":"Feature","properties":{"Id":0,"CLN":"7612","PSGC":"174001017","Barangay":"Buliasnin","Land_Class":"AGRICULTURAL","PIN":"030-01-018-11-005","Owner":"MADLA, ALFONSO J. & MADLA, EMILDA P.","TaxDecNo":"10670"},"geometry":{"type":"Polygon","coordinates":[[[121.83173208497239,13.465515016019639],[121.8317515443067,13.465533231077154],[121.8321787747869,13.465690282615359],[121.83241318123086,13.465724600103684],[121.83251724551937,13.465611935199815],[121.8320103150278,13.465289455755707],[121.83173208497239,13.465515016019639]]]}},{"type":"Feature","properties":{"Id":0,"CLN":"7610","PSGC":"174001017","Barangay":"Buliasnin","Land_Class":"AGRICULTURAL","PIN":"030-01-018-11-007","Owner":"MICIANO, EDUARDO M.","TaxDecNo":"10672"},"geometry":{"type":"Polygon","coordinates":[[[121.83143489948465,13.465186951083583],[121.83169938762322,13.464959938616087],[121.83148675288936,13.464678346827084],[121.83121389088384,13.464934857339031],[121.83143489948465,13.465186951083583]]]}},{"type":"Feature","properties":{"Id":0,"CLN":"7597","PSGC":"174001017","Barangay":"Buliasnin","Land_Class":"AGRICULTURAL","PIN":"030-01-018-11-033","Owner":"MANALO, JACINTO III M.","TaxDecNo":"10690"},"geometry":{"type":"Polygon","coordinates":[[[121.8316941834948,13.464618894049798],[121.83194421326044,13.464968460758891],[121.83207852447276,13.464852949972434],[121.83200500236681,13.464738487336966],[121.83222405176014,13.464546170690392],[121.83214654459248,13.464404837578961],[121.83190161401113,13.464559441092637],[121.8316941834948,13.464618894049798]]]}},{"type":"Feature","properties":{"Id":0,"CLN":"7595","PSGC":"174001017","Barangay":"Buliasnin","Land_Class":null,"PIN":null},"geometry":{"type":"Polygon","coordinates":[[[121.83356715097325,13.465090789798822],[121.83360147340362,13.465114287121859],[121.83368460585676,13.464944162592962],[121.83398324968041,13.464462211842358],[121.8339489207939,13.464440057145552],[121.83364895068978,13.464912603493518],[121.83356715097325,13.465090789798822]]]}},{"type":"Feature","properties":{"Id":0,"CLN":"7594","PSGC":"174001017","Barangay":"Buliasnin","Land_Class":"AGRICULTURAL","PIN":"030-01-018-11-028","Owner":"MORALES, CARMEN ROCA","TaxDecNo":"10686"},"geometry":{"type":"Polygon","coordinates":[[[121.8339489207939,13.464440057145552],[121.83410100741683,13.464223775094094],[121.83400263447675,13.464112711681807],[121.83381370071281,13.464318595754904],[121.8339489207939,13.464440057145552]]]}},{"type":"Feature","properties":{"Id":0,"CLN":"7593","PSGC":"174001017","Barangay":"Buliasnin","Land_Class":null,"PIN":null},"geometry":{"type":"Polygon","coordinates":[[[121.8339489207939,13.464440057145552],[121.83398324968041,13.464462211842358],[121.83412699953392,13.464238664262034],[121.83410100741683,13.464223775094094],[121.8339489207939,13.464440057145552]]]}},{"type":"Feature","properties":{"Id":0,"CLN":"7591","PSGC":"174001017","Barangay":"Buliasnin","Land_Class":"RESIDENTIAL","PIN":"030-01-018-11-027","Owner":"LACORTE, FILMA MADLA","TaxDecNo":"01-31313"},"geometry":{"type":"Polygon","coordinates":[[[121.83410100741683,13.464223775094094],[121.8342501855794,13.46401233600714],[121.83417641346183,13.463920183164024],[121.83400263447675,13.464112711681807],[121.83410100741683,13.464223775094094]]]}},{"type":"Feature","properties":{"Id":0,"CLN":"7592","PSGC":"174001017","Barangay":"Buliasnin","Land_Class":"RESIDENTIAL","PIN":"030-01-018-11-042","Owner":"MORALES, JOVEN M","TaxDecNo":"01-37599"},"geometry":{"type":"Polygon","coordinates":[[[121.83410100741683,13.464223775094094],[121.83412699953392,13.464238664262034],[121.83428439529824,13.46402994847003],[121.8342501855794,13.46401233600714],[121.83410100741683,13.464223775094094]]]}},{"type":"Feature","properties":{"Id":0,"CLN":"7589","PSGC":"174001017","Barangay":"Buliasnin","Land_Class":null,"PIN":null},"geometry":{"type":"Polygon","coordinates":[[[121.8342501855794,13.46401233600714],[121.83428439529824,13.46402994847003],[121.83446684003192,13.46374750563431],[121.83443541286364,13.46372185049287],[121.8342501855794,13.46401233600714]]]}},{"type":"Feature","properties":{"Id":0,"CLN":"7588","PSGC":"174001017","Barangay":"Buliasnin","Land_Class":null,"PIN":null},"geometry":{"type":"Polygon","coordinates":[[[121.83443541286364,13.46372185049287],[121.83446684003192,13.46374750563431],[121.83461737633154,13.463538757774051],[121.83458873169053,13.463505059944296],[121.83443541286364,13.46372185049287]]]}},{"type":"Feature","properties":{"Id":0,"CLN":"7585","PSGC":"174001017","Barangay":"Buliasnin","Land_Class":null,"PIN":null},"geometry":{"type":"Polygon","coordinates":[[[121.83458873169053,13.463505059944296],[121.83461737633154,13.463538757774051],[121.83475273848686,13.46334739328061],[121.83471307424674,13.463323042594055],[121.83458873169053,13.463505059944296]]]}},{"type":"Feature","properties":{"Id":0,"CLN":"7590","PSGC":"174001017","Barangay":"Buliasnin","Land_Class":"AGRICULTURAL","PIN":"030-01-018-11-030","Owner":"JANDUSAY, ENRIQUE JR. M.","TaxDecNo":"10687"},"geometry":{"type":"Polygon","coordinates":[[[121.83369628887799,13.463352720981103],[121.83417641346183,13.463920183164024],[121.8342501855794,13.46401233600714],[121.83443541286364,13.46372185049287],[121.8338645435264,13.463196931076293],[121.83369628887799,13.463352720981103]]]}},{"type":"Feature","properties":{"Id":0,"CLN":"7587","PSGC":"174001017","Barangay":"Buliasnin","Land_Class":"AGRICULTURAL","PIN":"030-01-018-11-031","Owner":"HRS. OF JANDUSAY, LEONCIO","TaxDecNo":"10688"},"geometry":{"type":"Polygon","coordinates":[[[121.83443541286364,13.46372185049287],[121.83458873169053,13.463505059944296],[121.83434405649412,13.46332401693035],[121.8340052890669,13.463027073601546],[121.8338645435264,13.463196931076293],[121.83443541286364,13.46372185049287]]]}},{"type":"Feature","properties":{"Id":0,"CLN":"7586","PSGC":"174001017","Barangay":"Buliasnin","Land_Class":"AGRICULTURAL","PIN":"030-01-018-11-032","Owner":"DE MICIANO, MARIA VDA.","TaxDecNo":"10689"},"geometry":{"type":"Polygon","coordinates":[[[121.83458873169053,13.463505059944296],[121.83471307424674,13.463323042594055],[121.83456959124993,13.463208256322194],[121.83413638657005,13.462866569494233],[121.8340052890669,13.463027073601546],[121.83434405649412,13.46332401693035],[121.83458873169053,13.463505059944296]]]}},{"type":"Feature","properties":{"Id":0,"CLN":"7580","PSGC":"174001017","Barangay":"Buliasnin","Land_Class":"AGRICULTURAL","PIN":"030-01-018-12-012","Owner":"JANDUSAY, M. GERARDO","TaxDecNo":"10728"},"geometry":{"type":"Polygon","coordinates":[[[121.83413638657005,13.462866569494233],[121.83456959124993,13.463208256322194],[121.83467169305953,13.463086552929605],[121.83475399661927,13.462966276270482],[121.83432264030128,13.462647246607698],[121.83413638657005,13.462866569494233]]]}},{"type":"Feature","properties":{"Id":0,"CLN":"7923","PSGC":"174001017","Barangay":"Buliasnin","Land_Class":"RESIDENTIAL","PIN":"030-01-018-11-016","Owner":"SENA, GLENDA SANTIAGO","TaxDecNo":"29309"},"geometry":{"type":"Polygon","coordinates":[[[121.83364858029475,13.465166644786237],[121.83367932328476,13.465191961206418],[121.83377911047666,13.464981971552417],[121.83393155310637,13.464733961996965],[121.8341689444094,13.46436551224199],[121.83414537887806,13.464345263928111],[121.83391311708017,13.464716758308754],[121.83374215062014,13.464965688854848],[121.83364858029475,13.465166644786237]]]}},{"type":"Feature","properties":{"Id":0,"CLN":"8054","PSGC":"174001017","Barangay":"Buliasnin","Land_Class":"AGRICULTURAL","PIN":"030-01-018-11-023","Owner":"ROCA, ALEJANDRO","TaxDecNo":"10684"},"geometry":{"type":"Polygon","coordinates":[[[121.83406561298202,13.464882605629747],[121.83437582929368,13.464560309728643],[121.8341689444094,13.46436551224199],[121.83393155310637,13.464733961996965],[121.83406561298202,13.464882605629747]]]}},{"type":"Feature","properties":{"Id":0,"CLN":"8057","PSGC":"174001017","Barangay":"Buliasnin","Land_Class":null,"PIN":"030-01-018-11-024"},"geometry":{"type":"Polygon","coordinates":[[[121.8341689444094,13.46436551224199],[121.83437582929368,13.464560309728643],[121.83446542340803,13.464472113510734],[121.83423042128858,13.46427634657173],[121.8341689444094,13.46436551224199]]]}},{"type":"Feature","properties":{"Id":0,"CLN":"8058","PSGC":"174001017","Barangay":"Buliasnin","Land_Class":"RESIDENTIAL","PIN":"030-01-018-11-025","Owner":"LACORTE, FREDDIE & LACORTE, FILMA MADLA","TaxDecNo":"10685"},"geometry":{"type":"Polygon","coordinates":[[[121.83446542340803,13.464472113510734],[121.83453985649128,13.46439861557346],[121.8342980345224,13.46419476147059],[121.83423042128858,13.46427634657173],[121.83446542340803,13.464472113510734]]]}},{"type":"Feature","properties":{"Id":0,"CLN":"8062","PSGC":"174001017","Barangay":"Buliasnin","Land_Class":"RESIDENTIAL","PIN":"030-01-018-11-026","Owner":"LARGO, JOVANNI F.","TaxDecNo":"10715"},"geometry":{"type":"Polygon","coordinates":[[[121.83453985649128,13.46439861557346],[121.83460469363281,13.464323730519686],[121.83436160389608,13.464098388982833],[121.8342980345224,13.46419476147059],[121.83453985649128,13.46439861557346]]]}},{"type":"Feature","properties":{"Id":0,"CLN":"8056","PSGC":"174001017","Barangay":"Buliasnin","Land_Class":null,"PIN":"030-01-018-11-024"},"geometry":{"type":"Polygon","coordinates":[[[121.83414537887806,13.464345263928111],[121.8341689444094,13.46436551224199],[121.83423042128858,13.46427634657173],[121.83420997474427,13.464249399723863],[121.83414537887806,13.464345263928111]]]}},{"type":"Feature","properties":{"Id":0,"CLN":"8060","PSGC":"174001017","Barangay":"Buliasnin","Land_Class":"RESIDENTIAL","PIN":"030-01-018-11-025","Owner":"LACORTE, FREDDIE & LACORTE, FILMA MADLA","TaxDecNo":"10685"},"geometry":{"type":"Polygon","coordinates":[[[121.83420997474427,13.464249399723863],[121.83423042128858,13.46427634657173],[121.8342980345224,13.46419476147059],[121.83426522254992,13.464171785085844],[121.83420997474427,13.464249399723863]]]}},{"type":"Feature","properties":{"Id":0,"CLN":"8061","PSGC":"174001017","Barangay":"Buliasnin","Land_Class":"RESIDENTIAL","PIN":"030-01-018-11-026","Owner":"LARGO, JOVANNI F.","TaxDecNo":"10717"},"geometry":{"type":"Polygon","coordinates":[[[121.83426522254992,13.464171785085844],[121.8342980345224,13.46419476147059],[121.83436160389608,13.464098388982833],[121.83433841381155,13.464071429422845],[121.83426522254992,13.464171785085844]]]}},{"type":"Feature","properties":{"Id":0,"CLN":"7557","PSGC":"174001017","Barangay":"Buliasnin","Land_Class":"AGRICULTURAL","PIN":"030-01-018-17-008","Owner":"RIEGO, PAQUITO","TaxDecNo":"11002"},"geometry":{"type":"Polygon","coordinates":[[[121.8351734301054,13.46105063853565],[121.83515063832225,13.460861903877953],[121.83478476626749,13.460861217233498],[121.83478901161611,13.461048857237989],[121.83503906842803,13.4617886106232],[121.83507947995172,13.461769630673022],[121.83525627057958,13.461658829002916],[121.83544310371072,13.461485114902915],[121.83529964080029,13.461213942903274],[121.8351734301054,13.46105063853565]]]}},{"type":"Feature","properties":{"Id":0,"CLN":"7558","PSGC":"174001017","Barangay":"Buliasnin","Land_Class":"AGRICULTURAL","PIN":"030-01-018-17-007","Owner":"SOLAS, BEATRIZ M.","TaxDecNo":"11001"},"geometry":{"type":"Polygon","coordinates":[[[121.83478476626749,13.4608612172335],[121.83515063832225,13.460861903877955],[121.8351439802022,13.460746879911204],[121.83512025053419,13.460538975385033],[121.8350512191514,13.460534620704838],[121.8349791252169,13.460524199545976],[121.83478476626749,13.4608612172335]]]}},{"type":"Feature","properties":{"Id":0,"CLN":"7560","PSGC":"174001017","Barangay":"Buliasnin","Land_Class":"AGRICULTURAL","PIN":"030-01-018-17-005","Owner":"SOLAS, BEATRIZ M.","TaxDecNo":"10999"},"geometry":{"type":"Polygon","coordinates":[[[121.83469999576664,13.460488609830938],[121.83494306361453,13.460522015025763],[121.83511007005208,13.460299863570743],[121.83506760774661,13.45991635643013],[121.83489209215567,13.45998010073763],[121.83469999576664,13.460488609830938]]]}},{"type":"Feature","properties":{"Id":0,"CLN":"7549","PSGC":"174001017","Barangay":"Buliasnin","Land_Class":"AGRICULTURAL","PIN":"030-01-018-17-012","Owner":"SPS. NEBREJA, ARLENE LABATETE AND NEBREJA, JIMMY T.","TaxDecNo":"11005"},"geometry":{"type":"Polygon","coordinates":[[[121.83511007005208,13.460299863570743],[121.83540522360735,13.460005510193147],[121.8352920541125,13.459822072944279],[121.83506760774661,13.45991635643013],[121.83511007005208,13.460299863570743]]]}},{"type":"Feature","properties":{"Id":0,"CLN":"7548","PSGC":"174001017","Barangay":"Buliasnin","Land_Class":"AGRICULTURAL","PIN":"030-01-018-17-013","Owner":"MANGUERA, JUANA","TaxDecNo":"11006"},"geometry":{"type":"Polygon","coordinates":[[[121.83540522360735,13.460005510193147],[121.83582020621049,13.459724992614975],[121.83572461429897,13.459600814687416],[121.8352920541125,13.459822072944279],[121.83540522360735,13.460005510193147]]]}},{"type":"Feature","properties":{"Id":0,"CLN":"7533","PSGC":"174001017","Barangay":"Buliasnin","Land_Class":"AGRICULTURAL","PIN":"030-01-018-17-030","Owner":"OLAVIDEZ, GELLIE MARIE MERLIN & OLAVIDEZ, WENDY ROSE MERLIN","TaxDecNo":"11026"},"geometry":{"type":"Polygon","coordinates":[[[121.83572461429897,13.459600814687416],[121.83582020621049,13.459724992614975],[121.83587943086162,13.459697022884333],[121.83597308706278,13.459653073146143],[121.83606695770122,13.459564741036498],[121.83599991071047,13.459505252902556],[121.83572461429897,13.459600814687416]]]}},{"type":"Feature","properties":{"Id":0,"CLN":"7532","PSGC":"174001017","Barangay":"Buliasnin","Land_Class":"AGRICULTURAL","PIN":"030-01-018-17-031","Owner":"MONTALES, GLORIA & MONTALES, ARACELI","TaxDecNo":"11027"},"geometry":{"type":"Polygon","coordinates":[[[121.83606695770122,13.459564741036498],[121.83636117687033,13.459250039675407],[121.8364235524346,13.459138697515348],[121.83646913292867,13.459090490248204],[121.8363473672749,13.458979640928366],[121.83616700717135,13.459335217803453],[121.83599991071047,13.459505252902556],[121.83606695770122,13.459564741036498]]]}},{"type":"Feature","properties":{"Id":0,"CLN":"7525","PSGC":"174001017","Barangay":"Buliasnin","Land_Class":"RESIDENTIAL","PIN":"030-01-018-17-062","Owner":"SPS. ZALDY E. PUERTOLLANO AND EVELYN R. PUERTOLLANO","TaxDecNo":"31134"},"geometry":{"type":"Polygon","coordinates":[[[121.83646913292867,13.459090490248204],[121.83657819664607,13.458986088818877],[121.83644274157511,13.458864416611227],[121.8363473672749,13.458979640928366],[121.83646913292867,13.459090490248204]]]}},{"type":"Feature","properties":{"Id":0,"CLN":"7524","PSGC":"174001017","Barangay":"Buliasnin","Land_Class":"AGRICULTURAL","PIN":"030-01-018-17-063","Owner":"SPS. BANAAG, EMMANUEL N. & BANAAG, MARISSA B.","TaxDecNo":"11064"},"geometry":{"type":"Polygon","coordinates":[[[121.83657819664607,13.458986088818877],[121.83670099515962,13.45888309582427],[121.83657240426774,13.458762800389607],[121.83644274157511,13.458864416611227],[121.83657819664607,13.458986088818877]]]}},{"type":"Feature","properties":{"Id":0,"CLN":"8348","PSGC":"174001017","Barangay":"Buliasnin","Land_Class":"RESIDENTIAL","PIN":"030-01-018-18-048","Owner":"REGENCIA, DENNIS & MANGUERA, GERLIE R.","TaxDecNo":"11194"},"geometry":{"type":"Polygon","coordinates":[[[121.83657240426774,13.458762800389607],[121.83670099515962,13.45888309582427],[121.83692301074727,13.458722728850343],[121.83673419809412,13.458552391809667],[121.83657240426774,13.458762800389607]]]}},{"type":"Feature","properties":{"Id":0,"CLN":"7512","PSGC":"174001017","Barangay":"Buliasnin","Land_Class":"RESIDENTIAL","PIN":"030-01-018-18-005","Owner":"MANGUERA, TRINIDAD","TaxDecNo":"11150"},"geometry":{"type":"Polygon","coordinates":[[[121.83673419809412,13.458552391809667],[121.83692301074727,13.458722728850343],[121.8369935528085,13.45862756368331],[121.83679501081104,13.458480045836504],[121.83673419809412,13.458552391809667]]]}},{"type":"Feature","properties":{"Id":0,"CLN":"7511","PSGC":"174001017","Barangay":"Buliasnin","Land_Class":"AGRICULTURAL","PIN":"030-01-018-18-006","Owner":"JORDAN, NEMESIA","TaxDecNo":"11151"},"geometry":{"type":"Polygon","coordinates":[[[121.83679501081104,13.458480045836504],[121.8369935528085,13.45862756368331],[121.83714036054103,13.458390186497601],[121.83689801514342,13.458207497481052],[121.83679501081104,13.458480045836504]]]}},{"type":"Feature","properties":{"Id":0,"CLN":"7500","PSGC":"174001017","Barangay":"Buliasnin","Land_Class":"AGRICULTURAL","PIN":"030-01-018-12-012","Owner":"JANDUSAY, M. GERARDO","TaxDecNo":"10728"},"geometry":{"type":"Polygon","coordinates":[[[121.83689801514342,13.458207497481052],[121.83714036054103,13.458390186497601],[121.83726355450642,13.458205153064425],[121.83728176231462,13.458133954905],[121.837291556527,13.458097686541086],[121.83740991573104,13.457775445754045],[121.83719256472293,13.457539074593281],[121.83689801514342,13.458207497481052]]]}},{"type":"Feature","properties":{"Id":0,"CLN":"7499","PSGC":"174001017","Barangay":"Buliasnin","Land_Class":"AGRICULTURAL","PIN":"030-01-018-18-015","Owner":"MANUEL & ANGELINA MATINING","TaxDecNo":"11159"},"geometry":{"type":"Polygon","coordinates":[[[121.83740991573104,13.457775445754045],[121.83751396216323,13.457571494328558],[121.8376270952009,13.457477870756499],[121.8376973705506,13.45743784705934],[121.83766069729714,13.45734891084789],[121.83746945954793,13.457396445095446],[121.83719256472293,13.457539074593281],[121.83740991573104,13.457775445754045]]]}},{"type":"Feature","properties":{"Id":0,"CLN":"7487","PSGC":"174001017","Barangay":"Buliasnin","Land_Class":"RESIDENTIAL","PIN":"030-01-018-18-022","Owner":"OSICOS, FERNANDO","TaxDecNo":"11166"},"geometry":{"type":"Polygon","coordinates":[[[121.8376973705506,13.45743784705934],[121.8378777450149,13.45736336343223],[121.83784361234561,13.457317477391786],[121.83766069729714,13.45734891084789],[121.8376973705506,13.45743784705934]]]}},{"type":"Feature","properties":{"Id":0,"CLN":"7486","PSGC":"174001017","Barangay":"Buliasnin","Land_Class":"AGRICULTURAL","PIN":"030-01-018-18-023","Owner":"HRS.OF FRANCISCO MERCENE","TaxDecNo":"11167"},"geometry":{"type":"Polygon","coordinates":[[[121.83784361234561,13.457317477391786],[121.8378777450149,13.45736336343223],[121.83799049507657,13.457349089977177],[121.83793731918786,13.457262767446784],[121.83784361234561,13.457317477391786]]]}},{"type":"Feature","properties":{"Id":0,"CLN":"7480","PSGC":"174001017","Barangay":"Buliasnin","Land_Class":"RESIDENTIAL","PIN":"030-01-018-18-026","Owner":"MAYAMAYA, ERLINDA","TaxDecNo":"11168"},"geometry":{"type":"Polygon","coordinates":[[[121.83793731918786,13.457262767446784],[121.83799049507657,13.457349089977177],[121.83808394892297,13.457346831871817],[121.8380500432534,13.457253873642351],[121.83793731918786,13.457262767446784]]]}},{"type":"Feature","properties":{"Id":0,"CLN":"7479","PSGC":"174001017","Barangay":"Buliasnin","Land_Class":"AGRICULTURAL","PIN":"030-01-018-18-027","Owner":"LEAL, ANTONIO","TaxDecNo":"11169"},"geometry":{"type":"Polygon","coordinates":[[[121.8380500432534,13.457253873642387],[121.83808394892297,13.457346831871817],[121.83831867736868,13.457287840707677],[121.83824905721096,13.457192027620932],[121.8380500432534,13.457253873642387]]]}},{"type":"Feature","properties":{"Id":0,"CLN":"7465","PSGC":"174001017","Barangay":"Buliasnin","Land_Class":"AGRICULTURAL","PIN":"030-01-018-18-029","Owner":"JANDA, ANGELA J.","TaxDecNo":"11170"},"geometry":{"type":"Polygon","coordinates":[[[121.83891425612278,13.456909881770557],[121.83885658187137,13.456835598531493],[121.83874651836912,13.45690381581203],[121.83824905721096,13.457192027620952],[121.83831867736868,13.45728784070766],[121.8384425955124,13.457237304968599],[121.83872805179224,13.457028810957055],[121.83892862822704,13.456925601473673],[121.83891425612278,13.456909881770557]]]}},{"type":"Feature","properties":{"Id":0,"CLN":"7559","PSGC":"174001017","Barangay":"Buliasnin","Land_Class":"AGRICULTURAL","PIN":"030-01-018-17-006","Owner":"SOLAS, BEATRIZ M.","TaxDecNo":"11000"},"geometry":{"type":"Polygon","coordinates":[[[121.8349791252169,13.460524199545976],[121.8350512191514,13.460534620704838],[121.83512025053419,13.460538975385033],[121.83512576585909,13.460369387950834],[121.8349791252169,13.460524199545976]]]}},{"type":"Feature","properties":{"Id":0,"CLN":"7550","PSGC":"174001017","Barangay":"Buliasnin","Land_Class":"AGRICULTURAL","PIN":"030-01-018-17-011","Owner":"SPS. NEBREJA, ARLENE LABATETE AND NEBREJA, JIMMY T.","TaxDecNo":"11004"},"geometry":{"type":"Polygon","coordinates":[[[121.83512576585909,13.460369387950834],[121.83512025053419,13.460538975385033],[121.8351439802022,13.460746879911204],[121.83529244189641,13.460736471862814],[121.83574794391554,13.460649665446327],[121.83577910604458,13.460599374153109],[121.83543237242174,13.460051046645143],[121.83512576585909,13.460369387950834]]]}},{"type":"Feature","properties":{"Id":0,"CLN":"7545","PSGC":"174001017","Barangay":"Buliasnin","Land_Class":"RESIDENTIAL","PIN":null,"Owner":"BANAAG, GREGORIO N.","TaxDecNo":"11127"},"geometry":{"type":"Polygon","coordinates":[[[121.83615182652963,13.46067574441386],[121.83618161677587,13.460696056548576],[121.83631495814903,13.460402129836083],[121.83629240169039,13.460377816351098],[121.83615182652963,13.46067574441386]]]}},{"type":"Feature","properties":{"Id":0,"CLN":"7546","PSGC":"174001017","Barangay":"Buliasnin","Land_Class":"AGRICULTURAL","PIN":"030-01-018-17-028","Owner":"MONTEJO, FLORENCIA","TaxDecNo":"11023"},"geometry":{"type":"Polygon","coordinates":[[[121.83592531923459,13.460414448160195],[121.83615182652963,13.46067574441386],[121.83629240169039,13.460377816351098],[121.83609957799854,13.46018425985112],[121.83592531923459,13.460414448160195]]]}},{"type":"Feature","properties":{"Id":0,"CLN":"7547","PSGC":"174001017","Barangay":"Buliasnin","Land_Class":"AGRICULTURAL","PIN":"030-01-018-17-014","Owner":"MANGUERA, JUANA","TaxDecNo":"11007"},"geometry":{"type":"Polygon","coordinates":[[[121.83543237242174,13.460051046645143],[121.83577910604458,13.460599374153109],[121.83592531923459,13.460414448160195],[121.83609957799854,13.46018425985112],[121.8361080227208,13.460142941752505],[121.83585013261809,13.459764489615345],[121.83543237242174,13.460051046645143]]]}},{"type":"Feature","properties":{"Id":0,"CLN":"7534","PSGC":"174001017","Barangay":"Buliasnin","Land_Class":"AGRICULTURAL","PIN":"030-01-018-17-029","Owner":"OLAVIDEZ, GELLIE MARIE MERLIN & OLAVIDEZ, WENDY ROSE MERLIN","TaxDecNo":"11025"},"geometry":{"type":"Polygon","coordinates":[[[121.83585013261809,13.459764489615345],[121.8361080227208,13.460142941752505],[121.83619083212469,13.460068680376185],[121.83629131777506,13.45996222199379],[121.83640738428004,13.459830617866032],[121.83618668576261,13.45964701957568],[121.83610244406765,13.459591150490011],[121.83600508445257,13.459690562292987],[121.83585013261809,13.459764489615345]]]}},{"type":"Feature","properties":{"Id":0,"CLN":"7544","PSGC":"174001017","Barangay":"Buliasnin","Land_Class":"AGRICULTURAL","PIN":"030-01-018-17-028","Owner":"MONTEJO, FLORENCIA","TaxDecNo":"11023"},"geometry":{"type":"Polygon","coordinates":[[[121.83629240169039,13.460377816351098],[121.83637969418908,13.46022893097574],[121.83619083212469,13.460068680376185],[121.8361080227208,13.460142941752505],[121.83609957799854,13.46018425985112],[121.83629240169039,13.460377816351098]]]}},{"type":"Feature","properties":{"Id":0,"CLN":"7543","PSGC":"174001017","Barangay":"Buliasnin","Land_Class":"AGRICULTURAL","PIN":"030-01-018-17-028","Owner":"MONTEJO, FLORENCIA","TaxDecNo":"11023"},"geometry":{"type":"Polygon","coordinates":[[[121.83629240169039,13.460377816351098],[121.83631495814903,13.460402129836083],[121.83641153100479,13.460252278688579],[121.83637969418908,13.46022893097574],[121.83629240169039,13.460377816351098]]]}},{"type":"Feature","properties":{"Id":0,"CLN":"7541","PSGC":"174001017","Barangay":"Buliasnin","Land_Class":"RESIDENTIAL","PIN":"030-01-018-17-113","Owner":"PULIDO, DANNY E. & PULIDO, MARIJO R.","TaxDecNo":"11109"},"geometry":{"type":"Polygon","coordinates":[[[121.83629131777506,13.45996222199379],[121.83619083212469,13.460068680376185],[121.83637969418908,13.46022893097574],[121.83646270820806,13.460112304546948],[121.83629131777506,13.45996222199379]]]}},{"type":"Feature","properties":{"Id":0,"CLN":"7542","PSGC":"174001017","Barangay":"Buliasnin","Land_Class":"RESIDENTIAL","PIN":"030-01-018-17-114","Owner":"PULIDO, DANNY E. & PULIDO, MARIJO R.","TaxDecNo":"11110"},"geometry":{"type":"Polygon","coordinates":[[[121.83637969418908,13.46022893097574],[121.83641153100479,13.460252278688579],[121.83649350953634,13.460136656169313],[121.83646270820806,13.460112304546948],[121.83637969418908,13.46022893097574]]]}},{"type":"Feature","properties":{"Id":0,"CLN":"7540","PSGC":"174001017","Barangay":"Buliasnin","Land_Class":"RESIDENTIAL","PIN":"030-01-018-17-035","Owner":"HRS.OF LAMARCA, ROSA MERLIN","TaxDecNo":"11032"},"geometry":{"type":"Polygon","coordinates":[[[121.83629131777506,13.45996222199379],[121.83646270820806,13.460112304546948],[121.83657795360557,13.45993732192032],[121.83640738428004,13.459830617866032],[121.83629131777506,13.45996222199379]]]}},{"type":"Feature","properties":{"Id":0,"CLN":"7539","PSGC":"174001017","Barangay":"Buliasnin","Land_Class":null,"PIN":null},"geometry":{"type":"Polygon","coordinates":[[[121.83646270820806,13.460112304546948],[121.83649350953634,13.460136656169313],[121.83660875979795,13.459960664838459],[121.83657795360557,13.45993732192032],[121.83646270820806,13.460112304546948]]]}},{"type":"Feature","properties":{"Id":0,"CLN":"7538","PSGC":"174001017","Barangay":"Buliasnin","Land_Class":null,"PIN":null},"geometry":{"type":"Polygon","coordinates":[[[121.83657795360557,13.45993732192032],[121.83660875979795,13.459960664838459],[121.83671872043958,13.459812892907891],[121.83669098658946,13.459793599066545],[121.83657795360557,13.45993732192032]]]}},{"type":"Feature","properties":{"Id":0,"CLN":"7535","PSGC":"174001017","Barangay":"Buliasnin","Land_Class":"AGRICULTURAL","PIN":"030-01-018-17-034","Owner":"BARANGAY BULIASNIN","TaxDecNo":"11031"},"geometry":{"type":"Polygon","coordinates":[[[121.83657795360557,13.45993732192032],[121.83669098658946,13.459793599066545],[121.8364589706803,13.459605913792473],[121.8365512452643,13.459492356297828],[121.83641157006592,13.459390838772606],[121.83618668576261,13.45964701957568],[121.83640738428004,13.459830617866032],[121.83657795360557,13.45993732192032]]]}},{"type":"Feature","properties":{"Id":0,"CLN":"7536","PSGC":"174001017","Barangay":"Buliasnin","Land_Class":"RESIDENTIAL","PIN":"030-01-018-17-035","Owner":"HRS.OF LAMARCA, ROSA MERLIN","TaxDecNo":"11032"},"geometry":{"type":"Polygon","coordinates":[[[121.8365512452643,13.459492356297828],[121.8364589706803,13.459605913792473],[121.83669098658946,13.459793599066545],[121.83677606151315,13.459676982042126],[121.8365512452643,13.459492356297828]]]}},{"type":"Feature","properties":{"Id":0,"CLN":"7537","PSGC":"174001017","Barangay":"Buliasnin","Land_Class":"AGRICULTURAL","PIN":"030-01-018-17-032","Owner":"MONTALES, GLORIA & MONTALES, ARACELI","TaxDecNo":"11028"},"geometry":{"type":"Polygon","coordinates":[[[121.83669098658946,13.459793599066545],[121.83671872043958,13.459812892907891],[121.83680378074448,13.459699301942662],[121.83677606151315,13.459676982042126],[121.83669098658946,13.459793599066545]]]}},{"type":"Feature","properties":{"Id":0,"CLN":"7531","PSGC":"174001017","Barangay":"Buliasnin","Land_Class":"AGRICULTURAL","PIN":"030-01-018-17-032","Owner":"MONTALES, GLORIA & MONTALES, ARACELI","TaxDecNo":"11028"},"geometry":{"type":"Polygon","coordinates":[[[121.83677606151315,13.459676982042126],[121.83693472831725,13.459473956138286],[121.83688852150124,13.459438437477308],[121.83651081752453,13.459113902187035],[121.83647149375022,13.459147007731353],[121.83639350644175,13.459289883973241],[121.83610244406765,13.459591150490011],[121.83618668576261,13.45964701957568],[121.83641157006592,13.459390838772606],[121.8365512452643,13.459492356297828],[121.83677606151315,13.459676982042126]]]}},{"type":"Feature","properties":{"Id":0,"CLN":"7530","PSGC":"174001017","Barangay":"Buliasnin","Land_Class":null,"PIN":null},"geometry":{"type":"Polygon","coordinates":[[[121.83677606151315,13.459676982042126],[121.83680378074448,13.459699301942662],[121.8369614412889,13.459491227805414],[121.83693472831725,13.459473956138286],[121.83677606151315,13.459676982042126]]]}},{"type":"Feature","properties":{"Id":0,"CLN":"7529","PSGC":"174001017","Barangay":"Buliasnin","Land_Class":null,"PIN":null},"geometry":{"type":"Polygon","coordinates":[[[121.83693472831725,13.459473956138286],[121.8369614412889,13.459491227805414],[121.83700393967759,13.459440988759019],[121.83697312376412,13.459419663270127],[121.83693472831725,13.459473956138286]]]}},{"type":"Feature","properties":{"Id":0,"CLN":"7527","PSGC":"174001017","Barangay":"Buliasnin","Land_Class":"RESIDENTIAL","PIN":"030-01-018-17-060","Owner":"MUNICIPAL GOV'T OF BOAC","TaxDecNo":"11061"},"geometry":{"type":"Polygon","coordinates":[[[121.83688852150124,13.459438437477308],[121.83693472831725,13.459473956138286],[121.83697312376412,13.459419663270127],[121.83692690233978,13.459387170685604],[121.83688852150124,13.459438437477308]]]}},{"type":"Feature","properties":{"Id":0,"CLN":"7528","PSGC":"174001017","Barangay":"Buliasnin","Land_Class":null,"PIN":null},"geometry":{"type":"Polygon","coordinates":[[[121.83697312376412,13.459419663270127],[121.83700393967759,13.459440988759019],[121.83704856744228,13.459376637580089],[121.83702288508167,13.459359370689224],[121.83697312376412,13.459419663270127]]]}},{"type":"Feature","properties":{"Id":0,"CLN":"7526","PSGC":"174001017","Barangay":"Buliasnin","Land_Class":"RESIDENTIAL","PIN":"030-01-018-17-061","Owner":"SPS. ZALDY E. PUERTOLLANO AND EVELYN R. PUERTOLLANO","TaxDecNo":"31133"},"geometry":{"type":"Polygon","coordinates":[[[121.83702288508167,13.459359370689224],[121.83692751603483,13.459260075779413],[121.83669445031096,13.459076420733497],[121.83662156968037,13.459015560824009],[121.83651081752453,13.459113902187035],[121.83688852150124,13.459438437477308],[121.83692690233978,13.459387170685604],[121.83697312376412,13.459419663270127],[121.83702288508167,13.459359370689224]]]}},{"type":"Feature","properties":{"Id":0,"CLN":"7520","PSGC":"174001017","Barangay":"Buliasnin","Land_Class":"AGRICULTURAL","PIN":null,"Owner":"BANAAG, EMMANUEL N.","TaxDecNo":"11106"},"geometry":{"type":"Polygon","coordinates":[[[121.83702288508167,13.459359370689224],[121.83704856744228,13.459376637580089],[121.83717916886198,13.459222908587838],[121.8371565831924,13.459204647319014],[121.83702288508167,13.459359370689224]]]}},{"type":"Feature","properties":{"Id":0,"CLN":"7521","PSGC":"174001017","Barangay":"Buliasnin","Land_Class":"AGRICULTURAL","PIN":"030-01-018-17-107","Owner":"BANAAG, EMMANUEL N.","TaxDecNo":"11105"},"geometry":{"type":"Polygon","coordinates":[[[121.83692751603483,13.459260075779413],[121.83702288508167,13.459359370689224],[121.8371565831924,13.459204647319014],[121.837052891382,13.459121453364643],[121.83692751603483,13.459260075779413]]]}},{"type":"Feature","properties":{"Id":0,"CLN":"7522","PSGC":"174001017","Barangay":"Buliasnin","Land_Class":"AGRICULTURAL","PIN":"030-01-018-17-065","Owner":"BANAAG, EMMANUEL N.","TaxDecNo":"11066"},"geometry":{"type":"Polygon","coordinates":[[[121.83669445031096,13.459076420733497],[121.83692751603483,13.459260075779413],[121.837052891382,13.459121453364643],[121.83701802126406,13.459085987160984],[121.83697969894088,13.459125149696085],[121.83679804660157,13.45896594163332],[121.83669445031096,13.459076420733497]]]}},{"type":"Feature","properties":{"Id":0,"CLN":"7523","PSGC":"174001017","Barangay":"Buliasnin","Land_Class":"RESIDENTIAL","PIN":"030-01-018-17-064","Owner":"SPS. BANAAG, EMMANUEL N. & BANAAG, MARISSA B.","TaxDecNo":"11065"},"geometry":{"type":"Polygon","coordinates":[[[121.83662156968037,13.459015560824009],[121.83669445031096,13.459076420733497],[121.83679804660157,13.45896594163332],[121.83674678917342,13.458909216633627],[121.83662156968037,13.459015560824009]]]}},{"type":"Feature","properties":{"Id":0,"CLN":"7519","PSGC":"174001017","Barangay":"Buliasnin","Land_Class":null,"PIN":null},"geometry":{"type":"Polygon","coordinates":[[[121.8371565831924,13.459204647319014],[121.83717916886198,13.459222908587838],[121.83733483083978,13.459001711656612],[121.83730810815153,13.458986457410502],[121.8371565831924,13.459204647319014]]]}},{"type":"Feature","properties":{"Id":0,"CLN":"7518","PSGC":"174001017","Barangay":"Buliasnin","Land_Class":"AGRICULTURAL","PIN":"030-01-018-18-074","Owner":"DE VERA, FLERIDA GO","TaxDecNo":"11221"},"geometry":{"type":"Polygon","coordinates":[[[121.83722528891545,13.459105713878344],[121.83686269046983,13.458824312748384],[121.83674678917343,13.458909216633632],[121.83679804660157,13.458965941633357],[121.83697969894088,13.45912514969612],[121.83701802126406,13.459085987161025],[121.837052891382,13.459121453364647],[121.8371565831924,13.459204647319032],[121.83722528891545,13.459105713878344]]]}},{"type":"Feature","properties":{"Id":0,"CLN":"7516","PSGC":"174001017","Barangay":"Buliasnin","Land_Class":null,"PIN":null},"geometry":{"type":"Polygon","coordinates":[[[121.83730810815153,13.458986457410502],[121.83733483083978,13.459001711656612],[121.83741361929629,13.458906248258664],[121.83738796129614,13.458883937956758],[121.83730810815153,13.458986457410502]]]}},{"type":"Feature","properties":{"Id":0,"CLN":"7517","PSGC":"174001017","Barangay":"Buliasnin","Land_Class":"RESIDENTIAL","PIN":"030-01-018-18-003","Owner":"MANGUERA, FELIX","TaxDecNo":"11147"},"geometry":{"type":"Polygon","coordinates":[[[121.83720234055482,13.458906280058699],[121.83730810815153,13.458986457410502],[121.83738796129614,13.458883937956758],[121.83732024815318,13.458820075994474],[121.8372822277945,13.458796699810136],[121.83725836809913,13.458828868281708],[121.83720234055482,13.458906280058699]]]}},{"type":"Feature","properties":{"Id":0,"CLN":"7513","PSGC":"174001017","Barangay":"Buliasnin","Land_Class":"RESIDENTIAL","PIN":"030-01-018-18-004","Owner":"MANGUERA, TRINIDAD","TaxDecNo":"11149"},"geometry":{"type":"Polygon","coordinates":[[[121.83696709195736,13.458747832984892],[121.83717441198351,13.458927333868857],[121.83720234055482,13.458906280058699],[121.83725836809913,13.458828868281708],[121.83705508770859,13.45866653425962],[121.83696709195736,13.458747832984892]]]}},{"type":"Feature","properties":{"Id":0,"CLN":"7515","PSGC":"174001017","Barangay":"Buliasnin","Land_Class":null,"PIN":null},"geometry":{"type":"Polygon","coordinates":[[[121.83738796129614,13.458883937956758],[121.83741361929629,13.458906248258664],[121.83750175127638,13.458796706051169],[121.83747813501333,13.458778440047416],[121.83738796129614,13.458883937956758]]]}},{"type":"Feature","properties":{"Id":0,"CLN":"7514","PSGC":"174001017","Barangay":"Buliasnin","Land_Class":"AGRICULTURAL","PIN":"030-01-018-18-008","Owner":"JORDAN, GUILLERMO","TaxDecNo":"11153"},"geometry":{"type":"Polygon","coordinates":[[[121.8372822277945,13.458796699810136],[121.83732024815318,13.458820075994474],[121.83738796129614,13.458883937956758],[121.83747813501333,13.458778440047416],[121.837382595578,13.45871444945738],[121.8372822277945,13.458796699810136]]]}},{"type":"Feature","properties":{"Id":0,"CLN":"7508","PSGC":"174001017","Barangay":"Buliasnin","Land_Class":"AGRICULTURAL","PIN":"030-01-018-18-009","Owner":"JASMIN, LINA","TaxDecNo":"11154"},"geometry":{"type":"Polygon","coordinates":[[[121.83747813501333,13.458778440047416],[121.83750175127638,13.458796706051169],[121.8375826397451,13.458693182596717],[121.83756109442683,13.458672908749135],[121.83747813501333,13.458778440047416]]]}},{"type":"Feature","properties":{"Id":0,"CLN":"7509","PSGC":"174001017","Barangay":"Buliasnin","Land_Class":"AGRICULTURAL","PIN":"030-01-018-18-009","Owner":"JASMIN, LINA","TaxDecNo":"11154"},"geometry":{"type":"Polygon","coordinates":[[[121.837382595578,13.45871444945738],[121.83747813501333,13.458778440047416],[121.83756109442683,13.458672908749135],[121.83746350840447,13.458605882592606],[121.837382595578,13.45871444945738]]]}},{"type":"Feature","properties":{"Id":0,"CLN":"7510","PSGC":"174001017","Barangay":"Buliasnin","Land_Class":"AGRICULTURAL","PIN":"030-01-018-18-007","Owner":"JORDAN, NEMESIA","TaxDecNo":"11152"},"geometry":{"type":"Polygon","coordinates":[[[121.83718093983306,13.458429060134533],[121.83705508770859,13.45866653425962],[121.83725836809913,13.458828868281708],[121.8372822277945,13.458796699810136],[121.837382595578,13.45871444945738],[121.83746350840447,13.458605882592606],[121.83718093983306,13.458429060134533]]]}},{"type":"Feature","properties":{"Id":0,"CLN":"7507","PSGC":"174001017","Barangay":"Buliasnin","Land_Class":"RESIDENTIAL","PIN":"030-01-018-18-010","Owner":"MANGUERA, FRANCISCO","TaxDecNo":"01-09044"},"geometry":{"type":"Polygon","coordinates":[[[121.83756109442683,13.458672908749135],[121.8375826397451,13.458693182596717],[121.83775880110464,13.45849528048811],[121.83773210764065,13.458473974148385],[121.83756109442683,13.458672908749135]]]}},{"type":"Feature","properties":{"Id":0,"CLN":"7506","PSGC":"174001017","Barangay":"Buliasnin","Land_Class":"RESIDENTIAL","PIN":"030-01-018-18-010","Owner":"MANGUERA, FRANCISCO","TaxDecNo":"01-09044"},"geometry":{"type":"Polygon","coordinates":[[[121.83746350840447,13.458605882592606],[121.83756109442683,13.458672908749135],[121.83773210764065,13.458473974148385],[121.8376489890102,13.458398945232245],[121.83746350840447,13.458605882592606]]]}},{"type":"Feature","properties":{"Id":0,"CLN":"7504","PSGC":"174001017","Barangay":"Buliasnin","Land_Class":"RESIDENTIAL","PIN":"030-01-018-18-011","Owner":"MANRIQUE, ANDREA","TaxDecNo":"11155"},"geometry":{"type":"Polygon","coordinates":[[[121.83775880110464,13.45849528048811],[121.83781161976937,13.458442062836037],[121.83778698751046,13.458420766028258],[121.83773210764065,13.458473974148385],[121.83775880110464,13.45849528048811]]]}},{"type":"Feature","properties":{"Id":0,"CLN":"7505","PSGC":"174001017","Barangay":"Buliasnin","Land_Class":"RESIDENTIAL","PIN":"030-01-018-18-011","Owner":"MANRIQUE, ANDREA","TaxDecNo":"11155"},"geometry":{"type":"Polygon","coordinates":[[[121.8376489890102,13.458398945232245],[121.83773210764065,13.458473974148385],[121.83778698751046,13.458420766028258],[121.83763003058053,13.458269742392293],[121.83756789756286,13.458330986650793],[121.8376489890102,13.458398945232245]]]}},{"type":"Feature","properties":{"Id":0,"CLN":"7501","PSGC":"174001017","Barangay":"Buliasnin","Land_Class":"AGRICULTURAL","PIN":"030-01-018-18-013","Owner":"TAN, ARACELI RIEGO","TaxDecNo":"01-26954"},"geometry":{"type":"Polygon","coordinates":[[[121.83718093983306,13.458429060134533],[121.83746350840447,13.458605882592606],[121.8376489890102,13.458398945232245],[121.83756789756286,13.458330986650793],[121.83763003058053,13.458269742392293],[121.83756743159354,13.458213973841488],[121.83768454172917,13.458079347674877],[121.83746627478668,13.457819099617591],[121.83731596973463,13.45821180260673],[121.83718093983306,13.458429060134533]]]}},{"type":"Feature","properties":{"Id":0,"CLN":"7503","PSGC":"174001017","Barangay":"Buliasnin","Land_Class":"RESIDENTIAL","PIN":"030-01-018-18-012","Owner":"MANUEL & ANGELINA MATINING","TaxDecNo":"11156"},"geometry":{"type":"Polygon","coordinates":[[[121.83778698751046,13.458420766028258],[121.83781161976937,13.458442062836037],[121.83794313399703,13.458312546682393],[121.83792259494881,13.458297321078811],[121.83778698751046,13.458420766028258]]]}},{"type":"Feature","properties":{"Id":0,"CLN":"7502","PSGC":"174001017","Barangay":"Buliasnin","Land_Class":"RESIDENTIAL","PIN":"030-01-018-18-012","Owner":"MANUEL & ANGELINA MATINING","TaxDecNo":"11156"},"geometry":{"type":"Polygon","coordinates":[[[121.83768454172917,13.458079347674877],[121.83756743159354,13.458213973841488],[121.83763003058053,13.458269742392293],[121.83778698751046,13.458420766028258],[121.83792259494881,13.458297321078811],[121.83769899447572,13.458074370912758],[121.83768454172917,13.458079347674877]]]}},{"type":"Feature","properties":{"Id":0,"CLN":"7496","PSGC":"174001017","Barangay":"Buliasnin","Land_Class":null,"PIN":null},"geometry":{"type":"Polygon","coordinates":[[[121.83792259494881,13.458297321078811],[121.83794313399703,13.458312546682393],[121.83799800891858,13.458260347199003],[121.83798162147205,13.458239088508089],[121.83792259494881,13.458297321078811]]]}},{"type":"Feature","properties":{"Id":0,"CLN":"7495","PSGC":"174001017","Barangay":"Buliasnin","Land_Class":"RESIDENTIAL","PIN":"030-01-018-18-019","Owner":"LARGO, CLODUALDO O.","TaxDecNo":"11162"},"geometry":{"type":"Polygon","coordinates":[[[121.83798162147205,13.458239088508089],[121.83799800891858,13.458260347199003],[121.83806734143047,13.458202162228003],[121.8380509734428,13.45817686878045],[121.83798162147205,13.458239088508089]]]}},{"type":"Feature","properties":{"Id":0,"CLN":"7493","PSGC":"174001017","Barangay":"Buliasnin","Land_Class":null,"PIN":null},"geometry":{"type":"Polygon","coordinates":[[[121.83814825864025,13.458092586409256],[121.8380509734428,13.45817686878045],[121.83806734143047,13.458202162228003],[121.83816771843733,13.458117894135597],[121.83814825864025,13.458092586409256]]]}},{"type":"Feature","properties":{"Id":0,"CLN":"7494","PSGC":"174001017","Barangay":"Buliasnin","Land_Class":"RESIDENTIAL","PIN":"030-01-018-18-018","Owner":"MONTANTE, CLAUDIO","TaxDecNo":"11161"},"geometry":{"type":"Polygon","coordinates":[[[121.83798162147205,13.458239088508089],[121.8380509734428,13.45817686878045],[121.8380058702632,13.458126224736901],[121.83793235209819,13.458197503614235],[121.83798162147205,13.458239088508089]]]}},{"type":"Feature","properties":{"Id":0,"CLN":"7492","PSGC":"174001017","Barangay":"Buliasnin","Land_Class":"RESIDENTIAL","PIN":"030-01-018-18-019","Owner":"LARGO, CLODUALDO O.","TaxDecNo":"11162"},"geometry":{"type":"Polygon","coordinates":[[[121.8380509734428,13.458176868780438],[121.83814825864025,13.45809258640926],[121.83812089259084,13.458058698545772],[121.83806322474891,13.45798728739755],[121.83797413572017,13.458081694738121],[121.8380058702632,13.458126224736919],[121.8380509734428,13.458176868780438]]]}},{"type":"Feature","properties":{"Id":0,"CLN":"7497","PSGC":"174001017","Barangay":"Buliasnin","Land_Class":"RESIDENTIAL","PIN":"030-01-018-18-017","Owner":"MAYORES, TERESITA","TaxDecNo":"01-24328"},"geometry":{"type":"Polygon","coordinates":[[[121.83769899447572,13.458074370912758],[121.83792259494881,13.458297321078811],[121.83798162147205,13.458239088508089],[121.83793235209819,13.458197503614235],[121.8380058702632,13.458126224736901],[121.83797413572016,13.458081694738103],[121.83806322474894,13.457987287397529],[121.83793622827504,13.4578212716951],[121.83769899447572,13.458074370912758]]]}},{"type":"Feature","properties":{"Id":0,"CLN":"7498","PSGC":"174001017","Barangay":"Buliasnin","Land_Class":"AGRICULTURAL","PIN":"030-01-018-18-016","Owner":"MANUEL & ANGELINA MATINING","TaxDecNo":"11160"},"geometry":{"type":"Polygon","coordinates":[[[121.8375713193455,13.457621877531606],[121.83746627478668,13.457819099617591],[121.83768454172917,13.458079347674877],[121.83769899447572,13.458074370912758],[121.83793622827504,13.4578212716951],[121.83773993474746,13.457492532942334],[121.8375713193455,13.457621877531606]]]}},{"type":"Feature","properties":{"Id":0,"CLN":"7490","PSGC":"174001017","Barangay":"Buliasnin","Land_Class":null,"PIN":null},"geometry":{"type":"Polygon","coordinates":[[[121.83814825864025,13.458092586409256],[121.83816771843733,13.458117894135597],[121.83823196527379,13.458062856523075],[121.83821508440805,13.45803705635956],[121.83814825864025,13.458092586409256]]]}},{"type":"Feature","properties":{"Id":0,"CLN":"7491","PSGC":"174001017","Barangay":"Buliasnin","Land_Class":"RESIDENTIAL","PIN":"030-01-018-18-020","Owner":"OSICOS, ANDRES","TaxDecNo":"11163"},"geometry":{"type":"Polygon","coordinates":[[[121.83814825864025,13.458092586409256],[121.83821508440805,13.45803705635956],[121.83818585457988,13.45800741646992],[121.83812089259084,13.458058698545738],[121.83814825864025,13.458092586409256]]]}},{"type":"Feature","properties":{"Id":0,"CLN":"7489","PSGC":"174001017","Barangay":"Buliasnin","Land_Class":"RESIDENTIAL","PIN":"030-01-018-18-022","Owner":"OSICOS, FERNANDO","TaxDecNo":"11166"},"geometry":{"type":"Polygon","coordinates":[[[121.83821508440805,13.45803705635956],[121.83823196527379,13.458062856523075],[121.83833360488016,13.457983889929947],[121.83831669847038,13.45796338539693],[121.83821508440805,13.45803705635956]]]}},{"type":"Feature","properties":{"Id":0,"CLN":"7488","PSGC":"174001017","Barangay":"Buliasnin","Land_Class":"RESIDENTIAL","PIN":"030-01-018-18-021","Owner":"OSICOS, FERNANDO","TaxDecNo":"11164"},"geometry":{"type":"Polygon","coordinates":[[[121.83793622827504,13.4578212716951],[121.83806322474894,13.457987287397529],[121.83812089259084,13.458058698545738],[121.83818585457988,13.45800741646992],[121.83821508440805,13.45803705635956],[121.83831669847038,13.45796338539693],[121.8382475707399,13.457872281900883],[121.83791731883797,13.457431965978389],[121.83773993474746,13.457492532942334],[121.83793622827504,13.4578212716951]]]}},{"type":"Feature","properties":{"Id":0,"CLN":"7484","PSGC":"174001017","Barangay":"Buliasnin","Land_Class":"RESIDENTIAL","PIN":"030-01-018-18-026","Owner":"MAYAMAYA, ERLINDA","TaxDecNo":"11168"},"geometry":{"type":"Polygon","coordinates":[[[121.83831669847038,13.45796338539693],[121.83833360488016,13.457983889929947],[121.83849332147474,13.457883252036467],[121.83847100440565,13.457862722522556],[121.83831669847038,13.45796338539693]]]}},{"type":"Feature","properties":{"Id":0,"CLN":"7483","PSGC":"174001017","Barangay":"Buliasnin","Land_Class":null,"PIN":null},"geometry":{"type":"Polygon","coordinates":[[[121.83847100440565,13.457862722522558],[121.83849332147474,13.4578832520365],[121.83867894384304,13.457802037096402],[121.83866217503356,13.457775651080183],[121.83847100440565,13.457862722522558]]]}},{"type":"Feature","properties":{"Id":0,"CLN":"7475","PSGC":"174001017","Barangay":"Buliasnin","Land_Class":null,"PIN":null},"geometry":{"type":"Polygon","coordinates":[[[121.83867894384304,13.457802037096407],[121.83872751884473,13.457762422707761],[121.83870687388084,13.457743535531472],[121.83866217503359,13.457775651080178],[121.83867894384304,13.457802037096407]]]}},{"type":"Feature","properties":{"Id":0,"CLN":"7476","PSGC":"174001017","Barangay":"Buliasnin","Land_Class":"RESIDENTIAL","PIN":"030-01-018-18-036","Owner":"REV. FR. ANGELITO LEAL","TaxDecNo":"29973"},"geometry":{"type":"Polygon","coordinates":[[[121.83866217503359,13.457775651080178],[121.83870687388084,13.457743535531472],[121.83866792777187,13.457697503588202],[121.83863165862611,13.457733416428423],[121.83866217503359,13.457775651080178]]]}},{"type":"Feature","properties":{"Id":0,"CLN":"7482","PSGC":"174001017","Barangay":"Buliasnin","Land_Class":"RESIDENTIAL","PIN":"030-01-018-18-037","Owner":"MONTEJO, DEMETRIA","TaxDecNo":"11180"},"geometry":{"type":"Polygon","coordinates":[[[121.83847100440565,13.457862722522558],[121.83866217503356,13.457775651080183],[121.83863165862611,13.457733416428432],[121.83846800437199,13.457802081550058],[121.83844327305647,13.457834289282761],[121.83847100440565,13.457862722522558]]]}},{"type":"Feature","properties":{"Id":0,"CLN":"7485","PSGC":"174001017","Barangay":"Buliasnin","Land_Class":"AGRICULTURAL","PIN":"030-01-018-18-024","Owner":"HRS.OF FRANCISCO MERCENE","TaxDecNo":"01-09104"},"geometry":{"type":"Polygon","coordinates":[[[121.8382475707399,13.457872281900883],[121.83832734016913,13.457826988705623],[121.83802906721186,13.457409183568403],[121.83791731883797,13.457431965978389],[121.8382475707399,13.457872281900883]]]}},{"type":"Feature","properties":{"Id":0,"CLN":"7481","PSGC":"174001017","Barangay":"Buliasnin","Land_Class":"RESIDENTIAL","PIN":"030-01-018-18-092","Owner":"GUEVARRA, SONIA M.","TaxDecNo":"11242"},"geometry":{"type":"Polygon","coordinates":[[[121.83825952901287,13.457556346981137],[121.83817820356506,13.45761808617243],[121.83828735267662,13.457770976418429],[121.83839164577476,13.457712076037437],[121.83825952901287,13.457556346981137]]]}},{"type":"Feature","properties":{"Id":0,"CLN":"7477","PSGC":"174001017","Barangay":"Buliasnin","Land_Class":"AGRICULTURAL","PIN":"030-01-018-18-028","Owner":"ANGELITO LEAL & MARINA MERCENE LEAL","TaxDecNo":"01-09061"},"geometry":{"type":"Polygon","coordinates":[[[121.83812741241914,13.457400617867403],[121.83846800437199,13.457802081550097],[121.83863165862617,13.457733416428466],[121.83866792777187,13.45769750358821],[121.838595795656,13.457614277573608],[121.83844097585198,13.457442515022702],[121.83836498932423,13.457344613514252],[121.83812741241914,13.457400617867403]]]}},{"type":"Feature","properties":{"Id":0,"CLN":"7474","PSGC":"174001017","Barangay":"Buliasnin","Land_Class":null,"PIN":null},"geometry":{"type":"Polygon","coordinates":[[[121.83872751884473,13.457762422707768],[121.83884457404336,13.457677225157244],[121.83882311580108,13.45765131367539],[121.83870687388084,13.45774353553148],[121.83872751884473,13.457762422707768]]]}},{"type":"Feature","properties":{"Id":0,"CLN":"7473","PSGC":"174001017","Barangay":"Buliasnin","Land_Class":"RESIDENTIAL","PIN":"030-01-018-18-035","Owner":"OSICOS, TERESA","TaxDecNo":"11177"},"geometry":{"type":"Polygon","coordinates":[[[121.838595795656,13.457614277573601],[121.83866792777187,13.457697503588202],[121.83870687388084,13.457743535531472],[121.83882311580108,13.457651313675395],[121.8387021423108,13.457534621485712],[121.838595795656,13.457614277573601]]]}},{"type":"Feature","properties":{"Id":0,"CLN":"7472","PSGC":"174001017","Barangay":"Buliasnin","Land_Class":"RESIDENTIAL","PIN":"030-01-018-18-034","Owner":"OSICOS, TERESA","TaxDecNo":"01-09109"},"geometry":{"type":"Polygon","coordinates":[[[121.83882511745536,13.457537745323963],[121.83876191963188,13.457592283283674],[121.83882311580108,13.45765131367541],[121.83888501544082,13.457595787710156],[121.83882511745536,13.457537745323963]]]}},{"type":"Feature","properties":{"Id":0,"CLN":"7470","PSGC":"174001017","Barangay":"Buliasnin","Land_Class":"RESIDENTIAL","PIN":"030-01-018-18-033","Owner":"OLAVIDEZ, PEDRO","TaxDecNo":"11175"},"geometry":{"type":"Polygon","coordinates":[[[121.83888501544082,13.45759578771014],[121.83892031368265,13.45756212536699],[121.83893012196526,13.457544199835574],[121.83882821017075,13.457430908889041],[121.8387657644694,13.457480231013934],[121.83888501544082,13.45759578771014]]]}},{"type":"Feature","properties":{"Id":0,"CLN":"7467","PSGC":"174001017","Barangay":"Buliasnin","Land_Class":"RESIDENTIAL","PIN":"030-01-018-18-032","Owner":"MASCAREÑAS, CATALINA LIVELO","TaxDecNo":"11173"},"geometry":{"type":"Polygon","coordinates":[[[121.83882821017075,13.457430908889021],[121.83893012196526,13.457544199835574],[121.8389796202273,13.457480158298097],[121.8389201789289,13.457417458874904],[121.83888345103004,13.457389226817204],[121.83882821017075,13.457430908889021]]]}},{"type":"Feature","properties":{"Id":0,"CLN":"7471","PSGC":"174001017","Barangay":"Buliasnin","Land_Class":null,"PIN":null},"geometry":{"type":"Polygon","coordinates":[[[121.83882311580108,13.45765131367539],[121.83884457404336,13.457677225157244],[121.8389063715089,13.457623379963076],[121.83888501544082,13.45759578771014],[121.83882311580108,13.45765131367539]]]}},{"type":"Feature","properties":{"Id":0,"CLN":"7466","PSGC":"174001017","Barangay":"Buliasnin","Land_Class":"AGRICULTURAL","PIN":"030-01-018-18-031","Owner":"REJANO, RUFINO JR. & REJANO, HELEN O.","TaxDecNo":"11172"},"geometry":{"type":"Polygon","coordinates":[[[121.83891750943087,13.45735454793029],[121.83902501692174,13.457278315514284],[121.83911430649543,13.45718665320219],[121.83913529767332,13.457168846723404],[121.83898201142564,13.456983990118474],[121.83891603126467,13.45707373288476],[121.83844097585198,13.457442515022702],[121.838595795656,13.457614277573608],[121.83870214231075,13.457534621485735],[121.8387657644694,13.457480231013934],[121.83882821017075,13.457430908889021],[121.83888345103004,13.457389226817204],[121.83891750943087,13.45735454793029]]]}},{"type":"Feature","properties":{"Id":0,"CLN":"7478","PSGC":"174001017","Barangay":"Buliasnin","Land_Class":"AGRICULTURAL","PIN":"030-01-018-18-030","Owner":"MONTEVIRGEN, ELPEDIO FERDINAND","TaxDecNo":"11171"},"geometry":{"type":"Polygon","coordinates":[[[121.83844097585198,13.457442515022702],[121.83891603126467,13.45707373288476],[121.83898201142564,13.456983990118474],[121.83861038936315,13.45719943503957],[121.83848093841317,13.457288035793804],[121.83836498932423,13.457344613514252],[121.83844097585198,13.457442515022702]]]}},{"type":"Feature","properties":{"Id":0,"CLN":"8103","PSGC":"174001017","Barangay":"Buliasnin","Land_Class":"RESIDENTIAL","PIN":null,"Owner":"RIEGO, PAQUITO","TaxDecNo":"11104"},"geometry":{"type":"Polygon","coordinates":[[[121.8361830230079,13.46100174726301],[121.83620226472591,13.461015246571542],[121.83621250693328,13.460893180508762],[121.83618205005368,13.460878381907268],[121.8361830230079,13.46100174726301]]]}},{"type":"Feature","properties":{"Id":0,"CLN":"8104","PSGC":"174001017","Barangay":"Buliasnin","Land_Class":"AGRICULTURAL","PIN":"030-01-018-17-025","Owner":"RIEGO, HRS. OF ESTRELLA","TaxDecNo":"11021"},"geometry":{"type":"Polygon","coordinates":[[[121.83618205005368,13.460878381907268],[121.83621250693328,13.460893180508728],[121.8362632013864,13.460772771659478],[121.8362304841256,13.46074894252775],[121.83618205005368,13.460878381907268]]]}},{"type":"Feature","properties":{"Id":0,"CLN":"8109","PSGC":"174001017","Barangay":"Buliasnin","Land_Class":"AGRICULTURAL","PIN":"030-01-018-17-040","Owner":"MANGUERA, JUANA","TaxDecNo":"11037"},"geometry":{"type":"Polygon","coordinates":[[[121.83672934337456,13.461067044360798],[121.83681092577844,13.461110404894773],[121.83687893343578,13.460984450241169],[121.83640807535618,13.460662894055236],[121.83629917738509,13.460797888033683],[121.83662665719032,13.461026446660737],[121.83672934337456,13.461067044360798]]]}},{"type":"Feature","properties":{"Id":0,"CLN":"8111","PSGC":"174001017","Barangay":"Buliasnin","Land_Class":"RESIDENTIAL","PIN":"030-01-018-17-026","Owner":"DE LA CRUZ, ANGELITO","TaxDecNo":"11022"},"geometry":{"type":"Polygon","coordinates":[[[121.8362304841256,13.46074894252775],[121.8362632013864,13.460772771659478],[121.83639538874502,13.46046276506244],[121.83637013218757,13.460444608025078],[121.8362304841256,13.46074894252775]]]}},{"type":"Feature","properties":{"Id":0,"CLN":"8110","PSGC":"174001017","Barangay":"Buliasnin","Land_Class":"AGRICULTURAL","PIN":"030-01-018-18-056","Owner":"JORDAN, GUILLERMO","TaxDecNo":"11207"},"geometry":{"type":"Polygon","coordinates":[[[121.8362632013864,13.460772771659478],[121.83629917738509,13.46079788803368],[121.83640807535618,13.460662894055204],[121.83648337731283,13.460531574491574],[121.83639538874502,13.46046276506244],[121.8362632013864,13.460772771659478]]]}},{"type":"Feature","properties":{"Id":0,"CLN":"8112","PSGC":"174001017","Barangay":"Buliasnin","Land_Class":null,"PIN":null},"geometry":{"type":"Polygon","coordinates":[[[121.83637013218757,13.460444608025078],[121.83639538874502,13.46046276506244],[121.83645027562689,13.460388603446635],[121.83641582859897,13.46036514217264],[121.83637013218757,13.460444608025078]]]}},{"type":"Feature","properties":{"Id":0,"CLN":"8113","PSGC":"174001017","Barangay":"Buliasnin","Land_Class":"RESIDENTIAL","PIN":"030-01-018-17-038","Owner":"MARTINEZ, GALICIANO","TaxDecNo":"11035"},"geometry":{"type":"Polygon","coordinates":[[[121.83639538874502,13.46046276506244],[121.83648337731283,13.460531574491574],[121.8365382823417,13.460453654575181],[121.83645027562689,13.460388603446635],[121.83639538874502,13.46046276506244]]]}},{"type":"Feature","properties":{"Id":0,"CLN":"8124","PSGC":"174001017","Barangay":"Buliasnin","Land_Class":"RESIDENTIAL","PIN":"030-01-018-17-037","Owner":"LIVELO, ANDRES","TaxDecNo":"11034"},"geometry":{"type":"Polygon","coordinates":[[[121.83641582859897,13.46036514217264],[121.83645027562689,13.460388603446635],[121.83650520241576,13.46030617359781],[121.83647075902412,13.460281960675516],[121.83641582859897,13.46036514217264]]]}},{"type":"Feature","properties":{"Id":0,"CLN":"8123","PSGC":"174001017","Barangay":"Buliasnin","Land_Class":"RESIDENTIAL","PIN":"030-01-018-17-037","Owner":"LIVELO, ANDRES","TaxDecNo":"11034"},"geometry":{"type":"Polygon","coordinates":[[[121.83645027562689,13.460388603446635],[121.8365382823417,13.460453654575181],[121.83659862499525,13.460362981363168],[121.83650520241576,13.46030617359781],[121.83645027562689,13.460388603446635]]]}},{"type":"Feature","properties":{"Id":0,"CLN":"8114","PSGC":"174001017","Barangay":"Buliasnin","Land_Class":"AGRICULTURAL","PIN":"030-01-018-17-039","Owner":"MAGALANG, LEON","TaxDecNo":"11036"},"geometry":{"type":"Polygon","coordinates":[[[121.83640807535618,13.460662894055204],[121.83687893343578,13.460984450241135],[121.83693341580614,13.461011720749967],[121.83695895922456,13.46097049689424],[121.83700142829197,13.460895688438901],[121.83669929527548,13.46069384456103],[121.836770821107,13.460584598263907],[121.8365382823417,13.460453654575181],[121.83648337731283,13.460531574491574],[121.83640807535618,13.460662894055204]]]}},{"type":"Feature","properties":{"Id":0,"CLN":"8115","PSGC":"174001017","Barangay":"Buliasnin","Land_Class":"AGRICULTURAL","PIN":"030-01-018-17-044","Owner":"JORDAN, JOSE","TaxDecNo":"11041"},"geometry":{"type":"Polygon","coordinates":[[[121.83700142829197,13.460895688438901],[121.83707837017577,13.460795821256479],[121.836770821107,13.460584598263907],[121.83669929527548,13.46069384456103],[121.83700142829197,13.460895688438901]]]}},{"type":"Feature","properties":{"Id":0,"CLN":"8122","PSGC":"174001017","Barangay":"Buliasnin","Land_Class":"AGRICULTURAL","PIN":"030-01-018-17-045","Owner":"OPES, RAMON & SARINO, NATIVIDAD","TaxDecNo":"11042"},"geometry":{"type":"Polygon","coordinates":[[[121.83707837017577,13.460795821256479],[121.83716770309891,13.460674630428842],[121.83659862499525,13.460362981363168],[121.8365382823417,13.460453654575181],[121.836770821107,13.460584598263907],[121.83707837017577,13.460795821256479]]]}},{"type":"Feature","properties":{"Id":0,"CLN":"8116","PSGC":"174001017","Barangay":"Buliasnin","Land_Class":"AGRICULTURAL","PIN":"030-01-018-17-043","Owner":"HRS.OF ROSARIO LABAGUIS","TaxDecNo":"11040"},"geometry":{"type":"Polygon","coordinates":[[[121.83695895922459,13.460970496894289],[121.8371668167217,13.461068979343283],[121.83738688094579,13.460807938491579],[121.83753894749007,13.460701736983715],[121.83734982600947,13.460564559117591],[121.83722488523362,13.460708302580157],[121.83716770309891,13.46067463042883],[121.83707837017577,13.460795821256482],[121.83700142829197,13.460895688438972],[121.83695895922459,13.460970496894289]]]}},{"type":"Feature","properties":{"Id":0,"CLN":"8118","PSGC":"174001017","Barangay":"Buliasnin","Land_Class":"AGRICULTURAL","PIN":"030-01-018-17-054","Owner":"MAGALANG, NELIA M.","TaxDecNo":"30300"},"geometry":{"type":"Polygon","coordinates":[[[121.83738688094579,13.460807938491525],[121.83752280670025,13.460934179930279],[121.83756075835599,13.460991816640089],[121.83763564466209,13.461034924716602],[121.83813403362076,13.460744576881076],[121.83807851320105,13.460649442431206],[121.83783648571897,13.4604411960856],[121.83757934988127,13.460251587999617],[121.83750797285163,13.460330100170804],[121.83737872347582,13.460517921967554],[121.83734982600944,13.460564559117556],[121.83753894749005,13.460701736983701],[121.83738688094579,13.460807938491525]]]}},{"type":"Feature","properties":{"Id":0,"CLN":"8121","PSGC":"174001017","Barangay":"Buliasnin","Land_Class":"AGRICULTURAL","PIN":"030-01-018-17-046","Owner":"JORDAN, NEMESIA","TaxDecNo":"11043"},"geometry":{"type":"Polygon","coordinates":[[[121.83647075902412,13.460281960675516],[121.83650520241576,13.46030617359781],[121.83665986841056,13.460093660039268],[121.83661900574883,13.460073426360331],[121.83647075902412,13.460281960675516]]]}},{"type":"Feature","properties":{"Id":0,"CLN":"8121","PSGC":"174001017","Barangay":"Buliasnin","Land_Class":"AGRICULTURAL","PIN":"030-01-018-17-046","Owner":"JORDAN, NEMESIA","TaxDecNo":"11043"},"geometry":{"type":"Polygon","coordinates":[[[121.83665986841056,13.460093660039268],[121.83650520241576,13.46030617359781],[121.83659862499525,13.460362981363168],[121.83716770309891,13.460674630428842],[121.83722488523362,13.460708302580121],[121.83734982600944,13.460564559117556],[121.83737872347582,13.460517921967554],[121.8370070690547,13.460293039759973],[121.83665986841056,13.460093660039268]]]}},{"type":"Feature","properties":{"Id":0,"CLN":"8125","PSGC":"174001017","Barangay":"Buliasnin","Land_Class":"RESIDENTIAL","PIN":"030-01-018-17-047","Owner":"PARDITO, JOSE JOVENTINO","TaxDecNo":"11045"},"geometry":{"type":"Polygon","coordinates":[[[121.83661900574883,13.460073426360331],[121.83665986841056,13.460093660039268],[121.8366969965582,13.460039043207374],[121.83666435161186,13.460013502325632],[121.83661900574883,13.460073426360331]]]}},{"type":"Feature","properties":{"Id":0,"CLN":"8128","PSGC":"174001017","Barangay":"Buliasnin","Land_Class":"RESIDENTIAL","PIN":"030-01-018-17-048","Owner":"RIVERA, ROMEO F.","TaxDecNo":"29292"},"geometry":{"type":"Polygon","coordinates":[[[121.83666435161186,13.460013502325632],[121.8366969965582,13.460039043207374],[121.83673686822677,13.459981766445853],[121.83670422328301,13.459956225569458],[121.83666435161186,13.460013502325632]]]}},{"type":"Feature","properties":{"Id":0,"CLN":"8129","PSGC":"174001017","Barangay":"Buliasnin","Land_Class":"RESIDENTIAL","PIN":null,"Owner":"MAGALANG, GODOFREDO","TaxDecNo":"31506"},"geometry":{"type":"Polygon","coordinates":[[[121.83670422328301,13.459956225569458],[121.83673686822677,13.459981766445853],[121.83681110507287,13.459876541579114],[121.83678117785611,13.459853685900796],[121.83670422328301,13.459956225569458]]]}},{"type":"Feature","properties":{"Id":0,"CLN":"8132","PSGC":"174001017","Barangay":"Buliasnin","Land_Class":"RESIDENTIAL","PIN":"030-01-018-17-050","Owner":"JORDAN, PETRA","TaxDecNo":"11050"},"geometry":{"type":"Polygon","coordinates":[[[121.83678117785611,13.459853685900796],[121.83681110507287,13.459876541579114],[121.83689219423462,13.4597660031508],[121.83686224766329,13.459747156316004],[121.83678117785611,13.459853685900796]]]}},{"type":"Feature","properties":{"Id":0,"CLN":"8126","PSGC":"174001017","Barangay":"Buliasnin","Land_Class":"RESIDENTIAL","PIN":"030-01-018-17-047","Owner":"PARDITO, JOSE JOVENTINO","TaxDecNo":"11045"},"geometry":{"type":"Polygon","coordinates":[[[121.8366969965582,13.460039043207374],[121.83665986841056,13.460093660039268],[121.8370070690547,13.460293039759973],[121.83703731895963,13.460249081521972],[121.8366969965582,13.460039043207374]]]}},{"type":"Feature","properties":{"Id":0,"CLN":"8127","PSGC":"174001017","Barangay":"Buliasnin","Land_Class":"RESIDENTIAL","PIN":"030-01-018-17-048","Owner":"RIVERA, ROMEO F.","TaxDecNo":"29291"},"geometry":{"type":"Polygon","coordinates":[[[121.83673686822677,13.459981766445853],[121.8366969965582,13.460039043207374],[121.83703731895963,13.460249081521972],[121.83707442769729,13.460198473463729],[121.83688387058287,13.460075988036898],[121.83673686822677,13.459981766445853]]]}},{"type":"Feature","properties":{"Id":0,"CLN":"8130","PSGC":"174001017","Barangay":"Buliasnin","Land_Class":"RESIDENTIAL","PIN":"030-01-018-17-049","Owner":"MAGALANG, ARLENE M.","TaxDecNo":"31505"},"geometry":{"type":"Polygon","coordinates":[[[121.83681110507287,13.459876541579114],[121.83673686822677,13.459981766445853],[121.83688387058287,13.460075988036898],[121.83696355575763,13.45997346094163],[121.83681110507287,13.459876541579114]]]}},{"type":"Feature","properties":{"Id":0,"CLN":"8131","PSGC":"174001017","Barangay":"Buliasnin","Land_Class":"RESIDENTIAL","PIN":"030-01-018-17-050","Owner":"JORDAN, PETRA","TaxDecNo":"11050"},"geometry":{"type":"Polygon","coordinates":[[[121.83689219423462,13.4597660031508],[121.83681110507287,13.459876541579114],[121.83696355575763,13.45997346094163],[121.837034332789,13.460019222776179],[121.83711265256767,13.459916689311619],[121.83689219423462,13.4597660031508]]]}},{"type":"Feature","properties":{"Id":0,"CLN":"8135","PSGC":"174001017","Barangay":"Buliasnin","Land_Class":"AGRICULTURAL","PIN":"030-01-018-17-051","Owner":"JORDAN, MARIA FE","TaxDecNo":"11051"},"geometry":{"type":"Polygon","coordinates":[[[121.83711265256767,13.459916689311619],[121.837034332789,13.460019222776179],[121.83696355575763,13.45997346094163],[121.83688387058287,13.460075988036898],[121.83707442769729,13.460198473463729],[121.83726092131505,13.46031425842924],[121.83733379274315,13.460209027086735],[121.83728209132326,13.460171371387979],[121.83735358447711,13.46006880627686],[121.83711265256767,13.459916689311619]]]}},{"type":"Feature","properties":{"Id":0,"CLN":"8119","PSGC":"174001017","Barangay":"Buliasnin","Land_Class":"AGRICULTURAL","PIN":"030-01-018-17-052","Owner":"DOMINGO, MARIA FELIZA ISLER","TaxDecNo":"30299"},"geometry":{"type":"Polygon","coordinates":[[[121.83726092131505,13.46031425842924],[121.83707442769729,13.460198473463729],[121.83703731895963,13.460249081521972],[121.8370070690547,13.460293039759973],[121.83737872347582,13.460517921967554],[121.83750797285163,13.460330100170804],[121.83733379274315,13.460209027086735],[121.83726092131505,13.46031425842924]]]}},{"type":"Feature","properties":{"Id":0,"CLN":"8136","PSGC":"174001017","Barangay":"Buliasnin","Land_Class":"RESIDENTIAL","PIN":"030-01-018-17-053","Owner":"SALAZAR, DANILO","TaxDecNo":"11054"},"geometry":{"type":"Polygon","coordinates":[[[121.83735358447711,13.46006880627686],[121.83728209132326,13.460171371387979],[121.83733379274315,13.460209027086735],[121.83750797285163,13.460330100170804],[121.83757934988127,13.460251587999617],[121.83759858685735,13.460226287082742],[121.8374121318211,13.46010248469076],[121.83735358447711,13.46006880627686]]]}},{"type":"Feature","properties":{"Id":0,"CLN":"8133","PSGC":"174001017","Barangay":"Buliasnin","Land_Class":null,"PIN":null},"geometry":{"type":"Polygon","coordinates":[[[121.83686224766329,13.459747156316004],[121.83689219423462,13.4597660031508],[121.83705034199971,13.459560120429046],[121.83701969503913,13.459544945220863],[121.83686224766329,13.459747156316004]]]}},{"type":"Feature","properties":{"Id":0,"CLN":"8134 pt.","PSGC":"174001017","Barangay":"Buliasnin","Land_Class":"AGRICULTURAL","PIN":"030-01-018-17-112","Owner":"GO, NELIA MANGUERA","TaxDecNo":"01-29640"},"geometry":{"type":"Polygon","coordinates":[[[121.83721162969078,13.45966833100799],[121.83705034199974,13.459560120429066],[121.83689219423465,13.459766003150802],[121.83704992488923,13.459873814158431],[121.83721162969078,13.45966833100799]]]}},{"type":"Feature","properties":{"Id":0,"CLN":"8138","PSGC":"174001017","Barangay":"Buliasnin","Land_Class":"RESIDENTIAL","PIN":"030-01-018-17-122","Owner":"BENITEZ, ALLAN L. & BENITEZ, MARITES M.","TaxDecNo":"11117"},"geometry":{"type":"Polygon","coordinates":[[[121.83769817280265,13.459649551099707],[121.83759153788215,13.459542524289017],[121.83749164179278,13.459654266879793],[121.83762498881859,13.459757083348505],[121.83769817280265,13.459649551099707]]]}},{"type":"Feature","properties":{"Id":0,"CLN":"8139","PSGC":"174001017","Barangay":"Buliasnin","Land_Class":"RESIDENTIAL","PIN":"030-01-018-17-067","Owner":"RIZALINO MULLEDA & DELIA M. MULLEDA","TaxDecNo":"01-09025"},"geometry":{"type":"Polygon","coordinates":[[[121.83724247862719,13.459638180776432],[121.83748614506763,13.459435854551375],[121.83733814624459,13.459335949403645],[121.83725747405335,13.45928947375297],[121.83706784167961,13.459541158978663],[121.83722709465746,13.459643120790407],[121.83724247862719,13.459638180776432]]]}},{"type":"Feature","properties":{"Id":0,"CLN":"8140","PSGC":"174001017","Barangay":"Buliasnin","Land_Class":"RESIDENTIAL","PIN":null},"geometry":{"type":"Polygon","coordinates":[[[121.83706784167958,13.459541158978624],[121.83725747405335,13.459289473752952],[121.83723400467257,13.459272327300296],[121.83703108468437,13.459518939897169],[121.83706784167958,13.459541158978624]]]}},{"type":"Feature","properties":{"Id":0,"CLN":"8141","PSGC":"174001017","Barangay":"Buliasnin","Land_Class":null,"PIN":null},"geometry":{"type":"Polygon","coordinates":[[[121.83723400467257,13.459272327300296],[121.83725747405335,13.459289473752952],[121.8373162281421,13.459209566954867],[121.83729071563494,13.459191408829575],[121.83723400467257,13.459272327300296]]]}},{"type":"Feature","properties":{"Id":0,"CLN":"8142","PSGC":"174001017","Barangay":"Buliasnin","Land_Class":"RESIDENTIAL","PIN":"030-01-018-17-069","Owner":"MULLEDA, RIZALINO","TaxDecNo":"11067"},"geometry":{"type":"Polygon","coordinates":[[[121.83725747405335,13.459289473752952],[121.83733814624459,13.459335949403643],[121.83748614506763,13.459435854551362],[121.83757157107975,13.459346048690216],[121.83745946974206,13.459234282789348],[121.83745336453694,13.45922623671484],[121.83740706276126,13.45927212526822],[121.8373162281421,13.459209566954867],[121.83725747405335,13.459289473752952]]]}},{"type":"Feature","properties":{"Id":0,"CLN":"8143","PSGC":"174001017","Barangay":"Buliasnin","Land_Class":"RESIDENTIAL","PIN":"030-01-018-17-070","Owner":"MIRAFUENTE, JOSE SR.","TaxDecNo":"11068"},"geometry":{"type":"Polygon","coordinates":[[[121.8373162281421,13.459209566954867],[121.83740706276126,13.45927212526822],[121.83745336453694,13.45922623671484],[121.83736873186919,13.459151680322174],[121.8373162281421,13.459209566954867]]]}},{"type":"Feature","properties":{"Id":0,"CLN":"8147","PSGC":"174001017","Barangay":"Buliasnin","Land_Class":"RESIDENTIAL","PIN":"030-01-018-17-071","Owner":"CIBILO MALCO & PAULA MONTENEGRO","TaxDecNo":"11069"},"geometry":{"type":"Polygon","coordinates":[[[121.83745946974206,13.459234282789348],[121.83757157107975,13.459346048690216],[121.8375899834481,13.459350142732294],[121.8376846687708,13.459251359550805],[121.83754697267196,13.459138473146375],[121.83745946974206,13.459234282789348]]]}},{"type":"Feature","properties":{"Id":0,"CLN":"8144","PSGC":"174001017","Barangay":"Buliasnin","Land_Class":"RESIDENTIAL","PIN":"030-01-018-17-070","Owner":"MIRAFUENTE, JOSE SR.","TaxDecNo":"11068"},"geometry":{"type":"Polygon","coordinates":[[[121.83729071563494,13.459191408829575],[121.8373162281421,13.459209566954867],[121.83736873186919,13.459151680322174],[121.83734102280481,13.459121300191292],[121.83729071563494,13.459191408829575]]]}},{"type":"Feature","properties":{"Id":0,"CLN":"8146","PSGC":"174001017","Barangay":"Buliasnin","Land_Class":"RESIDENTIAL","PIN":"030-01-018-18-055","Owner":"LARGA, WILFREDO","TaxDecNo":"11205"},"geometry":{"type":"Polygon","coordinates":[[[121.83736873186919,13.459151680322174],[121.83745336453694,13.45922623671484],[121.83745946974206,13.459234282789348],[121.83754697267196,13.459138473146375],[121.83743964805937,13.459054857269132],[121.83736873186919,13.459151680322174]]]}},{"type":"Feature","properties":{"Id":0,"CLN":"8145","PSGC":"174001017","Barangay":"Buliasnin","Land_Class":"RESIDENTIAL","PIN":"030-01-018-18-055","Owner":"LARGA, WILFREDO","TaxDecNo":"11205"},"geometry":{"type":"Polygon","coordinates":[[[121.83734102280481,13.459121300191292],[121.83736873186919,13.459151680322174],[121.83743964805937,13.459054857269132],[121.83741747438486,13.459034459573749],[121.83734102280481,13.459121300191292]]]}},{"type":"Feature","properties":{"Id":0,"CLN":"8161","PSGC":"174001017","Barangay":"Buliasnin","Land_Class":"RESIDENTIAL","PIN":"030-01-018-17-074","Owner":"HILAHIL, JAVIER","TaxDecNo":"11071"},"geometry":{"type":"Polygon","coordinates":[[[121.8376846687708,13.459251359550805],[121.83769824480257,13.459259756186055],[121.83776154985107,13.459191646523633],[121.83773785466768,13.459168235127754],[121.83761618354438,13.459076720242008],[121.8376062432375,13.45906765421165],[121.83754697267196,13.459138473146375],[121.8376846687708,13.459251359550805]]]}},{"type":"Feature","properties":{"Id":0,"CLN":"8163","PSGC":"174001017","Barangay":"Buliasnin","Land_Class":"RESIDENTIAL","PIN":"030-01-018-18-054","Owner":"HRS. OF LEONCIO MAGALANG","TaxDecNo":"11203"},"geometry":{"type":"Polygon","coordinates":[[[121.83741747438486,13.459034459573749],[121.83743964805937,13.459054857269132],[121.83750068180423,13.458979972112308],[121.83747542892772,13.458961063533229],[121.83744373468423,13.459003762380407],[121.83741747438486,13.459034459573749]]]}},{"type":"Feature","properties":{"Id":0,"CLN":"8162","PSGC":"174001017","Barangay":"Buliasnin","Land_Class":"RESIDENTIAL","PIN":"030-01-018-18-054","Owner":"HRS. OF LEONCIO MAGALANG","TaxDecNo":"11203"},"geometry":{"type":"Polygon","coordinates":[[[121.83743964805937,13.459054857269132],[121.83754697267196,13.459138473146375],[121.8376062432375,13.45906765421165],[121.83750068180423,13.458979972112308],[121.83743964805937,13.459054857269132]]]}},{"type":"Feature","properties":{"Id":0,"CLN":"8349","PSGC":"174001017","Barangay":"Buliasnin","Land_Class":"AGRICULTURAL","PIN":"030-01-018-17-019","Owner":"TAN, JOSELITO R.","TaxDecNo":"11014"},"geometry":{"type":"Polygon","coordinates":[[[121.83747542892772,13.458961063533229],[121.83750068180423,13.458979972112308],[121.83755635048571,13.458902807115704],[121.83753110849433,13.458881643572818],[121.83747542892772,13.458961063533229]]]}},{"type":"Feature","properties":{"Id":0,"CLN":"8164","PSGC":"174001017","Barangay":"Buliasnin","Land_Class":"RESIDENTIAL","PIN":"030-01-018-18-053","Owner":"MAGALANG, FULGENCIO","TaxDecNo":"11202"},"geometry":{"type":"Polygon","coordinates":[[[121.83750068180423,13.458979972112308],[121.8376062432375,13.45906765421165],[121.83761618354438,13.459076720242008],[121.83768029644631,13.459000345924915],[121.83755635048571,13.458902807115704],[121.83750068180423,13.458979972112308]]]}},{"type":"Feature","properties":{"Id":0,"CLN":"8165","PSGC":"174001017","Barangay":"Buliasnin","Land_Class":"RESIDENTIAL","PIN":"030-01-018-17-080","Owner":"HRS. OF LEONCIO MAGALANG","TaxDecNo":"11077"},"geometry":{"type":"Polygon","coordinates":[[[121.83761618354438,13.459076720242008],[121.83773785466768,13.459168235127754],[121.83779657714217,13.459094842558446],[121.83768029644631,13.459000345924915],[121.83761618354438,13.459076720242008]]]}},{"type":"Feature","properties":{"Id":0,"CLN":"8160","PSGC":"174001017","Barangay":"Buliasnin","Land_Class":"RESIDENTIAL","PIN":"030-01-018-17-075","Owner":"ESPINO, ROGELIO","TaxDecNo":"11072"},"geometry":{"type":"Polygon","coordinates":[[[121.83769824480257,13.459259756186055],[121.83780995033419,13.459347466613291],[121.83787866755938,13.459271865202176],[121.83776154985107,13.459191646523633],[121.83769824480257,13.459259756186055]]]}},{"type":"Feature","properties":{"Id":0,"CLN":"8166","PSGC":"174001017","Barangay":"Buliasnin","Land_Class":"AGRICULTURAL","PIN":"030-01-018-17-079","Owner":"HRS. OF LEONCIO MAGALANG","TaxDecNo":"11076"},"geometry":{"type":"Polygon","coordinates":[[[121.83787866755938,13.459271865202176],[121.83791918234986,13.459311139459588],[121.83798098038889,13.459237009386607],[121.8378126504771,13.459106191947997],[121.83779657714217,13.459094842558446],[121.83773785466768,13.459168235127754],[121.83776154985107,13.459191646523633],[121.83787866755938,13.459271865202176]]]}},{"type":"Feature","properties":{"Id":0,"CLN":"8148","PSGC":"174001017","Barangay":"Buliasnin","Land_Class":"AGRICULTURAL","PIN":"030-01-018-17-072","Owner":"OLAVIDEZ, ARACELI MERLIN","TaxDecNo":"11070"},"geometry":{"type":"Polygon","coordinates":[[[121.83780995033419,13.459347466613291],[121.83769824480257,13.459259756186055],[121.8376846687708,13.459251359550805],[121.8375899834481,13.459350142732294],[121.8377347363467,13.459486113055902],[121.8378405356758,13.459375419889309],[121.83780995033419,13.459347466613291]]]}},{"type":"Feature","properties":{"Id":0,"CLN":"8159","PSGC":"174001017","Barangay":"Buliasnin","Land_Class":"RESIDENTIAL","PIN":"030-01-018-17-076","Owner":"MONCADA, DIOSDADO","TaxDecNo":"11073"},"geometry":{"type":"Polygon","coordinates":[[[121.83791918234986,13.459311139459588],[121.83787866755938,13.459271865202176],[121.83780995033419,13.459347466613291],[121.8378405356758,13.459375419889309],[121.83795528788487,13.459468406054144],[121.83802938102419,13.459392829445752],[121.83791918234986,13.459311139459588]]]}},{"type":"Feature","properties":{"Id":0,"CLN":"8158","PSGC":"174001017","Barangay":"Buliasnin","Land_Class":"RESIDENTIAL","PIN":"030-01-018-17-077","Owner":"SPS. FRANCIS ABE D. SISCAR AND RADEN SJ. SISCAR","TaxDecNo":"29063"},"geometry":{"type":"Polygon","coordinates":[[[121.83795528788487,13.459468406054144],[121.83808609905886,13.459575748174952],[121.83816246715716,13.459506195427029],[121.83802938102419,13.459392829445752],[121.83795528788487,13.459468406054144]]]}},{"type":"Feature","properties":{"Id":0,"CLN":"8149 pt.","PSGC":"174001017","Barangay":"Buliasnin","Land_Class":"AGRICULTURAL","PIN":"030-01-018-17-116","Owner":"NICASIO MERLIN & CARLOS MERLIN","TaxDecNo":"11113"},"geometry":{"type":"Polygon","coordinates":[[[121.83795528788487,13.459468406054159],[121.83784783104063,13.459579774113609],[121.83798955650154,13.459688053045769],[121.83808609905886,13.45957574817497],[121.83795528788487,13.459468406054159]]]}},{"type":"Feature","properties":{"Id":0,"CLN":"8208","PSGC":"174001017","Barangay":"Buliasnin","Land_Class":"AGRICULTURAL","PIN":"030-01-018-17-089","Owner":"MAGALANG, NESTOR","TaxDecNo":"11088"},"geometry":{"type":"Polygon","coordinates":[[[121.83763564466209,13.461034924716602],[121.8377592404785,13.461067269494881],[121.83804295121455,13.461071385900162],[121.83836479363138,13.460921737841986],[121.83825802901384,13.460694072145689],[121.83813403362076,13.460744576881076],[121.83763564466209,13.461034924716602]]]}},{"type":"Feature","properties":{"Id":0,"CLN":"8207","PSGC":"174001017","Barangay":"Buliasnin","Land_Class":"AGRICULTURAL","PIN":"030-01-018-17-056","Owner":"HINTAY, PAMPILO","TaxDecNo":"31450"},"geometry":{"type":"Polygon","coordinates":[[[121.83836479363138,13.460921737841986],[121.83867542396791,13.460777515224688],[121.8386417999906,13.460671791552738],[121.83854198984578,13.46070072928706],[121.83845926598316,13.460584088310313],[121.83836897442775,13.46062108780037],[121.83825802901384,13.460694072145689],[121.83836479363138,13.460921737841986]]]}},{"type":"Feature","properties":{"Id":0,"CLN":"8340","PSGC":"174001017","Barangay":"Buliasnin","Land_Class":"AGRICULTURAL","PIN":"030-01-018-18-001","Owner":"NELIA MANGIERA & JOSE MANGUERA","TaxDecNo":"11146"},"geometry":{"type":"Polygon","coordinates":[[[121.83807416606518,13.459749788941586],[121.83831359139626,13.459931296843],[121.83839447303492,13.459849677272814],[121.83829389729335,13.45975433472336],[121.8381797522821,13.459641557433843],[121.83807416606518,13.459749788941586]]]}},{"type":"Feature","properties":{"Id":0,"CLN":"8151","PSGC":"174001017","Barangay":"Buliasnin","Land_Class":"RESIDENTIAL","PIN":"030-01-018-17-083","Owner":"SAN JUAN, BENJAMIN","TaxDecNo":"11083"},"geometry":{"type":"Polygon","coordinates":[[[121.8381797522821,13.459641557433843],[121.83829389729335,13.45975433472336],[121.83839811877881,13.459659938326471],[121.83828262133203,13.45954448221805],[121.8381797522821,13.459641557433843]]]}},{"type":"Feature","properties":{"Id":0,"CLN":"8152","PSGC":"174001017","Barangay":"Buliasnin","Land_Class":"RESIDENTIAL","PIN":"030-01-018-17-084","Owner":"DECENA, JERAMIE U.","TaxDecNo":"11084"},"geometry":{"type":"Polygon","coordinates":[[[121.83829389729335,13.45975433472336],[121.83839447303492,13.459849677272814],[121.83847948990348,13.459773900439288],[121.83855762215369,13.459710118547903],[121.8384529955618,13.45960540319066],[121.83839811877881,13.459659938326471],[121.83829389729335,13.45975433472336]]]}},{"type":"Feature","properties":{"Id":0,"CLN":"8150","PSGC":"174001017","Barangay":"Buliasnin","Land_Class":"AGRICULTURAL","PIN":"030-01-018-17-082","Owner":"DAISY P. GOMEZ AND ROBERTO L. PEÑAROYO","TaxDecNo":"31584"},"geometry":{"type":"Polygon","coordinates":[[[121.8384529955618,13.45960540319066],[121.83851470533259,13.459549563295344],[121.8383026831139,13.459348137575974],[121.83823268479888,13.45942398374995],[121.83816246715716,13.459506195427029],[121.83808609905886,13.459575748174952],[121.83798955650154,13.459688053045769],[121.83807416606518,13.459749788941586],[121.8381797522821,13.459641557433843],[121.83828262133203,13.45954448221805],[121.83839811877881,13.459659938326471],[121.8384529955618,13.45960540319066]]]}},{"type":"Feature","properties":{"Id":0,"CLN":"8157","PSGC":"174001017","Barangay":"Buliasnin","Land_Class":"AGRICULTURAL","PIN":"030-01-018-17-078","Owner":"MAGALANG, LEONCIO","TaxDecNo":"11075"},"geometry":{"type":"Polygon","coordinates":[[[121.83798098038889,13.459237009386607],[121.83791918234986,13.459311139459588],[121.83802938102419,13.459392829445752],[121.83816246715716,13.459506195427029],[121.83823268479888,13.45942398374995],[121.83798098038889,13.459237009386607]]]}},{"type":"Feature","properties":{"Id":0,"CLN":"8156","PSGC":"174001017","Barangay":"Buliasnin","Land_Class":"AGRICULTURAL","PIN":"030-01-018-17-081","Owner":"MAGALANG, FULGENCIO","TaxDecNo":"11079"},"geometry":{"type":"Polygon","coordinates":[[[121.8383026831139,13.459348137575974],[121.83803928866499,13.459040905962553],[121.83796865995885,13.458964410010326],[121.83794546257842,13.458961630193073],[121.8378126504771,13.459106191947997],[121.83798098038889,13.459237009386607],[121.83823268479888,13.45942398374995],[121.8383026831139,13.459348137575974]]]}},{"type":"Feature","properties":{"Id":0,"CLN":"8170","PSGC":"174001017","Barangay":"Buliasnin","Land_Class":"AGRICULTURAL","PIN":"030-01-018-18-056","Owner":"JORDAN, GUILLERMO","TaxDecNo":"11207"},"geometry":{"type":"Polygon","coordinates":[[[121.83803928866499,13.459040905962553],[121.8381394784331,13.458933127938153],[121.8380062066325,13.458822934839132],[121.8378743389454,13.458704730317395],[121.83784960221433,13.458738023701715],[121.8377808467692,13.458839265355937],[121.83794546257842,13.458961630193073],[121.83796865995885,13.458964410010326],[121.83803928866499,13.459040905962553]]]}},{"type":"Feature","properties":{"Id":0,"CLN":"8167","PSGC":"174001017","Barangay":"Buliasnin","Land_Class":"RESIDENTIAL","PIN":"030-01-018-18-052","Owner":"MONTANTE, CLAUDIO","TaxDecNo":"11199"},"geometry":{"type":"Polygon","coordinates":[[[121.83755635048571,13.458902807115704],[121.83768029644631,13.459000345924915],[121.83779657714217,13.459094842558446],[121.8378126504771,13.459106191947997],[121.83794546257842,13.458961630193073],[121.8377808467692,13.458839265355937],[121.83766106708339,13.458762542152103],[121.83755635048571,13.458902807115704]]]}},{"type":"Feature","properties":{"Id":0,"CLN":"8168","PSGC":"174001017","Barangay":"Buliasnin","Land_Class":"RESIDENTIAL","PIN":"030-01-018-18-052","Owner":"MONTANTE, CLAUDIO","TaxDecNo":"11199"},"geometry":{"type":"Polygon","coordinates":[[[121.83753110849433,13.458881643572818],[121.83755635048571,13.458902807115704],[121.83766106708339,13.458762542152103],[121.83764069706834,13.458739730755148],[121.83753110849433,13.458881643572818]]]}},{"type":"Feature","properties":{"Id":0,"CLN":"8331","PSGC":"174001017","Barangay":"Buliasnin","Land_Class":"AGRICULTURAL","PIN":"030-01-018-04-007","Owner":"MANGANA, ANTOLIN & MANGANA, MIRAFLOR","TaxDecNo":"10332"},"geometry":{"type":"Polygon","coordinates":[[[121.83766106708339,13.458762542152103],[121.8377808467692,13.458839265355937],[121.83784960221433,13.458738023701715],[121.8378743389454,13.458704730317395],[121.83778191058472,13.458618779417392],[121.83766106708339,13.458762542152103]]]}},{"type":"Feature","properties":{"Id":0,"CLN":"8169","PSGC":"174001017","Barangay":"Buliasnin","Land_Class":"RESIDENTIAL","PIN":"030-01-018-18-051","Owner":"LIVELO, MYRNA","TaxDecNo":"11198"},"geometry":{"type":"Polygon","coordinates":[[[121.83766106708339,13.458762542152103],[121.83778191058472,13.458618779417392],[121.83775336161513,13.458593257611208],[121.83764069706834,13.458739730755148],[121.83766106708339,13.458762542152103]]]}},{"type":"Feature","properties":{"Id":0,"CLN":"8173","PSGC":"174001017","Barangay":"Buliasnin","Land_Class":"RESIDENTIAL","PIN":"030-01-018-18-050","Owner":"LARGO, GREGORIO","TaxDecNo":"11196"},"geometry":{"type":"Polygon","coordinates":[[[121.83778191058472,13.458618779417392],[121.83784914592555,13.45854960212945],[121.83782057761464,13.458528089166181],[121.83775336161513,13.458593257611208],[121.83778191058472,13.458618779417392]]]}},{"type":"Feature","properties":{"Id":0,"CLN":"8172","PSGC":"174001017","Barangay":"Buliasnin","Land_Class":"RESIDENTIAL","PIN":"030-01-018-18-050","Owner":"LARGO, GREGORIO","TaxDecNo":"11196"},"geometry":{"type":"Polygon","coordinates":[[[121.83784914592555,13.45854960212945],[121.83778191058472,13.458618779417392],[121.8378743389454,13.458704730317395],[121.8380062066325,13.458822934839132],[121.8380707113578,13.458753744874267],[121.83792390263778,13.458619435640673],[121.83784914592555,13.45854960212945]]]}},{"type":"Feature","properties":{"Id":0,"CLN":"8171","PSGC":"174001017","Barangay":"Buliasnin","Land_Class":"RESIDENTIAL","PIN":"030-01-018-18-057","Owner":"MAYORES, TERESITA","TaxDecNo":"01-33918"},"geometry":{"type":"Polygon","coordinates":[[[121.8380062066325,13.458822934839132],[121.8381394784331,13.458933127938153],[121.83825051969434,13.458840099392994],[121.83815671294012,13.458756814865993],[121.83817864811873,13.458738207896687],[121.83813519026423,13.458689900003819],[121.8380707113578,13.458753744874267],[121.8380062066325,13.458822934839132]]]}},{"type":"Feature","properties":{"Id":0,"CLN":"8370","PSGC":"174001017","Barangay":"Buliasnin","Land_Class":"RESIDENTIAL","PIN":"030-01-018-18-049","Owner":"LIVELO, ARMANDO","TaxDecNo":"11195"},"geometry":{"type":"Polygon","coordinates":[[[121.83792390263778,13.458619435640674],[121.8380707113578,13.458753744874288],[121.83813519026423,13.458689900003819],[121.8379952338649,13.45855027723862],[121.83792390263778,13.458619435640674]]]}},{"type":"Feature","properties":{"Id":0,"CLN":"8175","PSGC":"174001017","Barangay":"Buliasnin","Land_Class":"RESIDENTIAL","PIN":"030-01-018-18-048","Owner":"REGENCIA, DENNIS & MANGUERA, GERLIE R.","TaxDecNo":"11194"},"geometry":{"type":"Polygon","coordinates":[[[121.83784914592555,13.45854960212945],[121.83792390263778,13.458619435640673],[121.8379952338649,13.458550277238604],[121.83793001496284,13.458484496749525],[121.83784914592555,13.45854960212945]]]}},{"type":"Feature","properties":{"Id":0,"CLN":"8174","PSGC":"174001017","Barangay":"Buliasnin","Land_Class":"RESIDENTIAL","PIN":"030-01-018-18-048","Owner":"REGENCIA, DENNIS & MANGUERA, GERLIE R.","TaxDecNo":"11194"},"geometry":{"type":"Polygon","coordinates":[[[121.83784914592555,13.45854960212945],[121.83793001496284,13.458484496749525],[121.83789463300768,13.458460279690721],[121.83782057761464,13.458528089166181],[121.83784914592555,13.45854960212945]]]}},{"type":"Feature","properties":{"Id":0,"CLN":"8176","PSGC":"174001017","Barangay":"Buliasnin","Land_Class":"RESIDENTIAL","PIN":"030-01-018-18-047","Owner":"OSICOS, JUANA","TaxDecNo":"11190"},"geometry":{"type":"Polygon","coordinates":[[[121.83793001496284,13.458484496749525],[121.8379952338649,13.458550277238604],[121.83813519026423,13.458689900003819],[121.83823524449288,13.458610183774447],[121.83802053134953,13.458400727601802],[121.83793001496284,13.458484496749525]]]}},{"type":"Feature","properties":{"Id":0,"CLN":"8177","PSGC":"174001017","Barangay":"Buliasnin","Land_Class":"RESIDENTIAL","PIN":"030-01-018-18-047","Owner":"OSICOS, JUANA","TaxDecNo":"11190"},"geometry":{"type":"Polygon","coordinates":[[[121.83793001496284,13.458484496749525],[121.83802053134953,13.458400727601802],[121.83798925820851,13.458373856925812],[121.83789463300768,13.458460279690721],[121.83793001496284,13.458484496749525]]]}},{"type":"Feature","properties":{"Id":0,"CLN":"8178","PSGC":"174001017","Barangay":"Buliasnin","Land_Class":null,"PIN":null},"geometry":{"type":"Polygon","coordinates":[[[121.83802053134953,13.458400727601802],[121.83811379762271,13.45831296219659],[121.83808660750927,13.458288783014568],[121.83798925820851,13.458373856925812],[121.83802053134953,13.458400727601802]]]}},{"type":"Feature","properties":{"Id":0,"CLN":"8369","PSGC":"174001017","Barangay":"Buliasnin","Land_Class":"AGRICULTURAL","PIN":"030-01-018-18-058","Owner":"LARGO, ROMEO","TaxDecNo":"11208"},"geometry":{"type":"Polygon","coordinates":[[[121.83823524449288,13.458610183774447],[121.83813519026423,13.458689900003819],[121.83817864811873,13.458738207896687],[121.83815671294012,13.458756814865993],[121.83825051969434,13.458840099392994],[121.83831296304743,13.458915221147695],[121.8384160379174,13.45877538492366],[121.83823524449288,13.458610183774447]]]}},{"type":"Feature","properties":{"Id":0,"CLN":"8179","PSGC":"174001017","Barangay":"Buliasnin","Land_Class":"RESIDENTIAL","PIN":"030-01-018-18-077","Owner":"SAN JUAN, LUZVIMINDA V.","TaxDecNo":"11225"},"geometry":{"type":"Polygon","coordinates":[[[121.83822093168811,13.458401396668144],[121.8381278878745,13.458505455707703],[121.83823524449288,13.458610183774482],[121.83833492713669,13.458495494794363],[121.83822093168811,13.458401396668144]]]}},{"type":"Feature","properties":{"Id":0,"CLN":"8180","PSGC":"174001017","Barangay":"Buliasnin","Land_Class":"AGRICULTURAL","PIN":"030-01-018-18-045","Owner":"MALING, ANGELITO","TaxDecNo":"01-09113"},"geometry":{"type":"Polygon","coordinates":[[[121.83845241873762,13.458592478712111],[121.8385499032876,13.458479342761969],[121.83821796694323,13.458229256048371],[121.83811379762271,13.45831296219659],[121.83845241873762,13.458592478712111]]]}},{"type":"Feature","properties":{"Id":0,"CLN":"8181","PSGC":"174001017","Barangay":"Buliasnin","Land_Class":null,"PIN":null},"geometry":{"type":"Polygon","coordinates":[[[121.83811379762271,13.45831296219659],[121.83821796694323,13.458229256048371],[121.83818943730043,13.458199725454923],[121.83808660750927,13.458288783014568],[121.83811379762271,13.45831296219659]]]}},{"type":"Feature","properties":{"Id":0,"CLN":"8182","PSGC":"174001017","Barangay":"Buliasnin","Land_Class":"RESIDENTIAL","PIN":"030-01-018-18-044","Owner":"HRS. OF RENATO L. MONTEVIRGEN NAMELY: LIGAYA M. MONTEVIRGEN, JACOB M. MONTEVIRGEN, MARK M. MONTEVIRGEN AND TESSA MONTEVIRGEN","TaxDecNo":"11250"},"geometry":{"type":"Polygon","coordinates":[[[121.83821796694323,13.458229256048371],[121.8385499032876,13.458479342761969],[121.83865557314529,13.458367580876816],[121.83851269268649,13.458268034140836],[121.83835226313379,13.458126980701897],[121.83821796694323,13.458229256048371]]]}},{"type":"Feature","properties":{"Id":0,"CLN":"8183","PSGC":"174001017","Barangay":"Buliasnin","Land_Class":"AGRICULTURAL","PIN":null,"Owner":"HRS. OF RENATO L. MONTEVIRGEN NAMELY: LIGAYA M. MONTEVIRGEN, JACOB M. MONTEVIRGEN, MARK M. MONTEVIRGEN AND TESSA MONTEVIRGEN","TaxDecNo":"11247"},"geometry":{"type":"Polygon","coordinates":[[[121.83821796694323,13.458229256048371],[121.83835226313379,13.458126980701897],[121.83831416990192,13.45809874225236],[121.83818943730043,13.458199725454923],[121.83821796694323,13.458229256048371]]]}},{"type":"Feature","properties":{"Id":0,"CLN":"8192","PSGC":"174001017","Barangay":"Buliasnin","Land_Class":"RESIDENTIAL","PIN":"030-01-018-18-085","Owner":"OSICOS, AMELITA","TaxDecNo":"11233"},"geometry":{"type":"Polygon","coordinates":[[[121.83858431928087,13.458157037011274],[121.8384717944012,13.458038319894477],[121.83840961713918,13.458084439109037],[121.83854753681501,13.458214037478132],[121.83858431928087,13.458157037011274]]]}},{"type":"Feature","properties":{"Id":0,"CLN":"8193","PSGC":"174001017","Barangay":"Buliasnin","Land_Class":null,"PIN":null},"geometry":{"type":"Polygon","coordinates":[[[121.83831416990192,13.45809874225236],[121.83835226313379,13.458126980701897],[121.83862082941071,13.457927774879208],[121.83859365216685,13.457900923192918],[121.83831416990192,13.45809874225236]]]}},{"type":"Feature","properties":{"Id":0,"CLN":"8194","PSGC":"174001017","Barangay":"Buliasnin","Land_Class":null,"PIN":null},"geometry":{"type":"Polygon","coordinates":[[[121.83862082941071,13.457927774879208],[121.83869344179261,13.457875994173978],[121.83866484126278,13.457861162700505],[121.83859365216685,13.457900923192918],[121.83862082941071,13.457927774879208]]]}},{"type":"Feature","properties":{"Id":0,"CLN":"8332","PSGC":"174001017","Barangay":"Buliasnin","Land_Class":null,"PIN":null},"geometry":{"type":"Polygon","coordinates":[[[121.83866484126278,13.457861162700508],[121.83869344179263,13.457875994173959],[121.83888193401566,13.457778507458753],[121.8388480974352,13.457745204535668],[121.83866484126278,13.457861162700508]]]}},{"type":"Feature","properties":{"Id":0,"CLN":"8155","PSGC":"174001017","Barangay":"Buliasnin","Land_Class":"AGRICULTURAL","PIN":"030-01-018-17-087","Owner":"MANGUERA, ELEUTERIO","TaxDecNo":"11086"},"geometry":{"type":"Polygon","coordinates":[[[121.83831296304743,13.458915221147732],[121.83868309052883,13.459290525039847],[121.838894861492,13.459055293542278],[121.83848465133387,13.45870354120466],[121.8384160379174,13.458775384923664],[121.83831296304743,13.458915221147732]]]}},{"type":"Feature","properties":{"Id":0,"CLN":"8153","PSGC":"174001017","Barangay":"Buliasnin","Land_Class":"AGRICULTURAL","PIN":"030-01-018-17-057","Owner":"MONTENEGRO, ANTONIO","TaxDecNo":"11058"},"geometry":{"type":"Polygon","coordinates":[[[121.83879700022852,13.46020314837766],[121.83847948990348,13.459773900439288],[121.83839447303492,13.459849677272814],[121.83831359139626,13.459931296843],[121.83783648571897,13.4604411960856],[121.83807851320105,13.460649442431206],[121.83813403362076,13.460744576881076],[121.83825802901384,13.460694072145689],[121.83836897442775,13.46062108780037],[121.83845926598316,13.460584088310313],[121.8383678648553,13.460493322242876],[121.83852876510198,13.46034264318714],[121.83879700022852,13.46020314837766]]]}},{"type":"Feature","properties":{"Id":0,"CLN":"8137","PSGC":"174001017","Barangay":"Buliasnin","Land_Class":"RESIDENTIAL","PIN":"030-01-018-17-058","Owner":"BARRIO SCHOOL SITE","TaxDecNo":"11059"},"geometry":{"type":"Polygon","coordinates":[[[121.83753619651442,13.459886087671862],[121.8374121318211,13.46010248469076],[121.83759858685735,13.460226287082742],[121.83757934988127,13.460251587999617],[121.83783648571897,13.4604411960856],[121.83831359139626,13.459931296843],[121.83807416606518,13.459749788941586],[121.83798955650154,13.459688053045769],[121.8377806125585,13.459528418811345],[121.8375650664452,13.459845129670782],[121.83753619651442,13.459886087671862]]]}},{"type":"Feature","properties":{"Id":0,"CLN":"7654","PSGC":"174001017","Barangay":"Buliasnin","Land_Class":"AGRICULTURAL","PIN":"030-01-018-18-069","Owner":"MONREAL, ANDREA","TaxDecNo":"11216"},"geometry":{"type":"Polygon","coordinates":[[[121.84068717874997,13.458869153859824],[121.84078607164969,13.458954011428968],[121.84091226512638,13.458796020330196],[121.84082641328195,13.458716338179688],[121.8407845785567,13.458721260580555],[121.84068717874997,13.458869153859824]]]}},{"type":"Feature","properties":{"Id":0,"CLN":"8200","PSGC":"174001017","Barangay":"Buliasnin","Land_Class":"AGRICULTURAL","PIN":"030-01-018-18-068","Owner":"MALINAO, ANDREA L.","TaxDecNo":"01-30926"},"geometry":{"type":"Polygon","coordinates":[[[121.84040748343844,13.458819585606022],[121.84026305078112,13.45903344378259],[121.84045837105545,13.459172456328648],[121.84068717874997,13.458869153859824],[121.8407845785567,13.458721260580555],[121.8407040392062,13.45862369950121],[121.84064663649659,13.458605531474648],[121.8404094880734,13.458690833614853],[121.84025305182483,13.458680624506169],[121.84040748343844,13.458819585606022]]]}},{"type":"Feature","properties":{"Id":0,"CLN":"8202","PSGC":"174001017","Barangay":"Buliasnin","Land_Class":"AGRICULTURAL","PIN":"030-01-018-18-096","Owner":"HRS. OF RENATO L. MONTEVIRGEN NAMELY: LIGAYA M. MONTEVIRGEN, JACOB M. MONTEVIRGEN, MARK M. MONTEVIRGEN AND TESSA MONTEVIRGEN","TaxDecNo":"11247"},"geometry":{"type":"Polygon","coordinates":[[[121.84011326970393,13.459260574771923],[121.84008434772312,13.45924234480398],[121.83999307268817,13.45920355936836],[121.84013011342314,13.458963774741298],[121.83993905017482,13.458894681741873],[121.83976885805691,13.459152774324917],[121.83955505114625,13.459552980483458],[121.83983374380175,13.459684491445902],[121.84011326970393,13.459260574771923]]]}},{"type":"Feature","properties":{"Id":0,"CLN":"8201","PSGC":"174001017","Barangay":"Buliasnin","Land_Class":"AGRICULTURAL","PIN":"030-01-018-18-067","Owner":"ACUESTA, MA. MERGIL M.","TaxDecNo":"31024"},"geometry":{"type":"Polygon","coordinates":[[[121.83993905017482,13.458894681741873],[121.84013011342314,13.458963774741298],[121.84026305078112,13.45903344378259],[121.84040748343844,13.458819585606022],[121.84025305182483,13.458680624506169],[121.84013137906231,13.458640757261144],[121.84005098260975,13.458656650995614],[121.84001763656333,13.458679538655748],[121.83993905017482,13.458894681741873]]]}},{"type":"Feature","properties":{"Id":0,"CLN":"8188","PSGC":"174001017","Barangay":"Buliasnin","Land_Class":"AGRICULTURAL","PIN":"030-01-018-18-062","Owner":"MOGOL, CONCEPCIONJENINA L.","TaxDecNo":"11211"},"geometry":{"type":"Polygon","coordinates":[[[121.83902367352178,13.458895878656906],[121.83961837922377,13.459343188681924],[121.83967625938959,13.459114396378629],[121.83913106706785,13.45873779490606],[121.83902367352178,13.458895878656906]]]}},{"type":"Feature","properties":{"Id":0,"CLN":"8203","PSGC":"174001017","Barangay":"Buliasnin","Land_Class":"AGRICULTURAL","PIN":"030-01-018-17-103","Owner":"MOGOL, CONCEPCIONJENINA L.","TaxDecNo":"11103"},"geometry":{"type":"Polygon","coordinates":[[[121.83976509171669,13.460222152597748],[121.83975312468306,13.460119088420328],[121.83976010413004,13.460089228601348],[121.8399570606322,13.45977135547193],[121.83993159470114,13.459730665741139],[121.83955505114625,13.459552980483458],[121.83950843851586,13.459742518690932],[121.83951923613186,13.459800849905543],[121.83976509171669,13.460222152597748]]]}},{"type":"Feature","properties":{"Id":0,"CLN":"8337","PSGC":"174001017","Barangay":"Buliasnin","Land_Class":"AGRICULTURAL","PIN":"030-01-018-17-090","Owner":"MAGALANG, NESTOR","TaxDecNo":"11089"},"geometry":{"type":"Polygon","coordinates":[[[121.83892153588948,13.46085487071033],[121.83896121877402,13.461050627918947],[121.8392864143959,13.460985521656598],[121.83916246665508,13.460555505510964],[121.83901592632787,13.460612544961954],[121.8389200022256,13.460675036218545],[121.83892153588948,13.46085487071033]]]}},{"type":"Feature","properties":{"Id":0,"CLN":"8199","PSGC":"174001017","Barangay":"Buliasnin","Land_Class":"AGRICULTURAL","PIN":"030-01-018-18-066","Owner":"ALI�O, NARCISO","TaxDecNo":"01-09099"},"geometry":{"type":"Polygon","coordinates":[[[121.83937658039544,13.458367553804425],[121.83986348690294,13.458769638062655],[121.83991339870236,13.458661739029264],[121.8399746821602,13.458588831157167],[121.8400455416651,13.458540364302744],[121.84019360366857,13.458569190716538],[121.84010655596515,13.458429122355795],[121.84005203742579,13.458354699742761],[121.83982596409594,13.458090221419218],[121.8394972855254,13.457761344691964],[121.83940636012102,13.457858098958573],[121.8393563411461,13.457934596860056],[121.83922710738395,13.458061903162095],[121.83910840066652,13.457981387719453],[121.83900947954193,13.458105626087653],[121.83937658039544,13.458367553804425]]]}},{"type":"Feature","properties":{"Id":0,"CLN":"8190","PSGC":"174001017","Barangay":"Buliasnin","Land_Class":"AGRICULTURAL","PIN":"030-01-018-18-065","Owner":"MOGOL, JOSELYN L.","TaxDecNo":"01-09098"},"geometry":{"type":"Polygon","coordinates":[[[121.83925387607755,13.458541831587759],[121.83979211809921,13.458923822236724],[121.83986348690294,13.458769638062638],[121.83937658039544,13.458367553804424],[121.83925387607755,13.458541831587759]]]}},{"type":"Feature","properties":{"Id":0,"CLN":"8189","PSGC":"174001017","Barangay":"Buliasnin","Land_Class":"AGRICULTURAL","PIN":"030-01-018-18-064","Owner":"MIRAFUENTE, JOSE","TaxDecNo":"11212"},"geometry":{"type":"Polygon","coordinates":[[[121.83913106706785,13.45873779490606],[121.83967625938959,13.459114396378629],[121.83979211809921,13.458923822236724],[121.83925387607755,13.458541831587759],[121.83913106706785,13.45873779490606]]]}},{"type":"Feature","properties":{"Id":0,"CLN":"8333","PSGC":"174001017","Barangay":"Buliasnin","Land_Class":"AGRICULTURAL","PIN":"030-01-018-18-038","Owner":"MANGUERA, MARILOU","TaxDecNo":"11181"},"geometry":{"type":"Polygon","coordinates":[[[121.83888193401566,13.457778507458753],[121.83904497461434,13.457924168915637],[121.83917732832234,13.457770542006719],[121.83917682448784,13.457770080271196],[121.8391196193172,13.457710990833196],[121.83903370019226,13.457644736436336],[121.83891976869117,13.457755523631457],[121.83888193401566,13.457778507458753]]]}},{"type":"Feature","properties":{"Id":0,"CLN":"8212","PSGC":"174001017","Barangay":"Buliasnin","Land_Class":"AGRICULTURAL","PIN":"030-01-018-17-091","Owner":"MAGALANG, FE","TaxDecNo":"11090"},"geometry":{"type":"Polygon","coordinates":[[[121.83916246665508,13.46055550551096],[121.8392864143959,13.460985521656596],[121.83937061131928,13.460971424714065],[121.83925411859813,13.460503068797903],[121.83916246665508,13.46055550551096]]]}},{"type":"Feature","properties":{"Id":0,"CLN":"8204","PSGC":"174001017","Barangay":"Buliasnin","Land_Class":"AGRICULTURAL","PIN":"030-01-018-17-094","Owner":"MALAPAD, JOLLY","TaxDecNo":"11093"},"geometry":{"type":"Polygon","coordinates":[[[121.8397511326793,13.46024512966093],[121.83977858785413,13.46058274621691],[121.83992542303622,13.46057393607947],[121.84003999740817,13.460556719042662],[121.84001059126425,13.460132888584317],[121.83992376529793,13.460126691968124],[121.83979570039904,13.46007586877579],[121.83976010413004,13.460089228601348],[121.83975312468306,13.460119088420328],[121.83976509171669,13.460222152597748],[121.8397511326793,13.46024512966093]]]}},{"type":"Feature","properties":{"Id":0,"CLN":"8198","PSGC":"174001017","Barangay":"Buliasnin","Land_Class":"AGRICULTURAL","PIN":"030-01-018-18-040","Owner":"MADAMBA, REMEDIOS A.","TaxDecNo":"11183"},"geometry":{"type":"Polygon","coordinates":[[[121.83904497461434,13.457924168915637],[121.83910840066652,13.457981387719453],[121.83922710738395,13.458061903162095],[121.8393563411461,13.457934596860056],[121.83917732832234,13.457770542006719],[121.83904497461434,13.457924168915637]]]}},{"type":"Feature","properties":{"Id":0,"CLN":"8187","PSGC":"174001017","Barangay":"Buliasnin","Land_Class":"AGRICULTURAL","PIN":"030-01-018-18-061","Owner":"NITORAL, LORETO","TaxDecNo":"01-09114"},"geometry":{"type":"Polygon","coordinates":[[[121.83894837841862,13.4590026060911],[121.83947500046554,13.459497040412078],[121.83961837922377,13.459343188681924],[121.83902367352178,13.458895878656906],[121.83894837841862,13.4590026060911]]]}},{"type":"Feature","properties":{"Id":0,"CLN":"7694","PSGC":"174001017","Barangay":"Buliasnin","Land_Class":"AGRICULTURAL","PIN":"030-01-018-01-013","Owner":"LEONIDA, GAUDENCIO","TaxDecNo":"10201"},"geometry":{"type":"Polygon","coordinates":[[[121.83438939499909,13.474373955229781],[121.83435505914493,13.474197544043038],[121.83434064777535,13.474181270100713],[121.83351798496267,13.475212677306871],[121.83368317186108,13.475298531471307],[121.83438939499909,13.474373955229781]]]}},{"type":"Feature","properties":{"Id":0,"CLN":"7693","PSGC":"174001017","Barangay":"Buliasnin","Land_Class":"AGRICULTURAL","PIN":"030-01-018-01-014","Owner":"REJANO, RUFINO JR. & REJANO, HELEN O.","TaxDecNo":"10202"},"geometry":{"type":"Polygon","coordinates":[[[121.83351798496267,13.475212677306885],[121.83434064777536,13.47418127010073],[121.83417536317535,13.47411567478197],[121.83411989574596,13.47402830436498],[121.83394012144639,13.47396264165204],[121.83381166473673,13.473986355919958],[121.8337202811037,13.47404873402639],[121.83313637592394,13.47450792356418],[121.83307002828549,13.474529900053405],[121.83304960355582,13.474473080456361],[121.83263209557522,13.474341484024515],[121.83258070551693,13.47469374869547],[121.83278688847737,13.474862855106899],[121.83291659019086,13.475009321311132],[121.83295988309396,13.475045988346633],[121.83351798496267,13.475212677306885]]]}},{"type":"Feature","properties":{"Id":0,"CLN":"7692","PSGC":"174001017","Barangay":"Buliasnin","Land_Class":"AGRICULTURAL","PIN":"030-01-018-01-015","Owner":"MAGALANG, LEON","TaxDecNo":"10203"},"geometry":{"type":"Polygon","coordinates":[[[121.83304960355582,13.474473080456361],[121.83307002828549,13.474529900053405],[121.83313637592394,13.47450792356418],[121.8337202811037,13.47404873402639],[121.83381166473673,13.473986355919958],[121.8334872177853,13.473873425900814],[121.83344742649886,13.473968457609859],[121.83328457294735,13.474255376616801],[121.83309185810612,13.474297024973264],[121.83304960355582,13.474473080456361]]]}},{"type":"Feature","properties":{"Id":0,"CLN":"7691","PSGC":"174001017","Barangay":"Buliasnin","Land_Class":"AGRICULTURAL","PIN":"030-01-018-08-002","Owner":"MANGUERRA, NICOLAS","TaxDecNo":"10475"},"geometry":{"type":"Polygon","coordinates":[[[121.83152620181137,13.474155813580005],[121.83185109208875,13.474319395195511],[121.83197388179028,13.474041745082145],[121.83169913034433,13.473783855692457],[121.83152620181137,13.474155813580005]]]}},{"type":"Feature","properties":{"Id":0,"CLN":"7690","PSGC":"174001017","Barangay":"Buliasnin","Land_Class":"AGRICULTURAL","PIN":"030-01-018-08-003","Owner":"JARABE, GREGORIO","TaxDecNo":"10476"},"geometry":{"type":"Polygon","coordinates":[[[121.83152620181137,13.474155813580005],[121.83169913034433,13.473783855692457],[121.8315810287234,13.473664454664782],[121.83136601826125,13.474176677809414],[121.83152620181137,13.474155813580005]]]}},{"type":"Feature","properties":{"Id":0,"CLN":"7689","PSGC":"174001017","Barangay":"Buliasnin","Land_Class":"AGRICULTURAL","PIN":"030-01-018-08-004","Owner":"MAGANTE, URSULA","TaxDecNo":"10477"},"geometry":{"type":"Polygon","coordinates":[[[121.8315810287234,13.473664454664782],[121.83136289925069,13.47368234821221],[121.8311258085141,13.474194468387676],[121.83136601826125,13.474176677809414],[121.8315810287234,13.473664454664782]]]}},{"type":"Feature","properties":{"Id":0,"CLN":"7688","PSGC":"174001017","Barangay":"Buliasnin","Land_Class":"AGRICULTURAL","PIN":"030-01-018-08-005","Owner":"MOGOL, PURITA M.","TaxDecNo":"10478"},"geometry":{"type":"Polygon","coordinates":[[[121.8311258085141,13.474194468387676],[121.83136289925069,13.47368234821221],[121.83119772093188,13.473595142111536],[121.83098255226372,13.474139778235935],[121.8311258085141,13.474194468387676]]]}},{"type":"Feature","properties":{"Id":0,"CLN":"7687","PSGC":"174001017","Barangay":"Buliasnin","Land_Class":"AGRICULTURAL","PIN":"030-01-018-08-001","Owner":"MARIPOSQUE, AIDA J.","TaxDecNo":"10474"},"geometry":{"type":"Polygon","coordinates":[[[121.83185109208875,13.474319395195511],[121.83152620181137,13.474155813580005],[121.83136601826125,13.474176677809414],[121.8311258085141,13.474194468387676],[121.83098255226372,13.474139778235935],[121.83064950113769,13.473951846996192],[121.830310197508,13.474482398625108],[121.8320361601705,13.475994984687159],[121.83185109208875,13.474319395195511]]]}},{"type":"Feature","properties":{"Id":0,"CLN":"7682","PSGC":"174001017","Barangay":"Buliasnin","Land_Class":"AGRICULTURAL","PIN":"030-01-018-08-007","Owner":"MORALES, CARMEN ROCA","TaxDecNo":"10483"},"geometry":{"type":"Polygon","coordinates":[[[121.830310197508,13.474482398625108],[121.83064950113769,13.473951846996192],[121.82978706185052,13.473653402807761],[121.82960653392742,13.473884862715737],[121.830310197508,13.474482398625108]]]}},{"type":"Feature","properties":{"Id":0,"CLN":"7696","PSGC":"174001017","Barangay":"Buliasnin","Land_Class":"AGRICULTURAL","PIN":"030-01-018-01-028","Owner":"DEMORET, ROSIE QUINDOZA","TaxDecNo":"10214"},"geometry":{"type":"Polygon","coordinates":[[[121.83429301663637,13.475467147287532],[121.83368317186108,13.475298531471307],[121.83351798496267,13.475212677306871],[121.83295988309396,13.475045988346615],[121.83287841536699,13.47496621225522],[121.83278688847737,13.474862855106881],[121.8325807055169,13.474693748695472],[121.83259731691804,13.476231536561452],[121.83424129286539,13.476458239334825],[121.83429301663637,13.475467147287532]]]}},{"type":"Feature","properties":{"Id":0,"CLN":"7562","PSGC":"174001017","Barangay":"Buliasnin","Land_Class":"AGRICULTURAL","PIN":"030-01-018-17-003","Owner":"MADLA, DEOGRACIAS","TaxDecNo":"10997"},"geometry":{"type":"Polygon","coordinates":[[[121.83434499660183,13.460423209258689],[121.83460521683347,13.460481073174138],[121.83457943323396,13.460112678945512],[121.83441072221983,13.460227910181818],[121.83440102859036,13.460237308185347],[121.83434499660183,13.460423209258689]]]}},{"type":"Feature","properties":{"Id":0,"CLN":"7697","PSGC":"174001017","Barangay":"Buliasnin","Land_Class":"AGRICULTURAL","PIN":"030-01-018-01-010","Owner":"ORNOS, FERNANDO","TaxDecNo":"10199"},"geometry":{"type":"Polygon","coordinates":[[[121.83474871228054,13.475798439217135],[121.83429301663637,13.475467147287537],[121.83424129286539,13.476458239334823],[121.83474506321015,13.476551759778197],[121.83530602575475,13.47620091922452],[121.83521338619438,13.476154037159722],[121.83515800980246,13.476083091824426],[121.83502637607411,13.475991596066509],[121.83474871228054,13.475798439217135]]]}},{"type":"Feature","properties":{"Id":0,"CLN":"7703","PSGC":"174001017","Barangay":"Buliasnin","Land_Class":"AGRICULTURAL","PIN":"030-01-018-01-009","Owner":"LARGO, GREGORIO","TaxDecNo":"10198"},"geometry":{"type":"Polygon","coordinates":[[[121.8357538741208,13.474916464366135],[121.83587222502896,13.474767557140506],[121.83511476048828,13.474786261873387],[121.83475196984128,13.475125903664077],[121.83429301663637,13.475467147287532],[121.83474871228057,13.475798439217135],[121.83502637607411,13.475991596066505],[121.8357538741208,13.474916464366135]]]}},{"type":"Feature","properties":{"Id":0,"CLN":"7695","PSGC":"174001017","Barangay":"Buliasnin","Land_Class":"AGRICULTURAL","PIN":"030-01-018-01-012","Owner":"REJANO, RUFINO JR. & REJANO, HELEN O.","TaxDecNo":"10200"},"geometry":{"type":"Polygon","coordinates":[[[121.83475454250383,13.474594741925216],[121.83438939499909,13.474373955229781],[121.83368317186108,13.475298531471307],[121.83429301663637,13.475467147287532],[121.83475196984128,13.475125903664077],[121.83511476048828,13.474786261873387],[121.83475454250383,13.474594741925216]]]}},{"type":"Feature","properties":{"Id":0,"CLN":"7713","PSGC":"174001017","Barangay":"Buliasnin","Land_Class":"AGRICULTURAL","PIN":"030-01-018-01-016","Owner":"LARGO, GREGORIO","TaxDecNo":"10204"},"geometry":{"type":"Polygon","coordinates":[[[121.83328457294735,13.47425537661678],[121.8332756157471,13.47359502856778],[121.83319128152421,13.473464835896149],[121.83301343893345,13.473386940466659],[121.83294406004454,13.47359146028874],[121.83282273436187,13.47387439107477],[121.83247281076439,13.473746597494376],[121.8327475270914,13.474015853386478],[121.83263209557522,13.474341484024515],[121.83304960355582,13.474473080456345],[121.83309185810612,13.474297024973247],[121.83328457294735,13.47425537661678]]]}},{"type":"Feature","properties":{"Id":0,"CLN":"7706","PSGC":"174001017","Barangay":"Buliasnin","Land_Class":"AGRICULTURAL","PIN":"030-01-018-01-036","Owner":"LARGO, CLODUALDO O.","TaxDecNo":"01-29297"},"geometry":{"type":"Polygon","coordinates":[[[121.83366862843344,13.472463123103587],[121.8335574825732,13.472306440255368],[121.8335182568421,13.472275836020252],[121.83328478551819,13.47255869151345],[121.8332186792101,13.47251579355118],[121.83308317481136,13.472681471668295],[121.8325805483545,13.473340310023847],[121.83245291882753,13.47359120618031],[121.83247281076441,13.473746597494413],[121.83282273436187,13.473874391074817],[121.83294406004451,13.47359146028877],[121.83301343893348,13.473386940466693],[121.83319128152422,13.473464835896202],[121.8332756157471,13.47359502856778],[121.83365690633784,13.473598827334364],[121.83405013221227,13.472850240729727],[121.83427083528653,13.472636282027377],[121.83425264659043,13.47254087500395],[121.83412354638072,13.472668048778093],[121.83398544088087,13.47251529725727],[121.83393803406388,13.472462345562153],[121.83378612887653,13.47259144144271],[121.83366862843344,13.472463123103587]]]}},{"type":"Feature","properties":{"Id":0,"CLN":"8386","PSGC":"174001017","Barangay":"Buliasnin","Land_Class":"AGRICULTURAL","PIN":"030-01-018-01-025","Owner":"OPIS, GLORIA ESTRADA","TaxDecNo":"01-26096"},"geometry":{"type":"Polygon","coordinates":[[[121.83414033196107,13.476444317237776],[121.83259731691807,13.476231536561448],[121.83258070551693,13.47469374869547],[121.83263209557522,13.474341484024515],[121.8327475270914,13.474015853386478],[121.83247281076441,13.473746597494392],[121.83245291882753,13.47359120618031],[121.8325805483545,13.473340310023817],[121.83308317481134,13.47268147166826],[121.83285517670014,13.47250035875028],[121.83265296941453,13.472318914792375],[121.8326140902248,13.47235694746018],[121.83246579552937,13.472548556021769],[121.83203481769533,13.47228214341961],[121.83191269311187,13.472142159818512],[121.83180542150002,13.471978208024456],[121.8310462807487,13.472527532608462],[121.83096989060022,13.47308484018699],[121.83092004583348,13.473233638860336],[121.8311345421924,13.47357115779231],[121.83119772093188,13.47359514211156],[121.83136289925069,13.47368234821221],[121.8315810287234,13.473664454664782],[121.83169913034435,13.473783855692472],[121.83197388179028,13.474041745082163],[121.83185109208875,13.474319395195545],[121.8320361601705,13.475994984687182],[121.8322549962626,13.476293697841594],[121.83339867428673,13.477468367576648],[121.83414033196107,13.476444317237776]]]}},{"type":"Feature","properties":{"Id":0,"CLN":"7685","PSGC":"174001017","Barangay":"Buliasnin","Land_Class":"AGRICULTURAL","PIN":"030-01-018-08-006","Owner":"MARIPOSQUE, AIDA J.","TaxDecNo":"10479"},"geometry":{"type":"Polygon","coordinates":[[[121.8311345421924,13.4735711577923],[121.83092004583348,13.473233638860336],[121.83087018280354,13.473423468521327],[121.82979219131563,13.473075693871321],[121.829758561411,13.473172887832785],[121.830838507284,13.47354500941313],[121.83082800790001,13.47357335448603],[121.83064950113769,13.473951846996192],[121.83098255226372,13.474139778235935],[121.83119772093188,13.473595142111536],[121.8311345421924,13.4735711577923]]]}},{"type":"Feature","properties":{"Id":0,"CLN":"7684","PSGC":"174001017","Barangay":"Buliasnin","Land_Class":"AGRICULTURAL","PIN":"030-01-018-08-009","Owner":"OSICOS, JUANA","TaxDecNo":"10482"},"geometry":{"type":"Polygon","coordinates":[[[121.830838507284,13.47354500941313],[121.829758561411,13.473172887832785],[121.82978205769517,13.473454908454329],[121.83003225144321,13.473569649560979],[121.83072138153311,13.473799437308111],[121.83082800790001,13.47357335448603],[121.830838507284,13.47354500941313]]]}},{"type":"Feature","properties":{"Id":0,"CLN":"7683","PSGC":"174001017","Barangay":"Buliasnin","Land_Class":"AGRICULTURAL","PIN":"030-01-018-08-008","Owner":"TAN, JAIME J.","TaxDecNo":"10481"},"geometry":{"type":"Polygon","coordinates":[[[121.83003225144321,13.473569649560979],[121.82978205769517,13.473454908454329],[121.82976492706219,13.47356840437237],[121.82978706185052,13.473653402807761],[121.83064950113769,13.473951846996192],[121.83072138153311,13.473799437308111],[121.83003225144321,13.473569649560979]]]}},{"type":"Feature","properties":{"Id":0,"CLN":"7682","PSGC":"174001017","Barangay":"Buliasnin","Land_Class":"AGRICULTURAL","PIN":"030-01-018-08-007","Owner":"MORALES, CARMEN ROCA","TaxDecNo":"10483"},"geometry":{"type":"Polygon","coordinates":[[[121.829886420211,13.472875347130353],[121.82969427066382,13.472756820064449],[121.8292573956709,13.473529533048962],[121.82927379629311,13.473566115959244],[121.82960653392742,13.473884862715737],[121.82978706185052,13.473653402807761],[121.82976492706219,13.47356840437237],[121.82978205769517,13.473454908454329],[121.829758561411,13.473172887832785],[121.82979219131563,13.473075693871321],[121.82986543115734,13.472930009093123],[121.829886420211,13.472875347130353]]]}},{"type":"Feature","properties":{"Id":0,"CLN":"7669","PSGC":"174001017","Barangay":"Buliasnin","Land_Class":"AGRICULTURAL","PIN":"030-01-018-08-063","Owner":"SPS. WINEFREDO M. MAJABA AND ARACELI P. MAJABA","TaxDecNo":"31438"},"geometry":{"type":"Polygon","coordinates":[[[121.83056611554582,13.468554228971815],[121.83020775615513,13.468524167071326],[121.83001503202698,13.469377116242397],[121.82997114021225,13.469453981138466],[121.83046213459684,13.469482632713845],[121.83056772762723,13.469075468221764],[121.83070772021281,13.468580636329984],[121.83056611554582,13.468554228971815]]]}},{"type":"Feature","properties":{"Id":0,"CLN":"7638","PSGC":"174001017","Barangay":"Buliasnin","Land_Class":"AGRICULTURAL","PIN":"030-01-018-08-065","Owner":"HRS. OF BUÑAG, NICOLAS","TaxDecNo":"10533"},"geometry":{"type":"Polygon","coordinates":[[[121.82975161027052,13.469426593030946],[121.82999049641259,13.468456227026529],[121.83020775615513,13.468524167071326],[121.83056611554582,13.468554228971815],[121.83070772021281,13.468580636329984],[121.83090723374994,13.468613835974546],[121.830957938533,13.468357693860735],[121.83056787106483,13.468287395619987],[121.83014337055565,13.468212040501582],[121.8299173999741,13.468426234365044],[121.82980450966286,13.468513763839793],[121.82971442092918,13.468537804066832],[121.82962410621052,13.468608316753647],[121.8296547519043,13.46898758577744],[121.82961167139389,13.46910968392788],[121.8295037195033,13.469209466110858],[121.82958011134933,13.469432405753864],[121.82975161027052,13.469426593030946]]]}},{"type":"Feature","properties":{"Id":0,"CLN":"7752","PSGC":"174001017","Barangay":"Buliasnin","Land_Class":"AGRICULTURAL","PIN":"030-01-018-08-059","Owner":"MANSIA, ANGELICA CONCEPCION","TaxDecNo":"30909"},"geometry":{"type":"Polygon","coordinates":[[[121.83220206805592,13.469902465779086],[121.83240865750827,13.46960731738363],[121.83274747371215,13.46982184627495],[121.8329228410322,13.469554946325896],[121.83267483995807,13.469415880781687],[121.83255416501333,13.469360859629193],[121.8322800341885,13.469226466455996],[121.83220443963002,13.469413695054504],[121.83214106175095,13.46966286172095],[121.8320842941454,13.469830933485158],[121.83220206805592,13.469902465779086]]]}},{"type":"Feature","properties":{"Id":0,"CLN":"7751","PSGC":"174001017","Barangay":"Buliasnin","Land_Class":"AGRICULTURAL","PIN":"030-01-018-08-070","Owner":"MONTEVIRGEN, ANICIA","TaxDecNo":"10536"},"geometry":{"type":"Polygon","coordinates":[[[121.83309234997095,13.470068853144397],[121.83319242779137,13.469943573181359],[121.83341104659638,13.469731633503851],[121.83355702815061,13.469541665973463],[121.83337525998435,13.46941913366964],[121.8331328111756,13.46931379567614],[121.83310653789736,13.469348634327561],[121.83303333894251,13.46941754596516],[121.8329228410322,13.469554946325896],[121.83274747371215,13.469821846274966],[121.83258250660927,13.470080681826833],[121.8326712692383,13.470152079126475],[121.83281712376022,13.469988477331443],[121.8329717855189,13.470145362535101],[121.8330005610652,13.47019417155667],[121.83309234997095,13.470068853144397]]]}},{"type":"Feature","properties":{"Id":0,"CLN":"7756","PSGC":"174001017","Barangay":"Buliasnin","Land_Class":"AGRICULTURAL","PIN":"030-01-018-08-043","Owner":"NARANJO, RAMEL J.","TaxDecNo":"29458"},"geometry":{"type":"Polygon","coordinates":[[[121.83453737614248,13.46922618928271],[121.83426728767238,13.469107952648027],[121.83400244938167,13.469430252423047],[121.83388375784493,13.46959555850476],[121.83417025418731,13.469773561565336],[121.83438930422645,13.469424836081705],[121.83453737614248,13.46922618928271]]]}},{"type":"Feature","properties":{"Id":0,"CLN":"7755","PSGC":"174001017","Barangay":"Buliasnin","Land_Class":"AGRICULTURAL","PIN":"030-01-018-10-009","Owner":"JANDA, ROLANDO M. & JANDA, LYDIA B.","TaxDecNo":"10627"},"geometry":{"type":"Polygon","coordinates":[[[121.83426728767238,13.469107952648027],[121.83400133416099,13.468987045646804],[121.83360829646482,13.469421211954563],[121.83388375784493,13.46959555850476],[121.83400244938167,13.469430252423047],[121.83426728767238,13.469107952648027]]]}},{"type":"Feature","properties":{"Id":0,"CLN":"7754","PSGC":"174001017","Barangay":"Buliasnin","Land_Class":"AGRICULTURAL","PIN":"030-01-018-08-044","Owner":"PITERO, AURORA MAJABA","TaxDecNo":"30001"},"geometry":{"type":"Polygon","coordinates":[[[121.83397835223052,13.470601955473525],[121.83405280115205,13.470443655260318],[121.83409692199211,13.470461887917317],[121.83417912305461,13.470224300770859],[121.83430905887043,13.470019385300793],[121.83409969918677,13.4698886128988],[121.83417025418731,13.469773561565336],[121.83388375784493,13.46959555850479],[121.83360829646485,13.469421211954565],[121.83400133416096,13.468987045646804],[121.83372452019269,13.468839195156788],[121.83363733365842,13.468969220666136],[121.83367696121108,13.469013777752153],[121.8335138982378,13.469207993781279],[121.83330975672862,13.469090062283414],[121.83328358127007,13.469104731799591],[121.8331328111756,13.46931379567614],[121.83337525998435,13.46941913366964],[121.83355702815061,13.469541665973463],[121.83341104659638,13.469731633503851],[121.83366503917306,13.469917373428176],[121.83397710442644,13.470093241917771],[121.8339811310257,13.47011759829694],[121.83386193150331,13.470340140621287],[121.83350215501724,13.470174191181117],[121.83319242779137,13.469943573181359],[121.83309234997095,13.470068853144397],[121.83397835223052,13.470601955473525]]]}},{"type":"Feature","properties":{"Id":0,"CLN":"7753","PSGC":"174001017","Barangay":"Buliasnin","Land_Class":"AGRICULTURAL","PIN":"030-01-018-10-001","Owner":"MAGALANG, PILAR","TaxDecNo":"10619"},"geometry":{"type":"Polygon","coordinates":[[[121.83275187584191,13.469104951774256],[121.83236950209348,13.468909547062754],[121.8322800341885,13.469226466455996],[121.83255416501333,13.469360859629193],[121.83267483995807,13.469415880781687],[121.8329228410322,13.469554946325896],[121.83303333894251,13.46941754596516],[121.83310653789734,13.469348634327545],[121.83275187584191,13.469104951774256]]]}},{"type":"Feature","properties":{"Id":0,"CLN":"7672","PSGC":"174001017","Barangay":"Buliasnin","Land_Class":"AGRICULTURAL","PIN":"030-01-018-08-060","Owner":"MAANO, MENANDRO","TaxDecNo":"10528"},"geometry":{"type":"Polygon","coordinates":[[[121.82926473704288,13.471594723920447],[121.83087158358511,13.470575968158641],[121.83130031567164,13.470135537176239],[121.83167406444247,13.470411074157274],[121.83177290351013,13.470262556055891],[121.83183840460097,13.470155237579752],[121.83202257779988,13.469798981014353],[121.8320884850609,13.469565238347247],[121.83163747316884,13.469411031175591],[121.8315368533,13.469647855636438],[121.83126807148129,13.469520860960284],[121.83128519111494,13.469409392916564],[121.83134168292055,13.46930789820852],[121.83143094317006,13.469034006764524],[121.83129923341151,13.468995744304813],[121.83123401334522,13.469223133326725],[121.83117120767022,13.469410890879471],[121.8311540387378,13.469532499378868],[121.83115788775548,13.469593361464161],[121.83120717852343,13.46968485701678],[121.83111727396158,13.469848718091859],[121.83099331324374,13.469771072114565],[121.8306007386721,13.46953195313338],[121.83046213459684,13.469482632713845],[121.82997114021225,13.469453981138466],[121.82975161027052,13.469426593030946],[121.82958011134933,13.469432405753864],[121.8295037195033,13.469209466110858],[121.82940101303572,13.46925845073441],[121.82922370292864,13.46923071892762],[121.8290615306735,13.469173705833475],[121.82870814864619,13.468863865972533],[121.82849452920557,13.469107467672766],[121.82875816729512,13.46937041600791],[121.82921609890704,13.469766352158608],[121.82910757536793,13.46998353828923],[121.82821386736063,13.470801219534161],[121.82790434978958,13.47072150463872],[121.82777849711277,13.470904365573336],[121.82779782341163,13.471041430297639],[121.82797239715437,13.471118069919982],[121.82812798991829,13.470986713067525],[121.82825599621275,13.470874795249333],[121.82838892931026,13.470777576178271],[121.82849644183892,13.470768293596269],[121.82862869619004,13.470810491791623],[121.82872572391807,13.47090144520436],[121.8287783970916,13.47103471934626],[121.82889413766405,13.47109813112562],[121.82926473704288,13.471594723920447]]]}},{"type":"Feature","properties":{"Id":0,"CLN":"7667","PSGC":"174001017","Barangay":"Buliasnin","Land_Class":"AGRICULTURAL","PIN":"030-01-018-09-038","Owner":"LABAGUIS, WARLITO & LABAGUIS, NORILYN","TaxDecNo":"10593"},"geometry":{"type":"Polygon","coordinates":[[[121.83116314237864,13.469468017806845],[121.83071890922842,13.469381723008798],[121.83070702434561,13.4694087312678],[121.8306007386721,13.469531953133396],[121.83099331324375,13.469771072114568],[121.83109768419492,13.469615390941499],[121.83115788775548,13.469593361464176],[121.8311540387378,13.469532499378868],[121.83116314237864,13.469468017806845]]]}},{"type":"Feature","properties":{"Id":0,"CLN":"7976","PSGC":"174001017","Barangay":"Buliasnin","Land_Class":"AGRICULTURAL","PIN":"030-01-018-03-003","Owner":"MONTEVIRGEN, SILVESTRE","TaxDecNo":"29537"},"geometry":{"type":"Polygon","coordinates":[[[121.83090723374994,13.468613835974546],[121.83070772021281,13.468580636329984],[121.83056772762723,13.469075468221764],[121.83046213459684,13.469482632713845],[121.83053660739097,13.469509345137038],[121.8306007386721,13.46953195313338],[121.83070702434561,13.469408731267785],[121.830814800113,13.469163811809349],[121.83085438349151,13.468934510793355],[121.83090723374994,13.468613835974546]]]}},{"type":"Feature","properties":{"Id":0,"CLN":"7662","PSGC":"174001017","Barangay":"Buliasnin","Land_Class":"AGRICULTURAL","PIN":"030-01-018-09-007","Owner":"MONTEJO, MELITON","TaxDecNo":"10563"},"geometry":{"type":"Polygon","coordinates":[[[121.8315368533,13.469647855636438],[121.83163747316884,13.469411031175591],[121.8320884850609,13.469565238347247],[121.8321368848667,13.469413352802762],[121.83220300605959,13.469238395622103],[121.83178248268533,13.469071498396605],[121.83174535853806,13.469171725601562],[121.83171740227543,13.469270202569296],[121.83164391650025,13.469399678555694],[121.83134168292055,13.46930789820852],[121.83128519111494,13.469409392916564],[121.83126807148129,13.469520860960284],[121.8315368533,13.469647855636438]]]}},{"type":"Feature","properties":{"Id":0,"CLN":"7637","PSGC":"174001017","Barangay":"Buliasnin","Land_Class":"AGRICULTURAL","PIN":"030-01-018-09-028","Owner":"MANRIQUE, DINDO L.","TaxDecNo":"10583"},"geometry":{"type":"Polygon","coordinates":[[[121.83056171638879,13.468010971586374],[121.8302071570657,13.467943280005507],[121.83014337055565,13.468212040501582],[121.83056787106483,13.468287395619987],[121.830957938533,13.468357693860735],[121.83096925171594,13.468291410921298],[121.83101595310791,13.468105171433566],[121.83056171638879,13.468010971586374]]]}},{"type":"Feature","properties":{"Id":0,"CLN":"7634","PSGC":"174001017","Barangay":"Buliasnin","Land_Class":"AGRICULTURAL","PIN":"030-01-018-09-029","Owner":"NARVAS, ELIAS","TaxDecNo":"29877"},"geometry":{"type":"Polygon","coordinates":[[[121.83056321363848,13.46770278545495],[121.83013122857643,13.467624949586545],[121.83011842374488,13.467688485371195],[121.83018066484209,13.46773769464323],[121.83021021488908,13.467828333334806],[121.8302071570657,13.467943280005507],[121.83056171638879,13.468010971586374],[121.83101595310791,13.468105171433585],[121.83102373318994,13.468011979253808],[121.83101379569297,13.467794997777855],[121.83070069153217,13.467729801930899],[121.83056321363848,13.46770278545495]]]}},{"type":"Feature","properties":{"Id":0,"CLN":"7632","PSGC":"174001017","Barangay":"Buliasnin","Land_Class":"AGRICULTURAL","PIN":"030-01-018-09-031","Owner":"MAZON, ROSALINDA","TaxDecNo":"10586"},"geometry":{"type":"Polygon","coordinates":[[[121.83070069153216,13.467729801930899],[121.83081117874461,13.466892249995981],[121.83055241324601,13.466839305287857],[121.83049027107904,13.467284183945292],[121.83011564833016,13.46723107480829],[121.8300854089171,13.46728229955059],[121.82994026806165,13.467320759472107],[121.82964519009278,13.467356075118404],[121.82957738007144,13.467424246654678],[121.82964184661827,13.46752972386739],[121.82977150521265,13.467591477072167],[121.83011842374488,13.467688485371173],[121.8301312285764,13.467624949586547],[121.83056321363848,13.467702785454913],[121.83070069153216,13.467729801930899]]]}},{"type":"Feature","properties":{"Id":0,"CLN":"7630","PSGC":"174001017","Barangay":"Buliasnin","Land_Class":"AGRICULTURAL","PIN":"030-01-018-09-033","Owner":"MAHAGUAY, FABIANA","TaxDecNo":"10588"},"geometry":{"type":"Polygon","coordinates":[[[121.8305548490279,13.466337891295186],[121.83030781451268,13.466258470444824],[121.82995540302717,13.466777823120793],[121.83055241324601,13.466839305287857],[121.83081117874461,13.466892249995981],[121.83104921148166,13.466914871501293],[121.8310912999278,13.466924031529572],[121.831177287398,13.466569446447812],[121.83075485919873,13.46641867470282],[121.8305548490279,13.466337891295186]]]}},{"type":"Feature","properties":{"Id":0,"CLN":"7617","PSGC":"174001017","Barangay":"Buliasnin","Land_Class":"AGRICULTURAL","PIN":"030-01-018-09-035","Owner":"LABAGUIS, CONRADO","TaxDecNo":"10590"},"geometry":{"type":"Polygon","coordinates":[[[121.8305573084729,13.465831585438153],[121.83046002046775,13.465794443091347],[121.83051124282109,13.466053955029567],[121.83030781451268,13.466258470444824],[121.8305548490279,13.466337891295186],[121.83075485919873,13.46641867470282],[121.83094179715498,13.466023323699453],[121.8305573084729,13.465831585438153]]]}},{"type":"Feature","properties":{"Id":0,"CLN":"7621","PSGC":"174001017","Barangay":"Buliasnin","Land_Class":null,"PIN":null},"geometry":{"type":"Polygon","coordinates":[[[121.8305575223329,13.465787558840896],[121.83045524796026,13.465747947315375],[121.83046002046775,13.465794443091347],[121.8305573084729,13.465831585438153],[121.83094179715498,13.466023323699453],[121.83095291865045,13.465996482626931],[121.8305575223329,13.465787558840896]]]}},{"type":"Feature","properties":{"Id":0,"CLN":"7882","PSGC":"174001017","Barangay":"Buliasnin","Land_Class":"AGRICULTURAL","PIN":"030-01-018-10-015","Owner":"MARQUEZ, LEOPOLDO","TaxDecNo":"10631"},"geometry":{"type":"Polygon","coordinates":[[[121.8348485799434,13.468518313830996],[121.83491142233541,13.468310040509577],[121.83489859059875,13.468258776045777],[121.83475173966978,13.468197289247007],[121.83460928639184,13.468136993527311],[121.8345575740329,13.468318280304445],[121.83425862207864,13.468202599150368],[121.83395704644249,13.468061357304139],[121.83386118062685,13.468281433615289],[121.83475020728635,13.468687608756012],[121.8348485799434,13.468518313830996]]]}},{"type":"Feature","properties":{"Id":0,"CLN":"7869","PSGC":"174001017","Barangay":"Buliasnin","Land_Class":"AGRICULTURAL","PIN":"030-01-018-10-036","Owner":"CORTEZ, ALVARO & CORTEZ, LORNA L.","TaxDecNo":"10656"},"geometry":{"type":"Polygon","coordinates":[[[121.83554276236451,13.468744753265128],[121.8348485799434,13.468518313830963],[121.83475020728632,13.46868760875601],[121.83468576051905,13.468895639013029],[121.83466993989866,13.468946706950195],[121.83475102869961,13.468975130067367],[121.83492027670216,13.469029959743057],[121.83518052199715,13.469101309190952],[121.83541565046232,13.469165405145784],[121.83554041792682,13.468849152555038],[121.83554276236451,13.468744753265128]]]}},{"type":"Feature","properties":{"Id":0,"CLN":"7881","PSGC":"174001017","Barangay":"Buliasnin","Land_Class":"AGRICULTURAL","PIN":"030-01-018-10-031","Owner":"ATTY. MICIANO, EDWIN S.","TaxDecNo":"10651"},"geometry":{"type":"Polygon","coordinates":[[[121.83547553211046,13.467963821343465],[121.83525254203545,13.467418735008074],[121.83475445076073,13.467637247455343],[121.83433339754927,13.467798208956502],[121.83433331941269,13.467814344291009],[121.83438107949625,13.467881797891856],[121.83460928639184,13.468136993527311],[121.83475173966978,13.468197289247007],[121.83489859059873,13.46825877604576],[121.83491142233541,13.468310040509563],[121.83516625741743,13.468356026234499],[121.8351252045693,13.468055006707901],[121.83537064782911,13.46801454027014],[121.83547553211046,13.467963821343465]]]}},{"type":"Feature","properties":{"Id":0,"CLN":"7903","PSGC":"174001017","Barangay":"Buliasnin","Land_Class":"AGRICULTURAL","PIN":"030-01-018-10-032","Owner":"MADLA, AGUSTIN","TaxDecNo":"10652"},"geometry":{"type":"Polygon","coordinates":[[[121.83525254203545,13.467418735008076],[121.83507813643924,13.466969883070158],[121.8347469957967,13.467150765652386],[121.83429833449517,13.467378518192854],[121.83431989974119,13.467464675274217],[121.8343285792305,13.467658343899584],[121.83433339754927,13.467798208956502],[121.83475445076073,13.467637247455343],[121.83525254203545,13.467418735008076]]]}},{"type":"Feature","properties":{"Id":0,"CLN":"7904","PSGC":"174001017","Barangay":"Buliasnin","Land_Class":"AGRICULTURAL","PIN":"030-01-018-10-033","Owner":"MADLA, LAMBERTO","TaxDecNo":"10653"},"geometry":{"type":"Polygon","coordinates":[[[121.83520928771007,13.466896883793174],[121.8350650113448,13.466514677966833],[121.83486392617687,13.466637957899922],[121.8347524808588,13.466693146628113],[121.83431178669946,13.466870306114446],[121.83415200101675,13.466955621986736],[121.8342511214955,13.467198117240631],[121.83429833449514,13.467378518192838],[121.83474699579668,13.467150765652386],[121.83507813643924,13.466969883070158],[121.83520928771007,13.466896883793174]]]}},{"type":"Feature","properties":{"Id":0,"CLN":"7915","PSGC":"174001017","Barangay":"Buliasnin","Land_Class":"AGRICULTURAL","PIN":"030-01-018-10-034","Owner":"MADLA, OSCAR & MADLA, JULIA M.","TaxDecNo":"10654"},"geometry":{"type":"Polygon","coordinates":[[[121.8347526871175,13.466439422930344],[121.83470337116462,13.466297960078123],[121.83445033227798,13.46634788311163],[121.83430954666196,13.46619797495982],[121.83400150080465,13.466542118880085],[121.83398893409957,13.466583744460936],[121.83415200101675,13.466955621986736],[121.83431178669946,13.466870306114446],[121.8347524808588,13.466693146628113],[121.83486392617687,13.466637957899922],[121.8347526871175,13.466439422930344]]]}},{"type":"Feature","properties":{"Id":0,"CLN":"7916","PSGC":"174001017","Barangay":"Buliasnin","Land_Class":"AGRICULTURAL","PIN":"030-01-018-10-035","Owner":"MADLA, ABELARDO","TaxDecNo":"10655"},"geometry":{"type":"Polygon","coordinates":[[[121.8350650113448,13.466514677966833],[121.83498532775835,13.466256883572461],[121.83494692894335,13.466209901024111],[121.83489622131829,13.466045850031847],[121.83508071742438,13.46592969384081],[121.83518448613928,13.466151596331859],[121.83524115606917,13.466223865975772],[121.83528457642794,13.466373481744274],[121.83541358010581,13.466321874459705],[121.83562554383865,13.466231047598828],[121.83539250805237,13.465734919649545],[121.83536405113634,13.465678124882064],[121.83527373753428,13.465572353505475],[121.83517965474603,13.465629523115721],[121.83491382912602,13.465828110468347],[121.83482141992172,13.465919491013066],[121.83475510934682,13.465938985518125],[121.83454669136218,13.466025615962796],[121.83454505061475,13.466080738663406],[121.83430954666196,13.46619797495982],[121.83445033227798,13.46634788311163],[121.83470337116462,13.466297960078123],[121.8347526871175,13.466439422930344],[121.83486392617687,13.466637957899922],[121.8350650113448,13.466514677966833]]]}},{"type":"Feature","properties":{"Id":0,"CLN":"7615","PSGC":"174001017","Barangay":"Buliasnin","Land_Class":"AGRICULTURAL","PIN":"030-01-018-11-002","Owner":"MICIANO, EDUARDO MARQUEZ","TaxDecNo":"31148"},"geometry":{"type":"Polygon","coordinates":[[[121.83143489948465,13.465186951083583],[121.83121389088384,13.464934857339031],[121.83121792457058,13.465234275823295],[121.83116181155768,13.465415169179307],[121.83103203289123,13.465613474292837],[121.83151374078608,13.465886828137647],[121.83173208497239,13.465515016019639],[121.83146621570393,13.46523543026795],[121.83143489948465,13.465186951083583]]]}},{"type":"Feature","properties":{"Id":0,"CLN":"7611","PSGC":"174001017","Barangay":"Buliasnin","Land_Class":"AGRICULTURAL","PIN":"030-01-018-11-006","Owner":"MICIANO, ANDRES","TaxDecNo":"10671"},"geometry":{"type":"Polygon","coordinates":[[[121.83180990192061,13.46508397146201],[121.83169938762322,13.464959938616087],[121.83143489948465,13.465186951083583],[121.83146621570393,13.46523543026795],[121.83173208497239,13.465515016019639],[121.8320103150278,13.465289455755707],[121.83193673432433,13.46523761730003],[121.83180990192061,13.46508397146201]]]}},{"type":"Feature","properties":{"Id":0,"CLN":"7608","PSGC":"174001017","Barangay":"Buliasnin","Land_Class":"AGRICULTURAL","PIN":"030-01-018-11-009","Owner":"ALCOBA, SIMEON LEONIDA","TaxDecNo":"10673"},"geometry":{"type":"Polygon","coordinates":[[[121.8324168554517,13.465239848057948],[121.83207852447278,13.464852949972434],[121.83180990192064,13.465083971462006],[121.83193673432436,13.465237617300032],[121.8320103150278,13.465289455755709],[121.83251724551937,13.465611935199815],[121.8326443548698,13.465495722519696],[121.8324168554517,13.465239848057948]]]}},{"type":"Feature","properties":{"Id":0,"CLN":"7596","PSGC":"174001017","Barangay":"Buliasnin","Land_Class":"AGRICULTURAL","PIN":"030-01-018-11-054","Owner":"BRIONES, GLORIA L.","TaxDecNo":"10704"},"geometry":{"type":"Polygon","coordinates":[[[121.8322223208718,13.464547690343574],[121.83269944833171,13.465112558002303],[121.83326388344716,13.464582352325715],[121.83277170572933,13.464056379957597],[121.83266941190377,13.464078329231958],[121.83214654459248,13.464404837578961],[121.83222405176016,13.464546170690404],[121.8322223208718,13.464547690343574]]]}},{"type":"Feature","properties":{"Id":0,"CLN":"7603","PSGC":"174001017","Barangay":"Buliasnin","Land_Class":"AGRICULTURAL","PIN":"030-01-018-11-014","Owner":"MARMOL, EDDIE","TaxDecNo":"10676"},"geometry":{"type":"Polygon","coordinates":[[[121.83345940448467,13.465244688833215],[121.83329938821875,13.4651445936836],[121.83325117441343,13.465185990499634],[121.83347279023425,13.465377687561476],[121.83352137350822,13.465259767367293],[121.83345940448467,13.465244688833215]]]}},{"type":"Feature","properties":{"Id":0,"CLN":"7600","PSGC":"174001017","Barangay":"Buliasnin","Land_Class":"AGRICULTURAL","PIN":"030-01-018-09-034","Owner":"VILLAMIN, CORAZON","TaxDecNo":"10589"},"geometry":{"type":"Polygon","coordinates":[[[121.83356715097325,13.465090789798822],[121.83338828771363,13.4649167642124],[121.83326384569408,13.46511891929145],[121.83329938821875,13.4651445936836],[121.83345940448467,13.465244688833215],[121.83352137350822,13.465259767367293],[121.83356715097325,13.465090789798822]]]}},{"type":"Feature","properties":{"Id":0,"CLN":"7599","PSGC":null,"Barangay":"Buliasnin","Land_Class":"AGRICULTURAL","PIN":"030-01-018-11-037","Owner":"MARMOL, EDILBERTO","TaxDecNo":"10694"},"geometry":{"type":"Polygon","coordinates":[[[121.83298262550541,13.464901397418235],[121.83325117441343,13.46518599049967],[121.83329938821878,13.465144593683599],[121.8332638456941,13.465118919291452],[121.83338828771363,13.46491676421244],[121.8331931521279,13.464703727563814],[121.83298262550541,13.464901397418235]]]}},{"type":"Feature","properties":{"Id":0,"CLN":"7924","PSGC":"174001017","Barangay":"Buliasnin","Land_Class":"AGRICULTURAL","PIN":"030-01-018-11-016","Owner":"SENA, GLENDA SANTIAGO","TaxDecNo":"29308"},"geometry":{"type":"Polygon","coordinates":[[[121.83406561298204,13.464882605629747],[121.8339315531064,13.464733961996984],[121.83377911047666,13.464981971552417],[121.83367932328481,13.465191961206418],[121.8337243431015,13.465243524583595],[121.83390865459717,13.465412702136895],[121.83403112302153,13.46533405897298],[121.83413641329868,13.465266903201684],[121.83416982721182,13.465245591271938],[121.83431238127416,13.465127432253736],[121.83406561298204,13.464882605629747]]]}},{"type":"Feature","properties":{"Id":0,"CLN":"7921","PSGC":"174001017","Barangay":"Buliasnin","Land_Class":"AGRICULTURAL","PIN":"030-01-018-11-012","Owner":"TAN, CECILIA L.","TaxDecNo":"01-37521"},"geometry":{"type":"Polygon","coordinates":[[[121.83372434310147,13.465243524583574],[121.83367932328476,13.465191961206418],[121.83366569970222,13.46524325246651],[121.83348721106194,13.465759813280508],[121.8335597182118,13.465800426721822],[121.83368119242866,13.465643910401448],[121.83390865459717,13.465412702136879],[121.83372434310147,13.465243524583574]]]}},{"type":"Feature","properties":{"Id":0,"CLN":"7922","PSGC":"174001017","Barangay":"Buliasnin","Land_Class":"AGRICULTURAL","PIN":null,"Owner":"TAN, EDGAR L.","TaxDecNo":"10719"},"geometry":{"type":"Polygon","coordinates":[[[121.83367932328476,13.465191961206418],[121.83364858029475,13.465166644786237],[121.83362968571996,13.46524409229818],[121.83356815425412,13.465417543108314],[121.83345847605226,13.465744911706155],[121.83348721106194,13.465759813280508],[121.83366569970222,13.46524325246651],[121.83367932328476,13.465191961206418]]]}},{"type":"Feature","properties":{"Id":0,"CLN":"7926","PSGC":"174001017","Barangay":"Buliasnin","Land_Class":"AGRICULTURAL","PIN":"030-01-018-11-022","Owner":"MADLA, VICENTE","TaxDecNo":"10683"},"geometry":{"type":"Polygon","coordinates":[[[121.83453609133998,13.465247289851815],[121.8343659633768,13.46511056258301],[121.83431238127416,13.465127432253736],[121.83416982721182,13.465245591271923],[121.83413641329868,13.46526690320167],[121.83435409297148,13.465492637067698],[121.83458300587388,13.46530702226882],[121.83453609133998,13.465247289851815]]]}},{"type":"Feature","properties":{"Id":0,"CLN":"7927","PSGC":"174001017","Barangay":"Buliasnin","Land_Class":"AGRICULTURAL","PIN":"030-01-018-11-020","Owner":"MONTEAGUDO, LIBRADA","TaxDecNo":"10681"},"geometry":{"type":"Polygon","coordinates":[[[121.8347602060609,13.465248506413898],[121.83476020788298,13.465248065717523],[121.83475970100208,13.465248456571583],[121.83475831903789,13.465248320190833],[121.83471926604494,13.465279635816604],[121.8346812332659,13.465291467293126],[121.83463796736218,13.465298128298679],[121.83458300587388,13.46530702226882],[121.83435409297148,13.465492637067698],[121.83445633653466,13.465624682569246],[121.83446456698056,13.46562472073608],[121.83475971055907,13.465368351359675],[121.8348224469286,13.465327238169891],[121.83486692101768,13.465259037680138],[121.8347602060609,13.465248506413898]]]}},{"type":"Feature","properties":{"Id":0,"CLN":"7928","PSGC":"174001017","Barangay":"Buliasnin","Land_Class":"AGRICULTURAL","PIN":"030-01-018-11-019","Owner":"MADLA, LAMBERTO","TaxDecNo":"10680"},"geometry":{"type":"Polygon","coordinates":[[[121.83500670730125,13.465259685626247],[121.83495000912563,13.465159845203301],[121.83486692101768,13.465259037680138],[121.8348224469286,13.465327238169891],[121.83475971055907,13.465368351359675],[121.83446456698056,13.46562472073608],[121.83463245280682,13.46579869007876],[121.83420859106012,13.466078663005588],[121.83429592759367,13.466173047622247],[121.83434813837258,13.466155836434663],[121.83452006133255,13.466062654200694],[121.83451486683266,13.466002214697191],[121.8347570793379,13.465911992026218],[121.83479942675652,13.465903187477931],[121.83505439097814,13.465668546415172],[121.83525363591377,13.465545257723182],[121.83513284337997,13.465420485835617],[121.83500670730125,13.465259685626247]]]}},{"type":"Feature","properties":{"Id":0,"CLN":"8063","PSGC":"174001017","Barangay":"Buliasnin","Land_Class":null,"PIN":null},"geometry":{"type":"Polygon","coordinates":[[[121.83482784798323,13.463391657941921],[121.83480262647414,13.463373798264795],[121.83475651226361,13.463440387839844],[121.83452909562436,13.463787682135804],[121.83433841381155,13.464071429422845],[121.83436160389611,13.464098388982869],[121.83482784798323,13.463391657941921]]]}},{"type":"Feature","properties":{"Id":0,"CLN":"7583","PSGC":"174001017","Barangay":"Buliasnin","Land_Class":null,"PIN":null},"geometry":{"type":"Polygon","coordinates":[[[121.83484922109193,13.463173628277485],[121.83481821680131,13.463153031337486],[121.83475490383965,13.463252082711703],[121.83471307424674,13.463323042594055],[121.83475273848686,13.46334739328061],[121.83484922109193,13.463173628277485]]]}},{"type":"Feature","properties":{"Id":0,"CLN":"7584","PSGC":"174001017","Barangay":"Buliasnin","Land_Class":"AGRICULTURAL","PIN":"030-01-018-12-040","Owner":"MARIPOSQUE, ROSALIE J. & MARIPOSQUE, MA.CONCEPCION J. & MARIPOSQUE, JOSEFA CHERRY J.","TaxDecNo":"10756"},"geometry":{"type":"Polygon","coordinates":[[[121.83478656032727,13.463202557027284],[121.83465236987337,13.463109585809292],[121.83456959124993,13.463208256322227],[121.83471307424674,13.463323042594073],[121.83475490383965,13.46325208271175],[121.83478656032727,13.463202557027284]]]}},{"type":"Feature","properties":{"Id":0,"CLN":"7579","PSGC":"174001017","Barangay":"Buliasnin","Land_Class":"AGRICULTURAL","PIN":"030-01-018-12-016","Owner":"MAPACPAC, ABDUL & MAPACPAC, EVERETH MAZON","TaxDecNo":"10731"},"geometry":{"type":"Polygon","coordinates":[[[121.83492587987797,13.462999417587287],[121.8349969464552,13.462876076210161],[121.83475490081871,13.462678983859275],[121.8344798593026,13.462474779991815],[121.83432264030128,13.462647246607698],[121.83475399661927,13.462966276270482],[121.83479653304798,13.462913675548506],[121.83492587987797,13.462999417587287]]]}},{"type":"Feature","properties":{"Id":0,"CLN":"7576","PSGC":"174001017","Barangay":"Buliasnin","Land_Class":"AGRICULTURAL","PIN":"030-01-018-12-017","Owner":"LARGO, VICENTICO & LARGO, LUZVIMINDA F.","TaxDecNo":"10732"},"geometry":{"type":"Polygon","coordinates":[[[121.83475662735935,13.462422612935006],[121.8346956609217,13.462385826101313],[121.8344798593026,13.462474779991854],[121.83475490081871,13.462678983859275],[121.83499694645522,13.46287607621018],[121.83511100995636,13.46270536837935],[121.83475662735935,13.462422612935006]]]}},{"type":"Feature","properties":{"Id":0,"CLN":"8272","PSGC":"174001017","Barangay":"Buliasnin","Land_Class":"AGRICULTURAL","PIN":"030-01-018-12-003","Owner":"GERONIMO; REYNALDO; JAIME; OSCAR; EFREN; ROBERTO; LUISITO ALL SURNAMED GUEVARRA; SOLEDAD HERNANDEZ & TERESITA G. TUASON","TaxDecNo":"10721"},"geometry":{"type":"Polygon","coordinates":[[[121.83784040623425,13.464847198115574],[121.83781922188366,13.464588959134113],[121.83777568528677,13.46442127597769],[121.8373483605985,13.46449701966475],[121.8373404876246,13.464205281394351],[121.83709499676078,13.464204932786599],[121.83697211837041,13.464183357206121],[121.83699263681902,13.464018802103634],[121.83688771399774,13.464002987150906],[121.83683875992615,13.464169681694617],[121.8368089008807,13.46422631939576],[121.83686843112028,13.464272015561411],[121.83704319166623,13.464361394528071],[121.83702290904137,13.464477123470607],[121.83696081164669,13.464722675682147],[121.83660954997798,13.464543909435399],[121.83644801171607,13.464839531725017],[121.83635525524706,13.464946976461281],[121.83672470342925,13.465247840702212],[121.83676376775955,13.46528402501951],[121.83683708443544,13.465337169489402],[121.83695033513307,13.465246484621709],[121.83697964333066,13.465226094929559],[121.8371289815683,13.465054187238266],[121.83719516881112,13.465016138185689],[121.83732216749648,13.464985435858082],[121.83775559110332,13.464952030592434],[121.83779204242352,13.46493175981998],[121.83784040623425,13.464847198115574]]]}},{"type":"Feature","properties":{"Id":0,"CLN":"8041","PSGC":"174001017","Barangay":"Buliasnin","Land_Class":"AGRICULTURAL","PIN":"030-01-018-13-019","Owner":"DUMARAN, SPOUSES EMIL J. & DUMARAN, LORENA L.","TaxDecNo":"10796"},"geometry":{"type":"Polygon","coordinates":[[[121.83644569428101,13.467497869257258],[121.83650458317943,13.46749174127912],[121.83661895188433,13.46750827231284],[121.8368085623327,13.4675180508718],[121.83699081990966,13.467526895173105],[121.83715744505568,13.467556469045793],[121.83733632074244,13.467588499722856],[121.8373195363957,13.467509214315019],[121.83751349749213,13.467464507131902],[121.83748511171493,13.467248354660548],[121.83702617416732,13.467315838120147],[121.8369836541669,13.46697960847527],[121.83695036407492,13.466763433281143],[121.83628246217584,13.466935558633272],[121.83644569428101,13.467497869257258]]]}},{"type":"Feature","properties":{"Id":0,"CLN":"8248","PSGC":"174001017","Barangay":"Buliasnin","Land_Class":"AGRICULTURAL","PIN":"030-01-018-14-042","Owner":"MICIANO, EUFROCINA","TaxDecNo":"10870"},"geometry":{"type":"Polygon","coordinates":[[[121.84088175277994,13.46512640705165],[121.8408145640107,13.46505053619542],[121.84064951121414,13.46522202823523],[121.84045393021687,13.465348938701986],[121.84074328240764,13.465611299295894],[121.84102813982886,13.465299749303124],[121.84094982101433,13.46524273703033],[121.84088175277994,13.46512640705165]]]}},{"type":"Feature","properties":{"Id":0,"CLN":"8255","PSGC":"174001017","Barangay":"Buliasnin","Land_Class":"AGRICULTURAL","PIN":"030-01-018-14-045","Owner":"SPS. MANOOS, JOSELITO B. & MANOOS, QUILIN BUÑAG","TaxDecNo":"10873"},"geometry":{"type":"Polygon","coordinates":[[[121.84007065532037,13.46518864724834],[121.83988434520835,13.464966287643247],[121.83982579272941,13.46499697971896],[121.83979904750812,13.464992092833613],[121.83973066931071,13.465041793272837],[121.83965517432479,13.46505335335581],[121.83938243088292,13.464587659213963],[121.8391824158976,13.464684386002833],[121.83931034482521,13.46490171304971],[121.8394625398048,13.465133442392663],[121.83920193305833,13.465226148155534],[121.83908391433107,13.465288609299725],[121.83912581019251,13.46537341115037],[121.83932497443364,13.465647957944634],[121.83943934940515,13.465578279161734],[121.83949090182959,13.465567716130325],[121.83969749321824,13.46544625782987],[121.83973249192778,13.465435618327087],[121.83990052724953,13.465299580430814],[121.83994108718908,13.465279965674108],[121.83999656097879,13.465219015643745],[121.84007065532037,13.46518864724834]]]}},{"type":"Feature","properties":{"Id":0,"CLN":"8260","PSGC":"174001017","Barangay":"Buliasnin","Land_Class":"AGRICULTURAL","PIN":"030-01-018-14-047","Owner":"MONTERAS, ROSARIO","TaxDecNo":"10875"},"geometry":{"type":"Polygon","coordinates":[[[121.83891048639754,13.465059441328771],[121.8388915419188,13.465069025008395],[121.83895178904773,13.465172353797564],[121.83901660943135,13.465312371220335],[121.83908391433107,13.465288609299725],[121.83920193305833,13.465226148155534],[121.83912013232467,13.4649841947269],[121.83891048639754,13.465059441328771]]]}},{"type":"Feature","properties":{"Id":0,"CLN":"6260","PSGC":"174001017","Barangay":"Buliasnin","Land_Class":"AGRICULTURAL","PIN":"030-01-018-14-051","Owner":"TAN, TONY & TAN, AVEN JINANG","TaxDecNo":"10879"},"geometry":{"type":"Polygon","coordinates":[[[121.83844582024891,13.46535180983694],[121.83852674066124,13.465518527561477],[121.8388775572231,13.465361463375],[121.83901660943135,13.465312371220321],[121.83895178904773,13.465172353797549],[121.83844582024891,13.46535180983694]]]}},{"type":"Feature","properties":{"Id":0,"CLN":"8261","PSGC":"174001017","Barangay":"Buliasnin","Land_Class":"AGRICULTURAL","PIN":"030-01-018-14-049","Owner":"MICIANO, LUISITO B.","TaxDecNo":"10877"},"geometry":{"type":"Polygon","coordinates":[[[121.83844582024891,13.46535180983694],[121.83895178904773,13.465172353797549],[121.8388915419188,13.46506902500838],[121.83876388258224,13.464854900774325],[121.83828728713841,13.465024960767112],[121.83835297099867,13.465091208490618],[121.83839380023436,13.465178874119733],[121.8383875417901,13.465231528694575],[121.83839228445328,13.46526515392031],[121.83844582024891,13.46535180983694]]]}},{"type":"Feature","properties":{"Id":0,"CLN":"8258","PSGC":"174001017","Barangay":"Buliasnin","Land_Class":"AGRICULTURAL","PIN":"030-01-018-14-048","Owner":"MANRIQUE, CLODUALDO","TaxDecNo":"10876"},"geometry":{"type":"Polygon","coordinates":[[[121.83931034482518,13.46490171304971],[121.8391824158976,13.464684386002816],[121.83891180723305,13.464785549970689],[121.83876388258224,13.464854900774325],[121.8388915419188,13.46506902500838],[121.83891048639754,13.465059441328751],[121.83912013232467,13.4649841947269],[121.83931034482518,13.46490171304971]]]}},{"type":"Feature","properties":{"Id":0,"CLN":"8262","PSGC":"174001017","Barangay":"Buliasnin","Land_Class":"AGRICULTURAL","PIN":"030-01-018-14-053","Owner":"LUBRIN, MARTINA M.","TaxDecNo":"10881"},"geometry":{"type":"Polygon","coordinates":[[[121.83828728713841,13.465024960767112],[121.83825989668743,13.465001955588592],[121.83813167475431,13.465076405227398],[121.83803696174803,13.465148640537945],[121.83804906514979,13.465239565133809],[121.8381811206287,13.46582583316665],[121.83833102326489,13.465768747768687],[121.83828895011675,13.46562543922999],[121.83852674066124,13.465518527561477],[121.83844582024891,13.46535180983694],[121.83839228445328,13.46526515392031],[121.8383875417901,13.465231528694575],[121.83839380023436,13.465178874119733],[121.83835297099867,13.465091208490618],[121.83828728713841,13.465024960767112]]]}},{"type":"Feature","properties":{"Id":0,"CLN":"8263","PSGC":"174001017","Barangay":"Buliasnin","Land_Class":"AGRICULTURAL","PIN":"030-01-018-14-034","Owner":"TAN, TONY & TAN, AVEN JINANG","TaxDecNo":"10864"},"geometry":{"type":"Polygon","coordinates":[[[121.83804906514979,13.465239565133809],[121.83803696174803,13.465148640537945],[121.83800099632808,13.465068231015257],[121.83776633427279,13.465129978040078],[121.83776972652679,13.465228405258271],[121.83792597599295,13.46516845139456],[121.83791174270468,13.465236530036504],[121.83808783677678,13.465844603829073],[121.8381811206287,13.46582583316665],[121.83804906514979,13.465239565133809]]]}},{"type":"Feature","properties":{"Id":0,"CLN":"8274","PSGC":"174001017","Barangay":"Buliasnin","Land_Class":"AGRICULTURAL","PIN":"030-01-018-14-031","Owner":"MONTERAS, ROSARIO","TaxDecNo":"10862"},"geometry":{"type":"Polygon","coordinates":[[[121.83791174270468,13.465236530036504],[121.83792597599295,13.46516845139456],[121.83776972652679,13.465228405258271],[121.83774986157779,13.465240582012122],[121.83778080418577,13.465435144187598],[121.83784287489318,13.465785865616022],[121.83785231373041,13.465862716803109],[121.83808783677678,13.465844603829073],[121.83791174270468,13.465236530036504]]]}},{"type":"Feature","properties":{"Id":0,"CLN":"8273","PSGC":"174001017","Barangay":"Buliasnin","Land_Class":"AGRICULTURAL","PIN":"030-01-018-14-027","Owner":"VILLAMIN, RAMON & VILLAMIN, LYNDA M.","TaxDecNo":"10858"},"geometry":{"type":"Polygon","coordinates":[[[121.83775353989438,13.4650564887354],[121.83775559110332,13.464952030592466],[121.83732216749648,13.464985435858082],[121.83719516881112,13.465016138185705],[121.8371289815683,13.465054187238298],[121.83697964333068,13.46522609492956],[121.83695033513307,13.465246484621709],[121.83683708443544,13.465337169489402],[121.83688348278801,13.465378188200221],[121.83695169761906,13.465472113028191],[121.83705396778971,13.465623801059126],[121.83711545160318,13.465588082006198],[121.8372946735873,13.465548107147095],[121.83745670557265,13.465512853117852],[121.83752305932823,13.465484357189663],[121.8376924831971,13.46544193648286],[121.83778080418577,13.465435144187598],[121.83774986157779,13.465240582012138],[121.83776972652679,13.465228405258282],[121.83776633427284,13.46512997804011],[121.83775353989438,13.4650564887354]]]}},{"type":"Feature","properties":{"Id":0,"CLN":"8257","PSGC":"174001017","Barangay":"Buliasnin","Land_Class":"AGRICULTURAL","PIN":"030-01-018-16-004","Owner":"JAMILLA, ELIAS AARON M.","TaxDecNo":"10949"},"geometry":{"type":"Polygon","coordinates":[[[121.83947181882344,13.464273331681161],[121.83943078319668,13.464267113497764],[121.8393721207242,13.464296986254709],[121.83929090171935,13.464320726117647],[121.83923222468697,13.46435361313329],[121.83915407581642,13.464379376700826],[121.83915809509023,13.464397481428524],[121.83891309436241,13.464533338489849],[121.83878024773891,13.464597928729408],[121.83861220724623,13.464656367529686],[121.8381797563024,13.464797023731686],[121.83825989668743,13.465001955588592],[121.83828728713841,13.465024960767112],[121.83876388258224,13.464854900774325],[121.83891180723305,13.464785549970689],[121.8391824158976,13.464684386002816],[121.83938243088295,13.464587659213947],[121.83957266594275,13.464500413973765],[121.83947181882344,13.464273331681161]]]}},{"type":"Feature","properties":{"Id":0,"CLN":"8266","PSGC":"174001017","Barangay":"Buliasnin","Land_Class":"AGRICULTURAL","PIN":"030-01-018-16-010","Owner":"MANRIQUE, PEDRO","TaxDecNo":"10954"},"geometry":{"type":"Polygon","coordinates":[[[121.83915407581645,13.464379376700846],[121.83908739938302,13.464155001269956],[121.83849941627402,13.464378611742257],[121.83861220724623,13.464656367529704],[121.83878024773891,13.46459792872944],[121.83891309436244,13.46453333848985],[121.83915809509024,13.46439748142856],[121.83915407581645,13.464379376700846]]]}},{"type":"Feature","properties":{"Id":0,"CLN":"8238","PSGC":"174001017","Barangay":"Buliasnin","Land_Class":"AGRICULTURAL","PIN":"030-01-018-16-052","Owner":"MONTANA, GREGORIO","TaxDecNo":"10993"},"geometry":{"type":"Polygon","coordinates":[[[121.83908394338106,13.463536648805851],[121.83894245157876,13.463595611962598],[121.83896452131098,13.463663092912256],[121.83902402091152,13.463885425644408],[121.83902489734427,13.463916578088961],[121.83908739938302,13.464155001269956],[121.83915407581645,13.464379376700846],[121.83923222468695,13.46435361313332],[121.83929090171935,13.464320726117647],[121.8393721207242,13.464296986254709],[121.83943078319668,13.46426711349778],[121.83908394338106,13.463536648805851]]]}},{"type":"Feature","properties":{"Id":0,"CLN":"8267","PSGC":"174001017","Barangay":"Buliasnin","Land_Class":"AGRICULTURAL","PIN":"030-01-018-16-009","Owner":"LEYNES, SOFRONIO","TaxDecNo":"10953"},"geometry":{"type":"Polygon","coordinates":[[[121.83908739938302,13.464155001269956],[121.83902489734427,13.463916578088961],[121.83835036814968,13.46420566069424],[121.83842099363056,13.464387669947943],[121.83849941627402,13.464378611742257],[121.83908739938302,13.464155001269956]]]}},{"type":"Feature","properties":{"Id":0,"CLN":"8268","PSGC":"174001017","Barangay":"Buliasnin","Land_Class":"AGRICULTURAL","PIN":"030-01-018-16-008","Owner":"SPOUSES ARELLANO, SALVADOR P. & ARELLANO, EDILBERTA RAYOS","TaxDecNo":"10952"},"geometry":{"type":"Polygon","coordinates":[[[121.83902402091152,13.463885425644408],[121.83896452131098,13.463663092912256],[121.838917214687,13.46367995578992],[121.83854200588256,13.463816264481302],[121.83831217638267,13.463982451766887],[121.83826602486691,13.464016859032842],[121.83835036814968,13.46420566069424],[121.83902489734427,13.463916578088961],[121.83902402091152,13.463885425644408]]]}},{"type":"Feature","properties":{"Id":0,"CLN":"8237","PSGC":"174001017","Barangay":"Buliasnin","Land_Class":"AGRICULTURAL","PIN":"030-01-018-16-007","Owner":"MACALOOD, ROCKIE O.","TaxDecNo":"10951"},"geometry":{"type":"Polygon","coordinates":[[[121.83893720484731,13.463579569423898],[121.83891808053022,13.463500393182775],[121.83888220495244,13.463415442114561],[121.83885385490284,13.463306301414594],[121.83873396097297,13.463360925362215],[121.83830932766908,13.46359178664047],[121.83828028314272,13.463626643191938],[121.83819471285396,13.46369219187411],[121.83831217638267,13.463982451766887],[121.83854200588256,13.463816264481302],[121.838917214687,13.46367995578992],[121.83896452131098,13.463663092912256],[121.83893720484731,13.463579569423898]]]}},{"type":"Feature","properties":{"Id":0,"CLN":"8218","PSGC":"174001017","Barangay":"Buliasnin","Land_Class":"AGRICULTURAL","PIN":"030-01-018-16-024","Owner":"MALAPOTE, EDMUNDO M.","TaxDecNo":"10966"},"geometry":{"type":"Polygon","coordinates":[[[121.83891221985279,13.462244547522271],[121.83887119292015,13.462197927953598],[121.8385622153311,13.462326706798555],[121.83862265138325,13.462411771361422],[121.8387264947693,13.462550332187602],[121.83879725480355,13.462552930077528],[121.83891484908634,13.462467173830055],[121.83902456338772,13.462393630868782],[121.83891221985279,13.462244547522271]]]}},{"type":"Feature","properties":{"Id":0,"CLN":"8217","PSGC":"174001017","Barangay":"Buliasnin","Land_Class":"AGRICULTURAL","PIN":"030-01-018-16-041","Owner":"FIDELA, HERMINTO, NESTOR & PILAR ALL SURNAMED MAGALANG","TaxDecNo":"10982"},"geometry":{"type":"Polygon","coordinates":[[[121.83962012533433,13.462056991063275],[121.83886233442809,13.462623296361807],[121.83879087668736,13.46255269591164],[121.8387264947693,13.462550332187602],[121.83859933964354,13.46269395559674],[121.83875058375203,13.462968314175358],[121.83879644106085,13.46296228065221],[121.83891547690483,13.463179146703183],[121.83896425725902,13.463255216395348],[121.83927571765561,13.463103349755498],[121.83954977519394,13.463327585232145],[121.83991870436033,13.462878716227678],[121.84025348021464,13.46309623486165],[121.84046351031152,13.462940772707876],[121.83994190557084,13.462608926733278],[121.8400712919248,13.462411555946904],[121.84012131933896,13.462387362326647],[121.83962012533433,13.462056991063275]]]}},{"type":"Feature","properties":{"Id":0,"CLN":"8053","PSGC":"174001017","Barangay":"Buliasnin","Land_Class":"AGRICULTURAL","PIN":"030-01-018-12-039","Owner":"MARIPOSQUE, JOSEFA CHERRY J. , DRA. MOGOL-PAMFILO, ALELI M.  & MOGOL-REYES, LOLINE M.","TaxDecNo":"10755"},"geometry":{"type":"Polygon","coordinates":[[[121.83460469363281,13.464323730519686],[121.83453985649128,13.464398615573478],[121.83446542340803,13.464472113510764],[121.83437582929368,13.464560309728643],[121.83406561298204,13.464882605629747],[121.83431238127416,13.465127432253736],[121.83436596337683,13.465110562583048],[121.83453609134001,13.465247289851831],[121.83458300587391,13.465307022268835],[121.8346812332659,13.465291467293142],[121.83471926604497,13.465279635816604],[121.83475831903789,13.46524832019085],[121.8348669210177,13.465259037680152],[121.83495000912563,13.465159845203301],[121.83500670730125,13.465259685626263],[121.83513243259675,13.46541996216332],[121.83525363591377,13.4655452577232],[121.83527373753427,13.465572353505491],[121.8353725021948,13.465688022389406],[121.83551574171513,13.465540146954247],[121.83593560277784,13.465253188271417],[121.83600090677076,13.46517817259194],[121.8363339472655,13.464926115846623],[121.83644392604982,13.464778611392399],[121.83658104096139,13.464560294452694],[121.83672410007622,13.464323692770112],[121.83680624459335,13.464187187599837],[121.83684457555172,13.464098037600905],[121.83685571479062,13.464033743156534],[121.8367769610817,13.464004612290775],[121.83666737325123,13.464113871824944],[121.83604243514424,13.463662995767963],[121.8358961653413,13.463840216127949],[121.8356063083739,13.463639779650002],[121.83555653995192,13.463694810941572],[121.8354211531069,13.463860726239659],[121.83482784798323,13.463391657941921],[121.83436160389611,13.464098388982869],[121.83460469363281,13.464323730519686]]]}},{"type":"Feature","properties":{"Id":0,"CLN":"8210","PSGC":"174001017","Barangay":"Buliasnin","Land_Class":"AGRICULTURAL","PIN":"030-01-018-16-036","Owner":"NARZOLES, LUZVIMINDA M.","TaxDecNo":"10977"},"geometry":{"type":"Polygon","coordinates":[[[121.83941422926405,13.462061840713215],[121.83927071730184,13.46179185368242],[121.83916181468174,13.461808432246901],[121.8390742629683,13.461442285441391],[121.83906294125303,13.4614482618853],[121.83904031258716,13.461244185594007],[121.83899617830019,13.461241972218717],[121.83896121877402,13.461050627918947],[121.83892153588948,13.46085487071033],[121.8389200022256,13.460675036218545],[121.83867937173201,13.460808268552151],[121.8387142837425,13.460930033870605],[121.83874314994895,13.46107878448863],[121.83877291080563,13.461271900388493],[121.83877652973456,13.461376889468934],[121.83884569714625,13.46157605081329],[121.83891472134842,13.461815455610843],[121.83895553060427,13.462019288874552],[121.83900662729191,13.462067997013817],[121.83919916457293,13.462165345656974],[121.83941422926405,13.462061840713215]]]}},{"type":"Feature","properties":{"Id":0,"CLN":"8209","PSGC":"174001017","Barangay":"Buliasnin","Land_Class":"AGRICULTURAL","PIN":"030-01-018-16-034","Owner":"MANGUERA, MARINA","TaxDecNo":"10975"},"geometry":{"type":"Polygon","coordinates":[[[121.83877652973456,13.461376889468896],[121.83877291080563,13.461271900388475],[121.83874314994895,13.46107878448863],[121.8387142837425,13.46093003387059],[121.83867937173201,13.460808268552134],[121.83809205036349,13.461075772348323],[121.83804214940811,13.461085154916343],[121.83799302195925,13.461106801173472],[121.83794855582494,13.461131829392238],[121.83792067758384,13.461138765984293],[121.83788325982867,13.461199153997345],[121.83783537841221,13.46129078346599],[121.83788790476531,13.461305157153262],[121.83801344645022,13.461362260976308],[121.83809520862337,13.461302077882898],[121.83820667782189,13.461283415365802],[121.83836755525351,13.461284158726963],[121.83877652973456,13.461376889468896]]]}},{"type":"Feature","properties":{"Id":0,"CLN":"8211","PSGC":"174001017","Barangay":"Buliasnin","Land_Class":"AGRICULTURAL","PIN":"030-01-018-16-039","Owner":"MONTANTE, CLAUDIO","TaxDecNo":"10980"},"geometry":{"type":"Polygon","coordinates":[[[121.83940041328214,13.461082067825433],[121.83937061131928,13.460971424714067],[121.8392864143959,13.460985521656598],[121.83896121877402,13.461050627918947],[121.83899617830019,13.461241972218717],[121.83904031258716,13.461244185594007],[121.83941841279477,13.46118162485892],[121.83942877083021,13.46116258171362],[121.83940041328214,13.461082067825433]]]}},{"type":"Feature","properties":{"Id":0,"CLN":"7564","PSGC":"174001017","Barangay":"Buliasnin","Land_Class":"AGRICULTURAL","PIN":"030-01-018-17-001","Owner":"RIEGO, PACITA","TaxDecNo":"10995"},"geometry":{"type":"Polygon","coordinates":[[[121.83456662697722,13.461050168755994],[121.83468286341166,13.461047356559257],[121.83472511852251,13.461047552405285],[121.83472089274535,13.460855877648436],[121.83468379072634,13.460855705688232],[121.83456758654683,13.460851871442907],[121.83456662697722,13.461050168755994]]]}},{"type":"Feature","properties":{"Id":0,"CLN":"7563","PSGC":"174001017","Barangay":"Buliasnin","Land_Class":"AGRICULTURAL","PIN":"030-01-018-17-002","Owner":"BUÑAG, CONSOLACION","TaxDecNo":"10996"},"geometry":{"type":"Polygon","coordinates":[[[121.83494306361453,13.460522015025749],[121.83469999576664,13.460488609830923],[121.83467937868494,13.460489522987872],[121.83460521683347,13.460481073174142],[121.83434499660183,13.460423209258696],[121.83456758654683,13.460851871442907],[121.83468379072634,13.460855705688232],[121.83472089274535,13.460855877648436],[121.83494306361453,13.460522015025749]]]}},{"type":"Feature","properties":{"Id":0,"CLN":"7561","PSGC":"174001017","Barangay":"Buliasnin","Land_Class":"AGRICULTURAL","PIN":"030-01-018-17-004","Owner":"ALCOBA, CLEMENTE","TaxDecNo":"10998"},"geometry":{"type":"Polygon","coordinates":[[[121.83469999576664,13.460488609830923],[121.83489209215567,13.459980100737614],[121.83467382753388,13.460074748729337],[121.83457943323396,13.460112678945501],[121.83460521683347,13.460481073174142],[121.83467937868494,13.460489522987872],[121.83469999576664,13.460488609830923]]]}},{"type":"Feature","properties":{"Id":0,"CLN":"7556","PSGC":"174001017","Barangay":"Buliasnin","Land_Class":"AGRICULTURAL","PIN":"030-01-018-17-009","Owner":"MADAMBA, REMEDIOS A.","TaxDecNo":"11003"},"geometry":{"type":"Polygon","coordinates":[[[121.83531486657388,13.460788020035364],[121.83529244189641,13.460736471862848],[121.83514398020218,13.460746879911243],[121.83515063832228,13.460861903877943],[121.8351734301054,13.461050638535644],[121.83529964080029,13.461213942903276],[121.83544310371072,13.461485114902915],[121.83525627057958,13.46165882900292],[121.83558308706404,13.461969273156289],[121.83584926379905,13.461478923324135],[121.83550260661166,13.461155629053463],[121.83544757308347,13.46105190848558],[121.8354108709862,13.46096902412789],[121.83534136492929,13.460849674193092],[121.83531486657388,13.460788020035364]]]}},{"type":"Feature","properties":{"Id":0,"CLN":"7554","PSGC":"174001017","Barangay":"Buliasnin","Land_Class":"AGRICULTURAL","PIN":"030-01-018-17-016","Owner":"NIEVA, MERCEDES","TaxDecNo":"11011"},"geometry":{"type":"Polygon","coordinates":[[[121.83596963159724,13.461055185335002],[121.83574794391554,13.460649665446317],[121.83529244189641,13.460736471862848],[121.83534136492929,13.460849674193092],[121.8354108709862,13.46096902412789],[121.83544757308347,13.46105190848558],[121.83550260661166,13.461155629053463],[121.83584926379905,13.461478923324135],[121.83599244456342,13.461106372124089],[121.83596963159724,13.461055185335002]]]}},{"type":"Feature","properties":{"Id":0,"CLN":"7551","PSGC":"174001017","Barangay":"Buliasnin","Land_Class":"AGRICULTURAL","PIN":"030-01-018-17-015","Owner":"MANGUERA, JUANA","TaxDecNo":"31266"},"geometry":{"type":"Polygon","coordinates":[[[121.83615182652963,13.460675744413896],[121.83592531923459,13.460414448160181],[121.83577910604458,13.46059937415311],[121.83574794391554,13.460649665446317],[121.83596963159724,13.461055185335002],[121.83599244456342,13.461106372124089],[121.83601394795485,13.461055390507651],[121.83615182652963,13.460675744413896]]]}},{"type":"Feature","properties":{"Id":0,"CLN":"7552","PSGC":"174001017","Barangay":"Buliasnin","Land_Class":null,"PIN":null},"geometry":{"type":"Polygon","coordinates":[[[121.83618161677587,13.46069605654861],[121.83615182652963,13.460675744413896],[121.83601394795485,13.461055390507651],[121.83599244456342,13.461106372124089],[121.83601867938864,13.461124527416429],[121.83605414186118,13.461055576587722],[121.83618161677587,13.46069605654861]]]}},{"type":"Feature","properties":{"Id":0,"CLN":"8101","PSGC":"174001017","Barangay":"Buliasnin","Land_Class":null,"PIN":null},"geometry":{"type":"Polygon","coordinates":[[[121.83620226472591,13.461015246571542],[121.8361830230079,13.46100174726301],[121.83618071987729,13.46106779910494],[121.83615391961519,13.461130814094922],[121.83617671536993,13.46114820247115],[121.8362083778859,13.46106567216569],[121.83620226472591,13.461015246571542]]]}},{"type":"Feature","properties":{"Id":0,"CLN":"8101","PSGC":"174001017","Barangay":"Buliasnin","Land_Class":"AGRICULTURAL","PIN":"030-01-018-17-020","Owner":"RIEGO, ARACELI","TaxDecNo":"11016"},"geometry":{"type":"Polygon","coordinates":[[[121.836263513049,13.46106573423943],[121.83620226472594,13.461015246571561],[121.8362083778859,13.461065672165708],[121.83617671536994,13.461148202471152],[121.83641678729418,13.461351415001063],[121.83646042717704,13.461260290835975],[121.83648303754413,13.46122995342962],[121.836263513049,13.46106573423943]]]}},{"type":"Feature","properties":{"Id":0,"CLN":"8102","PSGC":"174001017","Barangay":"Buliasnin","Land_Class":"AGRICULTURAL","PIN":"030-01-018-17-024","Owner":"RIEGO, PAQUITO","TaxDecNo":"11020"},"geometry":{"type":"Polygon","coordinates":[[[121.836493333768,13.461065952281603],[121.83621250693328,13.460893180508762],[121.83620226472594,13.461015246571561],[121.836263513049,13.46106573423943],[121.83648303754413,13.46122995342962],[121.83655785800494,13.461122906903633],[121.836493333768,13.461065952281603]]]}},{"type":"Feature","properties":{"Id":0,"CLN":"8105","PSGC":"174001017","Barangay":"Buliasnin","Land_Class":"AGRICULTURAL","PIN":"030-01-018-17-025","Owner":"RIEGO, HRS. OF ESTRELLA","TaxDecNo":"11021"},"geometry":{"type":"Polygon","coordinates":[[[121.83629917738509,13.460797888033683],[121.8362632013864,13.460772771659498],[121.83621250693328,13.460893180508762],[121.836493333768,13.461065952281603],[121.83655785800494,13.461122906903633],[121.83659873839581,13.46106644004422],[121.83662665719032,13.461026446660751],[121.83629917738509,13.460797888033683]]]}},{"type":"Feature","properties":{"Id":0,"CLN":"8106","PSGC":"174001017","Barangay":"Buliasnin","Land_Class":"AGRICULTURAL","PIN":"030-01-018-17-023","Owner":"RIEGO, PAQUITO L.","TaxDecNo":"11019"},"geometry":{"type":"Polygon","coordinates":[[[121.8372445432888,13.461340869188044],[121.83681092577844,13.461110404894773],[121.83672934337456,13.461067044360814],[121.83662665719032,13.461026446660751],[121.83659873839581,13.46106644004422],[121.83655785800494,13.461122906903633],[121.83648303754413,13.46122995342962],[121.83646042717704,13.461260290835975],[121.83669210071794,13.461413573129168],[121.83675401056732,13.46129631945648],[121.83720318122236,13.46149711620984],[121.8372445432888,13.461340869188044]]]}},{"type":"Feature","properties":{"Id":0,"CLN":"8108","PSGC":"174001017","Barangay":"Buliasnin","Land_Class":"AGRICULTURAL","PIN":"030-01-018-17-041","Owner":"MANGUERA, ELEUTERIO","TaxDecNo":"11038"},"geometry":{"type":"Polygon","coordinates":[[[121.83716681672168,13.4610689793433],[121.83695895922456,13.460970496894271],[121.83693341580617,13.46101172074997],[121.83687893343578,13.460984450241169],[121.83681092577844,13.461110404894773],[121.8372445432888,13.461340869188044],[121.83731830438045,13.461188065697721],[121.83716681672168,13.4610689793433]]]}},{"type":"Feature","properties":{"Id":0,"CLN":"8117","PSGC":"174001017","Barangay":"Buliasnin","Land_Class":"AGRICULTURAL","PIN":"030-01-018-17-042","Owner":"MAGALANG, LEON","TaxDecNo":"11039"},"geometry":{"type":"Polygon","coordinates":[[[121.83752280670025,13.460934179930314],[121.83738688094579,13.460807938491563],[121.83716681672168,13.4610689793433],[121.83731830438045,13.461188065697721],[121.8374755483767,13.46106927957171],[121.83756075835599,13.460991816640076],[121.83752280670025,13.460934179930314]]]}},{"type":"Feature","properties":{"Id":0,"CLN":"8206","PSGC":"174001017","Barangay":"Buliasnin","Land_Class":"AGRICULTURAL","PIN":"030-01-018-17-089","Owner":"MAGALANG, NESTOR","TaxDecNo":"11088"},"geometry":{"type":"Polygon","coordinates":[[[121.83867542396794,13.460777515224724],[121.8388857322837,13.460668153338935],[121.8389217401546,13.460654276399556],[121.83902101391757,13.460596869190281],[121.83885419708157,13.460185575189891],[121.83861594155158,13.460382237551391],[121.83845926598319,13.460584088310377],[121.83854198984578,13.460700729287076],[121.8386417999906,13.460671791552722],[121.83867542396794,13.460777515224724]]]}},{"type":"Feature","properties":{"Id":0,"CLN":"8205","PSGC":"174001017","Barangay":"Buliasnin","Land_Class":"AGRICULTURAL","PIN":"030-01-018-17-088","Owner":"PAMFILO HINTAY & HRS. OF VALENTIN HINTAY","TaxDecNo":"11087"},"geometry":{"type":"Polygon","coordinates":[[[121.83973186947104,13.460219288531185],[121.8393948390833,13.459751482033731],[121.83892090415672,13.460147605149512],[121.83892090350399,13.460147232137857],[121.83885419708157,13.460185575189891],[121.83902101391757,13.460596869190281],[121.83973038019995,13.460240967754523],[121.83973186947104,13.460219288531185]]]}},{"type":"Feature","properties":{"Id":0,"CLN":"8154","PSGC":"174001017","Barangay":"Buliasnin","Land_Class":"AGRICULTURAL","PIN":"030-01-018-18-042","Owner":"MONTEJO, CRISTOPHER","TaxDecNo":"01-25811"},"geometry":{"type":"Polygon","coordinates":[[[121.83851470533259,13.459549563295363],[121.8384529955618,13.459605403190713],[121.83855762215369,13.459710118547934],[121.8384794899035,13.459773900439302],[121.8387970002285,13.460203148377698],[121.8389208447528,13.460117945888573],[121.83892087297828,13.46011792810452],[121.8389861721868,13.460068109850774],[121.83851470533259,13.459549563295363]]]}},{"type":"Feature","properties":{"Id":0,"CLN":"8185","PSGC":"174001017","Barangay":"Buliasnin","Land_Class":"AGRICULTURAL","PIN":"030-01-018-17-087","Owner":"MANGUERA, ELEUTERIO","TaxDecNo":"11086"},"geometry":{"type":"Polygon","coordinates":[[[121.8389861721868,13.460068109850774],[121.83917998584184,13.45979386241318],[121.83891602955396,13.459537179871344],[121.83868309052883,13.459290525039869],[121.83831296304743,13.458915221147732],[121.83825051969434,13.458840099392997],[121.8381394784331,13.458933127938208],[121.83803928866499,13.459040905962574],[121.83830268311392,13.459348137576024],[121.83851470533259,13.459549563295363],[121.8389861721868,13.460068109850774]]]}},{"type":"Feature","properties":{"Id":0,"CLN":"8195","PSGC":"174001017","Barangay":"Buliasnin","Land_Class":"RESIDENTIAL","PIN":null,"Owner":"OSICOS, FEDERICO M.","TaxDecNo":"11271"},"geometry":{"type":"Polygon","coordinates":[[[121.8388480974352,13.457745204535668],[121.83888193401566,13.457778507458753],[121.83891976869117,13.457755523631457],[121.83903370019226,13.457644736436336],[121.8390154644617,13.457618012834232],[121.8388480974352,13.457745204535668]]]}},{"type":"Feature","properties":{"Id":0,"CLN":"8191","PSGC":"174001017","Barangay":"Buliasnin","Land_Class":"RESIDENTIAL","PIN":"030-01-018-18-041","Owner":"NARZOLES, PANTALEON","TaxDecNo":"11184"},"geometry":{"type":"Polygon","coordinates":[[[121.83900947954193,13.458105626087653],[121.83910840066652,13.457981387719453],[121.83904497461434,13.457924168915637],[121.83888193401566,13.457778507458753],[121.83869344179263,13.457875994173948],[121.83900947954193,13.458105626087653]]]}},{"type":"Feature","properties":{"Id":0,"CLN":"8186","PSGC":"174001017","Barangay":"Buliasnin","Land_Class":"AGRICULTURAL","PIN":"030-01-018-18-060","Owner":"MARIPOSQUE, ANDREA","TaxDecNo":"11210"},"geometry":{"type":"Polygon","coordinates":[[[121.83917998584184,13.45979386241318],[121.83947500046557,13.459497040412078],[121.83894837841859,13.459002606091104],[121.83892605834062,13.45903638755037],[121.838926056863,13.459036461337021],[121.838894861492,13.459055293542278],[121.83868309052883,13.459290525039847],[121.8389160224601,13.459537238106336],[121.8389160265968,13.45953717981411],[121.83917998584184,13.45979386241318]]]}},{"type":"Feature","properties":{"Id":0,"CLN":"8184","PSGC":"174001017","Barangay":"Buliasnin","Land_Class":"AGRICULTURAL","PIN":"030-01-018-18-042","Owner":"MONTEJO, CRISTOPHER","TaxDecNo":"01-25811"},"geometry":{"type":"Polygon","coordinates":[[[121.83848465133387,13.45870354120466],[121.838894861492,13.459055293542278],[121.83892605834062,13.45903638755037],[121.83894837841859,13.459002606091104],[121.83902367352182,13.458895878656909],[121.83913106706785,13.458737794906064],[121.83925387607758,13.458541831587763],[121.83937658039544,13.458367553804425],[121.83900947954193,13.458105626087638],[121.83869344179263,13.457875994173959],[121.83862082941071,13.45792777487921],[121.83868464442176,13.458001566563517],[121.83851269268649,13.45826803414084],[121.83865557314527,13.458367580876857],[121.8385499032876,13.458479342761969],[121.83845241873765,13.458592478712113],[121.83852038776782,13.458654262855262],[121.83848465133387,13.45870354120466]]]}},{"type":"Feature","properties":{"Id":0,"CLN":"8049","PSGC":"174001017","Barangay":"Buliasnin","Land_Class":"AGRICULTURAL","PIN":"030-01-018-13-032","Owner":"MADLA, ROBERTO M.","TaxDecNo":"01-36807"},"geometry":{"type":"Polygon","coordinates":[[[121.83703128767851,13.466257358179961],[121.8375297861364,13.466122850940978],[121.83748443063082,13.46586581596804],[121.83705006612587,13.465923812397083],[121.83692855930865,13.465692827585347],[121.8368654231613,13.465562922725846],[121.83686071549893,13.465522096944852],[121.83695169761906,13.465472113028191],[121.83688348278801,13.465378188200221],[121.83683708443544,13.465337169489402],[121.83676376775955,13.46528402501951],[121.83672470342925,13.465247840702194],[121.83635525524706,13.464946976461297],[121.8360376140069,13.465217230161477],[121.83604288041451,13.46525668537499],[121.83610814353727,13.46545380681848],[121.83623934299631,13.465708839186242],[121.8364630678963,13.465594663716923],[121.83660165980255,13.465842529445364],[121.83660148582214,13.465878532161618],[121.83667426911646,13.466042085019687],[121.83622936364172,13.466251245967923],[121.83616852932415,13.46615255466191],[121.8361662625755,13.46611414041519],[121.8361836266328,13.466073416836396],[121.83623517345018,13.466064054583937],[121.83615740444043,13.465917280175315],[121.83609644258587,13.465844990845726],[121.83587260927852,13.465474318136954],[121.83584125042204,13.4653661623511],[121.8355361205323,13.465578369724945],[121.83586474497265,13.466086341438686],[121.83592796191198,13.466199445248513],[121.83598633212854,13.466300525427828],[121.83610530462553,13.466548300542462],[121.83613706985241,13.466572449988774],[121.83703128767851,13.466257358179961]]]}},{"type":"Feature","properties":{"Id":0,"CLN":"7803","PSGC":"174001017","Barangay":"Buliasnin","Land_Class":"AGRICULTURAL","PIN":"030-01-018-07-018","Owner":"JANDA, ERNESTO","TaxDecNo":"10455"},"geometry":{"type":"Polygon","coordinates":[[[121.83500568401546,13.469768099984647],[121.83510189564926,13.469810906649789],[121.83549509899541,13.469991141682971],[121.83553836886416,13.469919341672261],[121.83564086414222,13.469698929177824],[121.83512095367293,13.46945876331983],[121.83500568401546,13.469768099984647]]]}},{"type":"Feature","properties":{"Id":0,"CLN":"7801","PSGC":"174001017","Barangay":"Buliasnin","Land_Class":"AGRICULTURAL","PIN":"030-01-018-07-019","Owner":"FABILA, EDNA MOGOL , FORMENTO, VIVIAN M. & MAGYANI, GRETA MOGOL","TaxDecNo":"10456"},"geometry":{"type":"Polygon","coordinates":[[[121.83549509899541,13.469991141682971],[121.8351018956492,13.469810906649732],[121.83502249345155,13.469975566179164],[121.83543340743721,13.470132346507185],[121.83549509899541,13.469991141682971]]]}},{"type":"Feature","properties":{"Id":0,"CLN":"7764","PSGC":"174001017","Barangay":"Buliasnin","Land_Class":"AGRICULTURAL","PIN":"030-01-018-07-036","Owner":"MOGOL, JOCELYN L.","TaxDecNo":"10468"},"geometry":{"type":"Polygon","coordinates":[[[121.83536247463591,13.470328376163005],[121.83493784568972,13.470183822254594],[121.83488677865934,13.470337825423236],[121.83481351691871,13.47057124973787],[121.8352018989466,13.470699222796856],[121.83523514450081,13.470633464215222],[121.8353218987525,13.470461867030608],[121.8353121421861,13.470431779251756],[121.83536247463591,13.470328376163005]]]}},{"type":"Feature","properties":{"Id":0,"CLN":"7765","PSGC":"174001017","Barangay":"Buliasnin","Land_Class":"AGRICULTURAL","PIN":"030-01-018-07-014","Owner":"FERNANDEZ, JOVITA N.","TaxDecNo":"10451"},"geometry":{"type":"Polygon","coordinates":[[[121.83515471214854,13.470794910484644],[121.83549162110499,13.471019296802789],[121.83550345682147,13.470998677214101],[121.83595030409555,13.4713016759605],[121.83602928998387,13.471192082545853],[121.8355971163115,13.470873179503988],[121.83555131402929,13.470925299424497],[121.83523514450081,13.470633464215204],[121.8352018989466,13.470699222796856],[121.83515471214854,13.470794910484644]]]}},{"type":"Feature","properties":{"Id":0,"CLN":"7797","PSGC":"174001017","Barangay":"Buliasnin","Land_Class":"AGRICULTURAL","PIN":"030-01-018-07-007","Owner":"MADLA, ENRIQUE","TaxDecNo":"10445"},"geometry":{"type":"Polygon","coordinates":[[[121.83572564776568,13.471647506259972],[121.83585092417923,13.471466611077236],[121.83538508844406,13.47120717017592],[121.83527136965672,13.471424873259526],[121.83572564776568,13.471647506259972]]]}},{"type":"Feature","properties":{"Id":0,"CLN":"7799","PSGC":"174001017","Barangay":"Buliasnin","Land_Class":"AGRICULTURAL","PIN":"030-01-018-07-013","Owner":"FERNANDEZ, JOVITA N.","TaxDecNo":"10452"},"geometry":{"type":"Polygon","coordinates":[[[121.83523514450081,13.470633464215204],[121.83555131402929,13.470925299424497],[121.8355971163115,13.470873179503988],[121.83602928998387,13.471192082545853],[121.8361054867283,13.471054605875986],[121.83576887366114,13.47078726918304],[121.83568980238721,13.47073868672954],[121.8353121421861,13.470431779251737],[121.8353218987525,13.470461867030608],[121.83523514450081,13.470633464215204]]]}},{"type":"Feature","properties":{"Id":0,"CLN":"7798","PSGC":"174001017","Barangay":"Buliasnin","Land_Class":"AGRICULTURAL","PIN":"030-01-018-07-012","Owner":"MADLA, GUMERSINDO","TaxDecNo":"10450"},"geometry":{"type":"Polygon","coordinates":[[[121.8361054867283,13.471054605875986],[121.83623900106126,13.470914379645558],[121.83609002946315,13.470777582789127],[121.83611140362831,13.470725995677403],[121.83590955508889,13.470602736745935],[121.83576887366114,13.47078726918304],[121.8361054867283,13.471054605875986]]]}},{"type":"Feature","properties":{"Id":0,"CLN":"7800","PSGC":"174001017","Barangay":"Buliasnin","Land_Class":"AGRICULTURAL","PIN":"030-01-018-07-011","Owner":"MADLA, ENRIQUE","TaxDecNo":"10449"},"geometry":{"type":"Polygon","coordinates":[[[121.8353121421861,13.470431779251737],[121.83568980238721,13.47073868672954],[121.83576887366114,13.47078726918304],[121.83590955508889,13.470602736745935],[121.83611140362831,13.470725995677403],[121.83609002946315,13.470777582789127],[121.83623900106126,13.470914379645558],[121.83630997327259,13.470799276017829],[121.83635776930656,13.470744365512488],[121.83635961295984,13.470727145341328],[121.83611982813015,13.470440038139351],[121.83597190059703,13.470451412961278],[121.83582443975828,13.470366309096965],[121.83541615886553,13.470218087050524],[121.8353121421861,13.470431779251737]]]}},{"type":"Feature","properties":{"Id":0,"CLN":"7807","PSGC":"174001017","Barangay":"Buliasnin","Land_Class":"AGRICULTURAL","PIN":"030-01-018-07-020","Owner":"NARANJO, ERIBERTO","TaxDecNo":"10457"},"geometry":{"type":"Polygon","coordinates":[[[121.83541615886553,13.470218087050524],[121.83582443975828,13.470366309096965],[121.83590834272114,13.470125495924586],[121.83604508913338,13.469878036016702],[121.83564086414222,13.469698929177824],[121.83553836886416,13.469919341672261],[121.83549509899541,13.469991141682971],[121.83543340743721,13.470132346507185],[121.83541615886553,13.470218087050524]]]}},{"type":"Feature","properties":{"Id":0,"CLN":"7808","PSGC":"174001017","Barangay":"Buliasnin","Land_Class":"AGRICULTURAL","PIN":"030-01-018-07-021","Owner":"MOGOL, JOSELITO L.","TaxDecNo":"01-27016"},"geometry":{"type":"Polygon","coordinates":[[[121.83582443975828,13.470366309096965],[121.83597190059703,13.470451412961278],[121.83611982813015,13.470440038139351],[121.8362242026502,13.469970177827316],[121.83604508913338,13.469878036016702],[121.83590834272114,13.470125495924586],[121.83582443975828,13.470366309096965]]]}},{"type":"Feature","properties":{"Id":0,"CLN":"7767","PSGC":"174001017","Barangay":"Buliasnin","Land_Class":"AGRICULTURAL","PIN":"030-01-018-07-008","Owner":"MANAY, LINO","TaxDecNo":"10446"},"geometry":{"type":"Polygon","coordinates":[[[121.83567975638289,13.472400187966759],[121.83609824893058,13.472257406021868],[121.83651105678676,13.47209759051337],[121.8364298248437,13.471967998988108],[121.83628934336481,13.471804537026367],[121.83613268927239,13.471982128479176],[121.83571603691816,13.471693404934923],[121.83563831447259,13.471748176595298],[121.83559809070591,13.471814607829856],[121.83557648844902,13.471913285611315],[121.83546985812453,13.472121258683371],[121.83567975638289,13.472400187966759]]]}},{"type":"Feature","properties":{"Id":0,"CLN":"7794","PSGC":"174001017","Barangay":"Buliasnin","Land_Class":"AGRICULTURAL","PIN":"030-01-018-07-009","Owner":"JANDUSAY, FLORENDO M.","TaxDecNo":"32451"},"geometry":{"type":"Polygon","coordinates":[[[121.83651105678676,13.47209759051337],[121.83661562719399,13.472066440950313],[121.83681492959117,13.472011155121635],[121.83669347501417,13.471735364122273],[121.83652916637025,13.471496177068792],[121.83629701573071,13.471791651033326],[121.83628934336481,13.471804537026367],[121.8364298248437,13.471967998988108],[121.83651105678676,13.47209759051337]]]}},{"type":"Feature","properties":{"Id":0,"CLN":"7795","PSGC":"174001017","Barangay":"Buliasnin","Land_Class":"AGRICULTURAL","PIN":"030-01-018-07-010","Owner":"MONTES, JASMINE NIÑA","TaxDecNo":"10448"},"geometry":{"type":"Polygon","coordinates":[[[121.83681492959117,13.472011155121635],[121.83694775465982,13.471970421150619],[121.83676479796377,13.471512151838358],[121.83667253898408,13.47134212954534],[121.8367699251783,13.471270865942047],[121.83630997327259,13.470799276017829],[121.83628288650301,13.470843205699184],[121.83626752487747,13.47086811937756],[121.83623900106126,13.470914379645558],[121.83659177221685,13.471245466211556],[121.83651804300665,13.471339128940087],[121.83658799109764,13.471413105588992],[121.83652916637025,13.471496177068792],[121.83669347501417,13.471735364122273],[121.83681492959117,13.472011155121635]]]}},{"type":"Feature","properties":{"Id":0,"CLN":"7810","PSGC":"174001017","Barangay":"Buliasnin","Land_Class":"AGRICULTURAL","PIN":"030-01-018-06-011","Owner":"DR. SULIT, HECTOR , SULIT, SILVESTRE  (1/4) SHARE EACH VDA DE. SULIT, LOURDES , SULIT, SIXTO RAYMUND , SULIT, MARIA ROSALIE , SULIT, RENATO & SULIT, RONALD (1/10) SHARES EACH","TaxDecNo":"10417"},"geometry":{"type":"Polygon","coordinates":[[[121.83611982813015,13.470440038139351],[121.83635961295984,13.470727145341328],[121.83635776930656,13.470744365512488],[121.83630997327259,13.470799276017829],[121.8367699251783,13.471270865942047],[121.83667253898408,13.47134212954534],[121.83676479796377,13.471512151838358],[121.83742336721444,13.471254722533775],[121.83741195334451,13.471188052021011],[121.83752477135067,13.47115641376884],[121.83749055186982,13.470951808014568],[121.837929854643,13.470873439559146],[121.83785493245033,13.470424428490748],[121.83783126009371,13.470390005134353],[121.83753213514423,13.470353445794649],[121.83710159949094,13.470309961344464],[121.83683656436656,13.470238958268036],[121.8362242026502,13.469970177827316],[121.83611982813015,13.470440038139351]]]}},{"type":"Feature","properties":{"Id":0,"CLN":"7796","PSGC":"174001017","Barangay":"Buliasnin","Land_Class":"AGRICULTURAL","PIN":"030-01-018-06-010","Owner":"NAVARROSO, GUADALUPE N.","TaxDecNo":"10416"},"geometry":{"type":"Polygon","coordinates":[[[121.83752477135067,13.47115641376884],[121.83741195334451,13.471188052021011],[121.83742336721444,13.471254722533775],[121.83676479796377,13.471512151838358],[121.83694775465982,13.471970421150619],[121.83704016057581,13.47195099864501],[121.83747898769012,13.47185876245359],[121.8374843686427,13.471838112895174],[121.83790791626404,13.471984793603342],[121.83802191037641,13.471709661387468],[121.83753335477377,13.471536837048625],[121.83753418701122,13.471364553747025],[121.83752477135067,13.47115641376884]]]}},{"type":"Feature","properties":{"Id":0,"CLN":"7813","PSGC":"174001017","Barangay":"Buliasnin","Land_Class":"AGRICULTURAL","PIN":"030-01-018-06-009","Owner":"MONTEVIRGEN, CIPRIANO","TaxDecNo":"10415"},"geometry":{"type":"Polygon","coordinates":[[[121.83802191037641,13.471709661387468],[121.8379779483742,13.471164282501341],[121.837929854643,13.470873439559146],[121.83749055186982,13.470951808014568],[121.83752477135067,13.47115641376884],[121.83753418701122,13.471364553747025],[121.83753335477377,13.471536837048625],[121.83802191037641,13.471709661387468]]]}},{"type":"Feature","properties":{"Id":0,"CLN":"7814","PSGC":"174001017","Barangay":"Buliasnin","Land_Class":"AGRICULTURAL","PIN":"030-01-018-13-006","Owner":"MARIQUINA, SALVACION","TaxDecNo":"10783"},"geometry":{"type":"Polygon","coordinates":[[[121.83802191037641,13.471709661387468],[121.83837940171999,13.471709613301014],[121.8384630420105,13.471158106665621],[121.83812507893666,13.47115137538533],[121.8379779483742,13.471164282501341],[121.83802191037641,13.471709661387468]]]}},{"type":"Feature","properties":{"Id":0,"CLN":"7819","PSGC":"174001017","Barangay":"Buliasnin","Land_Class":"AGRICULTURAL","PIN":"030-01-018-06-006","Owner":"MADLA, ELBERTO M.","TaxDecNo":"10412"},"geometry":{"type":"Polygon","coordinates":[[[121.8384630420105,13.471158106665621],[121.83837940171999,13.471709613301014],[121.83866260390221,13.471709988248497],[121.83874584320057,13.47169745146568],[121.83875565724928,13.471209392246514],[121.8384630420105,13.471158106665621]]]}},{"type":"Feature","properties":{"Id":0,"CLN":"7816","PSGC":"174001017","Barangay":"Buliasnin","Land_Class":"AGRICULTURAL","PIN":"030-01-018-06-007","Owner":"PINEDA, MARIA V","TaxDecNo":"10413"},"geometry":{"type":"Polygon","coordinates":[[[121.83790791626404,13.471984793603342],[121.83819537353118,13.472187137583173],[121.83823263225288,13.472127009369403],[121.8386338865817,13.472151261916167],[121.83869230278763,13.472084339941087],[121.83866260390221,13.471709988248497],[121.83837940171999,13.471709613301014],[121.83802191037641,13.471709661387468],[121.83790791626404,13.471984793603342]]]}},{"type":"Feature","properties":{"Id":0,"CLN":"7791","PSGC":"174001017","Barangay":"Buliasnin","Land_Class":"AGRICULTURAL","PIN":"030-01-018-02-030","Owner":"MONTEJO, CRISTOPHER","TaxDecNo":"10251"},"geometry":{"type":"Polygon","coordinates":[[[121.83841285169126,13.472355261789927],[121.83819537353118,13.472187137583173],[121.83790791626404,13.471984793603342],[121.83769469019535,13.472338157242332],[121.8377628533781,13.472440122012783],[121.83835013279672,13.472584113745178],[121.83839625990849,13.472510243542919],[121.83841285169126,13.472355261789927]]]}},{"type":"Feature","properties":{"Id":0,"CLN":"7815","PSGC":"174001017","Barangay":"Buliasnin","Land_Class":"AGRICULTURAL","PIN":"030-01-018-02-031","Owner":"LACOSTA, CLODOVEO","TaxDecNo":"10252"},"geometry":{"type":"Polygon","coordinates":[[[121.83769469019535,13.472338157242332],[121.83790791626404,13.471984793603342],[121.8374843686427,13.471838112895174],[121.83747898769012,13.47185876245359],[121.83754899624563,13.472251339570622],[121.83769469019535,13.472338157242332]]]}},{"type":"Feature","properties":{"Id":0,"CLN":"7788","PSGC":"174001017","Barangay":"Buliasnin","Land_Class":"AGRICULTURAL","PIN":"030-01-018-02-022","Owner":"LACOSTA, LUIS","TaxDecNo":"10243"},"geometry":{"type":"Polygon","coordinates":[[[121.83766521782704,13.472608511706204],[121.83769791195381,13.472896119467153],[121.83772263190016,13.473113578674042],[121.83806783049533,13.473080718124471],[121.83831996241905,13.472999186335677],[121.83834585224601,13.473106124104943],[121.838636080246,13.473155706418957],[121.83868252337557,13.473016368495799],[121.83868635177085,13.472952639931203],[121.83851580401713,13.472908779671588],[121.83835013279672,13.472584113745178],[121.8377628533781,13.472440122012783],[121.83766521782704,13.472608511706204]]]}},{"type":"Feature","properties":{"Id":0,"CLN":"7793","PSGC":"174001017","Barangay":"Buliasnin","Land_Class":"AGRICULTURAL","PIN":"030-01-018-02-040","Owner":"MOGOL, GILBERTO M","TaxDecNo":"10260"},"geometry":{"type":"Polygon","coordinates":[[[121.83708564673036,13.472258901822864],[121.83672877648048,13.472319613976914],[121.83681949367396,13.472693212450432],[121.83714499124756,13.472660613649728],[121.83708564673036,13.472258901822864]]]}},{"type":"Feature","properties":{"Id":0,"CLN":"7783","PSGC":"174001017","Barangay":"Buliasnin","Land_Class":"AGRICULTURAL","PIN":"030-01-018-02-015","Owner":"MENDOZA, VICENTE","TaxDecNo":"10236"},"geometry":{"type":"Polygon","coordinates":[[[121.83806783049533,13.473080718124471],[121.83772263190016,13.473113578674042],[121.83758768574981,13.473127265114181],[121.837600486412,13.473267474797717],[121.83761498772931,13.473404394691864],[121.83787456942953,13.473377565599119],[121.83796902502172,13.473354918940572],[121.83797102028954,13.473290623838004],[121.83810268289868,13.47323847030856],[121.83806783049533,13.473080718124471]]]}},{"type":"Feature","properties":{"Id":0,"CLN":"7787","PSGC":"174001017","Barangay":"Buliasnin","Land_Class":"AGRICULTURAL","PIN":"030-01-018-02-021","Owner":"JANDA, GODOFREDO","TaxDecNo":"10242"},"geometry":{"type":"Polygon","coordinates":[[[121.83772263190016,13.473113578674042],[121.83769791195381,13.472896119467118],[121.83737140408407,13.47293228259067],[121.83740233531421,13.47313300270529],[121.83758768574981,13.473127265114181],[121.83772263190016,13.473113578674042]]]}},{"type":"Feature","properties":{"Id":0,"CLN":"7786","PSGC":"174001017","Barangay":"Buliasnin","Land_Class":"AGRICULTURAL","PIN":"030-01-018-02-020","Owner":"JANDA, FRANCISCA","TaxDecNo":"10241"},"geometry":{"type":"Polygon","coordinates":[[[121.83737140408407,13.47293228259067],[121.83706317974695,13.47297012447327],[121.83708650063156,13.473164929618314],[121.83740233531421,13.47313300270529],[121.83737140408407,13.47293228259067]]]}},{"type":"Feature","properties":{"Id":0,"CLN":"7768","PSGC":"174001017","Barangay":"Buliasnin","Land_Class":"AGRICULTURAL","PIN":"030-01-018-02-018","Owner":"JANDA, GODOFREDO","TaxDecNo":"10239"},"geometry":{"type":"Polygon","coordinates":[[[121.83684375426594,13.472999090864208],[121.83687924593754,13.473455156265157],[121.83698891232743,13.473454465557491],[121.83696460335194,13.473190025193492],[121.83707665610568,13.47316695636031],[121.83708650063156,13.473164929618314],[121.83706317974695,13.47297012447327],[121.83684375426594,13.472999090864208]]]}},{"type":"Feature","properties":{"Id":0,"CLN":"7785","PSGC":"174001017","Barangay":"Buliasnin","Land_Class":"AGRICULTURAL","PIN":"030-01-018-02-019","Owner":"JANDA, GODOFREDO","TaxDecNo":"10240"},"geometry":{"type":"Polygon","coordinates":[[[121.83758768574981,13.473127265114181],[121.83740233531421,13.47313300270529],[121.83708650063156,13.473164929618314],[121.83707665610568,13.47316695636031],[121.83710138084902,13.473321431113735],[121.837600486412,13.473267474797717],[121.83758768574981,13.473127265114181]]]}},{"type":"Feature","properties":{"Id":0,"CLN":"7771","PSGC":"174001017","Barangay":"Buliasnin","Land_Class":"AGRICULTURAL","PIN":"030-01-018-02-016","Owner":"MADLA, ROBERTO M. & MADLA, ELVIRA T.","TaxDecNo":"10237"},"geometry":{"type":"Polygon","coordinates":[[[121.8376309507443,13.473587488555616],[121.83761498772931,13.473404394691864],[121.837600486412,13.473267474797717],[121.83710138084902,13.473321431113735],[121.837130414797,13.473588675745356],[121.8376309507443,13.473587488555616]]]}},{"type":"Feature","properties":{"Id":0,"CLN":"7844","PSGC":"174001017","Barangay":"Buliasnin","Land_Class":"AGRICULTURAL","PIN":"030-01-018-06-012","Owner":"DR. SULIT, HECTOR , SULIT, SILVESTRE  (1/4) SHARE EACH VDA DE. SULIT, LOURDES , SULIT, SIXTO RAYMUND , SULIT, MARIA ROSALIE , SULIT, RENATO & SULIT, RONALD (1/10) SHARES EACH","TaxDecNo":"10418"},"geometry":{"type":"Polygon","coordinates":[[[121.83604798838266,13.469732044244612],[121.83645398182695,13.469919804254703],[121.83667970385439,13.470029826682307],[121.83700378855099,13.470131029558656],[121.83700078535409,13.47011609742893],[121.83687636784842,13.469534542681561],[121.83658973556378,13.469527419061684],[121.8361684630502,13.469437358923141],[121.83609143874016,13.46940213630538],[121.83605980860345,13.46955588045392],[121.83604798838266,13.469732044244612]]]}},{"type":"Feature","properties":{"Id":0,"CLN":"7839","PSGC":"174001017","Barangay":"Buliasnin","Land_Class":"AGRICULTURAL","PIN":"030-01-018-06-017","Owner":"DR. SULIT, HECTOR & SULIT, SILVESTRE","TaxDecNo":"10423"},"geometry":{"type":"Polygon","coordinates":[[[121.83741838329539,13.470207772098712],[121.83778935580632,13.470248132736414],[121.83778483407707,13.470203284273945],[121.83741838329539,13.470207772098712]]]}},{"type":"Feature","properties":{"Id":0,"CLN":"7837","PSGC":"174001017","Barangay":"Buliasnin","Land_Class":"AGRICULTURAL","PIN":"030-01-018-06-018","Owner":"MARQUEZ, EUSEBIA","TaxDecNo":"10424"},"geometry":{"type":"Polygon","coordinates":[[[121.83782726155486,13.46940671806382],[121.83791761111245,13.469854552666517],[121.83775301031334,13.469924897122736],[121.83778483407707,13.470203284273953],[121.83778935580632,13.470248132736458],[121.83825910901261,13.470289041034341],[121.83816857001973,13.469849621533223],[121.83818754269984,13.46984558718556],[121.83813226899048,13.469610144379248],[121.83808436877382,13.46940610924234],[121.83782726155486,13.46940671806382]]]}},{"type":"Feature","properties":{"Id":0,"CLN":"7835","PSGC":"174001017","Barangay":"Buliasnin","Land_Class":"AGRICULTURAL","PIN":"030-01-018-06-036","Owner":"PARDILLA, JAIME B. & PARDILLA, ANA MARIE P.","TaxDecNo":"10439"},"geometry":{"type":"Polygon","coordinates":[[[121.83821311503958,13.4695974122835],[121.83834110790964,13.470296358451094],[121.8384296147411,13.470304256592485],[121.83835608150957,13.469831939155979],[121.83830885032145,13.46958233531075],[121.83821311503958,13.4695974122835]]]}},{"type":"Feature","properties":{"Id":0,"CLN":"7948","PSGC":"174001017","Barangay":"Buliasnin","Land_Class":"AGRICULTURAL","PIN":"030-01-018-06-024","Owner":"MONTANTE, CESAR","TaxDecNo":"10428"},"geometry":{"type":"Polygon","coordinates":[[[121.83835608150957,13.469831939155979],[121.83854787433444,13.46979984916589],[121.83847543227866,13.469537762581057],[121.83830885032143,13.469582335310715],[121.83835608150957,13.469831939155979]]]}},{"type":"Feature","properties":{"Id":0,"CLN":"7823","PSGC":"174001017","Barangay":"Buliasnin","Land_Class":"AGRICULTURAL","PIN":"030-01-018-06-020","Owner":"OSICOS, JUANA","TaxDecNo":"10425"},"geometry":{"type":"Polygon","coordinates":[[[121.83835608150957,13.469831939155979],[121.8384296147411,13.470304256592485],[121.8386042427263,13.470338040425258],[121.8385713445056,13.470173005385481],[121.8386831245668,13.47013848441476],[121.83866887080498,13.470037427709563],[121.83872171636484,13.469996451206315],[121.83868334837065,13.469778990671722],[121.83854787433444,13.46979984916589],[121.83835608150957,13.469831939155979]]]}},{"type":"Feature","properties":{"Id":0,"CLN":"7965","PSGC":"174001017","Barangay":"Buliasnin","Land_Class":"AGRICULTURAL","PIN":"030-01-018-06-001","Owner":"JANDUSAY, ENRIQUE","TaxDecNo":"10410"},"geometry":{"type":"Polygon","coordinates":[[[121.8394315149119,13.472072017223288],[121.8395428691899,13.47207661918364],[121.8393561253296,13.471171093877055],[121.83937953512152,13.471645474848767],[121.8394315149119,13.472072017223288]]]}},{"type":"Feature","properties":{"Id":0,"CLN":"7029","PSGC":"174001017","Barangay":"Buliasnin","Land_Class":"AGRICULTURAL","PIN":"030-01-018-05-039","Owner":"JANDUSAY, ANGELITA","TaxDecNo":"10386"},"geometry":{"type":"Polygon","coordinates":[[[121.83892167424747,13.47001798564687],[121.83899240643862,13.470378329107602],[121.83906472890405,13.470393196898568],[121.83918550587673,13.470368321083216],[121.83968415524494,13.470125369487048],[121.8395552710962,13.469906769973747],[121.83948396486686,13.469681169532558],[121.83935372321459,13.469744152555117],[121.83900975382026,13.46986064913495],[121.83896695569247,13.469882251808654],[121.83888882896444,13.469883540949011],[121.83892167424747,13.47001798564687]]]}},{"type":"Feature","properties":{"Id":0,"CLN":"7955","PSGC":"174001017","Barangay":"Buliasnin","Land_Class":"AGRICULTURAL","PIN":"030-01-018-05-048","Owner":"MURALLOS, BEATRIZ MARQUEZ","TaxDecNo":"10395"},"geometry":{"type":"Polygon","coordinates":[[[121.83934796288051,13.469398952476194],[121.83935713005656,13.469422611952005],[121.83948396486686,13.469681169532544],[121.8395552710962,13.469906769973713],[121.83968415524491,13.47012536948705],[121.83986258864846,13.470077142440436],[121.83999663037325,13.469996009674725],[121.83982043015254,13.469580987941425],[121.83971545794125,13.469407916485341],[121.83934796288051,13.469398952476194]]]}},{"type":"Feature","properties":{"Id":0,"CLN":"7828","PSGC":"174001017","Barangay":"Buliasnin","Land_Class":"AGRICULTURAL","PIN":"030-01-018-05-037","Owner":"JANDUSAY, POLICARPIO","TaxDecNo":"10385"},"geometry":{"type":"Polygon","coordinates":[[[121.8392142950609,13.470498398764137],[121.84012253215657,13.470100647587545],[121.84007718831309,13.469976448300473],[121.83999663037325,13.469996009674725],[121.83986258864846,13.470077142440436],[121.83968415524491,13.47012536948705],[121.8391855058767,13.470368321083173],[121.83906472890399,13.470393196898534],[121.8392142950609,13.470498398764137]]]}},{"type":"Feature","properties":{"Id":0,"CLN":"7825","PSGC":"174001017","Barangay":"Buliasnin","Land_Class":"AGRICULTURAL","PIN":"030-01-018-05-036","Owner":"JANDUSAY, ENRIQUE","TaxDecNo":"10384"},"geometry":{"type":"Polygon","coordinates":[[[121.83933614196222,13.470636576857192],[121.83955230225962,13.470559911277864],[121.83974084245311,13.47043679204304],[121.84018315045536,13.470233092538445],[121.84012253215657,13.470100647587545],[121.8392142950609,13.470498398764137],[121.83933614196222,13.470636576857192]]]}},{"type":"Feature","properties":{"Id":0,"CLN":"8015","PSGC":"174001017","Barangay":"Buliasnin","Land_Class":"AGRICULTURAL","PIN":"030-01-018-05-035","Owner":"LANDOY, DIOSDADO & LANDOY, ROSEMARIE M.","TaxDecNo":"10383"},"geometry":{"type":"Polygon","coordinates":[[[121.83983166132428,13.470657940777565],[121.84003803695133,13.470589404751362],[121.84024444530293,13.470514056061528],[121.84041184663297,13.470443977281793],[121.8403031917515,13.47016824530953],[121.84018315045536,13.470233092538445],[121.83974084245311,13.47043679204304],[121.83983166132428,13.470657940777565]]]}},{"type":"Feature","properties":{"Id":0,"CLN":"8014","PSGC":"174001017","Barangay":"Buliasnin","Land_Class":"AGRICULTURAL","PIN":"030-01-018-05-032","Owner":"MONTEVIRGEN, ELPIDIO FERDINAND M.","TaxDecNo":"10380"},"geometry":{"type":"Polygon","coordinates":[[[121.8398645807184,13.470760282302969],[121.83983166132428,13.470657940777565],[121.83974084245311,13.47043679204304],[121.83955230225962,13.470559911277864],[121.83967752445102,13.470864333090084],[121.83973600207581,13.470863240616142],[121.8398645807184,13.470760282302969]]]}},{"type":"Feature","properties":{"Id":0,"CLN":"7824","PSGC":"174001017","Barangay":"Buliasnin","Land_Class":"AGRICULTURAL","PIN":"030-01-018-05-031","Owner":"MARTINEZ, LEONOR","TaxDecNo":"10379"},"geometry":{"type":"Polygon","coordinates":[[[121.83946413509828,13.470943736610247],[121.83967190322456,13.470875207345177],[121.83967752445102,13.470864333090084],[121.83955230225962,13.470559911277864],[121.83933614196222,13.470636576857192],[121.83946413509828,13.470943736610247]]]}},{"type":"Feature","properties":{"Id":0,"CLN":"8013","PSGC":"174001017","Barangay":"Buliasnin","Land_Class":"AGRICULTURAL","PIN":"030-01-018-05-033","Owner":"MONTEVIRGEN, SILVESTRE","TaxDecNo":"10381"},"geometry":{"type":"Polygon","coordinates":[[[121.83993759716324,13.470920035095284],[121.84013280938673,13.470856897572498],[121.84003803695133,13.470589404751362],[121.83983166132428,13.470657940777565],[121.8398645807184,13.470760282302969],[121.83993759716324,13.470920035095284]]]}},{"type":"Feature","properties":{"Id":0,"CLN":"8012","PSGC":"174001017","Barangay":"Buliasnin","Land_Class":"AGRICULTURAL","PIN":"030-01-018-05-034","Owner":"LOGDAT, CONCEPCION","TaxDecNo":"10382"},"geometry":{"type":"Polygon","coordinates":[[[121.84013280938673,13.470856897572498],[121.8403587739553,13.47076801381099],[121.84024444530293,13.470514056061528],[121.84003803695133,13.470589404751362],[121.84013280938673,13.470856897572498]]]}},{"type":"Feature","properties":{"Id":0,"CLN":"8016","PSGC":"174001017","Barangay":"Buliasnin","Land_Class":"AGRICULTURAL","PIN":"030-01-018-05-026","Owner":"MAAS, PABLO","TaxDecNo":"10375"},"geometry":{"type":"Polygon","coordinates":[[[121.84041184663297,13.470443977281793],[121.84057539102695,13.470366395095535],[121.84047642423569,13.470102516458985],[121.8403031917515,13.47016824530953],[121.84041184663297,13.470443977281793]]]}},{"type":"Feature","properties":{"Id":0,"CLN":"8017","PSGC":"174001017","Barangay":"Buliasnin","Land_Class":"AGRICULTURAL","PIN":"030-01-018-05-025","Owner":"MANRIQUE, JOSWEY","TaxDecNo":"10374"},"geometry":{"type":"Polygon","coordinates":[[[121.84057539102695,13.470366395095535],[121.84073726726525,13.470287207071802],[121.84063080543352,13.470037827528804],[121.84047642423569,13.470102516458985],[121.84057539102695,13.470366395095535]]]}},{"type":"Feature","properties":{"Id":0,"CLN":"8020","PSGC":"174001017","Barangay":"Buliasnin","Land_Class":"AGRICULTURAL","PIN":"030-01-018-05-022","Owner":"MALAPOTE, FELISA","TaxDecNo":"10372"},"geometry":{"type":"Polygon","coordinates":[[[121.84131144286967,13.470164502987439],[121.84152032413499,13.47010551492473],[121.84141652667513,13.469688102852645],[121.84139440949771,13.469655300206469],[121.84124677062294,13.469717295679706],[121.84112583665946,13.469774872467545],[121.84131144286967,13.470164502987439]]]}},{"type":"Feature","properties":{"Id":0,"CLN":"8341","PSGC":"174001017","Barangay":"Buliasnin","Land_Class":"AGRICULTURAL","PIN":"030-01-018-05-020","Owner":"MONTALAN, SONIA","TaxDecNo":"10370"},"geometry":{"type":"Polygon","coordinates":[[[121.84085511728965,13.470479801911617],[121.84090245417283,13.471136500603407],[121.84107110305044,13.471118948418344],[121.84126238552308,13.47106850619562],[121.84142727973179,13.47105276946662],[121.84141128848206,13.470873060037473],[121.84139171030141,13.470660339755655],[121.84136766274202,13.470597906277776],[121.84138159599662,13.470506263090442],[121.84136872171337,13.4703923529834],[121.84085511728965,13.470479801911617]]]}},{"type":"Feature","properties":{"Id":0,"CLN":"7960","PSGC":"174001017","Barangay":"Buliasnin","Land_Class":"AGRICULTURAL","PIN":"030-01-018-05-030","Owner":"SPS. BERNARDINO, JAIME S. & BERNARDINO, ZENAIDA Y.","TaxDecNo":"10409"},"geometry":{"type":"Polygon","coordinates":[[[121.83957628836978,13.471522384199918],[121.8397974670486,13.47148674535475],[121.83991568933999,13.471439632841108],[121.83992533658417,13.47138102086434],[121.83973600207581,13.470863240616142],[121.83967752445102,13.470864333090084],[121.83967190322456,13.470875207345177],[121.83946413509828,13.470943736610247],[121.83957628836978,13.471522384199918]]]}},{"type":"Feature","properties":{"Id":0,"CLN":"8018","PSGC":"174001017","Barangay":"Buliasnin","Land_Class":"AGRICULTURAL","PIN":"030-01-018-05-021","Owner":"GUIZON, LILIBETH JALOTJOT","TaxDecNo":"30405"},"geometry":{"type":"Polygon","coordinates":[[[121.84085511728965,13.470479801911617],[121.84136872171337,13.4703923529834],[121.84131144286967,13.470164502987439],[121.84083258668994,13.470274937323387],[121.84085511728965,13.470479801911617]]]}},{"type":"Feature","properties":{"Id":0,"CLN":"8330","PSGC":"174001017","Barangay":"Buliasnin","Land_Class":"AGRICULTURAL","PIN":"030-01-018-05-050","Owner":"ALIPIO, ALBERTO M. & ALIPIO, NECITAS MAWAC","TaxDecNo":"10397"},"geometry":{"type":"Polygon","coordinates":[[[121.8417383484823,13.47060780256101],[121.84209228552288,13.470554158612215],[121.84206797641338,13.470408407600585],[121.84170838107117,13.47045691763743],[121.8417383484823,13.47060780256101]]]}},{"type":"Feature","properties":{"Id":0,"CLN":"8342","PSGC":"174001017","Barangay":"Buliasnin","Land_Class":"AGRICULTURAL","PIN":"030-01-018-05-019","Owner":"BUNAG JR., RODRIGO M. & BUNAG, JOSE FERDINAND M.","TaxDecNo":"10369"},"geometry":{"type":"Polygon","coordinates":[[[121.84141128848206,13.470873060037473],[121.8421160662956,13.47077953843941],[121.84209228552288,13.470554158612215],[121.8417383484823,13.47060780256101],[121.84139171030141,13.470660339755655],[121.84141128848206,13.470873060037473]]]}},{"type":"Feature","properties":{"Id":0,"CLN":"8343","PSGC":"174001017","Barangay":"Buliasnin","Land_Class":"AGRICULTURAL","PIN":"030-01-018-05-012","Owner":"MANRIQUE, KARL YSMAEL E.","TaxDecNo":"10363"},"geometry":{"type":"Polygon","coordinates":[[[121.84252680724,13.470748627594665],[121.8424927814783,13.470521634876954],[121.84209228552288,13.470554158612215],[121.8421160662956,13.47077953843941],[121.84211773736837,13.470811356634501],[121.84252680724,13.470748627594665]]]}},{"type":"Feature","properties":{"Id":0,"CLN":"8344","PSGC":"174001017","Barangay":"Buliasnin","Land_Class":"AGRICULTURAL","PIN":"030-01-018-05-011","Owner":"QUINCENA, ROSILA MAZO","TaxDecNo":"10362"},"geometry":{"type":"Polygon","coordinates":[[[121.84284600270834,13.470182625995399],[121.84245665208877,13.470234448375555],[121.8424927814783,13.470521634876954],[121.84252680724,13.470748627594665],[121.84211773736837,13.470811356634501],[121.84212831991744,13.47094750696454],[121.8428983177874,13.470901562786377],[121.84295045586533,13.470867433805616],[121.84291869703793,13.470753182171201],[121.84291751709733,13.470706434774778],[121.84289966619103,13.470621117223336],[121.84292139719484,13.470483740937121],[121.84289313347774,13.470313445590415],[121.84284600270834,13.470182625995399]]]}},{"type":"Feature","properties":{"Id":0,"CLN":"8329","PSGC":"174001017","Barangay":"Buliasnin","Land_Class":"AGRICULTURAL","PIN":"030-01-018-05-013","Owner":"MARQUEZ, MILA SALVO","TaxDecNo":"10364"},"geometry":{"type":"Polygon","coordinates":[[[121.84209228552288,13.470554158612215],[121.8424927814783,13.470521634876954],[121.84245665208877,13.470234448375555],[121.84245019078043,13.47011756371485],[121.84202591820623,13.470179412517947],[121.84206797641338,13.470408407600585],[121.84209228552288,13.470554158612215]]]}},{"type":"Feature","properties":{"Id":0,"CLN":"8358","PSGC":"174001017","Barangay":"Buliasnin","Land_Class":"AGRICULTURAL","PIN":"030-01-018-05-052","Owner":"HRS. OF LARGO, JOSE O.","TaxDecNo":"29389"},"geometry":{"type":"Polygon","coordinates":[[[121.84203539370871,13.471321325490804],[121.84213166669473,13.470947307274423],[121.84212831991744,13.47094750696454],[121.84211773736837,13.470811356634501],[121.8421160662956,13.47077953843941],[121.84141128848206,13.470873060037473],[121.84142727973179,13.47105276946662],[121.84126238552308,13.47106850619562],[121.84107110305044,13.471118948418344],[121.84090245417283,13.471136500603407],[121.84082666247976,13.471161377901268],[121.84085616156064,13.471317332466777],[121.84122709301074,13.471366546368424],[121.84125970312496,13.471895311321783],[121.84173949136998,13.471792479688075],[121.84173154331138,13.471759505075287],[121.84167889438267,13.471541076944423],[121.84203530092799,13.471427239771204],[121.84202969810403,13.471343452732699],[121.84202831208201,13.471322725560395],[121.84203539370871,13.471321325490804]]]}},{"type":"Feature","properties":{"Id":0,"CLN":"8357","PSGC":"174001017","Barangay":"Buliasnin","Land_Class":"AGRICULTURAL","PIN":"030-01-018-05-010","Owner":"LAZARTE JR., AUGUSTO L.","TaxDecNo":"10361"},"geometry":{"type":"Polygon","coordinates":[[[121.84209074702636,13.471581468788447],[121.84262343522109,13.471420784683184],[121.84266015270495,13.471574927326134],[121.84302380379899,13.471512446596947],[121.84296272910645,13.471214045313902],[121.84292653809888,13.471145140466295],[121.84202831208201,13.471322725560395],[121.84203530092799,13.471427239771204],[121.84209074702636,13.471581468788447]]]}},{"type":"Feature","properties":{"Id":0,"CLN":"8363","PSGC":"174001017","Barangay":"Buliasnin","Land_Class":"AGRICULTURAL","PIN":"030-01-018-05-008","Owner":"NAVARRO, DOMINGO M.","TaxDecNo":"10359"},"geometry":{"type":"Polygon","coordinates":[[[121.84216236539605,13.471829256223609],[121.8426853810764,13.471732683077208],[121.84266015270495,13.471574927326134],[121.84262343522109,13.471420784683184],[121.84209074702636,13.471581468788447],[121.84212241693929,13.471665475299552],[121.84216236539605,13.471829256223609]]]}},{"type":"Feature","properties":{"Id":0,"CLN":"8364","PSGC":"174001017","Barangay":"Buliasnin","Land_Class":"AGRICULTURAL","PIN":"030-01-018-05-005","Owner":"MADLA, ALVARO","TaxDecNo":"10356"},"geometry":{"type":"Polygon","coordinates":[[[121.84187702626735,13.472159258939648],[121.84206832710902,13.472105150206781],[121.84228222838473,13.472025024968561],[121.84251433082083,13.471957356263934],[121.84271546413498,13.47190329231408],[121.84271851150031,13.47185381486914],[121.8426853810764,13.471732683077208],[121.84216236539605,13.471829256223609],[121.84218020286096,13.471917323270988],[121.84181881717004,13.471995393803866],[121.84182558912514,13.472047666016309],[121.84187702626735,13.472159258939648]]]}},{"type":"Feature","properties":{"Id":0,"CLN":"8361","PSGC":"174001017","Barangay":"Buliasnin","Land_Class":"AGRICULTURAL","PIN":"030-01-018-05-006","Owner":"HERNANDEZ, MAGDALENA & REANO, DONATO & JIMENA, LOURDES & MONGGOG, SOTERO & DE LA TORRE, HERMINIO & ARCELLA, LIBRADA M.","TaxDecNo":"10357"},"geometry":{"type":"Polygon","coordinates":[[[121.84181881717004,13.471995393803866],[121.84218020286096,13.471917323270988],[121.84216236539605,13.471829256223609],[121.84212241693929,13.471665475299552],[121.84173154331138,13.471759505075287],[121.84173949136998,13.471792479688075],[121.84181881717004,13.471995393803866]]]}},{"type":"Feature","properties":{"Id":0,"CLN":"8360","PSGC":"174001017","Barangay":"Buliasnin","Land_Class":"AGRICULTURAL","PIN":"030-01-018-03-048","Owner":"MONTANA, REYNILDA","TaxDecNo":"10308"},"geometry":{"type":"Polygon","coordinates":[[[121.84170788816868,13.472472841638176],[121.841927349048,13.472405115238512],[121.84198567076818,13.472545609905199],[121.84220511842855,13.472480632727482],[121.84206832710902,13.472105150206781],[121.84187702626735,13.472159258939648],[121.84182558912514,13.472047666016309],[121.84161744539504,13.472098947378663],[121.84162770722634,13.472204393182674],[121.84170788816868,13.472472841638176]]]}},{"type":"Feature","properties":{"Id":0,"CLN":"7962","PSGC":"174001017","Barangay":"Buliasnin","Land_Class":"AGRICULTURAL","PIN":"030-01-018-05-009","Owner":"JALOTJOT, ALITA M.","TaxDecNo":"30404"},"geometry":{"type":"Polygon","coordinates":[[[121.84271851150031,13.47185381486919],[121.84307124983395,13.471815627244606],[121.84303896624407,13.47159868766876],[121.84302380379899,13.471512446596947],[121.84266015270494,13.471574927326182],[121.8426853810764,13.471732683077244],[121.84271851150031,13.47185381486919]]]}},{"type":"Feature","properties":{"Id":0,"CLN":"8362","PSGC":"174001017","Barangay":"Buliasnin","Land_Class":"AGRICULTURAL","PIN":"030-01-018-05-007","Owner":"MOGOL, CONCEPCION JIMENA L.","TaxDecNo":"10358"},"geometry":{"type":"Polygon","coordinates":[[[121.84173154331138,13.471759505075287],[121.84212241693929,13.471665475299552],[121.84209074702636,13.471581468788447],[121.84203530092799,13.471427239771204],[121.84167889438267,13.471541076944423],[121.84173154331138,13.471759505075287]]]}},{"type":"Feature","properties":{"Id":0,"CLN":"8359","PSGC":"174001017","Barangay":"Buliasnin","Land_Class":"AGRICULTURAL","PIN":"030-01-018-05-004","Owner":"JALOTJOT, NANCY MADLA","TaxDecNo":"30400"},"geometry":{"type":"Polygon","coordinates":[[[121.84126590508578,13.472125737999983],[121.84127019214908,13.472159210332933],[121.84133348208523,13.472143005080245],[121.84139805754808,13.472151551469741],[121.84161744539504,13.472098947378663],[121.84182558912514,13.472047666016309],[121.84181881717004,13.471995393803866],[121.84173949136998,13.471792479688075],[121.84125389807112,13.471896555495984],[121.84126590508578,13.472125737999983]]]}},{"type":"Feature","properties":{"Id":0,"CLN":"7963","PSGC":"174001017","Barangay":"Buliasnin","Land_Class":"AGRICULTURAL","PIN":"030-01-018-03-036","Owner":"MIRAFUENTE, JOSE & MADLA, CATALINA","TaxDecNo":"10297"},"geometry":{"type":"Polygon","coordinates":[[[121.84262867436888,13.472327236125857],[121.84281850443669,13.472286867677722],[121.84280475514386,13.472224939993662],[121.84271546413498,13.47190329231408],[121.84251433082083,13.471957356263934],[121.84262867436888,13.472327236125857]]]}},{"type":"Feature","properties":{"Id":0,"CLN":"8368","PSGC":"174001017","Barangay":"Buliasnin","Land_Class":"AGRICULTURAL","PIN":"030-01-018-03-045","Owner":"JALOTJOT, NANCY MADLA","TaxDecNo":"30403"},"geometry":{"type":"Polygon","coordinates":[[[121.84244128326479,13.47244460240382],[121.84262867436888,13.472327236125857],[121.84251433082083,13.471957356263934],[121.84228222838473,13.472025024968561],[121.84244128326479,13.47244460240382]]]}},{"type":"Feature","properties":{"Id":0,"CLN":"8366","PSGC":"174001017","Barangay":"Buliasnin","Land_Class":"AGRICULTURAL","PIN":"030-01-018-03-038","Owner":"MANGUERA, FELIX","TaxDecNo":"10299"},"geometry":{"type":"Polygon","coordinates":[[[121.84220511842855,13.472480632727482],[121.84198567076818,13.472545609905199],[121.84200651356615,13.472657825540777],[121.84206854002538,13.472904194022757],[121.8423022729417,13.472789791157119],[121.84235986490476,13.472790056553393],[121.84253719210605,13.472720760708158],[121.84248337503851,13.472519797317165],[121.84244128326479,13.47244460240382],[121.84228222838473,13.472025024968561],[121.84206832710902,13.472105150206781],[121.84220511842855,13.472480632727482]]]}},{"type":"Feature","properties":{"Id":0,"CLN":"8367","PSGC":"174001017","Barangay":"Buliasnin","Land_Class":"AGRICULTURAL","PIN":"030-01-018-03-037","Owner":"MANGUERA, FELIX","TaxDecNo":"10298"},"geometry":{"type":"Polygon","coordinates":[[[121.84244128326479,13.47244460240382],[121.84248337503851,13.472519797317165],[121.84253719210605,13.472720760708158],[121.84256953284942,13.472714035895766],[121.84270039966883,13.472666522081312],[121.84285796199691,13.472617756393829],[121.84286279085843,13.47248992564055],[121.84281850443669,13.472286867677722],[121.84262867436888,13.472327236125857],[121.84244128326479,13.47244460240382]]]}},{"type":"Feature","properties":{"Id":0,"CLN":"7745","PSGC":"174001017","Barangay":"Buliasnin","Land_Class":"AGRICULTURAL","PIN":"030-01-018-03-039","Owner":"SPS. LAZO, ADOLFO L. & LAZO, MATILDE L.","TaxDecNo":"10300"},"geometry":{"type":"Polygon","coordinates":[[[121.84213147224762,13.473128692435163],[121.84232573141517,13.473098534625732],[121.84286769934583,13.472956223206024],[121.84285796199691,13.472617756393829],[121.84270039966883,13.472666522081312],[121.84256953284942,13.472714035895766],[121.84253719210605,13.472720760708158],[121.84235986490476,13.472790056553393],[121.8423022729417,13.472789791157119],[121.84206854002538,13.472904194022757],[121.84213147224762,13.473128692435163]]]}},{"type":"Feature","properties":{"Id":0,"CLN":"7766","PSGC":"174001017","Barangay":"Buliasnin","Land_Class":"AGRICULTURAL","PIN":"030-01-018-03-033","Owner":"MUTYA, ELADIO","TaxDecNo":"10294"},"geometry":{"type":"Polygon","coordinates":[[[121.84244950577175,13.4734547103866],[121.84292923189486,13.473333830940657],[121.8429094805546,13.473225869269804],[121.8427951887773,13.473234507898534],[121.84240500557272,13.473361021436785],[121.84244950577175,13.4734547103866]]]}},{"type":"Feature","properties":{"Id":0,"CLN":"7737","PSGC":"174001017","Barangay":"Buliasnin","Land_Class":"AGRICULTURAL","PIN":"030-01-018-08-018","Owner":"MARQUEZ, GILBERTO","TaxDecNo":"01-08506"},"geometry":{"type":"Polygon","coordinates":[[[121.84221624145582,13.473416866860621],[121.84240500557272,13.473361021436785],[121.84232573141517,13.473098534625732],[121.84213147224762,13.473128692435163],[121.8421922022808,13.473352600458787],[121.84221624145582,13.473416866860621]]]}},{"type":"Feature","properties":{"Id":0,"CLN":"7997","PSGC":"174001017","Barangay":"Buliasnin","Land_Class":"AGRICULTURAL","PIN":"030-01-018-03-041","Owner":"MADLA, ROGELIO","TaxDecNo":"10302"},"geometry":{"type":"Polygon","coordinates":[[[121.84188444452066,13.47347582699812],[121.84198000726698,13.473467102458413],[121.84206439427194,13.473445495246784],[121.84211695936483,13.473420075297124],[121.8421922022808,13.473352600458787],[121.84213147224762,13.473128692435163],[121.84206854002538,13.472904194022757],[121.84200651356615,13.472657825540777],[121.84198567076818,13.472545609905199],[121.841927349048,13.472405115238512],[121.84170788816868,13.472472841638176],[121.84176058922375,13.472747548165218],[121.84173806138021,13.47275844240317],[121.84174331835203,13.472833620344725],[121.84182069241551,13.473101597581339],[121.84188682032409,13.473371355972592],[121.84188444452066,13.47347582699812]]]}},{"type":"Feature","properties":{"Id":0,"CLN":"7998","PSGC":"174001017","Barangay":"Buliasnin","Land_Class":"AGRICULTURAL","PIN":"030-01-018-03-043","Owner":"ALCOBA, CLEMENTE","TaxDecNo":"10304"},"geometry":{"type":"Polygon","coordinates":[[[121.84110988794707,13.473299951362096],[121.84165570855339,13.473135664218612],[121.84161003294183,13.472897161385438],[121.84155478107117,13.472702606797847],[121.84103341518497,13.472845010416714],[121.84107289761774,13.473202630828013],[121.84110988794707,13.473299951362096]]]}},{"type":"Feature","properties":{"Id":0,"CLN":"8011","PSGC":"174001017","Barangay":"Buliasnin","Land_Class":"AGRICULTURAL","PIN":"030-01-018-05-027","Owner":"MONTEVIRGEN, BIENVENIDO","TaxDecNo":"10376"},"geometry":{"type":"Polygon","coordinates":[[[121.84079462942917,13.471146087628464],[121.84088283209567,13.471109834225667],[121.8408135375105,13.470312432948761],[121.84081066579681,13.470279386899193],[121.84073726726525,13.470287207071802],[121.84057539102695,13.470366395095535],[121.84041184663297,13.470443977281793],[121.84024444530293,13.470514056061528],[121.8403587739553,13.47076801381099],[121.84013280938673,13.470856897572498],[121.83993759716324,13.470920035095284],[121.84000254169032,13.471084059911297],[121.84031580974315,13.47098285712959],[121.84044906783838,13.470924815635911],[121.84073597376123,13.47085281890338],[121.84075599283875,13.470973890382352],[121.84079462942917,13.471146087628464]]]}},{"type":"Feature","properties":{"Id":0,"CLN":"8010","PSGC":"174001017","Barangay":"Buliasnin","Land_Class":"AGRICULTURAL","PIN":"030-01-018-05-028","Owner":"MIRANDA, RODOLFO","TaxDecNo":"10377"},"geometry":{"type":"Polygon","coordinates":[[[121.8400399288581,13.471206840954114],[121.84037676725796,13.471094341490199],[121.84075599283875,13.470973890382352],[121.84073597376123,13.47085281890338],[121.84044906783838,13.470924815635911],[121.84031580974315,13.47098285712959],[121.84000254169032,13.471084059911297],[121.8400399288581,13.471206840954114]]]}},{"type":"Feature","properties":{"Id":0,"CLN":"8009","PSGC":"174001017","Barangay":"Buliasnin","Land_Class":"AGRICULTURAL","PIN":"030-01-018-05-029","Owner":"OLOROSO, EUGENIO","TaxDecNo":"10378"},"geometry":{"type":"Polygon","coordinates":[[[121.8404293341385,13.471241225435747],[121.84051928025208,13.471231864458915],[121.84079462942917,13.471146087628464],[121.84075599283875,13.470973890382352],[121.84037676725796,13.471094341490199],[121.8404293341385,13.471241225435747]]]}},{"type":"Feature","properties":{"Id":0,"CLN":"8003","PSGC":"174001017","Barangay":"Buliasnin","Land_Class":"AGRICULTURAL","PIN":"030-01-018-03-008","Owner":"MAGALANG, ILDEFONSO","TaxDecNo":"10273"},"geometry":{"type":"Polygon","coordinates":[[[121.83998355427171,13.473165407458618],[121.8400973502334,13.473123138160215],[121.84022012602425,13.473038164254511],[121.84023025623637,13.473008882762326],[121.84038781621997,13.472960729676238],[121.84034100523228,13.472828536415344],[121.84035863883008,13.472796845530485],[121.84034154704737,13.472716113913085],[121.84012403705034,13.472775637491303],[121.84011649240523,13.472786600754919],[121.83994785116971,13.472802319221195],[121.83998355427171,13.473165407458618]]]}},{"type":"Feature","properties":{"Id":0,"CLN":"8008","PSGC":"174001017","Barangay":"Buliasnin","Land_Class":"AGRICULTURAL","PIN":"030-01-018-05-055","Owner":"LARGO, GUMERSINDO O.","TaxDecNo":"10401"},"geometry":{"type":"Polygon","coordinates":[[[121.84040361218105,13.472792165083014],[121.84057105484919,13.47276605368266],[121.84052995657076,13.47248480147345],[121.84054099348414,13.472267334450239],[121.8409845285442,13.472160622055075],[121.84090474301865,13.471615847969181],[121.84084258357507,13.471350667072596],[121.84079462942917,13.471146087628478],[121.84051928025208,13.471231864458918],[121.8404293341385,13.471241225435755],[121.84037676725796,13.471094341490206],[121.8400399288581,13.471206840954121],[121.84003975608115,13.471242685810433],[121.84026210092001,13.472087714493508],[121.84033043648168,13.472417158219628],[121.84036010458544,13.472479210388878],[121.84038907648338,13.472699225156925],[121.84040361218105,13.472792165083014]]]}},{"type":"Feature","properties":{"Id":0,"CLN":"21067sec 4a","PSGC":"174001017","Barangay":"Buliasnin","Land_Class":"AGRICULTURAL","PIN":"030-01-018-05-053","Owner":"LARGO, DESIDERIO O.","TaxDecNo":"10399"},"geometry":{"type":"Polygon","coordinates":[[[121.83982186296925,13.471784856877857],[121.84016502384482,13.4717187705954],[121.84003975608115,13.471242685810427],[121.8400399288581,13.471206840954114],[121.84000254169032,13.471084059911297],[121.83993759716324,13.470920035095284],[121.8398645807184,13.470760282302969],[121.83973600207581,13.470863240616142],[121.83992533658417,13.47138102086434],[121.83991568933999,13.471439632841108],[121.8397974670486,13.47148674535475],[121.83957628836978,13.471522384199918],[121.83962408551862,13.471810898036082],[121.83982186296925,13.471784856877857]]]}},{"type":"Feature","properties":{"Id":0,"CLN":"8004","PSGC":"174001017","Barangay":"Buliasnin","Land_Class":"AGRICULTURAL","PIN":"030-01-018-03-010","Owner":"LUARCA, SILVINO","TaxDecNo":"10275"},"geometry":{"type":"Polygon","coordinates":[[[121.84006853667124,13.472471003270359],[121.84033043648168,13.47241715821962],[121.84026210092001,13.472087714493519],[121.83995390992335,13.472160694260898],[121.83969906256605,13.472187012619353],[121.83976891601743,13.472460454625427],[121.84006853667124,13.472471003270359]]]}},{"type":"Feature","properties":{"Id":0,"CLN":"8005","PSGC":"174001017","Barangay":"Buliasnin","Land_Class":"AGRICULTURAL","PIN":"030-01-018-05-001","Owner":"OLOROSO, EUGENIO","TaxDecNo":"10354"},"geometry":{"type":"Polygon","coordinates":[[[121.83969906256605,13.472187012619353],[121.83995390992335,13.472160694260898],[121.83985272955114,13.47178079269128],[121.83962408551862,13.471810898036082],[121.83969906256605,13.472187012619353]]]}},{"type":"Feature","properties":{"Id":0,"CLN":"8338","PSGC":"174001017","Barangay":"Buliasnin","Land_Class":"AGRICULTURAL","PIN":"030-01-018-03-009","Owner":"LLANES, IMELDA LAMBON","TaxDecNo":"29946"},"geometry":{"type":"Polygon","coordinates":[[[121.83993477558874,13.47318352618878],[121.83998355427171,13.473165407458618],[121.83994785116971,13.472802319221195],[121.84011649240523,13.472786600754919],[121.84012403705034,13.472775637491303],[121.84034154704737,13.472716113913085],[121.84038907648338,13.472699225156932],[121.84036010458544,13.472479210388887],[121.84033043648168,13.47241715821962],[121.84006853667124,13.472471003270359],[121.83976891601743,13.472460454625427],[121.83993477558874,13.47318352618878]]]}},{"type":"Feature","properties":{"Id":0,"CLN":"8002","PSGC":"174001017","Barangay":"Buliasnin","Land_Class":null,"PIN":null},"geometry":{"type":"Polygon","coordinates":[[[121.83989736052875,13.473190588194955],[121.83993477558874,13.47318352618878],[121.83976891601743,13.472460454625427],[121.83973557255136,13.472465548130733],[121.83989736052875,13.473190588194955]]]}},{"type":"Feature","properties":{"Id":0,"CLN":"8006","PSGC":"174001017","Barangay":"Buliasnin","Land_Class":null,"PIN":null},"geometry":{"type":"Polygon","coordinates":[[[121.83969906256605,13.472187012619353],[121.83962408551862,13.471810898036082],[121.83958515547754,13.471821006380639],[121.83959432551963,13.471861375088634],[121.83966829196106,13.472189149820819],[121.83969906256605,13.472187012619353]]]}},{"type":"Feature","properties":{"Id":0,"CLN":"8007","PSGC":"174001017","Barangay":"Buliasnin","Land_Class":null,"PIN":null},"geometry":{"type":"Polygon","coordinates":[[[121.83958515547754,13.471821006380639],[121.83962408551862,13.471810898036082],[121.83957628836978,13.471522384199918],[121.83954159364681,13.471533021652313],[121.83958515547754,13.471821006380639]]]}},{"type":"Feature","properties":{"Id":0,"CLN":"7961","PSGC":"174001017","Barangay":"Buliasnin","Land_Class":"AGRICULTURAL","PIN":null,"Owner":"SPS. BERNARDINO, JAIME S. & BERNARDINO, ZENAIDA Y.","TaxDecNo":"10408"},"geometry":{"type":"Polygon","coordinates":[[[121.83954159364681,13.471533021652313],[121.83957628836978,13.471522384199918],[121.83946413509828,13.470943736610247],[121.83944064118535,13.470951557142488],[121.83954159364681,13.471533021652313]]]}},{"type":"Feature","properties":{"Id":0,"CLN":"7968","PSGC":"174001017","Barangay":"Buliasnin","Land_Class":null,"PIN":null},"geometry":{"type":"Polygon","coordinates":[[[121.8395428691899,13.47207661918364],[121.83963184678036,13.472493427999591],[121.83966256635664,13.472491324046112],[121.8395748982761,13.472075888784346],[121.8395428691899,13.47207661918364]]]}},{"type":"Feature","properties":{"Id":0,"CLN":"7832","PSGC":"174001017","Barangay":"Buliasnin","Land_Class":"AGRICULTURAL","PIN":"030-01-018-06-021","Owner":"JASMIN, PLACIDO","TaxDecNo":"10426"},"geometry":{"type":"Polygon","coordinates":[[[121.83899240643859,13.470378329107604],[121.83892377384598,13.470373749475002],[121.8386042427263,13.470338040425258],[121.83861384840392,13.470377903029046],[121.83900663710507,13.470402616382321],[121.83899240643859,13.470378329107604]]]}},{"type":"Feature","properties":{"Id":0,"CLN":"7842","PSGC":"174001017","Barangay":"Buliasnin","Land_Class":"AGRICULTURAL","PIN":"030-01-018-06-011","Owner":"DR. SULIT, HECTOR , SULIT, SILVESTRE  (1/4) SHARE EACH VDA DE. SULIT, LOURDES , SULIT, SIXTO RAYMUND , SULIT, MARIA ROSALIE , SULIT, RENATO & SULIT, RONALD (1/10) SHARES EACH","TaxDecNo":"10417"},"geometry":{"type":"Polygon","coordinates":[[[121.83783126009371,13.470390005134353],[121.83781076432282,13.470349393574137],[121.8370684525669,13.470284846531671],[121.83679914231847,13.47020386378116],[121.83624413844477,13.469944213558762],[121.8362242026502,13.469970177827316],[121.83683656436656,13.470238958268036],[121.83710159949094,13.470309961344464],[121.83753213514423,13.470353445794649],[121.83783126009371,13.470390005134353]]]}},{"type":"Feature","properties":{"Id":0,"CLN":"7809","PSGC":"174001017","Barangay":"Buliasnin","Land_Class":"AGRICULTURAL","PIN":"030-01-018-07-021","Owner":"MOGOL, JOSELITO L.","TaxDecNo":"01-27016"},"geometry":{"type":"Polygon","coordinates":[[[121.8362242026502,13.469970177827316],[121.83624413844477,13.469944213558762],[121.83605900768961,13.469857261659726],[121.83604508913338,13.469878036016702],[121.8362242026502,13.469970177827316]]]}},{"type":"Feature","properties":{"Id":0,"CLN":"7806","PSGC":"174001017","Barangay":"Buliasnin","Land_Class":null,"PIN":null},"geometry":{"type":"Polygon","coordinates":[[[121.83564086414222,13.469698929177824],[121.83604508913338,13.469878036016702],[121.83605900768961,13.469857261659726],[121.8356529963479,13.469669014607323],[121.83564086414222,13.469698929177824]]]}},{"type":"Feature","properties":{"Id":0,"CLN":"8349","PSGC":"174001017","Barangay":"Buliasnin","Land_Class":"AGRICULTURAL","PIN":"030-01-018-17-019","Owner":"TAN, JOSELITO R.","TaxDecNo":"11014"},"geometry":{"type":"Polygon","coordinates":[[[121.84411437705032,13.47059269365038],[121.84421987697853,13.4705433308262],[121.8441556337927,13.470486540735289],[121.84373926462764,13.470218768254119],[121.84366137580119,13.470175208092995],[121.84360684031024,13.47021815882926],[121.84411437705032,13.47059269365038]]]}},{"type":"Feature","properties":{"Id":0,"CLN":"7930","PSGC":"174001017","Barangay":"Buliasnin","Land_Class":null,"PIN":"303-01-018-04-005"},"geometry":{"type":"Polygon","coordinates":[[[121.84417672074285,13.470563523394715],[121.84449867895071,13.4709708325647],[121.84450020561168,13.47097226284331],[121.84466790589653,13.470913852283255],[121.84457937568482,13.470655480995099],[121.84443039801356,13.470654795863497],[121.84441912668207,13.47061548860681],[121.84433509698974,13.470613232816472],[121.84421987697853,13.4705433308262],[121.84417672074285,13.470563523394715]]]}},{"type":"Feature","properties":{"Id":0,"CLN":"7918","PSGC":"174001017","Barangay":"Buliasnin","Land_Class":"AGRICULTURAL","PIN":"030-01-018-04-006","Owner":"MALBOG, PEDRO","TaxDecNo":"10331"},"geometry":{"type":"Polygon","coordinates":[[[121.84470444370804,13.471658003950365],[121.84447454992741,13.471006428375233],[121.84448266154622,13.470978373490567],[121.84450020561168,13.47097226284331],[121.8442542588524,13.470741843063264],[121.84411437705032,13.47059269365038],[121.84399856522852,13.470690195520705],[121.84427384119206,13.471039152709798],[121.84412761279204,13.471074216747208],[121.8443023001435,13.471476701089774],[121.84441906004866,13.471424897599407],[121.84456070170208,13.471760154728564],[121.84470444370804,13.471658003950365]]]}},{"type":"Feature","properties":{"Id":0,"CLN":"8354","PSGC":"174001017","Barangay":"Buliasnin","Land_Class":"AGRICULTURAL","PIN":"030-01-018-04-014","Owner":"MISTAL, ROBERTO","TaxDecNo":"10339"},"geometry":{"type":"Polygon","coordinates":[[[121.84403672619916,13.471096010350367],[121.84412761279204,13.471074216747208],[121.84427384119206,13.471039152709798],[121.84399856522852,13.470690195520705],[121.84387500086913,13.47056812213842],[121.843809819453,13.470618293447808],[121.84403672619916,13.471096010350367]]]}},{"type":"Feature","properties":{"Id":0,"CLN":"8355","PSGC":"174001017","Barangay":"Buliasnin","Land_Class":"AGRICULTURAL","PIN":"030-01-018-04-015","Owner":"LAZARTE, RENAN L.","TaxDecNo":"10340"},"geometry":{"type":"Polygon","coordinates":[[[121.84384551334243,13.47113999385262],[121.84396021053297,13.471119959266822],[121.84403672619916,13.471096010350367],[121.843809819453,13.470618293447808],[121.84364146371952,13.470675467137479],[121.84384551334243,13.47113999385262]]]}},{"type":"Feature","properties":{"Id":0,"CLN":"7917","PSGC":"174001017","Barangay":"Buliasnin","Land_Class":"AGRICULTURAL","PIN":"030-01-018-04-004","Owner":"LADLAD, WILFREDO & LADLAD, SOFIA","TaxDecNo":"10329"},"geometry":{"type":"Polygon","coordinates":[[[121.84476106646105,13.471244638806713],[121.84457439066743,13.471289402019138],[121.84470444370804,13.471658003950365],[121.84485541145678,13.472040036475464],[121.84504629193152,13.472463377154295],[121.84543092540696,13.472313731355003],[121.84516631680785,13.472129323177995],[121.84511899787026,13.472039378983078],[121.84481021934951,13.471507076566821],[121.84479732509466,13.471407944077278],[121.84476106646105,13.471244638806713]]]}},{"type":"Feature","properties":{"Id":0,"CLN":"8351","PSGC":"174001017","Barangay":"Buliasnin","Land_Class":"AGRICULTURAL","PIN":"030-01-018-04-007","Owner":"MANGANA, ANTOLIN & MANGANA, MIRAFLOR","TaxDecNo":"10332"},"geometry":{"type":"Polygon","coordinates":[[[121.84441888751003,13.47185857567075],[121.84456070170208,13.471760154728564],[121.84441906004866,13.471424897599407],[121.8443023001435,13.471476701089774],[121.84423328961353,13.471528724185223],[121.84441888751003,13.47185857567075]]]}},{"type":"Feature","properties":{"Id":0,"CLN":"8059","PSGC":"174001017","Barangay":"Buliasnin","Land_Class":"AGRICULTURAL","PIN":"030-01-018-04-015","Owner":"LAZARTE, RENAN L.","TaxDecNo":"10340"},"geometry":{"type":"Polygon","coordinates":[[[121.84428656026364,13.47197012530231],[121.8444263478992,13.471895996093991],[121.84441888751003,13.47185857567075],[121.84423328961353,13.471528724185223],[121.84405720360117,13.471604555599969],[121.84407421381704,13.471642019967902],[121.84428656026364,13.47197012530231]]]}},{"type":"Feature","properties":{"Id":0,"CLN":"8350","PSGC":"174001017","Barangay":"Buliasnin","Land_Class":"AGRICULTURAL","PIN":"030-01-018-04-009","Owner":"PITERO, CONSOLACION","TaxDecNo":"10334"},"geometry":{"type":"Polygon","coordinates":[[[121.84428613962501,13.471969475357056],[121.8439937197776,13.47213601419003],[121.84401670975795,13.472164962585293],[121.84398408247672,13.47219902797196],[121.84395150215079,13.472223317707812],[121.84379677186688,13.472341264151122],[121.84385302911461,13.472422664673323],[121.84392669976745,13.472529261147042],[121.84407392124172,13.47249816039785],[121.84414474331268,13.472466708065419],[121.84425589948644,13.472388708638302],[121.84429434156289,13.472338414242813],[121.84437292917451,13.47228082728856],[121.84439959712036,13.472295904400504],[121.84485541145678,13.472040036475464],[121.84470444370804,13.471658003950365],[121.84456070170208,13.471760154728564],[121.84441888751003,13.47185857567075],[121.8444263478992,13.471895996093991],[121.84428656026364,13.47197012530231],[121.84428613962501,13.471969475357056]]]}},{"type":"Feature","properties":{"Id":0,"CLN":"8373","PSGC":"174001017","Barangay":"Buliasnin","Land_Class":"AGRICULTURAL","PIN":"030-01-018-04-011","Owner":"FILLEZAR, PIO","TaxDecNo":"10336"},"geometry":{"type":"Polygon","coordinates":[[[121.84353512599615,13.472533066819425],[121.84385302911461,13.472422664673323],[121.84379677186688,13.472341264151122],[121.84364027732317,13.472114826548268],[121.84362773033132,13.47204341817342],[121.84346614922882,13.471783158055],[121.8434029222865,13.471823991695654],[121.84334182992417,13.471818102526369],[121.84328547505031,13.471830955873852],[121.84342789207925,13.472192359694981],[121.84353512599615,13.472533066819425]]]}},{"type":"Feature","properties":{"Id":0,"CLN":"8372","PSGC":"174001017","Barangay":"Buliasnin","Land_Class":"AGRICULTURAL","PIN":"030-01-018-04-012","Owner":"BUNAG, PABLO","TaxDecNo":"10337"},"geometry":{"type":"Polygon","coordinates":[[[121.84337247183343,13.472595874373988],[121.84353512599615,13.472533066819425],[121.84342789207925,13.472192359694981],[121.84328547505031,13.471830955873852],[121.84308428159581,13.471876843702876],[121.84318241824161,13.472161719696633],[121.84332482105505,13.47257509263346],[121.84337247183343,13.472595874373988]]]}},{"type":"Feature","properties":{"Id":0,"CLN":"8375","PSGC":"174001017","Barangay":"Buliasnin","Land_Class":"AGRICULTURAL","PIN":"030-01-018-04-003","Owner":"MONTEVIRGEN, NIEVES LIVELO","TaxDecNo":"10328"},"geometry":{"type":"Polygon","coordinates":[[[121.84458550976548,13.472969371050846],[121.8441974770067,13.472429704304568],[121.84414474331268,13.472466708065419],[121.84407392124172,13.47249816039785],[121.84392669976745,13.472529261147042],[121.84400139320597,13.472840532600145],[121.8440086829188,13.472913469040616],[121.84399892642818,13.472956418160658],[121.84401778383797,13.473006976170458],[121.84415128244865,13.472999645891472],[121.8441629953942,13.473046432410532],[121.84418700494237,13.47301850330062],[121.84422277233624,13.473028014385957],[121.84427496033592,13.473098353428727],[121.8444613750687,13.473059488237332],[121.84454758265333,13.473006142233649],[121.84458550976548,13.472969371050846]]]}},{"type":"Feature","properties":{"Id":0,"CLN":"8378","PSGC":"174001017","Barangay":"Buliasnin","Land_Class":"RESIDENTIAL","PIN":"030-01-018-18-052","Owner":"MONTANTE, CLAUDIO","TaxDecNo":"11199"},"geometry":{"type":"Polygon","coordinates":[[[121.84422247562178,13.473418127018446],[121.84418442869618,13.473335640476236],[121.84409810024752,13.47341410456882],[121.8440604467703,13.473424446148645],[121.84395275082029,13.473477839115166],[121.84386780941959,13.473547109016442],[121.843882493604,13.473565577567323],[121.84387166779378,13.47358261435835],[121.84397060699658,13.473826960805141],[121.84414613366522,13.473584370274912],[121.84414019450799,13.473562656088436],[121.84422247562178,13.473418127018446]]]}},{"type":"Feature","properties":{"Id":0,"CLN":"no aln sec4","PSGC":"174001017","Barangay":"Buliasnin","Land_Class":null,"PIN":"no aln"},"geometry":{"type":"Polygon","coordinates":[[[121.84414613366522,13.473584370274912],[121.84440485397404,13.473586692382064],[121.84451269506464,13.473503069714969],[121.84467940431148,13.47359029185325],[121.84482573684826,13.473446093640868],[121.84473838695301,13.473240068353956],[121.84450860457201,13.473360516374257],[121.84445402896071,13.473290166389088],[121.84429350606013,13.473406259516029],[121.84422247562178,13.473418127018446],[121.84414019450799,13.473562656088436],[121.84414613366522,13.473584370274912]]]}},{"type":"Feature","properties":{"Id":0,"CLN":"8377","PSGC":"174001017","Barangay":"Buliasnin","Land_Class":"AGRICULTURAL","PIN":"030-01-018-04-001","Owner":"MAAÑO, CLEOFE MARTILLANO","TaxDecNo":"32844"},"geometry":{"type":"Polygon","coordinates":[[[121.8448799312071,13.473595887283947],[121.8450972378657,13.473587539908177],[121.84494612089583,13.47323635032566],[121.84495815928845,13.473215375989835],[121.84480693053924,13.472887552151679],[121.8446293366445,13.473078339245106],[121.84473838695301,13.473240068353956],[121.84482573684826,13.473446093640868],[121.8448799312071,13.473595887283947]]]}},{"type":"Feature","properties":{"Id":0,"CLN":"7707","PSGC":"174001017","Barangay":"Buliasnin","Land_Class":"AGRICULTURAL","PIN":"030-01-018-01-017","Owner":"PAGLINAWAN, EUSTACIO","TaxDecNo":"10205"},"geometry":{"type":"Polygon","coordinates":[[[121.83637947517407,13.47420771120626],[121.83625216509179,13.473980918068724],[121.8361623409866,13.473589134202024],[121.83609994725224,13.47328118186579],[121.83622867334861,13.473196017575905],[121.83618619303635,13.472920161484133],[121.83574822058064,13.472884440409258],[121.83563855619781,13.473018698892853],[121.83558854284551,13.473006215557316],[121.83474901546117,13.473169760252743],[121.83453749062733,13.473203370585567],[121.83422074589093,13.473137000381177],[121.83402398726102,13.473113777674577],[121.83413685347352,13.472915543711329],[121.83405013221227,13.472850240729711],[121.83365690633784,13.473598827334364],[121.8332756157471,13.47359502856778],[121.83328457294735,13.474255376616801],[121.83344742649886,13.473968457609859],[121.8334872177853,13.473873425900814],[121.83381166473673,13.473986355919958],[121.83394012144639,13.47396264165204],[121.83411989574596,13.47402830436498],[121.83417536317535,13.47411567478197],[121.83434064777536,13.47418127010073],[121.83435505914495,13.474197544043038],[121.83438939499909,13.474373955229815],[121.83475454250384,13.474594741925234],[121.83511476048828,13.474786261873385],[121.83587222502896,13.474767557140524],[121.83606431973637,13.47473209323497],[121.83614059637053,13.474748604054428],[121.83637947517407,13.47420771120626]]]}},{"type":"Feature","properties":{"Id":0,"CLN":"7768","PSGC":"174001017","Barangay":"Buliasnin","Land_Class":"AGRICULTURAL","PIN":"030-01-018-02-009","Owner":"MONDOÑEDO, JOSEFINA","TaxDecNo":"10230"},"geometry":{"type":"Polygon","coordinates":[[[121.83712221660846,13.474483245641514],[121.83707380209124,13.474252778742553],[121.8369994329601,13.474268591817502],[121.83698255552619,13.473790218831752],[121.83699796535515,13.47358530610805],[121.83698891232746,13.47345446555749],[121.83687924593754,13.473455156265208],[121.83684375426594,13.472999090864208],[121.83706317974695,13.47297012447327],[121.8373714040841,13.47293228259067],[121.83769791195381,13.472896119467153],[121.83766521782704,13.472608511706234],[121.83714499124756,13.472660613649728],[121.83681949367396,13.472693212450482],[121.83672258449745,13.472294113643443],[121.83667764478115,13.472296836801625],[121.83661562719399,13.472066440950313],[121.83651105678676,13.472097590513423],[121.83609824893061,13.472257406021868],[121.8361714689073,13.472648262575865],[121.83618619303635,13.472920161484133],[121.83622867334861,13.473196017575905],[121.83609994725224,13.47328118186579],[121.8361623409866,13.473589134202024],[121.83625216509179,13.473980918068724],[121.83637947517407,13.47420771120626],[121.83656796624474,13.474300928233756],[121.83669378968276,13.474313629010169],[121.8369301026634,13.47452274964187],[121.83712221660846,13.474483245641514]]]}},{"type":"Feature","properties":{"Id":0,"CLN":"7770","PSGC":"174001017","Barangay":"Buliasnin","Land_Class":"AGRICULTURAL","PIN":"030-01-018-02-017","Owner":"JANDA, VICENTE","TaxDecNo":"10238"},"geometry":{"type":"Polygon","coordinates":[[[121.83698891232743,13.473454465557491],[121.83699796535515,13.473585306108015],[121.83698255552616,13.473790218831756],[121.8371197012576,13.473797249776242],[121.837130414797,13.473588675745374],[121.83710138084905,13.473321431113733],[121.83707665610568,13.473166956360325],[121.83696460335192,13.473190025193507],[121.83698891232743,13.473454465557491]]]}},{"type":"Feature","properties":{"Id":0,"CLN":"7784","PSGC":"174001017","Barangay":"Buliasnin","Land_Class":"AGRICULTURAL","PIN":"030-01-018-02-014","Owner":"OSMILLO, CHRISTIAN PHILIP L.","TaxDecNo":"29567"},"geometry":{"type":"Polygon","coordinates":[[[121.83761080223728,13.473734188449585],[121.83788504143597,13.473781909790853],[121.83789882881503,13.473587079105176],[121.83788068713748,13.473506202560113],[121.83787456942956,13.47337756559915],[121.83761498772931,13.473404394691885],[121.83763095074436,13.473587488555648],[121.83761080223728,13.473734188449585]]]}},{"type":"Feature","properties":{"Id":0,"CLN":"7779","PSGC":"174001017","Barangay":"Buliasnin","Land_Class":"AGRICULTURAL","PIN":"030-01-018-02-004","Owner":"MADLA, ROBERTO M. & TAN, ELVIRA LIM","TaxDecNo":"10227"},"geometry":{"type":"Polygon","coordinates":[[[121.83798017904053,13.474166087956348],[121.83819159864227,13.474829518970655],[121.83825671855267,13.475019669520696],[121.83893246697696,13.474828905301983],[121.83887703395786,13.474341907519204],[121.83882401561185,13.473782212601929],[121.83876486140153,13.473572946857816],[121.83871312549195,13.473473533660012],[121.838636080246,13.473155706418957],[121.83834585224601,13.473106124104943],[121.83831996241908,13.47299918633569],[121.83806783049533,13.473080718124487],[121.83810268289871,13.473238470308576],[121.83797102028954,13.473290623838004],[121.83796902502172,13.473354918940558],[121.83787456942956,13.47337756559915],[121.83788068713748,13.473506202560113],[121.83789882881503,13.473587079105176],[121.83788504143597,13.473781909790853],[121.83790885885999,13.473977928346935],[121.83798017904053,13.474166087956348]]]}},{"type":"Feature","properties":{"Id":0,"CLN":"7782","PSGC":"174001017","Barangay":"Buliasnin","Land_Class":"AGRICULTURAL","PIN":"030-01-018-02-003","Owner":"FATALLA, THELMA M.","TaxDecNo":"10265"},"geometry":{"type":"Polygon","coordinates":[[[121.83887703395786,13.474341907519204],[121.83994535873384,13.474051970959714],[121.83988317771758,13.473680063554545],[121.8397942855118,13.473711967815571],[121.83972803716188,13.47338984079795],[121.83950885148488,13.473419712268454],[121.83917296782957,13.473398176657327],[121.8390333288434,13.473484733033665],[121.83906083683252,13.473537939532564],[121.83892774795265,13.473511624397524],[121.83871312549195,13.473473533660012],[121.83876486140153,13.473572946857828],[121.83882401561185,13.47378221260193],[121.83887703395786,13.474341907519204]]]}},{"type":"Feature","properties":{"Id":0,"CLN":"22581","PSGC":"174001017","Barangay":"Buliasnin","Land_Class":"AGRICULTURAL","PIN":"030-01-018-02-024","Owner":"HRS.OF LABAGUIS, SERAFIA O.","TaxDecNo":"10245"},"geometry":{"type":"Polygon","coordinates":[[[121.83988317771758,13.473680063554545],[121.83987922756276,13.473571790355633],[121.83981026373826,13.473275768329794],[121.83976390147221,13.473266470694641],[121.83972963152715,13.473059208361978],[121.83938038943744,13.473034686453262],[121.83906697112484,13.473052513480916],[121.83912718405587,13.473268979256739],[121.83917296782957,13.473398176657327],[121.83950885148488,13.473419712268454],[121.83972803716188,13.47338984079795],[121.8397942855118,13.473711967815571],[121.83988317771758,13.473680063554545]]]}},{"type":"Feature","properties":{"Id":0,"CLN":"7973","PSGC":"174001017","Barangay":"Buliasnin","Land_Class":null,"PIN":null},"geometry":{"type":"Polygon","coordinates":[[[121.83984225496516,13.47327893290991],[121.83981026373826,13.473275768329794],[121.83987922756276,13.473571790355633],[121.83988317771758,13.473680063554545],[121.83991829849599,13.473672147047424],[121.83990520396819,13.47357013531435],[121.83984225496516,13.47327893290991]]]}},{"type":"Feature","properties":{"Id":0,"CLN":"7790","PSGC":"174001017","Barangay":"Buliasnin","Land_Class":"AGRICULTURAL","PIN":"030-01-018-02-028","Owner":"DR. PABLO MARQUEZ","TaxDecNo":"10249"},"geometry":{"type":"Polygon","coordinates":[[[121.83889689191345,13.472699123801052],[121.83878902902279,13.472468987517983],[121.83845951659319,13.4725346562275],[121.83857458368252,13.472799397893086],[121.83889689191345,13.472699123801052]]]}},{"type":"Feature","properties":{"Id":0,"CLN":"7789","PSGC":"174001017","Barangay":"Buliasnin","Land_Class":"AGRICULTURAL","PIN":"030-01-018-02-023","Owner":"PINEDA, MARIA V","TaxDecNo":"10244"},"geometry":{"type":"Polygon","coordinates":[[[121.83892185744249,13.472691356693703],[121.83889689191345,13.472699123801052],[121.83857458368252,13.472799397893086],[121.83845951659319,13.4725346562275],[121.83839625990849,13.472510243542919],[121.83835013279675,13.472584113745215],[121.83851580401713,13.472908779671588],[121.83868635177085,13.472952639931236],[121.83868252337557,13.473016368495799],[121.838636080246,13.473155706418957],[121.83871312549195,13.473473533660012],[121.83892774795265,13.473511624397524],[121.83906083683252,13.473537939532564],[121.8390333288434,13.473484733033665],[121.83917296782957,13.473398176657327],[121.83912718405587,13.473268979256739],[121.83906697112484,13.473052513480916],[121.83892185744249,13.472691356693703]]]}},{"type":"Feature","properties":{"Id":0,"CLN":"7971","PSGC":"174001017","Barangay":"Buliasnin","Land_Class":"AGRICULTURAL","PIN":"030-01-018-02-025","Owner":"MADLA, ROGELIO","TaxDecNo":"10246"},"geometry":{"type":"Polygon","coordinates":[[[121.83906697112484,13.473052513480916],[121.83938038943744,13.473034686453262],[121.8392709673229,13.472636273853741],[121.83892185744249,13.472691356693703],[121.83906697112484,13.473052513480916]]]}},{"type":"Feature","properties":{"Id":0,"CLN":"7970","PSGC":"174001017","Barangay":"Buliasnin","Land_Class":"AGRICULTURAL","PIN":"030-01-018-02-026","Owner":"NOBLEZA, ESTANISLAO","TaxDecNo":"10247"},"geometry":{"type":"Polygon","coordinates":[[[121.83963184678036,13.472493427999591],[121.8391972442775,13.472541833731164],[121.8389230593165,13.472554202970057],[121.8388919161188,13.472434212514495],[121.83878902902279,13.472468987517983],[121.83889689191345,13.472699123801052],[121.83892185744249,13.472691356693703],[121.8392709673229,13.472636273853741],[121.83938038943744,13.473034686453262],[121.83972963152715,13.473059208361978],[121.83976390147221,13.473266470694641],[121.83981026373826,13.473275768329794],[121.83963184678036,13.472493427999591]]]}},{"type":"Feature","properties":{"Id":0,"CLN":"7967","PSGC":"174001017","Barangay":"Buliasnin","Land_Class":"AGRICULTURAL","PIN":"030-01-018-02-027","Owner":"DR. PABLO MARQUEZ","TaxDecNo":"10248"},"geometry":{"type":"Polygon","coordinates":[[[121.83963184678036,13.472493427999591],[121.8395428691899,13.47207661918367],[121.8394315149119,13.472072017223288],[121.8392476426813,13.472092968176769],[121.83925448408448,13.472406380890883],[121.83892480152382,13.47242309750317],[121.8388919161188,13.472434212514495],[121.8389230593165,13.472554202970057],[121.8391972442775,13.472541833731164],[121.83963184678036,13.472493427999591]]]}},{"type":"Feature","properties":{"Id":0,"CLN":"8000","PSGC":"174001017","Barangay":"Buliasnin","Land_Class":"AGRICULTURAL","PIN":"030-01-018-03-007","Owner":"MANAY, JOSE","TaxDecNo":"10272"},"geometry":{"type":"Polygon","coordinates":[[[121.84025793749971,13.473483150757529],[121.8400973502334,13.473123138160215],[121.83998355427171,13.473165407458618],[121.83993477558874,13.47318352618878],[121.84000597220047,13.473566955317178],[121.84000937115385,13.473616016704804],[121.84004558457707,13.473602247268817],[121.84011172067375,13.473581337975784],[121.84025793749971,13.473483150757529]]]}},{"type":"Feature","properties":{"Id":0,"CLN":"8001","PSGC":"174001017","Barangay":"Buliasnin","Land_Class":null,"PIN":null},"geometry":{"type":"Polygon","coordinates":[[[121.83997216727471,13.473627962956673],[121.84000937115385,13.473616016704804],[121.84000597220046,13.47356695531718],[121.83993477558874,13.47318352618878],[121.83989736052875,13.473190588194974],[121.83997216727471,13.473627962956673]]]}},{"type":"Feature","properties":{"Id":0,"CLN":"7999","PSGC":"174001017","Barangay":"Buliasnin","Land_Class":"AGRICULTURAL","PIN":"030-01-018-03-011","Owner":"LAGUIO, RUFINO","TaxDecNo":"10276"},"geometry":{"type":"Polygon","coordinates":[[[121.84125116507064,13.473728790730258],[121.84132557276261,13.473704897834223],[121.84144938133045,13.473707488548225],[121.84141071681482,13.473594208355555],[121.84134367282586,13.473570734615649],[121.84134375799246,13.47357043703353],[121.84125511568624,13.473532966856476],[121.84107452010588,13.473308505714948],[121.84104691200692,13.473207562428025],[121.84100933783755,13.472842618752546],[121.84096004953045,13.472576603930818],[121.8409845285442,13.472160622055066],[121.84054099348417,13.472267334450232],[121.84052995657076,13.472484801473497],[121.84057105484919,13.472766053682664],[121.84040361218105,13.472792165083064],[121.84038907648338,13.472699225156932],[121.84034154704737,13.472716113913085],[121.84035863883008,13.472796845530485],[121.84034100523228,13.472828536415388],[121.84038781621997,13.472960729676238],[121.84023025623637,13.473008882762326],[121.84022012602425,13.473038164254543],[121.8400973502334,13.473123138160215],[121.84025793749971,13.473483150757529],[121.84039308173395,13.473422674097234],[121.84045686584433,13.47362026508028],[121.84060186215576,13.473566669796188],[121.84067317123866,13.473762478050455],[121.8407496718147,13.473732535961922],[121.84089238391559,13.473666545206937],[121.84101842146309,13.473634811925152],[121.84105529454604,13.473691532971953],[121.84110230100794,13.473786674608089],[121.84125116507064,13.473728790730258]]]}},{"type":"Feature","properties":{"Id":0,"CLN":"7983","PSGC":"174001017","Barangay":"Buliasnin","Land_Class":"AGRICULTURAL","PIN":"030-01-018-03-006","Owner":"MAGALANG, TIMOTEO O.","TaxDecNo":"10271"},"geometry":{"type":"Polygon","coordinates":[[[121.84012721221401,13.474000299155513],[121.84017673957011,13.474000527837044],[121.84028213122882,13.473970719295345],[121.84052214607775,13.473840548354367],[121.84045686584436,13.473620265080267],[121.84039308173395,13.473422674097234],[121.84025793749971,13.473483150757529],[121.84011172067375,13.473581337975768],[121.84004558457707,13.4736022472688],[121.84012721221401,13.474000299155513]]]}},{"type":"Feature","properties":{"Id":0,"CLN":"7996","PSGC":"174001017","Barangay":"Buliasnin","Land_Class":"AGRICULTURAL","PIN":"030-01-018-03-024","Owner":"NEBREJA, ARLENE L.","TaxDecNo":"10286"},"geometry":{"type":"Polygon","coordinates":[[[121.84205682003558,13.473558813584551],[121.8421169593648,13.473420075297142],[121.84206439427194,13.473445495246763],[121.84198000726698,13.473467102458413],[121.84195679330327,13.473540531979193],[121.84194331997838,13.473558290374472],[121.84192417371122,13.47367736302594],[121.84203359514687,13.473667769064779],[121.84205682003558,13.473558813584551]]]}},{"type":"Feature","properties":{"Id":0,"CLN":"7995","PSGC":"174001017","Barangay":"Buliasnin","Land_Class":"AGRICULTURAL","PIN":"030-01-018-03-042","Owner":"MADLA, BALBINO","TaxDecNo":"10303"},"geometry":{"type":"Polygon","coordinates":[[[121.84195679330327,13.473540531979175],[121.84198000726698,13.473467102458413],[121.84188444452066,13.473475826998152],[121.84188682032412,13.473371355972626],[121.84182069241551,13.473101597581339],[121.84174331835203,13.472833620344772],[121.84173806138021,13.47275844240317],[121.84176058922375,13.472747548165218],[121.84170788816868,13.472472841638176],[121.84162770722638,13.472204393182675],[121.84161744539504,13.472098947378665],[121.84139805754808,13.472151551469741],[121.84133348208526,13.472143005080296],[121.84127019214908,13.472159210332967],[121.84126590508578,13.472125737999983],[121.8410129395289,13.472150233368435],[121.84098038986586,13.47257714534022],[121.841033415185,13.47284501041675],[121.84155478107117,13.472702606797881],[121.84161003294183,13.472897161385472],[121.84165570855339,13.473135664218612],[121.84110988794708,13.473299951362096],[121.84129429117594,13.473511598925754],[121.84139508642218,13.47356884875849],[121.8413947182416,13.47356885584881],[121.84145821937166,13.473586348734269],[121.84169929547544,13.473664208151733],[121.84192417371122,13.47367736302594],[121.84194331997841,13.473558290374474],[121.84195679330327,13.473540531979175]]]}},{"type":"Feature","properties":{"Id":0,"CLN":"8384","PSGC":"174001017","Barangay":"Buliasnin","Land_Class":"AGRICULTURAL","PIN":"030-01-018-03-032","Owner":"MAGALANG, FULGENCIO","TaxDecNo":"10293"},"geometry":{"type":"Polygon","coordinates":[[[121.84286400117239,13.473533224068756],[121.84295875349319,13.473495549834805],[121.84294106523484,13.473398653828667],[121.84292923189486,13.473333830940657],[121.84244950577175,13.473454710386635],[121.84259895098735,13.473536051752145],[121.84263081699959,13.47353069951641],[121.84269246450825,13.473563977851963],[121.84276738893787,13.473566622179643],[121.84286400117239,13.473533224068756]]]}},{"type":"Feature","properties":{"Id":0,"CLN":"8382","PSGC":"174001017","Barangay":"Buliasnin","Land_Class":"AGRICULTURAL","PIN":"030-01-018-03-030","Owner":"MAGALANG, FLORA","TaxDecNo":"10291"},"geometry":{"type":"Polygon","coordinates":[[[121.84290004173128,13.473730332249152],[121.84291692876289,13.47361691495694],[121.84286400117239,13.473533224068756],[121.84276738893787,13.473566622179643],[121.84269246450825,13.473563977851963],[121.84263081699959,13.47353069951641],[121.84259895098735,13.473536051752145],[121.84257891580161,13.473563055448093],[121.84260120262482,13.473648168465155],[121.84265046765206,13.473702926723874],[121.84271221168272,13.473737545695176],[121.84281330087774,13.473744070423958],[121.84290004173128,13.473730332249152]]]}},{"type":"Feature","properties":{"Id":0,"CLN":"8374","PSGC":"174001017","Barangay":"Buliasnin","Land_Class":"AGRICULTURAL","PIN":"030-01-018-03-026","Owner":"MARTINEZ, JOVITA","TaxDecNo":"10287"},"geometry":{"type":"Polygon","coordinates":[[[121.84355742474138,13.47353830114782],[121.84386780941962,13.473547109016472],[121.84395275082029,13.4734778391152],[121.8440604467703,13.473424446148645],[121.84409810024752,13.47341410456882],[121.84418442869618,13.473335640476236],[121.84422410064714,13.473184672161437],[121.84407104721228,13.473174767460243],[121.84400273073453,13.473108784024932],[121.8437353547058,13.473102880246557],[121.84373968054436,13.473196365399007],[121.84363663679433,13.473275336547134],[121.84353869363852,13.47328656883318],[121.84355963074722,13.473401160130809],[121.84357339614348,13.473455550167516],[121.84355742474138,13.47353830114782]]]}},{"type":"Feature","properties":{"Id":0,"CLN":"8383","PSGC":"174001017","Barangay":"Buliasnin","Land_Class":"AGRICULTURAL","PIN":"030-01-018-03-031","Owner":"MUTYA, MELADIO","TaxDecNo":"10292"},"geometry":{"type":"Polygon","coordinates":[[[121.84291692876289,13.47361691495694],[121.84308186930241,13.47358311802408],[121.84311275584712,13.473576789242296],[121.84351393129297,13.473542065737083],[121.84355742474135,13.473538301147821],[121.84357339614348,13.473455550167516],[121.84355963074722,13.473401160130809],[121.84351662225112,13.473407972029195],[121.84294106523481,13.473398653828667],[121.84295875349319,13.473495549834805],[121.84286400117239,13.473533224068756],[121.84291692876289,13.47361691495694]]]}},{"type":"Feature","properties":{"Id":0,"CLN":"8381","PSGC":"174001017","Barangay":"Buliasnin","Land_Class":"AGRICULTURAL","PIN":"030-01-018-03-029","Owner":"MAGALANG, FULGENCIO","TaxDecNo":"10290"},"geometry":{"type":"Polygon","coordinates":[[[121.84293661420593,13.473849661661651],[121.84307701946032,13.47383415093073],[121.84318059253167,13.47384711073966],[121.84323272587457,13.473746256761348],[121.84311275584712,13.473576789242296],[121.84308186930241,13.47358311802408],[121.84291692876289,13.47361691495694],[121.84290004173128,13.473730332249152],[121.84286267281881,13.47377661268989],[121.84293661420593,13.473849661661651]]]}},{"type":"Feature","properties":{"Id":0,"CLN":"8375","PSGC":"174001017","Barangay":"Buliasnin","Land_Class":"AGRICULTURAL","PIN":"030-01-018-04-003","Owner":"MONTEVIRGEN, NIEVES LIVELO","TaxDecNo":"10328"},"geometry":{"type":"Polygon","coordinates":[[[121.8434693813827,13.47381276023747],[121.8435151669115,13.473768370707521],[121.84367902299579,13.473810751986592],[121.84387166779378,13.47358261435835],[121.84388249360403,13.473565577567353],[121.84386780941962,13.473547109016472],[121.84355742474138,13.47353830114782],[121.84351393129297,13.473542065737083],[121.8434877020184,13.473580795036026],[121.84340605342959,13.473714347960271],[121.8434693813827,13.47381276023747]]]}},{"type":"Feature","properties":{"Id":0,"CLN":"8380","PSGC":"174001017","Barangay":"Buliasnin","Land_Class":"AGRICULTURAL","PIN":"030-01-018-03-028","Owner":"JANTOC, REGINALD T.","TaxDecNo":"10289"},"geometry":{"type":"Polygon","coordinates":[[[121.8434877020184,13.473580795036026],[121.84351393129297,13.473542065737083],[121.84311275584712,13.473576789242296],[121.84323272587457,13.473746256761348],[121.84340605342959,13.473714347960271],[121.8434877020184,13.473580795036026]]]}},{"type":"Feature","properties":{"Id":0,"CLN":"8378","PSGC":"174001017","Barangay":"Buliasnin","Land_Class":"AGRICULTURAL","PIN":"030-01-018-03-053","Owner":"MALAPOTE, PAUL EDGAR","TaxDecNo":"10312"},"geometry":{"type":"Polygon","coordinates":[[[121.84358241949366,13.47415598580186],[121.84347251727301,13.473809719961194],[121.8434693813827,13.47381276023747],[121.84340605342959,13.473714347960271],[121.84323272587457,13.473746256761348],[121.84318059253167,13.47384711073966],[121.84307701946032,13.47383415093073],[121.84293661420593,13.473849661661651],[121.84286945843708,13.473783316413618],[121.84309020966882,13.474198528675293],[121.84351075343311,13.474159842104621],[121.84358241949366,13.47415598580186]]]}},{"type":"Feature","properties":{"Id":0,"CLN":"8352","PSGC":"174001017","Barangay":"Buliasnin","Land_Class":"AGRICULTURAL","PIN":"030-01-018-03-034","Owner":"ALIÑO, SANTIAGO","TaxDecNo":"10295"},"geometry":{"type":"Polygon","coordinates":[[[121.84355963074722,13.473401160130809],[121.84353869363852,13.47328656883318],[121.84363663679433,13.473275336547134],[121.84373968054436,13.473196365399007],[121.8437353547058,13.473102880246557],[121.84400273073453,13.473108784024932],[121.84401778383797,13.473006976170458],[121.84399892642818,13.472956418160688],[121.8440086829188,13.472913469040666],[121.84400139320597,13.47284053260018],[121.84392669976748,13.472529261147042],[121.84385302911461,13.472422664673323],[121.84353512599615,13.472533066819425],[121.84337247183343,13.472595874373988],[121.84332482105505,13.47257509263346],[121.84318241824161,13.472161719696633],[121.8430859553311,13.472171244546312],[121.84280475514386,13.472224939993696],[121.84281850443669,13.472286867677722],[121.84286279085846,13.472489925640582],[121.84285796199693,13.472617756393877],[121.84286769934583,13.472956223206074],[121.84232573141517,13.473098534625732],[121.84240500557272,13.473361021436785],[121.8427951887773,13.473234507898534],[121.8429094805546,13.47322586926984],[121.84292923189486,13.473333830940657],[121.84294106523484,13.473398653828667],[121.84351662225112,13.473407972029195],[121.84355963074722,13.473401160130809]]]}},{"type":"Feature","properties":{"Id":0,"CLN":"8376","PSGC":"174001017","Barangay":"Buliasnin","Land_Class":"AGRICULTURAL","PIN":"030-01-018-04-002","Owner":"LIVELO, NIEVES","TaxDecNo":"10327"},"geometry":{"type":"Polygon","coordinates":[[[121.84454683747083,13.473006603359376],[121.84463499477222,13.47308673064385],[121.8446293366445,13.47307833924514],[121.84480693053924,13.472887552151713],[121.84495815928848,13.473215375989835],[121.84494612089583,13.473236350325692],[121.84509723786573,13.473587539908229],[121.84509651833233,13.473589274269688],[121.84518759100287,13.473741853721503],[121.8452643575845,13.473790028572495],[121.84545410203577,13.473745977070157],[121.8455403090988,13.473678263205946],[121.84551798990577,13.473570603379866],[121.84543273324513,13.473315501417208],[121.84560792047024,13.473294497953349],[121.84556017891394,13.472898608807586],[121.8456363179213,13.472704434028406],[121.84560479310535,13.472557081320513],[121.8454537430424,13.472316298200598],[121.84543092540696,13.472313731355035],[121.84504629193152,13.472463377154295],[121.84482406979424,13.472556443813884],[121.844782014218,13.472563727651865],[121.84476656382226,13.472599173409451],[121.84474749986273,13.472591608521814],[121.84469446459849,13.472747451638472],[121.84460035418347,13.472954979050938],[121.84454758265333,13.473006142233682],[121.84454683747083,13.473006603359376]]]}},{"type":"Feature","properties":{"Id":0,"CLN":"8327","PSGC":"174001017","Barangay":"Buliasnin","Land_Class":"AGRICULTURAL","PIN":"030-01-018-05-015","Owner":"LABAGUIS, CONRADO","TaxDecNo":"10366"},"geometry":{"type":"Polygon","coordinates":[[[121.84199010473013,13.469984417964604],[121.84241582228708,13.46991317663088],[121.84226063122748,13.469402137284062],[121.842207071787,13.46918411446867],[121.84192379887618,13.469259129750819],[121.8419060032427,13.469134835408036],[121.8417928698539,13.469158616389715],[121.8417699034445,13.469174512119016],[121.8418494382923,13.469402432838503],[121.84199010473013,13.469984417964604]]]}},{"type":"Feature","properties":{"Id":0,"CLN":"8326","PSGC":"174001017","Barangay":"Buliasnin","Land_Class":"AGRICULTURAL","PIN":"030-01-018-05-017","Owner":"OPIS, RESTITUTO","TaxDecNo":"10368"},"geometry":{"type":"Polygon","coordinates":[[[121.84199010473013,13.469984417964604],[121.8418494382923,13.469402432838503],[121.8417699034445,13.469174512119016],[121.84157988781953,13.469248543632794],[121.84125952410143,13.469313673119878],[121.84131700761165,13.469404232907893],[121.84131626319186,13.469404234765678],[121.84139440949771,13.469655300206469],[121.84141652667515,13.469688102852675],[121.84152032413499,13.470105514924763],[121.8413114428697,13.47016450298747],[121.8413687217134,13.4703923529834],[121.84138159599662,13.470506263090442],[121.84170838107117,13.47045691763743],[121.8420679764134,13.47040840760059],[121.84202591820623,13.470179412517947],[121.84199010473013,13.469984417964604]]]}},{"type":"Feature","properties":{"Id":0,"CLN":"7959","PSGC":"174001017","Barangay":"Buliasnin","Land_Class":"AGRICULTURAL","PIN":"030-01-018-05-023","Owner":"MOGOL, AURELIO JR.","TaxDecNo":"10373"},"geometry":{"type":"Polygon","coordinates":[[[121.84139440949771,13.469655300206469],[121.8413162729194,13.469404266018048],[121.84131703105061,13.469404269833701],[121.84125952410143,13.469313673119863],[121.84112815855754,13.46909164538903],[121.84100971185823,13.468860676298373],[121.84090514775521,13.468802588302257],[121.84080265710595,13.468695905022681],[121.84049622723084,13.468541476149023],[121.84042699159343,13.468650341074502],[121.84036933947885,13.468781488015374],[121.8403367177858,13.468817118784047],[121.84060637871471,13.468967777867634],[121.84066341513953,13.46896444066404],[121.84086757301145,13.46934882042125],[121.84091558626837,13.469309437982128],[121.8409472316911,13.46940240837926],[121.8409475683777,13.46940344272645],[121.84101179226938,13.469558158754207],[121.84104143921883,13.469569195718217],[121.84114190224933,13.469522424775572],[121.84124677062293,13.469717295679722],[121.84139440949771,13.469655300206469]]]}},{"type":"Feature","properties":{"Id":0,"CLN":"7958","PSGC":"174001017","Barangay":"Buliasnin","Land_Class":"AGRICULTURAL","PIN":"030-01-018-05-061","Owner":"OPIS, RESTITUTO","TaxDecNo":"10405"},"geometry":{"type":"Polygon","coordinates":[[[121.84006996283367,13.46920856063212],[121.84012912657847,13.469174189082386],[121.84062651426075,13.470039625621252],[121.84063080543352,13.470037827528838],[121.84073726726528,13.470287207071857],[121.84081066579681,13.470279386899193],[121.84083258668996,13.470274937323385],[121.8413114428697,13.47016450298747],[121.84112583665949,13.469774872467596],[121.84124677062294,13.469717295679706],[121.84114190224936,13.469522424775588],[121.84104143921883,13.469569195718229],[121.84101179226938,13.469558158754207],[121.84094723169113,13.469402408379242],[121.84091558626837,13.469309437982108],[121.84086757301145,13.469348820421269],[121.84066341513953,13.46896444066404],[121.84060637871471,13.46896777786765],[121.8403367177858,13.468817118784065],[121.84010003514527,13.469075251988539],[121.84008377431279,13.469109310053346],[121.84007029362435,13.469139921096414],[121.84006996283367,13.46920856063212]]]}},{"type":"Feature","properties":{"Id":0,"CLN":"7873","PSGC":"174001017","Barangay":"Buliasnin","Land_Class":"AGRICULTURAL","PIN":"030-01-018-06-013","Owner":"MICIANO, GABRIEL","TaxDecNo":"10419"},"geometry":{"type":"Polygon","coordinates":[[[121.8368676583186,13.46939816160201],[121.83684097855775,13.469202609916396],[121.83667907449623,13.469210861298793],[121.83654479510675,13.469212039780718],[121.83617528241419,13.469170724762874],[121.83609143874016,13.469402136305414],[121.8361684630502,13.469437358923141],[121.83658973556375,13.469527419061734],[121.83687636784845,13.469534542681599],[121.8368676583186,13.46939816160201]]]}},{"type":"Feature","properties":{"Id":0,"CLN":"8345","PSGC":"174001017","Barangay":"Buliasnin","Land_Class":"AGRICULTURAL","PIN":"030-01-018-04-020","Owner":"MANGANA, ANTOLIN & MANGANA, MYRA","TaxDecNo":"10344"},"geometry":{"type":"Polygon","coordinates":[[[121.84360820751725,13.470217082052896],[121.84349591149319,13.469829827684327],[121.84337787905903,13.469814996680775],[121.84329001159252,13.469728188768496],[121.84321519905299,13.469751106825331],[121.8431813719533,13.469724365421],[121.84312675662676,13.46978393173215],[121.84308227313275,13.469767122826742],[121.84308233015679,13.46973007442336],[121.84297303481955,13.46984486636736],[121.84293563583012,13.469832474030504],[121.8427680425871,13.469890358810217],[121.84284600270834,13.470182625995433],[121.84289313347774,13.470313445590447],[121.84308146471344,13.470292316602723],[121.84346776873338,13.470187609856684],[121.84356579097482,13.470281110877348],[121.84362011891255,13.470281360916266],[121.84360684031027,13.47021815882926],[121.84360820751725,13.470217082052896]]]}},{"type":"Feature","properties":{"Id":0,"CLN":"8347","PSGC":"174001017","Barangay":"Buliasnin","Land_Class":"AGRICULTURAL","PIN":"030-01-018-04-018","Owner":"HINTAY, MARIANO","TaxDecNo":"10342"},"geometry":{"type":"Polygon","coordinates":[[[121.84323667595736,13.470647433575428],[121.84359413663438,13.47058739197804],[121.84364146371952,13.470675467137465],[121.843809819453,13.470618293447794],[121.84387500086913,13.470568122138435],[121.84399856522852,13.470690195520723],[121.84411437705032,13.47059269365038],[121.84360684031027,13.47021815882926],[121.84362011891255,13.470281360916266],[121.84356579097486,13.47028111087735],[121.84346776873338,13.470187609856684],[121.84308146471344,13.470292316602707],[121.84289313347774,13.470313445590433],[121.84292139719487,13.470483740937155],[121.84289966619106,13.470621117223354],[121.84291751709733,13.470706434774817],[121.84308334748606,13.470690701241944],[121.84323667595736,13.470647433575428]]]}},{"type":"Feature","properties":{"Id":0,"CLN":"7817","PSGC":"174001017","Barangay":"Buliasnin","Land_Class":"AGRICULTURAL","PIN":"030-01-018-02-029","Owner":"NOBLEZA, MACARIO","TaxDecNo":"10250"},"geometry":{"type":"Polygon","coordinates":[[[121.83925448408445,13.472406380890876],[121.83924764268133,13.472092968176774],[121.8389555188282,13.47207989050205],[121.83891764567545,13.472081935739],[121.83869230278763,13.472084339941077],[121.8386338865817,13.472151261916173],[121.83823263225288,13.472127009369409],[121.83819537353118,13.472187137583164],[121.83841285169126,13.472355261789936],[121.83839625990849,13.472510243542912],[121.83845951659319,13.472534656227452],[121.83878902902276,13.472468987517976],[121.83892480152382,13.47242309750317],[121.83925448408445,13.472406380890876]]]}},{"type":"Feature","properties":{"Id":0,"CLN":"7966","PSGC":"174001017","Barangay":"Buliasnin","Land_Class":"AGRICULTURAL","PIN":"030-01-018-06-002","Owner":"MONTEJO, CRISTOPHER","TaxDecNo":"01-25810"},"geometry":{"type":"Polygon","coordinates":[[[121.8392476426813,13.472092968176769],[121.8394315149119,13.472072017223288],[121.83937953512152,13.471645474848767],[121.83892532203714,13.471691952823281],[121.83874584320057,13.47169745146568],[121.83866260390222,13.471709988248497],[121.83869230278763,13.472084339941087],[121.83891764567547,13.472081935739006],[121.8389555188282,13.472079890502057],[121.8392476426813,13.472092968176769]]]}},{"type":"Feature","properties":{"Id":0,"CLN":"7820","PSGC":"174001017","Barangay":"Buliasnin","Land_Class":"AGRICULTURAL","PIN":"030-01-018-06-003","Owner":"LAMARCA, REYNALDO & LAMARCA, CRESENCIA M.","TaxDecNo":"01-30705"},"geometry":{"type":"Polygon","coordinates":[[[121.83875565724928,13.471209392246514],[121.83874584320057,13.47169745146568],[121.83892532203714,13.471691952823281],[121.83937953512152,13.471645474848767],[121.8393561253296,13.471171093877055],[121.83875565724928,13.471209392246514]]]}},{"type":"Feature","properties":{"Id":0,"CLN":"7821","PSGC":"174001017","Barangay":"Buliasnin","Land_Class":"AGRICULTURAL","PIN":"030-01-018-06-004","Owner":"DR. SULIT, HECTOR & SULIT, SILVESTRE","TaxDecNo":"10411"},"geometry":{"type":"Polygon","coordinates":[[[121.83933426733564,13.470958746076292],[121.83923860821777,13.4707790561999],[121.83892250468473,13.470793258578354],[121.83877637884312,13.470796029010149],[121.83875565724928,13.471209392246514],[121.8393561253296,13.471171093877055],[121.83933426733564,13.470958746076292]]]}},{"type":"Feature","properties":{"Id":0,"CLN":"7812","PSGC":"174001017","Barangay":"Buliasnin","Land_Class":"AGRICULTURAL","PIN":"030-01-018-06-027","Owner":"LACOSTA, LETECIA","TaxDecNo":"10431"},"geometry":{"type":"Polygon","coordinates":[[[121.83847789820598,13.471160710464186],[121.83847600396582,13.47045561440049],[121.83783126009371,13.470390005134353],[121.83785493245036,13.470424428490748],[121.837929854643,13.470873439559146],[121.8379779483742,13.471164282501341],[121.83812507893666,13.47115137538533],[121.8384630420105,13.471158106665621],[121.83847789820598,13.471160710464186]]]}},{"type":"Feature","properties":{"Id":0,"CLN":"7822","PSGC":"174001017","Barangay":"Buliasnin","Land_Class":null,"PIN":null},"geometry":{"type":"Polygon","coordinates":[[[121.83923860821774,13.470779056199895],[121.83933426733564,13.47095874607626],[121.8393561253296,13.471171093877052],[121.83939030159138,13.471160069921423],[121.83935874691649,13.470931026279036],[121.83928572421247,13.470783109167677],[121.83923860821774,13.470779056199895]]]}},{"type":"Feature","properties":{"Id":0,"CLN":"7831","PSGC":"174001017","Barangay":"Buliasnin","Land_Class":"AGRICULTURAL","PIN":"030-01-018-06-021","Owner":"JASMIN, PLACIDO","TaxDecNo":"10426"},"geometry":{"type":"Polygon","coordinates":[[[121.83892167424747,13.47001798564687],[121.83888882896444,13.469883540949025],[121.83885765518725,13.469755938061631],[121.83870382764782,13.469775837537643],[121.83868334837067,13.469778990671722],[121.83872171636484,13.469996451206313],[121.83866887080498,13.470037427709563],[121.8386831245668,13.47013848441476],[121.83857134450562,13.470173005385483],[121.83860424272632,13.47033804042526],[121.83892377384598,13.470373749475037],[121.83899240643862,13.470378329107602],[121.83892167424747,13.47001798564687]]]}},{"type":"Feature","properties":{"Id":0,"CLN":"7854","PSGC":"174001017","Barangay":"Buliasnin","Land_Class":"AGRICULTURAL","PIN":"030-01-018-06-015","Owner":"ALI, ASHLEY & ALI, EVANGELINE MANRIQUE","TaxDecNo":"10421"},"geometry":{"type":"Polygon","coordinates":[[[121.83744676078607,13.469407123629352],[121.83744598360643,13.469407130690266],[121.83735508059058,13.46901237029767],[121.8374198916618,13.468922661353028],[121.83768824253438,13.468859852030139],[121.83766715587068,13.468655734514158],[121.83761322563909,13.468650684585366],[121.83740961617173,13.468661743843406],[121.83738878479866,13.468404822333552],[121.83725140261728,13.468413787636063],[121.83712384172804,13.468420398076848],[121.83710545892886,13.468521567353015],[121.8371106116126,13.468597198589865],[121.83709716235744,13.4687159479654],[121.83689665027661,13.468720420490612],[121.83686506865742,13.468785080641116],[121.83685301492642,13.468995645417124],[121.8368581153324,13.469082077463874],[121.83702548509362,13.46908465231028],[121.837155311252,13.469416053329894],[121.83719785724296,13.470084635237688],[121.83749347375365,13.470030355131827],[121.83759635868073,13.469984457795757],[121.83744676078607,13.469407123629352]]]}},{"type":"Feature","properties":{"Id":0,"CLN":"7843","PSGC":"174001017","Barangay":"Buliasnin","Land_Class":"AGRICULTURAL","PIN":"030-01-018-06-014","Owner":"MARQUEZ, TEODORO & SALVO, MILA","TaxDecNo":"10420"},"geometry":{"type":"Polygon","coordinates":[[[121.83700078535409,13.47011609742893],[121.83719785724296,13.470084635237688],[121.837155311252,13.469416053329894],[121.83702548509362,13.46908465231028],[121.8368581153324,13.469082077463874],[121.83684097855775,13.469202609916396],[121.8368676583186,13.46939816160201],[121.83687636784845,13.469534542681599],[121.83700078535409,13.47011609742893]]]}},{"type":"Feature","properties":{"Id":0,"CLN":"7838","PSGC":"174001017","Barangay":"Buliasnin","Land_Class":"AGRICULTURAL","PIN":"030-01-018-06-029","Owner":"MANRIQUE, DEMETRIO","TaxDecNo":"10433"},"geometry":{"type":"Polygon","coordinates":[[[121.83753817498082,13.468894976388476],[121.83774860115183,13.469908642345215],[121.83759635868073,13.469984457795757],[121.83749347375365,13.470030355131842],[121.83719785724296,13.470084635237702],[121.83700078535409,13.47011609742896],[121.83700378855099,13.470131029558692],[121.83724950694382,13.47018225822251],[121.83741838329539,13.470207772098712],[121.83778483407707,13.470203284273953],[121.83775301031334,13.469924897122764],[121.83791761111245,13.469854552666567],[121.83782742445132,13.46940744899672],[121.8378277294542,13.469407449127301],[121.83771265093162,13.468883967279632],[121.83768824253438,13.468859852030139],[121.83753817498082,13.468894976388476]]]}},{"type":"Feature","properties":{"Id":0,"CLN":"7947","PSGC":"174001017","Barangay":"Buliasnin","Land_Class":"AGRICULTURAL","PIN":"030-01-018-06-025","Owner":"MONTEJO, CHRISTOPER","TaxDecNo":"10429"},"geometry":{"type":"Polygon","coordinates":[[[121.83806864686767,13.46883424078978],[121.83768963984456,13.468861232558655],[121.83771265093162,13.468883967279632],[121.83782726155486,13.46940671806382],[121.83808436877385,13.469406109242342],[121.83813226899048,13.469610144379248],[121.83830885032145,13.46958233531075],[121.83847543227866,13.469537762581089],[121.8384402890984,13.469401571672883],[121.83840465008024,13.469309608534305],[121.83836056416766,13.469297403555002],[121.83835294382436,13.468843723813068],[121.83806847349551,13.468840008365957],[121.83806864686767,13.46883424078978]]]}},{"type":"Feature","properties":{"Id":0,"CLN":"7949","PSGC":"174001017","Barangay":"Buliasnin","Land_Class":"AGRICULTURAL","PIN":"030-01-018-06-038","Owner":"LINGON, MARIA CIELO M.","TaxDecNo":"01-36801"},"geometry":{"type":"Polygon","coordinates":[[[121.83872721886306,13.469130844601683],[121.8386323124486,13.46888821936828],[121.8385938842532,13.468720025258747],[121.8385846072815,13.468609571536714],[121.83835683263776,13.468546112576757],[121.83835294382436,13.468843723813068],[121.83835828568765,13.469161753198161],[121.83872721886306,13.469130844601683]]]}},{"type":"Feature","properties":{"Id":0,"CLN":"7954","PSGC":"174001017","Barangay":"Buliasnin","Land_Class":"AGRICULTURAL","PIN":"030-01-018-06-022","Owner":"MARIANO, TERESITA JANDUSAY","TaxDecNo":"10427"},"geometry":{"type":"Polygon","coordinates":[[[121.83876297181911,13.469222245776272],[121.83856183758377,13.46926233041033],[121.83860875797926,13.469402350386398],[121.83870382764782,13.469775837537643],[121.83885765518725,13.469755938061631],[121.83882944751642,13.469599450226841],[121.83876297181911,13.469222245776272]]]}},{"type":"Feature","properties":{"Id":0,"CLN":"7708","PSGC":"174001017","Barangay":"Buliasnin","Land_Class":"AGRICULTURAL","PIN":"030-01-018-07-001","Owner":"SOLOMON, MEYNARDO B.","TaxDecNo":"01-30343"},"geometry":{"type":"Polygon","coordinates":[[[121.83453749062733,13.473203370585567],[121.83474901546117,13.473169760252743],[121.83558854284551,13.473006215557316],[121.83563855619781,13.473018698892853],[121.83574822058064,13.472884440409258],[121.83618619303635,13.472920161484133],[121.8361714689073,13.472648262575865],[121.83609824893061,13.472257406021868],[121.83567975638292,13.472400187966812],[121.83546985812453,13.472121258683371],[121.8352703618306,13.472118036714063],[121.83535314690899,13.472472183186365],[121.83538615153356,13.472442473106538],[121.83542609753975,13.472433469642178],[121.83546586567016,13.472461219912239],[121.83491646051742,13.472736628922716],[121.83476922403105,13.472766574834587],[121.83474748043578,13.472732782303368],[121.83471647314568,13.472618068096427],[121.83445268484691,13.472742589123976],[121.83461299649564,13.473017131897564],[121.8344697831741,13.473063114729593],[121.83422074589093,13.473137000381177],[121.83453749062733,13.473203370585567]]]}},{"type":"Feature","properties":{"Id":0,"CLN":"7709","PSGC":"174001017","Barangay":"Buliasnin","Land_Class":"AGRICULTURAL","PIN":"030-01-018-07-002","Owner":"SOLOMON, MEYNARDO B.","TaxDecNo":"01-30346"},"geometry":{"type":"Polygon","coordinates":[[[121.83491646051742,13.472736628922688],[121.83546586567016,13.472461219912239],[121.83542609753975,13.472433469642178],[121.83538615153356,13.472442473106554],[121.83535314690899,13.472472183186333],[121.8352703618306,13.472118036714045],[121.83519693935796,13.47205725228005],[121.83515194387242,13.472079010253598],[121.8349154217358,13.472117970217008],[121.8349527742356,13.472265879541],[121.834745613487,13.472391262553602],[121.83467376071793,13.472451562394923],[121.83471647314565,13.472618068096427],[121.83474748043578,13.472732782303336],[121.83476922403105,13.472766574834587],[121.83491646051742,13.472736628922688]]]}},{"type":"Feature","properties":{"Id":0,"CLN":"7711","PSGC":"174001017","Barangay":"Buliasnin","Land_Class":"AGRICULTURAL","PIN":"030-01-018-07-003","Owner":"MANSIA, JULIAN","TaxDecNo":"10442"},"geometry":{"type":"Polygon","coordinates":[[[121.8349527742356,13.472265879541],[121.8349154217358,13.472117970217008],[121.83475008772545,13.472179226737705],[121.83457306394571,13.472276675144357],[121.83467376071793,13.472451562394923],[121.834745613487,13.472391262553602],[121.8349527742356,13.472265879541]]]}},{"type":"Feature","properties":{"Id":0,"CLN":"7720","PSGC":"174001017","Barangay":"Buliasnin","Land_Class":"AGRICULTURAL","PIN":"030-01-018-07-005","Owner":"AMPARO OSMILLO & MAGDALENA MAAÑO","TaxDecNo":"10443"},"geometry":{"type":"Polygon","coordinates":[[[121.83474523467801,13.471212243462077],[121.83455170346721,13.471124591833073],[121.83446368609344,13.471326997659714],[121.83474693188613,13.47146090251592],[121.83474928673816,13.471805917840225],[121.83484459109924,13.471824897403563],[121.83489448168235,13.471701082134611],[121.83488529331176,13.471659690642563],[121.83489499328773,13.47159541514408],[121.8349774297632,13.47126397958888],[121.83474523467801,13.471212243462077]]]}},{"type":"Feature","properties":{"Id":0,"CLN":"7721","PSGC":"174001017","Barangay":"Buliasnin","Land_Class":"AGRICULTURAL","PIN":"030-01-018-07-006","Owner":"LEYNES, JOSE & LEYNES, MA.CRISTINA L.","TaxDecNo":"10444"},"geometry":{"type":"Polygon","coordinates":[[[121.83515471214854,13.470794910484644],[121.83520189894662,13.470699222796858],[121.83481351691871,13.470571249737837],[121.83456842356182,13.470474892120011],[121.83448636245846,13.4706836353847],[121.8343925680661,13.471032941968264],[121.83437762240642,13.471076139643577],[121.83455170346721,13.47112459183311],[121.83474523467801,13.471212243462077],[121.8349774297632,13.471263979588901],[121.83515471214854,13.470794910484644]]]}},{"type":"Feature","properties":{"Id":0,"CLN":"7762","PSGC":"174001017","Barangay":"Buliasnin","Land_Class":"AGRICULTURAL","PIN":"030-01-018-08-088","Owner":"BARDELOSA, JOSEPH L.","TaxDecNo":"10552"},"geometry":{"type":"Polygon","coordinates":[[[121.83474612938102,13.47010717001659],[121.83459265769713,13.470035123173767],[121.83453692614404,13.470132215466752],[121.83452559474934,13.470189852263783],[121.83474445963955,13.470281602876415],[121.83488677865928,13.470337825423206],[121.83493886531637,13.470180747357498],[121.83474612938102,13.47010717001659]]]}},{"type":"Feature","properties":{"Id":0,"CLN":"7761","PSGC":"174001017","Barangay":"Buliasnin","Land_Class":"AGRICULTURAL","PIN":"030-01-018-08-038","Owner":"MARQUEZ, MARCELA","TaxDecNo":"10507"},"geometry":{"type":"Polygon","coordinates":[[[121.83448636245846,13.4706836353847],[121.83456842356182,13.470474892120011],[121.83481351691871,13.470571249737837],[121.83488677865928,13.470337825423218],[121.83474445963955,13.470281602876415],[121.83452559474935,13.470189852263804],[121.83433945576485,13.470589208677696],[121.83448636245846,13.4706836353847]]]}},{"type":"Feature","properties":{"Id":0,"CLN":"7763","PSGC":"174001017","Barangay":"Buliasnin","Land_Class":"AGRICULTURAL","PIN":"030-01-018-07-016","Owner":"MARQUEZ, REGINA & MARQUEZ, DARIA","TaxDecNo":"10453"},"geometry":{"type":"Polygon","coordinates":[[[121.83510189564926,13.469810906649789],[121.83500568401546,13.469768099984647],[121.83474091477983,13.469650298086359],[121.83460395414797,13.469984697379068],[121.83459265769713,13.470035123173805],[121.83474612938102,13.470107170016606],[121.83493886531643,13.470180747357514],[121.83502249345155,13.469975566179164],[121.83510189564926,13.469810906649789]]]}},{"type":"Feature","properties":{"Id":0,"CLN":"7852","PSGC":"174001017","Barangay":"Buliasnin","Land_Class":"AGRICULTURAL","PIN":"030-01-018-07-027","Owner":"ROJO, BELLA MANRIQUE","TaxDecNo":"10464"},"geometry":{"type":"Polygon","coordinates":[[[121.83475150472152,13.469085544809074],[121.83462854525537,13.469036521914008],[121.83460588843245,13.469087093010348],[121.83539224039485,13.469409888844503],[121.83540004742707,13.469348950673867],[121.83540398738549,13.469294963686833],[121.83488245587925,13.469119729245406],[121.83475150472152,13.469085544809074]]]}},{"type":"Feature","properties":{"Id":0,"CLN":"7853","PSGC":"174001017","Barangay":"Buliasnin","Land_Class":"AGRICULTURAL","PIN":"030-01-018-07-026","Owner":"LARGO, FRANCIS J.","TaxDecNo":"30674"},"geometry":{"type":"Polygon","coordinates":[[[121.83475102869961,13.468975130067367],[121.83466993989866,13.468946706950195],[121.83462854525537,13.469036521913996],[121.83475150472152,13.469085544809062],[121.83488245587925,13.469119729245387],[121.83540398738546,13.469294963686833],[121.8354133320806,13.469264404022622],[121.83541565046232,13.469165405145784],[121.83518052199715,13.469101309190952],[121.83492027670216,13.469029959743057],[121.83475102869961,13.468975130067367]]]}},{"type":"Feature","properties":{"Id":0,"CLN":"7851","PSGC":"174001017","Barangay":"Buliasnin","Land_Class":"AGRICULTURAL","PIN":"030-01-018-07-027","Owner":"ROJO, BELLA MANRIQUE","TaxDecNo":"10464"},"geometry":{"type":"Polygon","coordinates":[[[121.83699317186911,13.470167808086815],[121.83738989598254,13.470237465620944],[121.8377942801065,13.470272330687653],[121.83778935580632,13.470248132736458],[121.83741838329539,13.470207772098712],[121.83724950694379,13.47018225822251],[121.83700378855099,13.470131029558656],[121.83699317186911,13.470167808086815]]]}},{"type":"Feature","properties":{"Id":0,"CLN":"7849","PSGC":"174001017","Barangay":"Buliasnin","Land_Class":"AGRICULTURAL","PIN":"030-01-018-07-025","Owner":"ROJO, PETER & ROJO, BELLA","TaxDecNo":"10462"},"geometry":{"type":"Polygon","coordinates":[[[121.83583312002588,13.469400939644341],[121.8354133320806,13.469264404022622],[121.83540398738546,13.469294963686833],[121.83540004742704,13.469348950673867],[121.83539224039485,13.469409888844503],[121.83579286689883,13.469595864504576],[121.83582416491032,13.46951082004756],[121.83583312002588,13.469400939644341]]]}},{"type":"Feature","properties":{"Id":0,"CLN":"7616","PSGC":"174001017","Barangay":"Buliasnin","Land_Class":null,"PIN":"030-01-011-11-001"},"geometry":{"type":"Polygon","coordinates":[[[121.83151374078608,13.465886828137663],[121.83103203289123,13.465613474292837],[121.8308571261237,13.465720653187786],[121.83055868666843,13.465547858475409],[121.83049876692334,13.465535349788226],[121.83051346467722,13.46559656761064],[121.83139953049728,13.466047908215302],[121.83151374078608,13.465886828137663]]]}},{"type":"Feature","properties":{"Id":0,"CLN":"7619","PSGC":"174001017","Barangay":"Buliasnin","Land_Class":null,"PIN":"030-01-011-11-001"},"geometry":{"type":"Polygon","coordinates":[[[121.83051346467722,13.46559656761064],[121.83050303983552,13.46566471289832],[121.83055804509861,13.46567993826922],[121.830781154048,13.465787497867293],[121.83137541483411,13.46608226919952],[121.83139953049728,13.466047908215302],[121.83051346467722,13.46559656761064]]]}},{"type":"Feature","properties":{"Id":0,"CLN":"8213","PSGC":"174001017","Barangay":"Buliasnin","Land_Class":"AGRICULTURAL","PIN":"030-01-018-17-092","Owner":"HINTAY, VALENTIN","TaxDecNo":"11091"},"geometry":{"type":"Polygon","coordinates":[[[121.83992586065307,13.461333680128643],[121.83990858690534,13.461083408342553],[121.83988803402076,13.460861104338717],[121.83995457661953,13.460846502177226],[121.8399254230362,13.460573936079435],[121.83977858785413,13.46058274621689],[121.8397511326793,13.46024512966093],[121.8392541185981,13.460503068797903],[121.83937061131925,13.460971424714053],[121.83940041328214,13.461082067825414],[121.83942877083021,13.461162581713607],[121.83969077750344,13.461117570801806],[121.83972369463464,13.461364509666598],[121.84000190731444,13.461578361832897],[121.83992586065307,13.461333680128643]]]}},{"type":"Feature","properties":{"Id":0,"CLN":"8214","PSGC":"174001017","Barangay":"Buliasnin","Land_Class":"AGRICULTURAL","PIN":"030-01-018-17-093","Owner":"MONTALBAN, CRISPINA","TaxDecNo":"11092"},"geometry":{"type":"Polygon","coordinates":[[[121.84007886363032,13.461122393409294],[121.84003999740817,13.460556719042662],[121.83992542303622,13.46057393607947],[121.83995457661953,13.46084650217724],[121.83988803402076,13.46086110433873],[121.83990858690534,13.461083408342553],[121.8399258606531,13.46133368012866],[121.84000190731447,13.461578361832897],[121.84014924444456,13.461770774080685],[121.84007886363032,13.461122393409294]]]}},{"type":"Feature","properties":{"Id":0,"CLN":"7953","PSGC":"174001017","Barangay":"Buliasnin","Land_Class":"AGRICULTURAL","PIN":"030-01-018-05-041","Owner":"OLAVIDEZ, VENERANDA M.","TaxDecNo":"10388"},"geometry":{"type":"Polygon","coordinates":[[[121.83919051841688,13.468829463177759],[121.83915784153164,13.468826076173539],[121.8386323124486,13.46888821936828],[121.83876297181911,13.469222245776272],[121.83882944751642,13.469599450226841],[121.83935713005656,13.469422611952037],[121.83934796288051,13.469398952476226],[121.83930030975054,13.469347232849966],[121.83929060047775,13.469296031699562],[121.83931918558591,13.469227091587454],[121.83937471892524,13.469156146097943],[121.83930887647547,13.469078434355035],[121.83919051841688,13.468829463177759]]]}},{"type":"Feature","properties":{"Id":0,"CLN":"7955","PSGC":"174001017","Barangay":"Buliasnin","Land_Class":"AGRICULTURAL","PIN":"030-01-018-05-048","Owner":"MURALLOS, BEATRIZ MARQUEZ","TaxDecNo":"10395"},"geometry":{"type":"Polygon","coordinates":[[[121.83984444682332,13.46963755685398],[121.83982043015254,13.469580987941425],[121.83971545794125,13.469407916485341],[121.83979160086353,13.469336653997157],[121.83958137137344,13.469067456808963],[121.83949707487092,13.46900226113195],[121.83939356922849,13.469106193370296],[121.83937471892524,13.469156146097943],[121.83931918558591,13.469227091587454],[121.83929060047775,13.469296031699562],[121.83930030975054,13.469347232849966],[121.83934796288051,13.469398952476226],[121.83935713005656,13.469422611952037],[121.83948396486686,13.469681169532578],[121.83951522109817,13.469780058830402],[121.83984444682332,13.46963755685398]]]}},{"type":"Feature","properties":{"Id":0,"CLN":"7957","PSGC":"174001017","Barangay":"Buliasnin","Land_Class":"AGRICULTURAL","PIN":"030-01-018-05-040","Owner":"HRS. OF JANDUSAY, LEONCIO","TaxDecNo":"10387"},"geometry":{"type":"Polygon","coordinates":[[[121.83935713005656,13.469422611952037],[121.83882944751642,13.469599450226841],[121.83885765518725,13.469755938061631],[121.83888882896444,13.469883540949025],[121.83896695569247,13.469882251808654],[121.83900975382026,13.46986064913495],[121.83935372321459,13.469744152555137],[121.83948396486686,13.469681169532578],[121.83935713005656,13.469422611952037]]]}},{"type":"Feature","properties":{"Id":0,"CLN":"8365","PSGC":"174001017","Barangay":"Buliasnin","Land_Class":"AGRICULTURAL","PIN":"030-01-018-04-017","Owner":"MANGANA, ANTOLIN & MANGANA, MIRAFLOR","TaxDecNo":"10341"},"geometry":{"type":"Polygon","coordinates":[[[121.84296272910645,13.47121404531394],[121.84316428096984,13.471213187572161],[121.84311129289658,13.47102711872245],[121.843172883634,13.471024891165799],[121.84308334748606,13.470690701241944],[121.84291751709733,13.470706434774817],[121.84291869703793,13.470753182171201],[121.84295045586535,13.470867433805614],[121.84289831778743,13.470901562786397],[121.84292653809888,13.471145140466295],[121.84296272910645,13.47121404531394]]]}},{"type":"Feature","properties":{"Id":0,"CLN":"8356","PSGC":"174001017","Barangay":"Buliasnin","Land_Class":"AGRICULTURAL","PIN":"030-01-018-04-016","Owner":"BU�AG, FERMIN","TaxDecNo":"01-08371"},"geometry":{"type":"Polygon","coordinates":[[[121.84303896624407,13.47159868766876],[121.84308219371667,13.471590160494513],[121.84348844364634,13.471515950082745],[121.84348108223101,13.471457967743993],[121.84354606632485,13.471448920346704],[121.84343237514659,13.471259597209604],[121.84384551334243,13.471139993852631],[121.84364146371952,13.470675467137465],[121.84359413663438,13.47058739197804],[121.84323667595736,13.470647433575428],[121.84308334748606,13.470690701241944],[121.843172883634,13.471024891165799],[121.84311129289658,13.47102711872245],[121.84316428096984,13.471213187572161],[121.84296272910645,13.47121404531394],[121.84302380379899,13.471512446596947],[121.84303896624407,13.47159868766876]]]}},{"type":"Feature","properties":{"Id":0,"CLN":"8353","PSGC":"174001017","Barangay":"Buliasnin","Land_Class":"AGRICULTURAL","PIN":"030-01-018-04-013","Owner":"DEL MAURO, JAZMIN PUNZALAN","TaxDecNo":"10338"},"geometry":{"type":"Polygon","coordinates":[[[121.84308428159581,13.471876843702876],[121.84328547505031,13.471830955873852],[121.84334182992417,13.471818102526404],[121.84340292228647,13.471823991695706],[121.84346614922885,13.471783158055034],[121.84360531050594,13.471772153638588],[121.84374909549534,13.471728381253522],[121.84376787194282,13.471795762648256],[121.84379666532413,13.471765986277958],[121.84382525213404,13.47177920297009],[121.84407421381704,13.471642019967934],[121.84405720360117,13.471604555599969],[121.84423328961353,13.471528724185257],[121.84430230014347,13.471476701089824],[121.84412761279206,13.471074216747244],[121.84403672619919,13.471096010350369],[121.84396021053297,13.471119959266822],[121.84384551334243,13.47113999385262],[121.84343237514659,13.47125959720962],[121.84354606632485,13.47144892034672],[121.84348108223104,13.471457967743993],[121.84348844364634,13.471515950082745],[121.84308219371667,13.471590160494513],[121.84303896624407,13.47159868766876],[121.84307124983395,13.471815627244606],[121.84308428159581,13.471876843702876]]]}},{"type":"Feature","properties":{"Id":0,"CLN":"7734","PSGC":"174001017","Barangay":"Buliasnin","Land_Class":"AGRICULTURAL","PIN":"030-01-018-08-021","Owner":"MARQUEZ, JOSE","TaxDecNo":"01-26132"},"geometry":{"type":"Polygon","coordinates":[[[121.82975027216366,13.471907930379738],[121.8303522437713,13.472288347687625],[121.83046860942835,13.472329959235074],[121.83064894151141,13.472415112337343],[121.83100689379567,13.472545978165847],[121.8310462807487,13.472527532608462],[121.83180542150002,13.471978208024456],[121.83193868556526,13.471847223930233],[121.8316122946288,13.471539231842172],[121.83152858399033,13.471607028167325],[121.8313614986496,13.471448056165322],[121.83094111137187,13.470961375181941],[121.83066676933956,13.471131231970094],[121.8300906011772,13.471623824406254],[121.82975027216366,13.471907930379738]]]}},{"type":"Feature","properties":{"Id":0,"CLN":"7757","PSGC":"174001017","Barangay":"Buliasnin","Land_Class":"AGRICULTURAL","PIN":"030-01-018-08-042","Owner":"DR. PABLO MARQUEZ","TaxDecNo":"10511"},"geometry":{"type":"Polygon","coordinates":[[[121.83417025418731,13.469773561565336],[121.83460395414797,13.469984697379068],[121.83474091477983,13.469650298086359],[121.83484189606763,13.469410085568798],[121.83486597664097,13.469361774140891],[121.83453737614248,13.46922618928271],[121.83438930422648,13.469424836081705],[121.83417025418731,13.469773561565336]]]}},{"type":"Feature","properties":{"Id":0,"CLN":"7802","PSGC":"174001017","Barangay":"Buliasnin","Land_Class":"AGRICULTURAL","PIN":"030-01-018-07-017","Owner":"MARQUEZ, PAZ O.","TaxDecNo":"10454"},"geometry":{"type":"Polygon","coordinates":[[[121.83486597664097,13.469361774140891],[121.83484189606763,13.469410085568798],[121.83474091477983,13.469650298086359],[121.83500568401548,13.469768099984698],[121.83512095367296,13.469458763319878],[121.83486597664097,13.469361774140891]]]}},{"type":"Feature","properties":{"Id":0,"CLN":"7805","PSGC":"174001017","Barangay":"Buliasnin","Land_Class":"AGRICULTURAL","PIN":"030-01-018-07-018","Owner":"JANDA, ERNESTO","TaxDecNo":"10455"},"geometry":{"type":"Polygon","coordinates":[[[121.83512095367296,13.469458763319878],[121.83564086414225,13.469698929177826],[121.8356529963479,13.46966901460736],[121.83513581443955,13.469431533533418],[121.83512095367296,13.469458763319878]]]}},{"type":"Feature","properties":{"Id":0,"CLN":"7868","PSGC":"174001017","Barangay":"Buliasnin","Land_Class":"AGRICULTURAL","PIN":"030-01-018-03-035","Owner":"MANUEVO, MARNEL J.","TaxDecNo":"28910"},"geometry":{"type":"Polygon","coordinates":[[[121.84308428159581,13.471876843702855],[121.84307124983395,13.47181562724459],[121.84271851150025,13.471853814869155],[121.84271546413501,13.471903292314094],[121.84280475514386,13.472224939993676],[121.84308595533109,13.472171244546281],[121.84318241824161,13.472161719696613],[121.84308428159581,13.471876843702855]]]}},{"type":"Feature","properties":{"Id":0,"CLN":"7964","PSGC":"174001017","Barangay":"Buliasnin","Land_Class":null,"PIN":null},"geometry":{"type":"Polygon","coordinates":[[[121.8393903015914,13.471160069921426],[121.8393561253296,13.471171093877055],[121.8395428691899,13.47207661918364],[121.8395748982761,13.472075888784346],[121.8393903015914,13.471160069921426]]]}},{"type":"Feature","properties":{"Id":0,"CLN":"7969","PSGC":"174001017","Barangay":"Buliasnin","Land_Class":null,"PIN":null},"geometry":{"type":"Polygon","coordinates":[[[121.83963184678036,13.472493427999591],[121.83981026373826,13.473275768329794],[121.83984225496516,13.47327893290991],[121.83966256635664,13.472491324046112],[121.83963184678036,13.472493427999591]]]}},{"type":"Feature","properties":{"Id":0,"CLN":"8339","PSGC":"174001017","Barangay":"Buliasnin","Land_Class":null,"PIN":null},"geometry":{"type":"Polygon","coordinates":[[[121.83973557255136,13.472465548130733],[121.83976891601743,13.472460454625427],[121.83969906256605,13.472187012619353],[121.83966829196106,13.472189149820819],[121.83968417969218,13.472259554581237],[121.83973557255136,13.472465548130733]]]}},{"type":"Feature","properties":{"Id":0,"CLN":"8328","PSGC":"174001017","Barangay":"Buliasnin","Land_Class":"AGRICULTURAL","PIN":"030-01-018-05-014","Owner":"MARQUEZ, PABLO","TaxDecNo":"10365"},"geometry":{"type":"Polygon","coordinates":[[[121.8427680425871,13.469890358810199],[121.84243058204217,13.469959681083292],[121.84241582228708,13.469913176630879],[121.84199010473013,13.4699844179646],[121.84202591820623,13.470179412517941],[121.84245019078043,13.470117563714885],[121.84245665208877,13.470234448375598],[121.84284600270834,13.470182625995413],[121.8427680425871,13.469890358810199]]]}},{"type":"Feature","properties":{"Id":0,"CLN":"7811","PSGC":"174001017","Barangay":"Buliasnin","Land_Class":null,"PIN":null},"geometry":{"type":"Polygon","coordinates":[[[121.8378688149807,13.470351495092586],[121.83781076432282,13.470349393574171],[121.83783126009371,13.470390005134353],[121.83891919926974,13.470500713071436],[121.83897228580895,13.470507856173725],[121.83905979506305,13.470549136326206],[121.8391003631063,13.470581002513464],[121.83916270004931,13.470645669911416],[121.83921764928786,13.470726653485638],[121.83923860821777,13.4707790561999],[121.83928572421247,13.470783109167696],[121.83924293704946,13.470696438043445],[121.83914445003961,13.470583596237999],[121.83911609504466,13.47056490594398],[121.83907938665507,13.470530710978775],[121.83903943322062,13.470514029229625],[121.83895428373961,13.470475486130633],[121.83891848463287,13.470471196417304],[121.83840230484287,13.470412618527213],[121.83804476905655,13.470372472024572],[121.8378688149807,13.470351495092586]]]}},{"type":"Feature","properties":{"Id":0,"CLN":"7823","PSGC":"174001017","Barangay":"Buliasnin","Land_Class":"AGRICULTURAL","PIN":"030-01-018-05-039","Owner":"JANDUSAY, ANGELITA","TaxDecNo":"10386"},"geometry":{"type":"Polygon","coordinates":[[[121.83944064118535,13.470951557142483],[121.83946413509828,13.470943736610247],[121.8393361419622,13.470636576857187],[121.83929938131465,13.470649106151907],[121.83944064118535,13.470951557142483]]]}},{"type":"Feature","properties":{"Id":0,"CLN":"7826","PSGC":"174001017","Barangay":"Buliasnin","Land_Class":null,"PIN":null},"geometry":{"type":"Polygon","coordinates":[[[121.8393361419622,13.470636576857187],[121.83921429506087,13.470498398764148],[121.83917917838205,13.470506262966467],[121.83929938131465,13.470649106151907],[121.8393361419622,13.470636576857187]]]}},{"type":"Feature","properties":{"Id":0,"CLN":"7827","PSGC":"174001017","Barangay":"Buliasnin","Land_Class":null,"PIN":null},"geometry":{"type":"Polygon","coordinates":[[[121.8392142950609,13.470498398764137],[121.83906472890399,13.470393196898534],[121.83902198212895,13.470407701289878],[121.83905396999211,13.470418301160773],[121.83917917838205,13.47050626296647],[121.8392142950609,13.470498398764137]]]}},{"type":"Feature","properties":{"Id":0,"CLN":"7851","PSGC":"174001017","Barangay":"Buliasnin","Land_Class":"AGRICULTURAL","PIN":"030-01-018-07-027","Owner":"ROJO, BELLA MANRIQUE","TaxDecNo":"10464"},"geometry":{"type":"Polygon","coordinates":[[[121.83603733174512,13.46974963271727],[121.83665658412855,13.470056269043527],[121.83699317186911,13.47016780808681],[121.83700378855099,13.470131029558654],[121.83667970385436,13.470029826682326],[121.83645398182695,13.469919804254703],[121.83604798838266,13.469732044244623],[121.83603733174512,13.46974963271727]]]}},{"type":"Feature","properties":{"Id":0,"CLN":"7851","PSGC":"174001017","Barangay":"Buliasnin","Land_Class":"AGRICULTURAL","PIN":"030-01-018-07-027","Owner":"ROJO, BELLA MANRIQUE","TaxDecNo":"10464"},"geometry":{"type":"Polygon","coordinates":[[[121.83539224039485,13.469409888844503],[121.83460588843242,13.469087093010346],[121.8345902711135,13.469120300454211],[121.83475521144737,13.469187545851623],[121.83532432247722,13.469408542366157],[121.83603733174512,13.469749632717287],[121.83604798838266,13.469732044244646],[121.83579286689883,13.469595864504576],[121.83539224039485,13.469409888844503]]]}},{"type":"Feature","properties":{"Id":0,"CLN":"7804","PSGC":"174001017","Barangay":"Buliasnin","Land_Class":null,"PIN":null},"geometry":{"type":"Polygon","coordinates":[[[121.83505693712354,13.469403328965464],[121.83487894099507,13.469333904379777],[121.83486597664097,13.469361774140891],[121.83512095367296,13.469458763319878],[121.83513581443955,13.469431533533418],[121.83505693712354,13.469403328965464]]]}},{"type":"Feature","properties":{"Id":0,"CLN":"7792","PSGC":"174001017","Barangay":"Buliasnin","Land_Class":"AGRICULTURAL","PIN":"030-01-018-02-032","Owner":"LACOSTA, CLODOVEO","TaxDecNo":"10253"},"geometry":{"type":"Polygon","coordinates":[[[121.83766521782704,13.472608511706234],[121.8377628533781,13.472440122012783],[121.83769469019535,13.472338157242332],[121.83754899624563,13.472251339570622],[121.83747898769012,13.47185876245359],[121.83704016057581,13.47195099864501],[121.83714499124756,13.472660613649728],[121.83766521782704,13.472608511706234]]]}},{"type":"Feature","properties":{"Id":0,"CLN":"7835","PSGC":"174001017","Barangay":"Buliasnin","Land_Class":"AGRICULTURAL","PIN":"030-01-018-06-036","Owner":"PARDILLA, JAIME B. & PARDILLA, ANA MARIE P.","TaxDecNo":"10439"},"geometry":{"type":"Polygon","coordinates":[[[121.83825910901261,13.470289041034341],[121.83826366582676,13.470318052835152],[121.83843209083034,13.470333154601155],[121.8384296147411,13.470304256592485],[121.83825910901261,13.470289041034341]]]}},{"type":"Feature","properties":{"Id":0,"CLN":"7832","PSGC":"174001017","Barangay":"Buliasnin","Land_Class":"AGRICULTURAL","PIN":"030-01-018-06-020","Owner":"OSICOS, JUANA","TaxDecNo":"10425"},"geometry":{"type":"Polygon","coordinates":[[[121.83843209083034,13.470333154601155],[121.83861384840392,13.470377903029046],[121.83860424272632,13.47033804042526],[121.8384296147411,13.470304256592485],[121.83843209083034,13.470333154601155]]]}},{"type":"Feature","properties":{"Id":0,"CLN":"7836","PSGC":"174001017","Barangay":"Buliasnin","Land_Class":null,"PIN":null},"geometry":{"type":"Polygon","coordinates":[[[121.8377942801065,13.470272330687653],[121.83826366582676,13.470318052835152],[121.83825910901261,13.470289041034341],[121.83778935580632,13.470248132736407],[121.8377942801065,13.470272330687653]]]}},{"type":"Feature","properties":{"Id":0,"CLN":"8385","PSGC":"174001017","Barangay":"Buliasnin","Land_Class":"AGRICULTURAL","PIN":"030-01-018-04-021","Owner":"GAN, EVELYN O","TaxDecNo":"10345"},"geometry":{"type":"Polygon","coordinates":[[[121.83906472890399,13.470393196898534],[121.83899240643859,13.470378329107604],[121.83900663710507,13.470402616382321],[121.83902198212895,13.470407701289878],[121.83906472890399,13.470393196898534]]]}},{"type":"Feature","properties":{"Id":0,"CLN":"8330","PSGC":"174001017","Barangay":"Buliasnin","Land_Class":"AGRICULTURAL","PIN":"030-01-018-05-049","Owner":"ALIPIO, ALBERTO M. & ALIPIO, NECITAS MAWAC","TaxDecNo":"10396"},"geometry":{"type":"Polygon","coordinates":[[[121.84139171030141,13.470660339755655],[121.8417383484823,13.47060780256101],[121.84170838107117,13.47045691763743],[121.84138159599662,13.470506263090442],[121.84136766274202,13.470597906277776],[121.84139171030141,13.470660339755655]]]}},{"type":"Feature","properties":{"Id":0,"CLN":"8371","PSGC":"174001017","Barangay":"Buliasnin","Land_Class":"AGRICULTURAL","PIN":"030-01-018-04-010","Owner":"MATINING, ANGELINA M.","TaxDecNo":"10335"},"geometry":{"type":"Polygon","coordinates":[[[121.84362773033132,13.47204341817342],[121.84364027732317,13.472114826548268],[121.84379677186688,13.472341264151122],[121.84395150215079,13.472223317707812],[121.84398408247672,13.47219902797196],[121.84401670975795,13.472164962585293],[121.84386281426127,13.471971181149025],[121.84362773033132,13.47204341817342]]]}},{"type":"Feature","properties":{"Id":0,"CLN":"7601","PSGC":"174001017","Barangay":"Buliasnin","Land_Class":null,"PIN":null},"geometry":{"type":"Polygon","coordinates":[[[121.83352137350822,13.465259767367293],[121.83354878701626,13.465265137896566],[121.83360147340362,13.465114287121892],[121.83356715097325,13.465090789798822],[121.83352137350822,13.465259767367293]]]}},{"type":"Feature","properties":{"Id":0,"CLN":"8386","PSGC":"174001017","Barangay":"Buliasnin","Land_Class":"AGRICULTURAL","PIN":"030-01-018-01-024","Owner":"MAAÑO, GENARO","TaxDecNo":"10211"},"geometry":{"type":"Polygon","coordinates":[[[121.83552790847972,13.476258146545916],[121.8351192309708,13.476901230818438],[121.83595302734939,13.477388196107427],[121.83634137732423,13.476757088901678],[121.8359170940122,13.476583450560012],[121.83575920885873,13.476372672813874],[121.83552790847972,13.476258146545916]]]}},{"type":"Feature","properties":{"Id":0,"CLN":"8386","PSGC":"174001017","Barangay":"Buliasnin","Land_Class":"AGRICULTURAL","PIN":"030-01-018-01-023","Owner":"BUENAVENTURA, FROILAN SAN & BUENAVENTURA, MAGIE R. SAN","TaxDecNo":"10210"},"geometry":{"type":"Polygon","coordinates":[[[121.83475064383002,13.476548269525209],[121.83474506321018,13.476551759778191],[121.83424129286539,13.47645823933483],[121.83414033196107,13.476444317237776],[121.83339867428673,13.477468367576648],[121.83457949480265,13.478681169683863],[121.83500170043779,13.476634033276033],[121.83475064383002,13.476548269525209]]]}},{"type":"Feature","properties":{"Id":0,"CLN":"7793","PSGC":"174001017","Barangay":"Buliasnin","Land_Class":"AGRICULTURAL","PIN":"030-01-018-02-041","Owner":"MOGOL, EDENIA M","TaxDecNo":"10261"},"geometry":{"type":"Polygon","coordinates":[[[121.83708564673036,13.472258901822864],[121.83704016057581,13.47195099864501],[121.83694775465982,13.471970421150619],[121.83681492959117,13.472011155121635],[121.83661562719399,13.472066440950313],[121.83667764478112,13.472296836801627],[121.83672258449745,13.472294113643443],[121.83672877648048,13.472319613976914],[121.83708564673036,13.472258901822864]]]}},{"type":"Feature","properties":{"Id":0,"CLN":"7776","PSGC":"174001017","Barangay":"Buliasnin","Land_Class":"AGRICULTURAL","PIN":"030-01-018-02-034","Owner":"LOZANO, JOSEFINO","TaxDecNo":"10254"},"geometry":{"type":"Polygon","coordinates":[[[121.83811194197601,13.47457955813639],[121.83783509785633,13.47463596178138],[121.83789863904049,13.474812006369872],[121.83819159864227,13.474829518970655],[121.83811194197601,13.47457955813639]]]}},{"type":"Feature","properties":{"Id":0,"CLN":"7774","PSGC":"174001017","Barangay":"Buliasnin","Land_Class":"AGRICULTURAL","PIN":"030-01-018-02-042","Owner":"LOZANO, JOSEFINO","TaxDecNo":"10262"},"geometry":{"type":"Polygon","coordinates":[[[121.8375321244399,13.474869747559492],[121.83737954801596,13.474405576847994],[121.83712221660846,13.474483245641514],[121.83715465894296,13.474602556558985],[121.83725940692734,13.474706044801518],[121.837288327222,13.474700119652258],[121.83734099617759,13.474904350463039],[121.83748765164076,13.474876753823645],[121.8375321244399,13.474869747559492]]]}},{"type":"Feature","properties":{"Id":0,"CLN":"7774","PSGC":"174001017","Barangay":"Buliasnin","Land_Class":"AGRICULTURAL","PIN":"030-01-018-02-007","Owner":"LOZANO, JOSEFINO","TaxDecNo":"01-29017"},"geometry":{"type":"Polygon","coordinates":[[[121.83779871721782,13.474535166973306],[121.83771535996765,13.474304220259203],[121.83737954801596,13.474405576847994],[121.83745176109235,13.47462526495905],[121.83779871721782,13.474535166973306]]]}},{"type":"Feature","properties":{"Id":0,"CLN":"7605","PSGC":"174001017","Barangay":"Buliasnin","Land_Class":"AGRICULTURAL","PIN":"030-01-018-03-060","Owner":"MAGALANG, ROGELIO M.","TaxDecNo":"10319"},"geometry":{"type":"Polygon","coordinates":[[[121.84184554929791,13.475307026608439],[121.84147798551354,13.475430250587374],[121.84150894280313,13.475481038888663],[121.84160128206311,13.475590527278742],[121.84193398740922,13.475497136714058],[121.8419095152328,13.475436433592275],[121.84184554929791,13.475307026608439]]]}},{"type":"Feature","properties":{"Id":0,"CLN":"8350","PSGC":"174001017","Barangay":"Buliasnin","Land_Class":"AGRICULTURAL","PIN":"030-01-018-04-026","Owner":"BARANGAY BULIASNIN","TaxDecNo":"10350"},"geometry":{"type":"Polygon","coordinates":[[[121.84385199031568,13.471974507156972],[121.84382592825072,13.471778830416488],[121.84382525213404,13.47177920297009],[121.8437966653241,13.47176598627796],[121.84376787194279,13.471795762648256],[121.84374909549534,13.471728381253522],[121.84360531050594,13.471772153638588],[121.84346614922882,13.471783158055],[121.84362773033132,13.47204341817342],[121.84385199031568,13.471974507156972]]]}},{"type":"Feature","properties":{"Id":0,"CLN":"8350","PSGC":"174001017","Barangay":"Buliasnin","Land_Class":"AGRICULTURAL","PIN":"030-01-018-04-025","Owner":"MAGCAMIT, ANITA M.","TaxDecNo":"10349"},"geometry":{"type":"Polygon","coordinates":[[[121.84428613962501,13.471969475357056],[121.84407421381704,13.471642019967902],[121.84382592825072,13.471778830416488],[121.84385199031568,13.471974507156972],[121.84386281426127,13.471971181149025],[121.8439937197776,13.47213601419003],[121.84428613962501,13.471969475357056]]]}},{"type":"Feature","properties":{"Id":0,"CLN":"7117","PSGC":"174001017","Barangay":"Buliasnin","Land_Class":"AGRICULTURAL","PIN":"030-01-018-04-022","Owner":"HERNANDEZ, GERMAN L.","TaxDecNo":"10346"},"geometry":{"type":"Polygon","coordinates":[[[121.84476106646105,13.471244638806713],[121.8447300196856,13.471104807078701],[121.8447252050664,13.470914115756667],[121.84466790589653,13.470913852283255],[121.84450020561168,13.47097226284331],[121.84448266154622,13.470978373490567],[121.84447454992741,13.471006428375233],[121.84457439066743,13.471289402019138],[121.84476106646105,13.471244638806713]]]}},{"type":"Feature","properties":{"Id":0,"CLN":"8385","PSGC":"174001017","Barangay":"Buliasnin","Land_Class":"AGRICULTURAL","PIN":"030-01-018-04-021","Owner":"GAN, EVELYN O","TaxDecNo":"10345"},"geometry":{"type":"Polygon","coordinates":[[[121.84349591149319,13.469829827684327],[121.84360820751725,13.470217082052896],[121.84366137580122,13.470175208092996],[121.84373926462764,13.470218768254119],[121.84383140596947,13.470122819179133],[121.84367564433342,13.470032375757874],[121.84385298137862,13.469811059157857],[121.84353789082728,13.469726845430595],[121.84351136643672,13.469831769623672],[121.84349591149319,13.469829827684327]]]}},{"type":"Feature","properties":{"Id":0,"CLN":"7930","PSGC":"174001017","Barangay":"Buliasnin","Land_Class":null,"PIN":"303-01-018-04-005"},"geometry":{"type":"Polygon","coordinates":[[[121.84417672074285,13.470563523394715],[121.84411437705032,13.47059269365038],[121.8442542588524,13.470741843063264],[121.84449867895071,13.4709708325647],[121.84417672074285,13.470563523394715]]]}},{"type":"Feature","properties":{"Id":0,"CLN":"8375","PSGC":"174001017","Barangay":"Buliasnin","Land_Class":"AGRICULTURAL","PIN":"030- 01-018-04-003","Owner":"MARTINEZ, MIGUEL & MARTINEZ, JUSTINO","TaxDecNo":"01-08334"},"geometry":{"type":"Polygon","coordinates":[[[121.84445358688288,13.472265597730896],[121.84472264802224,13.472664635213308],[121.84474749986273,13.472591608521778],[121.84476656382225,13.472599173409401],[121.84478201421798,13.472563727651819],[121.84482406979424,13.472556443813852],[121.84504629193152,13.472463377154295],[121.84485541145678,13.472040036475464],[121.84445358688288,13.472265597730896]]]}},{"type":"Feature","properties":{"Id":0,"CLN":"8375","PSGC":"174001017","Barangay":"Buliasnin","Land_Class":"AGRICULTURAL","PIN":"030- 01-018-04-003","Owner":"MARTINEZ, MIGUEL & MARTINEZ, JUSTINO","TaxDecNo":"01-08334"},"geometry":{"type":"Polygon","coordinates":[[[121.8441974770067,13.472429704304568],[121.84458550976548,13.472969371050846],[121.84460035418347,13.472954979050938],[121.84469446459849,13.472747451638472],[121.84472264802224,13.472664635213308],[121.84445358688288,13.472265597730896],[121.84439959712036,13.472295904400504],[121.84437292917451,13.47228082728856],[121.84429434156289,13.472338414242813],[121.84425589948644,13.472388708638302],[121.8441974770067,13.472429704304568]]]}},{"type":"Feature","properties":{"Id":0,"CLN":"8376","PSGC":"174001017","Barangay":"Buliasnin","Land_Class":"AGRICULTURAL","PIN":"030-01-018-04-002","Owner":"LIVELO, NIEVES","TaxDecNo":"10327"},"geometry":{"type":"Polygon","coordinates":[[[121.84426954288604,13.473091051786163],[121.84422277233624,13.473028014386006],[121.8441870049424,13.473018503300622],[121.84416299539423,13.473046432410532],[121.8441512824487,13.472999645891472],[121.84401778383797,13.473006976170458],[121.84400273073453,13.473108784024932],[121.84407104721228,13.473174767460243],[121.84422124492772,13.473184487357239],[121.84426954288604,13.473091051786163]]]}},{"type":"Feature","properties":{"Id":0,"CLN":"8376","PSGC":"174001017","Barangay":"Buliasnin","Land_Class":"AGRICULTURAL","PIN":"030-01-018-04-002","Owner":"LIVELO, NIEVES","TaxDecNo":"10327"},"geometry":{"type":"Polygon","coordinates":[[[121.84445502409363,13.473291449152766],[121.84439496957046,13.473073332989035],[121.84427496033592,13.473098353428757],[121.84426954288604,13.473091051786163],[121.84422124492772,13.473184487357239],[121.84422410064714,13.473184672161437],[121.84418442869618,13.473335640476236],[121.8442224756218,13.473418127018485],[121.84429350606015,13.47340625951603],[121.84445402896074,13.47329016638912],[121.84445502409363,13.473291449152766]]]}},{"type":"Feature","properties":{"Id":0,"CLN":"8376","PSGC":"174001017","Barangay":"Buliasnin","Land_Class":"AGRICULTURAL","PIN":"030-01-018-04-002","Owner":"LIVELO, NIEVES","TaxDecNo":"10327"},"geometry":{"type":"Polygon","coordinates":[[[121.84463499477222,13.47308673064385],[121.84454683747083,13.473006603359376],[121.8444613750687,13.473059488237364],[121.84439496957046,13.473073332989035],[121.84445502409363,13.473291449152766],[121.84450860457201,13.473360516374257],[121.84473838695301,13.473240068353956],[121.84463499477222,13.47308673064385]]]}},{"type":"Feature","properties":{"Id":0,"CLN":"8386","PSGC":"174001017","Barangay":"Buliasnin","Land_Class":"AGRICULTURAL","PIN":"030-01-018-01-023","Owner":"BUENAVENTURA, FROILAN SAN & BUENAVENTURA, MAGIE R. SAN","TaxDecNo":"10210"},"geometry":{"type":"Polygon","coordinates":[[[121.83475064383002,13.476548269525209],[121.83500170043779,13.476634033276033],[121.83457949480265,13.478681169683863],[121.83473808545322,13.47884405435083],[121.834931082996,13.479048936654412],[121.83595302734939,13.477388196107427],[121.8351192309708,13.476901230818438],[121.83552790847972,13.476258146545916],[121.83552039170793,13.476254424679869],[121.83530602575475,13.476200919224526],[121.83475064383002,13.476548269525209]]]}},{"type":"Feature","properties":{"Id":0,"CLN":"8378","PSGC":"174001017","Barangay":"Buliasnin","Land_Class":"AGRICULTURAL","PIN":"030-01-018-03-057","Owner":"NO CLAIMANT, -","TaxDecNo":"10316"},"geometry":{"type":"Polygon","coordinates":[[[121.84251733960457,13.474233895144087],[121.84227844332953,13.473800415989322],[121.84226576863936,13.473805966473735],[121.84226612546261,13.473806178866525],[121.84241869624782,13.474693520090904],[121.84251733960457,13.474233895144087]]]}},{"type":"Feature","properties":{"Id":0,"CLN":"8378","PSGC":"174001017","Barangay":"Buliasnin","Land_Class":"AGRICULTURAL","PIN":"030-01-018-03-056","Owner":"LUGTU, LUCILA J. & JANDUSAY, ALBERTO M. & MINAY, OFELIA J. & JANDUSAY, RENAN & JANDUSAY, ALDRIN","TaxDecNo":"10315"},"geometry":{"type":"Polygon","coordinates":[[[121.84260824063519,13.473655991241467],[121.84260120262485,13.473648168465154],[121.84257891580164,13.473563055448093],[121.84259895098735,13.473536051752145],[121.84244950577175,13.473454710386635],[121.84240500557272,13.473361021436785],[121.84221624145584,13.473416866860653],[121.8421922022808,13.473352600458787],[121.84211695936483,13.473420075297172],[121.84205682003561,13.47355881358455],[121.8420335951469,13.473667769064813],[121.84226576863936,13.473805966473735],[121.84260824063519,13.473655991241467]]]}},{"type":"Feature","properties":{"Id":0,"CLN":"8378","PSGC":"174001017","Barangay":"Buliasnin","Land_Class":"AGRICULTURAL","PIN":"030-01-018-03-055","Owner":"MALAPOTE, ROMULO J. & MALAPOTE, MANUEL & MALAPOTE, CELSO & MALAPOTE, AGAPITO & SIENA, BELEN M. & FELISAN, FE","TaxDecNo":"10314"},"geometry":{"type":"Polygon","coordinates":[[[121.84309020966882,13.474198528675293],[121.84286945843708,13.473783316413618],[121.84286267281881,13.47377661268989],[121.84290004173128,13.473730332249152],[121.84281330087774,13.473744070423958],[121.84271221168272,13.473737545695176],[121.84265046765206,13.473702926723874],[121.84260824063519,13.473655991241467],[121.84227844332953,13.473800415989322],[121.84251733960457,13.474233895144087],[121.84252002498884,13.474221382668524],[121.84307732532307,13.474199713917818],[121.84309020966882,13.474198528675293]]]}},{"type":"Feature","properties":{"Id":0,"CLN":"8378","PSGC":"174001017","Barangay":"Buliasnin","Land_Class":"AGRICULTURAL","PIN":"030-01-018-03-053","Owner":"MALAPOTE, PAUL EDGAR","TaxDecNo":"10312"},"geometry":{"type":"Polygon","coordinates":[[[121.84347251727301,13.473809719961194],[121.84358241949366,13.47415598580186],[121.84378223159669,13.474145233937099],[121.84397060699658,13.473826960805141],[121.84387166779378,13.47358261435835],[121.84367902299579,13.473810751986592],[121.8435151669115,13.473768370707521],[121.84347251727301,13.473809719961194]]]}},{"type":"Feature","properties":{"Id":0,"CLN":"21067sec 4b","PSGC":"174001017","Barangay":"Buliasnin","Land_Class":"AGRICULTURAL","PIN":"030-01-018-05-054","Owner":"LARGO, GUMERSINDO O.","TaxDecNo":"10400"},"geometry":{"type":"Polygon","coordinates":[[[121.84016502384482,13.4717187705954],[121.83982186296925,13.471784856877857],[121.83985272955114,13.47178079269128],[121.83995390992335,13.472160694260898],[121.84026210092001,13.472087714493519],[121.84016502384482,13.4717187705954]]]}},{"type":"Feature","properties":{"Id":0,"CLN":"7958","PSGC":"174001017","Barangay":"Buliasnin","Land_Class":"AGRICULTURAL","PIN":"030-01-018-05-060","Owner":"CALAYO, VICTOR JUAN P. & CALAYO, ALMIE A.","TaxDecNo":"10404"},"geometry":{"type":"Polygon","coordinates":[[[121.84062651426075,13.470039625621252],[121.84012912657847,13.469174189082386],[121.84006996283367,13.46920856063212],[121.8400699466122,13.469211926598899],[121.83979160086353,13.469336653997157],[121.83971545794125,13.469407916485341],[121.83982043015254,13.469580987941425],[121.83999663037325,13.469996009674759],[121.84007718831312,13.469976448300521],[121.84012253215657,13.470100647587545],[121.84018315045536,13.470233092538479],[121.8403031917515,13.47016824530953],[121.84047642423569,13.470102516458985],[121.84062651426075,13.470039625621252]]]}},{"type":"Feature","properties":{"Id":0,"CLN":"7955","PSGC":"174001017","Barangay":"Buliasnin","Land_Class":"AGRICULTURAL","PIN":"030-01-018-05-38","Owner":"MARQUEZ, FELIX","TaxDecNo":"01-08425"},"geometry":{"type":"Polygon","coordinates":[[[121.83984444682332,13.46963755685398],[121.83951522109817,13.469780058830402],[121.8395552710962,13.469906769973747],[121.83968415524494,13.470125369487048],[121.83986258864846,13.47007714244049],[121.83999663037325,13.469996009674759],[121.83984444682332,13.46963755685398]]]}},{"type":"Feature","properties":{"Id":0,"CLN":"8358","PSGC":"174001017","Barangay":"Buliasnin","Land_Class":"AGRICULTURAL","PIN":"030-01-018-05-063","Owner":"LARGO, ROMEO","TaxDecNo":"10407"},"geometry":{"type":"Polygon","coordinates":[[[121.84125589651644,13.471896127177107],[121.8409666018749,13.471821731301345],[121.84101293952887,13.472150233368437],[121.84126590508578,13.472125737999983],[121.84125389807112,13.471896555495984],[121.84125589651644,13.471896127177107]]]}},{"type":"Feature","properties":{"Id":0,"CLN":"8358","PSGC":"174001017","Barangay":"Buliasnin","Land_Class":"AGRICULTURAL","PIN":"030-01-018-05-062","Owner":"MARCIANO, LORENZO","TaxDecNo":"10406"},"geometry":{"type":"Polygon","coordinates":[[[121.84125970312496,13.471895311321783],[121.84122709301074,13.471366546368424],[121.84085616156064,13.471317332466777],[121.84086136460373,13.471344839690984],[121.84093687325228,13.471610975495482],[121.8409666018749,13.471821731301345],[121.84125589651644,13.471896127177107],[121.84125970312496,13.471895311321783]]]}},{"type":"Feature","properties":{"Id":0,"CLN":"8358","PSGC":"174001017","Barangay":"Buliasnin","Land_Class":null,"PIN":"030-01-018-05-58"},"geometry":{"type":"Polygon","coordinates":[[[121.84255954840833,13.471217697128942],[121.84266647525004,13.470915396601889],[121.84213166669473,13.470947307274423],[121.84203539370871,13.471321325490804],[121.84255954840833,13.471217697128942]]]}},{"type":"Feature","properties":{"Id":0,"CLN":"7812","PSGC":"174001017","Barangay":"Buliasnin","Land_Class":"AGRICULTURAL","PIN":"030-01-018-05-005","Owner":"MADLA, ALVARO","TaxDecNo":"10356"},"geometry":{"type":"Polygon","coordinates":[[[121.83847600396582,13.47045561440049],[121.83847789820598,13.471160710464186],[121.83875565724928,13.471209392246514],[121.83877637884312,13.470796029010149],[121.83892250468473,13.470793258578354],[121.83923860821777,13.4707790561999],[121.83921764928786,13.470726653485638],[121.83916270004931,13.47064566991145],[121.8391003631063,13.470581002513464],[121.83905979506308,13.470549136326204],[121.83897228580895,13.470507856173679],[121.83891919926974,13.470500713071436],[121.83847600396582,13.47045561440049]]]}},{"type":"Feature","properties":{"Id":0,"CLN":"7947","PSGC":"174001017","Barangay":"Buliasnin","Land_Class":"AGRICULTURAL","PIN":"030-01-018-06-028","Owner":"MANGUERA, FELIX","TaxDecNo":"10432"},"geometry":{"type":"Polygon","coordinates":[[[121.83806864686767,13.46883424078978],[121.83808016022105,13.468451224271025],[121.83809750099572,13.468415300918474],[121.83807804379636,13.468381607657628],[121.8379437165986,13.468265775229487],[121.83788946197816,13.468327930454704],[121.83782910883012,13.468637281689713],[121.83766715587068,13.468655734514158],[121.83768824253438,13.468859852030139],[121.83768963984456,13.468861232558655],[121.83806864686767,13.46883424078978]]]}},{"type":"Feature","properties":{"Id":0,"CLN":"7949","PSGC":"174001017","Barangay":"Buliasnin","Land_Class":"AGRICULTURAL","PIN":"030-01-018-06-042","Owner":"LINGON, MARIA CIELO M.","TaxDecNo":"10440"},"geometry":{"type":"Polygon","coordinates":[[[121.83872721886306,13.469130844601683],[121.83835828568765,13.469161753198161],[121.83836056416766,13.469297403555002],[121.83840465008024,13.469309608534305],[121.8384402890984,13.469401571672883],[121.83847543227866,13.469537762581089],[121.83854787433444,13.469799849165923],[121.83868334837065,13.469778990671722],[121.83870382764782,13.469775837537643],[121.83860875797926,13.469402350386398],[121.83856183758377,13.46926233041033],[121.83876297181911,13.469222245776272],[121.83872721886306,13.469130844601683]]]}},{"type":"Feature","properties":{"Id":0,"CLN":"7834","PSGC":"174001017","Barangay":"Buliasnin","Land_Class":"AGRICULTURAL","PIN":"030-01-018-06-035","Owner":"PARDILLA, JAIME B. & PARDILLA, ANA MARIE P.","TaxDecNo":"10438"},"geometry":{"type":"Polygon","coordinates":[[[121.83821311503958,13.4695974122835],[121.83813226899048,13.469610144379248],[121.83818754269984,13.46984558718556],[121.83816857001973,13.469849621533223],[121.83825910901261,13.470289041034341],[121.83834110790964,13.470296358451094],[121.83821311503958,13.4695974122835]]]}},{"type":"Feature","properties":{"Id":0,"CLN":"7736","PSGC":"174001017","Barangay":"Buliasnin","Land_Class":"AGRICULTURAL","PIN":"030-01-018-08-074","Owner":"DR. LEONIDA, GAUDENCIO","TaxDecNo":"10540"},"geometry":{"type":"Polygon","coordinates":[[[121.83003454224064,13.472688694169621],[121.83040061746219,13.472801753007447],[121.83064894151141,13.472415112337343],[121.83046860942835,13.472329959235074],[121.8303522437713,13.472288347687625],[121.83003454224064,13.472688694169621]]]}},{"type":"Feature","properties":{"Id":0,"CLN":"7675","PSGC":"174001017","Barangay":"Buliasnin","Land_Class":"AGRICULTURAL","PIN":"030-01-011-10-002","Owner":"MAZON, FELIMON","TaxDecNo":"01-08560"},"geometry":{"type":"Polygon","coordinates":[[[121.8290289499627,13.471278776114453],[121.82889413766405,13.471098131125633],[121.8287783970916,13.47103471934628],[121.82802310109774,13.472511737312576],[121.82825233175375,13.47265452843322],[121.8290289499627,13.471278776114453]]]}},{"type":"Feature","properties":{"Id":0,"CLN":"7658","PSGC":"174001017","Barangay":"Buliasnin","Land_Class":"AGRICULTURAL","PIN":"030-01-018-08-069","Owner":"OSACDIN, CONCEPCION","TaxDecNo":"10542"},"geometry":{"type":"Polygon","coordinates":[[[121.82810441987374,13.468642193884888],[121.82830399711358,13.468843677002887],[121.82849639827569,13.46872345828618],[121.82839199302238,13.468608010696089],[121.82825237339665,13.468538872396532],[121.82812454706232,13.468614101543762],[121.82810441987374,13.468642193884888]]]}},{"type":"Feature","properties":{"Id":0,"CLN":"7661","PSGC":"174001017","Barangay":"Buliasnin","Land_Class":"AGRICULTURAL","PIN":"030-01-018-08-085","Owner":"MENDOZA, RUFINO","TaxDecNo":"10549"},"geometry":{"type":"Polygon","coordinates":[[[121.82872546238416,13.469337794832406],[121.82801523162449,13.469941652283453],[121.82807228541289,13.470108348389454],[121.82836030990548,13.469982500916943],[121.82824098063286,13.469852307799494],[121.82875816729512,13.46937041600791],[121.82872546238416,13.469337794832406]]]}},{"type":"Feature","properties":{"Id":0,"CLN":"7661","PSGC":"174001017","Barangay":"Buliasnin","Land_Class":"AGRICULTURAL","PIN":"030-01-018-08-084","Owner":"LOZANO, RUSSEL P. & LOZANO, LAILA P.","TaxDecNo":"10548"},"geometry":{"type":"Polygon","coordinates":[[[121.82863236260526,13.469244939442293],[121.82796360039634,13.469790799282366],[121.82801523162449,13.469941652283453],[121.82872546238416,13.469337794832406],[121.82863236260526,13.469244939442293]]]}},{"type":"Feature","properties":{"Id":0,"CLN":"7661","PSGC":"174001017","Barangay":"Buliasnin","Land_Class":"AGRICULTURAL","PIN":"030-01-018-08-082","Owner":"LOZANO, RUSSEL P. & LOZANO, LAILA P.","TaxDecNo":"10546"},"geometry":{"type":"Polygon","coordinates":[[[121.82843341835918,13.469143213014226],[121.82829257301262,13.469008687046173],[121.82790633181281,13.469288172829037],[121.82793343897583,13.469568418433708],[121.82843341835918,13.469143213014226]]]}},{"type":"Feature","properties":{"Id":0,"CLN":"7660-A","PSGC":"174001017","Barangay":"Buliasnin","Land_Class":"AGRICULTURAL","PIN":null,"Owner":"MABIOG, ENRIQUETA LUCI","TaxDecNo":"10613"},"geometry":{"type":"Polygon","coordinates":[[[121.83178450373828,13.469072300513831],[121.83190797977123,13.468865652402075],[121.83190438482846,13.468865886922423],[121.83163007003687,13.468769590388481],[121.83148948375698,13.469050414676781],[121.83174535853806,13.469171725601578],[121.83177840499182,13.46908250729608],[121.83178248268533,13.469071498396593],[121.83178450373828,13.469072300513831]]]}},{"type":"Feature","properties":{"Id":0,"CLN":"7660-J","PSGC":"174001017","Barangay":"Buliasnin","Land_Class":"RESIDENTIAL","PIN":"030-01-018-09-207","Owner":"SENA, ARMANDO S.J.","TaxDecNo":"10602"},"geometry":{"type":"Polygon","coordinates":[[[121.83181835881162,13.468272483055333],[121.83194146465264,13.468302297722088],[121.83198099918484,13.468177787203125],[121.83186206911225,13.468148548733103],[121.83181835881162,13.468272483055333]]]}},{"type":"Feature","properties":{"Id":0,"CLN":"7660-K","PSGC":"174001017","Barangay":"Buliasnin","Land_Class":"RESIDENTIAL","PIN":null,"Owner":"LARGO, DELFIN","TaxDecNo":"10603"},"geometry":{"type":"Polygon","coordinates":[[[121.83191059254192,13.46829482089631],[121.83181835881162,13.468272483055333],[121.83176548240723,13.468422406351872],[121.83185718584812,13.468451296904487],[121.83191059254192,13.46829482089631]]]}},{"type":"Feature","properties":{"Id":0,"CLN":"7660-I","PSGC":"174001017","Barangay":"Buliasnin","Land_Class":null,"PIN":null},"geometry":{"type":"Polygon","coordinates":[[[121.83203742855099,13.46834136085979],[121.83194302135891,13.468307732865451],[121.83190764373153,13.468416708946606],[121.83200358061778,13.46844864895758],[121.83203742855099,13.46834136085979]]]}},{"type":"Feature","properties":{"Id":0,"CLN":"7660-H","PSGC":"174001017","Barangay":"Buliasnin","Land_Class":"RESIDENTIAL","PIN":"030-01-018-09-208","Owner":"SPOUSES LARGO, DANILO O. & LARGO, RITCHELDA L.","TaxDecNo":"10605"},"geometry":{"type":"Polygon","coordinates":[[[121.83217664962967,13.468390951553083],[121.83203742855099,13.46834136085979],[121.83200358061778,13.46844864895758],[121.83213696135795,13.46849305497754],[121.83217664962967,13.468390951553083]]]}},{"type":"Feature","properties":{"Id":0,"CLN":"7660-G","PSGC":"174001017","Barangay":"Buliasnin","Land_Class":"RESIDENTIAL","PIN":"030-01-018-09-207","Owner":"LAGULOS, ROCHELLE SENA","TaxDecNo":"32142"},"geometry":{"type":"Polygon","coordinates":[[[121.83232846529476,13.46844472042928],[121.8323021584724,13.468435657852078],[121.83217664962967,13.468390951553083],[121.83213696135795,13.46849305497754],[121.8322918880569,13.468544634117219],[121.83232846529476,13.46844472042928]]]}},{"type":"Feature","properties":{"Id":0,"CLN":"7660-F","PSGC":"174001017","Barangay":"Buliasnin","Land_Class":"RESIDENTIAL","PIN":"030-01-018-09-196","Owner":"SENA, CLEMENTE S.J","TaxDecNo":"10608"},"geometry":{"type":"Polygon","coordinates":[[[121.83232846529476,13.46844472042928],[121.8322918880569,13.468544634117219],[121.83240316148306,13.468581679872724],[121.83243932016724,13.468482909377288],[121.83232846529476,13.46844472042928]]]}},{"type":"Feature","properties":{"Id":0,"CLN":"7660","PSGC":"174001017","Barangay":"Buliasnin","Land_Class":"RESIDENTIAL","PIN":null,"Owner":"JOSE & FAUSTINA SENA","TaxDecNo":"10614"},"geometry":{"type":"Polygon","coordinates":[[[121.83209387624781,13.468527992536819],[121.83238746705067,13.468624550507947],[121.83240316148306,13.468581679872724],[121.83190764373153,13.468416708946606],[121.83194302135891,13.468307732865451],[121.83194007241575,13.468306682446439],[121.83194146465264,13.468302297722088],[121.83191059254192,13.46829482089631],[121.83185718584812,13.468451296904487],[121.83209471721894,13.468526129382516],[121.83209387624781,13.468527992536819]]]}},{"type":"Feature","properties":{"Id":0,"CLN":"7660","PSGC":"174001017","Barangay":"Buliasnin","Land_Class":"RESIDENTIAL","PIN":null,"Owner":"JOSE & FAUSTINA SENA","TaxDecNo":"10614"},"geometry":{"type":"Polygon","coordinates":[[[121.83221971285624,13.468701951822263],[121.83234540301906,13.46874304248087],[121.83235020914589,13.468726323471259],[121.83238746705067,13.468624550507947],[121.83226282753475,13.46858355833811],[121.83221971285624,13.468701951822263]]]}},{"type":"Feature","properties":{"Id":0,"CLN":"7660","PSGC":"174001017","Barangay":"Buliasnin","Land_Class":"RESIDENTIAL","PIN":"030-01-018-09-213","Owner":"JOSE & FAUSTINA SENA","TaxDecNo":"10614"},"geometry":{"type":"Polygon","coordinates":[[[121.83234540301906,13.46874304248087],[121.83221971285624,13.468701951822263],[121.83219309401231,13.468775047453846],[121.83232284141185,13.468821527207142],[121.83234540301906,13.46874304248087]]]}},{"type":"Feature","properties":{"Id":0,"CLN":"8022","PSGC":"174001017","Barangay":"Buliasnin","Land_Class":"AGRICULTURAL","PIN":"030-01-018-15-061","Owner":"LLAMAS, FERNANDO M.","TaxDecNo":"10944"},"geometry":{"type":"Polygon","coordinates":[[[121.84116348683585,13.468287420834518],[121.8410638044092,13.46825798301485],[121.84080102443393,13.468271055454952],[121.84073029797028,13.468443546289627],[121.84084031915809,13.468514260764472],[121.84084013336813,13.468515156831272],[121.84116263577761,13.468541277640778],[121.84117549176723,13.468429398064849],[121.84116348683585,13.468287420834518]]]}},{"type":"Feature","properties":{"Id":0,"CLN":"8022","PSGC":"174001017","Barangay":"Buliasnin","Land_Class":"AGRICULTURAL","PIN":"030-01-018-15-060","Owner":"MAGALANG, EDEN JANDUSAY","TaxDecNo":"10943"},"geometry":{"type":"Polygon","coordinates":[[[121.84116263577761,13.468541277640778],[121.84084013336813,13.468515156831272],[121.84080265710595,13.468695905022681],[121.84090514775524,13.468802588302257],[121.84100971185823,13.468860676298373],[121.84155231269864,13.468863178314923],[121.84154429437652,13.4686183170726],[121.84116205318266,13.468546347684414],[121.84116263577761,13.468541277640778]]]}},{"type":"Feature","properties":{"Id":0,"CLN":"8309","PSGC":"174001017","Barangay":"Buliasnin","Land_Class":"AGRICULTURAL","PIN":"030-01-018-15-049","Owner":"MANRIQUE, FRANCISCO","TaxDecNo":"10933"},"geometry":{"type":"Polygon","coordinates":[[[121.84102126050941,13.467702501456573],[121.84080316410476,13.468270949014475],[121.8410659558729,13.468257875985426],[121.84109222637562,13.46814998643945],[121.84122929792238,13.467950798727369],[121.84127709237696,13.46782077980548],[121.84102126050941,13.467702501456573]]]}},{"type":"Feature","properties":{"Id":0,"CLN":"8309","PSGC":"174001017","Barangay":"Buliasnin","Land_Class":"AGRICULTURAL","PIN":"030-01-018-15-046","Owner":"MANRIQUE, FLORENDA N.","TaxDecNo":"31274"},"geometry":{"type":"Polygon","coordinates":[[[121.84010161475905,13.467919660922979],[121.84037396317005,13.46804500779211],[121.84037473453967,13.468043439978993],[121.84040082352345,13.468057370100743],[121.84080102443393,13.468271055454952],[121.84080316410476,13.468270949014475],[121.84084525047862,13.468161255131658],[121.84043074054796,13.467958862641382],[121.84045899172892,13.467803265682004],[121.84025123941835,13.467715237704319],[121.84013073845782,13.467910900959973],[121.84010161475905,13.467919660922979]]]}},{"type":"Feature","properties":{"Id":0,"CLN":"8309","PSGC":"174001017","Barangay":"Buliasnin","Land_Class":"AGRICULTURAL","PIN":"030-01-018-15-047","Owner":"MANRIQUE, LEONARDO","TaxDecNo":"10931"},"geometry":{"type":"Polygon","coordinates":[[[121.84037396317005,13.46804500779211],[121.84010161475905,13.467919660922979],[121.84010126601699,13.467919765819198],[121.84000837194927,13.468111956061792],[121.84004872418075,13.468135544634352],[121.84028371463747,13.468228438271652],[121.84037396317005,13.46804500779211]]]}},{"type":"Feature","properties":{"Id":0,"CLN":"8312","PSGC":"174001017","Barangay":"Buliasnin","Land_Class":"AGRICULTURAL","PIN":"030-01-018-15-043","Owner":"ERNESTO MARIANO & TERESITA MARIANO","TaxDecNo":"10928"},"geometry":{"type":"Polygon","coordinates":[[[121.84054569708654,13.467620890704705],[121.83982667288932,13.467223372692654],[121.83968785384633,13.467446210824061],[121.83971164344004,13.46747152314756],[121.84025123941835,13.467715237704319],[121.84046600576468,13.467806237637149],[121.8404810498042,13.467737900285611],[121.84054414146998,13.467622979984293],[121.84054569708654,13.467620890704705]]]}},{"type":"Feature","properties":{"Id":0,"CLN":"8027","PSGC":"174001017","Barangay":"Buliasnin","Land_Class":"AGRICULTURAL","PIN":"030-01-018-15-048","Owner":"MANRIQUE, PAULA","TaxDecNo":"10932"},"geometry":{"type":"Polygon","coordinates":[[[121.83930237228999,13.467982761739286],[121.83956283340477,13.468125958292694],[121.83965966512103,13.467951930572323],[121.83946521827842,13.467843022027514],[121.83940093769584,13.467822923216188],[121.83930237228999,13.467982761739286]]]}},{"type":"Feature","properties":{"Id":0,"CLN":"8217","PSGC":"174001017","Barangay":"Buliasnin","Land_Class":"AGRICULTURAL","PIN":"030-01-018-16-040","Owner":"MARIPOSQUE, RUBEN","TaxDecNo":"10981"},"geometry":{"type":"Polygon","coordinates":[[[121.83962012533433,13.462056991063275],[121.83961757173299,13.462055307805192],[121.83955434660677,13.46195899442396],[121.83941422926405,13.462061840713215],[121.83919916457293,13.462165345656974],[121.83900662729191,13.462067997013817],[121.83895553060427,13.462019288874552],[121.83891472134842,13.461815455610843],[121.83884569714625,13.46157605081329],[121.83860408309775,13.461850487229981],[121.83874413315239,13.462027770346383],[121.83887119292015,13.462197927953598],[121.83891221985282,13.462244547522271],[121.83902456338772,13.462393630868815],[121.83891484908631,13.462467173830076],[121.83879725480358,13.462552930077528],[121.83879087668736,13.46255269591164],[121.83886233442809,13.462623296361807],[121.83962012533433,13.462056991063275]]]}},{"type":"Feature","properties":{"Id":0,"CLN":"8220","PSGC":"174001017","Barangay":"Buliasnin","Land_Class":"AGRICULTURAL","PIN":"030-01-018-16-045","Owner":"SALAZAR, EUFRECINA","TaxDecNo":"10986"},"geometry":{"type":"Polygon","coordinates":[[[121.83801291892459,13.461363841593315],[121.83847491970467,13.461897703472019],[121.83860188653053,13.461848120016871],[121.83809520862337,13.461302077882898],[121.83801344645025,13.461362260976324],[121.83801291892459,13.461363841593315]]]}},{"type":"Feature","properties":{"Id":0,"CLN":"8220","PSGC":"174001017","Barangay":"Buliasnin","Land_Class":"AGRICULTURAL","PIN":"030-01-018-16-044","Owner":"MOGOL, GILBERTO M","TaxDecNo":"10985"},"geometry":{"type":"Polygon","coordinates":[[[121.83807600563195,13.46154178399045],[121.83822178551443,13.461769745691722],[121.83841503672426,13.461921089117904],[121.83847491970467,13.461897703472019],[121.83813247102836,13.4615019895103],[121.83807600563195,13.46154178399045]]]}},{"type":"Feature","properties":{"Id":0,"CLN":"8220","PSGC":"174001017","Barangay":"Buliasnin","Land_Class":"AGRICULTURAL","PIN":"030-01-018-16-046","Owner":"MAGALANG, NESTOR","TaxDecNo":"10987"},"geometry":{"type":"Polygon","coordinates":[[[121.83813247102836,13.4615019895103],[121.83801291892459,13.461363841593315],[121.83799461094691,13.461418697489199],[121.83803729201357,13.461569067734633],[121.83813247102836,13.4615019895103]]]}},{"type":"Feature","properties":{"Id":0,"CLN":"8220","PSGC":"174001017","Barangay":"Buliasnin","Land_Class":"AGRICULTURAL","PIN":"030-01-018-16-042","Owner":"VITALIANO & NESTOR MAGALANG","TaxDecNo":"10983"},"geometry":{"type":"Polygon","coordinates":[[[121.83860188653053,13.461848120016871],[121.83820984943439,13.462001219205927],[121.8382451716091,13.462068867131359],[121.8383218351365,13.462210530312772],[121.83849609799188,13.462136643626225],[121.83874413315239,13.462027770346383],[121.83860408309775,13.461850487229981],[121.83860188653053,13.461848120016871]]]}},{"type":"Feature","properties":{"Id":0,"CLN":"8238","PSGC":"174001017","Barangay":"Buliasnin","Land_Class":"AGRICULTURAL","PIN":"030-01-018-16-053","Owner":"HINTAY, PAMFILO","TaxDecNo":"10994"},"geometry":{"type":"Polygon","coordinates":[[[121.83908394338106,13.463536648805851],[121.83897750485077,13.463312482214194],[121.83893766073913,13.463272106708155],[121.83891919666134,13.46326892083955],[121.83885385490284,13.463306301414594],[121.83888220495244,13.463415442114561],[121.83891808053022,13.463500393182775],[121.83893720484731,13.463579569423898],[121.83894245157876,13.463595611962598],[121.83908394338106,13.463536648805851]]]}},{"type":"Feature","properties":{"Id":0,"CLN":"8265","PSGC":"174001017","Barangay":"Buliasnin","Land_Class":"AGRICULTURAL","PIN":"030-01-018-16-048","Owner":"MAGALANG, LIGAYA M.","TaxDecNo":"10989"},"geometry":{"type":"Polygon","coordinates":[[[121.83824186850225,13.464474096757533],[121.8383510553503,13.464741308220912],[121.83861220724623,13.464656367529704],[121.83849941627402,13.464378611742257],[121.83842099363056,13.464387669947943],[121.8384209292859,13.464387504125083],[121.83824186850225,13.464474096757533]]]}},{"type":"Feature","properties":{"Id":0,"CLN":"8265","PSGC":"174001017","Barangay":"Buliasnin","Land_Class":"AGRICULTURAL","PIN":"030-01-018-16-047","Owner":"MONTEVIRGEN, MARK MAGALANG","TaxDecNo":"10988"},"geometry":{"type":"Polygon","coordinates":[[[121.8383510553503,13.464741308220912],[121.83824186850225,13.464474096757533],[121.83807474687019,13.464554915516063],[121.8381341030403,13.464733490064996],[121.8381797563024,13.464797023731686],[121.8383510553503,13.464741308220912]]]}},{"type":"Feature","properties":{"Id":0,"CLN":"8265","PSGC":"174001017","Barangay":"Buliasnin","Land_Class":"AGRICULTURAL","PIN":"030-01-018-16-049","Owner":"HRS. OF SENANDO MAGALANG","TaxDecNo":"10990"},"geometry":{"type":"Polygon","coordinates":[[[121.83799492135572,13.46453213666402],[121.83788038764635,13.464195969774286],[121.83773946546863,13.464233369571636],[121.83777568528677,13.46442127597769],[121.83781922188366,13.464588959134149],[121.83799492135572,13.46453213666402]]]}},{"type":"Feature","properties":{"Id":0,"CLN":"8202","PSGC":"174001017","Barangay":"Buliasnin","Land_Class":"AGRICULTURAL","PIN":"030-01-018-18-095","Owner":"REV. FR. LEAL, ANGELITO M","TaxDecNo":"11246"},"geometry":{"type":"Polygon","coordinates":[[[121.84011326970393,13.459260574771923],[121.83983374380175,13.459684491445902],[121.83993159470114,13.459730665741139],[121.84023719284068,13.459519273360183],[121.84032142900466,13.459391780597851],[121.84011326970393,13.459260574771923]]]}},{"type":"Feature","properties":{"Id":0,"CLN":"8358","PSGC":"174001017","Barangay":"Buliasnin","Land_Class":null,"PIN":"030-01-018-05-059"},"geometry":{"type":"Polygon","coordinates":[[[121.84266647525004,13.470915396601889],[121.84255954840833,13.471217697128942],[121.84292653809888,13.471145140466295],[121.8428983177874,13.470901562786377],[121.84266647525004,13.470915396601889]]]}},{"type":"Feature","properties":{"Id":0,"CLN":"7885-B","PSGC":"174001017","Barangay":"Buliasnin","Land_Class":null,"PIN":"030-01-018-10-011"},"geometry":{"type":"Polygon","coordinates":[[[121.83335356478462,13.46809897099214],[121.83331363306654,13.468046344610329],[121.83282938710134,13.467822230254333],[121.83285620077287,13.468030101786253],[121.83323382000115,13.468321087208357],[121.83335356478462,13.46809897099214]]]}},{"type":"Feature","properties":{"Id":0,"CLN":"7897","PSGC":"174001017","Barangay":"Buliasnin","Land_Class":"AGRICULTURAL","PIN":"030-01-018-10-039","Owner":"BUNAG, EDILBERTO M.","TaxDecNo":"10659"},"geometry":{"type":"Polygon","coordinates":[[[121.8333912825099,13.466718873175859],[121.83329943494235,13.46700272349416],[121.83340731643503,13.467038767255792],[121.8334933125814,13.466765422282803],[121.8333912825099,13.466718873175859]]]}},{"type":"Feature","properties":{"Id":0,"CLN":"8047","PSGC":"174001017","Barangay":"Buliasnin","Land_Class":"AGRICULTURAL","PIN":"030-01-018-13-039","Owner":"MARIPOSQUE, RAUL & MARIPOSQUE, RODOLFO & MARIPOSQUE, RUBEN & MARIPOSQUE, ROSALIE J. & MARIPOSQUE, MA.CONCEPCION J. & MARIPOSQUE, JOSE SYKE J. & MARIPOSQUE, JOSEFA CHERRY J. & MARIPOSQUE, ROMEO J.","TaxDecNo":"10811"},"geometry":{"type":"Polygon","coordinates":[[[121.83760789391337,13.466421088116695],[121.8375297861364,13.466122850941014],[121.83703128767851,13.466257358179949],[121.83613706985241,13.466572449988796],[121.83617887181849,13.466676848010735],[121.83720050382027,13.466350387831474],[121.83725334753578,13.466541992938648],[121.83760789391337,13.466421088116695]]]}},{"type":"Feature","properties":{"Id":0,"CLN":"8047","PSGC":"174001017","Barangay":"Buliasnin","Land_Class":"AGRICULTURAL","PIN":"030-01-018-13-046","Owner":"MARIPOSQUE, RODOLFO","TaxDecNo":"10817"},"geometry":{"type":"Polygon","coordinates":[[[121.8368270277199,13.466469731868512],[121.83690752233305,13.46677447411119],[121.83695036407494,13.466763433281193],[121.83705838597942,13.466739930804275],[121.83723025162057,13.466699922021013],[121.83734327103004,13.466657240657073],[121.8376405570108,13.466545804699688],[121.83760789391334,13.46642108811671],[121.83725334753578,13.466541992938648],[121.83720050382027,13.466350387831488],[121.8368270277199,13.466469731868512]]]}},{"type":"Feature","properties":{"Id":0,"CLN":"8047","PSGC":"174001017","Barangay":"Buliasnin","Land_Class":"AGRICULTURAL","PIN":"030-01-018-13-040","Owner":"MOGOL, CARMEN MARIPOSQUE","TaxDecNo":"10812"},"geometry":{"type":"Polygon","coordinates":[[[121.83658864168169,13.466545907605505],[121.83667403307363,13.466834646940363],[121.83690752233305,13.46677447411119],[121.8368270277199,13.466469731868512],[121.83658864168169,13.466545907605505]]]}},{"type":"Feature","properties":{"Id":0,"CLN":"7931","PSGC":"174001017","Barangay":"Buliasnin","Land_Class":"AGRICULTURAL","PIN":"030-01-018-13-044","Owner":"MADLA, AGUSTIN","TaxDecNo":"10816"},"geometry":{"type":"Polygon","coordinates":[[[121.83515948434064,13.466098131686856],[121.8350807174244,13.46592969384086],[121.83489622131829,13.466045850031863],[121.83494692894338,13.466209901024143],[121.83515948434064,13.466098131686856]]]}},{"type":"Feature","properties":{"Id":0,"CLN":"7932","PSGC":"174001017","Barangay":"Buliasnin","Land_Class":"AGRICULTURAL","PIN":"030-01-018-13-052","Owner":"NOLI M. MINAY, ADELWIZA M. REYES, JOYCE M. ENCLUNA, UNIS M. LOLENG AND JINKY MINAY","TaxDecNo":"32043"},"geometry":{"type":"Polygon","coordinates":[[[121.8361099326777,13.467281893552858],[121.83601340681356,13.466956614819894],[121.83549806652243,13.467095289902632],[121.83570622266758,13.467507603727778],[121.8361099326777,13.467281893552858]]]}},{"type":"Feature","properties":{"Id":0,"CLN":"7932","PSGC":"174001017","Barangay":"Buliasnin","Land_Class":"AGRICULTURAL","PIN":"030-01-018-13-053","Owner":"MADLA, ABELARDO","TaxDecNo":"10824"},"geometry":{"type":"Polygon","coordinates":[[[121.83601340681356,13.466956614819894],[121.83591688117625,13.466631336062893],[121.83588424433432,13.466618383645104],[121.83520928771009,13.466896883793225],[121.835300810986,13.467148369893902],[121.83601340681356,13.466956614819894]]]}},{"type":"Feature","properties":{"Id":0,"CLN":"7932","PSGC":"174001017","Barangay":"Buliasnin","Land_Class":"AGRICULTURAL","PIN":"030-01-018-13-051","Owner":"MADLA, ABELARDO","TaxDecNo":"10822"},"geometry":{"type":"Polygon","coordinates":[[[121.83520928771009,13.466896883793213],[121.83507813643924,13.466969883070158],[121.83525254203543,13.467418735008108],[121.8352923810053,13.467516119240303],[121.83541800328344,13.467470388172856],[121.83520928771009,13.466896883793213]]]}},{"type":"Feature","properties":{"Id":0,"CLN":"7933","PSGC":"174001017","Barangay":"Buliasnin","Land_Class":"AGRICULTURAL","PIN":"030-01-018-13-048","Owner":"MONTIANO, ALFREDO R. & MONTIANO, JOCELYN M.","TaxDecNo":"10819"},"geometry":{"type":"Polygon","coordinates":[[[121.83594659004363,13.46792599987637],[121.83560250833173,13.468078020774174],[121.8356476444097,13.468211042835854],[121.83596883703888,13.468058915867843],[121.83594659004363,13.46792599987637]]]}},{"type":"Feature","properties":{"Id":0,"CLN":"7725","PSGC":"174001017","Barangay":"Buliasnin","Land_Class":"AGRICULTURAL","PIN":"030-01-018-08-087","Owner":"SPS. ZALDY E. PUERTOLLANO AND EVELYN R. PUERTOLLANO","TaxDecNo":"31155"},"geometry":{"type":"Polygon","coordinates":[[[121.83387291107378,13.471073797609293],[121.83348081477142,13.470635792955866],[121.83334430876631,13.470661853776404],[121.83336701385089,13.470692767756155],[121.83321924427325,13.470823910716474],[121.83325834191771,13.470880880212604],[121.83338428778072,13.470976787648146],[121.83332201175926,13.47099880802253],[121.8332133659774,13.471092369063344],[121.8331651240359,13.471164256683595],[121.8331537223195,13.471236315390456],[121.83341174851527,13.471018192944454],[121.8336504541909,13.471364817275177],[121.83381337263646,13.471196111110059],[121.83387291107378,13.471073797609293]]]}},{"type":"Feature","properties":{"Id":0,"CLN":"7725","PSGC":"174001017","Barangay":"Buliasnin","Land_Class":"AGRICULTURAL","PIN":"030-01-018-08-086","Owner":"MAZON, CIRILA","TaxDecNo":"10550"},"geometry":{"type":"Polygon","coordinates":[[[121.8336504541909,13.471364817275177],[121.83341174851527,13.471018192944454],[121.8331537223195,13.471236315390456],[121.83301119670571,13.471378073942164],[121.8333035490742,13.471704368190034],[121.83345860653787,13.4715661605738],[121.83362079388239,13.471453337705416],[121.8336504541909,13.471364817275177]]]}},{"type":"Feature","properties":{"Id":0,"CLN":"7725","PSGC":"174001017","Barangay":"Buliasnin","Land_Class":"AGRICULTURAL","PIN":"030-01-018-08-079","Owner":"MAZON, CIRILA","TaxDecNo":"10544"},"geometry":{"type":"Polygon","coordinates":[[[121.83330354907423,13.471704368190034],[121.83301119670571,13.471378073942144],[121.83286867092373,13.471519832397753],[121.83295300143308,13.471603152540187],[121.83304099854861,13.471690095271763],[121.83314849143382,13.471842575694525],[121.83330354907423,13.471704368190034]]]}},{"type":"Feature","properties":{"Id":0,"CLN":"7991","PSGC":"174001017","Barangay":"Buliasnin","Land_Class":"AGRICULTURAL","PIN":"030-01-018-03-064","Owner":"LUBRIN, JULIETA J.","TaxDecNo":"10323"},"geometry":{"type":"Polygon","coordinates":[[[121.84175163600018,13.473994449371306],[121.84149307881832,13.47403233613273],[121.84154241348168,13.474315840147723],[121.84179611445657,13.474275084535593],[121.84175163600018,13.473994449371306]]]}},{"type":"Feature","properties":{"Id":0,"CLN":"7991","PSGC":"174001017","Barangay":"Buliasnin","Land_Class":"AGRICULTURAL","PIN":"030-01-018-03-063","Owner":"LUBRIN, JULIETA J.","TaxDecNo":"10322"},"geometry":{"type":"Polygon","coordinates":[[[121.84175163600018,13.473994449371306],[121.84169929547544,13.473664208151765],[121.841488590458,13.473707669378367],[121.84144938133045,13.473707488548223],[121.84146496657537,13.473899429669126],[121.84148719010057,13.473998496298277],[121.84149307881832,13.47403233613273],[121.84175163600018,13.473994449371306]]]}},{"type":"Feature","properties":{"Id":0,"CLN":"7605","PSGC":"174001017","Barangay":"Buliasnin","Land_Class":"AGRICULTURAL","PIN":"030-01-018-03-062","Owner":"MAGALANG, PABLO M.","TaxDecNo":"10321"},"geometry":{"type":"Polygon","coordinates":[[[121.84173520745944,13.4750082267327],[121.84169149510443,13.474855781204315],[121.84160488022388,13.474843263715139],[121.84149296884418,13.474881533460351],[121.84143056915897,13.47461423637856],[121.84138510086346,13.474628164389767],[121.84136351751035,13.474634282064432],[121.84133558837009,13.474978401521321],[121.84129462294223,13.474989269036374],[121.84135009827428,13.475139921342697],[121.84173520745944,13.4750082267327]]]}},{"type":"Feature","properties":{"Id":0,"CLN":"7605","PSGC":"174001017","Barangay":"Buliasnin","Land_Class":"AGRICULTURAL","PIN":"030-01-018-03-016","Owner":"JANDA, GODOFREDO & LOGMAO, LUCILA","TaxDecNo":"10281"},"geometry":{"type":"Polygon","coordinates":[[[121.84129462294223,13.474989269036374],[121.84133558837006,13.474978401521321],[121.84136351751035,13.474634282064432],[121.84118878210981,13.474683809705878],[121.84105036213646,13.474715485899182],[121.84108731320151,13.474756049902817],[121.84120988686551,13.475015133917722],[121.84129462294223,13.474989269036374]]]}},{"type":"Feature","properties":{"Id":0,"CLN":"7605","PSGC":"174001017","Barangay":"Buliasnin","Land_Class":"AGRICULTURAL","PIN":"030-01-018-03-017","Owner":"ALMONTE, AIDA L.","TaxDecNo":"32737"},"geometry":{"type":"Polygon","coordinates":[[[121.84160488022388,13.474843263715139],[121.8415976369742,13.474633183988988],[121.84146139741813,13.474640634357707],[121.84143056915897,13.47461423637856],[121.84149296884418,13.474881533460351],[121.84160488022388,13.474843263715139]]]}},{"type":"Feature","properties":{"Id":0,"CLN":"8075","PSGC":"174001017","Barangay":"Buliasnin","Land_Class":null,"PIN":null},"geometry":{"type":"Polygon","coordinates":[[[121.83556218647006,13.4622581236687],[121.83596407395021,13.462570878554102],[121.83599127633632,13.462542494866772],[121.83558182495737,13.462226985852174],[121.83556218647006,13.4622581236687]]]}},{"type":"Feature","properties":{"Id":0,"CLN":"8075","PSGC":"174001017","Barangay":"Buliasnin","Land_Class":"RESIDENTIAL","PIN":"030-01-018-12-041","Owner":"BIANES, MARIA SONIA JANDUSAY","TaxDecNo":"10757"},"geometry":{"type":"Polygon","coordinates":[[[121.83558182495737,13.462226985852174],[121.83599127633632,13.462542494866772],[121.83609369698932,13.462435626363373],[121.83582409671833,13.462243328890995],[121.83566584462956,13.462093768287883],[121.83558182495737,13.462226985852174]]]}},{"type":"Feature","properties":{"Id":0,"CLN":"8075","PSGC":"174001017","Barangay":"Buliasnin","Land_Class":"AGRICULTURAL","PIN":"030-01-018-12-046","Owner":"MOLLO, MARIA","TaxDecNo":"01-34869"},"geometry":{"type":"Polygon","coordinates":[[[121.83586241961015,13.462677245566612],[121.83547358918307,13.46240072976195],[121.83532446698152,13.462650290910654],[121.83570031615723,13.46294575319405],[121.83586241961015,13.462677245566612]]]}},{"type":"Feature","properties":{"Id":0,"CLN":"8075","PSGC":"174001017","Barangay":"Buliasnin","Land_Class":"AGRICULTURAL","PIN":"030-01-018-12-048","Owner":"LLANES, ANTON M.","TaxDecNo":"10765"},"geometry":{"type":"Polygon","coordinates":[[[121.83620586005222,13.462715679645608],[121.83597830166572,13.46255603298167],[121.83586290622604,13.462676439536475],[121.83586241961015,13.462677245566612],[121.83611965646048,13.46286017826937],[121.83614788851364,13.462822381203374],[121.83620586005222,13.462715679645608]]]}},{"type":"Feature","properties":{"Id":0,"CLN":"8075","PSGC":"174001017","Barangay":"Buliasnin","Land_Class":"AGRICULTURAL","PIN":"030-01-018-12-047","Owner":"PECILLER, ROBERT M.","TaxDecNo":"10764"},"geometry":{"type":"Polygon","coordinates":[[[121.83597830166572,13.46255603298167],[121.83620586005222,13.462715679645608],[121.83626383153651,13.46260897806936],[121.83630638302179,13.46256435759522],[121.83611167990045,13.462448452993181],[121.83609369698932,13.462435626363373],[121.83597830166572,13.46255603298167]]]}},{"type":"Feature","properties":{"Id":0,"CLN":"8075","PSGC":"174001017","Barangay":"Buliasnin","Land_Class":"AGRICULTURAL","PIN":"030-01-018-12-030","Owner":"LABAGUIS, SOTERO","TaxDecNo":"10746"},"geometry":{"type":"Polygon","coordinates":[[[121.83586241961015,13.462677245566612],[121.83570031615723,13.46294575319405],[121.83589254620063,13.463096868460982],[121.83594189113428,13.46307680227121],[121.83601570542703,13.462999347748804],[121.83611965646048,13.46286017826937],[121.83586241961015,13.462677245566612]]]}},{"type":"Feature","properties":{"Id":0,"CLN":"7660","PSGC":"174001017","Barangay":"Buliasnin","Land_Class":"RESIDENTIAL","PIN":"030-01-018-09-008","Owner":"JOSE & FAUSTINA SENA","TaxDecNo":"10614"},"geometry":{"type":"Polygon","coordinates":[[[121.83203347716129,13.468661805382034],[121.83221270280792,13.468721201495491],[121.83226282753475,13.468583558338125],[121.83209387624781,13.468527992536819],[121.83203347716129,13.468661805382034]]]}},{"type":"Feature","properties":{"Id":0,"CLN":"7644","PSGC":"174001017","Barangay":"Buliasnin","Land_Class":"RESIDENTIAL","PIN":"030-01-018-09-041","Owner":"JANDA, GODOFREDO","TaxDecNo":"10596"},"geometry":{"type":"Polygon","coordinates":[[[121.83177390408522,13.46766766831787],[121.83176918333311,13.467778214731569],[121.8318327724417,13.467768327550496],[121.83183701032985,13.467650018899231],[121.83177390408522,13.46766766831787]]]}},{"type":"Feature","properties":{"Id":0,"CLN":"7644","PSGC":"174001017","Barangay":"Buliasnin","Land_Class":"RESIDENTIAL","PIN":"030-01-018-09-017","Owner":"JANDA, FRANCISCA","TaxDecNo":"01-08603"},"geometry":{"type":"Polygon","coordinates":[[[121.83158175998302,13.467807356235586],[121.83159423141075,13.46771791868122],[121.83153434050477,13.467734668772374],[121.83151928552547,13.467817070038326],[121.83158175998302,13.467807356235586]]]}},{"type":"Feature","properties":{"Id":0,"CLN":"7644","PSGC":"174001017","Barangay":"Buliasnin","Land_Class":"AGRICULTURAL","PIN":"030-01-018-09-038","Owner":"LABAGUIS, WARLITO & LABAGUIS, NORILYN","TaxDecNo":"10593"},"geometry":{"type":"Polygon","coordinates":[[[121.83159423141075,13.46771791868122],[121.83158175998302,13.467807356235586],[121.8316442344368,13.467797642416873],[121.83165412230946,13.46770116857509],[121.83159423141075,13.46771791868122]]]}},{"type":"Feature","properties":{"Id":0,"CLN":"7644","PSGC":"174001017","Barangay":"Buliasnin","Land_Class":"RESIDENTIAL","PIN":"030-01-018-09-039","Owner":"JANDA, FRANCISCA","TaxDecNo":"10594"},"geometry":{"type":"Polygon","coordinates":[[[121.83170670888681,13.467787928582192],[121.83171401320094,13.467684418453976],[121.83165412230946,13.46770116857509],[121.8316442344368,13.467797642416873],[121.83170670888681,13.467787928582192]]]}},{"type":"Feature","properties":{"Id":0,"CLN":"7597","PSGC":"174001017","Barangay":"Buliasnin","Land_Class":"AGRICULTURAL","PIN":"030-01-018-11-034","Owner":"NALUNDASAN, HELEN E.","TaxDecNo":"10691"},"geometry":{"type":"Polygon","coordinates":[[[121.83194421326044,13.464968460758891],[121.8316941834948,13.464618894049798],[121.83148675288938,13.4646783468271],[121.83169938762322,13.464959938616103],[121.83180990192064,13.46508397146202],[121.83194421326044,13.464968460758891]]]}},{"type":"Feature","properties":{"Id":0,"CLN":"7518","PSGC":"174001017","Barangay":"Buliasnin","Land_Class":"AGRICULTURAL","PIN":"030-01-018-18-075","Owner":"GO, NELIA MANGUERA","TaxDecNo":"11222"},"geometry":{"type":"Polygon","coordinates":[[[121.83686269046983,13.458824312748384],[121.83722528891545,13.459105713878344],[121.83730810815153,13.458986457410541],[121.83720234055482,13.45890628005872],[121.83717441198351,13.458927333868882],[121.83696709195739,13.458747832984931],[121.83686269046983,13.458824312748384]]]}},{"type":"Feature","properties":{"Id":0,"CLN":"7481","PSGC":"174001017","Barangay":"Buliasnin","Land_Class":"RESIDENTIAL","PIN":"030-01-018-18-093","Owner":"LEGASPI, PINKY M.","TaxDecNo":"11243"},"geometry":{"type":"Polygon","coordinates":[[[121.83825952901287,13.457556346981137],[121.83812741241917,13.457400617867368],[121.83802906721189,13.457409183568426],[121.83817820356506,13.45761808617243],[121.83825952901287,13.457556346981137]]]}},{"type":"Feature","properties":{"Id":0,"CLN":"7481","PSGC":"174001017","Barangay":"Buliasnin","Land_Class":"RESIDENTIAL","PIN":"030-01-018-18-090","Owner":"MAYAMAYA, ABEL M.","TaxDecNo":"11239"},"geometry":{"type":"Polygon","coordinates":[[[121.83840816184868,13.45790371845636],[121.83834595925691,13.457815046955767],[121.83832734016916,13.457826988705676],[121.8382475707399,13.45787228190094],[121.83831669847041,13.457963385396948],[121.83840816184868,13.45790371845636]]]}},{"type":"Feature","properties":{"Id":0,"CLN":"7481","PSGC":"174001017","Barangay":"Buliasnin","Land_Class":"RESIDENTIAL","PIN":"030-01-018-18-091","Owner":"MAYAMAYA, GINA","TaxDecNo":"11241"},"geometry":{"type":"Polygon","coordinates":[[[121.83832734016916,13.457826988705676],[121.83834595925691,13.457815046955767],[121.83840816184868,13.45790371845636],[121.83847100440566,13.457862722522592],[121.83844327305653,13.457834289282742],[121.83846800437199,13.457802081550128],[121.83839164577476,13.457712076037437],[121.83828735267662,13.457770976418429],[121.83832734016916,13.457826988705676]]]}},{"type":"Feature","properties":{"Id":0,"CLN":"7472","PSGC":"174001017","Barangay":"Buliasnin","Land_Class":"RESIDENTIAL","PIN":"030-01-018-18-076","Owner":"OSICOS, TERESA","TaxDecNo":"11224"},"geometry":{"type":"Polygon","coordinates":[[[121.83882511745536,13.457537745323963],[121.8387657644694,13.45748023101392],[121.8387021423108,13.457534621485719],[121.83876191963188,13.457592283283674],[121.83882511745536,13.457537745323963]]]}},{"type":"Feature","properties":{"Id":0,"CLN":"8134 pt.","PSGC":"174001017","Barangay":"Buliasnin","Land_Class":"AGRICULTURAL","PIN":null},"geometry":{"type":"Polygon","coordinates":[[[121.8375322578976,13.45989295752227],[121.83753619651445,13.459886087671881],[121.83736567493608,13.459771682330082],[121.83721049087445,13.459978461445472],[121.83726425005389,13.460012403329126],[121.83739225704876,13.459800281133209],[121.8375322578976,13.45989295752227]]]}},{"type":"Feature","properties":{"Id":0,"CLN":"8134","PSGC":"174001017","Barangay":"Buliasnin","Land_Class":"AGRICULTURAL","PIN":"030-01-018-17-111","Owner":"GO, NELIA MANGUERA","TaxDecNo":"11108"},"geometry":{"type":"Polygon","coordinates":[[[121.83721162969078,13.45966833100799],[121.83704992488923,13.459873814158431],[121.8371126525677,13.459916689311639],[121.83721049087445,13.459978461445472],[121.83736567493608,13.459771682330082],[121.83721162969078,13.45966833100799]]]}},{"type":"Feature","properties":{"Id":0,"CLN":"8134","PSGC":"174001017","Barangay":"Buliasnin","Land_Class":"RESIDENTIAL","PIN":"030-01-018-17-110","Owner":"MANGUERA, NICOLAS & MANGUERA, MARITA MARTE","TaxDecNo":"11107"},"geometry":{"type":"Polygon","coordinates":[[[121.8375322578976,13.45989295752227],[121.83739225704876,13.459800281133209],[121.83726425005389,13.460012403329126],[121.83735358447711,13.460068806276897],[121.8374121318211,13.460102484690795],[121.8375322578976,13.45989295752227]]]}},{"type":"Feature","properties":{"Id":0,"CLN":"8138","PSGC":"174001017","Barangay":"Buliasnin","Land_Class":"RESIDENTIAL","PIN":null},"geometry":{"type":"Polygon","coordinates":[[[121.83758148770507,13.459348253680057],[121.83757157107975,13.459346048690257],[121.83748614506763,13.459435854551362],[121.8372424786272,13.45963818077643],[121.83726884828789,13.459655097661656],[121.83758148770507,13.459348253680057]]]}},{"type":"Feature","properties":{"Id":0,"CLN":"8138","PSGC":"174001017","Barangay":"Buliasnin","Land_Class":"RESIDENTIAL","PIN":"030-01-018-17-126","Owner":"PEÑAROYO, ARIEL M.","TaxDecNo":"11120"},"geometry":{"type":"Polygon","coordinates":[[[121.83739000353088,13.459536188435953],[121.83749693590374,13.459623930783877],[121.83767236283919,13.4594275239563],[121.8375899834481,13.459350142732312],[121.83758148770507,13.459348253680073],[121.83739000353088,13.459536188435953]]]}},{"type":"Feature","properties":{"Id":0,"CLN":"8138","PSGC":"174001017","Barangay":"Buliasnin","Land_Class":"RESIDENTIAL","PIN":null},"geometry":{"type":"Polygon","coordinates":[[[121.83768431199489,13.459438748120306],[121.83767236283919,13.4594275239563],[121.83739615258087,13.459736766906584],[121.83740996586089,13.459745628503027],[121.83768431199489,13.459438748120306]]]}},{"type":"Feature","properties":{"Id":0,"CLN":"8138 pt.","PSGC":"174001017","Barangay":"Buliasnin","Land_Class":"RESIDENTIAL","PIN":"030-01-018-17-123","Owner":"HULLEZA, GINA MAGALANG","TaxDecNo":"01-37489"},"geometry":{"type":"Polygon","coordinates":[[[121.83762498881859,13.459757083348505],[121.83749164179278,13.459654266879793],[121.83740996586089,13.459745628503027],[121.83756506644522,13.459845129670798],[121.83762498881859,13.459757083348505]]]}},{"type":"Feature","properties":{"Id":0,"CLN":"8138","PSGC":"174001017","Barangay":"Buliasnin","Land_Class":"RESIDENTIAL","PIN":"030-01-018-17-120","Owner":"MONCADA, TIZZA O.","TaxDecNo":"11115"},"geometry":{"type":"Polygon","coordinates":[[[121.8376510039146,13.459476006211686],[121.83775057145809,13.45957255951435],[121.8377806125585,13.459528418811384],[121.8377347363467,13.45948611305594],[121.83768431199489,13.459438748120306],[121.8376510039146,13.459476006211686]]]}},{"type":"Feature","properties":{"Id":0,"CLN":"8138","PSGC":"174001017","Barangay":"Buliasnin","Land_Class":"RESIDENTIAL","PIN":"030-01-018-17-121","Owner":"JASA, ALLAN B.","TaxDecNo":"11116"},"geometry":{"type":"Polygon","coordinates":[[[121.83775057145809,13.45957255951435],[121.8376510039146,13.459476006211686],[121.83759153788215,13.459542524289017],[121.83769817280265,13.459649551099707],[121.83775057145809,13.45957255951435]]]}},{"type":"Feature","properties":{"Id":0,"CLN":"8138","PSGC":"174001017","Barangay":"Buliasnin","Land_Class":"AGRICULTURAL","PIN":"030-01-018-17-134","Owner":"ANONUEVO, JENNIFER M.","TaxDecNo":"11126"},"geometry":{"type":"Polygon","coordinates":[[[121.8374654438048,13.459659189077847],[121.83735362489688,13.45957189269004],[121.83726884828789,13.459655097661688],[121.83739615258087,13.459736766906584],[121.8374654438048,13.459659189077847]]]}},{"type":"Feature","properties":{"Id":0,"CLN":"8138","PSGC":"174001017","Barangay":"Buliasnin","Land_Class":"RESIDENTIAL","PIN":"030-01-018-17-135","Owner":"BANAAG, GREGORIO N.","TaxDecNo":"11127"},"geometry":{"type":"Polygon","coordinates":[[[121.83735362489688,13.45957189269004],[121.8374654438048,13.459659189077847],[121.83749693590374,13.459623930783877],[121.83739000353088,13.459536188435953],[121.83735362489688,13.45957189269004]]]}},{"type":"Feature","properties":{"Id":0,"CLN":"8179","PSGC":"174001017","Barangay":"Buliasnin","Land_Class":"RESIDENTIAL","PIN":"030-01-018-18-046","Owner":"GRAHAM, CHERRYNETH PAGLINAWAN","TaxDecNo":"11188"},"geometry":{"type":"Polygon","coordinates":[[[121.83822093168811,13.458401396668144],[121.83811379762271,13.45831296219659],[121.83802053134956,13.458400727601825],[121.8381278878745,13.458505455707703],[121.83822093168811,13.458401396668144]]]}},{"type":"Feature","properties":{"Id":0,"CLN":"8179","PSGC":"174001017","Barangay":"Buliasnin","Land_Class":"RESIDENTIAL","PIN":"030-01-018-18-079","Owner":"ENGR. ABEJUELA, JOSEPH ALOVEN R.","TaxDecNo":"11227"},"geometry":{"type":"Polygon","coordinates":[[[121.83843238745696,13.458575943819403],[121.83832564117397,13.45869278436309],[121.8384160379174,13.458775384923664],[121.83848465133393,13.458703541204677],[121.83852038776782,13.458654262855294],[121.83845241873765,13.458592478712141],[121.83843238745696,13.458575943819403]]]}},{"type":"Feature","properties":{"Id":0,"CLN":"8179","PSGC":"174001017","Barangay":"Buliasnin","Land_Class":"RESIDENTIAL","PIN":"030-01-018-18-078","Owner":"MALING, VICENTE","TaxDecNo":"11226"},"geometry":{"type":"Polygon","coordinates":[[[121.83843238745696,13.458575943819403],[121.83833492713669,13.458495494794363],[121.83823524449288,13.458610183774482],[121.83832564117397,13.45869278436309],[121.83843238745696,13.458575943819403]]]}},{"type":"Feature","properties":{"Id":0,"CLN":"8192","PSGC":"174001017","Barangay":"Buliasnin","Land_Class":"RESIDENTIAL","PIN":"030-01-018-18-087","Owner":"LEAL, NANET HIPOLITO","TaxDecNo":"11236"},"geometry":{"type":"Polygon","coordinates":[[[121.8385413042633,13.4579867617734],[121.83862826891429,13.458088929796046],[121.83868464442176,13.458001566563542],[121.83862082941074,13.457927774879208],[121.8385413042633,13.4579867617734]]]}},{"type":"Feature","properties":{"Id":0,"CLN":"8192","PSGC":"174001017","Barangay":"Buliasnin","Land_Class":"RESIDENTIAL","PIN":"030-01-018-18-084","Owner":"MASCAREÑAS, LYDIA R.","TaxDecNo":"11232"},"geometry":{"type":"Polygon","coordinates":[[[121.83854753681501,13.458214037478132],[121.83840961713918,13.458084439109037],[121.83835226313379,13.45812698070188],[121.83851269268649,13.45826803414087],[121.83854753681501,13.458214037478132]]]}},{"type":"Feature","properties":{"Id":0,"CLN":"8192","PSGC":"174001017","Barangay":"Buliasnin","Land_Class":"RESIDENTIAL","PIN":"030-01-018-18-086","Owner":"MONTEJO, FRANCISCA","TaxDecNo":"11235"},"geometry":{"type":"Polygon","coordinates":[[[121.8384717944012,13.458038319894477],[121.83858431928087,13.458157037011274],[121.83862826891429,13.458088929796046],[121.8385413042633,13.4579867617734],[121.8384717944012,13.458038319894477]]]}},{"type":"Feature","properties":{"Id":0,"CLN":"7706","PSGC":"174001017","Barangay":"Buliasnin","Land_Class":"RESIDENTIAL","PIN":"030-01-018-18-035","Owner":"OSICOS, TERESA","TaxDecNo":"11177"},"geometry":{"type":"Polygon","coordinates":[[[121.8335574825732,13.472306440255368],[121.83366862843344,13.472463123103587],[121.83382093481468,13.472324745328923],[121.83396222463568,13.472174461854816],[121.83399570530639,13.47210768860122],[121.83403351721275,13.472002400766783],[121.83386634136887,13.471861683135185],[121.83381640048138,13.471904042278652],[121.83376474115339,13.471873380368674],[121.83370652099424,13.471913672915145],[121.83360032400844,13.47201864320671],[121.83369293728445,13.472150902308774],[121.8335574825732,13.472306440255368]]]}},{"type":"Feature","properties":{"Id":0,"CLN":"7667","PSGC":"174001017","Barangay":"Buliasnin","Land_Class":"AGRICULTURAL","PIN":"030-01-018-09-001","Owner":"MAANO, MYRNA L.","TaxDecNo":"01-29968"},"geometry":{"type":"Polygon","coordinates":[[[121.83071890922842,13.469381723008798],[121.83116314237864,13.469468017806845],[121.83117120767022,13.46941089087949],[121.83123401334522,13.469223133326738],[121.830814800113,13.469163811809349],[121.83071890922842,13.469381723008798]]]}},{"type":"Feature","properties":{"Id":0,"CLN":"7599","PSGC":null,"Barangay":"Buliasnin","Land_Class":"AGRICULTURAL","PIN":"030-01-018-11-035","Owner":"MARMOL, JOSE","TaxDecNo":"10692"},"geometry":{"type":"Polygon","coordinates":[[[121.83342081996592,13.465526418640604],[121.83302475252407,13.46514703666385],[121.83304437915919,13.465131699355004],[121.83290246480814,13.464976662597465],[121.83284312098762,13.465032382164061],[121.83297278222138,13.465168586858523],[121.832898348441,13.465242084268919],[121.83336985173818,13.465672281815516],[121.83341660107008,13.465538492475206],[121.83342081996592,13.465526418640604]]]}},{"type":"Feature","properties":{"Id":0,"CLN":"7599","PSGC":null,"Barangay":"Buliasnin","Land_Class":"AGRICULTURAL","PIN":"030-01-018-11-036","Owner":"TUVERA, ADELINA MARMOL","TaxDecNo":"30580"},"geometry":{"type":"Polygon","coordinates":[[[121.83325117441343,13.46518599049967],[121.83298262550541,13.464901397418235],[121.83290246480814,13.464976662597499],[121.83304437915919,13.465131699355004],[121.83302475252407,13.46514703666385],[121.83342081996592,13.46552641864062],[121.83347279023425,13.465377687561512],[121.83325117441343,13.46518599049967]]]}},{"type":"Feature","properties":{"Id":0,"CLN":"7584","PSGC":"174001017","Barangay":"Buliasnin","Land_Class":"RESIDENTIAL","PIN":"030-01-018-12-041","Owner":"BIANES, MARIA SONIA JANDUSAY","TaxDecNo":"10757"},"geometry":{"type":"Polygon","coordinates":[[[121.83465236987337,13.463109585809292],[121.83478656032727,13.463202557027284],[121.83481821680134,13.463153031337521],[121.83486005243273,13.463093340261567],[121.83473031412838,13.463002260250525],[121.83467379334662,13.463085482446779],[121.83467169305953,13.463086552929605],[121.83465236987337,13.463109585809292]]]}},{"type":"Feature","properties":{"Id":0,"CLN":"7584","PSGC":"174001017","Barangay":"Buliasnin","Land_Class":"RESIDENTIAL","PIN":"030-01-018-12-042","Owner":"JANDUSAY, ANTONIO M.","TaxDecNo":"10758"},"geometry":{"type":"Polygon","coordinates":[[[121.83473031412835,13.463002260250489],[121.83486005243273,13.463093340261532],[121.834925879878,13.462999417587287],[121.83479683061438,13.462912632293383],[121.83475071698011,13.462972218712972],[121.83473031412835,13.463002260250489]]]}},{"type":"Feature","properties":{"Id":0,"CLN":"7764","PSGC":"174001017","Barangay":"Buliasnin","Land_Class":"AGRICULTURAL","PIN":"030-01-018-07-037","Owner":"FABILA, EDNA MOGOL , FORMENTO, VIVIAN M. & MAGYANI, GRETA MOGOL","TaxDecNo":"10469"},"geometry":{"type":"Polygon","coordinates":[[[121.83493784568972,13.470183822254594],[121.83536247463591,13.470328376163005],[121.83541615886553,13.470218087050524],[121.83543340743721,13.470132346507185],[121.83502249345158,13.469975566179198],[121.83493886531643,13.470180747357514],[121.83493784568972,13.470183822254594]]]}},{"type":"Feature","properties":{"Id":0,"CLN":"7838","PSGC":"174001017","Barangay":"Buliasnin","Land_Class":"AGRICULTURAL","PIN":"030-01-018-06-016","Owner":"MANRIQUE, EFREN","TaxDecNo":"10422"},"geometry":{"type":"Polygon","coordinates":[[[121.83753817498082,13.468894976388476],[121.8374198916618,13.468922661353064],[121.83735508059056,13.469012370297703],[121.83744601922346,13.469407285362522],[121.83744683057247,13.46940728571119],[121.83759635868073,13.469984457795757],[121.83774860115183,13.469908642345215],[121.83753817498082,13.468894976388476]]]}},{"type":"Feature","properties":{"Id":0,"CLN":"8149 pt.","PSGC":"174001017","Barangay":"Buliasnin","Land_Class":"RESIDENTIAL","PIN":"030-01-018-17-115","Owner":"MONCADA, ELMER H.","TaxDecNo":"11111"},"geometry":{"type":"Polygon","coordinates":[[[121.83795528788487,13.459468406054159],[121.8378405356758,13.459375419889346],[121.8377347363467,13.459486113055904],[121.8377806125585,13.459528418811331],[121.83784783104063,13.459579774113609],[121.83795528788487,13.459468406054159]]]}},{"type":"Feature","properties":{"Id":0,"CLN":"7596 pt.","PSGC":"174001017","Barangay":"Buliasnin","Land_Class":"AGRICULTURAL","PIN":"030-01-018-11-041","Owner":"NARANJO, ANTONIO M.","TaxDecNo":"10697"},"geometry":{"type":"Polygon","coordinates":[[[121.83277170572933,13.464056379957597],[121.83362392621862,13.46496711493987],[121.83364895068978,13.46491260349354],[121.8339489207939,13.464440057145588],[121.83381370071281,13.464318595754936],[121.83400263447675,13.464112711681807],[121.83417641346186,13.463920183164044],[121.83369628887802,13.463352720981122],[121.83326324541433,13.463827334713356],[121.83310218911332,13.463942050776476],[121.83297564160738,13.464012621121661],[121.83277170572933,13.464056379957597]]]}},{"type":"Feature","properties":{"Id":0,"CLN":"7596 pt.","PSGC":"174001017","Barangay":"Buliasnin","Land_Class":"RESIDENTIAL","PIN":"030-01-018-11-044","Owner":"MAYO, ATANACIO","TaxDecNo":"10698"},"geometry":{"type":"Polygon","coordinates":[[[121.83339592030639,13.464924190375562],[121.83350061438958,13.46502605285685],[121.83355023003051,13.464931251285636],[121.83345783973692,13.464831554298746],[121.83339592030639,13.464924190375562]]]}},{"type":"Feature","properties":{"Id":0,"CLN":"7596 pt.","PSGC":"174001017","Barangay":"Buliasnin","Land_Class":"RESIDENTIAL","PIN":"030-01-018-11-052","Owner":"CARIASO, GREGORIA","TaxDecNo":"10703"},"geometry":{"type":"Polygon","coordinates":[[[121.8333846080933,13.464753739627398],[121.83327245199477,13.46463456437528],[121.8331931521279,13.464703727563814],[121.83332006215858,13.46484227993813],[121.8333846080933,13.464753739627398]]]}},{"type":"Feature","properties":{"Id":0,"CLN":"7596 pt.","PSGC":"174001017","Barangay":"Buliasnin","Land_Class":"RESIDENTIAL","PIN":"030-01-018-11-051","Owner":"MACARAIG, IRSSA JIMENA","TaxDecNo":"30823"},"geometry":{"type":"Polygon","coordinates":[[[121.8333846080933,13.464753739627398],[121.83332006215858,13.46484227993813],[121.83338828771363,13.4649167642124],[121.83339592030639,13.464924190375562],[121.83345783973692,13.464831554298746],[121.8333846080933,13.464753739627398]]]}},{"type":"Feature","properties":{"Id":0,"CLN":"7914 pt.","PSGC":"174001017","Barangay":"Buliasnin","Land_Class":"AGRICULTURAL","PIN":"030-01-018-11-041","Owner":"NARANJO, ANTONIO M.","TaxDecNo":"10697"},"geometry":{"type":"Polygon","coordinates":[[[121.83401269520704,13.465916508364401],[121.83368130472056,13.466328618786815],[121.83397868379842,13.46653138330643],[121.83429592759364,13.466173047622265],[121.83420859106012,13.466078663005588],[121.83411142483631,13.466031222527306],[121.83401269520704,13.465916508364401]]]}},{"type":"Feature","properties":{"Id":0,"CLN":"7635 pt.","PSGC":"174001017","Barangay":"Buliasnin","Land_Class":"AGRICULTURAL","PIN":"030-01-018-09-037","Owner":"NOBLEZA, ELPIDIO","TaxDecNo":"10592"},"geometry":{"type":"Polygon","coordinates":[[[121.83134529309717,13.467779192524759],[121.83121511634386,13.467802569833097],[121.8311885720699,13.468018124543265],[121.83115981483127,13.468281540232569],[121.83131189199035,13.468275076123058],[121.83134529309717,13.467779192524759]]]}},{"type":"Feature","properties":{"Id":0,"CLN":"7596","PSGC":"174001017","Barangay":"Buliasnin","Land_Class":"AGRICULTURAL","PIN":"030-01-018-11-054","Owner":"BRIONES, GLORIA L.","TaxDecNo":"10704"},"geometry":{"type":"Polygon","coordinates":[[[121.83211366166199,13.464643088867644],[121.83259162063067,13.46521384619704],[121.83269944833171,13.465112558002303],[121.8322223208718,13.464547690343574],[121.83211366166199,13.464643088867644]]]}},{"type":"Feature","properties":{"Id":0,"CLN":"7596","PSGC":"174001017","Barangay":"Buliasnin","Land_Class":"RESIDENTIAL","PIN":"030-01-018-11-055","Owner":"MAYO, ATANACIO","TaxDecNo":"01-29156"},"geometry":{"type":"Polygon","coordinates":[[[121.83326388344716,13.464582352325715],[121.83248379283916,13.46531513433733],[121.8326443548698,13.465495722519696],[121.832898348441,13.465242084268896],[121.83297278222138,13.465168586858537],[121.83284312098762,13.465032382164061],[121.83290246480814,13.464976662597449],[121.83298262550538,13.464901397418238],[121.8331931521279,13.464703727563814],[121.83327245199477,13.46463456437528],[121.83345783973692,13.464831554298746],[121.83355023003051,13.464931251285636],[121.83350061438958,13.46502605285685],[121.83356715097325,13.465090789798822],[121.83362392621862,13.46496711493987],[121.83326388344716,13.464582352325715]]]}},{"type":"Feature","properties":{"Id":0,"CLN":"7596","PSGC":"174001017","Barangay":"Buliasnin","Land_Class":"RESIDENTIAL","PIN":"030-01-018-11-055","Owner":"MAYO, ATANACIO","TaxDecNo":"01-29156"},"geometry":{"type":"Polygon","coordinates":[[[121.83259162063067,13.46521384619704],[121.83211366166199,13.464643088867644],[121.83200500236681,13.464738487336966],[121.83207852447278,13.464852949972434],[121.8324168554517,13.465239848057948],[121.83248379283916,13.46531513433733],[121.83259162063067,13.46521384619704]]]}},{"type":"Feature","properties":{"Id":0,"CLN":"8318","PSGC":"174001017","Barangay":"Buliasnin","Land_Class":"AGRICULTURAL","PIN":"030-01-018-15-050","Owner":"MIRAFUENTE, JOSE SR.","TaxDecNo":"10934"},"geometry":{"type":"Polygon","coordinates":[[[121.84257849858064,13.467944941888558],[121.84249662130088,13.468119709234614],[121.84282023317897,13.468302711532079],[121.84291787113878,13.468344198211096],[121.8430032658804,13.468116134419638],[121.84280479792338,13.468036033486126],[121.84257849858064,13.467944941888558]]]}}]}