{"type":"FeatureCollection","name":"Bunganay","crs":{"type":"name","properties":{"name":"urn:ogc:def:crs:OGC:1.3:CRS84"}},"features":[{"type":"Feature","properties":{"Id":0,"CLN":"2051","PSGC":"174001018","Barangay":"Bunganay","Land_Class":"AGRICULTURAL","PIN":"030-01-019-09-005","Owner":"HRS OF MAGSISI, FRANCISCO","TaxDecNo":"11982"},"geometry":{"type":"Polygon","coordinates":[[[121.84497444940793,13.398639786554927],[121.84490306563818,13.398563365859381],[121.84489893609857,13.39856341088244],[121.84469543701961,13.39830478238565],[121.8447178819826,13.398047334871256],[121.844768938004,13.398018490203487],[121.84501489912665,13.398048693583917],[121.84500407078352,13.395871929019416],[121.84457944715044,13.39593645131165],[121.84447767235699,13.396812487230056],[121.84442637735768,13.397780142778752],[121.84408520355983,13.398139982302359],[121.84404994922515,13.398413987205638],[121.84414678678083,13.398572283816819],[121.8441471293105,13.398572281617113],[121.8442060472889,13.39865968407674],[121.84439699516695,13.398739578877796],[121.84497444940793,13.398639786554927]]]}},{"type":"Feature","properties":{"Id":0,"CLN":"2067","PSGC":"174001018","Barangay":"Bunganay","Land_Class":"AGRICULTURAL","PIN":"030-01-019-08-012","Owner":"SOSA, WILFREDO & SOSA, LEONARDA","TaxDecNo":"11953"},"geometry":{"type":"Polygon","coordinates":[[[121.84567568755493,13.398912249549985],[121.84533948433337,13.398574141994725],[121.84476866040559,13.39807664543298],[121.84476334655024,13.398300939046294],[121.84506740191188,13.39858167776008],[121.8450039668447,13.398718942430433],[121.84463272917134,13.398831385267203],[121.84433680071362,13.398824177618712],[121.84783230079596,13.401748858715596],[121.84750837337806,13.400668511735933],[121.84722428298275,13.400058461124168],[121.84650113176335,13.399469168028888],[121.84567568755493,13.398912249549985]]]}},{"type":"Feature","properties":{"Id":0,"CLN":"2064","PSGC":"174001018","Barangay":"Bunganay","Land_Class":"AGRICULTURAL","PIN":"030-01-019-09-008","Owner":"LLAVE, SEGUNDO","TaxDecNo":"11985"},"geometry":{"type":"Polygon","coordinates":[[[121.84683839221157,13.398634412571838],[121.84690729655168,13.398568946702229],[121.8469091320922,13.398568297307724],[121.84732186175096,13.398329247484645],[121.84774404593384,13.397886692121888],[121.84734184140322,13.397697924750608],[121.8473718200657,13.397639905040762],[121.84704981951333,13.397538738141073],[121.8468108800053,13.39781596767593],[121.84683695956349,13.398576275790953],[121.84683731896472,13.398576236060155],[121.84683839221157,13.398634412571838]]]}},{"type":"Feature","properties":{"Id":0,"CLN":"2076","PSGC":"174001018","Barangay":"Bunganay","Land_Class":"AGRICULTURAL","PIN":"030-01-019-10-020","Owner":"AVETRIA, EUTIQUIO","TaxDecNo":"12032"},"geometry":{"type":"Polygon","coordinates":[[[121.84956957040674,13.396794194349578],[121.84930808151715,13.395567560547537],[121.84910405888766,13.39564140366564],[121.84880230276214,13.396636998364219],[121.84867567682868,13.397388302553443],[121.84859880705321,13.39749180309715],[121.84833139306605,13.397511353866529],[121.84819523832941,13.397589659644527],[121.84817340998241,13.397718335328625],[121.84840644454589,13.397790016856016],[121.84844727459527,13.398126680338079],[121.84831948714113,13.398229948555613],[121.8481403670426,13.398420217383073],[121.84797873325469,13.398502560805886],[121.84818206666709,13.398574107080295],[121.84838248808362,13.398643646091841],[121.84864450709033,13.39858867822731],[121.84880221378987,13.398439851808387],[121.84862487253376,13.398256265448682],[121.84856675359661,13.397985987795424],[121.84863156614693,13.397741194915161],[121.84891269753402,13.39751400431284],[121.84885414372013,13.397335113625514],[121.84906237146788,13.397269598082236],[121.84956957040674,13.396794194349578]]]}},{"type":"Feature","properties":{"Id":0,"CLN":"2077","PSGC":"174001018","Barangay":"Bunganay","Land_Class":"AGRICULTURAL","PIN":"030-01-019-10-021","Owner":"MONROYO, ALICIA","TaxDecNo":"12033"},"geometry":{"type":"Polygon","coordinates":[[[121.8497732357331,13.398581360276566],[121.84965239674567,13.398115557092467],[121.84976867832631,13.397754685119342],[121.84942542135934,13.397661732423984],[121.84914375688543,13.398001080308092],[121.84927051683522,13.398113817115927],[121.84922701911812,13.398337937128064],[121.849370771487,13.398446597297815],[121.84955316623163,13.398459890495326],[121.8497732357331,13.398581360276566]]]}},{"type":"Feature","properties":{"Id":0,"CLN":"2106","PSGC":"174001018","Barangay":"Bunganay","Land_Class":"AGRICULTURAL","PIN":"030-01-019-10-022","Owner":"MAMENG, TARCELA","TaxDecNo":"12034"},"geometry":{"type":"Polygon","coordinates":[[[121.84982452826529,13.398502667121122],[121.84990104256805,13.398473937338501],[121.84998699057729,13.398245856459484],[121.85035302310446,13.398010742768266],[121.8504014928737,13.397632945510855],[121.85002581071939,13.397219984716049],[121.84974158103877,13.398099347194973],[121.84982452826529,13.398502667121122]]]}},{"type":"Feature","properties":{"Id":0,"CLN":"2078","PSGC":"174001018","Barangay":"Bunganay","Land_Class":"AGRICULTURAL","PIN":"030-01-019-10-032","Owner":"MONROYO, LOLITA","TaxDecNo":"12043"},"geometry":{"type":"Polygon","coordinates":[[[121.8492189712377,13.397122815540182],[121.85002795362075,13.397215842216943],[121.85032695452261,13.396637833967505],[121.85017709961043,13.396424464701704],[121.84982540919553,13.39550712752538],[121.84930808151715,13.395567560547537],[121.84956957040674,13.396794194349578],[121.8492189712377,13.397122815540182]]]}},{"type":"Feature","properties":{"Id":0,"CLN":"2074","PSGC":"174001018","Barangay":"Bunganay","Land_Class":"AGRICULTURAL","PIN":"030-01-019-09-010","Owner":"MONROYO, ROSARIO","TaxDecNo":"11987"},"geometry":{"type":"Polygon","coordinates":[[[121.84774404593384,13.39788669212187],[121.84817340998241,13.397718335328593],[121.84819523832941,13.397589659644527],[121.84813752923762,13.397282920554126],[121.84809357000206,13.397009476496583],[121.84849446242171,13.395194604141258],[121.8483283360627,13.395230771485062],[121.84737182006573,13.397639905040746],[121.84734184140322,13.397697924750608],[121.84774404593384,13.39788669212187]]]}},{"type":"Feature","properties":{"Id":0,"CLN":"2036","PSGC":"174001018","Barangay":"Bunganay","Land_Class":"AGRICULTURAL","PIN":"030-01-019-09-009","Owner":"HRS OF PAGLINAWAN, SOTERO","TaxDecNo":"11986"},"geometry":{"type":"Polygon","coordinates":[[[121.84614986734097,13.397621862401667],[121.8468108800053,13.397815967675895],[121.84704981951333,13.397538738141073],[121.84737182006573,13.397639905040746],[121.8483283360627,13.395230771485062],[121.84769400308498,13.395375577391158],[121.84708999884711,13.397071361422633],[121.84624346319656,13.39742197311967],[121.84614986734097,13.397621862401667]]]}},{"type":"Feature","properties":{"Id":0,"CLN":"2052","PSGC":"174001018","Barangay":"Bunganay","Land_Class":"AGRICULTURAL","PIN":"030-01-019-09-006","Owner":"MAGSISI, LUCIANO","TaxDecNo":"11983"},"geometry":{"type":"Polygon","coordinates":[[[121.84501489912665,13.398048693583917],[121.845206334651,13.398192652595743],[121.8455411635925,13.397581232422418],[121.84561821664799,13.397241876760445],[121.84585367789413,13.396903245064996],[121.84656125399894,13.395636265187797],[121.84580390357411,13.396267911401614],[121.84500407078349,13.395871929019398],[121.84501489912665,13.398048693583917]]]}},{"type":"Feature","properties":{"Id":0,"CLN":"2003","PSGC":"174001018","Barangay":"Bunganay","Land_Class":"AGRICULTURAL","PIN":"030-01-019-09-014","Owner":"MONROYO, EDILBERTO","TaxDecNo":"11990"},"geometry":{"type":"Polygon","coordinates":[[[121.84457944715044,13.395936451311682],[121.84412462779518,13.395215721945775],[121.84334017482314,13.395993089122918],[121.84332692952871,13.39610103335485],[121.84308593453558,13.396128887712324],[121.84308571997752,13.396150072699799],[121.84289964026252,13.39620297037518],[121.8429321216384,13.396492543192066],[121.84305762055617,13.396519221211777],[121.84336263587251,13.396620451182432],[121.84447767235699,13.396812487230056],[121.84457944715044,13.395936451311682]]]}},{"type":"Feature","properties":{"Id":0,"CLN":"2050","PSGC":"174001018","Barangay":"Bunganay","Land_Class":"AGRICULTURAL","PIN":"030-01-019-09-004","Owner":"LORETO, BASILISA","TaxDecNo":"11981"},"geometry":{"type":"Polygon","coordinates":[[[121.84447767235699,13.396812487230056],[121.84336263587251,13.396620451182432],[121.843073884707,13.396839558277394],[121.8430739609752,13.39684882340546],[121.84289578597333,13.39700920525672],[121.84292919650208,13.397087916279798],[121.84307562937498,13.39718308559215],[121.84307564949856,13.397184085211261],[121.84355382792664,13.397456287689593],[121.8440243347564,13.397558138792222],[121.84442637735768,13.397780142778752],[121.84447767235699,13.396812487230056]]]}},{"type":"Feature","properties":{"Id":0,"CLN":"2048","PSGC":"174001018","Barangay":"Bunganay","Land_Class":"AGRICULTURAL","PIN":"030-01-019-08-014","Owner":"MANAOG, ALICIA","TaxDecNo":"11955"},"geometry":{"type":"Polygon","coordinates":[[[121.84405347723879,13.398563547405988],[121.84397749892061,13.398480120078968],[121.84401731392073,13.398139671518257],[121.84424828632395,13.397754403528051],[121.84401132770938,13.39761623573703],[121.84383329639515,13.397578034375359],[121.84355963453051,13.398017108896298],[121.84356173388925,13.398465754186127],[121.84407284768365,13.399007351342265],[121.84420470543597,13.398940640904982],[121.84433680071362,13.398824177618712],[121.84408040625416,13.398676669129456],[121.84405347723879,13.398563547405988]]]}},{"type":"Feature","properties":{"Id":0,"CLN":"2007","PSGC":"174001018","Barangay":"Bunganay","Land_Class":"AGRICULTURAL","PIN":"030-01-019-08-018","Owner":"LLAVE, SEGUNDO","TaxDecNo":"11959"},"geometry":{"type":"Polygon","coordinates":[[[121.84306825448539,13.39815029655674],[121.84270540079415,13.397666558926081],[121.84255029095554,13.39770647230257],[121.84219752804773,13.397499306665498],[121.84197029677314,13.398085681402597],[121.84249090966897,13.398553893530428],[121.84254514573298,13.398554142147932],[121.84291908080219,13.398637680799732],[121.8429445926312,13.398555972849191],[121.84306503499634,13.398245071821238],[121.84309817847343,13.398184546898797],[121.84306825448539,13.39815029655674]]]}},{"type":"Feature","properties":{"Id":0,"CLN":"2049","PSGC":"174001018","Barangay":"Bunganay","Land_Class":"AGRICULTURAL","PIN":"030-01-019-08-015","Owner":"MAGALANG, FRANCISCO","TaxDecNo":"11956"},"geometry":{"type":"Polygon","coordinates":[[[121.84326621450161,13.398701322112432],[121.8433524487607,13.39856862120889],[121.84335332529712,13.398568650466741],[121.84343898155504,13.398402881464776],[121.84356173388925,13.398465754186127],[121.84355963453051,13.398017108896298],[121.84383329639515,13.397578034375359],[121.84351534238293,13.397518421953743],[121.8430668257715,13.397254663359401],[121.84306683299229,13.397259189518111],[121.84294831307093,13.397199138554539],[121.8428066597779,13.397317654069129],[121.84270540079415,13.397666558926081],[121.84306825448536,13.398150296556718],[121.84309817847343,13.398184546898797],[121.84306503499634,13.398245071821222],[121.8429445926312,13.398555972849191],[121.84291908080219,13.398637680799732],[121.8430663455726,13.39864820199538],[121.84326621450161,13.398701322112432]]]}},{"type":"Feature","properties":{"Id":0,"CLN":"2043","PSGC":"174001018","Barangay":"Bunganay","Land_Class":"AGRICULTURAL","PIN":"030-01-019-08-017","Owner":"MANGARING, MARIA PAZ","TaxDecNo":"11958"},"geometry":{"type":"Polygon","coordinates":[[[121.84249090966894,13.398553893530428],[121.84197029677314,13.398085681402597],[121.8416697128383,13.3983677699003],[121.84146724024266,13.398573573418957],[121.84140217292655,13.39865937916446],[121.8413211651952,13.399317062255063],[121.84213835657538,13.39884314947918],[121.84218773901735,13.398828131404498],[121.84221130279259,13.398785046653277],[121.84249090966894,13.398553893530428]]]}},{"type":"Feature","properties":{"Id":0,"CLN":"2009","PSGC":"174001018","Barangay":"Bunganay","Land_Class":"AGRICULTURAL","PIN":"030-01-019-08-019","Owner":"JANDA, ADORACION","TaxDecNo":"11960"},"geometry":{"type":"Polygon","coordinates":[[[121.8416697128383,13.398367769900286],[121.84197029677314,13.398085681402597],[121.8421975280477,13.397499306665464],[121.84226963768698,13.397099432527558],[121.84190477423505,13.397036371741072],[121.84178651903514,13.397082773013988],[121.8416697128383,13.398367769900286]]]}},{"type":"Feature","properties":{"Id":0,"CLN":"2010","PSGC":"174001018","Barangay":"Bunganay","Land_Class":"AGRICULTURAL","PIN":"030-01-019-08-020","Owner":"JANDA, ROSARIO","TaxDecNo":"11961"},"geometry":{"type":"Polygon","coordinates":[[[121.8416697128383,13.3983677699003],[121.84178651903514,13.397082773013988],[121.84135445116114,13.397189122395341],[121.84139995476627,13.398580605666224],[121.84140217292655,13.39865937916446],[121.8414627350796,13.398579514482334],[121.8416697128383,13.3983677699003]]]}},{"type":"Feature","properties":{"Id":0,"CLN":"2011","PSGC":"174001018","Barangay":"Bunganay","Land_Class":"AGRICULTURAL","PIN":"030-01-019-08-021","Owner":"JANDA, CARMELITA","TaxDecNo":"11962"},"geometry":{"type":"Polygon","coordinates":[[[121.84139995476627,13.398580605666224],[121.84135445116114,13.397189122395341],[121.84108102123855,13.397288976998771],[121.84085252709058,13.397248206766614],[121.84057386891584,13.397669419852738],[121.84131479772981,13.398580603001788],[121.84138150836105,13.39863895832742],[121.84140217292655,13.39865937916446],[121.84139995476627,13.398580605666224]]]}},{"type":"Feature","properties":{"Id":0,"CLN":"2012","PSGC":"174001018","Barangay":"Bunganay","Land_Class":"AGRICULTURAL","PIN":"030-01-019-08-022","Owner":"PAGLINAWAN, JUANA","TaxDecNo":"11963"},"geometry":{"type":"Polygon","coordinates":[[[121.84057386891584,13.397669419852738],[121.84035353004506,13.397466189555738],[121.84031475947131,13.397859615435959],[121.84025799626744,13.398159071482597],[121.84023637448614,13.39858585044704],[121.84019243168714,13.399090411194637],[121.84056910317246,13.399197158834307],[121.84073765267289,13.399407968208665],[121.84100625986352,13.399680214847901],[121.84127559762759,13.399800019479148],[121.84143265862093,13.399519563665939],[121.8413211651952,13.399317062255063],[121.84140217292655,13.39865937916446],[121.84138150836105,13.39863895832742],[121.84131479772981,13.398580603001788],[121.84057386891584,13.397669419852738]]]}},{"type":"Feature","properties":{"Id":0,"CLN":"2013","PSGC":"174001018","Barangay":"Bunganay","Land_Class":"AGRICULTURAL","PIN":"030-01-019-08-025","Owner":"LUSTADO, ELENA","TaxDecNo":"11966"},"geometry":{"type":"Polygon","coordinates":[[[121.84023637448614,13.39858585044704],[121.84025799626744,13.398159071482597],[121.83964945326237,13.398278340087424],[121.839769281357,13.398573541634969],[121.83981043154098,13.398651647075596],[121.83997175083677,13.39892678936228],[121.84019243168714,13.399090411194637],[121.84023637448614,13.39858585044704]]]}},{"type":"Feature","properties":{"Id":0,"CLN":"2014","PSGC":"174001018","Barangay":"Bunganay","Land_Class":"AGRICULTURAL","PIN":"030-01-019-08-026","Owner":"JACOLBIA, GILBERT","TaxDecNo":"11967"},"geometry":{"type":"Polygon","coordinates":[[[121.83964945326237,13.398278340087424],[121.84025799626744,13.398159071482597],[121.84031475947131,13.397859615435959],[121.83958739270133,13.398009304361322],[121.83964945326237,13.398278340087424]]]}},{"type":"Feature","properties":{"Id":0,"CLN":"2015","PSGC":"174001018","Barangay":"Bunganay","Land_Class":"AGRICULTURAL","PIN":"030-01-019-08-027","Owner":"JACOLBIA, GILBERT J.","TaxDecNo":"11968"},"geometry":{"type":"Polygon","coordinates":[[[121.83958739270133,13.398009304361322],[121.84031475947131,13.397859615435959],[121.84035353004506,13.397466189555752],[121.83956762440069,13.397728059108193],[121.83958739270133,13.398009304361322]]]}},{"type":"Feature","properties":{"Id":0,"CLN":"2016","PSGC":"174001018","Barangay":"Bunganay","Land_Class":"AGRICULTURAL","PIN":"030-01-019-08-028","Owner":"JACOLBIA, OWEN J.","TaxDecNo":"11969"},"geometry":{"type":"Polygon","coordinates":[[[121.83956762440069,13.397728059108193],[121.84035353004506,13.397466189555752],[121.84057386891584,13.397669419852738],[121.84016472924124,13.396860922450012],[121.84010369919383,13.396907731743298],[121.83981969081594,13.39712556220984],[121.83946860540111,13.397239718465213],[121.83949707784677,13.397467253617869],[121.83956762440069,13.397728059108193]]]}},{"type":"Feature","properties":{"Id":0,"CLN":"2018","PSGC":"174001018","Barangay":"Bunganay","Land_Class":"AGRICULTURAL","PIN":"030-01-019-08-034","Owner":"MONROYO, LOLITA","TaxDecNo":"11975"},"geometry":{"type":"Polygon","coordinates":[[[121.83946860540111,13.397239718465213],[121.83981969081594,13.39712556220984],[121.84016472924124,13.396860922450012],[121.8400584124511,13.39666358088221],[121.83993964624824,13.396770535582423],[121.8393635790912,13.39712346631822],[121.83946860540111,13.397239718465213]]]}},{"type":"Feature","properties":{"Id":0,"CLN":"2032","PSGC":"174001018","Barangay":"Bunganay","Land_Class":"AGRICULTURAL","PIN":"030-01-019-08-029","Owner":"ORNEDO, CONCEPCION L.","TaxDecNo":"11970"},"geometry":{"type":"Polygon","coordinates":[[[121.83949707784677,13.397467253617869],[121.83946860540111,13.39723971846523],[121.83880169274111,13.397246759542332],[121.83872833568216,13.397351855093847],[121.83876246342342,13.397500858450499],[121.83870463104029,13.397671145682457],[121.83865586939926,13.397931402648206],[121.83875040195845,13.398034169302338],[121.83874000684632,13.398220179509556],[121.83882515620083,13.398298095257214],[121.83878940656285,13.3984870898367],[121.83883145635794,13.398586169031319],[121.83887231366108,13.398725251260021],[121.83886165641219,13.398782792590344],[121.83887154972948,13.398884468092541],[121.83890178234091,13.399074316463734],[121.83772771783984,13.399541341463673],[121.83783097187886,13.399870915923898],[121.83825921061171,13.399915869594183],[121.83845332174971,13.40014609812128],[121.83864626994949,13.400211964102246],[121.83877381108354,13.400503323249877],[121.83900856433536,13.400823769351698],[121.83931978047528,13.400665054159905],[121.83930987151928,13.399845193184625],[121.83908941821278,13.399634144291777],[121.83907968731785,13.3994985928716],[121.83981043154098,13.398651647075596],[121.839769281357,13.398573541634969],[121.83964945326237,13.398278340087424],[121.83958739270133,13.398009304361354],[121.83956762440069,13.397728059108221],[121.83949707784677,13.397467253617869]]]}},{"type":"Feature","properties":{"Id":0,"CLN":"2031","PSGC":"174001018","Barangay":"Bunganay","Land_Class":"AGRICULTURAL","PIN":"030-01-019-08-030","Owner":"ORNEDO, RODOLFO O. & ORNEDO, VIRGILIO O. & ORNEDO, AURORA O. & ORNEDO, REYNALDO O.","TaxDecNo":"11971"},"geometry":{"type":"Polygon","coordinates":[[[121.83865586939928,13.3979314026482],[121.83870463104029,13.397671145682459],[121.8375699796337,13.398472176170548],[121.83763618348092,13.398537601214931],[121.8376499849954,13.398584261982613],[121.83771298413019,13.398697114968991],[121.83782648143082,13.399005704520047],[121.83779411262842,13.39920323608615],[121.83772771783984,13.399541341463674],[121.83890178234091,13.399074316463729],[121.83886165641219,13.398782792590344],[121.83887231366108,13.398725251260025],[121.83883145635794,13.398586169031319],[121.83878940656285,13.398487089836694],[121.83882515620083,13.39829809525721],[121.83874000684632,13.39822017950956],[121.83875040195845,13.398034169302347],[121.83865586939928,13.3979314026482]]]}},{"type":"Feature","properties":{"Id":0,"CLN":"2030","PSGC":"174001018","Barangay":"Bunganay","Land_Class":"AGRICULTURAL","PIN":"030-01-019-08-031","Owner":"PORTENTO, ELMAR L.","TaxDecNo":"11972"},"geometry":{"type":"Polygon","coordinates":[[[121.8375699796337,13.398472176170548],[121.83870463104029,13.397671145682457],[121.83876246342342,13.397500858450483],[121.83872833568216,13.397351855093813],[121.83767058639454,13.397200209634452],[121.83713425291027,13.397193605829392],[121.83731049745435,13.397430090742601],[121.83741022707538,13.397769588818115],[121.83732899191577,13.397975945836064],[121.83750027906092,13.398365388805118],[121.8375699796337,13.398472176170548]]]}},{"type":"Feature","properties":{"Id":0,"CLN":"1839","PSGC":"174001018","Barangay":"Bunganay","Land_Class":"AGRICULTURAL","PIN":"030-01-019-08-033","Owner":"JANDA, MAURO L.","TaxDecNo":"11974"},"geometry":{"type":"Polygon","coordinates":[[[121.83880169274111,13.397246759542304],[121.83946860540111,13.397239718465213],[121.8393635790912,13.39712346631822],[121.83936199060446,13.396769718992086],[121.83882262458708,13.39651502752394],[121.83869021618275,13.396824515393723],[121.83870647438002,13.396956898088746],[121.8387823342338,13.396990323908204],[121.83880169274111,13.397246759542304]]]}},{"type":"Feature","properties":{"Id":0,"CLN":"2029","PSGC":"174001018","Barangay":"Bunganay","Land_Class":"AGRICULTURAL","PIN":"030-01-019-08-032","Owner":"LABAGUIS, GREGORIA","TaxDecNo":"11973"},"geometry":{"type":"Polygon","coordinates":[[[121.83767058639454,13.397200209634452],[121.83872833568216,13.397351855093813],[121.83880169274111,13.397246759542304],[121.8387823342338,13.396990323908204],[121.83870647438002,13.396956898088746],[121.83869021618275,13.396824515393723],[121.83882262458708,13.39651502752394],[121.83841731215709,13.39648835584474],[121.83767058639454,13.397200209634452]]]}},{"type":"Feature","properties":{"Id":0,"CLN":"2017","PSGC":"174001018","Barangay":"Bunganay","Land_Class":"AGRICULTURAL","PIN":"030-01-019-08-035","Owner":"DE LUNA, DANTE L.","TaxDecNo":"11976"},"geometry":{"type":"Polygon","coordinates":[[[121.84057386891581,13.397669419852772],[121.84085252709058,13.397248206766614],[121.84063602613426,13.397064994924833],[121.84074715761369,13.39678848519356],[121.84021288478681,13.396351896463491],[121.84025172601555,13.396178420583551],[121.84038460744398,13.395769702861847],[121.83969485282203,13.396051823958242],[121.839435966568,13.396315250340646],[121.83936199060446,13.396769718992102],[121.83936357909118,13.397123466318233],[121.8399396462483,13.396770535582439],[121.8400584124511,13.396663580882223],[121.84016472924124,13.396860922450012],[121.84057386891581,13.397669419852772]]]}},{"type":"Feature","properties":{"Id":0,"CLN":"2027","PSGC":"174001018","Barangay":"Bunganay","Land_Class":"AGRICULTURAL","PIN":"030-01-019-07-005","Owner":"JACOLBIA, GIOVANNI","TaxDecNo":"11875"},"geometry":{"type":"Polygon","coordinates":[[[121.83713425291027,13.397193605829392],[121.83767058639452,13.397200209634484],[121.83841731215709,13.39648835584474],[121.83858864239176,13.395988854465177],[121.83863178726457,13.395798860213619],[121.8387129411179,13.39560904071973],[121.83865841603372,13.395530232160215],[121.8376362363454,13.395558606759536],[121.83749264548348,13.395862172337898],[121.83746002604056,13.396194527423903],[121.83728928920226,13.39656999193976],[121.83703496090708,13.396763148039081],[121.83713425291027,13.397193605829392]]]}},{"type":"Feature","properties":{"Id":0,"CLN":"2028","PSGC":"174001018","Barangay":"Bunganay","Land_Class":"AGRICULTURAL","PIN":"030-01-019-07-006","Owner":"JANDA, GLORIA","TaxDecNo":"11876"},"geometry":{"type":"Polygon","coordinates":[[[121.83841731215709,13.39648835584474],[121.83882262458708,13.39651502752394],[121.83936199060446,13.396769718992086],[121.839435966568,13.396315250340646],[121.83946123073918,13.39616004031623],[121.83858864239176,13.395988854465157],[121.83841731215709,13.39648835584474]]]}},{"type":"Feature","properties":{"Id":0,"CLN":"1714","PSGC":"174001018","Barangay":"Bunganay","Land_Class":"AGRICULTURAL","PIN":"030-01-019-07-007","Owner":"JANDA, ADORACION L.","TaxDecNo":"11877"},"geometry":{"type":"Polygon","coordinates":[[[121.83858864239176,13.395988854465157],[121.83946123073918,13.39616004031623],[121.83944700995514,13.395773665337533],[121.8389451592256,13.395622512251935],[121.83871294111789,13.39560904071973],[121.83863178726457,13.395798860213603],[121.83858864239176,13.395988854465157]]]}},{"type":"Feature","properties":{"Id":0,"CLN":"2019","PSGC":"174001018","Barangay":"Bunganay","Land_Class":"AGRICULTURAL","PIN":"030-01-019-07-008","Owner":"NITE, SOFIA & JINAO, SILVERIO","TaxDecNo":"11878"},"geometry":{"type":"Polygon","coordinates":[[[121.839435966568,13.396315250340658],[121.83969485282206,13.396051823958212],[121.84012897300182,13.39543829922092],[121.84015498420916,13.395214608656831],[121.83987072678127,13.395182928213163],[121.83944700995517,13.395773665337549],[121.83946123073915,13.39616004031625],[121.839435966568,13.396315250340658]]]}},{"type":"Feature","properties":{"Id":0,"CLN":"2020","PSGC":"174001018","Barangay":"Bunganay","Land_Class":"AGRICULTURAL","PIN":"030-01-019-07-009","Owner":"DE LUNA, DANTE","TaxDecNo":"11880"},"geometry":{"type":"Polygon","coordinates":[[[121.83969485282203,13.396051823958228],[121.84038460744395,13.395769702861815],[121.84050525438721,13.395269967090474],[121.84086906556556,13.395143463644722],[121.84082875376902,13.394742219889313],[121.84022856181149,13.394842830249024],[121.83999160593223,13.394936838442858],[121.83976801312414,13.394886195917746],[121.83987072678124,13.395182928213128],[121.84015498420916,13.395214608656799],[121.84012897300182,13.395438299220904],[121.83969485282203,13.396051823958228]]]}},{"type":"Feature","properties":{"Id":0,"CLN":"2004","PSGC":"174001018","Barangay":"Bunganay","Land_Class":"AGRICULTURAL","PIN":"030-01-019-09-003","Owner":"REYES, DAMASA","TaxDecNo":"11980"},"geometry":{"type":"Polygon","coordinates":[[[121.8429321216384,13.396492543192066],[121.84248015491977,13.396490472013562],[121.84247892900947,13.396746813322205],[121.84244367971453,13.397052614204215],[121.84235897721508,13.397101841460815],[121.84235017389969,13.397445584751013],[121.84259744908556,13.397574282109979],[121.84277214510327,13.397252581760892],[121.84292919650208,13.397087916279798],[121.84289578597333,13.39700920525672],[121.8430739609752,13.39684882340546],[121.843073884707,13.396839558277394],[121.84336263587251,13.396620451182432],[121.84305762055617,13.396519221211777],[121.8429321216384,13.396492543192066]]]}},{"type":"Feature","properties":{"Id":0,"CLN":"2006","PSGC":"174001018","Barangay":"Bunganay","Land_Class":"AGRICULTURAL","PIN":"030-01-019-09-001","Owner":"JANDA, CLODUALDO","TaxDecNo":"11978"},"geometry":{"type":"Polygon","coordinates":[[[121.8424436797145,13.397052614204215],[121.84247892900945,13.396746813322205],[121.84083132564864,13.396850890932772],[121.84080087178629,13.397036809294095],[121.84094823039415,13.39713258206419],[121.84189526928738,13.396921926364152],[121.8424436797145,13.397052614204215]]]}},{"type":"Feature","properties":{"Id":0,"CLN":"2005","PSGC":"174001018","Barangay":"Bunganay","Land_Class":"AGRICULTURAL","PIN":"030-01-019-09-002","Owner":"JANDA, GLORIA","TaxDecNo":"11979"},"geometry":{"type":"Polygon","coordinates":[[[121.84083132564864,13.396850890932772],[121.84247892900947,13.396746813322205],[121.84248015491977,13.39649047201353],[121.84246299891181,13.39643088928197],[121.84230719943072,13.396448332938519],[121.84191846273104,13.39648789688094],[121.84086627990756,13.396607108457731],[121.84083132564864,13.396850890932772]]]}},{"type":"Feature","properties":{"Id":0,"CLN":"2001","PSGC":"174001018","Barangay":"Bunganay","Land_Class":"AGRICULTURAL","PIN":"030-01-019-09-017","Owner":"LLAVE, SEGUNDO","TaxDecNo":"11993"},"geometry":{"type":"Polygon","coordinates":[[[121.84248015491974,13.396490472013532],[121.8429321216384,13.396492543192029],[121.84289964026249,13.396202970375144],[121.84298298472775,13.395554215508792],[121.84278226581415,13.395135698401397],[121.84262105177827,13.395287940943941],[121.84251033838612,13.395477626471775],[121.84246299891181,13.396430889281953],[121.84248015491974,13.396490472013532]]]}},{"type":"Feature","properties":{"Id":0,"CLN":"1998","PSGC":"174001018","Barangay":"Bunganay","Land_Class":"AGRICULTURAL","PIN":"030-01-019-09-019","Owner":"REYES, DAMASA","TaxDecNo":"11995"},"geometry":{"type":"Polygon","coordinates":[[[121.84191846273104,13.39648789688094],[121.84230719943072,13.396448332938503],[121.84231316288536,13.396084513033168],[121.84203849389134,13.396116330815673],[121.84191239365992,13.396130938220551],[121.84191846273104,13.39648789688094]]]}},{"type":"Feature","properties":{"Id":0,"CLN":"1997","PSGC":"174001018","Barangay":"Bunganay","Land_Class":"AGRICULTURAL","PIN":"030-01-019-09-020","Owner":"LORING, ALFREDO & LORING, CECILIA & LORING, ADELINA","TaxDecNo":"11996"},"geometry":{"type":"Polygon","coordinates":[[[121.84086627990756,13.396607108457754],[121.8419184627311,13.396487896880977],[121.84191239365992,13.396130938220582],[121.84203849389134,13.396116330815707],[121.84203755627979,13.395653261835186],[121.84200001958746,13.39533057517549],[121.84188153180499,13.395379647408598],[121.8413558327576,13.395798968190864],[121.84114877542477,13.39582282594327],[121.84066879716244,13.396395336049633],[121.84086627990756,13.396607108457754]]]}},{"type":"Feature","properties":{"Id":0,"CLN":"1999","PSGC":"174001018","Barangay":"Bunganay","Land_Class":"AGRICULTURAL","PIN":"030-01-019-09-018","Owner":"DE LUNA, DANTE L.","TaxDecNo":"11994"},"geometry":{"type":"Polygon","coordinates":[[[121.84230719943072,13.396448332938503],[121.84246299891181,13.396430889281953],[121.84251033838612,13.395477626471775],[121.84262105177827,13.395287940943941],[121.84278226581415,13.395135698401397],[121.84278372842869,13.394829742573636],[121.84247955765031,13.39484902189582],[121.84224169283826,13.395133220993195],[121.84200001958743,13.39533057517549],[121.84203755627979,13.395653261835186],[121.84203849389134,13.396116330815673],[121.84231316288536,13.396084513033168],[121.84230719943072,13.396448332938503]]]}},{"type":"Feature","properties":{"Id":0,"CLN":"2000","PSGC":"174001018","Barangay":"Bunganay","Land_Class":"AGRICULTURAL","PIN":"030-01-019-09-016","Owner":"MARTE, ELENA","TaxDecNo":"11992"},"geometry":{"type":"Polygon","coordinates":[[[121.8430936794462,13.395351103434088],[121.84335403996495,13.394867409236777],[121.8430917919278,13.394891043340088],[121.84309176673875,13.394884903922469],[121.84278372842866,13.394829742573654],[121.84278226581415,13.395135698401411],[121.84298298472775,13.395554215508826],[121.84309371756746,13.395360395209051],[121.8430936794462,13.395351103434088]]]}},{"type":"Feature","properties":{"Id":0,"CLN":"1996","PSGC":"174001018","Barangay":"Bunganay","Land_Class":"AGRICULTURAL","PIN":"030-01-019-09-021","Owner":"LAMONTE, PACENCIA","TaxDecNo":"11997"},"geometry":{"type":"Polygon","coordinates":[[[121.84066879716244,13.396395336049615],[121.84114877542474,13.395822825943254],[121.84055031452311,13.395708444276838],[121.84042466361167,13.39607722726595],[121.84066879716244,13.396395336049615]]]}},{"type":"Feature","properties":{"Id":0,"CLN":"1995","PSGC":"174001018","Barangay":"Bunganay","Land_Class":"AGRICULTURAL","PIN":"030-01-019-09-022","Owner":"LAMONTE, SANTIAGO","TaxDecNo":"11998"},"geometry":{"type":"Polygon","coordinates":[[[121.84055031452311,13.395708444276838],[121.84114877542474,13.395822825943254],[121.8413558327576,13.395798968190864],[121.84188153180496,13.395379647408598],[121.8410758694527,13.395319445194083],[121.84084656218842,13.395398981205913],[121.84063649541618,13.395350505673395],[121.84055031452311,13.395708444276838]]]}},{"type":"Feature","properties":{"Id":0,"CLN":"1994","PSGC":"174001018","Barangay":"Bunganay","Land_Class":"AGRICULTURAL","PIN":"030-01-019-09-023","Owner":"MARTE, MATIAS","TaxDecNo":"11999"},"geometry":{"type":"Polygon","coordinates":[[[121.8410758694527,13.395319445194083],[121.84188153180496,13.395379647408598],[121.84200001958743,13.39533057517549],[121.84224169283826,13.395133220993195],[121.84108744810433,13.395253344301198],[121.8410758694527,13.395319445194083]]]}},{"type":"Feature","properties":{"Id":0,"CLN":"1993","PSGC":"174001018","Barangay":"Bunganay","Land_Class":"AGRICULTURAL","PIN":"030-01-019-09-024","Owner":"LAMONTE, SANTIAGO","TaxDecNo":"12000"},"geometry":{"type":"Polygon","coordinates":[[[121.84108744810433,13.395253344301198],[121.84224169283826,13.395133220993195],[121.84247955765031,13.39484902189582],[121.84186289975422,13.394418950159709],[121.8412139947172,13.394697128544436],[121.8412132822218,13.394845971839652],[121.84108744810433,13.395253344301198]]]}},{"type":"Feature","properties":{"Id":0,"CLN":"1992","PSGC":"174001018","Barangay":"Bunganay","Land_Class":"AGRICULTURAL","PIN":"030-01-019-07-010","Owner":"LAMONTE, PONCIANO","TaxDecNo":"11881"},"geometry":{"type":"Polygon","coordinates":[[[121.84108744810433,13.395253344301198],[121.8412132822218,13.394845971839652],[121.84100506870773,13.394817452297358],[121.84108744810433,13.395253344301198]]]}},{"type":"Feature","properties":{"Id":0,"CLN":"1986","PSGC":"174001018","Barangay":"Bunganay","Land_Class":"AGRICULTURAL","PIN":"030-01-019-09-026","Owner":"MAGSISI, LUCIA & MAGSISI, ROMANA","TaxDecNo":"12002"},"geometry":{"type":"Polygon","coordinates":[[[121.84345005000421,13.3934222446594],[121.84311785854568,13.393396014046614],[121.84311789733434,13.393393800583304],[121.84289263382706,13.393398281619783],[121.84310470291736,13.392880638638703],[121.8432081030495,13.3925529433883],[121.84309926354439,13.39262258456718],[121.84281218723137,13.392716260403247],[121.8427623145857,13.39279147683666],[121.84274617583955,13.392815816798066],[121.84269818399034,13.392888196593507],[121.84245396674645,13.393256516470128],[121.84235946513463,13.393399040090236],[121.84231323705119,13.393548701694607],[121.84278372842866,13.394829742573654],[121.84309095486988,13.394884758539204],[121.84309085213343,13.39489112803495],[121.84335403996495,13.394867409236777],[121.8432063520353,13.393807453984623],[121.84335969632922,13.393683535163015],[121.84345005000421,13.3934222446594]]]}},{"type":"Feature","properties":{"Id":0,"CLN":"1987","PSGC":"174001018","Barangay":"Bunganay","Land_Class":"AGRICULTURAL","PIN":"030-01-019-09-025","Owner":"JAMILLA, ELIAS","TaxDecNo":"12001"},"geometry":{"type":"Polygon","coordinates":[[[121.84278372842869,13.394829742573636],[121.84231323705119,13.393548701694607],[121.84235946513463,13.39339904009022],[121.84212151306362,13.393328593981824],[121.84191345888765,13.393266998982641],[121.84192754219917,13.392677189915748],[121.8416894087979,13.393017894004014],[121.84164856809666,13.393315399930323],[121.84168960638388,13.394153539338973],[121.84186289975422,13.394418950159709],[121.84247955765031,13.39484902189582],[121.84278372842869,13.394829742573636]]]}},{"type":"Feature","properties":{"Id":0,"CLN":"1991","PSGC":"174001018","Barangay":"Bunganay","Land_Class":"AGRICULTURAL","PIN":"030-01-019-07-011","Owner":"HRS. OF LAMONTE, PONCIANO","TaxDecNo":"11882"},"geometry":{"type":"Polygon","coordinates":[[[121.84100506870773,13.394817452297358],[121.8412132822218,13.394845971839652],[121.8412139947172,13.394697128544436],[121.84186289975422,13.394418950159709],[121.84168960638388,13.394153539338973],[121.84133522631733,13.394074734240478],[121.84070197379656,13.394612086385274],[121.84098336308594,13.394646454798744],[121.84100506870773,13.394817452297358]]]}},{"type":"Feature","properties":{"Id":0,"CLN":"1988","PSGC":"174001018","Barangay":"Bunganay","Land_Class":"AGRICULTURAL","PIN":"030-01-019-07-031","Owner":"JACOLBIA, GILBERT","TaxDecNo":"11899"},"geometry":{"type":"Polygon","coordinates":[[[121.84168960638387,13.394153539338987],[121.84164856809669,13.393315399930303],[121.8416894087979,13.393017894004032],[121.84192754219917,13.392677189915748],[121.84195304531141,13.392054356138576],[121.84119715981304,13.392332044575836],[121.84103067332018,13.392685316181252],[121.84104790648612,13.392926746190847],[121.8411600234339,13.393032004452566],[121.84102126596436,13.39378662637171],[121.84133522631733,13.394074734240496],[121.84168960638387,13.394153539338987]]]}},{"type":"Feature","properties":{"Id":0,"CLN":"1984","PSGC":"174001018","Barangay":"Bunganay","Land_Class":"AGRICULTURAL","PIN":"030-01-019-07-032","Owner":"MANRIQUE, MARIA","TaxDecNo":"11900"},"geometry":{"type":"Polygon","coordinates":[[[121.84191345888765,13.393266998982641],[121.84212151306362,13.393328593981824],[121.84275705863375,13.3921137815245],[121.84283450308595,13.391029944444679],[121.8422420736731,13.391471932557407],[121.84195304531141,13.392054356138576],[121.84192754219917,13.392677189915748],[121.84191345888765,13.393266998982641]]]}},{"type":"Feature","properties":{"Id":0,"CLN":"1983","PSGC":"174001018","Barangay":"Bunganay","Land_Class":"AGRICULTURAL","PIN":"030-01-019-07-035","Owner":"MONCADA, MARCELO JR.","TaxDecNo":"11903"},"geometry":{"type":"Polygon","coordinates":[[[121.84091365611498,13.392935930807814],[121.8410479064861,13.392926746190847],[121.84103067332018,13.392685316181252],[121.841197159813,13.392332044575834],[121.84195304531141,13.392054356138559],[121.8422420736731,13.391471932557389],[121.84138617962647,13.391468008682729],[121.84115319031092,13.391518393178423],[121.84111297742975,13.392076842837843],[121.8409774841141,13.392149725711024],[121.84083142128966,13.39286204897715],[121.84091365611498,13.392935930807814]]]}},{"type":"Feature","properties":{"Id":0,"CLN":"1990","PSGC":"174001018","Barangay":"Bunganay","Land_Class":"AGRICULTURAL","PIN":"030-01-019-07-012","Owner":"MICIANO, PACIFICO L.","TaxDecNo":"32526"},"geometry":{"type":"Polygon","coordinates":[[[121.84070197379656,13.394612086385274],[121.84133522631733,13.394074734240478],[121.84102126596436,13.39378662637169],[121.83974411017024,13.39473325812831],[121.83996889923475,13.394828008826364],[121.84070197379656,13.394612086385274]]]}},{"type":"Feature","properties":{"Id":0,"CLN":"1989","PSGC":"174001018","Barangay":"Bunganay","Land_Class":"AGRICULTURAL","PIN":"030-01-019-07-013","Owner":"MONTALES, ALMA ROSE M.","TaxDecNo":"11884"},"geometry":{"type":"Polygon","coordinates":[[[121.83974411017024,13.39473325812831],[121.84102126596436,13.39378662637169],[121.84030146301774,13.393583635478757],[121.83983415818915,13.393839090094945],[121.83961370454011,13.39400703519282],[121.8398363454149,13.394287142312548],[121.8395198498337,13.394528253015782],[121.83974411017024,13.39473325812831]]]}},{"type":"Feature","properties":{"Id":0,"CLN":"1977","PSGC":"174001018","Barangay":"Bunganay","Land_Class":"AGRICULTURAL","PIN":"030-01-019-07-030","Owner":"PINEDA, BONIFACIO O.","TaxDecNo":"11898"},"geometry":{"type":"Polygon","coordinates":[[[121.84030146301774,13.393583635478757],[121.84102126596436,13.39378662637169],[121.8411600234339,13.393032004452566],[121.8410479064861,13.392926746190847],[121.84091365611498,13.392935930807814],[121.84083142128966,13.39286204897715],[121.84060930824607,13.392796713218974],[121.8406369528623,13.391727349964674],[121.84022115021324,13.39259663354626],[121.84011435019123,13.39260984762168],[121.84000761968007,13.392623053049654],[121.83966392313485,13.392665577214533],[121.84001111120203,13.393069608669597],[121.84030146301774,13.393583635478757]]]}},{"type":"Feature","properties":{"Id":0,"CLN":"1976","PSGC":"174001018","Barangay":"Bunganay","Land_Class":"AGRICULTURAL","PIN":"030-01-019-07-029","Owner":"JACOLBIA, GIORDAN","TaxDecNo":"11897"},"geometry":{"type":"Polygon","coordinates":[[[121.83912354195965,13.393798737969547],[121.83961370454017,13.394007035192823],[121.83983415818915,13.393839090094945],[121.84030146301774,13.393583635478757],[121.84001111120203,13.393069608669617],[121.83966392313485,13.392665577214533],[121.83957470056134,13.392483243847643],[121.83939995765954,13.392521030901294],[121.83924181669843,13.392619535281966],[121.83906614849244,13.392850266988304],[121.83913784365943,13.393164827948521],[121.83937317932617,13.39340847402002],[121.83912354195965,13.393798737969547]]]}},{"type":"Feature","properties":{"Id":0,"CLN":"1981","PSGC":"174001018","Barangay":"Bunganay","Land_Class":"AGRICULTURAL","PIN":"030-01-019-07-036","Owner":"MONCADA, EDILBERTO","TaxDecNo":"11904"},"geometry":{"type":"Polygon","coordinates":[[[121.84060930824607,13.392796713218974],[121.84083142128966,13.39286204897715],[121.8409774841141,13.392149725711024],[121.84111297742975,13.392076842837843],[121.84115319031092,13.391518393178423],[121.84077976166608,13.391449607081585],[121.84069510052393,13.391490564860684],[121.8406369528623,13.391727349964674],[121.84060930824607,13.392796713218974]]]}},{"type":"Feature","properties":{"Id":0,"CLN":"1980","PSGC":"174001018","Barangay":"Bunganay","Land_Class":"AGRICULTURAL","PIN":"030-01-019-07-037","Owner":"MONCADA, NELIA","TaxDecNo":"11905"},"geometry":{"type":"Polygon","coordinates":[[[121.84011435019123,13.39260984762168],[121.84022115021324,13.39259663354626],[121.8406369528623,13.391727349964674],[121.84069510052393,13.391490564860684],[121.84042985324167,13.391319827810625],[121.84011435019123,13.39260984762168]]]}},{"type":"Feature","properties":{"Id":0,"CLN":"1979","PSGC":"174001018","Barangay":"Bunganay","Land_Class":"AGRICULTURAL","PIN":"030-01-019-07-038","Owner":"MONCADA, OFELIA","TaxDecNo":"11906"},"geometry":{"type":"Polygon","coordinates":[[[121.84000761968007,13.392623053049654],[121.84011435019123,13.39260984762168],[121.84042985324167,13.391319827810625],[121.84016448752348,13.39117389772393],[121.84010974943224,13.391143796062893],[121.84000761968007,13.392623053049654]]]}},{"type":"Feature","properties":{"Id":0,"CLN":"1978","PSGC":"174001018","Barangay":"Bunganay","Land_Class":"AGRICULTURAL","PIN":"030-01-019-07-039","Owner":"MONCADA, RAFAEL","TaxDecNo":"11907"},"geometry":{"type":"Polygon","coordinates":[[[121.83966392313485,13.392665577214533],[121.84000761968007,13.392623053049654],[121.84010974943224,13.391143796062893],[121.83999458205825,13.39113617500813],[121.83980038505014,13.391362418674515],[121.83989684785257,13.392384114269918],[121.83957470056134,13.392483243847643],[121.83966392313485,13.392665577214533]]]}},{"type":"Feature","properties":{"Id":0,"CLN":"2026","PSGC":"174001018","Barangay":"Bunganay","Land_Class":"AGRICULTURAL","PIN":"030-01-019-07-004","Owner":"MERZA, ISABEL","TaxDecNo":"11874"},"geometry":{"type":"Polygon","coordinates":[[[121.83675813203058,13.396669175884988],[121.83703496090708,13.396763148039081],[121.83728928920226,13.39656999193976],[121.8374600260405,13.39619452742392],[121.83749264548345,13.395862172337882],[121.83763623634539,13.395558606759534],[121.83712705173606,13.395480104086351],[121.83702033885896,13.395715286116364],[121.83675813203058,13.396669175884988]]]}},{"type":"Feature","properties":{"Id":0,"CLN":"2025","PSGC":"174001018","Barangay":"Bunganay","Land_Class":"AGRICULTURAL","PIN":"030-01-019-07-003","Owner":"VALVERDE, EMELINDA JANDA","TaxDecNo":"11873"},"geometry":{"type":"Polygon","coordinates":[[[121.8364667480512,13.396663698922193],[121.83675813203058,13.396669175884988],[121.83702033885896,13.395715286116364],[121.83622093625348,13.39596381552371],[121.83626064401874,13.396489095215102],[121.8364667480512,13.396663698922193]]]}},{"type":"Feature","properties":{"Id":0,"CLN":"2024","PSGC":"174001018","Barangay":"Bunganay","Land_Class":"AGRICULTURAL","PIN":"030-01-019-07-016","Owner":"MANAOG, BIENVENIDO","TaxDecNo":"11886"},"geometry":{"type":"Polygon","coordinates":[[[121.83622093625348,13.39596381552371],[121.83702033885896,13.395715286116364],[121.83712705173606,13.395480104086351],[121.83717231571872,13.395380347678403],[121.83614319968562,13.395442495195121],[121.83616400683242,13.39577273682328],[121.83616803869656,13.395836728713697],[121.83622093625348,13.39596381552371]]]}},{"type":"Feature","properties":{"Id":0,"CLN":"1930","PSGC":"174001018","Barangay":"Bunganay","Land_Class":"AGRICULTURAL","PIN":"030-01-019-07-002","Owner":"JACOLBIA, ROEL J.","TaxDecNo":"11872"},"geometry":{"type":"Polygon","coordinates":[[[121.83499520877014,13.39704143419559],[121.83504315449785,13.397017020184846],[121.83557048560515,13.396853895010153],[121.83600695134685,13.396549945332383],[121.83626064401874,13.396489095215102],[121.83622093625351,13.395963815523732],[121.83616803869658,13.39583672871371],[121.83545665083169,13.39593548474318],[121.83539962030102,13.396377625963096],[121.8352801162389,13.396637555804048],[121.83500082508299,13.396752036848962],[121.83499520877014,13.39704143419559]]]}},{"type":"Feature","properties":{"Id":0,"CLN":"1929","PSGC":"174001018","Barangay":"Bunganay","Land_Class":"AGRICULTURAL","PIN":"030-01-019-07-001","Owner":"MANAOG, LUCIANA","TaxDecNo":"11871"},"geometry":{"type":"Polygon","coordinates":[[[121.83500082508299,13.396752036848945],[121.8352801162389,13.396637555804018],[121.83539962030102,13.396377625963096],[121.83545665083169,13.395935484743195],[121.83483914385359,13.396122829012995],[121.83487526223848,13.396515784353811],[121.83499287611508,13.396648634728722],[121.83500082508299,13.396752036848945]]]}},{"type":"Feature","properties":{"Id":0,"CLN":"1931","PSGC":"174001018","Barangay":"Bunganay","Land_Class":"AGRICULTURAL","PIN":"030-01-019-07-017","Owner":"MANAOG, VICENTE","TaxDecNo":"11887"},"geometry":{"type":"Polygon","coordinates":[[[121.83545665083169,13.395935484743195],[121.83616803869656,13.395836728713697],[121.83614319968562,13.395442495195121],[121.83613834233623,13.395365401498019],[121.83534225964578,13.395132841193359],[121.83543818026031,13.395385495257429],[121.83548748645921,13.395671011316809],[121.83545665083169,13.395935484743195]]]}},{"type":"Feature","properties":{"Id":0,"CLN":"1932","PSGC":"174001018","Barangay":"Bunganay","Land_Class":"AGRICULTURAL","PIN":"030-01-019-07-019","Owner":"MONROYO, SATURNINO","TaxDecNo":"11889"},"geometry":{"type":"Polygon","coordinates":[[[121.83534225964578,13.395132841193359],[121.83613834233623,13.395365401498019],[121.83619568724934,13.395066486642438],[121.83604922654267,13.394784657563973],[121.83594834664473,13.394684961770603],[121.83517892699464,13.394846799265013],[121.83534225964578,13.395132841193359]]]}},{"type":"Feature","properties":{"Id":0,"CLN":"2023","PSGC":"174001018","Barangay":"Bunganay","Land_Class":"AGRICULTURAL","PIN":"030-01-019-07-015","Owner":"MERZA, ELISEA","TaxDecNo":"11885"},"geometry":{"type":"Polygon","coordinates":[[[121.83614319968562,13.395442495195121],[121.83717231571872,13.395380347678403],[121.83712705173606,13.395480104086351],[121.83763623634539,13.395558606759534],[121.83764879149136,13.395007024304535],[121.83727734702543,13.39496396837274],[121.83619568724934,13.395066486642438],[121.83613834233623,13.395365401498019],[121.83614319968562,13.395442495195121]]]}},{"type":"Feature","properties":{"Id":0,"CLN":"1933","PSGC":"174001018","Barangay":"Bunganay","Land_Class":"AGRICULTURAL","PIN":"030-01-019-07-020","Owner":"MANAOG, GERTRUDES","TaxDecNo":"11890"},"geometry":{"type":"Polygon","coordinates":[[[121.83480531008591,13.394377864032608],[121.83497316368094,13.394601907728594],[121.83517892699464,13.394846799265027],[121.83594834664474,13.394684961770581],[121.83567489204424,13.394464566493186],[121.83535691212231,13.393842907580016],[121.83480531008591,13.394377864032608]]]}},{"type":"Feature","properties":{"Id":0,"CLN":"2021","PSGC":"174001018","Barangay":"Bunganay","Land_Class":"AGRICULTURAL","PIN":"030-01-019-07-014"},"geometry":{"type":"Polygon","coordinates":[[[121.83727734702543,13.39496396837274],[121.83764879149136,13.395007024304535],[121.83763623634539,13.395558606759534],[121.83865841603372,13.395530232160215],[121.83871294111789,13.39560904071973],[121.8389451592256,13.395622512251935],[121.83944700995514,13.395773665337533],[121.83987072678124,13.395182928213128],[121.83976801312414,13.394886195917746],[121.83938675000428,13.394514778165727],[121.83970324568507,13.394273667638485],[121.83950143025088,13.39408530414138],[121.83833244384651,13.393611339865613],[121.83855821283443,13.393077640318102],[121.83811920950221,13.393455999848559],[121.83784895178637,13.393449243743712],[121.83767408543795,13.393444872149768],[121.83737661638169,13.393309249412864],[121.83746749757579,13.394318515500748],[121.83727734702543,13.39496396837274]]]}},{"type":"Feature","properties":{"Id":0,"CLN":"2022","PSGC":"174001018","Barangay":"Bunganay","Land_Class":"AGRICULTURAL","PIN":"030-01-019-07-025","Owner":"MAGALANG, ARTHUR M. & MAGALANG, MARILYN M.","TaxDecNo":"11894"},"geometry":{"type":"Polygon","coordinates":[[[121.83604922654267,13.394784657563973],[121.83619568724934,13.395066486642438],[121.83727734702543,13.39496396837274],[121.83746749757579,13.394318515500748],[121.83737661638169,13.393309249412864],[121.83700532022603,13.393235873403064],[121.83675310229772,13.394459108714377],[121.83604922654267,13.394784657563973]]]}},{"type":"Feature","properties":{"Id":0,"CLN":"1934","PSGC":"174001018","Barangay":"Bunganay","Land_Class":"AGRICULTURAL","PIN":"030-01-019-07-056","Owner":"LOGDAT, MARIESTELA R. & LOGDAT, PAMELA R.","TaxDecNo":"11923"},"geometry":{"type":"Polygon","coordinates":[[[121.83630124886521,13.392489657979846],[121.83532830624851,13.393577528715491],[121.83535691212231,13.393842907580016],[121.83567489204424,13.394464566493186],[121.83604922654267,13.394784657563973],[121.83675310229775,13.39445910871438],[121.83700532022603,13.393235873403064],[121.83667011844545,13.393169629909522],[121.83657850995596,13.392996856334538],[121.83668891406573,13.392286209906487],[121.83639512751014,13.39248883146867],[121.83630124886521,13.392489657979846]]]}},{"type":"Feature","properties":{"Id":0,"CLN":"1975","PSGC":"174001018","Barangay":"Bunganay","Land_Class":"AGRICULTURAL","PIN":"030-01-019-07-028","Owner":"MARTE, RHOEL & MARTE, HELEN M.","TaxDecNo":"11896"},"geometry":{"type":"Polygon","coordinates":[[[121.83852641021403,13.393528161161916],[121.83912354195965,13.393798737969531],[121.83937317932617,13.393408474020037],[121.83913784365943,13.393164827948507],[121.83906614849244,13.392850266988304],[121.83901568582627,13.392777908836818],[121.83871617718968,13.392706243498665],[121.83858938267696,13.392726333688],[121.83867257700096,13.392991332115459],[121.83852641021403,13.393528161161916]]]}},{"type":"Feature","properties":{"Id":0,"CLN":"1936","PSGC":"174001018","Barangay":"Bunganay","Land_Class":"AGRICULTURAL","PIN":"030-01-019-06-007","Owner":"MANRIQUE, FRANCISCO","TaxDecNo":"11807"},"geometry":{"type":"Polygon","coordinates":[[[121.83575660821762,13.389898463114672],[121.83568169675546,13.389863816507908],[121.83525654050325,13.390234350928786],[121.83478144114535,13.390670429909049],[121.83449558039092,13.390939816706549],[121.83478056575608,13.390852349132674],[121.83553347773402,13.390607743346457],[121.83564084536184,13.390236122321967],[121.83575660821762,13.389898463114672]]]}},{"type":"Feature","properties":{"Id":0,"CLN":"1937","PSGC":"174001018","Barangay":"Bunganay","Land_Class":"AGRICULTURAL","PIN":"030-01-019-06-006","Owner":"HISTORILLO, ARISTEO M.","TaxDecNo":"29692"},"geometry":{"type":"Polygon","coordinates":[[[121.83568169675546,13.389863816507908],[121.8353613945157,13.389857440055291],[121.83491444710248,13.390236908230882],[121.83474522670028,13.390381440936773],[121.83442394026007,13.390676689469789],[121.83449558039092,13.390939816706549],[121.83478144114535,13.390670429909049],[121.83525654050325,13.390234350928786],[121.83568169675546,13.389863816507908]]]}},{"type":"Feature","properties":{"Id":0,"CLN":"1974","PSGC":"174001018","Barangay":"Bunganay","Land_Class":"AGRICULTURAL","PIN":"030-01-019-07-040","Owner":"ORNEDO, EMETERIO & RAON, FELOMENA","TaxDecNo":"11908"},"geometry":{"type":"Polygon","coordinates":[[[121.83906614849244,13.392850266988304],[121.83924181669843,13.392619535281966],[121.83939995765951,13.392521030901271],[121.83957470056134,13.392483243847643],[121.83989684785257,13.392384114269918],[121.83980038505014,13.391362418674515],[121.83934440765852,13.391566613079462],[121.83847501213081,13.391442713180753],[121.83901568582627,13.392777908836818],[121.83906614849244,13.392850266988304]]]}},{"type":"Feature","properties":{"Id":0,"CLN":"1973","PSGC":"174001018","Barangay":"Bunganay","Land_Class":"AGRICULTURAL","PIN":"030-01-019-07-041","Owner":"LUNAR, LORNA","TaxDecNo":"11909"},"geometry":{"type":"Polygon","coordinates":[[[121.83871617718968,13.392706243498665],[121.83901568582627,13.392777908836818],[121.83847501213081,13.391442713180753],[121.83837654988861,13.391480928381041],[121.8386341460285,13.392117065421523],[121.83871617718968,13.392706243498665]]]}},{"type":"Feature","properties":{"Id":0,"CLN":"1972","PSGC":"174001018","Barangay":"Bunganay","Land_Class":"AGRICULTURAL","PIN":"030-01-019-07-042","Owner":"MONROYO, ROGELIO","TaxDecNo":"11910"},"geometry":{"type":"Polygon","coordinates":[[[121.83858938267696,13.392726333688],[121.83871617718968,13.392706243498665],[121.8386341460285,13.39211706542154],[121.83837654988861,13.391480928381057],[121.8382777714137,13.392061999820983],[121.83858938267696,13.392726333688]]]}},{"type":"Feature","properties":{"Id":0,"CLN":"1971","PSGC":"174001018","Barangay":"Bunganay","Land_Class":"AGRICULTURAL","PIN":"030-01-019-07-043","Owner":"HRS. OF ORNEDO, ROSITA","TaxDecNo":"11911"},"geometry":{"type":"Polygon","coordinates":[[[121.83858938267696,13.392726333688],[121.8382777714137,13.392061999820983],[121.83837654988861,13.391480928381057],[121.8382592344486,13.391524413476231],[121.83816537273566,13.39172244376426],[121.83817746689176,13.391842403473758],[121.83803705093814,13.39206089269942],[121.83799011989217,13.39215990778849],[121.83838880166292,13.392686838590494],[121.83858938267696,13.392726333688]]]}},{"type":"Feature","properties":{"Id":0,"CLN":"1970","PSGC":"174001018","Barangay":"Bunganay","Land_Class":"AGRICULTURAL","PIN":"030-01-019-07-027","Owner":"ORNEDO, CONCEPCION L.","TaxDecNo":"11895"},"geometry":{"type":"Polygon","coordinates":[[[121.83838880166292,13.392686838590476],[121.83799011989213,13.392159907788454],[121.83751259902985,13.393100404741652],[121.83757118761407,13.393212309171838],[121.83787103379633,13.393213688852132],[121.83801127205763,13.393032410591493],[121.83838880166292,13.392686838590476]]]}},{"type":"Feature","properties":{"Id":0,"CLN":"1969","PSGC":"174001018","Barangay":"Bunganay","Land_Class":"AGRICULTURAL","PIN":"030-01-019-07-026"},"geometry":{"type":"Polygon","coordinates":[[[121.83751259902984,13.39310040474169],[121.83799011989217,13.39215990778849],[121.83803705093814,13.39206089269942],[121.83736108636462,13.392111532670212],[121.83720856098257,13.39212295887361],[121.83681098239875,13.392336404488244],[121.83680768505212,13.393022736497793],[121.83711528221787,13.393168864516513],[121.83751259902984,13.39310040474169]]]}},{"type":"Feature","properties":{"Id":0,"CLN":"1967","PSGC":"174001018","Barangay":"Bunganay","Land_Class":"AGRICULTURAL","PIN":"030-01-019-07-045","Owner":"MANAOG, VICENTE","TaxDecNo":"11913"},"geometry":{"type":"Polygon","coordinates":[[[121.83681098239875,13.392336404488244],[121.83720856098257,13.39212295887361],[121.83716351097185,13.391920430651451],[121.83685057988501,13.392005817067904],[121.83623710842052,13.392234530461264],[121.83631280747419,13.392301033122731],[121.83669959079452,13.392171145076173],[121.83671950965092,13.392200696500883],[121.83676066191927,13.392261749586073],[121.83681098239875,13.392336404488244]]]}},{"type":"Feature","properties":{"Id":0,"CLN":"1966","PSGC":"174001018","Barangay":"Bunganay","Land_Class":"AGRICULTURAL","PIN":"030-01-019-07-046","Owner":"ORNEDO, EMETERIO & RAON, FELOMENA","TaxDecNo":"11914"},"geometry":{"type":"Polygon","coordinates":[[[121.83623710842049,13.392234530461263],[121.83685057988501,13.392005817067904],[121.83716351097185,13.391920430651451],[121.83816537273566,13.39172244376426],[121.8382592344486,13.391524413476214],[121.83785375187314,13.39153495235825],[121.83750309094877,13.391562281352686],[121.83630658671314,13.3918379268949],[121.83594325587691,13.391865195310963],[121.83604349867693,13.39209719596812],[121.83623710842049,13.392234530461263]]]}},{"type":"Feature","properties":{"Id":0,"CLN":"1965","PSGC":"174001018","Barangay":"Bunganay","Land_Class":"AGRICULTURAL","PIN":"030-01-019-07-047","Owner":"MINAY, ROSA","TaxDecNo":"11915"},"geometry":{"type":"Polygon","coordinates":[[[121.83630658671314,13.3918379268949],[121.83750309094877,13.391562281352686],[121.8382592344486,13.391524413476214],[121.83802349162026,13.391366213575317],[121.83783362829696,13.391328128615207],[121.83708176817788,13.391353611109837],[121.8360125357334,13.391509937138725],[121.83622728066842,13.391643234367539],[121.83630658671314,13.3918379268949]]]}},{"type":"Feature","properties":{"Id":0,"CLN":"1964","PSGC":"174001018","Barangay":"Bunganay","Land_Class":"AGRICULTURAL","PIN":"030-01-019-07-048","Owner":"BENITEZ, TOMAS","TaxDecNo":"11916"},"geometry":{"type":"Polygon","coordinates":[[[121.83689886654152,13.391038537815596],[121.83637935682135,13.390247182694386],[121.83628454997194,13.390166318173804],[121.83627399915477,13.390237724234485],[121.83625116465662,13.390481515776065],[121.83620664815813,13.390956792186262],[121.83568139902992,13.390757904738694],[121.83564903415781,13.390987299846781],[121.83562280063602,13.39117323686664],[121.83569997881325,13.391810324130574],[121.83594325587694,13.391865195310965],[121.83630658671314,13.391837926894913],[121.8362272806684,13.391643234367555],[121.8360125357334,13.391509937138746],[121.83708176817788,13.391353611109837],[121.83689886654152,13.391038537815596]]]}},{"type":"Feature","properties":{"Id":0,"CLN":"1963","PSGC":"174001018","Barangay":"Bunganay","Land_Class":"AGRICULTURAL","PIN":"030-01-019-06-008","Owner":"SPOUSES LOGDAT, BUENAVENTURA M. & LOGDAT, ROSENDA R.","TaxDecNo":"11808"},"geometry":{"type":"Polygon","coordinates":[[[121.83568139902992,13.390757904738694],[121.83620664815813,13.390956792186246],[121.83625116465662,13.390481515776035],[121.83577440754026,13.390384222983613],[121.83568139902992,13.390757904738694]]]}},{"type":"Feature","properties":{"Id":0,"CLN":"1962","PSGC":"174001018","Barangay":"Bunganay","Land_Class":"AGRICULTURAL","PIN":"030-01-019-06-009","Owner":"SPOUSES LOGDAT, BUENAVENTURA M. & LOGDAT, ROSENDA R.","TaxDecNo":"11809"},"geometry":{"type":"Polygon","coordinates":[[[121.83616614238052,13.389816570096235],[121.8360962830651,13.389772146479633],[121.83597196849664,13.389870054202087],[121.83600596781324,13.390085819675289],[121.8358764782734,13.390235846953797],[121.83577440754026,13.390384222983613],[121.83625116465662,13.390481515776065],[121.83627399915477,13.390237724234485],[121.83628454997194,13.390166318173804],[121.83622594016111,13.390001828134084],[121.83616614238052,13.389816570096235]]]}},{"type":"Feature","properties":{"Id":0,"CLN":"1960","PSGC":"174001018","Barangay":"Bunganay","Land_Class":"AGRICULTURAL","PIN":"030-01-019-07-050","Owner":"IGNACIO, FELIMON","TaxDecNo":"11917"},"geometry":{"type":"Polygon","coordinates":[[[121.83847501213081,13.391442713180753],[121.83934440765852,13.391566613079462],[121.83980038505014,13.391362418674515],[121.83999458205825,13.39113617500813],[121.83902431928541,13.390796102026313],[121.83899253625107,13.390378358827691],[121.83851922752737,13.390442337354694],[121.83850168552773,13.390839228034483],[121.83854535873837,13.39115774752604],[121.83847501213081,13.391442713180753]]]}},{"type":"Feature","properties":{"Id":0,"CLN":"1956","PSGC":"174001018","Barangay":"Bunganay","Land_Class":"AGRICULTURAL","PIN":"030-01-019-07-052","Owner":"BUGARIN, JAIME","TaxDecNo":"11919"},"geometry":{"type":"Polygon","coordinates":[[[121.83899253625107,13.390378358827691],[121.84015677774822,13.390073171887074],[121.84023641456578,13.389729932032262],[121.84066494199412,13.388824135115549],[121.84042619388387,13.388510651296759],[121.83981042931997,13.388537225991112],[121.83936425755313,13.389207730318663],[121.8388065258543,13.389657211699811],[121.8385416654763,13.389694948035372],[121.83851922752737,13.390442337354694],[121.83899253625107,13.390378358827691]]]}},{"type":"Feature","properties":{"Id":0,"CLN":"1959","PSGC":"174001018","Barangay":"Bunganay","Land_Class":"AGRICULTURAL","PIN":"030-01-019-07-051","Owner":"JANDA, MAURO","TaxDecNo":"11918"},"geometry":{"type":"Polygon","coordinates":[[[121.84014442184225,13.390126426537112],[121.84015677774822,13.390073171887074],[121.83899253625107,13.390378358827691],[121.83902431928541,13.390796102026329],[121.83999458205825,13.39113617500813],[121.84010974943227,13.391143796062895],[121.84011234141317,13.390242924943854],[121.84012151847753,13.390242994724625],[121.84014442184225,13.390126426537112]]]}},{"type":"Feature","properties":{"Id":0,"CLN":"1982","PSGC":"174001018","Barangay":"Bunganay","Land_Class":"AGRICULTURAL","PIN":"030-01-019-07-034","Owner":"LLAVE, SEGUNDO","TaxDecNo":"11902"},"geometry":{"type":"Polygon","coordinates":[[[121.84077976166608,13.391449607081585],[121.84115319031092,13.391518393178423],[121.84138617962647,13.391468008682729],[121.8422420736731,13.391471932557389],[121.84283450308595,13.391029944444679],[121.84253748973182,13.390730890503312],[121.8414753668064,13.390468314066789],[121.84099884423797,13.390321416520804],[121.84081181877984,13.390572770775197],[121.84077329587151,13.390680094335659],[121.84084883750437,13.390779672001388],[121.84084314975077,13.39108560833945],[121.84078712053845,13.391321025014902],[121.84077976166608,13.391449607081585]]]}},{"type":"Feature","properties":{"Id":0,"CLN":"1961","PSGC":"174001018","Barangay":"Bunganay","Land_Class":"RESIDENTIAL","PIN":"030-01-019-07-049"},"geometry":{"type":"Polygon","coordinates":[[[121.83678738410136,13.389948435564003],[121.83678650826833,13.390130771167357],[121.83655597901007,13.39013468781445],[121.83655001153903,13.389971009534603],[121.83622594016111,13.390001828134084],[121.83628454997194,13.390166318173804],[121.83637935682135,13.390247182694386],[121.83689886654152,13.391038537815596],[121.83708176817788,13.391353611109837],[121.83783362829699,13.391328128615221],[121.83802349162026,13.391366213575337],[121.8382592344486,13.391524413476231],[121.83847501213081,13.391442713180766],[121.8385453587384,13.391157747526028],[121.83850168552773,13.390839228034517],[121.83851922752737,13.390442337354694],[121.8385416654763,13.389694948035372],[121.83823178607177,13.389739098144759],[121.83803230462387,13.389848435407734],[121.83722117939233,13.389907181332358],[121.83678738410136,13.389948435564003]]]}},{"type":"Feature","properties":{"Id":0,"CLN":"1958","PSGC":"174001018","Barangay":"Bunganay","Land_Class":"AGRICULTURAL","PIN":"030-01-019-07-054","Owner":"MOLEA, ADORACION","TaxDecNo":"30671"},"geometry":{"type":"Polygon","coordinates":[[[121.84081181877987,13.390572770775213],[121.84099884423797,13.390321416520804],[121.84147536680643,13.390468314066807],[121.84253748973182,13.390730890503312],[121.84251081103692,13.390422049250988],[121.84239299288345,13.390260256360326],[121.84225759108814,13.390085381993812],[121.84205886798864,13.389826317328238],[121.84191854221697,13.389662787548506],[121.841671851623,13.389427803722615],[121.84135380542088,13.389995994779278],[121.84089968023706,13.389975536022067],[121.84014442184225,13.390126426537112],[121.84012151847753,13.390242994724625],[121.84011234141317,13.390242924943854],[121.84010974943227,13.391143796062895],[121.84042985324167,13.39131982781064],[121.84069510052393,13.391490564860684],[121.84077976166608,13.391449607081604],[121.84078712053848,13.39132102501492],[121.84084314975077,13.391085608339464],[121.84084883750437,13.390779672001404],[121.84077329587151,13.39068009433568],[121.84081181877987,13.390572770775213]]]}},{"type":"Feature","properties":{"Id":0,"CLN":"2058","PSGC":"174001018","Barangay":"Bunganay","Land_Class":"AGRICULTURAL","PIN":"030-01-019-09-034","Owner":"JACOLBIA, GILBERT & JACOLBIA, LAILANI","TaxDecNo":"12010"},"geometry":{"type":"Polygon","coordinates":[[[121.84345005000421,13.3934222446594],[121.84351472710898,13.393206530939851],[121.84362098105656,13.393169631063946],[121.84377462229467,13.392983402757187],[121.84407464650634,13.39324232611594],[121.84476661508715,13.393170719046024],[121.84504849706416,13.39278568254234],[121.84450838530896,13.392155952897571],[121.84492937354574,13.39196263840663],[121.8450732589315,13.392042222982045],[121.84589893483025,13.39151427945771],[121.8445088602218,13.391167294183749],[121.84416373643886,13.3909123191702],[121.8438061364311,13.39115992507447],[121.8432081030495,13.3925529433883],[121.84310470291736,13.392880638638703],[121.84289263382706,13.393398281619783],[121.84311493223704,13.393393859567572],[121.84311497063399,13.393395786008444],[121.84345005000421,13.3934222446594]]]}},{"type":"Feature","properties":{"Id":0,"CLN":"2060","PSGC":"174001018","Barangay":"Bunganay","Land_Class":"AGRICULTURAL","PIN":"030-01-019-09-031","Owner":"MANAOG, ALICIA MONROYO","TaxDecNo":"12007"},"geometry":{"type":"Polygon","coordinates":[[[121.84692672494887,13.393341211694993],[121.8464976097892,13.393162013454699],[121.84578185608915,13.392981504956147],[121.84538584455798,13.393769885480674],[121.84584576615907,13.393816297160841],[121.84626081614036,13.393781268521321],[121.84692672494887,13.393341211694993]]]}},{"type":"Feature","properties":{"Id":0,"CLN":"2055","PSGC":"174001018","Barangay":"Bunganay","Land_Class":"AGRICULTURAL","PIN":"030-01-019-09-032","Owner":"JACOLBIA, GILBERT & JACOLBIA, LAILANI","TaxDecNo":"12008"},"geometry":{"type":"Polygon","coordinates":[[[121.8447745314671,13.39383355494932],[121.84538584455798,13.393769885480674],[121.84578185608915,13.392981504956147],[121.84504849706416,13.392785682542309],[121.84476661508715,13.393170719046024],[121.8447745314671,13.39383355494932]]]}},{"type":"Feature","properties":{"Id":0,"CLN":"2056","PSGC":"174001018","Barangay":"Bunganay","Land_Class":"AGRICULTURAL","PIN":"030-01-019-09-028","Owner":"MAJABA, AGUSTINA","TaxDecNo":"12004"},"geometry":{"type":"Polygon","coordinates":[[[121.84417816347187,13.393926831113925],[121.8447745314671,13.39383355494932],[121.84476661508715,13.393170719046024],[121.84407464650634,13.39324232611592],[121.84417816347187,13.393926831113925]]]}},{"type":"Feature","properties":{"Id":0,"CLN":"2057","PSGC":"174001018","Barangay":"Bunganay","Land_Class":"AGRICULTURAL","PIN":"030-01-019-09-027","Owner":"MAJABA, GREGORIO","TaxDecNo":"12003"},"geometry":{"type":"Polygon","coordinates":[[[121.84345005000418,13.393422244659401],[121.84361426061052,13.393540232588311],[121.84365884932916,13.393680750805915],[121.84393734652213,13.393807569789685],[121.8440580370518,13.393808122145177],[121.84409525920763,13.39391168182847],[121.84417816347187,13.393926831113925],[121.84407464650634,13.39324232611592],[121.84377462229467,13.392983402757174],[121.84362098105656,13.393169631063932],[121.84351472710898,13.393206530939834],[121.84345005000418,13.393422244659401]]]}},{"type":"Feature","properties":{"Id":0,"CLN":"2053","PSGC":"174001018","Barangay":"Bunganay","Land_Class":"AGRICULTURAL","PIN":"030-01-019-09-013"},"geometry":{"type":"Polygon","coordinates":[[[121.84500407078349,13.395871929019398],[121.84580390357411,13.396267911401614],[121.84656125399894,13.395636265187797],[121.84632532614148,13.394490519152956],[121.8459784452387,13.394466779621727],[121.84544316099492,13.39440525369865],[121.84474323113766,13.394069730338721],[121.84466316605007,13.393850973400657],[121.84417816347187,13.393926831113925],[121.84409525920763,13.39391168182847],[121.8440580370518,13.393808122145177],[121.84393734652213,13.393807569789685],[121.84365884932916,13.393680750805915],[121.84361426061052,13.393540232588311],[121.84345005000418,13.393422244659401],[121.84335969632922,13.393683535163015],[121.84320635203528,13.393807453984603],[121.84335403996495,13.39486740923676],[121.84412462779518,13.39521572194576],[121.84457944715038,13.395936451311652],[121.84500407078349,13.395871929019398]]]}},{"type":"Feature","properties":{"Id":0,"CLN":"2054","PSGC":"174001018","Barangay":"Bunganay","Land_Class":"AGRICULTURAL","PIN":"030-01-019-09-029","Owner":"HRS OF LAZARES, VALENTINA","TaxDecNo":"12005"},"geometry":{"type":"Polygon","coordinates":[[[121.8459784452387,13.394466779621727],[121.84538584455798,13.393769885480674],[121.8447745314671,13.39383355494932],[121.84466316605007,13.393850973400657],[121.84474323113766,13.394069730338721],[121.84544316099492,13.39440525369865],[121.8459784452387,13.394466779621727]]]}},{"type":"Feature","properties":{"Id":0,"CLN":"2061","PSGC":"174001018","Barangay":"Bunganay","Land_Class":"AGRICULTURAL","PIN":"030-01-019-09-030","Owner":"JACOLBIA, HRS. OF GENARO","TaxDecNo":"12006"},"geometry":{"type":"Polygon","coordinates":[[[121.84632532614148,13.394490519152956],[121.84654407853247,13.394491518236986],[121.8471042790092,13.394073133203827],[121.84736829013536,13.394074338120324],[121.84692672494887,13.393341211694993],[121.84626081614036,13.393781268521321],[121.84584576615907,13.393816297160841],[121.84538584455798,13.393769885480674],[121.8459784452387,13.394466779621727],[121.84632532614148,13.394490519152956]]]}},{"type":"Feature","properties":{"Id":0,"CLN":"2002","PSGC":"174001018","Barangay":"Bunganay","Land_Class":"AGRICULTURAL","PIN":"030-01-019-09-015","Owner":"JAMILLA, ELENA","TaxDecNo":"11991"},"geometry":{"type":"Polygon","coordinates":[[[121.84412462779518,13.39521572194576],[121.84335403996495,13.394867409236777],[121.84308860876904,13.39536052364451],[121.8430885662898,13.395369411713506],[121.84298298472775,13.395554215508826],[121.84289964026252,13.396202970375144],[121.84308571997752,13.39615007269976],[121.84308593453555,13.396128887712354],[121.84332692952873,13.396101033354817],[121.84334017482314,13.395993089122918],[121.84412462779518,13.39521572194576]]]}},{"type":"Feature","properties":{"Id":0,"CLN":"1985","PSGC":"174001018","Barangay":"Bunganay","Land_Class":"AGRICULTURAL","PIN":"030-01-019-07-033","Owner":"MANRIQUE, IGLECERIA","TaxDecNo":"11901"},"geometry":{"type":"Polygon","coordinates":[[[121.8438061364311,13.39115992507447],[121.84311301960234,13.39102901544428],[121.84283450308595,13.391029944444679],[121.84275705863375,13.3921137815245],[121.84212151306362,13.393328593981824],[121.84235946513463,13.393399040090236],[121.84281218723137,13.392716260403247],[121.84309926354439,13.39262258456718],[121.8432081030495,13.3925529433883],[121.8438061364311,13.39115992507447]]]}},{"type":"Feature","properties":{"Id":0,"CLN":"2059","PSGC":"174001018","Barangay":"Bunganay","Land_Class":"AGRICULTURAL","PIN":"030-01-019-09-033","Owner":"JAMILLA, ELIAS","TaxDecNo":"12009"},"geometry":{"type":"Polygon","coordinates":[[[121.84692672494887,13.393341211694993],[121.84689294844489,13.392513941973021],[121.84668318318388,13.392210201001308],[121.84589893483025,13.39151427945771],[121.8450732589315,13.392042222982045],[121.84492937354572,13.39196263840663],[121.84450838530896,13.39215595289753],[121.84504849706416,13.392785682542309],[121.84578185608915,13.392981504956147],[121.8464976097892,13.393162013454699],[121.84692672494887,13.393341211694993]]]}},{"type":"Feature","properties":{"Id":0,"CLN":"2062","PSGC":"174001018","Barangay":"Bunganay","Land_Class":"AGRICULTURAL","PIN":"030-01-019-09-012","Owner":"ABETRIA, RESURRECION","TaxDecNo":"11989"},"geometry":{"type":"Polygon","coordinates":[[[121.84624346319656,13.39742197311967],[121.84708999884711,13.397071361422633],[121.84769400308498,13.395375577391158],[121.8483283360627,13.395230771485062],[121.84849446242171,13.395194604141258],[121.8482393986439,13.394898042628137],[121.84736829013536,13.394074338120324],[121.8471042790092,13.394073133203827],[121.84654407853247,13.394491518236986],[121.84632532614148,13.394490519152956],[121.84656125399894,13.395636265187797],[121.84585367789413,13.396903245064996],[121.8460345400839,13.396940996365839],[121.84617659467102,13.39720750387257],[121.84624346319656,13.39742197311967]]]}},{"type":"Feature","properties":{"Id":0,"CLN":"2075","PSGC":"174001018","Barangay":"Bunganay","Land_Class":"AGRICULTURAL","PIN":"030-01-019-09-011","Owner":"SOSA, WILFREDO & SOSA, LEONARDA","TaxDecNo":"11988"},"geometry":{"type":"Polygon","coordinates":[[[121.84833139306605,13.397511353866529],[121.84859880705321,13.39749180309715],[121.84867567682868,13.397388302553443],[121.84880230276214,13.396636998364219],[121.84910405888766,13.39564140366564],[121.84888583160559,13.395381012276632],[121.84849446242174,13.39519460414129],[121.84809357000206,13.397009476496583],[121.84813752923762,13.397282920554138],[121.84819523832941,13.397589659644527],[121.84833139306605,13.397511353866529]]]}},{"type":"Feature","properties":{"Id":0,"CLN":"2079","PSGC":"174001018","Barangay":"Bunganay","Land_Class":"AGRICULTURAL","PIN":"030-01-019-10-025","Owner":"NITE, SOFIA","TaxDecNo":"12036"},"geometry":{"type":"Polygon","coordinates":[[[121.8514183017759,13.397355748863767],[121.85106275101126,13.395459587679241],[121.85058015275513,13.395421943954867],[121.85054170543499,13.395328311780613],[121.85044890699514,13.395102316033656],[121.84982540919553,13.39550712752538],[121.85017709961043,13.396424464701704],[121.85032695452261,13.396637833967505],[121.85111920455252,13.397551267418375],[121.85113191883323,13.397415441861826],[121.8514183017759,13.397355748863767]]]}},{"type":"Feature","properties":{"Id":0,"CLN":"2105","PSGC":"174001018","Barangay":"Bunganay","Land_Class":"AGRICULTURAL","PIN":"030-01-019-10-023","Owner":"HERMOSA, LEONIDA","TaxDecNo":"12035"},"geometry":{"type":"Polygon","coordinates":[[[121.85111920455252,13.397551267418375],[121.85032695452261,13.396637833967485],[121.85002581071939,13.397219984716049],[121.8504014928737,13.397632945510855],[121.85074840162967,13.3978505348319],[121.85080871245478,13.397659723299585],[121.85117807943782,13.397615709482512],[121.85111920455252,13.397551267418375]]]}},{"type":"Feature","properties":{"Id":0,"CLN":"1928","PSGC":"174001018","Barangay":"Bunganay","Land_Class":"AGRICULTURAL","PIN":"030-01-019-07-018","Owner":"LACENA, FLORENCIO","TaxDecNo":"11888"},"geometry":{"type":"Polygon","coordinates":[[[121.83517892699464,13.394846799265027],[121.83497316368094,13.394601907728594],[121.83476509221768,13.394836621132745],[121.83467190698053,13.394928002326123],[121.8343648547014,13.39537755743017],[121.83471506897014,13.39559979293882],[121.8347608131838,13.395725544290206],[121.83485667364864,13.395990602111832],[121.83483914385359,13.396122829013013],[121.83545665083169,13.39593548474318],[121.83548748645924,13.395671011316812],[121.83543818026031,13.395385495257429],[121.83534225964578,13.395132841193359],[121.83517892699464,13.394846799265027]]]}},{"type":"Feature","properties":{"Id":0,"CLN":"1927","PSGC":"174001018","Barangay":"Bunganay","Land_Class":"AGRICULTURAL","PIN":"030-01-019-07-021","Owner":"MANUBA, JENNIFER J.","TaxDecNo":"11891"},"geometry":{"type":"Polygon","coordinates":[[[121.83497316368094,13.394601907728594],[121.83480531008591,13.394377864032608],[121.83476708236029,13.394423168479683],[121.8341570929492,13.395165712294355],[121.8342359552817,13.39530558563114],[121.8343648547014,13.39537755743017],[121.83467190698053,13.394928002326123],[121.83476509221768,13.394836621132745],[121.83497316368094,13.394601907728594]]]}},{"type":"Feature","properties":{"Id":0,"CLN":"1926","PSGC":"174001018","Barangay":"Bunganay","Land_Class":"AGRICULTURAL","PIN":"030-01-019-07-022","Owner":"HRS. OF PAGLINAWAN, CIRILO","TaxDecNo":"11892"},"geometry":{"type":"Polygon","coordinates":[[[121.83476708236029,13.394423168479683],[121.83480531008591,13.394377864032608],[121.83476726565637,13.3943850879769],[121.83457548819838,13.394304632015006],[121.83401038740506,13.393974339271157],[121.83383027990155,13.394213593582258],[121.83362961639216,13.394592262107258],[121.8341570929492,13.395165712294355],[121.83476708236029,13.394423168479683]]]}},{"type":"Feature","properties":{"Id":0,"CLN":"1925","PSGC":"174001018","Barangay":"Bunganay","Land_Class":"AGRICULTURAL","PIN":"030-01-019-07-023","Owner":"PAGLINAWAN, LORENZO","TaxDecNo":"11893"},"geometry":{"type":"Polygon","coordinates":[[[121.83535691212231,13.393842907580016],[121.83523562678664,13.392717731849313],[121.83477364935486,13.393058774627486],[121.83454098467799,13.393211108854917],[121.83424625087584,13.393167571572418],[121.83401038740506,13.393974339271157],[121.83457548819838,13.394304632015006],[121.83476726565637,13.3943850879769],[121.83480531008591,13.394377864032608],[121.83535691212231,13.393842907580016]]]}},{"type":"Feature","properties":{"Id":0,"CLN":"1922","PSGC":"174001018","Barangay":"Bunganay","Land_Class":"AGRICULTURAL","PIN":"030-01-019-05-012","Owner":"HRS. OF JACOLBIA, GENARO","TaxDecNo":"11750"},"geometry":{"type":"Polygon","coordinates":[[[121.83342457655156,13.393128089750114],[121.83374382012546,13.392899211307173],[121.83351272299826,13.392716457693856],[121.83332984936045,13.392842144847839],[121.83342457655156,13.393128089750114]]]}},{"type":"Feature","properties":{"Id":0,"CLN":"2044","PSGC":"174001018","Barangay":"Bunganay","Land_Class":"AGRICULTURAL","PIN":"030-01-019-05-013","Owner":"MANLANGIT, ARMANDO","TaxDecNo":"11751"},"geometry":{"type":"Polygon","coordinates":[[[121.83351272299826,13.392716457693856],[121.83374382012546,13.392899211307173],[121.83393111690755,13.392543191641012],[121.83350751762853,13.392421193015497],[121.83351272299826,13.392716457693856]]]}},{"type":"Feature","properties":{"Id":0,"CLN":"1921","PSGC":"174001018","Barangay":"Bunganay","Land_Class":"AGRICULTURAL","PIN":"030-01-019-05-014","Owner":"MAGALANG, FRANKLIN M.","TaxDecNo":"11752"},"geometry":{"type":"Polygon","coordinates":[[[121.83298342332655,13.392522593215782],[121.8329855956434,13.392759444604028],[121.83315141522235,13.392734255401818],[121.83332984936045,13.392842144847839],[121.83351272299826,13.392716457693856],[121.83350751762853,13.392421193015497],[121.8332965232873,13.392193110438711],[121.83304021287111,13.392428767904326],[121.83298342332655,13.392522593215782]]]}},{"type":"Feature","properties":{"Id":0,"CLN":"1924","PSGC":"174001018","Barangay":"Bunganay","Land_Class":"AGRICULTURAL","PIN":"030-01-019-05-029","Owner":"PAGLINAWAN, ADOLFO","TaxDecNo":"11765"},"geometry":{"type":"Polygon","coordinates":[[[121.83454098467799,13.393211108854917],[121.83477364935486,13.393058774627486],[121.83523562678664,13.392717731849313],[121.83477548002311,13.39267839813293],[121.83393111690755,13.392543191641028],[121.83374382012549,13.392899211307173],[121.83342457655156,13.393128089750114],[121.83381570999072,13.39311042939428],[121.83424625087584,13.393167571572418],[121.83454098467799,13.393211108854917]]]}},{"type":"Feature","properties":{"Id":0,"CLN":"1920","PSGC":"174001018","Barangay":"Bunganay","Land_Class":"AGRICULTURAL","PIN":"030-01-019-05-010","Owner":"MONCADA, WELMIE & MONCADA, EDELIZA","TaxDecNo":"11748"},"geometry":{"type":"Polygon","coordinates":[[[121.83342457655156,13.393128089750114],[121.83332984936045,13.392842144847839],[121.83315141522235,13.392734255401818],[121.8329855956434,13.392759444604028],[121.83226921658944,13.392876176836047],[121.83228194012878,13.392986545297605],[121.83232717671522,13.393226840107094],[121.83241216450982,13.39347056306138],[121.8324514932031,13.393561588088254],[121.83253021325268,13.393730660812787],[121.83342457655156,13.393128089750114]]]}},{"type":"Feature","properties":{"Id":0,"CLN":"1923","PSGC":"174001018","Barangay":"Bunganay","Land_Class":"AGRICULTURAL","PIN":"030-01-019-05-011","Owner":"IGNACIO, AMADO","TaxDecNo":"11749"},"geometry":{"type":"Polygon","coordinates":[[[121.83362961639216,13.394592262107258],[121.83383027990155,13.394213593582258],[121.83401038740506,13.393974339271157],[121.83424625087584,13.393167571572418],[121.83381570999072,13.39311042939428],[121.83342457655156,13.393128089750114],[121.83253021325271,13.3937306608128],[121.83277375267913,13.394082181706683],[121.83304522725375,13.394138590919308],[121.83362961639216,13.394592262107258]]]}},{"type":"Feature","properties":{"Id":0,"CLN":"1917","PSGC":"174001018","Barangay":"Bunganay","Land_Class":"AGRICULTURAL","PIN":"030-01-019-05-009","Owner":"MONTEVIRGEN, RAFAEL","TaxDecNo":"11747"},"geometry":{"type":"Polygon","coordinates":[[[121.8324514932031,13.393561588088254],[121.83241216450982,13.39347056306138],[121.83120215316582,13.393555810208975],[121.83122169197692,13.393627277419148],[121.8312263619076,13.394032849024272],[121.8324514932031,13.393561588088254]]]}},{"type":"Feature","properties":{"Id":0,"CLN":"1981","PSGC":"174001018","Barangay":"Bunganay","Land_Class":"AGRICULTURAL","PIN":"030-01-019-05-007","Owner":"JALAYAHAY, SANNY & JALAYAHAY, EMMA P.","TaxDecNo":"11745"},"geometry":{"type":"Polygon","coordinates":[[[121.83120215316582,13.393555810208975],[121.83241216450982,13.39347056306138],[121.83232717671522,13.393226840107094],[121.83122633719375,13.393351524908454],[121.83120215316582,13.393555810208975]]]}},{"type":"Feature","properties":{"Id":0,"CLN":"1919","PSGC":"174001018","Barangay":"Bunganay","Land_Class":"AGRICULTURAL","PIN":"030-01-019-05-006","Owner":"JASA, EMELITA","TaxDecNo":"11744"},"geometry":{"type":"Polygon","coordinates":[[[121.83122633719375,13.393351524908454],[121.83232717671522,13.393226840107094],[121.83228194012878,13.392986545297605],[121.83125406998528,13.393098590016422],[121.83122633719375,13.393351524908454]]]}},{"type":"Feature","properties":{"Id":0,"CLN":"1909","PSGC":"174001018","Barangay":"Bunganay","Land_Class":"AGRICULTURAL","PIN":"030-01-019-05-001","Owner":"MANRIQUE, MARIA","TaxDecNo":"11739"},"geometry":{"type":"Polygon","coordinates":[[[121.83059266231632,13.393497834437069],[121.83029999408821,13.39340933685623],[121.83029383473229,13.393441633411916],[121.8299360760775,13.393257452611037],[121.82983004995806,13.393482318544562],[121.83010354585443,13.393969708253751],[121.83053831465972,13.393990327554322],[121.83058800068999,13.393776831200256],[121.83068191815866,13.393543669234123],[121.83059266231632,13.393497834437069]]]}},{"type":"Feature","properties":{"Id":0,"CLN":"2113","PSGC":"174001018","Barangay":"Bunganay","Land_Class":"AGRICULTURAL","PIN":"030-01-019-05-002","Owner":"JANDA, NOLI ISAAC","TaxDecNo":"11740"},"geometry":{"type":"Polygon","coordinates":[[[121.83068191815866,13.393543669234123],[121.8305912289206,13.3931084998679],[121.83040030276288,13.392460910353568],[121.83003062761753,13.392605017778953],[121.8299360760775,13.393257452611037],[121.83029383473229,13.393441633411916],[121.83029999408821,13.39340933685623],[121.83059266231632,13.393497834437069],[121.83068191815866,13.393543669234123]]]}},{"type":"Feature","properties":{"Id":0,"CLN":"2115","PSGC":"174001018","Barangay":"Bunganay","Land_Class":"AGRICULTURAL","PIN":"030-01-019-05-004","Owner":"JANDA, ROLANDO","TaxDecNo":"11742"},"geometry":{"type":"Polygon","coordinates":[[[121.83122169197692,13.393627277419148],[121.83120215316582,13.393555810208975],[121.83122633719375,13.393351524908454],[121.83125406998528,13.393098590016422],[121.83149438253224,13.392058249217301],[121.83091048206764,13.392191812465624],[121.83096011325506,13.393580645319663],[121.8311488175159,13.393620451406674],[121.83119092939634,13.393624395949216],[121.83122169197692,13.393627277419148]]]}},{"type":"Feature","properties":{"Id":0,"CLN":"1910","PSGC":"174001018","Barangay":"Bunganay","Land_Class":"AGRICULTURAL","PIN":"030-01-019-05-005","Owner":"JANDA, RODELITO","TaxDecNo":"11743"},"geometry":{"type":"Polygon","coordinates":[[[121.83228194012878,13.392986545297605],[121.83226921658944,13.392876176836047],[121.83149438253224,13.392058249217301],[121.83125406998528,13.393098590016422],[121.83228194012878,13.392986545297605]]]}},{"type":"Feature","properties":{"Id":0,"CLN":"1914","PSGC":"174001018","Barangay":"Bunganay","Land_Class":"AGRICULTURAL","PIN":"030-01-019-05-016","Owner":"HRS. OF LABRADOR, CASIMIRO","TaxDecNo":"11754"},"geometry":{"type":"Polygon","coordinates":[[[121.83091048206764,13.392191812465624],[121.83149438253224,13.392058249217301],[121.83143223305765,13.391889252898855],[121.83081861775622,13.391999967708252],[121.83091048206764,13.392191812465624]]]}},{"type":"Feature","properties":{"Id":0,"CLN":"1913","PSGC":"174001018","Barangay":"Bunganay","Land_Class":"AGRICULTURAL","PIN":"030-01-019-05-017","Owner":"HRS. OF LABRADOR, CASIMIRO","TaxDecNo":"11755"},"geometry":{"type":"Polygon","coordinates":[[[121.8312578817586,13.39162240548692],[121.8311619204188,13.391592761911163],[121.83108208991928,13.391654036149653],[121.8308696104685,13.39173416290284],[121.83081861775624,13.39199996770825],[121.83143223305765,13.391889252898855],[121.83138029147307,13.391665148979724],[121.8312578817586,13.39162240548692]]]}},{"type":"Feature","properties":{"Id":0,"CLN":"2109","PSGC":"174001018","Barangay":"Bunganay","Land_Class":"AGRICULTURAL","PIN":"030-01-019-05-024","Owner":"MARVELLO, RONALDO & MARVELLO, SEGUNDO","TaxDecNo":"11759"},"geometry":{"type":"Polygon","coordinates":[[[121.83094194971108,13.390478914742326],[121.83090765206578,13.390718841667598],[121.83075985271802,13.391130196511524],[121.83110994780625,13.391375146613008],[121.831263904717,13.391061152044083],[121.83161015903278,13.390728580328082],[121.83172339377501,13.390612305533917],[121.8316158052951,13.390245190662425],[121.8315656955964,13.39010320065111],[121.83131089945648,13.390250269236565],[121.83094194971108,13.390478914742326]]]}},{"type":"Feature","properties":{"Id":0,"CLN":"1781","PSGC":"174001018","Barangay":"Bunganay","Land_Class":"AGRICULTURAL","PIN":"030-01-019-05-025","Owner":"MAYORGA, LAMBERTO","TaxDecNo":"11760"},"geometry":{"type":"Polygon","coordinates":[[[121.83066800791462,13.39024813478328],[121.83094194565487,13.390479754931336],[121.83131089540163,13.390251109425703],[121.8315656955964,13.39010320065111],[121.83135222964694,13.388586212778517],[121.83142645367717,13.388460428073172],[121.83132490641081,13.388527526987383],[121.83102495222205,13.38871082686277],[121.83090452249353,13.388876938770878],[121.83085833881152,13.38891276163843],[121.83080036530079,13.389484573734215],[121.83056823464976,13.389882761863934],[121.83058531173049,13.390157619621071],[121.83066800791462,13.39024813478328]]]}},{"type":"Feature","properties":{"Id":0,"CLN":"1935","PSGC":"174001018","Barangay":"Bunganay","Land_Class":"AGRICULTURAL","PIN":"030-01-019-06-001","Owner":"BENITEZ, TOMAS","TaxDecNo":"11801"},"geometry":{"type":"Polygon","coordinates":[[[121.8353427008153,13.390759844911763],[121.83553347773402,13.390607743346457],[121.83478056575608,13.390852349132674],[121.83449558039092,13.390939816706549],[121.83435455509967,13.391322005726687],[121.83461990259984,13.391962377499723],[121.8347781861243,13.39211610242407],[121.83508151308824,13.3925024084982],[121.83552496376096,13.391939051869834],[121.83548045385136,13.391095384161678],[121.8355748740787,13.390781588210734],[121.8353427008153,13.390759844911763]]]}},{"type":"Feature","properties":{"Id":0,"CLN":"1983","PSGC":"174001018","Barangay":"Bunganay","Land_Class":"AGRICULTURAL","PIN":"030-01-019-06-005","Owner":"HISTORILLO, ARISTEO & HISTORILLO, EDUVIGIS","TaxDecNo":"11805"},"geometry":{"type":"Polygon","coordinates":[[[121.83491444710248,13.390236908230882],[121.8353613945157,13.389857440055291],[121.83507098143585,13.389880602206194],[121.83490586061203,13.389870040427125],[121.83475495342431,13.390026150855698],[121.83457185813295,13.39023937727593],[121.83436205443807,13.390452540071875],[121.83442394026007,13.390676689469789],[121.83474349180014,13.390382922729364],[121.83491444710248,13.390236908230882]]]}},{"type":"Feature","properties":{"Id":0,"CLN":"1776","PSGC":"174001018","Barangay":"Bunganay","Land_Class":"AGRICULTURAL","PIN":"030-01-019-06-004","Owner":"MANRIQUE, ARCADIO","TaxDecNo":"11804"},"geometry":{"type":"Polygon","coordinates":[[[121.83484695475477,13.389629659028431],[121.83524919980142,13.38924929808869],[121.83498360069329,13.38931667637761],[121.83476703844191,13.389594989086051],[121.83435100793038,13.390169239656858],[121.83434979848077,13.390244841666096],[121.83436205443807,13.390452540071875],[121.83457185813295,13.39023937727593],[121.83475495342431,13.390026150855698],[121.83490586061203,13.389870040427125],[121.83484695475477,13.389629659028431]]]}},{"type":"Feature","properties":{"Id":0,"CLN":"1777","PSGC":"174001018","Barangay":"Bunganay","Land_Class":"AGRICULTURAL","PIN":"030-01-019-06-002","Owner":"JAMILLA, ZENAIDA M.","TaxDecNo":"11802"},"geometry":{"type":"Polygon","coordinates":[[[121.83449558039092,13.390939816706549],[121.83436205443807,13.390452540071875],[121.83434979848077,13.390244841666096],[121.83435100793038,13.390169239656858],[121.8341687191809,13.389864339808046],[121.83399232315696,13.389862114130333],[121.83394883744279,13.390239747031343],[121.83386621141531,13.390881757570233],[121.83381887981854,13.391076203293386],[121.83411923897778,13.391327408670533],[121.83435455509967,13.391322005726687],[121.83449558039092,13.390939816706549]]]}},{"type":"Feature","properties":{"Id":0,"CLN":"1915","PSGC":"174001018","Barangay":"Bunganay","Land_Class":"AGRICULTURAL","PIN":"030-01-019-05-015","Owner":"JANDA, JOSE","TaxDecNo":"11753"},"geometry":{"type":"Polygon","coordinates":[[[121.83161015903278,13.390728580328082],[121.831263904717,13.39106115204407],[121.83110994780625,13.39137514661299],[121.83116192041878,13.391592761911125],[121.8312578817586,13.39162240548692],[121.83138029147304,13.391665148979696],[121.83143223305765,13.391889252898855],[121.83149438253224,13.392058249217301],[121.83226921658944,13.392876176836047],[121.8329855956434,13.392759444604028],[121.83298342332655,13.392522593215782],[121.83304021287111,13.392428767904326],[121.8332965232873,13.392193110438711],[121.83303538333371,13.392055639336471],[121.83269421206045,13.391333805824392],[121.83218928340618,13.39158453556763],[121.83193963580062,13.391125920817643],[121.83161015903278,13.390728580328082]]]}},{"type":"Feature","properties":{"Id":0,"CLN":"1778","PSGC":"174001018","Barangay":"Bunganay","Land_Class":"AGRICULTURAL","PIN":"030-01-019-05-028","Owner":"MICIANO, CESAR","TaxDecNo":"11763"},"geometry":{"type":"Polygon","coordinates":[[[121.83461990259984,13.391962377499723],[121.83435455509967,13.391322005726687],[121.83411923897778,13.391327408670533],[121.83381887981854,13.391076203293386],[121.83386621141531,13.390881757570233],[121.83394883744279,13.390239747031343],[121.83400608156015,13.38974263487936],[121.83388218009004,13.389674494446897],[121.83327491430252,13.389658177243462],[121.8332369344443,13.389901248801001],[121.83288721540016,13.38990864270352],[121.8327309986971,13.389862875308335],[121.83259700530047,13.389979375098445],[121.8321835456558,13.389846831776287],[121.83203136530324,13.389918201470353],[121.8315656955964,13.39010320065111],[121.8316158052951,13.390245190662425],[121.83172339377501,13.390612305533917],[121.83161015903278,13.390728580328082],[121.83193963580062,13.391125920817675],[121.83218928340618,13.391584535567647],[121.83269421206045,13.39133380582441],[121.83303538333372,13.392055639336487],[121.8332965232873,13.392193110438729],[121.83350751762853,13.392421193015515],[121.83393111690755,13.392543191641028],[121.83477548002311,13.39267839813293],[121.83523562678664,13.392717731849313],[121.83508151308824,13.3925024084982],[121.8347781861243,13.39211610242407],[121.83461990259984,13.391962377499723]]]}},{"type":"Feature","properties":{"Id":0,"CLN":"1782","PSGC":"174001018","Barangay":"Bunganay","Land_Class":"AGRICULTURAL","PIN":"030-01-019-05-023","Owner":"ORNEDO, CONCEPCION","TaxDecNo":"11766"},"geometry":{"type":"Polygon","coordinates":[[[121.82882172754623,13.388536815675867],[121.82895674537087,13.388208608038441],[121.82800242943833,13.38860058535887],[121.8291243522647,13.390245868727106],[121.82935182149255,13.39064524711604],[121.83030169462566,13.39113272097086],[121.83058088835637,13.39113261256634],[121.83075985271802,13.391130196511524],[121.83090765206578,13.390718841667598],[121.83094194971108,13.390478914742326],[121.83066801197168,13.390247294594335],[121.83058531173049,13.390157619621071],[121.83056823464976,13.389882761863934],[121.82902258002301,13.388866579967443],[121.82902390854491,13.388591807519541],[121.82882172754623,13.388536815675867]]]}},{"type":"Feature","properties":{"Id":0,"CLN":"1784","PSGC":"174001018","Barangay":"Bunganay","Land_Class":"AGRICULTURAL","PIN":"030-01-019-05-079","Owner":"SPOUSES MARTE, ROLAND MIRONES & MARTE, RACHEL MACUNAT","TaxDecNo":"11791"},"geometry":{"type":"Polygon","coordinates":[[[121.83110994780625,13.391375146613008],[121.83075985271802,13.391130196511524],[121.83058088835637,13.39113261256634],[121.83030169462566,13.39113272097086],[121.82935182149255,13.39064524711604],[121.8291243522647,13.390245868727106],[121.82800242943833,13.38860058535887],[121.8278881338655,13.388808161185905],[121.82880837293781,13.390248641651256],[121.82937541449574,13.391136905572925],[121.82982407498676,13.391444083621646],[121.83040816040776,13.391493400861414],[121.83058222798327,13.391541413156425],[121.830734572017,13.391561584715472],[121.8308696104685,13.39173416290284],[121.83108208991928,13.391654036149653],[121.8311619204188,13.391592761911163],[121.83110994780625,13.391375146613008]]]}},{"type":"Feature","properties":{"Id":0,"CLN":"1807","PSGC":"174001018","Barangay":"Bunganay","Land_Class":"AGRICULTURAL","PIN":"030-01-019-01-049","Owner":"LLAVE, RONIE","TaxDecNo":"11320"},"geometry":{"type":"Polygon","coordinates":[[[121.82793402816345,13.390450105295155],[121.82786681651977,13.390251955634106],[121.82771536763273,13.389894654888746],[121.8269295251653,13.390240454693684],[121.82719967366354,13.39076371463458],[121.82736803166668,13.390688221307428],[121.82754363571951,13.390624679427816],[121.82775345124222,13.390535076686902],[121.82793402816345,13.390450105295155]]]}},{"type":"Feature","properties":{"Id":0,"CLN":"1808","PSGC":"174001018","Barangay":"Bunganay","Land_Class":"RESIDENTIAL","PIN":"030-01-019-01-084","Owner":"LLAVE, SEGUNDO","TaxDecNo":"11353"},"geometry":{"type":"Polygon","coordinates":[[[121.82719967366354,13.390763714634563],[121.8269295251653,13.390240454693684],[121.82686620214804,13.390244927847803],[121.8271606505093,13.39077783500669],[121.82719967366354,13.390763714634563]]]}},{"type":"Feature","properties":{"Id":0,"CLN":"1787","PSGC":"174001018","Barangay":"Bunganay","Land_Class":"AGRICULTURAL","PIN":"030-01-019-05-021","Owner":"ORNEDO, ROSITA","TaxDecNo":"32077"},"geometry":{"type":"Polygon","coordinates":[[[121.82783993494839,13.389737101655781],[121.82767788591092,13.389806227225261],[121.82786681651977,13.390251955634106],[121.82793402816345,13.390450105295155],[121.82814850581777,13.390906365636454],[121.82818230213572,13.390966112113206],[121.82836734364996,13.390868271209335],[121.82783993494839,13.389737101655781]]]}},{"type":"Feature","properties":{"Id":0,"CLN":"1893","PSGC":"174001018","Barangay":"Bunganay","Land_Class":"AGRICULTURAL","PIN":"030-01-019-01-050","Owner":"HRS. OF MONROYO, ANICETO","TaxDecNo":"11322"},"geometry":{"type":"Polygon","coordinates":[[[121.8281485058178,13.390906365636432],[121.82793402816343,13.390450105295157],[121.82775345124222,13.390535076686902],[121.82792898620721,13.390988772903558],[121.8281485058178,13.390906365636432]]]}},{"type":"Feature","properties":{"Id":0,"CLN":"1892","PSGC":"174001018","Barangay":"Bunganay","Land_Class":"AGRICULTURAL","PIN":"030-01-019-01-120","Owner":"PANGILINAN, MARCELINO & MAMENG, MIRIAM","TaxDecNo":"11384"},"geometry":{"type":"Polygon","coordinates":[[[121.82792898620721,13.390988772903558],[121.82775345124222,13.390535076686902],[121.82754363571951,13.3906246794278],[121.82771925110438,13.391061691017025],[121.82792898620721,13.390988772903558]]]}},{"type":"Feature","properties":{"Id":0,"CLN":"1891","PSGC":"174001018","Barangay":"Bunganay","Land_Class":"AGRICULTURAL","PIN":"030-01-019-01-119","Owner":"LAMONTE, ROEL & LICUS, CATALINA","TaxDecNo":"11383"},"geometry":{"type":"Polygon","coordinates":[[[121.82771925110438,13.391061691017025],[121.82754363571951,13.3906246794278],[121.82736803166668,13.390688221307428],[121.82752654670082,13.391137071574144],[121.82771925110438,13.391061691017025]]]}},{"type":"Feature","properties":{"Id":0,"CLN":"1889","PSGC":"174001018","Barangay":"Bunganay","Land_Class":"RESIDENTIAL","PIN":"030-01-019-01-054","Owner":"MONROYO, PABLO","TaxDecNo":"11323"},"geometry":{"type":"Polygon","coordinates":[[[121.82744848875143,13.39116769593992],[121.82743174649266,13.391105644944313],[121.82734884238666,13.391131479610344],[121.82737043078409,13.39119832027982],[121.82744848875143,13.39116769593992]]]}},{"type":"Feature","properties":{"Id":0,"CLN":"1890","PSGC":"174001018","Barangay":"Bunganay","Land_Class":null,"PIN":"030-01-019-01-053"},"geometry":{"type":"Polygon","coordinates":[[[121.82752654670082,13.391137071574144],[121.82736803166668,13.390688221307428],[121.82719967366354,13.390763714634563],[121.82734884238666,13.391131479610344],[121.82743174649266,13.391105644944313],[121.82744848875143,13.39116769593992],[121.82752654670082,13.391137071574144]]]}},{"type":"Feature","properties":{"Id":0,"CLN":"1887","PSGC":"174001018","Barangay":"Bunganay","Land_Class":"RESIDENTIAL","PIN":"030-01-019-01-083","Owner":"JACOLBIA, ROEL J.","TaxDecNo":"11352"},"geometry":{"type":"Polygon","coordinates":[[[121.82734884238666,13.391131479610344],[121.82719967366354,13.390763714634563],[121.8271606505093,13.39077783500669],[121.82729762298146,13.391150310563493],[121.82734884238666,13.391131479610344]]]}},{"type":"Feature","properties":{"Id":0,"CLN":"1888","PSGC":"174001018","Barangay":"Bunganay","Land_Class":"RESIDENTIAL","PIN":"030-01-019-01-082","Owner":"MONROYO, PABLO","TaxDecNo":"11351"},"geometry":{"type":"Polygon","coordinates":[[[121.82737043078409,13.39119832027982],[121.82734884238666,13.391131479610344],[121.82729762298146,13.391150310563493],[121.82732653832012,13.391212418070825],[121.82737043078409,13.39119832027982]]]}},{"type":"Feature","properties":{"Id":0,"CLN":"1894","PSGC":"174001018","Barangay":"Bunganay","Land_Class":"AGRICULTURAL","PIN":"030-01-019-01-055","Owner":"JANDA, ADORACION L.","TaxDecNo":"11324"},"geometry":{"type":"Polygon","coordinates":[[[121.8281485058178,13.390906365636432],[121.82792898620721,13.390988772903558],[121.82771925110438,13.391061691017025],[121.82752654670082,13.391137071574144],[121.82737043078409,13.39119832027982],[121.82741828063553,13.391372544300767],[121.8281102202343,13.391132417413274],[121.82806756349123,13.391029936780278],[121.82818230213572,13.390966112113206],[121.8281485058178,13.390906365636432]]]}},{"type":"Feature","properties":{"Id":0,"CLN":"2124","PSGC":"174001018","Barangay":"Bunganay","Land_Class":"RESIDENTIAL","PIN":"030-01-019-01-081","Owner":"JANDA, ADORACION","TaxDecNo":"11350"},"geometry":{"type":"Polygon","coordinates":[[[121.82741828063553,13.391372544300767],[121.82737043078409,13.39119832027982],[121.82732653832012,13.391212418070825],[121.82737437659819,13.391389025631893],[121.82741828063553,13.391372544300767]]]}},{"type":"Feature","properties":{"Id":0,"CLN":"2110","PSGC":"174001018","Barangay":"Bunganay","Land_Class":"AGRICULTURAL","PIN":"030-01-019-01-056","Owner":"JANDA, GLORIA L.","TaxDecNo":"11326"},"geometry":{"type":"Polygon","coordinates":[[[121.82741828063553,13.391372544300767],[121.82747569591811,13.391582566532055],[121.82786133613799,13.391384134708657],[121.82820474513676,13.39135950833329],[121.8281102202343,13.391132417413274],[121.82741828063553,13.391372544300767]]]}},{"type":"Feature","properties":{"Id":0,"CLN":"1895","PSGC":"174001018","Barangay":"Bunganay","Land_Class":"AGRICULTURAL","PIN":"030-01-019-01-080","Owner":"JANDA, GLORIA L.","TaxDecNo":"11349"},"geometry":{"type":"Polygon","coordinates":[[[121.82747569591811,13.391582566532055],[121.82741828063553,13.391372544300767],[121.82737437659819,13.391389025631893],[121.8274318033871,13.391596664335754],[121.82747569591811,13.391582566532055]]]}},{"type":"Feature","properties":{"Id":0,"CLN":"1896","PSGC":"174001018","Barangay":"Bunganay","Land_Class":"RESIDENTIAL","PIN":"030-01-019-01-079"},"geometry":{"type":"Polygon","coordinates":[[[121.82747569591811,13.391582566532055],[121.8274318033871,13.391596664335754],[121.82746981094297,13.391792294958849],[121.82751611505341,13.391782975520101],[121.82747569591811,13.391582566532055]]]}},{"type":"Feature","properties":{"Id":0,"CLN":"1897","PSGC":"174001018","Barangay":"Bunganay","Land_Class":"RESIDENTIAL","PIN":"030-01-019-01-192"},"geometry":{"type":"Polygon","coordinates":[[[121.82782484158139,13.39140291308484],[121.82782937098928,13.39151740452481],[121.82748424461683,13.391624953311261],[121.82751611505341,13.391782975520078],[121.8283183074762,13.391538804202849],[121.82820474513676,13.391359508333304],[121.82786133613799,13.391384134708657],[121.82782484158139,13.39140291308484]]]}},{"type":"Feature","properties":{"Id":0,"CLN":"1810","PSGC":"174001018","Barangay":"Bunganay","Land_Class":"AGRICULTURAL","PIN":"030-01-019-01-175"},"geometry":{"type":"Polygon","coordinates":[[[121.82682224636567,13.390421922849816],[121.82658304403274,13.39053654017095],[121.82681652638023,13.390950239129845],[121.82657278722931,13.391006313246491],[121.8264461407929,13.391015259325174],[121.82641205611549,13.391015100991478],[121.82635360178155,13.391033662983508],[121.82623404320236,13.391079518529569],[121.82612558083491,13.391200159895403],[121.82594761798786,13.391258352425776],[121.8260002754303,13.391522631781651],[121.826417523172,13.391394116760164],[121.8271539456564,13.391156794349095],[121.82702173873197,13.390805793147399],[121.82682224636567,13.390421922849816]]]}},{"type":"Feature","properties":{"Id":0,"CLN":"1809","PSGC":"174001018","Barangay":"Bunganay","Land_Class":"RESIDENTIAL","PIN":"030-01-019-01-174","Owner":"LUZ, ZENAIDA M.","TaxDecNo":"11429"},"geometry":{"type":"Polygon","coordinates":[[[121.8271539456564,13.391156794349095],[121.82719788429546,13.391133162450963],[121.82707776958797,13.390798902522828],[121.82676638303926,13.39024446433543],[121.82642126749386,13.389707828269259],[121.82641807173205,13.389764966088643],[121.82672745233835,13.390239516373756],[121.82702173873197,13.390805793147399],[121.8271539456564,13.391156794349095]]]}},{"type":"Feature","properties":{"Id":0,"CLN":"1886","PSGC":"174001018","Barangay":"Bunganay","Land_Class":"RESIDENTIAL","PIN":"030-01-019-01-086","Owner":"MAGALANG, BELEN","TaxDecNo":"11354"},"geometry":{"type":"Polygon","coordinates":[[[121.8271539456564,13.391156794349078],[121.82726938760605,13.391450511569017],[121.82730109544904,13.391438740819112],[121.82719788429546,13.391133162450963],[121.8271539456564,13.391156794349078]]]}},{"type":"Feature","properties":{"Id":0,"CLN":"1844","PSGC":"174001018","Barangay":"Bunganay","Land_Class":"AGRICULTURAL","PIN":"030-01-019-01-029","Owner":"MAGALANG, BELEN","TaxDecNo":"11303"},"geometry":{"type":"Polygon","coordinates":[[[121.82726938760605,13.391450511569017],[121.8271539456564,13.391156794349095],[121.826417523172,13.391394116760164],[121.8260002754303,13.391522631781651],[121.82588891105203,13.391587346314559],[121.82595140318215,13.391786439297139],[121.82616737985389,13.391740848593457],[121.82639799171248,13.391728936720463],[121.82640223890269,13.391688982540792],[121.82647936784522,13.391694736041634],[121.82665483422761,13.39165979726865],[121.826962174545,13.391542045180215],[121.8270937366965,13.391523587335062],[121.82726938760605,13.391450511569017]]]}},{"type":"Feature","properties":{"Id":0,"CLN":"1885","PSGC":"174001018","Barangay":"Bunganay","Land_Class":"AGRICULTURAL","PIN":"030-01-019-01-025"},"geometry":{"type":"Polygon","coordinates":[[[121.82665483422761,13.391659797268634],[121.82668813359592,13.391822035869575],[121.82698333561855,13.39169707663219],[121.8271321596107,13.391633410758878],[121.8270937366965,13.391523587335062],[121.826962174545,13.39154204518018],[121.82665483422761,13.391659797268634]]]}},{"type":"Feature","properties":{"Id":0,"CLN":"1876","PSGC":"174001018","Barangay":"Bunganay","Land_Class":"AGRICULTURAL","PIN":"030-01-019-01-026","Owner":"MAYORGA, LAMBERTO","TaxDecNo":"11299"},"geometry":{"type":"Polygon","coordinates":[[[121.82668813359592,13.391822035869575],[121.82665483422761,13.391659797268634],[121.82647936784522,13.391694736041634],[121.82652615433838,13.392088245264812],[121.82675514822927,13.392060705849998],[121.82673592528086,13.392008177649654],[121.82668813359592,13.391822035869575]]]}},{"type":"Feature","properties":{"Id":0,"CLN":"1884","PSGC":"174001018","Barangay":"Bunganay","Land_Class":"AGRICULTURAL","PIN":"030-01-019-01-024","Owner":"HERVOSA, FELISA","TaxDecNo":"11297"},"geometry":{"type":"Polygon","coordinates":[[[121.82673592528086,13.392008177649654],[121.82708477018276,13.39186678232928],[121.8273170411733,13.391665255686432],[121.82726938760605,13.391450511569017],[121.8270937366965,13.391523587335062],[121.8271321596107,13.391633410758878],[121.82668813359592,13.391822035869575],[121.82673592528086,13.392008177649654]]]}},{"type":"Feature","properties":{"Id":0,"CLN":"1883","PSGC":"174001018","Barangay":"Bunganay","Land_Class":"AGRICULTURAL","PIN":"030-01-019-01-087","Owner":"HERVOSA, FELIZA","TaxDecNo":"11355"},"geometry":{"type":"Polygon","coordinates":[[[121.8273170411733,13.391665255686432],[121.82734874904351,13.391653484932895],[121.82730109544904,13.391438740819112],[121.82726938760605,13.391450511569017],[121.8273170411733,13.391665255686432]]]}},{"type":"Feature","properties":{"Id":0,"CLN":"1882","PSGC":"174001018","Barangay":"Bunganay","Land_Class":"RESIDENTIAL","PIN":"030-01-019-01-088","Owner":"JASA, ROBERTA","TaxDecNo":"11356"},"geometry":{"type":"Polygon","coordinates":[[[121.8273170411733,13.391665255686432],[121.82733095631349,13.391808335551131],[121.82737246043327,13.391784692330631],[121.82734874904351,13.391653484932895],[121.8273170411733,13.391665255686432]]]}},{"type":"Feature","properties":{"Id":0,"CLN":"1881","PSGC":"174001018","Barangay":"Bunganay","Land_Class":"AGRICULTURAL","PIN":"030-01-019-01-103","Owner":"MONROYO, LOLITA","TaxDecNo":"11368"},"geometry":{"type":"Polygon","coordinates":[[[121.8272436340257,13.391728946423623],[121.82726431610877,13.391841982085607],[121.82733095631349,13.391808335551131],[121.8273170411733,13.391665255686432],[121.8272436340257,13.391728946423623]]]}},{"type":"Feature","properties":{"Id":0,"CLN":"1879","PSGC":"174001018","Barangay":"Bunganay","Land_Class":"RESIDENTIAL","PIN":"030-01-019-01-089","Owner":"OPAO, JULIA L.","TaxDecNo":"11357"},"geometry":{"type":"Polygon","coordinates":[[[121.82733095631349,13.391808335551131],[121.8273401984474,13.391910872729744],[121.82738162178133,13.39190391424923],[121.82737246043327,13.391784692330631],[121.82733095631349,13.391808335551131]]]}},{"type":"Feature","properties":{"Id":0,"CLN":"1880","PSGC":"174001018","Barangay":"Bunganay","Land_Class":"AGRICULTURAL","PIN":"030-01-019-01-022","Owner":"LOZANO, FIDELA","TaxDecNo":"11296"},"geometry":{"type":"Polygon","coordinates":[[[121.82733095631349,13.391808335551131],[121.82710641628395,13.391921705346773],[121.82675514822927,13.392060705849998],[121.82676467885905,13.392103654685798],[121.8273401984474,13.391910872729744],[121.82733095631349,13.391808335551131]]]}},{"type":"Feature","properties":{"Id":0,"CLN":"1878","PSGC":"174001018","Barangay":"Bunganay","Land_Class":"RESIDENTIAL","PIN":"030-01-019-01-090"},"geometry":{"type":"Polygon","coordinates":[[[121.8273401984474,13.391910872729744],[121.82734674044674,13.39206821989349],[121.82738330608903,13.392058855277545],[121.82738162178133,13.39190391424923],[121.8273401984474,13.391910872729744]]]}},{"type":"Feature","properties":{"Id":0,"CLN":"1877","PSGC":"174001018","Barangay":"Bunganay","Land_Class":"RESIDENTIAL","PIN":"030-01-019-01-134","Owner":"MANUBA, JORGE","TaxDecNo":"11390"},"geometry":{"type":"Polygon","coordinates":[[[121.82718437440674,13.391963070765504],[121.82719814157308,13.39203156149569],[121.82734339153237,13.391987672318376],[121.8273401984474,13.391910872729744],[121.82718437440674,13.391963070765504]]]}},{"type":"Feature","properties":{"Id":0,"CLN":"1899","PSGC":"174001018","Barangay":"Bunganay","Land_Class":"RESIDENTIAL","PIN":"030-01-019-01-078","Owner":"JANDA, EDGARDO","TaxDecNo":"11348"},"geometry":{"type":"Polygon","coordinates":[[[121.82751611505341,13.391782975520101],[121.82746981094297,13.391792294958849],[121.8274863223979,13.391902016640781],[121.82752289955287,13.3918902684676],[121.82751611505341,13.391782975520101]]]}},{"type":"Feature","properties":{"Id":0,"CLN":"1898","PSGC":"174001018","Barangay":"Bunganay","Land_Class":"AGRICULTURAL","PIN":"030-01-019-01-058","Owner":"JANDA, EDGARDO","TaxDecNo":"11327"},"geometry":{"type":"Polygon","coordinates":[[[121.82752289955287,13.3918902684676],[121.82854665500788,13.391644741081146],[121.82831830747622,13.391538804202833],[121.82751611505341,13.391782975520101],[121.82752289955287,13.3918902684676]]]}},{"type":"Feature","properties":{"Id":0,"CLN":"1900","PSGC":"174001018","Barangay":"Bunganay","Land_Class":"RESIDENTIAL","PIN":"030-01-019-01-077","Owner":"JANDA, MYRNA","TaxDecNo":"11347"},"geometry":{"type":"Polygon","coordinates":[[[121.82752289955287,13.3918902684676],[121.8274863223979,13.391902016640781],[121.82747833750317,13.392042611266932],[121.82753927253205,13.392028592560528],[121.82752289955287,13.3918902684676]]]}},{"type":"Feature","properties":{"Id":0,"CLN":"1901","PSGC":"174001018","Barangay":"Bunganay","Land_Class":"AGRICULTURAL","PIN":"030-01-019-01-187","Owner":"STROBE, JENNIFER MANUBA","TaxDecNo":"11441"},"geometry":{"type":"Polygon","coordinates":[[[121.827715480738,13.391844082062418],[121.82773820750009,13.391946496075208],[121.82753607203904,13.392001553793937],[121.82753927253205,13.392028592560527],[121.82880945649565,13.391674562654844],[121.82854665500788,13.391644741081146],[121.827715480738,13.391844082062418]]]}},{"type":"Feature","properties":{"Id":0,"CLN":"1902","PSGC":"174001018","Barangay":"Bunganay","Land_Class":"RESIDENTIAL","PIN":"030-01-019-01-076","Owner":"JANDA, DARIA","TaxDecNo":"11346"},"geometry":{"type":"Polygon","coordinates":[[[121.82753927253205,13.392028592560528],[121.82747833750317,13.392042611266932],[121.82748494884446,13.3921856572273],[121.82753367612142,13.39217873262643],[121.82753927253205,13.392028592560528]]]}},{"type":"Feature","properties":{"Id":0,"CLN":"2008","PSGC":"174001018","Barangay":"Bunganay","Land_Class":null,"PIN":"030-01-019-01-060"},"geometry":{"type":"Polygon","coordinates":[[[121.82753367612142,13.39217873262643],[121.8276530192794,13.392169752154034],[121.82765316931132,13.392138766205985],[121.82777020475474,13.39210355549731],[121.8289476769912,13.391789615696023],[121.82880945649565,13.391674562654844],[121.82753927253205,13.392028592560528],[121.82753367612142,13.39217873262643]]]}},{"type":"Feature","properties":{"Id":0,"CLN":"1874","PSGC":"174001018","Barangay":"Bunganay","Land_Class":"AGRICULTURAL","PIN":"030-01-019-01-159","Owner":"PELAEZ, JOHN RIVADENIERA","TaxDecNo":"11413"},"geometry":{"type":"Polygon","coordinates":[[[121.827092560431,13.392131639560967],[121.82707473603008,13.392323429034724],[121.82733439705747,13.392291796718817],[121.82734674044674,13.39206821989349],[121.827092560431,13.392131639560967]]]}},{"type":"Feature","properties":{"Id":0,"CLN":"1873","PSGC":"174001018","Barangay":"Bunganay","Land_Class":"RESIDENTIAL","PIN":"030-01-019-01-164","Owner":"PELAEZ, JOHN RIVADENIERA","TaxDecNo":"11418"},"geometry":{"type":"Polygon","coordinates":[[[121.82737234899224,13.392287070851982],[121.82738330608903,13.392058855277527],[121.82734674044674,13.39206821989349],[121.82733438679553,13.392291982593598],[121.82737234899224,13.392287070851982]]]}},{"type":"Feature","properties":{"Id":0,"CLN":"1875","PSGC":"174001018","Barangay":"Bunganay","Land_Class":"AGRICULTURAL","PIN":"030-01-019-01-027","Owner":"MASCAREÑAS, RAFAEL & MORA, ESTELITO","TaxDecNo":"11300"},"geometry":{"type":"Polygon","coordinates":[[[121.8268676934278,13.392449753270775],[121.82679339780861,13.39220628232093],[121.82676467885905,13.392103654685798],[121.82675514822927,13.392060705849998],[121.82652615433838,13.392088245264812],[121.8265533714356,13.392500732271861],[121.8268676934278,13.392449753270775]]]}},{"type":"Feature","properties":{"Id":0,"CLN":"1904","PSGC":"174001018","Barangay":"Bunganay","Land_Class":"AGRICULTURAL","PIN":"030-01-019-01-062","Owner":"MABATO, CHITO J.","TaxDecNo":"11330"},"geometry":{"type":"Polygon","coordinates":[[[121.8276530192794,13.392169752154034],[121.82753367612142,13.39217873262643],[121.82753526817537,13.392352741933202],[121.82781294342695,13.392327811100328],[121.82777020475474,13.39210355549731],[121.82765316931132,13.392138766205985],[121.8276530192794,13.392169752154034]]]}},{"type":"Feature","properties":{"Id":0,"CLN":"1903","PSGC":"174001018","Barangay":"Bunganay","Land_Class":"RESIDENTIAL","PIN":"030-01-019-01-075","Owner":"JANDA, CLODUALDO","TaxDecNo":"11345"},"geometry":{"type":"Polygon","coordinates":[[[121.82753526817537,13.392352741933202],[121.82753367612142,13.39217873262643],[121.82748494884446,13.3921856572273],[121.8274768023259,13.392359621329318],[121.82753526817537,13.392352741933202]]]}},{"type":"Feature","properties":{"Id":0,"CLN":"1907","PSGC":"174001018","Barangay":"Bunganay","Land_Class":"AGRICULTURAL","PIN":"030-01-019-01-061","Owner":"JANDA, ROSALINDA","TaxDecNo":"11329"},"geometry":{"type":"Polygon","coordinates":[[[121.82781294342695,13.392327811100328],[121.82820742341433,13.392315339745965],[121.82819092315208,13.392203234550488],[121.82917633626732,13.39183119657815],[121.8289476769912,13.391789615696023],[121.82777020475474,13.39210355549731],[121.82781294342695,13.392327811100328]]]}},{"type":"Feature","properties":{"Id":0,"CLN":"1905","PSGC":"174001018","Barangay":"Bunganay","Land_Class":"AGRICULTURAL","PIN":"030-01-019-01-074","Owner":"JANDA, NOLI ISAAC","TaxDecNo":"11344"},"geometry":{"type":"Polygon","coordinates":[[[121.82753526817537,13.392352741933202],[121.8274768023259,13.392359621329318],[121.82748330977269,13.392524119095155],[121.82753449483933,13.392512438731963],[121.82753526817537,13.392352741933202]]]}},{"type":"Feature","properties":{"Id":0,"CLN":"2117","PSGC":"174001018","Barangay":"Bunganay","Land_Class":"AGRICULTURAL","PIN":"030-01-019-01-073","Owner":"JANDA, ROLANDO ROLLY","TaxDecNo":"11343"},"geometry":{"type":"Polygon","coordinates":[[[121.82753449483933,13.392512438731963],[121.82748330977269,13.392524119095155],[121.82748498257271,13.392681443655299],[121.8275337214932,13.392672135528647],[121.82753449483933,13.392512438731963]]]}},{"type":"Feature","properties":{"Id":0,"CLN":"1906","PSGC":"174001018","Barangay":"Bunganay","Land_Class":"AGRICULTURAL","PIN":"030-01-019-01-063","Owner":"JANDA, NOLI ISAAC","TaxDecNo":"11331"},"geometry":{"type":"Polygon","coordinates":[[[121.82917633626732,13.39183119657815],[121.82819092315208,13.392203234550488],[121.82820742341433,13.392315339745965],[121.82781294342695,13.392327811100328],[121.82753526817537,13.392352741933202],[121.82753449483933,13.392512438731963],[121.82825315084993,13.392425196925085],[121.82935374162447,13.391898759236842],[121.82917633626732,13.39183119657815]]]}},{"type":"Feature","properties":{"Id":0,"CLN":"2116","PSGC":"174001018","Barangay":"Bunganay","Land_Class":"AGRICULTURAL","PIN":"030-01-019-01-066","Owner":"JANDA, ROLANDO","TaxDecNo":"11335"},"geometry":{"type":"Polygon","coordinates":[[[121.8275337214932,13.392672135528647],[121.82826207039054,13.392594473076683],[121.82825315084993,13.392425196925085],[121.82753449483933,13.392512438731963],[121.8275337214932,13.392672135528647]]]}},{"type":"Feature","properties":{"Id":0,"CLN":"2119","PSGC":"174001018","Barangay":"Bunganay","Land_Class":"AGRICULTURAL","PIN":"030-01-019-01-067","Owner":"SPS. LABRADOR, GERRICO M. & LABRADOR, CLEOTILDE J.","TaxDecNo":"11336"},"geometry":{"type":"Polygon","coordinates":[[[121.8275337214932,13.392672135528647],[121.82754022896891,13.392836633292902],[121.82826853222369,13.39276850500322],[121.82826207039054,13.392594473076683],[121.8275337214932,13.392672135528647]]]}},{"type":"Feature","properties":{"Id":0,"CLN":"1871","PSGC":"174001018","Barangay":"Bunganay","Land_Class":"AGRICULTURAL","PIN":"030-01-019-01-019","Owner":"MALARAYAP, RUSTICO & LABOG, ROMANA","TaxDecNo":"11295"},"geometry":{"type":"Polygon","coordinates":[[[121.82732805875449,13.39240660263398],[121.8268676934278,13.392449753270792],[121.8265533714356,13.392500732271897],[121.82669748589448,13.392906611506683],[121.82673335959541,13.392903267650908],[121.82674620177733,13.392902070605492],[121.82701425459287,13.392853260140472],[121.82721156425656,13.392832723997978],[121.82725564175396,13.392780489709454],[121.82734334645637,13.392768978933473],[121.82732805875449,13.39240660263398]]]}},{"type":"Feature","properties":{"Id":0,"CLN":"1872","PSGC":"174001018","Barangay":"Bunganay","Land_Class":"RESIDENTIAL","PIN":"030-01-019-01-092","Owner":"MALARAYAP, RUSTICO & LABOG, ROMANA","TaxDecNo":"11358"},"geometry":{"type":"Polygon","coordinates":[[[121.82734334645637,13.39276897893346],[121.827365269745,13.392766697118132],[121.8273670590841,13.392397249326896],[121.82732805875449,13.39240660263395],[121.82734334645637,13.39276897893346]]]}},{"type":"Feature","properties":{"Id":0,"CLN":"2118","PSGC":"174001018","Barangay":"Bunganay","Land_Class":"AGRICULTURAL","PIN":"030-01-019-01-072","Owner":"SPS. LABRADOR, GERRICO M. & LABRADOR, CLEOTILDE J.","TaxDecNo":"11342"},"geometry":{"type":"Polygon","coordinates":[[[121.82754022896891,13.392836633292902],[121.8275337214932,13.392672135528647],[121.82748498257271,13.392681443655299],[121.82748909000517,13.392838779514568],[121.82754022896891,13.392836633292902]]]}},{"type":"Feature","properties":{"Id":0,"CLN":"2121","PSGC":"174001018","Barangay":"Bunganay","Land_Class":"RESIDENTIAL","PIN":"030-01-019-01-071","Owner":"JANDA, JOEL","TaxDecNo":"11341"},"geometry":{"type":"Polygon","coordinates":[[[121.82754022896891,13.392836633292902],[121.82748909000517,13.392838779514568],[121.82749075125025,13.392998487605556],[121.82753457478294,13.392998691019056],[121.82754022896891,13.392836633292902]]]}},{"type":"Feature","properties":{"Id":0,"CLN":"2120","PSGC":"174001018","Barangay":"Bunganay","Land_Class":"AGRICULTURAL","PIN":"030-01-019-01-068","Owner":"RURAL BANK OF STA. CRUZ INC.","TaxDecNo":"11338"},"geometry":{"type":"Polygon","coordinates":[[[121.82753457478294,13.392998691019056],[121.82827988640791,13.392937792445032],[121.82826853222369,13.39276850500322],[121.82754022896891,13.392836633292902],[121.82753457478294,13.392998691019056]]]}},{"type":"Feature","properties":{"Id":0,"CLN":"2122","PSGC":"174001018","Barangay":"Bunganay","Land_Class":"AGRICULTURAL","PIN":"030-01-019-01-070","Owner":"JANDA, FE","TaxDecNo":"11340"},"geometry":{"type":"Polygon","coordinates":[[[121.82749075125025,13.392998487605556],[121.82750235883672,13.393115337284172],[121.82745743862269,13.393341569602326],[121.82749391211036,13.393351273259581],[121.82753640919432,13.393122646097659],[121.82753457478294,13.392998691019056],[121.82749075125025,13.392998487605556]]]}},{"type":"Feature","properties":{"Id":0,"CLN":"2123","PSGC":"174001018","Barangay":"Bunganay","Land_Class":"COMMERCIAL","PIN":"030-01-019-01-167","Owner":"WAKITA, MELODY BERCILLA","TaxDecNo":"11421"},"geometry":{"type":"Polygon","coordinates":[[[121.82797685553132,13.393080743056084],[121.82792230021452,13.392967010690738],[121.82753457478294,13.392998691019073],[121.82753640919435,13.393122646097694],[121.82749391211036,13.393351273259581],[121.82787026673545,13.393059838632226],[121.82797685553132,13.393080743056084]]]}},{"type":"Feature","properties":{"Id":0,"CLN":"1869","PSGC":"174001018","Barangay":"Bunganay","Land_Class":"AGRICULTURAL","PIN":"030-01-019-01-010","Owner":"LILLES, RUPERTO & MARTE, ADORACION","TaxDecNo":"11287"},"geometry":{"type":"Polygon","coordinates":[[[121.82701425459287,13.392853260140472],[121.8270555691762,13.393272264134572],[121.82706762999598,13.393394582327462],[121.82718680055635,13.393421355134375],[121.82728601107094,13.393359246584488],[121.82731714803249,13.393339726543704],[121.82735467209204,13.393132528626408],[121.82734334645637,13.392768978933473],[121.82725564175396,13.392780489709454],[121.82721156425656,13.392832723997978],[121.82701425459287,13.392853260140472]]]}},{"type":"Feature","properties":{"Id":0,"CLN":"1868","PSGC":"174001018","Barangay":"Bunganay","Land_Class":"RESIDENTIAL","PIN":"030-01-019-01-093","Owner":"LILLES, RUPERTO & MARTE, ADORACION","TaxDecNo":"11359"},"geometry":{"type":"Polygon","coordinates":[[[121.82734334645637,13.39276897893346],[121.82735467209201,13.393132528626408],[121.82731714803246,13.393339726543687],[121.8273499810913,13.393347029732853],[121.8273929830694,13.3931398572382],[121.827365269745,13.392766697118132],[121.82734334645637,13.39276897893346]]]}},{"type":"Feature","properties":{"Id":0,"CLN":"1867","PSGC":"174001018","Barangay":"Bunganay","Land_Class":"RESIDENTIAL","PIN":"030-01-019-01-097","Owner":"JANDA, ADORACION L.","TaxDecNo":"11364"},"geometry":{"type":"Polygon","coordinates":[[[121.82731714803246,13.393339726543687],[121.82729823802471,13.393351581398251],[121.82718680055635,13.393421355134375],[121.82728565604243,13.393432540252373],[121.82731714803246,13.393339726543687]]]}},{"type":"Feature","properties":{"Id":0,"CLN":"1866","PSGC":"174001018","Barangay":"Bunganay","Land_Class":"RESIDENTIAL","PIN":"030-01-019-01-098","Owner":"JANDA, ADORACION L.","TaxDecNo":"11363"},"geometry":{"type":"Polygon","coordinates":[[[121.82728565604243,13.393432540252373],[121.82732946233263,13.393436319008874],[121.8273499810913,13.393347029732853],[121.82731714803246,13.393339726543687],[121.82728565604243,13.393432540252373]]]}},{"type":"Feature","properties":{"Id":0,"CLN":"1864","PSGC":"174001018","Barangay":"Bunganay","Land_Class":"RESIDENTIAL","PIN":"030-01-019-01-009","Owner":"LANCETA, HEDILISA L.","TaxDecNo":"11285"},"geometry":{"type":"Polygon","coordinates":[[[121.82728565604243,13.393432540252373],[121.82718680055635,13.393421355134375],[121.82706762999598,13.39339458232748],[121.8270462962962,13.393463607295253],[121.82699670890878,13.393522370809276],[121.8272558427976,13.393555752489034],[121.82728565604243,13.393432540252373]]]}},{"type":"Feature","properties":{"Id":0,"CLN":"1865","PSGC":"174001018","Barangay":"Bunganay","Land_Class":"RESIDENTIAL","PIN":"030-01-019-01-094","Owner":"MARTE, ISABEL","TaxDecNo":"11360"},"geometry":{"type":"Polygon","coordinates":[[[121.8272558427976,13.393555752489034],[121.82729051918588,13.393559488865002],[121.82732946233263,13.393436319008874],[121.82728565604243,13.393432540252373],[121.8272558427976,13.393555752489034]]]}},{"type":"Feature","properties":{"Id":0,"CLN":"1870","PSGC":"174001018","Barangay":"Bunganay","Land_Class":"AGRICULTURAL","PIN":"030-01-019-01-011","Owner":"MARTE, ISABEL","TaxDecNo":"11288"},"geometry":{"type":"Polygon","coordinates":[[[121.8270555691762,13.393272264134554],[121.82701425459285,13.392853260140456],[121.82673335959541,13.392903267650908],[121.8267507401066,13.393033188979645],[121.82670492599728,13.393066942300388],[121.82675395025706,13.39312437609894],[121.82686529178837,13.393133831674012],[121.8269011357798,13.393273437994795],[121.8270555691762,13.393272264134554]]]}},{"type":"Feature","properties":{"Id":0,"CLN":"1863","PSGC":"174001018","Barangay":"Bunganay","Land_Class":"AGRICULTURAL","PIN":"030-01-019-01-012","Owner":"RAMON M. LILLES & NOEMI LILLES","TaxDecNo":"11289"},"geometry":{"type":"Polygon","coordinates":[[[121.82678342395606,13.393448084949684],[121.82678146802765,13.393474891220134],[121.82699670890878,13.393522370809276],[121.8270462962962,13.393463607295253],[121.82706762999598,13.39339458232748],[121.8270555691762,13.393272264134554],[121.8269011357798,13.393273437994795],[121.82686529178837,13.393133831674012],[121.82675395025706,13.39312437609894],[121.82678342395606,13.393448084949684]]]}},{"type":"Feature","properties":{"Id":0,"CLN":"1861","PSGC":"174001018","Barangay":"Bunganay","Land_Class":"AGRICULTURAL","PIN":"030-01-019-01-008","Owner":"GREGORIA & BENJAMIN BOTIN","TaxDecNo":"11284"},"geometry":{"type":"Polygon","coordinates":[[[121.8272558427976,13.393555752489034],[121.82699670890878,13.393522370809276],[121.8269723301513,13.393654546688579],[121.82721871691544,13.393680718456508],[121.8272558427976,13.393555752489034]]]}},{"type":"Feature","properties":{"Id":0,"CLN":"1862","PSGC":"174001018","Barangay":"Bunganay","Land_Class":"AGRICULTURAL","PIN":"030-01-019-01-013","Owner":"LILLES, RUPERTO","TaxDecNo":"11290"},"geometry":{"type":"Polygon","coordinates":[[[121.82675395025706,13.393124376098957],[121.82670492599728,13.39306694230041],[121.8267507401066,13.393033188979645],[121.82673335959541,13.392903267650908],[121.82669748589448,13.392906611506683],[121.82641878432538,13.392954776255412],[121.8264005944819,13.392961768325408],[121.82641671571562,13.393004821970175],[121.82653043542498,13.39327707920185],[121.82655344536396,13.393427352075253],[121.82663921458841,13.393438476650578],[121.82665312067252,13.393583344158525],[121.8269723301513,13.393654546688579],[121.82699670890878,13.393522370809276],[121.82678146802765,13.393474891220134],[121.82678342395606,13.393448084949684],[121.82675395025706,13.393124376098957]]]}},{"type":"Feature","properties":{"Id":0,"CLN":"1856","PSGC":"174001018","Barangay":"Bunganay","Land_Class":"AGRICULTURAL","PIN":"030-01-019-01-014","Owner":"MARTE, ISABEL","TaxDecNo":"11291"},"geometry":{"type":"Polygon","coordinates":[[[121.82665312067252,13.393583344158525],[121.82663921458841,13.393438476650578],[121.82655344536396,13.393427352075253],[121.82653043542498,13.39327707920185],[121.82641671571562,13.393004821970175],[121.8264005944819,13.392961768325408],[121.82624000996992,13.393023496000586],[121.82629438373894,13.393199739387876],[121.82626871161227,13.393341150428723],[121.82621113481815,13.393436983718717],[121.82622517534779,13.393485973026792],[121.82641795865692,13.393501805609278],[121.82652927434003,13.39351662429522],[121.82653446635042,13.393575642191932],[121.82665312067252,13.393583344158525]]]}},{"type":"Feature","properties":{"Id":0,"CLN":"1855","PSGC":"174001018","Barangay":"Bunganay","Land_Class":"AGRICULTURAL","PIN":"030-01-019-01-005","Owner":"MARVELES, FELISA","TaxDecNo":"11280"},"geometry":{"type":"Polygon","coordinates":[[[121.82652927434003,13.39351662429522],[121.82641795865692,13.393501805609278],[121.82622517534779,13.393485973026792],[121.8261460717651,13.393604421005053],[121.82618444600688,13.393788064567149],[121.82634340450734,13.393764341191437],[121.82637333813496,13.393848350100882],[121.82642010277624,13.393812873649734],[121.82654105110089,13.393724051067355],[121.82653446635042,13.393575642191932],[121.82652927434003,13.39351662429522]]]}},{"type":"Feature","properties":{"Id":0,"CLN":"1857","PSGC":"174001018","Barangay":"Bunganay","Land_Class":"AGRICULTURAL","PIN":"030-01-019-01-006","Owner":"MARTE, EVARESTO","TaxDecNo":"11281"},"geometry":{"type":"Polygon","coordinates":[[[121.82654105110089,13.393724051067355],[121.82685480008365,13.393791653008375],[121.8269723301513,13.393654546688579],[121.82665312067252,13.393583344158506],[121.82653446635042,13.393575642191953],[121.82654105110089,13.393724051067355]]]}},{"type":"Feature","properties":{"Id":0,"CLN":"1858","PSGC":"174001018","Barangay":"Bunganay","Land_Class":"AGRICULTURAL","PIN":"030-01-019-01-007","Owner":"BOTIN, BENJAMIN & BOTIN, GREGORIA M.","TaxDecNo":"11282"},"geometry":{"type":"Polygon","coordinates":[[[121.82685480008365,13.393791653008375],[121.8271908508249,13.393778912051431],[121.82721871691544,13.393680718456508],[121.8269723301513,13.393654546688579],[121.82685480008365,13.393791653008375]]]}},{"type":"Feature","properties":{"Id":0,"CLN":"1860","PSGC":"174001018","Barangay":"Bunganay","Land_Class":"RESIDENTIAL","PIN":"030-01-019-01-095","Owner":"BOTIN, GREGORIA & BOTIN, BENJAMIN","TaxDecNo":"11361"},"geometry":{"type":"Polygon","coordinates":[[[121.8272558427976,13.393555752489034],[121.82721871691544,13.393680718456508],[121.82726251458855,13.393686284878472],[121.82729051918588,13.393559488865002],[121.8272558427976,13.393555752489034]]]}},{"type":"Feature","properties":{"Id":0,"CLN":"1859","PSGC":"174001018","Barangay":"Bunganay","Land_Class":"RESIDENTIAL","PIN":"030-01-019-01-096","Owner":"BOTIN, BENJAMIN & BOTIN, GREGORIA M.","TaxDecNo":"11362"},"geometry":{"type":"Polygon","coordinates":[[[121.82721871691544,13.393680718456508],[121.8271908508249,13.393778912051431],[121.82723648316065,13.393782699307366],[121.82726251458855,13.393686284878472],[121.82721871691544,13.393680718456508]]]}},{"type":"Feature","properties":{"Id":0,"CLN":"1846","PSGC":"174001018","Barangay":"Bunganay","Land_Class":"AGRICULTURAL","PIN":"030-01-019-01-028","Owner":"HERVOSA, DELFIN","TaxDecNo":"11302"},"geometry":{"type":"Polygon","coordinates":[[[121.82647936784522,13.391694736041634],[121.82640223890269,13.391688982540792],[121.82639799171248,13.391728936720463],[121.82616737985389,13.391740848593457],[121.82595140318215,13.391786439297139],[121.8259504503441,13.391885248320616],[121.82596873411073,13.392040647783354],[121.8249805737101,13.392328044562241],[121.82504749641826,13.392921656988204],[121.82598436700222,13.39274274191165],[121.8262482379817,13.392635247999005],[121.826412973813,13.39255596191845],[121.8265533714356,13.392500732271897],[121.82652615433838,13.392088245264825],[121.82647936784522,13.391694736041634]]]}},{"type":"Feature","properties":{"Id":0,"CLN":"1849","PSGC":"174001018","Barangay":"Bunganay","Land_Class":"AGRICULTURAL","PIN":"030-01-019-01-018","Owner":"DE LUNA, ALVIN","TaxDecNo":"11294"},"geometry":{"type":"Polygon","coordinates":[[[121.8265533714356,13.392500732271897],[121.826412973813,13.39255596191845],[121.82598436700222,13.39274274191165],[121.82602477017878,13.392916881907574],[121.82607163954076,13.393066201633093],[121.82624000996992,13.393023496000586],[121.82641878432538,13.392954776255412],[121.82669748589448,13.392906611506683],[121.8265533714356,13.392500732271897]]]}},{"type":"Feature","properties":{"Id":0,"CLN":"1908","PSGC":"174001018","Barangay":"Bunganay","Land_Class":"AGRICULTURAL","PIN":"030-01-019-01-065","Owner":"MONTEVIRGEN, CHAROEN A.","TaxDecNo":"31921"},"geometry":{"type":"Polygon","coordinates":[[[121.82829360602757,13.393121392387757],[121.82960592647807,13.393429670319026],[121.8297266027504,13.393173630348146],[121.82953411896032,13.393076630348641],[121.82966141663242,13.392653018610323],[121.82980711805881,13.392623866933278],[121.82981775372812,13.392524493953992],[121.82975625683687,13.391940931877356],[121.82935374162447,13.391898759236856],[121.82825315084996,13.392425196925121],[121.82826207039054,13.39259447307672],[121.82826853222369,13.39276850500324],[121.82827988640791,13.392937792445032],[121.82829360602757,13.393121392387757]]]}},{"type":"Feature","properties":{"Id":0,"CLN":"2112","PSGC":"174001018","Barangay":"Bunganay","Land_Class":"AGRICULTURAL","PIN":"030-01-019-01-064","Owner":"JANDA, FE","TaxDecNo":"11333"},"geometry":{"type":"Polygon","coordinates":[[[121.82975625683687,13.391940931877356],[121.82981775372812,13.392524493953992],[121.82980711805881,13.392623866933278],[121.82966141663242,13.392653018610323],[121.82953411896032,13.393076630348641],[121.8297266027504,13.393173630348146],[121.82960592647807,13.393429670319026],[121.82983004995806,13.393482318544562],[121.8299360760775,13.393257452611037],[121.83003062761753,13.392605017778953],[121.83008160527591,13.39186290101146],[121.82975625683687,13.391940931877356]]]}},{"type":"Feature","properties":{"Id":0,"CLN":"1912","PSGC":"174001018","Barangay":"Bunganay","Land_Class":"AGRICULTURAL","PIN":"030-01-019-05-018","Owner":"LABRADOR, BRIGIDO","TaxDecNo":"11756"},"geometry":{"type":"Polygon","coordinates":[[[121.83058424133131,13.39181070766233],[121.83015273919744,13.391853288204318],[121.83040030276288,13.392460910353568],[121.83058568250091,13.392395582424818],[121.83091048206764,13.392191812465624],[121.83081861775624,13.39199996770825],[121.8308696104685,13.39173416290284],[121.83058424133131,13.39181070766233]]]}},{"type":"Feature","properties":{"Id":0,"CLN":"1911","PSGC":"174001018","Barangay":"Bunganay","Land_Class":"AGRICULTURAL","PIN":"030-01-019-05-019","Owner":"LABRADOR, RAFAEL & LABRADOR, CRISTINA MONCADA","TaxDecNo":"11757"},"geometry":{"type":"Polygon","coordinates":[[[121.83040030276288,13.392460910353554],[121.83015273919744,13.391853288204318],[121.83008160527591,13.39186290101144],[121.83003062761753,13.39260501777894],[121.83040030276288,13.392460910353554]]]}},{"type":"Feature","properties":{"Id":0,"CLN":"2114","PSGC":"174001018","Barangay":"Bunganay","Land_Class":"AGRICULTURAL","PIN":"030-01-019-05-003","Owner":"JANDA, JOEL","TaxDecNo":"11741"},"geometry":{"type":"Polygon","coordinates":[[[121.83096011325506,13.393580645319663],[121.83091048206764,13.392191812465624],[121.83058568250091,13.392395582424818],[121.83040030276288,13.392460910353568],[121.8305912289206,13.3931084998679],[121.83068191815866,13.393543669234123],[121.83096011325506,13.393580645319663]]]}},{"type":"Feature","properties":{"Id":0,"CLN":"1785","PSGC":"174001018","Barangay":"Bunganay","Land_Class":"AGRICULTURAL","PIN":"030-01-019-05-020","Owner":"ORNEDO, RODOLFO O. & ORNEDO, VIRGILIO O. & ORNEDO, AURORA O. & ORNEDO, REYNALDO O.","TaxDecNo":"11758"},"geometry":{"type":"Polygon","coordinates":[[[121.82880837293781,13.390248641651256],[121.8278881338655,13.388808161185905],[121.8277859969217,13.388996879119007],[121.82771539068634,13.389325384810213],[121.82779796841196,13.389375318148483],[121.82822471624769,13.390251232220018],[121.82847277159559,13.390812525967425],[121.82818230213572,13.390966112113206],[121.82806756349126,13.391029936780264],[121.82820474513676,13.391359508333304],[121.8283183074762,13.391538804202849],[121.82854665500788,13.391644741081146],[121.82880945649565,13.391674562654844],[121.8289476769912,13.391789615696004],[121.82917633626732,13.39183119657815],[121.82935374162447,13.391898759236856],[121.82975625683687,13.391940931877356],[121.83008160527591,13.39186290101146],[121.83015273919744,13.391853288204318],[121.83058424133131,13.39181070766233],[121.8308696104685,13.39173416290284],[121.830734572017,13.391561584715472],[121.83058222798327,13.391541413156425],[121.83040816040776,13.391493400861414],[121.82982407498676,13.391444083621646],[121.82937541449574,13.391136905572925],[121.82880837293781,13.390248641651256]]]}},{"type":"Feature","properties":{"Id":0,"CLN":"1713","PSGC":"174001018","Barangay":"Bunganay","Land_Class":"AGRICULTURAL","PIN":"030-01-019-04-077","Owner":"MATIBAG, JULIO H. & MATIBAG, ANDREA M.","TaxDecNo":"11702"},"geometry":{"type":"Polygon","coordinates":[[[121.82527064306691,13.388083343611925],[121.82453078097548,13.388498351465437],[121.82459916229564,13.388730032717724],[121.8253886881525,13.388306144632336],[121.82527064306691,13.388083343611925]]]}},{"type":"Feature","properties":{"Id":0,"CLN":"1708","PSGC":"174001018","Barangay":"Bunganay","Land_Class":"AGRICULTURAL","PIN":"030-01-019-03-001","Owner":"MASCAREÑAS, NELIA MONCADA","TaxDecNo":"11505"},"geometry":{"type":"Polygon","coordinates":[[[121.82424667884597,13.388402433466206],[121.82471495700251,13.388137911661618],[121.82467206701509,13.388065745417103],[121.82419524387392,13.388309060700404],[121.82424667884597,13.388402433466206]]]}},{"type":"Feature","properties":{"Id":0,"CLN":"1709","PSGC":"174001018","Barangay":"Bunganay","Land_Class":"AGRICULTURAL","PIN":"030-01-019-03-002","Owner":"MONCADA, WELMIE & MONCADA, EDELIZA","TaxDecNo":"11506"},"geometry":{"type":"Polygon","coordinates":[[[121.82467206701509,13.388065745417103],[121.82471495700251,13.388137911661618],[121.8248798000405,13.388028611514875],[121.8248397540082,13.387955135603242],[121.82465929714172,13.388051927670375],[121.82467206701509,13.388065745417103]]]}},{"type":"Feature","properties":{"Id":0,"CLN":"1710","PSGC":"174001018","Barangay":"Bunganay","Land_Class":"RESIDENTIAL","PIN":"030-01-019-03-003"},"geometry":{"type":"Polygon","coordinates":[[[121.8248798000405,13.388028611514875],[121.82516159406454,13.387877521627503],[121.82512264049355,13.387801669581117],[121.8248397540082,13.387955135603242],[121.8248798000405,13.388028611514875]]]}},{"type":"Feature","properties":{"Id":0,"CLN":"1705","PSGC":"174001018","Barangay":"Bunganay","Land_Class":"RESIDENTIAL","PIN":"030-01-019-03-004","Owner":"MONCADA, ASONSON","TaxDecNo":"11602"},"geometry":{"type":"Polygon","coordinates":[[[121.82512264049355,13.387801669581117],[121.82508163957547,13.387730041349968],[121.82480847041529,13.387885933777175],[121.8248397540082,13.387955135603242],[121.82512264049355,13.387801669581117]]]}},{"type":"Feature","properties":{"Id":0,"CLN":"1706","PSGC":"174001018","Barangay":"Bunganay","Land_Class":"RESIDENTIAL","PIN":"030-01-019-03-005","Owner":"MONCADA, MARCELO JR.","TaxDecNo":"11507"},"geometry":{"type":"Polygon","coordinates":[[[121.82480847041529,13.387885933777175],[121.82479882247881,13.387869220136364],[121.82460374932967,13.387970706696242],[121.82462065920106,13.387994597881006],[121.82465929714172,13.388051927670375],[121.8248397540082,13.387955135603242],[121.82480847041529,13.387885933777175]]]}},{"type":"Feature","properties":{"Id":0,"CLN":"1707","PSGC":"174001018","Barangay":"Bunganay","Land_Class":"RESIDENTIAL","PIN":"030-01-019-03-098","Owner":"MONCADA, RAFAEL","TaxDecNo":"11600"},"geometry":{"type":"Polygon","coordinates":[[[121.82437820878157,13.388115066695699],[121.8243982268589,13.388205481880355],[121.82467206701509,13.388065745417117],[121.82465929714172,13.388051927670391],[121.82462065920107,13.387994597881017],[121.82437820878157,13.388115066695699]]]}},{"type":"Feature","properties":{"Id":0,"CLN":"1700","PSGC":"174001018","Barangay":"Bunganay","Land_Class":"AGRICULTURAL","PIN":"030-01-019-03-007"},"geometry":{"type":"Polygon","coordinates":[[[121.82462065920106,13.387994597881006],[121.82460374932967,13.387970706696242],[121.82457970463491,13.387913444782834],[121.8241018367163,13.388149346707896],[121.82416960321945,13.388218718377498],[121.82462065920106,13.387994597881006]]]}},{"type":"Feature","properties":{"Id":0,"CLN":"1701","PSGC":"174001018","Barangay":"Bunganay","Land_Class":"RESIDENTIAL","PIN":"030-01-019-03-008","Owner":"MONCADA, OFELIA","TaxDecNo":"11508"},"geometry":{"type":"Polygon","coordinates":[[[121.82479882247881,13.387869220136364],[121.824765060488,13.387809531791675],[121.82457970463491,13.387913444782834],[121.82460374932967,13.387970706696242],[121.82479882247881,13.387869220136364]]]}},{"type":"Feature","properties":{"Id":0,"CLN":"1702","PSGC":"174001018","Barangay":"Bunganay","Land_Class":"RESIDENTIAL","PIN":"030-01-019-03-009","Owner":"MONCADA, CRISTINA","TaxDecNo":"11510"},"geometry":{"type":"Polygon","coordinates":[[[121.82479882247881,13.387869220136364],[121.82480847041529,13.387885933777175],[121.82508163957547,13.387730041349968],[121.82505523188819,13.387658480967707],[121.824765060488,13.387809531791675],[121.82479882247881,13.387869220136364]]]}},{"type":"Feature","properties":{"Id":0,"CLN":"1699","PSGC":"174001018","Barangay":"Bunganay","Land_Class":"RESIDENTIAL","PIN":"030-01-019-03-071","Owner":"VILLAMARIN, DEMETRIO","TaxDecNo":"11575"},"geometry":{"type":"Polygon","coordinates":[[[121.82493465281269,13.387721249344692],[121.82491318049753,13.387675039818724],[121.82457080348438,13.387847867702591],[121.82459856230459,13.387902872929613],[121.824765060488,13.387809531791698],[121.82493465281269,13.387721249344692]]]}},{"type":"Feature","properties":{"Id":0,"CLN":"1696","PSGC":"174001018","Barangay":"Bunganay","Land_Class":"RESIDENTIAL","PIN":"030-01-019-03-011"},"geometry":{"type":"Polygon","coordinates":[[[121.82491303106963,13.387675115248342],[121.82489160547681,13.387630799673563],[121.82454760971129,13.387801033560617],[121.82457078318359,13.387847877950211],[121.82491303106963,13.387675115248342]]]}},{"type":"Feature","properties":{"Id":0,"CLN":"1692","PSGC":"174001018","Barangay":"Bunganay","Land_Class":"AGRICULTURAL","PIN":"030-01-019-03-013","Owner":"MERZA, ISABEL & BESANA, BERNARDO","TaxDecNo":"11514"},"geometry":{"type":"Polygon","coordinates":[[[121.82493943350771,13.387462679760034],[121.82490083023632,13.38739820641497],[121.82392580042142,13.387836583395297],[121.82396435723184,13.387910581665611],[121.82493943350771,13.387462679760034]]]}},{"type":"Feature","properties":{"Id":0,"CLN":"1695","PSGC":"174001018","Barangay":"Bunganay","Land_Class":"RESIDENTIAL","PIN":"030-01-019-03-012","Owner":"MONCADA, WELMIE & MAJABA, EDELIZA","TaxDecNo":"11512"},"geometry":{"type":"Polygon","coordinates":[[[121.82467534418802,13.387737821425036],[121.82461232153571,13.387612939477993],[121.82396435723187,13.387910581665626],[121.82404638157358,13.388049076036888],[121.82467534418802,13.387737821425036]]]}},{"type":"Feature","properties":{"Id":0,"CLN":"2096","PSGC":"174001018","Barangay":"Bunganay","Land_Class":"AGRICULTURAL","PIN":"030-01-019-03-014","Owner":"JACOLBIA, OWEN J.","TaxDecNo":"11515"},"geometry":{"type":"Polygon","coordinates":[[[121.82392580042142,13.387836583395297],[121.82490083023632,13.38739820641497],[121.82487953482705,13.387363828475943],[121.82389530174675,13.387785036679967],[121.82392580042142,13.387836583395297]]]}},{"type":"Feature","properties":{"Id":0,"CLN":"1691","PSGC":"174001018","Barangay":"Bunganay","Land_Class":"AGRICULTURAL","PIN":"030-01-019-03-015","Owner":"HRS. OF JACOLBIA, GENARO","TaxDecNo":"11517"},"geometry":{"type":"Polygon","coordinates":[[[121.82487953482705,13.387363828475943],[121.8248636895557,13.38732089030687],[121.82388842802725,13.38769784693373],[121.82389530174675,13.387785036679967],[121.82487953482705,13.387363828475943]]]}},{"type":"Feature","properties":{"Id":0,"CLN":"1688","PSGC":"174001018","Barangay":"Bunganay","Land_Class":"AGRICULTURAL","PIN":"030-01-019-03-016","Owner":"MANAOG, BIENVENIDO","TaxDecNo":"11518"},"geometry":{"type":"Polygon","coordinates":[[[121.8248636895557,13.38732089030687],[121.82480438858522,13.38721059569133],[121.82462886736276,13.3872912218802],[121.82444762637924,13.387347531458465],[121.82429847097413,13.387408276630094],[121.824155236274,13.387451903468122],[121.82388759304965,13.387569249639226],[121.82388842802725,13.38769784693373],[121.8248636895557,13.38732089030687]]]}},{"type":"Feature","properties":{"Id":0,"CLN":"1683","PSGC":"174001018","Barangay":"Bunganay","Land_Class":"AGRICULTURAL","PIN":"030-01-019-03-021","Owner":"LOLONG, LORENZO","TaxDecNo":"11524"},"geometry":{"type":"Polygon","coordinates":[[[121.82480438858522,13.38721059569133],[121.8247567003366,13.387113214417305],[121.82460169374282,13.38717679020632],[121.82462886736276,13.3872912218802],[121.82480438858522,13.38721059569133]]]}},{"type":"Feature","properties":{"Id":0,"CLN":"1684","PSGC":"174001018","Barangay":"Bunganay","Land_Class":"AGRICULTURAL","PIN":"030-01-019-03-020","Owner":"LOLONG, LORENZO","TaxDecNo":"11523"},"geometry":{"type":"Polygon","coordinates":[[[121.82462886736276,13.3872912218802],[121.82460169374282,13.38717679020632],[121.82442046671162,13.387230242204758],[121.82444762637924,13.387347531458465],[121.82462886736276,13.3872912218802]]]}},{"type":"Feature","properties":{"Id":0,"CLN":"1685","PSGC":"174001018","Barangay":"Bunganay","Land_Class":"AGRICULTURAL","PIN":"030-01-019-03-019","Owner":"LOLONG, FRANCISCO","TaxDecNo":"11522"},"geometry":{"type":"Polygon","coordinates":[[[121.82429847097413,13.387408276630094],[121.82444762637924,13.387347531458465],[121.82442046671162,13.387230242204758],[121.82426989360461,13.387282407874732],[121.82429847097413,13.387408276630094]]]}},{"type":"Feature","properties":{"Id":0,"CLN":"1686","PSGC":"174001018","Barangay":"Bunganay","Land_Class":"AGRICULTURAL","PIN":"030-01-019-03-018","Owner":"HEIRS OF LOLONG, GERARDO J.","TaxDecNo":"11521"},"geometry":{"type":"Polygon","coordinates":[[[121.82429847097413,13.387408276630094],[121.82426989360461,13.387282407874732],[121.82410758987639,13.387345949390015],[121.824155236274,13.387451903468122],[121.82429847097413,13.387408276630094]]]}},{"type":"Feature","properties":{"Id":0,"CLN":"1687","PSGC":"174001018","Barangay":"Bunganay","Land_Class":"AGRICULTURAL","PIN":"030-01-019-03-017","Owner":"LOLONG, LORENZO","TaxDecNo":"11520"},"geometry":{"type":"Polygon","coordinates":[[[121.824155236274,13.387451903468122],[121.82410758987639,13.387345949390015],[121.82374644206259,13.387484292526556],[121.82388759304965,13.387569249639226],[121.824155236274,13.387451903468122]]]}},{"type":"Feature","properties":{"Id":0,"CLN":"1680","PSGC":"174001018","Barangay":"Bunganay","Land_Class":"AGRICULTURAL","PIN":"030-01-019-03-022","Owner":"MENDEJA, POLICARPIO","TaxDecNo":"11525"},"geometry":{"type":"Polygon","coordinates":[[[121.82374644206259,13.387484292526556],[121.82410758987639,13.387345949390015],[121.82426989360461,13.387282407874732],[121.82442046671162,13.387230242204758],[121.82460169374282,13.38717679020632],[121.8247567003366,13.387113214417305],[121.82471052003491,13.387005838437117],[121.82372222925414,13.387361301678766],[121.82374644206259,13.387484292526556]]]}},{"type":"Feature","properties":{"Id":0,"CLN":"1679","PSGC":"174001018","Barangay":"Bunganay","Land_Class":"AGRICULTURAL","PIN":"030-01-019-03-120","Owner":"MANGARING, VIRGILIO","TaxDecNo":"11623"},"geometry":{"type":"Polygon","coordinates":[[[121.82396234053189,13.387142792035071],[121.82396169778777,13.38727517135741],[121.82471052003491,13.387005838437117],[121.8246584814455,13.386902721652234],[121.82396234053189,13.387142792035071]]]}},{"type":"Feature","properties":{"Id":0,"CLN":"1676","PSGC":"174001018","Barangay":"Bunganay","Land_Class":"RESIDENTIAL","PIN":"030-01-019-03-113","Owner":"MAZON, ERLINDA","TaxDecNo":"11616"},"geometry":{"type":"Polygon","coordinates":[[[121.82448990565233,13.386865892071114],[121.82446138015307,13.38674704217897],[121.82432049638363,13.386786092492393],[121.82435066214956,13.386904798284963],[121.82448990565233,13.386865892071114]]]}},{"type":"Feature","properties":{"Id":0,"CLN":"1675","PSGC":"174001018","Barangay":"Bunganay","Land_Class":"AGRICULTURAL","PIN":"030-01-019-03-025","Owner":"HIDALGO, JOSE LUIS P.","TaxDecNo":"11528"},"geometry":{"type":"Polygon","coordinates":[[[121.82380463230649,13.386921610014843],[121.82419179146133,13.386836253935545],[121.82418601635837,13.386823367722116],[121.82459666402312,13.386709543963773],[121.82452028756246,13.38650915446511],[121.82426626543594,13.386526547382886],[121.82384876508429,13.386548894517052],[121.82380463230649,13.386921610014843]]]}},{"type":"Feature","properties":{"Id":0,"CLN":"1671","PSGC":"174001018","Barangay":"Bunganay","Land_Class":"RESIDENTIAL","PIN":"030-01-019-03-027","Owner":"LOLONG, GAUDENCIO","TaxDecNo":"11532"},"geometry":{"type":"Polygon","coordinates":[[[121.8238548800993,13.38649177034669],[121.8244840873654,13.386450404622579],[121.82446826301346,13.386403180085026],[121.82387411564149,13.386437564869802],[121.8238548800993,13.38649177034669]]]}},{"type":"Feature","properties":{"Id":0,"CLN":"1672","PSGC":"174001018","Barangay":"Bunganay","Land_Class":"AGRICULTURAL","PIN":"030-01-019-03-026","Owner":"CANICULA, ELDIN L","TaxDecNo":"11530"},"geometry":{"type":"Polygon","coordinates":[[[121.82384876508429,13.386548894517052],[121.82426626543594,13.386526547382886],[121.82452028756246,13.38650915446511],[121.8244840873654,13.386450404622579],[121.8238548800993,13.38649177034669],[121.82384876508429,13.386548894517052]]]}},{"type":"Feature","properties":{"Id":0,"CLN":"1668","PSGC":"174001018","Barangay":"Bunganay","Land_Class":"AGRICULTURAL","PIN":"030-01-019-03-028","Owner":"LOLONG, FRANCISCO","TaxDecNo":"11534"},"geometry":{"type":"Polygon","coordinates":[[[121.82387411564149,13.386437564869802],[121.82446826301346,13.386403180085026],[121.824445252718,13.38633306106366],[121.82386705461867,13.386388952271941],[121.82387411564149,13.386437564869802]]]}},{"type":"Feature","properties":{"Id":0,"CLN":"1667","PSGC":"174001018","Barangay":"Bunganay","Land_Class":"RESIDENTIAL","PIN":"030-01-019-03-029","Owner":"HIZOLE, ISAGANI L.","TaxDecNo":"11535"},"geometry":{"type":"Polygon","coordinates":[[[121.82386705461867,13.386388952271941],[121.824445252718,13.38633306106366],[121.82442361860423,13.386280094234985],[121.82386877067685,13.386336094074672],[121.82386705461867,13.386388952271941]]]}},{"type":"Feature","properties":{"Id":0,"CLN":"1664","PSGC":"174001018","Barangay":"Bunganay","Land_Class":"RESIDENTIAL","PIN":"030-01-019-03-086","Owner":"MORALES, ANASTACIO","TaxDecNo":"11591"},"geometry":{"type":"Polygon","coordinates":[[[121.82422561936734,13.386300078098905],[121.82421780533633,13.386255489788113],[121.82440972244028,13.386232778239625],[121.82440639036767,13.386221432636008],[121.82386465616054,13.386281779926342],[121.82386877067685,13.386336094074688],[121.82422561936734,13.386300078098905]]]}},{"type":"Feature","properties":{"Id":0,"CLN":"1662","PSGC":"174001018","Barangay":"Bunganay","Land_Class":"AGRICULTURAL","PIN":"030-01-019-03-031","Owner":"ROTO, TEODOSIA","TaxDecNo":"11536"},"geometry":{"type":"Polygon","coordinates":[[[121.82440639036767,13.386221432636008],[121.82439933617333,13.38617139126007],[121.82384884581565,13.386231697793276],[121.82386465616054,13.386281779926342],[121.82440639036767,13.386221432636008]]]}},{"type":"Feature","properties":{"Id":0,"CLN":"1660","PSGC":"174001018","Barangay":"Bunganay","Land_Class":"AGRICULTURAL","PIN":"030-01-019-03-032","Owner":"HISTORILLO, ANDRES M.","TaxDecNo":"11537"},"geometry":{"type":"Polygon","coordinates":[[[121.82439933617333,13.38617139126007],[121.8243878483778,13.386132759788067],[121.82417476549155,13.386134626107706],[121.82384181948724,13.386175941277363],[121.82384884581565,13.386231697793276],[121.82439933617333,13.38617139126007]]]}},{"type":"Feature","properties":{"Id":0,"CLN":"1658","PSGC":"174001018","Barangay":"Bunganay","Land_Class":"RESIDENTIAL","PIN":"030-01-019-03-117","Owner":"LOLONG, ASUNCION HIZOLE","TaxDecNo":"11619"},"geometry":{"type":"Polygon","coordinates":[[[121.8243122460283,13.386133421983626],[121.82431293956921,13.385990525261693],[121.82423835685161,13.385998866338964],[121.82423770058291,13.38613407489963],[121.8243122460283,13.386133421983626]]]}},{"type":"Feature","properties":{"Id":0,"CLN":"1659","PSGC":"174001018","Barangay":"Bunganay","Land_Class":"AGRICULTURAL","PIN":"030-01-019-03-033","Owner":"HIZOLE, JUAN","TaxDecNo":"11538"},"geometry":{"type":"Polygon","coordinates":[[[121.82417476549159,13.386134626107706],[121.82416189464708,13.386080271218107],[121.82416928257076,13.386006591351045],[121.8238619790204,13.386048456812118],[121.82384229122559,13.386078783999217],[121.82384181948724,13.386175941277363],[121.82417476549159,13.386134626107706]]]}},{"type":"Feature","properties":{"Id":0,"CLN":"1657","PSGC":"174001018","Barangay":"Bunganay","Land_Class":"AGRICULTURAL","PIN":"030-01-019-03-035","Owner":"MARTE, EVARESTO","TaxDecNo":"11540"},"geometry":{"type":"Polygon","coordinates":[[[121.8243878483778,13.386132759788103],[121.82443165741991,13.386127248311652],[121.82441729940466,13.386078601777038],[121.82440777379335,13.385969216027004],[121.82437576604802,13.385983498944464],[121.82437789623768,13.386078418482958],[121.8243878483778,13.386132759788103]]]}},{"type":"Feature","properties":{"Id":0,"CLN":"1661","PSGC":"174001018","Barangay":"Bunganay","Land_Class":"AGRICULTURAL","PIN":"030-01-019-03-036","Owner":"MONTALBAN, ADORACION","TaxDecNo":"11542"},"geometry":{"type":"Polygon","coordinates":[[[121.82439933617333,13.38617139126007],[121.82444314522242,13.386165879782272],[121.82443165741988,13.386127248311634],[121.8243878483778,13.386132759788067],[121.82439933617333,13.38617139126007]]]}},{"type":"Feature","properties":{"Id":0,"CLN":"1663","PSGC":"174001018","Barangay":"Bunganay","Land_Class":null,"PIN":"030-01-019-03-037"},"geometry":{"type":"Polygon","coordinates":[[[121.82440639036767,13.386221432636008],[121.82445459142558,13.386213083955335],[121.82444314522242,13.386165879782272],[121.82439933617333,13.38617139126007],[121.82440639036767,13.386221432636008]]]}},{"type":"Feature","properties":{"Id":0,"CLN":"1649","PSGC":"174001018","Barangay":"Bunganay","Land_Class":"RESIDENTIAL","PIN":"030-01-019-03-038","Owner":"PAGLINAWAN, CARMEN","TaxDecNo":"11543"},"geometry":{"type":"Polygon","coordinates":[[[121.82442361860423,13.386280094234985],[121.82447328598514,13.386270323556499],[121.82445459142558,13.386213083955335],[121.82440639036767,13.386221432636008],[121.82442361860423,13.386280094234985]]]}},{"type":"Feature","properties":{"Id":0,"CLN":"1648","PSGC":"174001018","Barangay":"Bunganay","Land_Class":"RESIDENTIAL","PIN":"030-01-019-03-039","Owner":"PAGLINAWAN, CARMEN","TaxDecNo":"11544"},"geometry":{"type":"Polygon","coordinates":[[[121.824445252718,13.38633306106366],[121.82449198055247,13.38632756315681],[121.82447328598514,13.386270323556499],[121.82442361860423,13.386280094234985],[121.824445252718,13.38633306106366]]]}},{"type":"Feature","properties":{"Id":0,"CLN":"1647","PSGC":"174001018","Barangay":"Bunganay","Land_Class":"RESIDENTIAL","PIN":"030-01-019-03-040","Owner":"PINEDA, LEOVINA M.","TaxDecNo":"11545"},"geometry":{"type":"Polygon","coordinates":[[[121.82446826301346,13.386403180085026],[121.82450768703522,13.386399077017932],[121.82449198055247,13.38632756315681],[121.824445252718,13.38633306106366],[121.82446826301346,13.386403180085026]]]}},{"type":"Feature","properties":{"Id":0,"CLN":"1646","PSGC":"174001018","Barangay":"Bunganay","Land_Class":"RESIDENTIAL","PIN":"030-01-019-03-041","Owner":"MAMENG, ZENAIDA","TaxDecNo":"11546"},"geometry":{"type":"Polygon","coordinates":[[[121.8244840873654,13.386450404622579],[121.82452788259789,13.386447750701802],[121.82450768703522,13.386399077017932],[121.82446826301346,13.386403180085026],[121.8244840873654,13.386450404622579]]]}},{"type":"Feature","properties":{"Id":0,"CLN":"1673","PSGC":"174001018","Barangay":"Bunganay","Land_Class":"RESIDENTIAL","PIN":"030-01-019-03-042","Owner":"CANICULA, ELDIN L","TaxDecNo":"11590"},"geometry":{"type":"Polygon","coordinates":[[[121.82452028756246,13.38650915446511],[121.82455094145948,13.386507868231117],[121.82452788259789,13.386447750701802],[121.8244840873654,13.386450404622579],[121.82452028756246,13.38650915446511]]]}},{"type":"Feature","properties":{"Id":0,"CLN":"1674","PSGC":"174001018","Barangay":"Bunganay","Land_Class":"RESIDENTIAL","PIN":"030-01-019-03-043","Owner":"HIDALGO, AUGUSTO JR.","TaxDecNo":"11547"},"geometry":{"type":"Polygon","coordinates":[[[121.82459666402312,13.386709543963773],[121.82462443385019,13.386701100228052],[121.82455094145948,13.386507868231117],[121.82452028756246,13.38650915446511],[121.82459666402312,13.386709543963773]]]}},{"type":"Feature","properties":{"Id":0,"CLN":"1677","PSGC":"174001018","Barangay":"Bunganay","Land_Class":"RESIDENTIAL","PIN":"030-01-019-03-044","Owner":"HISTORILLO, ROSALIA","TaxDecNo":"11548"},"geometry":{"type":"Polygon","coordinates":[[[121.8246584814455,13.386902721652234],[121.82471539039817,13.386904415145048],[121.82462443385019,13.386701100228052],[121.82459666402312,13.386709543963773],[121.8246584814455,13.386902721652234]]]}},{"type":"Feature","properties":{"Id":0,"CLN":"1678","PSGC":"174001018","Barangay":"Bunganay","Land_Class":"RESIDENTIAL","PIN":"030-01-019-03-045","Owner":"MANGARING, VIRGILIO","TaxDecNo":"11549"},"geometry":{"type":"Polygon","coordinates":[[[121.82471052003491,13.387005838437117],[121.82475291837885,13.386990318643333],[121.82471539039817,13.386904415145048],[121.8246584814455,13.386902721652234],[121.82471052003491,13.387005838437117]]]}},{"type":"Feature","properties":{"Id":0,"CLN":"1681","PSGC":"174001018","Barangay":"Bunganay","Land_Class":"RESIDENTIAL","PIN":"030-01-019-03-046","Owner":"MENDEJA, POLICARPIO","TaxDecNo":"11550"},"geometry":{"type":"Polygon","coordinates":[[[121.8247567003366,13.387113214417305],[121.82480495702576,13.387093435412956],[121.82475291837885,13.386990318643333],[121.82471052003491,13.387005838437117],[121.8247567003366,13.387113214417305]]]}},{"type":"Feature","properties":{"Id":0,"CLN":"1644","PSGC":"174001018","Barangay":"Bunganay","Land_Class":"RESIDENTIAL","PIN":"030-01-019-03-070","Owner":"HIZOLE, WILFREDO","TaxDecNo":"11574"},"geometry":{"type":"Polygon","coordinates":[[[121.8247829586841,13.386814713963405],[121.82482626874985,13.38691207487095],[121.82486717996254,13.38690226340514],[121.82482400158719,13.386777755608591],[121.8247829586841,13.386814713963405]]]}},{"type":"Feature","properties":{"Id":0,"CLN":"1670","PSGC":"174001018","Barangay":"Bunganay","Land_Class":"RESIDENTIAL","PIN":"030-01-019-03-069","Owner":"JAMILLA, PAULINO & MANGARING, ANDRES","TaxDecNo":"11573"},"geometry":{"type":"Polygon","coordinates":[[[121.82486717996254,13.38690226340514],[121.82490954362272,13.386893887502458],[121.82487215422874,13.386779408344248],[121.82482400158719,13.386777755608591],[121.82486717996254,13.38690226340514]]]}},{"type":"Feature","properties":{"Id":0,"CLN":"1669","PSGC":"174001018","Barangay":"Bunganay","Land_Class":"RESIDENTIAL","PIN":"030-01-019-03-068","Owner":"LOLONG, FRANCISCO","TaxDecNo":"11572"},"geometry":{"type":"Polygon","coordinates":[[[121.82490954362272,13.386893887502458],[121.8249899343768,13.386868542614128],[121.82494813907937,13.386759758243349],[121.82487215422874,13.386779408344248],[121.82490954362272,13.386893887502458]]]}},{"type":"Feature","properties":{"Id":0,"CLN":"1666","PSGC":"174001018","Barangay":"Bunganay","Land_Class":"RESIDENTIAL","PIN":"030-01-019-03-067","Owner":"HIZOLE, ISAGANI L.","TaxDecNo":"11571"},"geometry":{"type":"Polygon","coordinates":[[[121.8249899343768,13.386868542614128],[121.82515941668943,13.386829323737174],[121.82512925478477,13.386729166371357],[121.82494813907937,13.386759758243349],[121.8249899343768,13.386868542614128]]]}},{"type":"Feature","properties":{"Id":0,"CLN":"1650","PSGC":"174001018","Barangay":"Bunganay","Land_Class":"RESIDENTIAL","PIN":"030-01-019-03-064","Owner":"PAGLINAWAN, CARMEN","TaxDecNo":"11568"},"geometry":{"type":"Polygon","coordinates":[[[121.82491625135937,13.387015368069777],[121.82486717996254,13.38690226340514],[121.82482626874985,13.38691207487095],[121.82487094118572,13.387029445534706],[121.82491625135937,13.387015368069777]]]}},{"type":"Feature","properties":{"Id":0,"CLN":"1662","PSGC":"174001018","Barangay":"Bunganay","Land_Class":"RESIDENTIAL","PIN":"030-01-019-03-065","Owner":"HRS. OF ROTO, TEODOSIA","TaxDecNo":"11569"},"geometry":{"type":"Polygon","coordinates":[[[121.82491625135937,13.387015368069777],[121.825031736639,13.386975898196171],[121.8249899343768,13.386868542614128],[121.82490954362272,13.386893887502458],[121.82486717996254,13.38690226340514],[121.82491625135937,13.387015368069777]]]}},{"type":"Feature","properties":{"Id":0,"CLN":"1665","PSGC":"174001018","Barangay":"Bunganay","Land_Class":"RESIDENTIAL","PIN":"030-01-019-03-066","Owner":"MORALES, LEONARDO","TaxDecNo":"11570"},"geometry":{"type":"Polygon","coordinates":[[[121.825031736639,13.386975898196171],[121.82519983586901,13.386920955887428],[121.82515941668943,13.386829323737174],[121.8249899343768,13.386868542614128],[121.825031736639,13.386975898196171]]]}},{"type":"Feature","properties":{"Id":0,"CLN":"1651","PSGC":"174001018","Barangay":"Bunganay","Land_Class":"RESIDENTIAL","PIN":"030-01-019-03-090"},"geometry":{"type":"Polygon","coordinates":[[[121.82492392419996,13.387030827648912],[121.82487941771994,13.387045123271932],[121.82491948041206,13.387119221022127],[121.82496016148959,13.387103768985071],[121.82492392419996,13.387030827648912]]]}},{"type":"Feature","properties":{"Id":0,"CLN":"1652","PSGC":"174001018","Barangay":"Bunganay","Land_Class":"RESIDENTIAL","PIN":"030-01-019-03-093","Owner":"LORING, CECILIA","TaxDecNo":"11595"},"geometry":{"type":"Polygon","coordinates":[[[121.82514530659083,13.387149745742043],[121.82510468697797,13.387054554529412],[121.8249602576607,13.38710396259897],[121.82500730529125,13.387198679931004],[121.82514530659083,13.387149745742043]]]}},{"type":"Feature","properties":{"Id":0,"CLN":"1654","PSGC":"174001018","Barangay":"Bunganay","Land_Class":"RESIDENTIAL","PIN":"030-01-019-03-122","Owner":"MONCADA, CHONA S.","TaxDecNo":"11625"},"geometry":{"type":"Polygon","coordinates":[[[121.82514472007858,13.387452219310003],[121.82500730529125,13.387198679931004],[121.82496929893594,13.38721136255547],[121.82510377412538,13.387469174733624],[121.82514472007858,13.387452219310003]]]}},{"type":"Feature","properties":{"Id":0,"CLN":"1661","PSGC":"174001018","Barangay":"Bunganay","Land_Class":"RESIDENTIAL","PIN":"030-01-019-03-060","Owner":"MONCADA, WELMIE & MONCADA, LENE","TaxDecNo":"11565"},"geometry":{"type":"Polygon","coordinates":[[[121.82514472007858,13.387452219310003],[121.82537865824892,13.387363291406922],[121.82527776247558,13.3871027778219],[121.82500730529125,13.387198679931004],[121.82514472007858,13.387452219310003]]]}},{"type":"Feature","properties":{"Id":0,"CLN":"1655","PSGC":"174001018","Barangay":"Bunganay","Land_Class":"RESIDENTIAL","PIN":"030-01-019-03-058","Owner":"MARTE, EVARESTO","TaxDecNo":"11562"},"geometry":{"type":"Polygon","coordinates":[[[121.82510377412538,13.387469174733624],[121.82520218071936,13.387641090198544],[121.82524165345109,13.38762698554455],[121.82514472007858,13.387452219310003],[121.82510377412538,13.387469174733624]]]}},{"type":"Feature","properties":{"Id":0,"CLN":"1657","PSGC":"174001018","Barangay":"Bunganay","Land_Class":"RESIDENTIAL","PIN":"030-01-019-03-059","Owner":"LOLONG, FABIAN","TaxDecNo":"11563"},"geometry":{"type":"Polygon","coordinates":[[[121.82524165345109,13.38762698554455],[121.82582635696114,13.38743395523886],[121.82569287626042,13.387271878714735],[121.82542657222879,13.387349352243112],[121.82537865824892,13.387363291406922],[121.82514472007858,13.387452219310003],[121.82524165345109,13.38762698554455]]]}},{"type":"Feature","properties":{"Id":0,"CLN":"1682","PSGC":"174001018","Barangay":"Bunganay","Land_Class":"RESIDENTIAL","PIN":"030-01-019-03-047","Owner":"LOLONG, LORENZO","TaxDecNo":"11551"},"geometry":{"type":"Polygon","coordinates":[[[121.82480438858522,13.38721059569133],[121.82485263835939,13.3871922454632],[121.82480495702576,13.387093435412956],[121.8247567003366,13.387113214417305],[121.82480438858522,13.38721059569133]]]}},{"type":"Feature","properties":{"Id":0,"CLN":"1689","PSGC":"174001018","Barangay":"Bunganay","Land_Class":"RESIDENTIAL","PIN":"030-01-019-03-048","Owner":"MANAOG, BIENVINIDO","TaxDecNo":"11552"},"geometry":{"type":"Polygon","coordinates":[[[121.8248636895557,13.38732089030687],[121.8249031969073,13.387299641783173],[121.82485263835939,13.3871922454632],[121.82480438858522,13.38721059569133],[121.8248636895557,13.38732089030687]]]}},{"type":"Feature","properties":{"Id":0,"CLN":"1690","PSGC":"174001018","Barangay":"Bunganay","Land_Class":"RESIDENTIAL","PIN":"030-01-019-03-049","Owner":"HRS. OF JACOLBIA, GENARO","TaxDecNo":"11553"},"geometry":{"type":"Polygon","coordinates":[[[121.82487953482705,13.387363828475943],[121.82492633910702,13.38734261388164],[121.8249031969073,13.387299641783173],[121.8248636895557,13.38732089030687],[121.82487953482705,13.387363828475943]]]}},{"type":"Feature","properties":{"Id":0,"CLN":"2097","PSGC":"174001018","Barangay":"Bunganay","Land_Class":"RESIDENTIAL","PIN":"030-01-019-03-050","Owner":"JACOLBIA, OWEN J.","TaxDecNo":"11554"},"geometry":{"type":"Polygon","coordinates":[[[121.82490083023632,13.38739820641497],[121.82494075966378,13.38737840134192],[121.82492633910702,13.38734261388164],[121.82487953482705,13.387363828475943],[121.82490083023632,13.38739820641497]]]}},{"type":"Feature","properties":{"Id":0,"CLN":"1693","PSGC":"174001018","Barangay":"Bunganay","Land_Class":"RESIDENTIAL","PIN":"030-01-019-03-051","Owner":"MERZA, ISABEL & MERZA, BERNARD","TaxDecNo":"11555"},"geometry":{"type":"Polygon","coordinates":[[[121.82493943350771,13.387462679760034],[121.82497987193537,13.387438593491364],[121.82494075966378,13.38737840134192],[121.82490083023632,13.38739820641497],[121.82493943350771,13.387462679760034]]]}},{"type":"Feature","properties":{"Id":0,"CLN":"1694","PSGC":"174001018","Barangay":"Bunganay","Land_Class":"RESIDENTIAL","PIN":"030-01-019-03-052","Owner":"MONCADA, WELMIE S. & MONCADA, EDELIZA M.","TaxDecNo":"11556"},"geometry":{"type":"Polygon","coordinates":[[[121.82500455996718,13.38757490149389],[121.82504059776689,13.387556038780442],[121.82497987193537,13.387438593491364],[121.82493943350771,13.387462679760034],[121.82500455996718,13.38757490149389]]]}},{"type":"Feature","properties":{"Id":0,"CLN":"1697","PSGC":"174001018","Barangay":"Bunganay","Land_Class":"RESIDENTIAL","PIN":"030-01-019-03-053","Owner":"MONCADA, WELMIE","TaxDecNo":"11557"},"geometry":{"type":"Polygon","coordinates":[[[121.82503111779963,13.387615506286595],[121.82506373308172,13.387600439653475],[121.82504059776689,13.387556038780442],[121.82500455996718,13.38757490149389],[121.82503111779963,13.387615506286595]]]}},{"type":"Feature","properties":{"Id":0,"CLN":"1698","PSGC":"174001018","Barangay":"Bunganay","Land_Class":"RESIDENTIAL","PIN":"030-01-019-03-054","Owner":"MONCADA, WELMIE","TaxDecNo":"11558"},"geometry":{"type":"Polygon","coordinates":[[[121.82505523188819,13.387658480967707],[121.82508980242494,13.38764171077112],[121.82506373308172,13.387600439653475],[121.82503111779963,13.387615506286595],[121.82505523188819,13.387658480967707]]]}},{"type":"Feature","properties":{"Id":0,"CLN":"1703","PSGC":"174001018","Barangay":"Bunganay","Land_Class":"RESIDENTIAL","PIN":"030-01-019-03-055","Owner":"MONCADA, CRISTINA","TaxDecNo":"11559"},"geometry":{"type":"Polygon","coordinates":[[[121.82508163957547,13.387730041349968],[121.8251245088899,13.387707597682994],[121.82508980242494,13.38764171077112],[121.82505523188819,13.387658480967707],[121.82508163957547,13.387730041349968]]]}},{"type":"Feature","properties":{"Id":0,"CLN":"1704","PSGC":"174001018","Barangay":"Bunganay","Land_Class":"RESIDENTIAL","PIN":"030-01-019-03-056","Owner":"MONCADA, ASUNCION","TaxDecNo":"11560"},"geometry":{"type":"Polygon","coordinates":[[[121.82512264049355,13.387801669581117],[121.8251620787035,13.387784928433481],[121.8251245088899,13.387707597682994],[121.82508163957547,13.387730041349968],[121.82512264049355,13.387801669581117]]]}},{"type":"Feature","properties":{"Id":0,"CLN":"1711","PSGC":"174001018","Barangay":"Bunganay","Land_Class":"RESIDENTIAL","PIN":"030-01-019-03-057","Owner":"MONCADA, MARCELO JR.","TaxDecNo":"11561"},"geometry":{"type":"Polygon","coordinates":[[[121.82516159406454,13.387877521627503],[121.82519971784188,13.387847971339857],[121.8251620787035,13.387784928433481],[121.82512264049355,13.387801669581117],[121.82516159406454,13.387877521627503]]]}},{"type":"Feature","properties":{"Id":0,"CLN":"1712","PSGC":"174001018","Barangay":"Bunganay","Land_Class":"AGRICULTURAL","PIN":"030-01-019-04-004","Owner":"ORNEDO, VICENTE","TaxDecNo":"11633"},"geometry":{"type":"Polygon","coordinates":[[[121.82538868815253,13.388306144632324],[121.82543113424803,13.388279120834115],[121.82519971784188,13.387847971339857],[121.82516159406454,13.387877521627503],[121.82538868815253,13.388306144632324]]]}},{"type":"Feature","properties":{"Id":0,"CLN":"1726","PSGC":"174001018","Barangay":"Bunganay","Land_Class":"AGRICULTURAL","PIN":"030-01-019-04-028","Owner":"JAMILLA, ZENAIDA M.","TaxDecNo":"11655"},"geometry":{"type":"Polygon","coordinates":[[[121.82524165345109,13.38762698554455],[121.82520218071936,13.387641090198544],[121.8255463706612,13.388291087000761],[121.82558587119951,13.388271267164177],[121.82524165345109,13.38762698554455]]]}},{"type":"Feature","properties":{"Id":0,"CLN":"1724","PSGC":"174001018","Barangay":"Bunganay","Land_Class":"RESIDENTIAL","PIN":"030-01-019-04-027","Owner":"JINAO, LAURO & JINAO, CRISTINA","TaxDecNo":"11654"},"geometry":{"type":"Polygon","coordinates":[[[121.82558587119951,13.388271267164177],[121.8255463706612,13.388291087000761],[121.8256390788613,13.38843439952192],[121.82567421509923,13.388411701756631],[121.82558587119951,13.388271267164177]]]}},{"type":"Feature","properties":{"Id":0,"CLN":"1725","PSGC":"174001018","Barangay":"Bunganay","Land_Class":"RESIDENTIAL","PIN":"030-01-019-04-026","Owner":"JINAO, LAURO & JINAO, CRISTINA","TaxDecNo":"11653"},"geometry":{"type":"Polygon","coordinates":[[[121.82567421509923,13.388411701756631],[121.82575468251167,13.388370640036309],[121.82569699962485,13.388227490329308],[121.82558587119951,13.388271267164177],[121.82567421509923,13.388411701756631]]]}},{"type":"Feature","properties":{"Id":0,"CLN":"1723","PSGC":"174001018","Barangay":"Bunganay","Land_Class":"RESIDENTIAL","PIN":"030-01-019-04-025","Owner":"JAMILLA, ZENAIDA M.","TaxDecNo":"11652"},"geometry":{"type":"Polygon","coordinates":[[[121.82567421509923,13.388411701756631],[121.8256390788613,13.38843439952192],[121.82585676847265,13.388686882858849],[121.82585403671092,13.388648292120946],[121.82567421509923,13.388411701756631]]]}},{"type":"Feature","properties":{"Id":0,"CLN":"1721","PSGC":"174001018","Barangay":"Bunganay","Land_Class":"RESIDENTIAL","PIN":"030-01-019-04-009","Owner":"HRS OF MONROYO, ANECITO","TaxDecNo":"11638"},"geometry":{"type":"Polygon","coordinates":[[[121.82585676847265,13.388686882858849],[121.8259049907821,13.388674247586605],[121.82585403671092,13.388648292120946],[121.82585676847265,13.388686882858849]]]}},{"type":"Feature","properties":{"Id":0,"CLN":"1720","PSGC":"174001018","Barangay":"Bunganay","Land_Class":"RESIDENTIAL","PIN":"030-01-019-04-008","Owner":"MONROYO, JUSTINA","TaxDecNo":"11637"},"geometry":{"type":"Polygon","coordinates":[[[121.82585676847265,13.388686882858849],[121.82589449104042,13.388732780272663],[121.82593980149763,13.388718702647438],[121.8259049907821,13.388674247586605],[121.82585676847265,13.388686882858849]]]}},{"type":"Feature","properties":{"Id":0,"CLN":"1719","PSGC":"174001018","Barangay":"Bunganay","Land_Class":"AGRICULTURAL","PIN":"030-01-019-04-011","Owner":"MONROYO, JUSTINA","TaxDecNo":"11640"},"geometry":{"type":"Polygon","coordinates":[[[121.82593980149763,13.388718702647438],[121.8263503826358,13.388619164097333],[121.82642050272987,13.388605201617596],[121.82668969916308,13.388562944010271],[121.8265592101966,13.388430579561684],[121.82641685151198,13.388455158904325],[121.8259049907821,13.388674247586644],[121.82593980149763,13.388718702647438]]]}},{"type":"Feature","properties":{"Id":0,"CLN":"2127","PSGC":"174001018","Barangay":"Bunganay","Land_Class":"AGRICULTURAL","PIN":"030-01-019-04-012","Owner":"JANDA, ROSARIO L.","TaxDecNo":"11641"},"geometry":{"type":"Polygon","coordinates":[[[121.8263503826358,13.388619164097333],[121.82641809481548,13.388800938321193],[121.82648399503049,13.388997805270847],[121.82683596903507,13.388999439747588],[121.82677948332957,13.388549847213493],[121.82668969916308,13.388562944010271],[121.82642050272987,13.388605201617596],[121.8263503826358,13.388619164097333]]]}},{"type":"Feature","properties":{"Id":0,"CLN":"1718","PSGC":"174001018","Barangay":"Bunganay","Land_Class":"AGRICULTURAL","PIN":"030-01-019-04-007","Owner":"MABATO, CARMELITA J.","TaxDecNo":"11636"},"geometry":{"type":"Polygon","coordinates":[[[121.82614859680037,13.38899972077422],[121.82642298385962,13.3889967089138],[121.82648399503049,13.388997805270847],[121.82641809481548,13.388800938321193],[121.8263503826358,13.388619164097333],[121.82593980149763,13.388718702647438],[121.82614859680037,13.38899972077422]]]}},{"type":"Feature","properties":{"Id":0,"CLN":"1717","PSGC":"174001018","Barangay":"Bunganay","Land_Class":"AGRICULTURAL","PIN":"030-01-019-04-006","Owner":"MABATO, CARMELITA J.","TaxDecNo":"11635"},"geometry":{"type":"Polygon","coordinates":[[[121.82614859680034,13.388999720774208],[121.82593980149763,13.388718702647438],[121.82589449104042,13.388732780272663],[121.82610187538175,13.389003790162594],[121.82614859680034,13.388999720774208]]]}},{"type":"Feature","properties":{"Id":0,"CLN":"1716","PSGC":"174001018","Barangay":"Bunganay","Land_Class":"RESIDENTIAL","PIN":"030-01-019-04-005","Owner":"SALVO, AUGUSTO & ORNEDO, PAZ","TaxDecNo":"11634"},"geometry":{"type":"Polygon","coordinates":[[[121.82538868815253,13.388306144632324],[121.82595863994995,13.389047417966768],[121.82598790404396,13.389031836960596],[121.82543113424803,13.388279120834115],[121.82538868815253,13.388306144632324]]]}},{"type":"Feature","properties":{"Id":0,"CLN":"1727","PSGC":"174001018","Barangay":"Bunganay","Land_Class":"RESIDENTIAL","PIN":"030-01-019-04-024"},"geometry":{"type":"Polygon","coordinates":[[[121.82585403671092,13.388648292120983],[121.82604360733306,13.388379126623711],[121.82618257497,13.388312617845516],[121.8263708779511,13.388304919620039],[121.82642042801281,13.388319437926011],[121.82649744103652,13.388359345821565],[121.8265592101966,13.388430579561684],[121.82668969916308,13.388562944010271],[121.82677948332957,13.388549847213493],[121.82709532687385,13.38853010452589],[121.82709829358042,13.387917497500625],[121.82753972292032,13.387973600865266],[121.82771189867464,13.387890314464537],[121.82780508030926,13.387650503225519],[121.82831367037696,13.387772983726048],[121.82839304857274,13.387838841556857],[121.82877315285396,13.387842588723482],[121.82851199327943,13.387599268707477],[121.82830174239709,13.387700082435371],[121.82822106851471,13.387207019857383],[121.82821237502125,13.38715388687994],[121.82825607248581,13.386997931187848],[121.82824709444998,13.386804796144027],[121.82829532033932,13.386493601674616],[121.82830860625788,13.386283450144948],[121.82799472675266,13.386492207803954],[121.82782816353355,13.3866836301146],[121.82746017675034,13.386663904722795],[121.82741080948307,13.386723736537721],[121.82685215669132,13.386805228958522],[121.82681947667713,13.387219497197758],[121.82680712024934,13.38723745809062],[121.82659725112782,13.387322629880854],[121.8259683202032,13.38756895535058],[121.82582635696114,13.387433955238881],[121.82524165345106,13.387626985544568],[121.82558587119952,13.388271267164175],[121.82569699962485,13.38822749032932],[121.82575468251167,13.388370640036323],[121.82567421509923,13.388411701756649],[121.82585403671092,13.388648292120983]]]}},{"type":"Feature","properties":{"Id":0,"CLN":"1643","PSGC":"174001018","Barangay":"Bunganay","Land_Class":"AGRICULTURAL","PIN":"030-01-019-04-031","Owner":"HRS. OF MONDOÑEDO, EUSTAQUIO","TaxDecNo":"11659"},"geometry":{"type":"Polygon","coordinates":[[[121.8247829586841,13.38681471396342],[121.82482400158719,13.386777755608607],[121.82458130129656,13.386098071744009],[121.82457450808278,13.386079047249764],[121.82453030190337,13.385527210441182],[121.8244835887845,13.385534209076624],[121.82451741791509,13.386081321831023],[121.82453278738706,13.386122035198785],[121.8247829586841,13.38681471396342]]]}},{"type":"Feature","properties":{"Id":0,"CLN":"1722","PSGC":"174001018","Barangay":"Bunganay","Land_Class":"AGRICULTURAL","PIN":"030-01-019-04-010","Owner":"HRS. OF MONROYO, ANICETO","TaxDecNo":"11639"},"geometry":{"type":"Polygon","coordinates":[[[121.8259049907821,13.388674247586644],[121.82641685151198,13.388455158904325],[121.8265592101966,13.388430579561684],[121.82649744103652,13.388359345821565],[121.82642042801281,13.388319437926011],[121.8263708779511,13.388304919620039],[121.82618257497,13.388312617845516],[121.82604360733306,13.388379126623711],[121.82585403671092,13.388648292120983],[121.8259049907821,13.388674247586644]]]}},{"type":"Feature","properties":{"Id":0,"CLN":"1823","PSGC":"174001018","Barangay":"Bunganay","Land_Class":"AGRICULTURAL","PIN":"030-01-019-02-007","Owner":"MAGALANG, JUANCHO M.","TaxDecNo":"11470"},"geometry":{"type":"Polygon","coordinates":[[[121.82559464541555,13.389878302903966],[121.82579731115331,13.38981828203399],[121.82577227353191,13.389764823197824],[121.82574912636218,13.38972280367611],[121.82587990575935,13.389639587557985],[121.82609992703716,13.389612033580176],[121.82613346845278,13.389516934985103],[121.82615918021568,13.389431325450854],[121.82615785302212,13.38930367834377],[121.82609797452896,13.389211955896153],[121.82567750214433,13.389244293607605],[121.82548540334636,13.389532974130143],[121.82559464541555,13.389878302903966]]]}},{"type":"Feature","properties":{"Id":0,"CLN":"1814","PSGC":"174001018","Barangay":"Bunganay","Land_Class":"AGRICULTURAL","PIN":"030-01-019-02-002","Owner":"MONROYO, EDILBERTO & GONZALES, CONCEPCION","TaxDecNo":"11464"},"geometry":{"type":"Polygon","coordinates":[[[121.82579731115331,13.38981828203399],[121.82614823199856,13.389682746287184],[121.82609992703716,13.389612033580176],[121.82587990575935,13.389639587557985],[121.82574912636218,13.38972280367611],[121.82579731115331,13.38981828203399]]]}},{"type":"Feature","properties":{"Id":0,"CLN":"1813","PSGC":"174001018","Barangay":"Bunganay","Land_Class":"AGRICULTURAL","PIN":"030-01-019-02-001","Owner":"MONROYO, RUBEN M.","TaxDecNo":"11462"},"geometry":{"type":"Polygon","coordinates":[[[121.82638005775131,13.389628575666327],[121.82635883788241,13.389590375322808],[121.82614823199856,13.389682746287184],[121.82579731115331,13.38981828203399],[121.82589032481756,13.389898728005006],[121.82638005775131,13.389628575666327]]]}},{"type":"Feature","properties":{"Id":0,"CLN":"1815","PSGC":"174001018","Barangay":"Bunganay","Land_Class":"RESIDENTIAL","PIN":"030-01-019-02-003","Owner":"MONROYO, EDILBERTO","TaxDecNo":"11465"},"geometry":{"type":"Polygon","coordinates":[[[121.82635883788241,13.389590375322808],[121.82631632430159,13.38952921499855],[121.82609992703716,13.389612033580176],[121.82614823199856,13.389682746287184],[121.82635883788241,13.389590375322808]]]}},{"type":"Feature","properties":{"Id":0,"CLN":"1817","PSGC":"174001018","Barangay":"Bunganay","Land_Class":"RESIDENTIAL","PIN":"030-01-019-02-004","Owner":"MONROYO, ROGELIO","TaxDecNo":"11467"},"geometry":{"type":"Polygon","coordinates":[[[121.82631632430159,13.38952921499855],[121.82627194797503,13.389450900216751],[121.82613346845278,13.389516934985103],[121.82609992703716,13.389612033580176],[121.82631632430159,13.38952921499855]]]}},{"type":"Feature","properties":{"Id":0,"CLN":"1818","PSGC":"174001018","Barangay":"Bunganay","Land_Class":"RESIDENTIAL","PIN":"030-01-019-02-005","Owner":"MONROYO, ROMMEL M.","TaxDecNo":"11469"},"geometry":{"type":"Polygon","coordinates":[[[121.82613346845278,13.389516934985103],[121.82627194797503,13.389450900216751],[121.82623136183557,13.389393559012303],[121.82615918021568,13.389431325450854],[121.82613346845278,13.389516934985103]]]}},{"type":"Feature","properties":{"Id":0,"CLN":"1821","PSGC":"174001018","Barangay":"Bunganay","Land_Class":null,"PIN":"030-01-019-02-006"},"geometry":{"type":"Polygon","coordinates":[[[121.82615918021568,13.389431325450854],[121.82623136183557,13.389393559012303],[121.82615785302212,13.38930367834377],[121.82615918021568,13.389431325450854]]]}},{"type":"Feature","properties":{"Id":0,"CLN":"1822","PSGC":"174001018","Barangay":"Bunganay","Land_Class":"RESIDENTIAL","PIN":"030-01-019-02-030","Owner":"MAGALANG, JUANCHO M.","TaxDecNo":"11495"},"geometry":{"type":"Polygon","coordinates":[[[121.82609797452896,13.389211955896153],[121.82615785302212,13.38930367834377],[121.82618530747082,13.389259988850796],[121.82615830547823,13.389210331100033],[121.82609797452896,13.389211955896153]]]}},{"type":"Feature","properties":{"Id":0,"CLN":"1820","PSGC":"174001018","Barangay":"Bunganay","Land_Class":null,"PIN":"030-01-019-02-031"},"geometry":{"type":"Polygon","coordinates":[[[121.82623136183557,13.389393559012303],[121.82628988546139,13.389363349460899],[121.82618530747082,13.389259988850796],[121.82615785302212,13.38930367834377],[121.82623136183557,13.389393559012303]]]}},{"type":"Feature","properties":{"Id":0,"CLN":"1819","PSGC":"174001018","Barangay":"Bunganay","Land_Class":"RESIDENTIAL","PIN":"030-01-019-02-032","Owner":"MAAC, GIL","TaxDecNo":"11496"},"geometry":{"type":"Polygon","coordinates":[[[121.82627194797503,13.389450900216751],[121.8263246247877,13.389422568585873],[121.82628988546139,13.389363349460899],[121.82623136183557,13.389393559012303],[121.82627194797503,13.389450900216751]]]}},{"type":"Feature","properties":{"Id":0,"CLN":"2098","PSGC":"174001018","Barangay":"Bunganay","Land_Class":"RESIDENTIAL","PIN":"030-01-019-02-033","Owner":"MONROYO, ROGELIO","TaxDecNo":"11497"},"geometry":{"type":"Polygon","coordinates":[[[121.82631632430159,13.38952921499855],[121.8263631727672,13.389498951197721],[121.8263246247877,13.389422568585873],[121.82627194797503,13.389450900216751],[121.82631632430159,13.38952921499855]]]}},{"type":"Feature","properties":{"Id":0,"CLN":"1816","PSGC":"174001018","Barangay":"Bunganay","Land_Class":"RESIDENTIAL","PIN":"030-01-019-02-034","Owner":"MONROYO, EDILBERTO","TaxDecNo":"11498"},"geometry":{"type":"Polygon","coordinates":[[[121.82635883788241,13.389590375322808],[121.82640761375654,13.389563930644965],[121.8263631727672,13.389498951197721],[121.82631632430159,13.38952921499855],[121.82635883788241,13.389590375322808]]]}},{"type":"Feature","properties":{"Id":0,"CLN":"1812","PSGC":"174001018","Barangay":"Bunganay","Land_Class":"RESIDENTIAL","PIN":"030-01-019-02-035","Owner":"MONROYO, SATURNINO","TaxDecNo":"11499"},"geometry":{"type":"Polygon","coordinates":[[[121.82638005775131,13.389628575666327],[121.82642196771175,13.389613529626464],[121.82642041048335,13.389583517244706],[121.82640761375654,13.389563930644965],[121.82635883788241,13.389590375322808],[121.82638005775131,13.389628575666327]]]}},{"type":"Feature","properties":{"Id":0,"CLN":"1811","PSGC":"174001018","Barangay":"Bunganay","Land_Class":null,"PIN":null},"geometry":{"type":"Polygon","coordinates":[[[121.82638005775131,13.389628575666327],[121.82642126749386,13.389707828269259],[121.82642196771175,13.389613529626464],[121.82638005775131,13.389628575666327]]]}},{"type":"Feature","properties":{"Id":0,"CLN":"1825","PSGC":"174001018","Barangay":"Bunganay","Land_Class":"AGRICULTURAL","PIN":"030-01-019-01-047","Owner":"MONROYO, EULALIA","TaxDecNo":"11319"},"geometry":{"type":"Polygon","coordinates":[[[121.82641287485832,13.390235022595695],[121.82621617306742,13.389876229031804],[121.82605091046638,13.389939004795092],[121.82620562583809,13.39023691744743],[121.82641151601592,13.390624190163509],[121.82648389607954,13.39076039085772],[121.82657278722931,13.391006313246491],[121.82681652638023,13.390950239129845],[121.82641287485832,13.390235022595695]]]}},{"type":"Feature","properties":{"Id":0,"CLN":"1827","PSGC":"174001018","Barangay":"Bunganay","Land_Class":"AGRICULTURAL","PIN":"030-01-019-01-104","Owner":"MONROYO, ALICIA","TaxDecNo":"11369"},"geometry":{"type":"Polygon","coordinates":[[[121.82595918403341,13.39034490303523],[121.82576551877358,13.390409460362118],[121.8257633274527,13.390567888777046],[121.8258508791274,13.39054732822668],[121.82592180942405,13.390642011422191],[121.82596224746796,13.3907680040909],[121.82597631325159,13.390811751659516],[121.8261849416595,13.390734304404868],[121.82595918403341,13.39034490303523]]]}},{"type":"Feature","properties":{"Id":0,"CLN":"1824","PSGC":"174001018","Barangay":"Bunganay","Land_Class":"AGRICULTURAL","PIN":"030-01-019-04-064","Owner":"MONROYO, NOEL C.","TaxDecNo":"11687"},"geometry":{"type":"Polygon","coordinates":[[[121.82571531334243,13.390250419569288],[121.82559464541555,13.389878302904],[121.82548540334636,13.389532974130175],[121.82567750214433,13.389244293607588],[121.82540584031214,13.389337332722913],[121.8254409254318,13.389626116689783],[121.82534622794552,13.389892865053985],[121.82523946994932,13.389938090801603],[121.8248543442185,13.390204917177337],[121.82481473236028,13.390247597402318],[121.82458293163407,13.390237865406352],[121.82469839917547,13.390422296498443],[121.8247250932396,13.39043814626456],[121.82558801499607,13.390253451881776],[121.82571531334243,13.390250419569288]]]}},{"type":"Feature","properties":{"Id":0,"CLN":"2126","PSGC":"174001018","Barangay":"Bunganay","Land_Class":"RESIDENTIAL","PIN":"030-01-019-02-029","Owner":"MONROYO, ROSARIO","TaxDecNo":"11494"},"geometry":{"type":"Polygon","coordinates":[[[121.8262445379833,13.389177355043655],[121.82633111177067,13.389295892955484],[121.82636695953082,13.38927637017848],[121.82628702567759,13.389170989317012],[121.8262445379833,13.389177355043655]]]}},{"type":"Feature","properties":{"Id":0,"CLN":"1715","PSGC":"174001018","Barangay":"Bunganay","Land_Class":"AGRICULTURAL","PIN":"030-01-019-04-002"},"geometry":{"type":"Polygon","coordinates":[[[121.8256994707518,13.388710345901867],[121.82509658257767,13.38903892097918],[121.82509551401381,13.389259181318073],[121.8244326114689,13.389599287922886],[121.82445483478654,13.390059427720564],[121.82462016855783,13.39006457232932],[121.8251982579551,13.389741293997957],[121.82521591597121,13.389325713427162],[121.82595863994995,13.389047417966768],[121.8256994707518,13.388710345901867]]]}},{"type":"Feature","properties":{"Id":0,"CLN":"1728","PSGC":"174001018","Barangay":"Bunganay","Land_Class":"AGRICULTURAL","PIN":"030-01-019-04-029","Owner":"MARTE, EVARESTO","TaxDecNo":"11656"},"geometry":{"type":"Polygon","coordinates":[[[121.82633658143862,13.386917565101331],[121.8264153017035,13.387068314781898],[121.82659725112782,13.387322629880854],[121.82680712024934,13.38723745809062],[121.82681947667713,13.387219497197758],[121.82685215669132,13.386805228958522],[121.82741080948307,13.386723736537721],[121.82746017675034,13.386663904722795],[121.82756163590996,13.386339221014474],[121.82683548183087,13.386571331267398],[121.8264217540164,13.386829804468169],[121.82633658143862,13.386917565101331]]]}},{"type":"Feature","properties":{"Id":0,"CLN":"1642","PSGC":"174001018","Barangay":"Bunganay","Land_Class":"COMMERCIAL","PIN":"030-01-019-04-030","Owner":"MONDONEDO, LUZVIMINDA L. ET. AL.","TaxDecNo":"11658"},"geometry":{"type":"Polygon","coordinates":[[[121.82659725112782,13.387322629880854],[121.8264153017035,13.387068314781898],[121.82633658143862,13.386917565101331],[121.8264217540164,13.386829804468169],[121.82683548183087,13.386571331267398],[121.82756122193008,13.386339938287517],[121.82762103065903,13.38623631197105],[121.82762220321169,13.385994038885634],[121.82705299913991,13.385670964887952],[121.82650974809233,13.385758320499194],[121.82642032975446,13.38577390238592],[121.82601983086245,13.385840179556336],[121.82597686972827,13.385928936972585],[121.82590874047739,13.386025148261757],[121.8255649274082,13.385962984304454],[121.8257103225251,13.385481020999425],[121.82453030190337,13.385527210441182],[121.82457450808278,13.386079047249764],[121.82482400158719,13.386777755608607],[121.82487215422874,13.386779408344248],[121.82494813907937,13.386759758243361],[121.82512925478477,13.386729166371357],[121.82515941668946,13.386829323737196],[121.82519983586901,13.386920955887451],[121.82527776247558,13.387102777821916],[121.82537865824892,13.387363291406936],[121.82569287626042,13.387271878714735],[121.82582635696114,13.387433955238881],[121.8259683202032,13.38756895535058],[121.82659725112782,13.387322629880854]]]}},{"type":"Feature","properties":{"Id":0,"CLN":"2046","PSGC":"174001018","Barangay":"Bunganay","Land_Class":"AGRICULTURAL","PIN":"030-01-019-08-009","Owner":"MONROYO, NEIL ANDREI GIBA (MINORS), MONROYO, BEN FRANCIS GIBA & MONROYO, ARVIE GIBA","TaxDecNo":"11950"},"geometry":{"type":"Polygon","coordinates":[[[121.84331262678893,13.39977090387468],[121.84313935080188,13.399371618697039],[121.84305741579946,13.399464055299179],[121.8429905754964,13.399606882392458],[121.84274714815977,13.400575484335091],[121.84297224221135,13.400848951164955],[121.84309031810957,13.40100571268986],[121.84307105908863,13.4007231496216],[121.84326266254588,13.400522259829131],[121.84331262678893,13.39977090387468]]]}},{"type":"Feature","properties":{"Id":0,"CLN":"2041","PSGC":"174001018","Barangay":"Bunganay","Land_Class":"AGRICULTURAL","PIN":"030-01-019-08-007","Owner":"PORTENTO, EDWIN","TaxDecNo":"11948"},"geometry":{"type":"Polygon","coordinates":[[[121.84259884331817,13.400546448787063],[121.84257253294089,13.40019103340539],[121.84295804548343,13.399173111413658],[121.8429184167211,13.398776572279917],[121.8423871489353,13.398917548593534],[121.84227565706747,13.39907625793599],[121.84143265862093,13.399519563665908],[121.84127559762759,13.39980001947916],[121.84143950379708,13.400258107006994],[121.84196410259727,13.400784561687642],[121.84259884331817,13.400546448787063]]]}},{"type":"Feature","properties":{"Id":0,"CLN":"2039","PSGC":"174001018","Barangay":"Bunganay","Land_Class":"AGRICULTURAL","PIN":"030-01-019-08-005","Owner":"HISTORILLO, CELSO","TaxDecNo":"11946"},"geometry":{"type":"Polygon","coordinates":[[[121.84196410259727,13.400784561687642],[121.84143950379708,13.400258107006994],[121.84037939120535,13.400514090582812],[121.84104922033352,13.400825444134627],[121.84133946742004,13.400914855750305],[121.84174278724318,13.401238535022491],[121.84183331922456,13.401191410725165],[121.8418789818826,13.401170517770854],[121.84196410259727,13.400784561687642]]]}},{"type":"Feature","properties":{"Id":0,"CLN":"2038","PSGC":"174001018","Barangay":"Bunganay","Land_Class":"AGRICULTURAL","PIN":"030-01-019-08-004","Owner":"MARTE, RICARDO","TaxDecNo":"11945"},"geometry":{"type":"Polygon","coordinates":[[[121.84037939120535,13.400514090582812],[121.84047266840506,13.401326137903274],[121.84079981831913,13.401503856396955],[121.84095624711311,13.401414508608415],[121.84144423869631,13.401416748546321],[121.84174278724318,13.401238535022491],[121.84133946742004,13.400914855750305],[121.84104922033352,13.400825444134627],[121.84037939120535,13.400514090582812]]]}},{"type":"Feature","properties":{"Id":0,"CLN":"2037","PSGC":"174001018","Barangay":"Bunganay","Land_Class":"AGRICULTURAL","PIN":"030-01-019-08-003","Owner":"MARTE, EMETERIO","TaxDecNo":"11944"},"geometry":{"type":"Polygon","coordinates":[[[121.84047266840506,13.401326137903274],[121.84037939120535,13.400514090582812],[121.8399487978657,13.400105592340923],[121.83965525448856,13.399982287410422],[121.83958260381394,13.399978565845862],[121.83960848322631,13.400354715866225],[121.8401246934203,13.401320623511848],[121.84047266840506,13.401326137903274]]]}},{"type":"Feature","properties":{"Id":0,"CLN":"2040","PSGC":"174001018","Barangay":"Bunganay","Land_Class":"AGRICULTURAL","PIN":"030-01-019-08-006","Owner":"MADRIGAL, HRS. OF RAMON","TaxDecNo":"11947"},"geometry":{"type":"Polygon","coordinates":[[[121.8399487978657,13.400105592340923],[121.84037939120535,13.400514090582812],[121.84143950379708,13.400258107006994],[121.84127559762759,13.39980001947916],[121.84100625986349,13.399680214847903],[121.84073765267289,13.399407968208665],[121.8399487978657,13.400105592340923]]]}},{"type":"Feature","properties":{"Id":0,"CLN":"2036","PSGC":"174001018","Barangay":"Bunganay","Land_Class":"AGRICULTURAL","PIN":"030-01-019-08-002","Owner":"ORNEDO, EMETERIO & RAON, FELOMINA","TaxDecNo":"11943"},"geometry":{"type":"Polygon","coordinates":[[[121.8401246934203,13.401320623511848],[121.83960848322631,13.400354715866225],[121.83958260381394,13.399978565845862],[121.83938916658227,13.399906535709826],[121.83930987151928,13.399845193184612],[121.83931978047528,13.400665054159905],[121.8395602170635,13.40103880279714],[121.83994985046438,13.401451288443578],[121.8401246934203,13.401320623511848]]]}},{"type":"Feature","properties":{"Id":0,"CLN":"2035","PSGC":"174001018","Barangay":"Bunganay","Land_Class":"AGRICULTURAL","PIN":"030-01-019-08-001","Owner":"ORNEDO, MARCELO","TaxDecNo":"11942"},"geometry":{"type":"Polygon","coordinates":[[[121.83994985046438,13.401451288443578],[121.8395602170635,13.40103880279714],[121.83931978047528,13.400665054159905],[121.83900856433533,13.400823769351698],[121.83936614857895,13.40144400071627],[121.8393697843105,13.40154047906315],[121.83960684351129,13.40170591910356],[121.83994985046438,13.401451288443578]]]}},{"type":"Feature","properties":{"Id":0,"CLN":"2034","PSGC":"174001018","Barangay":"Bunganay","Land_Class":"AGRICULTURAL","PIN":"030-01-019-08-023","Owner":"HRS. OF ORNEDO, ROSITA","TaxDecNo":"11964"},"geometry":{"type":"Polygon","coordinates":[[[121.83938916658227,13.399906535709826],[121.83958260381394,13.399978565845862],[121.83965525448856,13.399982287410422],[121.8399487978657,13.400105592340923],[121.84073765267289,13.399407968208665],[121.84056910317246,13.399197158834307],[121.84019243168714,13.399090411194603],[121.83997175083677,13.39892678936228],[121.83938916658227,13.399906535709826]]]}},{"type":"Feature","properties":{"Id":0,"CLN":"2033","PSGC":"174001018","Barangay":"Bunganay","Land_Class":"AGRICULTURAL","PIN":"030-01-019-08-024","Owner":"PORTENTO, ELMAR L.","TaxDecNo":"11965"},"geometry":{"type":"Polygon","coordinates":[[[121.83981043154098,13.398651647075575],[121.83907968731785,13.3994985928716],[121.83908941821278,13.399634144291765],[121.83930987151928,13.399845193184612],[121.83938916658227,13.399906535709826],[121.83997175083677,13.39892678936228],[121.83981043154098,13.398651647075575]]]}},{"type":"Feature","properties":{"Id":0,"CLN":"2042","PSGC":"174001018","Barangay":"Bunganay","Land_Class":"AGRICULTURAL","PIN":"030-01-019-08-016","Owner":"JAMILLA, ENGRACIO","TaxDecNo":"11957"},"geometry":{"type":"Polygon","coordinates":[[[121.84143265862093,13.399519563665939],[121.8422756570675,13.39907625793599],[121.8423871489353,13.398917548593548],[121.8429184167211,13.398776572279917],[121.84291908080219,13.398637680799732],[121.84254514573293,13.39855414214793],[121.84249090966894,13.398553893530428],[121.84221130279259,13.398785046653277],[121.84218773901735,13.398828131404498],[121.84213835657538,13.39884314947918],[121.8413211651952,13.399317062255063],[121.84143265862093,13.399519563665939]]]}},{"type":"Feature","properties":{"Id":0,"CLN":"2094","PSGC":"174001018","Barangay":"Bunganay","Land_Class":"AGRICULTURAL","PIN":"030-01-019-10-007","Owner":"HISTORILLO, MOISES","TaxDecNo":"12019"},"geometry":{"type":"Polygon","coordinates":[[[121.85048970831834,13.401556039377528],[121.85017261027755,13.40047048865567],[121.84975734975683,13.401546967614825],[121.85048970831834,13.401556039377528]]]}},{"type":"Feature","properties":{"Id":0,"CLN":"2102","PSGC":"174001018","Barangay":"Bunganay","Land_Class":"AGRICULTURAL","PIN":"030-01-019-10-004","Owner":"MANRIQUE, MARGARITA","TaxDecNo":"12016"},"geometry":{"type":"Polygon","coordinates":[[[121.8506290285491,13.403097895889076],[121.85091330661672,13.402921732177811],[121.85100473217621,13.40187243077494],[121.85066336981691,13.401577264612449],[121.85048970831834,13.401556039377564],[121.85036581318636,13.402309429375443],[121.8506290285491,13.403097895889076]]]}},{"type":"Feature","properties":{"Id":0,"CLN":"2095","PSGC":"174001018","Barangay":"Bunganay","Land_Class":"AGRICULTURAL","PIN":"030-01-019-10-002","Owner":"MANRIQUE, TEODORO M.","TaxDecNo":"12014"},"geometry":{"type":"Polygon","coordinates":[[[121.8506290285491,13.403097895889076],[121.85054139685262,13.402970560733495],[121.85047892309636,13.40294669561632],[121.85011333199567,13.40288794845229],[121.849718488218,13.402056937198806],[121.84864028664698,13.402646371299857],[121.84903001101223,13.402936383107114],[121.84947365509572,13.402977123625146],[121.84966537812318,13.403091279155039],[121.84994691453952,13.403258910838566],[121.85024996084259,13.403294707427133],[121.8506290285491,13.403097895889076]]]}},{"type":"Feature","properties":{"Id":0,"CLN":"2101","PSGC":"174001018","Barangay":"Bunganay","Land_Class":"AGRICULTURAL","PIN":"030-01-019-10-003","Owner":"MANRIQUE, BENITA","TaxDecNo":"12015"},"geometry":{"type":"Polygon","coordinates":[[[121.85048970831834,13.401556039377564],[121.84975734975683,13.401546967614825],[121.84984158105264,13.401815509997117],[121.849718488218,13.402056937198806],[121.85011333199567,13.40288794845229],[121.85047892309636,13.40294669561635],[121.85054139685262,13.402970560733495],[121.8506290285491,13.403097895889076],[121.85036656907685,13.402308330494215],[121.85048970831834,13.401556039377564]]]}},{"type":"Feature","properties":{"Id":0,"CLN":"2071","PSGC":"174001018","Barangay":"Bunganay","Land_Class":"AGRICULTURAL","PIN":"030-01-019-10-017","Owner":"JINAO, SEGUNDO","TaxDecNo":"12029"},"geometry":{"type":"Polygon","coordinates":[[[121.84896183668398,13.397888092016265],[121.84891654550242,13.39759710267858],[121.84871640843456,13.39774573578146],[121.8486600228953,13.398003029235234],[121.84879021556286,13.39828609759589],[121.84891675813485,13.398444528037817],[121.84878852288576,13.398582736107],[121.84837343973797,13.398695309883747],[121.84863392162592,13.399799539080172],[121.84912208053942,13.39884961095888],[121.84910734916954,13.398594595537306],[121.84903351510955,13.397983961684504],[121.84896183668398,13.397888092016265]]]}},{"type":"Feature","properties":{"Id":0,"CLN":"2070","PSGC":"174001018","Barangay":"Bunganay","Land_Class":"AGRICULTURAL","PIN":"030-01-019-10-016","Owner":"MAGALANG, FRANKLIN M. & MAGALANG, JUANCHO M.","TaxDecNo":"12028"},"geometry":{"type":"Polygon","coordinates":[[[121.84977573004613,13.39861780279542],[121.84967728648238,13.398573453799731],[121.84967256991472,13.398573628765389],[121.84955287002622,13.398522199772998],[121.84921797981715,13.398454209092032],[121.84917624002712,13.398308627415572],[121.84919840372189,13.39810933443744],[121.84903351510955,13.397983961684504],[121.84910734916954,13.398594595537306],[121.84912208053942,13.39884961095888],[121.84863392162592,13.399799539080172],[121.84839419412809,13.399918115334312],[121.84798661663976,13.40068630347951],[121.84862472018884,13.400616371994825],[121.84938609934119,13.400328473630042],[121.84974252619229,13.400257255366077],[121.84995555668549,13.400164571339522],[121.85008931261144,13.399977871589867],[121.85013764882129,13.399836959614827],[121.84987521471616,13.399701135977875],[121.85000155154694,13.399537816080649],[121.85008542368686,13.399503077640658],[121.85017015798509,13.399286887511701],[121.84977573004613,13.39861780279542]]]}},{"type":"Feature","properties":{"Id":0,"CLN":"2089","PSGC":"174001018","Barangay":"Bunganay","Land_Class":"AGRICULTURAL","PIN":"030-01-019-10-015","Owner":"JINAO, SILVERIA","TaxDecNo":"12027"},"geometry":{"type":"Polygon","coordinates":[[[121.85188336327356,13.398564240072353],[121.8517003868813,13.39847708529018],[121.85141284895573,13.398522221431543],[121.85107736335951,13.39852808167462],[121.85081657515744,13.39773894553983],[121.85080735146846,13.397946346119076],[121.85045189712146,13.397741180093865],[121.85038223156852,13.398114726822113],[121.84999492410736,13.398362205779708],[121.84993042853858,13.398540535858354],[121.84979984047615,13.398576938783965],[121.85006412247,13.398952760477368],[121.85022250855704,13.39896518856542],[121.85117895736141,13.399007589189097],[121.85142726378835,13.398970671661935],[121.85235815169392,13.39886565669244],[121.85188336327356,13.398564240072353]]]}},{"type":"Feature","properties":{"Id":0,"CLN":"2090","PSGC":"174001018","Barangay":"Bunganay","Land_Class":"AGRICULTURAL","PIN":"030-01-019-10-009","Owner":"MAMENG, ROMAN","TaxDecNo":"12021"},"geometry":{"type":"Polygon","coordinates":[[[121.85143480436149,13.399901397879828],[121.852040656584,13.3997838885414],[121.85212072353534,13.39983141539024],[121.8525622026651,13.399012002783286],[121.85245832829854,13.398905414346892],[121.85235815169392,13.39886565669244],[121.85142726378835,13.398970671661935],[121.85117895736141,13.399007589189097],[121.85006412247,13.398952760477368],[121.85023912438109,13.39924330102255],[121.85022961366387,13.399357399133628],[121.85016662617554,13.399401012844896],[121.85013955405158,13.399436009993638],[121.85013930373289,13.399488689506626],[121.8501242173008,13.399517887830388],[121.85005529252746,13.399552694360697],[121.84995612527258,13.399660530690944],[121.85023628766106,13.399840335520324],[121.85030948112575,13.400165532850318],[121.85143480436149,13.399901397879828]]]}},{"type":"Feature","properties":{"Id":0,"CLN":"2019","PSGC":"174001018","Barangay":"Bunganay","Land_Class":"AGRICULTURAL","PIN":"030-01-019-10-008","Owner":"HISTORILLO, MOISES & MALINAO, LOLITA","TaxDecNo":"12020"},"geometry":{"type":"Polygon","coordinates":[[[121.85088011200155,13.40087346616509],[121.85135656641543,13.400638571335605],[121.85143420975834,13.400656484795462],[121.85155447316683,13.400717073397672],[121.85213744036635,13.400538933748564],[121.85214561861021,13.400507529048966],[121.85212072353534,13.39983141539024],[121.852040656584,13.3997838885414],[121.85143480436149,13.399901397879828],[121.85030948112575,13.400165532850318],[121.85052635079523,13.400453337206507],[121.85088011200155,13.40087346616509]]]}},{"type":"Feature","properties":{"Id":0,"CLN":"2073","PSGC":"174001018","Barangay":"Bunganay","Land_Class":"AGRICULTURAL","PIN":"030-01-019-10-019","Owner":"AVETRIA, EUTIQUIO","TaxDecNo":"12031"},"geometry":{"type":"Polygon","coordinates":[[[121.84722428298275,13.400058461124168],[121.84790101029283,13.398573485213335],[121.84791086723908,13.398555064789393],[121.8479196658251,13.398431672638633],[121.84812422498393,13.398245674068082],[121.84837956275447,13.398088985174647],[121.84836796012544,13.397852151954975],[121.84821544561787,13.39780160786899],[121.84778625942859,13.397932579178248],[121.84733847806653,13.39840409603684],[121.84701332152464,13.398581711484407],[121.8470076015349,13.398581764481804],[121.84694754742887,13.398637097558442],[121.8468663160623,13.398745014508426],[121.84680274246355,13.39891154607127],[121.8466084971752,13.398896025354404],[121.84629094452526,13.39903505618442],[121.84650113176335,13.399469168028888],[121.84722428298275,13.400058461124168]]]}},{"type":"Feature","properties":{"Id":0,"CLN":"2066","PSGC":"174001018","Barangay":"Bunganay","Land_Class":"AGRICULTURAL","PIN":"030-01-019-08-013","Owner":"MARTE, RHOEL & MARTE, HELEN M.","TaxDecNo":"11954"},"geometry":{"type":"Polygon","coordinates":[[[121.84653226376129,13.39858252024102],[121.84646915502651,13.398454507574918],[121.84615994263665,13.398340935799293],[121.84598746075015,13.398028594792668],[121.84600167558867,13.397717106953747],[121.84612169041172,13.397464259090397],[121.8461142538529,13.397244061113762],[121.8459330488404,13.396981528700902],[121.84568530558236,13.39732518148606],[121.84563312048209,13.397590801307748],[121.84530723639313,13.39830380563287],[121.8450307974783,13.398305109083132],[121.84533948433337,13.398574141994725],[121.84567568755493,13.398912249549985],[121.84650113176335,13.399469168028888],[121.84629094452526,13.39903505618442],[121.8466084971752,13.398896025354404],[121.84653226376129,13.39858252024102]]]}},{"type":"Feature","properties":{"Id":0,"CLN":"2047","PSGC":"174001018","Barangay":"Bunganay","Land_Class":"AGRICULTURAL","PIN":"030-01-019-08-010","Owner":"MONROYO, EDILBERTO & MONROYO, FRANCISCO","TaxDecNo":"11951"},"geometry":{"type":"Polygon","coordinates":[[[121.84356173388925,13.398465754186127],[121.84343898155504,13.398402881464776],[121.84335493922536,13.39856552706331],[121.8433544555421,13.398565533086954],[121.84326621450161,13.398701322112432],[121.8432648643263,13.39898379080073],[121.84326450266693,13.399059452055392],[121.84313935080188,13.399371618697039],[121.84331262678893,13.39977090387468],[121.84326266254588,13.400522259829131],[121.84341788548979,13.400386777727773],[121.84348019641772,13.400286179287797],[121.84357440999761,13.399978914992099],[121.84368511687673,13.399454825804623],[121.84392898950968,13.399097804688578],[121.84407284768365,13.399007351342265],[121.84356173388925,13.398465754186127]]]}},{"type":"Feature","properties":{"Id":0,"CLN":"2068","PSGC":"174001018","Barangay":"Bunganay","Land_Class":"AGRICULTURAL","PIN":"030-01-019-08-011","Owner":"HERVOSA, DELFIN","TaxDecNo":"11952"},"geometry":{"type":"Polygon","coordinates":[[[121.84307105908863,13.4007231496216],[121.84309031810957,13.40100571268986],[121.84321310776465,13.401187866299544],[121.84354264523421,13.401234773791131],[121.8437839891907,13.401407381816718],[121.8438243890193,13.401579069437584],[121.84432797722748,13.401863850160842],[121.84503812164971,13.40205373535238],[121.8457225532739,13.402233412664591],[121.84644724358836,13.402615040080182],[121.84661669727757,13.402736875129962],[121.84691553951906,13.402738240384679],[121.84732311203827,13.402629129419275],[121.84751178264516,13.402526824550348],[121.84758140737077,13.402489071135369],[121.84774703046114,13.402333456980049],[121.84783230079596,13.401748858715596],[121.84433680071362,13.398824177618712],[121.84420470543597,13.398940640904982],[121.84407284768365,13.399007351342265],[121.84392898950968,13.399097804688578],[121.84368511687673,13.399454825804623],[121.84357440999761,13.399978914992099],[121.84348019641772,13.400286179287797],[121.84341788548979,13.400386777727773],[121.84326266254588,13.400522259829131],[121.84307105908863,13.4007231496216]]]}},{"type":"Feature","properties":{"Id":0,"CLN":"2069","PSGC":"174001018","Barangay":"Bunganay","Land_Class":"AGRICULTURAL","PIN":"030-01-019-10-033","Owner":"JINAO, MARCIAL","TaxDecNo":"12044"},"geometry":{"type":"Polygon","coordinates":[[[121.84973872973737,13.40025801394521],[121.84874996000627,13.40139577529814],[121.84831973986854,13.401670825508488],[121.84853474471564,13.402330271875615],[121.84907169106494,13.402070498152938],[121.84942774600725,13.401547676433063],[121.85006362963321,13.400013720540766],[121.84995555668549,13.400164571339522],[121.84974252619229,13.400257255366077],[121.84973872973737,13.40025801394521]]]}},{"type":"Feature","properties":{"Id":0,"CLN":"2065","PSGC":"174001018","Barangay":"Bunganay","Land_Class":"AGRICULTURAL","PIN":"030-01-019-09-007","Owner":"REYES, DAMASA","TaxDecNo":"11984"},"geometry":{"type":"Polygon","coordinates":[[[121.84683839221157,13.398634412571838],[121.84683727971824,13.398574108664766],[121.84683688572548,13.398574123160333],[121.8468108800053,13.39781596767593],[121.84614986734097,13.397621862401667],[121.84605572698572,13.397787593726981],[121.84603336271063,13.398028425695443],[121.84619759609274,13.398290880535477],[121.84640106729107,13.398333350557849],[121.84660830654532,13.39847553454435],[121.84663751340271,13.398579518902121],[121.84663846691089,13.398581423198053],[121.8467592907666,13.398783427944474],[121.84683839221157,13.398634412571838]]]}},{"type":"Feature","properties":{"Id":0,"CLN":"2045","PSGC":"174001018","Barangay":"Bunganay","Land_Class":"AGRICULTURAL","PIN":"030-01-019-08-008","Owner":"MONROYO, SATURNINO","TaxDecNo":"11949"},"geometry":{"type":"Polygon","coordinates":[[[121.84305741579946,13.399464055299179],[121.84313935080188,13.399371618697039],[121.84326450266693,13.399059452055392],[121.84326621450161,13.398701322112432],[121.8430663455726,13.39864820199538],[121.84291908080219,13.398637680799732],[121.8429184167211,13.398776572279917],[121.84295804548346,13.39917311141368],[121.84257253294089,13.400191033405404],[121.84259884331817,13.400546448787082],[121.84274714815977,13.400575484335091],[121.8429905754964,13.399606882392458],[121.84305741579946,13.399464055299179]]]}},{"type":"Feature","properties":{"Id":0,"CLN":"2085","PSGC":"174001018","Barangay":"Bunganay","Land_Class":"AGRICULTURAL","PIN":"030-01-019-10-011","Owner":"MAGO, FELIMENO","TaxDecNo":"12023"},"geometry":{"type":"Polygon","coordinates":[[[121.8530700626968,13.398585914342474],[121.85316856309493,13.398979385432831],[121.85339369288576,13.39891359382336],[121.85363064272077,13.398895018518111],[121.85388534390903,13.39913437548504],[121.85410177465927,13.398594528713142],[121.8543289049337,13.397762343539764],[121.85381851784716,13.397538478213862],[121.85372843893711,13.397445018672428],[121.85281538856181,13.397188306450417],[121.85263392958106,13.39727610171211],[121.8530700626968,13.398585914342474]]]}},{"type":"Feature","properties":{"Id":0,"CLN":"2086","PSGC":"174001018","Barangay":"Bunganay","Land_Class":"AGRICULTURAL","PIN":"030-01-019-10-012","Owner":"JANDA, ESPERANZA","TaxDecNo":"12024"},"geometry":{"type":"Polygon","coordinates":[[[121.85316856309493,13.398979385432831],[121.8530700626968,13.398585914342474],[121.85263392958106,13.39727610171211],[121.85240821917188,13.39715100858717],[121.85214567085042,13.39715867729811],[121.851977810623,13.3972421029016],[121.85241569681853,13.398582941235299],[121.8525622026651,13.399012002783286],[121.85316856309493,13.398979385432831]]]}},{"type":"Feature","properties":{"Id":0,"CLN":"2087","PSGC":"174001018","Barangay":"Bunganay","Land_Class":"AGRICULTURAL","PIN":"030-01-019-10-013","Owner":"JANDA, ESPERANZA","TaxDecNo":"12025"},"geometry":{"type":"Polygon","coordinates":[[[121.8525622026651,13.399012002783286],[121.85241569681853,13.398582941235299],[121.851977810623,13.3972421029016],[121.85169008500759,13.397327117457182],[121.85165322550309,13.397464310262508],[121.85228162997177,13.398570481615705],[121.85245832829854,13.398905414346892],[121.8525622026651,13.399012002783286]]]}},{"type":"Feature","properties":{"Id":0,"CLN":"2092","PSGC":"174001018","Barangay":"Bunganay","Land_Class":"AGRICULTURAL","PIN":"030-01-019-10-010","Owner":"MAWAC, CLEMENTE & SERMETSES, NIEVES","TaxDecNo":"12022"},"geometry":{"type":"Polygon","coordinates":[[[121.8525622026651,13.399012002783286],[121.85212072353534,13.39983141539024],[121.85213744036632,13.400538933748528],[121.85155447316683,13.400717073397672],[121.85168021549765,13.401291459591343],[121.85206585549479,13.40124212034702],[121.85222658695753,13.401211409262423],[121.8522401407278,13.40089312183174],[121.8523612483675,13.40075218390865],[121.85241353071764,13.4007327703849],[121.85251378263386,13.40075680747107],[121.85316856309493,13.398979385432815],[121.8525622026651,13.399012002783286]]]}},{"type":"Feature","properties":{"Id":0,"CLN":"2093","PSGC":"174001018","Barangay":"Bunganay","Land_Class":"AGRICULTURAL","PIN":"030-01-019-10-006","Owner":"MABATO, AQUILINA","TaxDecNo":"12018"},"geometry":{"type":"Polygon","coordinates":[[[121.85100473217621,13.40187243077494],[121.85136619998538,13.40138223474129],[121.85142180690428,13.401384302648381],[121.8516356636389,13.40137379186252],[121.85159579785713,13.401314657005019],[121.85150196690934,13.400783648532347],[121.85143676858766,13.400747224256182],[121.85135010117446,13.400740976553628],[121.85121237623434,13.400784250465186],[121.85093949875976,13.40095861085983],[121.8507512024862,13.400948973671492],[121.85057624057656,13.400649653450953],[121.85045431117197,13.400514469972984],[121.85031447280934,13.400373351488328],[121.85017261027755,13.400470488655683],[121.85048970831834,13.401556039377564],[121.85066336981691,13.401577264612449],[121.85100473217621,13.40187243077494]]]}},{"type":"Feature","properties":{"Id":0,"CLN":"2103","PSGC":"174001018","Barangay":"Bunganay","Land_Class":"AGRICULTURAL","PIN":"030-01-019-10-005","Owner":"MANRIQUE, BENITA","TaxDecNo":"12017"},"geometry":{"type":"Polygon","coordinates":[[[121.85151096978188,13.40142431767436],[121.8516356636389,13.40137379186252],[121.85142180690428,13.401384302648381],[121.85136619998538,13.40138223474129],[121.85100473217621,13.40187243077494],[121.85091330661672,13.402921732177811],[121.85131551218926,13.402686925283684],[121.8514284914917,13.401928806461743],[121.85142714596438,13.401821720572874],[121.85142565174623,13.401699302044085],[121.8514745962122,13.401475245242347],[121.85151096978188,13.40142431767436]]]}},{"type":"Feature","properties":{"Id":0,"CLN":"1957","PSGC":"174001018","Barangay":"Bunganay","Land_Class":"AGRICULTURAL","PIN":"030-01-019-07-053","Owner":"GONZALES, TERESO","TaxDecNo":"11920"},"geometry":{"type":"Polygon","coordinates":[[[121.84014442184225,13.390126426537112],[121.84089968023706,13.389975536022067],[121.84135380542088,13.389995994779278],[121.841671851623,13.389427803722615],[121.84148882866339,13.389235856423003],[121.84124139331456,13.389168568957876],[121.84114455030361,13.389010093065613],[121.84084094885958,13.388913146374227],[121.84066494199412,13.388824135115497],[121.84023641456578,13.389729932032262],[121.84015677774822,13.390073171887074],[121.84014442184225,13.390126426537112]]]}},{"type":"Feature","properties":{"Id":0,"CLN":"1955","PSGC":"174001018","Barangay":"Bunganay","Land_Class":"AGRICULTURAL","PIN":"030-01-019-06-013","Owner":"LOGDAT, BUENAVENTURA & LOGDAT, ROSENDA R.","TaxDecNo":"11813"},"geometry":{"type":"Polygon","coordinates":[[[121.83823178607177,13.389739098144759],[121.8385416654763,13.389694948035372],[121.8388065258543,13.389657211699811],[121.83936425755313,13.389207730318663],[121.83981042931997,13.388537225991112],[121.83970660809555,13.388268462929162],[121.83776562751845,13.389097477649525],[121.83823178607177,13.389739098144759]]]}},{"type":"Feature","properties":{"Id":0,"CLN":"1953","PSGC":"174001018","Barangay":"Bunganay","Land_Class":"AGRICULTURAL","PIN":"030-01-019-06-012","Owner":"REYES, DAMASA","TaxDecNo":"11812"},"geometry":{"type":"Polygon","coordinates":[[[121.83722117939233,13.389907181332358],[121.83803230462387,13.389848435407734],[121.83823178607177,13.389739098144759],[121.83776562751845,13.389097477649525],[121.8375135966502,13.388423765285047],[121.83716807077138,13.388458926948982],[121.8370775454934,13.38844897555332],[121.83703559997375,13.389075742847464],[121.83722117939233,13.389907181332358]]]}},{"type":"Feature","properties":{"Id":0,"CLN":"1952","PSGC":"174001018","Barangay":"Bunganay","Land_Class":"AGRICULTURAL","PIN":"030-01-019-06-011"},"geometry":{"type":"Polygon","coordinates":[[[121.83722117939233,13.389907181332358],[121.83703559997375,13.389075742847464],[121.8370775454934,13.38844897555332],[121.83681914403803,13.388420569437406],[121.83659194861856,13.388501119298718],[121.83643710957355,13.38863196930142],[121.83547310991068,13.389059488438962],[121.83539882243348,13.389092704964431],[121.83549798145921,13.389289169998548],[121.83541247097456,13.389376979481376],[121.83565217299058,13.389490788815898],[121.83587187845764,13.389599605605829],[121.8360962830651,13.389772146479633],[121.83616614238052,13.389816570096235],[121.83622594016111,13.390001828134084],[121.83722117939233,13.389907181332358]]]}},{"type":"Feature","properties":{"Id":0,"CLN":"1775","PSGC":"174001018","Barangay":"Bunganay","Land_Class":"AGRICULTURAL","PIN":"030-01-019-06-003","Owner":"MOGOL, EUFROCINA M.","TaxDecNo":"11803"},"geometry":{"type":"Polygon","coordinates":[[[121.83498360069329,13.38931667637761],[121.83484376497655,13.389252328981334],[121.83476356586428,13.389276460132006],[121.83442250615366,13.389534142948627],[121.83400608156015,13.38974263487936],[121.83399232315696,13.389862114130333],[121.8341687191809,13.389864339808046],[121.83435100793038,13.390169239656858],[121.83476703844191,13.389594989086051],[121.83498360069329,13.38931667637761]]]}},{"type":"Feature","properties":{"Id":0,"CLN":"1939","PSGC":"174001018","Barangay":"Bunganay","Land_Class":"AGRICULTURAL","PIN":"030-01-019-06-010","Owner":"HISTORILLO, EDUVIGES MENDEJA","TaxDecNo":"11810"},"geometry":{"type":"Polygon","coordinates":[[[121.8360962830651,13.389772146479633],[121.83587187845764,13.389599605605829],[121.83565217299058,13.389490788815898],[121.83541247097456,13.389376979481376],[121.83524332274071,13.389430578390767],[121.83506736705931,13.389591473775143],[121.83513684899417,13.38971429911146],[121.83536708300377,13.389715360480293],[121.83547211915133,13.389730545222898],[121.83558761314795,13.389652674314707],[121.8358026669804,13.38968796672619],[121.83592255354482,13.389737521114935],[121.83597196849664,13.389870054202087],[121.8360962830651,13.389772146479633]]]}},{"type":"Feature","properties":{"Id":0,"CLN":"1954","PSGC":"174001018","Barangay":"Bunganay","Land_Class":"AGRICULTURAL","PIN":"030-01-019-06-014","Owner":"BENITEZ, TOMAS","TaxDecNo":"11814"},"geometry":{"type":"Polygon","coordinates":[[[121.83970660809553,13.388268462929142],[121.83943402481668,13.387965848396933],[121.83909197160358,13.388059831191836],[121.83888175909954,13.388058865340097],[121.83817479413558,13.388316551712629],[121.8375135966502,13.388423765285026],[121.83776562751845,13.389097477649488],[121.83970660809553,13.388268462929142]]]}},{"type":"Feature","properties":{"Id":0,"CLN":"1949","PSGC":"174001018","Barangay":"Bunganay","Land_Class":"AGRICULTURAL","PIN":"030-01-019-06-015","Owner":"MOGOL, FLORENCIO M.","TaxDecNo":"11815"},"geometry":{"type":"Polygon","coordinates":[[[121.8375135966502,13.388423765285035],[121.83817479413561,13.388316551712636],[121.83888175909954,13.388058865340104],[121.83909197160358,13.388059831191843],[121.83943402481668,13.387965848396936],[121.83956293917706,13.387698154106678],[121.83955426608688,13.387157866425163],[121.83950617123133,13.387010639343693],[121.83916658745457,13.387372920011995],[121.83886179099235,13.387525876175092],[121.83852051367832,13.387458155009382],[121.83839586328172,13.387619288827308],[121.83813679909672,13.387629123278055],[121.83785425998238,13.387837307784292],[121.83773029674535,13.38785511340591],[121.83743341219969,13.387923575599254],[121.83717838382772,13.38787462516541],[121.83716807077138,13.388458926948982],[121.8375135966502,13.388423765285035]]]}},{"type":"Feature","properties":{"Id":0,"CLN":"1950","PSGC":"174001018","Barangay":"Bunganay","Land_Class":"AGRICULTURAL","PIN":"030-01-019-06-019","Owner":"LOZANO, VIRGILIO","TaxDecNo":"11819"},"geometry":{"type":"Polygon","coordinates":[[[121.83716807077138,13.388458926948982],[121.83717838382775,13.38787462516542],[121.83715704324877,13.387628291738649],[121.83668358972389,13.387725341684876],[121.83681914403803,13.388420569437406],[121.8370775454934,13.38844897555332],[121.83716807077138,13.388458926948982]]]}},{"type":"Feature","properties":{"Id":0,"CLN":"1946","PSGC":"174001018","Barangay":"Bunganay","Land_Class":"AGRICULTURAL","PIN":"030-01-019-06-018","Owner":"MONTALAN, DIONISIO","TaxDecNo":"11818"},"geometry":{"type":"Polygon","coordinates":[[[121.83715704324877,13.387628291738649],[121.83717838382772,13.387874625165406],[121.83743341219969,13.387923575599258],[121.83773029674535,13.38785511340591],[121.8379129665914,13.386554949164637],[121.83775925599382,13.38651381560273],[121.83704124055869,13.387510153937582],[121.83715704324877,13.387628291738649]]]}},{"type":"Feature","properties":{"Id":0,"CLN":"1947","PSGC":"174001018","Barangay":"Bunganay","Land_Class":"AGRICULTURAL","PIN":"030-01-019-06-017","Owner":"MONTALAN, AQUINO","TaxDecNo":"11817"},"geometry":{"type":"Polygon","coordinates":[[[121.8379129665914,13.386554949164637],[121.83773029674535,13.38785511340591],[121.83785425998238,13.387837307784286],[121.83813679909672,13.387629123278057],[121.83839586328172,13.387619288827318],[121.83836911430325,13.38654357074475],[121.83826866124775,13.386616612065257],[121.8379129665914,13.386554949164637]]]}},{"type":"Feature","properties":{"Id":0,"CLN":"1945","PSGC":"174001018","Barangay":"Bunganay","Land_Class":"AGRICULTURAL","PIN":"030-01-019-06-021","Owner":"MONTEALEGRE, SEVERINO","TaxDecNo":"11821"},"geometry":{"type":"Polygon","coordinates":[[[121.83668358972389,13.387725341684876],[121.83715704324877,13.387628291738649],[121.83704124055869,13.387510153937582],[121.83775925599383,13.386513815602765],[121.83737189184068,13.386082695421567],[121.8372944961581,13.386083189762209],[121.83693904150063,13.386252781406567],[121.83638195403978,13.386094507174063],[121.8362481958494,13.386083736664691],[121.8362496835445,13.38785761674552],[121.83668358972389,13.387725341684876]]]}},{"type":"Feature","properties":{"Id":0,"CLN":"1951","PSGC":"174001018","Barangay":"Bunganay","Land_Class":"AGRICULTURAL","PIN":"030-01-019-06-020","Owner":"LOZANO, FIDELA","TaxDecNo":"11820"},"geometry":{"type":"Polygon","coordinates":[[[121.83681914403803,13.388420569437406],[121.83668358972389,13.387725341684876],[121.8362496835445,13.38785761674552],[121.83618952875716,13.387876940508074],[121.83659194861856,13.388501119298718],[121.83681914403803,13.388420569437406]]]}},{"type":"Feature","properties":{"Id":0,"CLN":"1941","PSGC":"174001018","Barangay":"Bunganay","Land_Class":"AGRICULTURAL","PIN":"030-01-019-06-022","Owner":"DR. BUÑAG, MANUEL","TaxDecNo":"11822"},"geometry":{"type":"Polygon","coordinates":[[[121.8362481958494,13.386083736664691],[121.83615300641547,13.386102899122902],[121.83603763209548,13.386156269995208],[121.83586163236147,13.386326966398089],[121.83559067830267,13.38646782395542],[121.83554898921798,13.386810645958542],[121.83550347282264,13.386908440244904],[121.8349624455607,13.387204116307817],[121.83521880585076,13.388209356593949],[121.83547310991068,13.389059488438962],[121.83643710957355,13.38863196930142],[121.83659194861856,13.388501119298718],[121.83618952875716,13.387876940508074],[121.8362496835445,13.38785761674552],[121.8362481958494,13.386083736664691]]]}},{"type":"Feature","properties":{"Id":0,"CLN":"1770","PSGC":"174001018","Barangay":"Bunganay","Land_Class":"AGRICULTURAL","PIN":"030-01-019-06-037","Owner":"LABRADOR, GERRICO M.","TaxDecNo":"11837"},"geometry":{"type":"Polygon","coordinates":[[[121.83559067830267,13.38646782395542],[121.83533660783469,13.386352593543922],[121.83476235281306,13.386335245807711],[121.83422180455793,13.386346683733883],[121.83426020119754,13.386255643196055],[121.83416419957197,13.386126819939978],[121.83378661013488,13.386429136604544],[121.83473193946371,13.387195090675002],[121.83488227565951,13.387200977221243],[121.8349624455607,13.387204116307817],[121.83550347282264,13.386908440244904],[121.83554898921798,13.386810645958542],[121.83559067830267,13.38646782395542]]]}},{"type":"Feature","properties":{"Id":0,"CLN":"1940","PSGC":"174001018","Barangay":"Bunganay","Land_Class":"AGRICULTURAL","PIN":"030-01-019-06-023","Owner":"NARVAS, ELIAS","TaxDecNo":"11823"},"geometry":{"type":"Polygon","coordinates":[[[121.83539882243348,13.389092704964431],[121.83547310991068,13.389059488438962],[121.83521880585076,13.388209356593949],[121.8349624455607,13.387204116307817],[121.83488227565951,13.387200977221276],[121.83475287091211,13.387525950680716],[121.83449919296919,13.388209166242591],[121.834819399704,13.389115011042788],[121.83539882243348,13.389092704964431]]]}},{"type":"Feature","properties":{"Id":0,"CLN":"1948","PSGC":"174001018","Barangay":"Bunganay","Land_Class":"AGRICULTURAL","PIN":"030-01-019-06-016","Owner":"MOGOL, FLORENCIO & MOGOL, DOMINGO","TaxDecNo":"11816"},"geometry":{"type":"Polygon","coordinates":[[[121.83836911430325,13.38654357074475],[121.83839586328172,13.387619288827318],[121.83852051367832,13.387458155009373],[121.83886179099235,13.387525876175092],[121.83916658745457,13.387372920012],[121.83950617123133,13.387010639343693],[121.83897312555635,13.386879560477398],[121.83877391077871,13.386672836476913],[121.83836911430325,13.38654357074475]]]}},{"type":"Feature","properties":{"Id":0,"CLN":"1774","PSGC":"174001018","Barangay":"Bunganay","Land_Class":"AGRICULTURAL","PIN":"030-01-019-06-024","Owner":"NARVAS, ELIAS","TaxDecNo":"11824"},"geometry":{"type":"Polygon","coordinates":[[[121.83488227565951,13.387200977221276],[121.83473193946371,13.387195090675002],[121.8343980747744,13.387231206962104],[121.83406570081189,13.387459406979852],[121.83399097968672,13.387688795527424],[121.83384661506712,13.388048495306863],[121.83347293925239,13.388253980920261],[121.83303007421657,13.389450152455673],[121.83305260163007,13.389549357103807],[121.83385783979222,13.389539561180854],[121.83437846712332,13.38939331259146],[121.8347338052086,13.389174227436078],[121.834819399704,13.389115011042788],[121.83449919296919,13.388209166242591],[121.83475287091211,13.387525950680716],[121.83488227565951,13.387200977221276]]]}},{"type":"Feature","properties":{"Id":0,"CLN":"1769","PSGC":"174001018","Barangay":"Bunganay","Land_Class":"AGRICULTURAL","PIN":"030-01-019-06-040","Owner":"TAN, PAMFILO","TaxDecNo":"11840"},"geometry":{"type":"Polygon","coordinates":[[[121.83533660783469,13.386352593543922],[121.83523205764939,13.386077455224104],[121.83509615889845,13.385632786128987],[121.83478565256341,13.38561687507713],[121.83475101643712,13.385643261414575],[121.83465551458822,13.385855432944858],[121.83426020119754,13.386255643196055],[121.83422180455793,13.386346683733883],[121.83476235281306,13.386335245807711],[121.83533660783469,13.386352593543922]]]}},{"type":"Feature","properties":{"Id":0,"CLN":"1942","PSGC":"174001018","Barangay":"Bunganay","Land_Class":"AGRICULTURAL","PIN":"030-01-019-06-038","Owner":"HRS. OF MANGARING, ANTONIA J.","TaxDecNo":"11838"},"geometry":{"type":"Polygon","coordinates":[[[121.83509615889845,13.385632786128987],[121.83523205764939,13.386077455224104],[121.83533660783469,13.386352593543922],[121.83559067830267,13.38646782395542],[121.83586163236147,13.386326966398089],[121.83603763209548,13.386156269995208],[121.83599706450954,13.38608382206768],[121.83571662751679,13.38558117214656],[121.83540763916662,13.385634047218288],[121.83509615889845,13.385632786128987]]]}},{"type":"Feature","properties":{"Id":0,"CLN":"1944","PSGC":"174001018","Barangay":"Bunganay","Land_Class":"AGRICULTURAL","PIN":"030-01-019-06-068","Owner":"JAMILLA, ZENAIDA MARQUEZ","TaxDecNo":"11867"},"geometry":{"type":"Polygon","coordinates":[[[121.83571662751679,13.38558117214656],[121.83599706450954,13.38608382206768],[121.83603763209548,13.386156269995208],[121.83620075150893,13.38609328762668],[121.8362481958494,13.386083736664691],[121.8361579058356,13.385313520990168],[121.83608214535815,13.385305932274653],[121.83571662751679,13.38558117214656]]]}},{"type":"Feature","properties":{"Id":0,"CLN":"1943","PSGC":"174001018","Barangay":"Bunganay","Land_Class":"AGRICULTURAL","PIN":"030-01-019-06-039","Owner":"MAAC, ARNEL M.","TaxDecNo":"29773"},"geometry":{"type":"Polygon","coordinates":[[[121.83475101643712,13.385643261414575],[121.83478565256341,13.38561687507713],[121.83509615889845,13.385632786128987],[121.83540763916662,13.385634047218288],[121.83571662751679,13.38558117214656],[121.83608214535815,13.385305932274653],[121.83572050295913,13.385159469982261],[121.83567625681931,13.385133926751571],[121.83542755735095,13.384951785212705],[121.83519583952737,13.384932097880384],[121.8347548448097,13.384907055626948],[121.83457935077855,13.384926851093383],[121.83465551458822,13.385855432944858],[121.83475101643712,13.385643261414575]]]}},{"type":"Feature","properties":{"Id":0,"CLN":"2088","PSGC":"174001018","Barangay":"Bunganay","Land_Class":"AGRICULTURAL","PIN":"030-01-019-10-014","Owner":"JINAO, MIGUELA","TaxDecNo":"12026"},"geometry":{"type":"Polygon","coordinates":[[[121.85228162997177,13.398570481615705],[121.85165322550309,13.397464310262508],[121.85169008500759,13.397327117457182],[121.85141579113107,13.397407924552816],[121.85118580987987,13.39750430664492],[121.85128157889072,13.397670165588334],[121.85081657515744,13.39773894553983],[121.85107736335951,13.39852808167462],[121.85141284895573,13.398522221431543],[121.8517003868813,13.39847708529018],[121.85188336327356,13.398564240072353],[121.85235815169392,13.39886565669244],[121.85245832829854,13.398905414346892],[121.85228162997177,13.398570481615705]]]}},{"type":"Feature","properties":{"Id":0,"CLN":"1806","PSGC":"174001018","Barangay":"Bunganay","Land_Class":"AGRICULTURAL","PIN":"030-01-019-02-019","Owner":"JANDA, ANTONIA","TaxDecNo":"11484"},"geometry":{"type":"Polygon","coordinates":[[[121.82767788591092,13.389806227225261],[121.82688049594314,13.390142555961342],[121.8269295251653,13.390240454693684],[121.82771536763273,13.389894654888746],[121.82767788591092,13.389806227225261]]]}},{"type":"Feature","properties":{"Id":0,"CLN":"1803","PSGC":"174001018","Barangay":"Bunganay","Land_Class":"AGRICULTURAL","PIN":"030-01-019-02-018","Owner":"MANGARING, ERMELINDA & MANGARING, LOURDES","TaxDecNo":"11483"},"geometry":{"type":"Polygon","coordinates":[[[121.82688049594314,13.390142555961342],[121.82767788591092,13.389806227225261],[121.82764186250031,13.389721239980682],[121.82683753381171,13.390088742051732],[121.82688049594314,13.390142555961342]]]}},{"type":"Feature","properties":{"Id":0,"CLN":"1802","PSGC":"174001018","Barangay":"Bunganay","Land_Class":"AGRICULTURAL","PIN":"030-01-019-02-038","Owner":"JACOLBIA, HOMER J.","TaxDecNo":"11504"},"geometry":{"type":"Polygon","coordinates":[[[121.82705523741252,13.389890311764725],[121.82709926941983,13.38996915407351],[121.82764186250031,13.389721239980682],[121.82761783475775,13.389664553154846],[121.82756349792984,13.38966176719946],[121.82705523741252,13.389890311764725]]]}},{"type":"Feature","properties":{"Id":0,"CLN":"1799","PSGC":"174001018","Barangay":"Bunganay","Land_Class":"AGRICULTURAL","PIN":"030-01-019-02-016","Owner":"JACOLBIA, GILBERT J.","TaxDecNo":"11482"},"geometry":{"type":"Polygon","coordinates":[[[121.82678355289906,13.390012476880733],[121.82756349792984,13.38966176719946],[121.82764153200587,13.389581047125239],[121.8275951936559,13.389556356575643],[121.82739871633551,13.38964476187224],[121.82731025673817,13.389473318628932],[121.82718411692099,13.389467032052796],[121.8271425728529,13.38962837006963],[121.82715748453599,13.389755763614074],[121.82675289212762,13.389930618904339],[121.82678355289906,13.390012476880733]]]}},{"type":"Feature","properties":{"Id":0,"CLN":"1798","PSGC":"174001018","Barangay":"Bunganay","Land_Class":"AGRICULTURAL","PIN":"030-01-019-02-013","Owner":"LLAVE, SEGUNDO","TaxDecNo":"11479"},"geometry":{"type":"Polygon","coordinates":[[[121.82675289212762,13.389930618904339],[121.82715748453599,13.389755763614074],[121.8271425728529,13.38962837006963],[121.8266894914951,13.389795398730012],[121.82675289212762,13.389930618904339]]]}},{"type":"Feature","properties":{"Id":0,"CLN":"1795","PSGC":"174001018","Barangay":"Bunganay","Land_Class":"AGRICULTURAL","PIN":"030-01-019-02-012"},"geometry":{"type":"Polygon","coordinates":[[[121.8266894914951,13.389795398730012],[121.8271425728529,13.38962837006963],[121.82718411692099,13.389467032052796],[121.82663576849797,13.38966592457565],[121.8266894914951,13.389795398730012]]]}},{"type":"Feature","properties":{"Id":0,"CLN":"1794","PSGC":"174001018","Barangay":"Bunganay","Land_Class":"AGRICULTURAL","PIN":"030-01-019-02-011","Owner":"MONTALES, ALMA ROSA M.","TaxDecNo":"11475"},"geometry":{"type":"Polygon","coordinates":[[[121.82663576849797,13.38966592457565],[121.82718411692099,13.389467032052796],[121.82731025673817,13.389473318628932],[121.82739194593337,13.389439491223424],[121.82733449696688,13.389277693724505],[121.82656826492615,13.389576294029574],[121.82663576849797,13.38966592457565]]]}},{"type":"Feature","properties":{"Id":0,"CLN":"1789","PSGC":"174001018","Barangay":"Bunganay","Land_Class":"AGRICULTURAL","PIN":"030-01-019-02-010","Owner":"HRS. OF MONROYO, ANICETO","TaxDecNo":"11474"},"geometry":{"type":"Polygon","coordinates":[[[121.82656826492615,13.389576294029574],[121.82733449696688,13.389277693724505],[121.82728474779321,13.389129234496231],[121.82719140328288,13.389164908137868],[121.82692142456499,13.389199761732147],[121.82695982185234,13.389287356696776],[121.82652029147891,13.389462049461205],[121.82656826492615,13.389576294029574]]]}},{"type":"Feature","properties":{"Id":0,"CLN":"1790","PSGC":"174001018","Barangay":"Bunganay","Land_Class":"AGRICULTURAL","PIN":"030-01-019-02-009","Owner":"MONROYO, ROSARIO","TaxDecNo":"11472"},"geometry":{"type":"Polygon","coordinates":[[[121.82652029147891,13.389462049461205],[121.82695982185234,13.389287356696776],[121.82692142456499,13.389199761732147],[121.82686752664546,13.38910639370608],[121.82665004797039,13.38912248713404],[121.8266497257268,13.389188998336156],[121.82642443116507,13.389306145476583],[121.8263977502336,13.38931809405895],[121.82642689936402,13.38935759346114],[121.82646299602622,13.38939541927354],[121.82652029147891,13.389462049461205]]]}},{"type":"Feature","properties":{"Id":0,"CLN":"1788","PSGC":"174001018","Barangay":"Bunganay","Land_Class":"AGRICULTURAL","PIN":"030-01-019-02-014","Owner":"JACOLBIA, HOMER J.","TaxDecNo":"11480"},"geometry":{"type":"Polygon","coordinates":[[[121.82728474779321,13.389129234496231],[121.82733449696688,13.389277693724505],[121.82739194593337,13.389439491223424],[121.82731025673817,13.389473318628932],[121.82739871633551,13.38964476187224],[121.8275951936559,13.389556356575643],[121.82748392040321,13.389253717647582],[121.82738378398578,13.389088554788989],[121.82728474779321,13.389129234496231]]]}},{"type":"Feature","properties":{"Id":0,"CLN":"1786","PSGC":"174001018","Barangay":"Bunganay","Land_Class":"AGRICULTURAL","PIN":null,"Owner":"TROTTIER, ERMELINDA MANGARING","TaxDecNo":"29518"},"geometry":{"type":"Polygon","coordinates":[[[121.82748392040321,13.389253717647582],[121.8275951936559,13.389556356575643],[121.82764153200587,13.389581047125239],[121.8276963839631,13.389477415102135],[121.82771539068634,13.389325384810213],[121.8277859969217,13.388996879119007],[121.82748392040321,13.389253717647582]]]}},{"type":"Feature","properties":{"Id":0,"CLN":"1783","PSGC":"174001018","Barangay":"Bunganay","Land_Class":"AGRICULTURAL","PIN":"030-01-019-04-034","Owner":"LLAVE, SEGUNDO","TaxDecNo":"11664"},"geometry":{"type":"Polygon","coordinates":[[[121.82686752664546,13.38910639370608],[121.82692142456499,13.389199761732147],[121.82719140328288,13.389164908137868],[121.82728474779321,13.389129234496231],[121.82738378398578,13.389088554788989],[121.82748392040321,13.389253717647582],[121.8277859969217,13.388996879119007],[121.8278881338655,13.388808161185905],[121.82800242943833,13.38860058535887],[121.82895674537087,13.388208608038441],[121.82884189964162,13.38807630002674],[121.82872151671867,13.387994659838572],[121.8280627247079,13.387930793664559],[121.82794209692352,13.387899828361977],[121.82786634476571,13.38786569274397],[121.82799194489682,13.388295335235355],[121.8278462136174,13.388460202045826],[121.82686752664546,13.38910639370608]]]}},{"type":"Feature","properties":{"Id":0,"CLN":"1773","PSGC":"174001018","Barangay":"Bunganay","Land_Class":"AGRICULTURAL","PIN":"030-01-019-06-025","Owner":"MONROYO, SATURNINO","TaxDecNo":"11825"},"geometry":{"type":"Polygon","coordinates":[[[121.83305260163007,13.389549357103807],[121.83303007421657,13.389450152455673],[121.83347293925239,13.388253980920261],[121.83384661506712,13.388048495306863],[121.83399097968672,13.387688795527424],[121.83334919819289,13.387836290121502],[121.83323391389548,13.38788981272411],[121.83293947435793,13.387883948444884],[121.83285526791899,13.388171852196546],[121.83271248451251,13.38915769405282],[121.83268429241218,13.389279187263375],[121.8326605709882,13.389427728556363],[121.83286624767494,13.389712466794956],[121.83305260163007,13.389549357103807]]]}},{"type":"Feature","properties":{"Id":0,"CLN":"1780","PSGC":"174001018","Barangay":"Bunganay","Land_Class":"AGRICULTURAL","PIN":"030-01-019-05-026","Owner":"NARVAS, ELIAS","TaxDecNo":"11761"},"geometry":{"type":"Polygon","coordinates":[[[121.83142645367717,13.388460428073172],[121.83135222964694,13.388586212778517],[121.8315656955964,13.39010320065111],[121.83203136530324,13.389918201470353],[121.8316967865317,13.388563463913606],[121.83142645367717,13.388460428073172]]]}},{"type":"Feature","properties":{"Id":0,"CLN":"1779","PSGC":"174001018","Barangay":"Bunganay","Land_Class":"AGRICULTURAL","PIN":"030-01-019-05-027","Owner":"MARBELLO, REYNALDO & MARBELLO, SEGUNDO","TaxDecNo":"11762"},"geometry":{"type":"Polygon","coordinates":[[[121.8316967865317,13.388563463913606],[121.83203136530324,13.389918201470353],[121.8321835456558,13.389846831776287],[121.83259700530047,13.389979375098445],[121.8327309986971,13.389862875308335],[121.83257911219475,13.389503366848814],[121.83248426673292,13.389134679832619],[121.83248605822352,13.388763060903306],[121.83240781525052,13.38852958775014],[121.83232415084736,13.388704879448083],[121.83210374410466,13.388612643224617],[121.8317586714494,13.388611048039548],[121.8316967865317,13.388563463913606]]]}},{"type":"Feature","properties":{"Id":0,"CLN":"1746","PSGC":"174001018","Barangay":"Bunganay","Land_Class":"AGRICULTURAL","PIN":"030-01-019-04-019","Owner":"LLAVE, CASIANO","TaxDecNo":"11648"},"geometry":{"type":"Polygon","coordinates":[[[121.83079845578911,13.388785991831696],[121.82923823213125,13.388702752827653],[121.82923564408787,13.388702740836088],[121.82922994131232,13.388811668640784],[121.82928918463264,13.388870220982112],[121.8296698477011,13.388826375666081],[121.82964785767912,13.389092324866589],[121.83039342966846,13.389587338313262],[121.83058012437773,13.389514721696264],[121.83079845578911,13.388785991831696]]]}},{"type":"Feature","properties":{"Id":0,"CLN":"1747","PSGC":"174001018","Barangay":"Bunganay","Land_Class":"AGRICULTURAL","PIN":"030-01-019-04-020","Owner":"LLAVE, NATIVIDAD","TaxDecNo":"11649"},"geometry":{"type":"Polygon","coordinates":[[[121.82923564408787,13.388702740836088],[121.83079845578911,13.388785991831696],[121.83084806899733,13.388695003860748],[121.83094421803428,13.388614366468772],[121.83091929238742,13.388163152423818],[121.83091880717335,13.387980793719693],[121.8307609858341,13.387969928218316],[121.83041406654813,13.387993660926432],[121.83019532529033,13.38827136859312],[121.82997978358621,13.388422399844858],[121.82952144320468,13.38847348733333],[121.8292863111441,13.388393849633779],[121.82923564408787,13.388702740836088]]]}},{"type":"Feature","properties":{"Id":0,"CLN":"1748","PSGC":null,"Barangay":"Bunganay","Land_Class":"AGRICULTURAL","PIN":"030-01-019-06-046","Owner":"PAGLINAWAN, SALUD","TaxDecNo":"11846"},"geometry":{"type":"Polygon","coordinates":[[[121.83091929238742,13.388163152423818],[121.83094421803428,13.388614366468772],[121.8314502925527,13.38832531796766],[121.83157226053986,13.388257468813116],[121.83157150601524,13.387877392129893],[121.83152752161484,13.38787465492354],[121.83151373798027,13.38804942485358],[121.831389389881,13.388074188020989],[121.83091929238742,13.388163152423818]]]}},{"type":"Feature","properties":{"Id":0,"CLN":"1749","PSGC":"174001018","Barangay":"Bunganay","Land_Class":"AGRICULTURAL","PIN":"030-01-019-06-047","Owner":"MANGUBAT, ELIZALDE J.","TaxDecNo":"31776"},"geometry":{"type":"Polygon","coordinates":[[[121.83091880717335,13.387980793719693],[121.83091929238742,13.388163152423818],[121.831389389881,13.388074188020989],[121.83136260857015,13.387724396843659],[121.83129509959514,13.387769693404966],[121.83091880717335,13.387980793719693]]]}},{"type":"Feature","properties":{"Id":0,"CLN":"2133","PSGC":"174001018","Barangay":"Bunganay","Land_Class":"AGRICULTURAL","PIN":"030-01-019-06-045","Owner":"LABOG, AURELIA APIGO","TaxDecNo":"11845"},"geometry":{"type":"Polygon","coordinates":[[[121.83136260857015,13.387724396843659],[121.831389389881,13.388074188020989],[121.83151373798027,13.38804942485358],[121.83152752161484,13.38787465492354],[121.83157150601524,13.387877392129893],[121.83163996335317,13.387702558258816],[121.83136260857015,13.387724396843659]]]}},{"type":"Feature","properties":{"Id":0,"CLN":"1750","PSGC":"174001018","Barangay":"Bunganay","Land_Class":"AGRICULTURAL","PIN":"030-01-019-06-029","Owner":"PAGLINAWAN, JUAN","TaxDecNo":"11829"},"geometry":{"type":"Polygon","coordinates":[[[121.8314502925527,13.38832531796766],[121.8317274517143,13.388478312109605],[121.83215062431739,13.388474567201463],[121.83200546842973,13.388386479428243],[121.83209427188014,13.388084731660285],[121.83233297272055,13.388095336640053],[121.83237630750234,13.387964411600066],[121.83239457376764,13.387799164118515],[121.8323871669351,13.387725015600077],[121.83236436931058,13.387622290467375],[121.83215843730315,13.387659346156992],[121.83193710533779,13.38766972536143],[121.83163996335317,13.387702558258816],[121.83157150601524,13.387877392129893],[121.83157226053986,13.388257468813116],[121.8314502925527,13.38832531796766]]]}},{"type":"Feature","properties":{"Id":0,"CLN":"1759","PSGC":"174001018","Barangay":"Bunganay","Land_Class":"AGRICULTURAL","PIN":"030-01-019-06-028","Owner":"MONCADA, CRISTINA","TaxDecNo":"11828"},"geometry":{"type":"Polygon","coordinates":[[[121.83215062431739,13.388474567201463],[121.83236852387962,13.388371054051936],[121.83255307765309,13.388339600566097],[121.83258138791125,13.388104085909836],[121.83243192860014,13.388103395361341],[121.83248784475327,13.38737581332349],[121.83235172571852,13.387426494292656],[121.83237050386165,13.387557706351464],[121.83236436931058,13.387622290467375],[121.8323871669351,13.387725015600077],[121.83239457376764,13.387799164118515],[121.83237630750234,13.387964411600066],[121.83233297272055,13.388095336640053],[121.83209427188014,13.388084731660285],[121.83200546842973,13.388386479428243],[121.83215062431739,13.388474567201463]]]}},{"type":"Feature","properties":{"Id":0,"CLN":"1760","PSGC":"174001018","Barangay":"Bunganay","Land_Class":"AGRICULTURAL","PIN":"030-01-019-06-027","Owner":"MONCADA, ASONSON","TaxDecNo":"11827"},"geometry":{"type":"Polygon","coordinates":[[[121.83248784475327,13.38737581332349],[121.83243192860014,13.388103395361341],[121.83258138791125,13.388104085909836],[121.83264694398986,13.387792728642184],[121.83262564831399,13.38737835032616],[121.832565513199,13.387370471051657],[121.83256375536045,13.387332455597136],[121.83248784475327,13.38737581332349]]]}},{"type":"Feature","properties":{"Id":0,"CLN":"1772","PSGC":"174001018","Barangay":"Bunganay","Land_Class":"AGRICULTURAL","PIN":"030-01-019-06-026","Owner":"MONROYO, PETRONA","TaxDecNo":"11826"},"geometry":{"type":"Polygon","coordinates":[[[121.8326605709882,13.389427728556363],[121.83271248451251,13.38915769405282],[121.83285526791899,13.388171852196546],[121.83293947435793,13.387883948444884],[121.83323391389548,13.38788981272411],[121.83334919819289,13.387836290121502],[121.83399097968672,13.387688795527424],[121.83406570081189,13.387459406979852],[121.83326508999254,13.387138795528166],[121.83306133551483,13.38717163901379],[121.83279873988918,13.387241373287345],[121.83262564831399,13.38737835032616],[121.83264694398986,13.387792728642184],[121.83258138791125,13.388104085909836],[121.83255307765309,13.388339600566097],[121.8326605709882,13.389427728556363]]]}},{"type":"Feature","properties":{"Id":0,"CLN":"1771","PSGC":"174001018","Barangay":"Bunganay","Land_Class":"AGRICULTURAL","PIN":"030-01-019-06-036","Owner":"JANDA, ANGELITO","TaxDecNo":"11836"},"geometry":{"type":"Polygon","coordinates":[[[121.83326508999254,13.387138795528166],[121.83406570081189,13.387459406979852],[121.8343980747744,13.387231206962104],[121.83473193946371,13.387195090675002],[121.83378661013488,13.386429136604544],[121.83337352808351,13.38667565869534],[121.8334520969707,13.386841564497525],[121.83338191137666,13.387084487504772],[121.83326508999254,13.387138795528166]]]}},{"type":"Feature","properties":{"Id":0,"CLN":"1768","PSGC":"174001018","Barangay":"Bunganay","Land_Class":"AGRICULTURAL","PIN":"030-01-019-06-041","Owner":"MALING, BERNADETTE J.","TaxDecNo":"11841"},"geometry":{"type":"Polygon","coordinates":[[[121.83359858105045,13.38523928638432],[121.83361067875836,13.385440247587193],[121.83416419957197,13.386126819939978],[121.83426020119754,13.386255643196055],[121.83465551458822,13.385855432944858],[121.83457935077855,13.384926851093383],[121.83429372039264,13.384868921438429],[121.83394006990066,13.384927047635546],[121.83359858105045,13.38523928638432]]]}},{"type":"Feature","properties":{"Id":0,"CLN":"1766","PSGC":"174001018","Barangay":"Bunganay","Land_Class":"AGRICULTURAL","PIN":"030-01-019-06-035","Owner":"SPS. LABRADOR, GERRICO M. & LABRADOR, CLEOTILDE JOCSON","TaxDecNo":"11835"},"geometry":{"type":"Polygon","coordinates":[[[121.83337352808351,13.38667565869534],[121.83378661013488,13.386429136604544],[121.83416419957197,13.386126819939978],[121.83361067875836,13.385440247587193],[121.8332347180672,13.38612095523067],[121.83319628853526,13.386218752294717],[121.83337352808351,13.38667565869534]]]}},{"type":"Feature","properties":{"Id":0,"CLN":"1767","PSGC":"174001018","Barangay":"Bunganay","Land_Class":"AGRICULTURAL","PIN":"030-01-019-06-034","Owner":"MONCADA, ASONSON","TaxDecNo":"11834"},"geometry":{"type":"Polygon","coordinates":[[[121.83306133551483,13.38717163901379],[121.83326508999254,13.387138795528166],[121.83338191137666,13.387084487504772],[121.8334520969707,13.386841564497525],[121.83337352808351,13.38667565869534],[121.83319628853526,13.386218752294717],[121.83289739653297,13.386659946501148],[121.83288645842995,13.386781519471073],[121.83296921016384,13.386795415357833],[121.83306133551483,13.38717163901379]]]}},{"type":"Feature","properties":{"Id":0,"CLN":"1765","PSGC":"174001018","Barangay":"Bunganay","Land_Class":"AGRICULTURAL","PIN":"030-01-019-06-033","Owner":"MARTE, DARIA J.","TaxDecNo":"11833"},"geometry":{"type":"Polygon","coordinates":[[[121.83256375536045,13.387332455597136],[121.832565513199,13.387370471051657],[121.83262564831399,13.38737835032616],[121.83279873988918,13.387241373287345],[121.83306133551483,13.38717163901379],[121.83296921016384,13.386795415357833],[121.83288645842995,13.386781519471073],[121.83289739653297,13.386659946501148],[121.83319628853526,13.386218752294717],[121.8332347180672,13.38612095523067],[121.8327688536377,13.386094240594593],[121.83276252153345,13.386692193477561],[121.83285489280102,13.386858163184764],[121.83260621426967,13.386904312549369],[121.83256375536045,13.387332455597136]]]}},{"type":"Feature","properties":{"Id":0,"CLN":"1764","PSGC":"174001018","Barangay":"Bunganay","Land_Class":"AGRICULTURAL","PIN":"030-01-019-06-042","Owner":"JORDAN, GUILLERMO","TaxDecNo":"11842"},"geometry":{"type":"Polygon","coordinates":[[[121.8327688536377,13.386094240594593],[121.8332347180672,13.38612095523067],[121.83361067875836,13.385440247587193],[121.83359858105045,13.38523928638432],[121.8327878995338,13.385179630250386],[121.83263808447131,13.385867187797068],[121.83277101188372,13.385971406957905],[121.8327688536377,13.386094240594593]]]}},{"type":"Feature","properties":{"Id":0,"CLN":"1763","PSGC":"174001018","Barangay":"Bunganay","Land_Class":"AGRICULTURAL","PIN":"030-01-019-06-043","Owner":"LUMITAO, FELISA","TaxDecNo":"11843"},"geometry":{"type":"Polygon","coordinates":[[[121.83180688107952,13.385403204016612],[121.83187481009563,13.385764560429196],[121.83235360922282,13.385703708992763],[121.83263808447131,13.385867187797068],[121.8327878995338,13.385179630250386],[121.83261697609345,13.385094970609911],[121.832098694386,13.385150063603982],[121.83187768383748,13.385425570737707],[121.83180688107952,13.385403204016612]]]}},{"type":"Feature","properties":{"Id":0,"CLN":"1762","PSGC":"174001018","Barangay":"Bunganay","Land_Class":"AGRICULTURAL","PIN":"030-01-019-06-032","Owner":"MAAÑO, LUISITO","TaxDecNo":"11832"},"geometry":{"type":"Polygon","coordinates":[[[121.83187481009563,13.385764560429196],[121.83184529308164,13.386160826360214],[121.83177575788491,13.38626861466825],[121.83177488892971,13.386448793533935],[121.83194774755158,13.386859508616004],[121.83241574023018,13.387131945670037],[121.83248929015829,13.38714579920499],[121.83257372157284,13.387231959464364],[121.83260621426967,13.386904312549369],[121.83285489280102,13.386858163184764],[121.83276252153345,13.386692193477561],[121.83277101188372,13.385971406957905],[121.83263808447131,13.385867187797068],[121.83235360922282,13.385703708992763],[121.83187481009563,13.385764560429196]]]}},{"type":"Feature","properties":{"Id":0,"CLN":"1761","PSGC":"174001018","Barangay":"Bunganay","Land_Class":"AGRICULTURAL","PIN":"030-01-019-06-031","Owner":"JANDA, ANTONIA","TaxDecNo":"11831"},"geometry":{"type":"Polygon","coordinates":[[[121.83215843730315,13.387659346156992],[121.83236436931058,13.387622290467375],[121.83237050386165,13.387557706351464],[121.83235172571852,13.387426494292656],[121.83248784475327,13.38737581332349],[121.83256375536045,13.387332455597136],[121.83257372157284,13.387231959464364],[121.83248929015829,13.38714579920499],[121.83241574023018,13.387131945670037],[121.83194774755158,13.386859508616004],[121.83215843730315,13.387659346156992]]]}},{"type":"Feature","properties":{"Id":0,"CLN":"2104","PSGC":"174001018","Barangay":"Bunganay","Land_Class":"AGRICULTURAL","PIN":"030-01-019-06-030","Owner":"MANGARING, LOURDES","TaxDecNo":"11830"},"geometry":{"type":"Polygon","coordinates":[[[121.83163996335317,13.387702558258816],[121.83193710533779,13.38766972536143],[121.83215843730315,13.387659346156992],[121.83194774755158,13.386859508616004],[121.83189988522714,13.386885751746679],[121.83168673631054,13.387435450299517],[121.83163996335317,13.387702558258816]]]}},{"type":"Feature","properties":{"Id":0,"CLN":"1757","PSGC":"174001018","Barangay":"Bunganay","Land_Class":"AGRICULTURAL","PIN":"030-01-019-06-044","Owner":"PAGLINAWAN, CLEMENTE","TaxDecNo":"11844"},"geometry":{"type":"Polygon","coordinates":[[[121.83129509959514,13.387769693404966],[121.83136260857015,13.387724396843659],[121.83163996335317,13.387702558258816],[121.83168673631054,13.387435450299517],[121.83189988522714,13.386885751746679],[121.83194774755158,13.386859508616004],[121.83177488892971,13.386448793533935],[121.83177575788491,13.38626861466825],[121.83184529308164,13.386160826360214],[121.83187481009563,13.385764560429196],[121.83129509959514,13.387769693404966]]]}},{"type":"Feature","properties":{"Id":0,"CLN":"1758","PSGC":null,"Barangay":"Bunganay","Land_Class":"AGRICULTURAL","PIN":"030-01-019-06-048","Owner":"PAGLINAWAN, RAFAEL","TaxDecNo":"11848"},"geometry":{"type":"Polygon","coordinates":[[[121.83091880717335,13.387980793719693],[121.83129509959514,13.387769693404966],[121.83187481009563,13.385764560429196],[121.83180688107952,13.385403204016612],[121.83158872875268,13.38609319787543],[121.83123913904758,13.38702853218916],[121.83091880717335,13.387980793719693]]]}},{"type":"Feature","properties":{"Id":0,"CLN":"1755","PSGC":"174001018","Barangay":"Bunganay","Land_Class":"AGRICULTURAL","PIN":"030-01-019-06-049","Owner":"PAGLINAWAN, AGUSTIN","TaxDecNo":"11849"},"geometry":{"type":"Polygon","coordinates":[[[121.83158872875268,13.38609319787543],[121.83180688107952,13.385403204016612],[121.83154866170396,13.38532163184382],[121.83124722882114,13.385998866791708],[121.83139648508558,13.386041365057167],[121.83158872875268,13.38609319787543]]]}},{"type":"Feature","properties":{"Id":0,"CLN":"1752","PSGC":"174001018","Barangay":"Bunganay","Land_Class":"AGRICULTURAL","PIN":"030-01-019-06-050","Owner":"BUÑAG, JULIA","TaxDecNo":"11850"},"geometry":{"type":"Polygon","coordinates":[[[121.83123913904758,13.38702853218916],[121.83158872875268,13.38609319787543],[121.83139648508558,13.386041365057167],[121.83105238769403,13.386955750054728],[121.83123913904758,13.38702853218916]]]}},{"type":"Feature","properties":{"Id":0,"CLN":"1753","PSGC":"174001018","Barangay":"Bunganay","Land_Class":"AGRICULTURAL","PIN":"030-01-019-06-053","Owner":"PAGLINAWAN, CELSO & PAGLINAWAN, ANABELLA","TaxDecNo":"11853"},"geometry":{"type":"Polygon","coordinates":[[[121.83105238769403,13.386955750054728],[121.83139648508558,13.386041365057167],[121.83124722882114,13.385998866791708],[121.83089354509761,13.386888502446205],[121.83105238769403,13.386955750054728]]]}},{"type":"Feature","properties":{"Id":0,"CLN":"1750","PSGC":"174001018","Barangay":"Bunganay","Land_Class":"AGRICULTURAL","PIN":"030-01-019-06-051","Owner":"PAGLINAWAN, RAFAEL","TaxDecNo":"11851"},"geometry":{"type":"Polygon","coordinates":[[[121.83091880717335,13.387980793719693],[121.83123913904758,13.38702853218916],[121.83105238769403,13.386955750054728],[121.830718410964,13.387895202629592],[121.83078550420015,13.387936054213744],[121.83091880717335,13.387980793719693]]]}},{"type":"Feature","properties":{"Id":0,"CLN":"1751","PSGC":"174001018","Barangay":"Bunganay","Land_Class":"AGRICULTURAL","PIN":"030-01-019-06-052","Owner":"PAGLINAWAN, MARIQUETA","TaxDecNo":"11852"},"geometry":{"type":"Polygon","coordinates":[[[121.830718410964,13.387895202629592],[121.83105238769403,13.386955750054728],[121.83089354509761,13.386888502446205],[121.83052484656442,13.387782818768867],[121.830718410964,13.387895202629592]]]}},{"type":"Feature","properties":{"Id":0,"CLN":"1754","PSGC":"174001018","Barangay":"Bunganay","Land_Class":"AGRICULTURAL","PIN":"030-01-019-06-054","Owner":"MAAÑO, CELEDONIA M.","TaxDecNo":"11854"},"geometry":{"type":"Polygon","coordinates":[[[121.83052484656442,13.387782818768867],[121.83089354509761,13.386888502446205],[121.83124722882114,13.385998866791708],[121.83154866170396,13.38532163184382],[121.83119510206639,13.385211479285038],[121.83071991174974,13.386552092331845],[121.8302106952826,13.387932228877082],[121.83052484656442,13.387782818768867]]]}},{"type":"Feature","properties":{"Id":0,"CLN":"1741","PSGC":"174001018","Barangay":"Bunganay","Land_Class":"RESIDENTIAL","PIN":"030-01-019-06-055","Owner":"CEPILLO, JOVIE M.","TaxDecNo":"11868"},"geometry":{"type":"Polygon","coordinates":[[[121.8302106952826,13.387932228877082],[121.83071991174974,13.386552092331845],[121.83076327563407,13.386429754323968],[121.83119920518297,13.385213046152208],[121.83108910203671,13.385171000765325],[121.83093818626786,13.385011554930667],[121.83051043028743,13.384774014737618],[121.83023292015852,13.385610081969181],[121.8301006552885,13.385883196478947],[121.83006845285487,13.385955810208868],[121.82961049845896,13.386248205849231],[121.8296456541705,13.386296877185442],[121.82986216969269,13.386166213779507],[121.82998284736061,13.386094009709648],[121.83012403946167,13.386170891037855],[121.83016238289068,13.386292339867365],[121.82991790677302,13.386350111281693],[121.83000846504221,13.386651976421124],[121.83024222402369,13.386614944707063],[121.83026292268352,13.386725917166038],[121.83050008690492,13.38671662014249],[121.8304781836517,13.386855114598129],[121.83029054880589,13.386868105746546],[121.83009551795867,13.386946895520705],[121.82986853539421,13.387046326555073],[121.8296840878686,13.387132094782942],[121.82955631479449,13.387207730688056],[121.82995030851185,13.387701570298441],[121.83017099141306,13.388173817733666],[121.8302106952826,13.387932228877082]]]}},{"type":"Feature","properties":{"Id":0,"CLN":"2131","PSGC":"174001018","Barangay":"Bunganay","Land_Class":"AGRICULTURAL","PIN":"030-01-019-06-056","Owner":"JANDA, CLODUALDO","TaxDecNo":"11855"},"geometry":{"type":"Polygon","coordinates":[[[121.83009551795867,13.386946895520705],[121.83029054880589,13.386868105746546],[121.8304781836517,13.386855114598129],[121.83050008690492,13.38671662014249],[121.83026292268352,13.386725917166038],[121.83009551795867,13.386946895520705]]]}},{"type":"Feature","properties":{"Id":0,"CLN":"2130","PSGC":"174001018","Barangay":"Bunganay","Land_Class":"AGRICULTURAL","PIN":"030-01-019-06-057","Owner":"JANDA, ROSARIO","TaxDecNo":"11856"},"geometry":{"type":"Polygon","coordinates":[[[121.83009551795867,13.386946895520705],[121.83026292268352,13.386725917166038],[121.83024222402369,13.386614944707063],[121.83000846504221,13.386651976421124],[121.83009551795867,13.386946895520705]]]}},{"type":"Feature","properties":{"Id":0,"CLN":"2132","PSGC":"174001018","Barangay":"Bunganay","Land_Class":"AGRICULTURAL","PIN":"030-01-019-06-058","Owner":"JANDA, CARMELITA","TaxDecNo":"11857"},"geometry":{"type":"Polygon","coordinates":[[[121.82991790677302,13.386350111281693],[121.83016238289068,13.386292339867365],[121.83012403946167,13.386170891037855],[121.82998284736061,13.386094009709648],[121.82986216969269,13.386166213779507],[121.82991790677302,13.386350111281693]]]}},{"type":"Feature","properties":{"Id":0,"CLN":"1742","PSGC":"174001018","Barangay":"Bunganay","Land_Class":"AGRICULTURAL","PIN":"030-01-019-06-059","Owner":"LLAVE, SEGUNDO","TaxDecNo":"11858"},"geometry":{"type":"Polygon","coordinates":[[[121.82986853539421,13.387046326555073],[121.83009551795867,13.386946895520705],[121.83000846504221,13.386651976421124],[121.82991790677302,13.386350111281693],[121.82986216969269,13.386166213779507],[121.8296456541705,13.386296877185442],[121.8296445883478,13.386364870808297],[121.82969439148884,13.386495034998648],[121.82938073691734,13.38658713443989],[121.82920783327373,13.386664293574931],[121.82935532897558,13.386901455900022],[121.8295309121325,13.386819111743879],[121.82973022031588,13.386770660047656],[121.82986853539421,13.387046326555073]]]}},{"type":"Feature","properties":{"Id":0,"CLN":"1743","PSGC":"174001018","Barangay":"Bunganay","Land_Class":"AGRICULTURAL","PIN":"030-01-019-06-060","Owner":"MANGARING, SIMPLICIO","TaxDecNo":"11859"},"geometry":{"type":"Polygon","coordinates":[[[121.8296840878686,13.387132094782942],[121.82986853539421,13.387046326555073],[121.82973022031588,13.386770660047656],[121.8295309121325,13.386819111743879],[121.8296840878686,13.387132094782942]]]}},{"type":"Feature","properties":{"Id":0,"CLN":"1744","PSGC":"174001018","Barangay":"Bunganay","Land_Class":"AGRICULTURAL","PIN":"030-01-019-06-061","Owner":"LOLONG, LORENZO","TaxDecNo":"11860"},"geometry":{"type":"Polygon","coordinates":[[[121.82955631479449,13.387207730688056],[121.8296840878686,13.387132094782942],[121.8295309121325,13.386819111743879],[121.82935532897558,13.386901455900022],[121.82955631479449,13.387207730688056]]]}},{"type":"Feature","properties":{"Id":0,"CLN":"1745","PSGC":"174001018","Barangay":"Bunganay","Land_Class":"AGRICULTURAL","PIN":"030-01-019-04-018","Owner":"JAMILLA, ZENAIDA M.","TaxDecNo":"11647"},"geometry":{"type":"Polygon","coordinates":[[[121.82955697683127,13.387208560500307],[121.82939121672922,13.38730851215014],[121.82933945642507,13.387497440236482],[121.82929851575615,13.387512639135522],[121.82926855007022,13.387858743982951],[121.82911924079265,13.387996647929807],[121.82929448415,13.388350879063555],[121.82953119782226,13.388435133129299],[121.82997741810561,13.388374831613318],[121.83017099141306,13.388173817733666],[121.82995030851185,13.387701570298441],[121.82955697683127,13.387208560500307]]]}},{"type":"Feature","properties":{"Id":0,"CLN":"1732","PSGC":"174001018","Barangay":"Bunganay","Land_Class":"AGRICULTURAL","PIN":"030-01-019-04-080","Owner":"SPS. JALAYAHAY, SANNY P. & JALAYAHAY, EMMA P.","TaxDecNo":"11706"},"geometry":{"type":"Polygon","coordinates":[[[121.82882636138248,13.38708402038992],[121.82877567624233,13.38718750388355],[121.82877631942178,13.387187738540892],[121.82914941223069,13.387612184523805],[121.82910675966208,13.387650100723427],[121.82918725286116,13.387837577952931],[121.82926855007022,13.387858743982951],[121.8292985370219,13.387512393514925],[121.82922401651106,13.387553626990895],[121.82882636138248,13.38708402038992]]]}},{"type":"Feature","properties":{"Id":0,"CLN":"1733","PSGC":"174001018","Barangay":"Bunganay","Land_Class":"AGRICULTURAL","PIN":"030-01-019-04-022","Owner":"MANRIQUE, MARIA","TaxDecNo":"11650"},"geometry":{"type":"Polygon","coordinates":[[[121.8292985370219,13.387512393514925],[121.82890810076528,13.387015104600028],[121.82829532033932,13.386493601674616],[121.82824709444998,13.386804796144027],[121.82882636829746,13.387084023693912],[121.82922401651106,13.387553626990895],[121.8292985370219,13.387512393514925]]]}},{"type":"Feature","properties":{"Id":0,"CLN":"1731","PSGC":"174001018","Barangay":"Bunganay","Land_Class":"AGRICULTURAL","PIN":"030-01-019-04-017","Owner":"LOLONG, FABIAN","TaxDecNo":"11646"},"geometry":{"type":"Polygon","coordinates":[[[121.82911924079265,13.387996647929807],[121.82926855007022,13.387858743982951],[121.82918725286116,13.387837577952931],[121.82910675966208,13.387650100723427],[121.82914941223069,13.387612184523805],[121.82877631942178,13.387187738540892],[121.82825607248581,13.386997931187848],[121.82821237502125,13.38715388687994],[121.82822106851471,13.387207019857383],[121.82865171646601,13.387339616310362],[121.82881048661471,13.38744083412363],[121.82899336002738,13.387680759289418],[121.82877315285396,13.387842588723482],[121.82911924079265,13.387996647929807]]]}},{"type":"Feature","properties":{"Id":0,"CLN":"1730","PSGC":"174001018","Barangay":"Bunganay","Land_Class":"AGRICULTURAL","PIN":"030-01-019-04-016","Owner":"JACOLBIA, HOMER J.","TaxDecNo":"11645"},"geometry":{"type":"Polygon","coordinates":[[[121.82877315285396,13.387842588723482],[121.82899336002738,13.387680759289418],[121.82881048661471,13.38744083412363],[121.82865171646601,13.387339616310362],[121.82855228491076,13.387500706039146],[121.82851199327943,13.387599268707477],[121.82877315285396,13.387842588723482]]]}},{"type":"Feature","properties":{"Id":0,"CLN":"1729","PSGC":"174001018","Barangay":"Bunganay","Land_Class":"AGRICULTURAL","PIN":"030-01-019-04-015","Owner":"MANAOG, LUCIANA","TaxDecNo":"11644"},"geometry":{"type":"Polygon","coordinates":[[[121.82830174239709,13.387700082435371],[121.82851199327943,13.387599268707477],[121.82855228491076,13.387500706039146],[121.82865171646601,13.387339616310362],[121.82822106851471,13.387207019857383],[121.82830174239709,13.387700082435371]]]}},{"type":"Feature","properties":{"Id":0,"CLN":"2129","PSGC":"174001018","Barangay":"Bunganay","Land_Class":"AGRICULTURAL","PIN":"030-01-019-04-014","Owner":"LLAVE, SEGUNDO","TaxDecNo":"11643"},"geometry":{"type":"Polygon","coordinates":[[[121.82709532687385,13.38853010452589],[121.82738313456373,13.38861095450205],[121.82772679442002,13.388352682208367],[121.82779882462964,13.388277654964671],[121.82771189867464,13.387890314464537],[121.82753972292032,13.387973600865266],[121.82709829358042,13.387917497500625],[121.82709532687385,13.38853010452589]]]}},{"type":"Feature","properties":{"Id":0,"CLN":"2128","PSGC":"174001018","Barangay":"Bunganay","Land_Class":"AGRICULTURAL","PIN":"030-01-019-04-013","Owner":"JANDA, CLODUALDO L.","TaxDecNo":"11642"},"geometry":{"type":"Polygon","coordinates":[[[121.82683596903507,13.388999439747588],[121.82697824929922,13.388905323394376],[121.82738313456373,13.38861095450205],[121.82709532687385,13.38853010452589],[121.82677948332957,13.388549847213493],[121.82683596903507,13.388999439747588]]]}},{"type":"Feature","properties":{"Id":0,"CLN":"1737","PSGC":"174001018","Barangay":"Bunganay","Land_Class":"AGRICULTURAL","PIN":"030-01-019-06-064","Owner":"MANGARING, SIMPLICIO","TaxDecNo":"11863"},"geometry":{"type":"Polygon","coordinates":[[[121.8296445883478,13.386364870808297],[121.8296456541705,13.386296877185442],[121.82961049845896,13.386248205849231],[121.82943894318814,13.385857874500825],[121.82921938400241,13.385864672905784],[121.82946201228116,13.386356392091834],[121.82956040812205,13.386317867758525],[121.8296445883478,13.386364870808297]]]}},{"type":"Feature","properties":{"Id":0,"CLN":"1736","PSGC":"174001018","Barangay":"Bunganay","Land_Class":"AGRICULTURAL","PIN":"030-01-019-06-063","Owner":"BESANA, BERNARDO","TaxDecNo":"11862"},"geometry":{"type":"Polygon","coordinates":[[[121.82938073691734,13.38658713443989],[121.82969439148884,13.386495034998648],[121.8296445883478,13.386364870808297],[121.82956040812205,13.386317867758525],[121.82946201228116,13.386356392091834],[121.82921938400241,13.385864672905784],[121.82887564118073,13.385964680960855],[121.82938073691734,13.38658713443989]]]}},{"type":"Feature","properties":{"Id":0,"CLN":"1735","PSGC":"174001018","Barangay":"Bunganay","Land_Class":"AGRICULTURAL","PIN":"030-01-019-06-062","Owner":"LAMONTE, CARMEN & LAMONTE, ESTRELLA & LAMONTE, ELMER","TaxDecNo":"11861"},"geometry":{"type":"Polygon","coordinates":[[[121.82873102858709,13.386155489042823],[121.82920783327373,13.386664293574931],[121.82938073691734,13.38658713443989],[121.82887564118073,13.385964680960855],[121.82873102858709,13.386155489042823]]]}},{"type":"Feature","properties":{"Id":0,"CLN":"1738","PSGC":"174001018","Barangay":"Bunganay","Land_Class":"AGRICULTURAL","PIN":"030-01-019-06-065","Owner":"LLAVE, SEGUNDO","TaxDecNo":"11864"},"geometry":{"type":"Polygon","coordinates":[[[121.8296356247324,13.385564674840392],[121.82943894318814,13.385857874500825],[121.82961049845896,13.386248205849231],[121.83006845285487,13.385955810208868],[121.8301006552885,13.385883196478947],[121.8296356247324,13.385564674840392]]]}},{"type":"Feature","properties":{"Id":0,"CLN":"1739","PSGC":"174001018","Barangay":"Bunganay","Land_Class":"AGRICULTURAL","PIN":"030-01-019-06-066","Owner":"JACOLBIA, OWEN J.","TaxDecNo":"11865"},"geometry":{"type":"Polygon","coordinates":[[[121.82976109749944,13.385269300560074],[121.82964800103255,13.385546225050655],[121.8296356247324,13.385564674840392],[121.8301006552885,13.385883196478947],[121.83023292015852,13.385610081969181],[121.82976109749944,13.385269300560074]]]}},{"type":"Feature","properties":{"Id":0,"CLN":"1740","PSGC":"174001018","Barangay":"Bunganay","Land_Class":"AGRICULTURAL","PIN":"030-01-019-06-067","Owner":"JACOLBIA, OWEN J.","TaxDecNo":"11866"},"geometry":{"type":"Polygon","coordinates":[[[121.82976109749944,13.385269300560074],[121.83023292015852,13.385610081969181],[121.83051043028743,13.384774014737618],[121.83010200826604,13.384900073908225],[121.82976109749944,13.385269300560074]]]}},{"type":"Feature","properties":{"Id":0,"CLN":"1637","PSGC":"174001018","Barangay":"Bunganay","Land_Class":"AGRICULTURAL","PIN":"030-01-019-04-033","Owner":"HIZOLE, DELFIN","TaxDecNo":"11662"},"geometry":{"type":"Polygon","coordinates":[[[121.8238619790204,13.386048456812118],[121.82416928257076,13.386006591351045],[121.82437576604802,13.385983498944464],[121.82433565895795,13.385641759547863],[121.8237733450818,13.385581415886168],[121.82383354911002,13.385831847397386],[121.8238619790204,13.386048456812118]]]}},{"type":"Feature","properties":{"Id":0,"CLN":"1638","PSGC":"174001018","Barangay":"Bunganay","Land_Class":"RESIDENTIAL","PIN":"030-01-019-04-032","Owner":"HIZOLE, DELFIN","TaxDecNo":"11661"},"geometry":{"type":"Polygon","coordinates":[[[121.82433565895795,13.385641759547863],[121.82437576604802,13.385983498944464],[121.82440777379335,13.385969216027004],[121.82437741192233,13.385644359075199],[121.82433565895795,13.385641759547863]]]}},{"type":"Feature","properties":{"Id":0,"CLN":"1640","PSGC":"174001018","Barangay":"Bunganay","Land_Class":"AGRICULTURAL","PIN":"030-01-019-04-037","Owner":"MAWAC, CLEMENTE & SERNETSES, NIEVES","TaxDecNo":"11667"},"geometry":{"type":"Polygon","coordinates":[[[121.8244835887845,13.385534209076624],[121.82453030190337,13.385527210441182],[121.82455790818979,13.3852565605014],[121.82451000176745,13.385256337690736],[121.8244835887845,13.385534209076624]]]}},{"type":"Feature","properties":{"Id":0,"CLN":"1641","PSGC":"174001018","Barangay":"Bunganay","Land_Class":"AGRICULTURAL","PIN":"030-01-019-04-038"},"geometry":{"type":"Polygon","coordinates":[[[121.82455790818979,13.3852565605014],[121.82453030190337,13.385527210441182],[121.8257103225251,13.385481020999425],[121.82565159588341,13.385232804204163],[121.82519174709023,13.385259507603529],[121.82455790818979,13.3852565605014]]]}},{"type":"Feature","properties":{"Id":0,"CLN":"2108","PSGC":"174001018","Barangay":"Bunganay","Land_Class":"RESIDENTIAL","PIN":"030-01-019-04-039","Owner":"ATIENZA, ADELINO","TaxDecNo":"11668"},"geometry":{"type":"Polygon","coordinates":[[[121.82451000176745,13.385256337690736],[121.82455790818979,13.3852565605014],[121.82456781243488,13.385114092429228],[121.82452174859415,13.385113878192403],[121.82451000176745,13.385256337690736]]]}},{"type":"Feature","properties":{"Id":0,"CLN":"2107","PSGC":"174001018","Barangay":"Bunganay","Land_Class":"RESIDENTIAL","PIN":"030-01-019-04-040","Owner":"ATIENZA, ADELINO","TaxDecNo":"11669"},"geometry":{"type":"Polygon","coordinates":[[[121.82456781243488,13.385114092429228],[121.82455790818979,13.3852565605014],[121.82470715512648,13.385257254584156],[121.82472623704676,13.38512204508302],[121.82456781243488,13.385114092429228]]]}},{"type":"Feature","properties":{"Id":0,"CLN":"1639","PSGC":"174001018","Barangay":"Bunganay","Land_Class":"AGRICULTURAL","PIN":"030-01-019-04-041","Owner":"REYES, VENANCIA","TaxDecNo":"11670"},"geometry":{"type":"Polygon","coordinates":[[[121.82452174859415,13.385113878192403],[121.82456781243488,13.385114092429228],[121.82461523376892,13.384866480684483],[121.82456110490565,13.38486622895192],[121.82452174859415,13.385113878192403]]]}},{"type":"Feature","properties":{"Id":0,"CLN":"2100","PSGC":"174001018","Barangay":"Bunganay","Land_Class":"RESIDENTIAL","PIN":"030-01-019-04-042"},"geometry":{"type":"Polygon","coordinates":[[[121.82498922707966,13.384865867510962],[121.82498861281555,13.384992514088287],[121.82507506521422,13.384989804687043],[121.82507441939421,13.385122965746977],[121.82507440732275,13.385125454738775],[121.82507375983043,13.38525895912948],[121.82519174709023,13.385259507603529],[121.82565159588341,13.385232804204163],[121.8255180535725,13.384864999538738],[121.82498922707966,13.384865867510962]]]}},{"type":"Feature","properties":{"Id":0,"CLN":"1636","PSGC":"174001018","Barangay":"Bunganay","Land_Class":null,"PIN":"030-01-019-04-036"},"geometry":{"type":"Polygon","coordinates":[[[121.82437741192233,13.385644359075199],[121.82444902675515,13.384856244177385],[121.82441255936122,13.384861700008743],[121.82433565895795,13.385641759547863],[121.82437741192233,13.385644359075199]]]}},{"type":"Feature","properties":{"Id":0,"CLN":"1635","PSGC":"174001018","Barangay":"Bunganay","Land_Class":"AGRICULTURAL","PIN":"030-01-019-04-071","Owner":"ORNEDO, REYNALDO","TaxDecNo":"11694"},"geometry":{"type":"Polygon","coordinates":[[[121.82399066857883,13.38518350127621],[121.82399113174556,13.385088089962712],[121.8241877342644,13.385089004687684],[121.82418727117503,13.385184416007926],[121.82438065653632,13.385185315621653],[121.82439880608425,13.385001210540954],[121.82389686302402,13.384998875300129],[121.82389596884211,13.385183060612745],[121.82399066857883,13.38518350127621]]]}},{"type":"Feature","properties":{"Id":0,"CLN":"2099","PSGC":"174001018","Barangay":"Bunganay","Land_Class":"AGRICULTURAL","PIN":"030-01-019-01-046","Owner":"MONROYO, SATURNINO","TaxDecNo":"11318"},"geometry":{"type":"Polygon","coordinates":[[[121.82657278722931,13.391006313246491],[121.82648389607954,13.39076039085772],[121.82641210725252,13.390795182962613],[121.82635755096504,13.39081723598337],[121.82641242371157,13.390905287684005],[121.82644614079292,13.391015259325172],[121.82657278722931,13.391006313246491]]]}},{"type":"Feature","properties":{"Id":0,"CLN":"1828","PSGC":"174001018","Barangay":"Bunganay","Land_Class":"RESIDENTIAL","PIN":"030-01-019-01-099","Owner":"JASA, ROMUALDO","TaxDecNo":"30343"},"geometry":{"type":"Polygon","coordinates":[[[121.82560057030453,13.390253152810718],[121.82552841731811,13.390428761104733],[121.82552795970604,13.390523112527292],[121.82561005561192,13.39052349415434],[121.8257633274527,13.390567888777046],[121.82576773582484,13.390249170819926],[121.82560057030453,13.390253152810718]]]}},{"type":"Feature","properties":{"Id":0,"CLN":"1854","PSGC":"174001018","Barangay":"Bunganay","Land_Class":"AGRICULTURAL","PIN":"030-01-019-01-004","Owner":"MATRE, EVARESTO","TaxDecNo":"11278"},"geometry":{"type":"Polygon","coordinates":[[[121.82637333813496,13.393848350100882],[121.82634340450734,13.393764341191437],[121.82618444600688,13.393788064567149],[121.8261460717651,13.393604421005053],[121.82622517534779,13.393485973026792],[121.82621113481815,13.393436983718717],[121.82614949017619,13.393485621313667],[121.8259913621961,13.393338114233043],[121.8257936995405,13.393246336500097],[121.8254884372075,13.393260642880703],[121.82548036593424,13.393452806982202],[121.82547888251132,13.393758575400705],[121.82547462644904,13.393900085896798],[121.82636342484872,13.393902469966704],[121.82637333813496,13.393848350100882]]]}},{"type":"Feature","properties":{"Id":0,"CLN":"1850","PSGC":"174001018","Barangay":"Bunganay","Land_Class":"AGRICULTURAL","PIN":"030-01-019-01-015","Owner":"MARTE, JULIETA","TaxDecNo":"11292"},"geometry":{"type":"Polygon","coordinates":[[[121.8254884372075,13.393260642880703],[121.8257936995405,13.393246336500097],[121.8259913621961,13.393338114233043],[121.82614949017619,13.393485621313667],[121.82621113481815,13.393436983718717],[121.82626871161227,13.393341150428723],[121.82629438373894,13.393199739387876],[121.82624000996992,13.393023496000586],[121.82607163954076,13.393066201633093],[121.82548868302295,13.393209972683987],[121.8254884372075,13.393260642880703]]]}},{"type":"Feature","properties":{"Id":0,"CLN":"1848","PSGC":"174001018","Barangay":"Bunganay","Land_Class":"AGRICULTURAL","PIN":"030-01-019-01-016","Owner":"EDUARDO G. SY, PETRONILA S. ASIS, LILIAN S. ORACION, ROBERTO G. SY","TaxDecNo":"31102"},"geometry":{"type":"Polygon","coordinates":[[[121.82548868302295,13.393209972683987],[121.82607163954076,13.393066201633093],[121.82602477017878,13.392916881907574],[121.82503586616683,13.3931047768483],[121.8250370149085,13.39323582874144],[121.82548868302295,13.393209972683987]]]}},{"type":"Feature","properties":{"Id":0,"CLN":"1847","PSGC":"174001018","Barangay":"Bunganay","Land_Class":"AGRICULTURAL","PIN":"030-01-019-01-199","Owner":"LILLES, RUPERTO","TaxDecNo":"11450"},"geometry":{"type":"Polygon","coordinates":[[[121.82520250739736,13.392892054654915],[121.82520162801562,13.39307328185953],[121.82602477017878,13.392916881907574],[121.82598436700222,13.39274274191165],[121.82520250739736,13.392892054654915]]]}},{"type":"Feature","properties":{"Id":0,"CLN":"1851","PSGC":"174001018","Barangay":"Bunganay","Land_Class":"AGRICULTURAL","PIN":"030-01-019-01-003","Owner":"LILIES, RUPERTO","TaxDecNo":"11277"},"geometry":{"type":"Polygon","coordinates":[[[121.8250370149085,13.39323582874144],[121.82505396320468,13.39342112003211],[121.82548117466153,13.393433552507355],[121.8254884372075,13.393260642880703],[121.82548868302295,13.393209972683987],[121.8250370149085,13.39323582874144]]]}},{"type":"Feature","properties":{"Id":0,"CLN":"1852","PSGC":"174001018","Barangay":"Bunganay","Land_Class":"AGRICULTURAL","PIN":"030-01-019-01-002"},"geometry":{"type":"Polygon","coordinates":[[[121.82505396320468,13.39342112003211],[121.82504703181729,13.39374608322485],[121.82547888251132,13.393758575400705],[121.82548117466153,13.393433552507355],[121.82505396320468,13.39342112003211]]]}},{"type":"Feature","properties":{"Id":0,"CLN":"1853","PSGC":"174001018","Barangay":"Bunganay","Land_Class":"AGRICULTURAL","PIN":"030-01-019-01-001","Owner":"JANDA, GLORIA","TaxDecNo":"11274"},"geometry":{"type":"Polygon","coordinates":[[[121.82504703181729,13.39374608322485],[121.82500707266266,13.39388917489823],[121.82547462644904,13.393900085896798],[121.82547888251132,13.393758575400705],[121.82504703181729,13.39374608322485]]]}},{"type":"Feature","properties":{"Id":0,"CLN":"1845","PSGC":"174001018","Barangay":"Bunganay","Land_Class":"AGRICULTURAL","PIN":"030-01-019-01-030","Owner":"GO, MELCHAN J.","TaxDecNo":"11305"},"geometry":{"type":"Polygon","coordinates":[[[121.8249805737101,13.392328044562241],[121.82596873411073,13.392040647783354],[121.8259504503441,13.391885248320616],[121.82595140318215,13.391786439297139],[121.82588891105203,13.391587346314559],[121.8257391832488,13.391607127095842],[121.82536020774577,13.391732917250595],[121.82535990259694,13.391795818188815],[121.82484923170915,13.391844114495841],[121.8249805737101,13.392328044562241]]]}},{"type":"Feature","properties":{"Id":0,"CLN":"1842","PSGC":"174001018","Barangay":"Bunganay","Land_Class":"AGRICULTURAL","PIN":"030-01-019-01-100","Owner":"MAGALANG, FRANKLIN M. & MAGALANG, JUANCHO M.","TaxDecNo":"11382"},"geometry":{"type":"Polygon","coordinates":[[[121.82564011567844,13.391472355228542],[121.82532864098167,13.391548706355854],[121.82534187010037,13.391616801816859],[121.82485326005799,13.391712431776645],[121.82484923170915,13.391844114495841],[121.82535990259694,13.391795818188815],[121.82536020774577,13.391732917250595],[121.8257391832488,13.391607127095842],[121.8256307740578,13.391512269616896],[121.82564011567844,13.391472355228542]]]}},{"type":"Feature","properties":{"Id":0,"CLN":"1843","PSGC":"174001018","Barangay":"Bunganay","Land_Class":"AGRICULTURAL","PIN":"030-01-019-01-032","Owner":"GO, AGNES S.","TaxDecNo":"11307"},"geometry":{"type":"Polygon","coordinates":[[[121.82565489036261,13.391323674629366],[121.8256544666641,13.39141103705554],[121.8256307740578,13.391512269616896],[121.8257391832488,13.391607127095842],[121.82588891105203,13.391587346314559],[121.8260002754303,13.391522631781651],[121.82594761798786,13.391258352425776],[121.8256764762329,13.391288829210989],[121.82565489036261,13.391323674629366]]]}},{"type":"Feature","properties":{"Id":0,"CLN":"1841","PSGC":"174001018","Barangay":"Bunganay","Land_Class":"AGRICULTURAL","PIN":"030-01-019-01-033","Owner":"JANDA, CLODUALDO","TaxDecNo":"11308"},"geometry":{"type":"Polygon","coordinates":[[[121.82485771883225,13.391566335276224],[121.8252991672459,13.391439089087951],[121.82530465697101,13.391411158011305],[121.82565489036261,13.391323674629366],[121.8256764762329,13.391288829210989],[121.82568077436835,13.391138582426676],[121.82481785792213,13.39132152961126],[121.82485771883225,13.391566335276224]]]}},{"type":"Feature","properties":{"Id":0,"CLN":"1840","PSGC":"174001018","Barangay":"Bunganay","Land_Class":"AGRICULTURAL","PIN":"030-01-019-01-034","Owner":"JASA, ROBERTA","TaxDecNo":"11309"},"geometry":{"type":"Polygon","coordinates":[[[121.82481785792213,13.39132152961126],[121.82568077436835,13.391138582426676],[121.82566026467815,13.390951527278824],[121.82503680360978,13.391072685878763],[121.82478133750362,13.391123916242591],[121.82481785792213,13.39132152961126]]]}},{"type":"Feature","properties":{"Id":0,"CLN":"1838","PSGC":"174001018","Barangay":"Bunganay","Land_Class":"AGRICULTURAL","PIN":"030-01-019-01-035","Owner":"PAGLINAWAN, MARYGOR URDAS","TaxDecNo":"11310"},"geometry":{"type":"Polygon","coordinates":[[[121.82478133750362,13.391123916242591],[121.82503680360978,13.391072685878763],[121.82504669359993,13.390873541086135],[121.8247502136204,13.390917591537384],[121.82478133750362,13.391123916242591]]]}},{"type":"Feature","properties":{"Id":0,"CLN":"1830","PSGC":"174001018","Barangay":"Bunganay","Land_Class":"AGRICULTURAL","PIN":"030-01-019-01-038","Owner":"TRINIDAD, JOSEFINA M.","TaxDecNo":"11314"},"geometry":{"type":"Polygon","coordinates":[[[121.8247502136204,13.390917591537384],[121.82504669359993,13.390873541086135],[121.82526279438315,13.390843094840845],[121.82526669435447,13.390774968752146],[121.82540949540568,13.390770390848745],[121.82541032598395,13.390599160499406],[121.82475193507629,13.390562900185124],[121.8247502136204,13.390917591537384]]]}},{"type":"Feature","properties":{"Id":0,"CLN":"1829","PSGC":"174001018","Barangay":"Bunganay","Land_Class":"AGRICULTURAL","PIN":"030-01-019-01-039"},"geometry":{"type":"Polygon","coordinates":[[[121.82475193507629,13.390562900185124],[121.82541032598395,13.390599160499406],[121.82552812426914,13.390597960852284],[121.82552795970604,13.390523112527292],[121.82552841731811,13.390428761104733],[121.82560057030453,13.390253152810718],[121.82558801499607,13.390253451881776],[121.8247250932396,13.39043814626456],[121.82475193507629,13.390562900185124]]]}},{"type":"Feature","properties":{"Id":0,"CLN":"1832","PSGC":"174001018","Barangay":"Bunganay","Land_Class":"AGRICULTURAL","PIN":"030-01-019-01-040","Owner":"LOLONG, RONALD LAMAN","TaxDecNo":"32454"},"geometry":{"type":"Polygon","coordinates":[[[121.82552812426914,13.390597960852284],[121.8255676831043,13.390824691551272],[121.82564804208204,13.390815236604677],[121.82562660471488,13.390681469425301],[121.82561005561192,13.39052349415434],[121.82552795970604,13.390523112527292],[121.82552812426914,13.390597960852284]]]}},{"type":"Feature","properties":{"Id":0,"CLN":"1834","PSGC":"174001018","Barangay":"Bunganay","Land_Class":"AGRICULTURAL","PIN":"030-01-019-01-186","Owner":"MASCAREÑAS, HERBERT","TaxDecNo":"11440"},"geometry":{"type":"Polygon","coordinates":[[[121.82574594592379,13.390669361277698],[121.82574646167664,13.39056300367253],[121.82561005561192,13.39052349415434],[121.82562660471488,13.390681469425301],[121.82574594592379,13.390669361277698]]]}},{"type":"Feature","properties":{"Id":0,"CLN":"1833","PSGC":"174001018","Barangay":"Bunganay","Land_Class":"AGRICULTURAL","PIN":"030-01-019-01-043","Owner":"MANAOG, LUCIANA","TaxDecNo":"11317"},"geometry":{"type":"Polygon","coordinates":[[[121.82564804208204,13.390815236604677],[121.825806761774,13.390794351646791],[121.82579333638209,13.390664553109632],[121.82562660471488,13.390681469425301],[121.82564804208204,13.390815236604677]]]}},{"type":"Feature","properties":{"Id":0,"CLN":"1835","PSGC":"174001018","Barangay":"Bunganay","Land_Class":"AGRICULTURAL","PIN":"030-01-019-01-042","Owner":"MANAOG, BIENVINIDO","TaxDecNo":"11316"},"geometry":{"type":"Polygon","coordinates":[[[121.825806761774,13.390794351646791],[121.82596224746796,13.3907680040909],[121.82592180942405,13.390642011422191],[121.82579333638209,13.390664553109632],[121.825806761774,13.390794351646791]]]}},{"type":"Feature","properties":{"Id":0,"CLN":"1836","PSGC":"174001018","Barangay":"Bunganay","Land_Class":"AGRICULTURAL","PIN":"030-01-019-01-110","Owner":"MONROYO, NOEL C.","TaxDecNo":"11375"},"geometry":{"type":"Polygon","coordinates":[[[121.82571007151287,13.390807074542014],[121.82574110031757,13.390907692894421],[121.82581737041475,13.390908047385839],[121.825831803731,13.391077369689269],[121.82598578415589,13.391043238630573],[121.82601134438492,13.391237514384937],[121.82612558083491,13.391200159895403],[121.82623404320236,13.391079518529569],[121.82635360178155,13.391033662983508],[121.82627077963772,13.390814867170842],[121.82622617917195,13.390811165382472],[121.82618550382989,13.390734095715043],[121.82597631325159,13.390811751659516],[121.82596224746796,13.3907680040909],[121.825806761774,13.390794351646791],[121.82571007151287,13.390807074542014]]]}},{"type":"Feature","properties":{"Id":0,"CLN":"1837","PSGC":"174001018","Barangay":"Bunganay","Land_Class":"AGRICULTURAL","PIN":"030-01-019-01-036","Owner":"HRS.OF ANICETO JASA","TaxDecNo":"11312"},"geometry":{"type":"Polygon","coordinates":[[[121.82526279438315,13.390843094840845],[121.82504669359993,13.390873541086135],[121.82503680360978,13.391072685878763],[121.82566026467815,13.390951527278824],[121.82564804208204,13.390815236604677],[121.8255676831043,13.390824691551272],[121.82526279438315,13.390843094840845]]]}},{"type":"Feature","properties":{"Id":0,"CLN":"1831","PSGC":"174001018","Barangay":"Bunganay","Land_Class":"AGRICULTURAL","PIN":"030-01-019-01-037","Owner":"MANAOG, BIENVENIDO","TaxDecNo":"11313"},"geometry":{"type":"Polygon","coordinates":[[[121.82526279438315,13.390843094840845],[121.8255676831043,13.390824691551272],[121.82552812426914,13.390597960852284],[121.82541032598395,13.390599160499406],[121.82540949540568,13.390770390848745],[121.82526669435447,13.390774968752146],[121.82526279438315,13.390843094840845]]]}},{"type":"Feature","properties":{"Id":0,"CLN":"foreshore","PSGC":"174001018","Barangay":"Bunganay","Land_Class":null,"PIN":null},"geometry":{"type":"Polygon","coordinates":[[[121.82469839917547,13.390422296498443],[121.82446869258223,13.390829811020902],[121.82459149595199,13.391635881856978],[121.8247037697824,13.39240521062669],[121.8247281316428,13.392901553542762],[121.82500707266266,13.39388917489823],[121.82504703181729,13.39374608322485],[121.82505396320468,13.39342112003211],[121.8250370149085,13.39323582874144],[121.82503586616683,13.3931047768483],[121.82504749641826,13.392921656988204],[121.8249805737101,13.392328044562241],[121.82484923170915,13.391844114495841],[121.82485771883225,13.391566335276224],[121.82481785792213,13.39132152961126],[121.82478133750362,13.391123916242591],[121.8247502136204,13.390917591537384],[121.82475193507629,13.390562900185124],[121.8247250932396,13.39043814626456],[121.82469839917547,13.390422296498443]]]}},{"type":"Feature","properties":{"Id":0,"CLN":"2080","PSGC":"174001018","Barangay":"Bunganay","Land_Class":"AGRICULTURAL","PIN":"030-01-019-10-026","Owner":"JINAO, FRANCISCO","TaxDecNo":"12037"},"geometry":{"type":"Polygon","coordinates":[[[121.85143183218482,13.397032926283643],[121.85143191301769,13.397030872166418],[121.85175797885486,13.396990999140879],[121.85194243625851,13.396271064728383],[121.85197690909928,13.395543857941346],[121.85177833688192,13.395493342036245],[121.85142784418684,13.395419236736721],[121.85123803428459,13.395401305260597],[121.85106275101126,13.395459587679241],[121.85135816432796,13.397035035997423],[121.85143183218482,13.397032926283643]]]}},{"type":"Feature","properties":{"Id":0,"CLN":"2081","PSGC":"174001018","Barangay":"Bunganay","Land_Class":"AGRICULTURAL","PIN":"030-01-019-10-027","Owner":"JINAO, ARACELI","TaxDecNo":"12038"},"geometry":{"type":"Polygon","coordinates":[[[121.8514183017759,13.397355748863767],[121.85242768196429,13.397023583205431],[121.85265017891419,13.39719001754429],[121.85285572033052,13.397114147617277],[121.85296420364027,13.397144180276259],[121.85229418223157,13.395224722258991],[121.85197690909928,13.395543857941346],[121.85194243625851,13.396271064728383],[121.85175797885486,13.396990999140879],[121.85143191301769,13.397030872166418],[121.85143182956722,13.39703292617853],[121.85135816432796,13.397035035997423],[121.8514183017759,13.397355748863767]]]}},{"type":"Feature","properties":{"Id":0,"CLN":"2082","PSGC":"174001018","Barangay":"Bunganay","Land_Class":"AGRICULTURAL","PIN":"030-01-019-10-028","Owner":"ORILLA, CIRIACO","TaxDecNo":"12039"},"geometry":{"type":"Polygon","coordinates":[[[121.85342233169045,13.397252604364107],[121.85356817028777,13.397040579254403],[121.85321377880854,13.396690399452332],[121.85317321600513,13.396335736560852],[121.85323504555554,13.396022894468665],[121.85322635429247,13.395122097273854],[121.85311332508716,13.395117767638347],[121.85266840780122,13.39522642254377],[121.85257858677969,13.395260362105837],[121.85229418223157,13.395224722258991],[121.85296420364027,13.397144180276259],[121.85342233169045,13.397252604364107]]]}},{"type":"Feature","properties":{"Id":0,"CLN":"2083","PSGC":"174001018","Barangay":"Bunganay","Land_Class":"AGRICULTURAL","PIN":"030-01-019-10-029","Owner":"MOTOL, TEOFILO","TaxDecNo":"12040"},"geometry":{"type":"Polygon","coordinates":[[[121.85321377880854,13.396690399452332],[121.85356817028777,13.397040579254403],[121.85381805199047,13.396521811353765],[121.8550453147912,13.39605473987169],[121.85601476084062,13.39523201533586],[121.85592218523004,13.39508428597428],[121.85567031729586,13.395175162700431],[121.85467288730018,13.395063782239705],[121.85458747036368,13.394990883210951],[121.85406536693193,13.394935085257284],[121.85346540870498,13.394856034419789],[121.85341433471287,13.394939763417456],[121.85331294588728,13.394946935927615],[121.85322635429247,13.395122097273854],[121.85323504555554,13.396022894468665],[121.85317321600513,13.396335736560852],[121.85321377880854,13.396690399452332]]]}},{"type":"Feature","properties":{"Id":0,"CLN":"2084","PSGC":"174001018","Barangay":"Bunganay","Land_Class":"AGRICULTURAL","PIN":"030-01-019-10-030","Owner":"MAMENG, ALEJANDRO & MAMENG, MARIA & MAMENG, LORETO & MAMENG, ENRICA & MAMENG, ZOCIMO","TaxDecNo":"12041"},"geometry":{"type":"Polygon","coordinates":[[[121.85601476084062,13.39523201533586],[121.8550453147912,13.39605473987169],[121.85381805199047,13.396521811353765],[121.85356817028777,13.397040579254403],[121.85342233169045,13.397252604364107],[121.8537596555795,13.397384111255048],[121.85387367020407,13.397520512270404],[121.85454873911159,13.39769490671752],[121.85482686396216,13.397583916521475],[121.85512826080156,13.397656178929443],[121.85540110512216,13.397385648625164],[121.85551037118773,13.39725026026997],[121.85570392647982,13.39715660968915],[121.85585532298438,13.397045043994341],[121.85601219550746,13.397051662668394],[121.85612037216022,13.397146680426452],[121.85619873866413,13.397164759338732],[121.85627095887338,13.39720644232508],[121.85644291282864,13.396953563405692],[121.85624972377553,13.396591915842428],[121.85601476084062,13.39523201533586]]]}},{"type":"Feature","properties":{"Id":0,"CLN":"2072","PSGC":"174001018","Barangay":"Bunganay","Land_Class":"AGRICULTURAL","PIN":"030-01-019-10-018","Owner":"ABETRIA, RESURRECION","TaxDecNo":"12030"},"geometry":{"type":"Polygon","coordinates":[[[121.84794606964425,13.398575324912565],[121.84791086723908,13.398555064789393],[121.84790101029283,13.398573485213335],[121.84722428298275,13.400058461124168],[121.84750837337806,13.400668511735933],[121.84798661663976,13.40068630347951],[121.84839419412809,13.399918115334312],[121.84863392162592,13.399799539080172],[121.84837343973797,13.398695309883747],[121.84804447956826,13.398579342799968],[121.84794606964425,13.398575324912565]]]}},{"type":"Feature","properties":{"Id":0,"CLN":"2125","PSGC":"174001018","Barangay":"Bunganay","Land_Class":"AGRICULTURAL","PIN":"030-01-019-02-008","Owner":"PEÑAFIEL, EDELIZA","TaxDecNo":"11471"},"geometry":{"type":"Polygon","coordinates":[[[121.8266497257268,13.389188998336156],[121.82665004797039,13.38912248713404],[121.82642114990692,13.389160673829252],[121.82628702567759,13.389170989317012],[121.82636695953079,13.3892763701785],[121.8263977502336,13.38931809405895],[121.82642443116507,13.389306145476583],[121.8266497257268,13.389188998336156]]]}},{"type":"Feature","properties":{"Id":0,"CLN":"1805","PSGC":"174001018","Barangay":"Bunganay","Land_Class":"RESIDENTIAL","PIN":"030-01-019-02-020","Owner":"JANDA, ANTONIA","TaxDecNo":"11485"},"geometry":{"type":"Polygon","coordinates":[[[121.82686620214804,13.390244927847842],[121.8269295251653,13.390240454693684],[121.82688049594314,13.390142555961342],[121.82683353295921,13.390173010170429],[121.82686620214804,13.390244927847842]]]}},{"type":"Feature","properties":{"Id":0,"CLN":"1804","PSGC":"174001018","Barangay":"Bunganay","Land_Class":"RESIDENTIAL","PIN":"030-01-019-02-021","Owner":"MANGARING, ERMELINDA & LOURDES","TaxDecNo":"11486"},"geometry":{"type":"Polygon","coordinates":[[[121.82683353295921,13.390173010170429],[121.82688049594314,13.390142555961342],[121.82683753381171,13.390088742051732],[121.8267977920136,13.39011554070967],[121.82683353295921,13.390173010170429]]]}},{"type":"Feature","properties":{"Id":0,"CLN":"1801","PSGC":"174001018","Barangay":"Bunganay","Land_Class":"RESIDENTIAL","PIN":"030-01-019-02-022","Owner":"JACOLBIA, GILBERT J.","TaxDecNo":"11487"},"geometry":{"type":"Polygon","coordinates":[[[121.8267977920136,13.39011554070967],[121.82683753381171,13.390088742051732],[121.82678355289906,13.390012476880733],[121.82674416994776,13.39003154044231],[121.8267977920136,13.39011554070967]]]}},{"type":"Feature","properties":{"Id":0,"CLN":"1800","PSGC":"174001018","Barangay":"Bunganay","Land_Class":"RESIDENTIAL","PIN":"030-01-019-02-023","Owner":"JACOLBIA, GILBERT","TaxDecNo":"11488"},"geometry":{"type":"Polygon","coordinates":[[[121.82674416994776,13.39003154044231],[121.82678355289906,13.390012476880733],[121.82675289212762,13.389930618904339],[121.82671081901506,13.389945430322053],[121.82674416994776,13.39003154044231]]]}},{"type":"Feature","properties":{"Id":0,"CLN":"1797","PSGC":"174001018","Barangay":"Bunganay","Land_Class":"RESIDENTIAL","PIN":"030-01-019-02-024","Owner":"LLAVE, SEGUNDO","TaxDecNo":"11489"},"geometry":{"type":"Polygon","coordinates":[[[121.82671081901506,13.389945430322053],[121.82675289212762,13.389930618904339],[121.8266894914951,13.389795398730012],[121.82664836324251,13.389826125326318],[121.82671081901506,13.389945430322053]]]}},{"type":"Feature","properties":{"Id":0,"CLN":"1796","PSGC":"174001018","Barangay":"Bunganay","Land_Class":"RESIDENTIAL","PIN":"030-01-019-02-025","Owner":"MONROYO, EDELIZA","TaxDecNo":"11490"},"geometry":{"type":"Polygon","coordinates":[[[121.82664836324251,13.389826125326318],[121.8266894914951,13.389795398730012],[121.82663576849797,13.38966592457565],[121.8265859716016,13.389693596733084],[121.82664836324251,13.389826125326318]]]}},{"type":"Feature","properties":{"Id":0,"CLN":"1793","PSGC":"174001018","Barangay":"Bunganay","Land_Class":"RESIDENTIAL","PIN":"030-01-019-02-026","Owner":"MONROYO, CRISPIN R.","TaxDecNo":"11491"},"geometry":{"type":"Polygon","coordinates":[[[121.8265859716016,13.389693596733084],[121.82663576849797,13.38966592457565],[121.82656826492615,13.389576294029574],[121.82652790078225,13.389598555866115],[121.8265859716016,13.389693596733084]]]}},{"type":"Feature","properties":{"Id":0,"CLN":"1792","PSGC":"174001018","Barangay":"Bunganay","Land_Class":"RESIDENTIAL","PIN":"030-01-019-02-027","Owner":"HRS. OF MONROYO, ANICETO","TaxDecNo":"11492"},"geometry":{"type":"Polygon","coordinates":[[[121.82652790078225,13.389598555866115],[121.82656826492615,13.389576294029574],[121.82652029147891,13.389462049461205],[121.82647894141778,13.38948151750251],[121.82652790078225,13.389598555866115]]]}},{"type":"Feature","properties":{"Id":0,"CLN":"1791","PSGC":"174001018","Barangay":"Bunganay","Land_Class":"RESIDENTIAL","PIN":"030-01-019-02-028","Owner":"MONROYO, ROSARIO","TaxDecNo":"11493"},"geometry":{"type":"Polygon","coordinates":[[[121.82642689936402,13.38935759346114],[121.82636695953079,13.3892763701785],[121.8263311117707,13.389295892955484],[121.82642212288175,13.389421014551203],[121.82647894141778,13.38948151750251],[121.82652029147891,13.389462049461205],[121.82646299602622,13.38939541927354],[121.82642689936402,13.38935759346114]]]}},{"type":"Feature","properties":{"Id":0,"CLN":"1916","PSGC":"174001018","Barangay":"Bunganay","Land_Class":"AGRICULTURAL","PIN":"030-01-019-05-008","Owner":"MANRIQUE, IGLECERIA","TaxDecNo":"11746"},"geometry":{"type":"Polygon","coordinates":[[[121.83096011325506,13.393580645319663],[121.83068191815866,13.393543669234123],[121.83058800068999,13.393776831200256],[121.83053831465972,13.393990327554322],[121.83058694125342,13.393996155371758],[121.83075891329862,13.39406961837193],[121.83083503910436,13.394089437154303],[121.83105940544496,13.394056992224256],[121.8312263619076,13.39403284902429],[121.83122169197695,13.393627277419167],[121.8311488175159,13.393620451406688],[121.83096011325506,13.393580645319663]]]}},{"type":"Feature","properties":{"Id":0,"CLN":"1968","PSGC":"174001018","Barangay":"Bunganay","Land_Class":"AGRICULTURAL","PIN":"030-01-019-07-044","Owner":"PAGLINAWAN, RONALD M. & PAGLINAWAN, SHERRYL OLA","TaxDecNo":"11912"},"geometry":{"type":"Polygon","coordinates":[[[121.83720856098257,13.39212295887361],[121.83803705093814,13.39206089269942],[121.83817746689176,13.391842403473758],[121.83816537273566,13.39172244376426],[121.83716351097185,13.391920430651451],[121.83720856098257,13.39212295887361]]]}},{"type":"Feature","properties":{"Id":0,"CLN":"1842","PSGC":"174001018","Barangay":"Bunganay","Land_Class":"AGRICULTURAL","PIN":"030-01-019-01-111","Owner":"MAGALANG, FRANKLIN M. & MAGALANG, JUANCHO M.","TaxDecNo":"11382"},"geometry":{"type":"Polygon","coordinates":[[[121.82564011567844,13.391472355228542],[121.8256544666641,13.39141103705554],[121.82565489036261,13.391323674629366],[121.82530465697101,13.391411158011305],[121.8252991672459,13.391439089087951],[121.82485771883225,13.391566335276224],[121.82485326005799,13.391712431776645],[121.82534187010037,13.391616801816859],[121.82532864098167,13.391548706355854],[121.82564011567844,13.391472355228542]]]}},{"type":"Feature","properties":{"Id":0,"CLN":"1834","PSGC":"174001018","Barangay":"Bunganay","Land_Class":"AGRICULTURAL","PIN":"030-01-019-01-185","Owner":"LECAROZ, EDWIN","TaxDecNo":"11439"},"geometry":{"type":"Polygon","coordinates":[[[121.82574646167664,13.39056300367253],[121.82574594592379,13.390669361277698],[121.82579333638209,13.390664553109632],[121.82592180942405,13.390642011422191],[121.8258508791274,13.39054732822668],[121.8257633274527,13.390567888777046],[121.82574646167664,13.39056300367253]]]}},{"type":"Feature","properties":{"Id":0,"CLN":"1836","PSGC":"174001018","Barangay":"Bunganay","Land_Class":"AGRICULTURAL","PIN":"030-01-019-01-109","Owner":"MONROYO, NERISSA C.","TaxDecNo":"11374"},"geometry":{"type":"Polygon","coordinates":[[[121.82601134438492,13.391237514384937],[121.82598578415589,13.391043238630573],[121.825831803731,13.391077369689269],[121.82581737041475,13.390908047385839],[121.82574110031757,13.390907692894421],[121.82571007151287,13.390807074542014],[121.82564804208204,13.390815236604677],[121.82566026467815,13.390951527278824],[121.82568077436835,13.391138582426676],[121.8256764762329,13.391288829210989],[121.82594761798786,13.391258352425776],[121.82601134438492,13.391237514384937]]]}},{"type":"Feature","properties":{"Id":0,"CLN":"1827","PSGC":"174001018","Barangay":"Bunganay","Land_Class":"AGRICULTURAL","PIN":"030-01-019-01-102","Owner":"MONROYO, EDILBERTO","TaxDecNo":"11367"},"geometry":{"type":"Polygon","coordinates":[[[121.82635698161054,13.39081612900974],[121.82627110627189,13.390815730059048],[121.82635360178155,13.391033662983508],[121.82641205611549,13.391015100991478],[121.82644614079292,13.391015259325172],[121.82641242371157,13.390905287684005],[121.82635755096504,13.39081723598337],[121.82635698161054,13.39081612900974]]]}},{"type":"Feature","properties":{"Id":0,"CLN":"1827","PSGC":"174001018","Barangay":"Bunganay","Land_Class":"AGRICULTURAL","PIN":"030-01-019-01-103","Owner":"MONROYO, LOLITA","TaxDecNo":"11368"},"geometry":{"type":"Polygon","coordinates":[[[121.82588164569484,13.390211159578866],[121.8261849416595,13.390734304404868],[121.82618550382989,13.390734095715043],[121.82622617917195,13.390811165382472],[121.82627077963772,13.390814867170842],[121.82627110627189,13.390815730059048],[121.82635698161054,13.39081612900974],[121.82616426625187,13.390441439500055],[121.82605820540431,13.390240518947158],[121.82594970615241,13.390042838126478],[121.82588175625726,13.390211122684608],[121.82588164569484,13.390211159578866]]]}},{"type":"Feature","properties":{"Id":0,"CLN":"1827","PSGC":"174001018","Barangay":"Bunganay","Land_Class":"AGRICULTURAL","PIN":"030-01-019-01-105","Owner":"MONROYO, FRANCISCO","TaxDecNo":"11370"},"geometry":{"type":"Polygon","coordinates":[[[121.82595918403341,13.39034490303523],[121.82588164569484,13.390211159578866],[121.82576773582484,13.390249170819926],[121.82576551877358,13.390409460362118],[121.82595918403341,13.39034490303523]]]}},{"type":"Feature","properties":{"Id":0,"CLN":"1810","PSGC":"174001018","Barangay":"Bunganay","Land_Class":"RESIDENTIAL","PIN":"030-01-019-01-126"},"geometry":{"type":"Polygon","coordinates":[[[121.82656316321258,13.38998751812434],[121.82641807173205,13.389764966088643],[121.82619298482207,13.38983393247898],[121.82633899882933,13.390100269283067],[121.82656316321258,13.38998751812434]]]}},{"type":"Feature","properties":{"Id":0,"CLN":"1810","PSGC":"174001018","Barangay":"Bunganay","Land_Class":"RESIDENTIAL","PIN":"030-01-019-01-176","Owner":"LUZ, ZENAIDA M.","TaxDecNo":"11431"},"geometry":{"type":"Polygon","coordinates":[[[121.82662032550634,13.390314863763894],[121.82670530697715,13.390477954537289],[121.82682224636567,13.390421922849816],[121.82673700674451,13.390257901358869],[121.82662032550634,13.390314863763894]]]}},{"type":"Feature","properties":{"Id":0,"CLN":"1810","PSGC":"174001018","Barangay":"Bunganay","Land_Class":"RESIDENTIAL","PIN":"030-01-019-01-173","Owner":"LUZ, ZENAIDA","TaxDecNo":"11427"},"geometry":{"type":"Polygon","coordinates":[[[121.82670530697715,13.390477954537289],[121.82662032550634,13.390314863763894],[121.82649301260464,13.390377016326106],[121.82658304403274,13.39053654017095],[121.82670530697715,13.390477954537289]]]}},{"type":"Feature","properties":{"Id":0,"CLN":"1810","PSGC":"174001018","Barangay":"Bunganay","Land_Class":"RESIDENTIAL","PIN":"030-01-019-01-125"},"geometry":{"type":"Polygon","coordinates":[[[121.82656316321258,13.38998751812434],[121.82633899882933,13.390100269283067],[121.82641287485832,13.390235022595695],[121.82649301260464,13.390377016326106],[121.82673700674451,13.390257901358869],[121.82672745233832,13.390239516373756],[121.82656316321258,13.38998751812434]]]}},{"type":"Feature","properties":{"Id":0,"CLN":"1847","PSGC":"174001018","Barangay":"Bunganay","Land_Class":"RESIDENTIAL","PIN":"030-01-019-01-198","Owner":"BAUTISTA, NARCISO T & BAUTISTA, MERLITA MARTE","TaxDecNo":"11449"},"geometry":{"type":"Polygon","coordinates":[[[121.82520162801562,13.39307328185953],[121.82520250739736,13.392892054654915],[121.82504749641826,13.392921656988204],[121.82503586616683,13.3931047768483],[121.82520162801562,13.39307328185953]]]}},{"type":"Feature","properties":{"Id":0,"CLN":"1881","PSGC":"174001018","Barangay":"Bunganay","Land_Class":"RESIDENTIAL","PIN":"030-01-019-01-108","Owner":"PAGLINAWAN, CLARIZA","TaxDecNo":"11373"},"geometry":{"type":"Polygon","coordinates":[[[121.82685255144052,13.39202216293905],[121.82683463550806,13.391968168062379],[121.82673592528086,13.392008177649654],[121.8267551482293,13.392060705850009],[121.82685255144052,13.39202216293905]]]}},{"type":"Feature","properties":{"Id":0,"CLN":"1881","PSGC":"174001018","Barangay":"Bunganay","Land_Class":"AGRICULTURAL","PIN":"030-01-019-01-107","Owner":"MONROYO, EDILBERTO","TaxDecNo":"11372"},"geometry":{"type":"Polygon","coordinates":[[[121.82696183203285,13.39197891919147],[121.82694542710263,13.391923261547761],[121.82683463550806,13.391968168062379],[121.82685255144052,13.39202216293905],[121.82696183203285,13.39197891919147]]]}},{"type":"Feature","properties":{"Id":0,"CLN":"1881","PSGC":"174001018","Barangay":"Bunganay","Land_Class":"AGRICULTURAL","PIN":"030-01-019-01-106","Owner":"MONROYO, FRANCISCO","TaxDecNo":"11371"},"geometry":{"type":"Polygon","coordinates":[[[121.82707016741885,13.391936049438998],[121.82705632032332,13.391878309749037],[121.82694551419875,13.391923226245588],[121.82694542710263,13.391923261547761],[121.82696183203285,13.39197891919147],[121.82705855371965,13.391940645111633],[121.82707016741885,13.391936049438998]]]}},{"type":"Feature","properties":{"Id":0,"CLN":"1881","PSGC":"174001018","Barangay":"Bunganay","Land_Class":"AGRICULTURAL","PIN":"030-01-019-01-105","Owner":"MONROYO, FRANCISCO","TaxDecNo":"11370"},"geometry":{"type":"Polygon","coordinates":[[[121.82719288860595,13.391878045688237],[121.8271738184271,13.391789520947086],[121.8270847701828,13.391866782329297],[121.82705886065916,13.391877284112134],[121.82705632032332,13.391878309749037],[121.82707016741885,13.391936049438998],[121.82710641628394,13.39192170534679],[121.82719288860595,13.391878045688237]]]}},{"type":"Feature","properties":{"Id":0,"CLN":"1881","PSGC":"174001018","Barangay":"Bunganay","Land_Class":"AGRICULTURAL","PIN":"030-01-019-01-104","Owner":"MONROYO, ALICIA","TaxDecNo":"11369"},"geometry":{"type":"Polygon","coordinates":[[[121.82726431610877,13.391841982085607],[121.8272436340257,13.391728946423623],[121.8271738184271,13.391789520947086],[121.82719288860595,13.391878045688237],[121.82726431610877,13.391841982085607]]]}},{"type":"Feature","properties":{"Id":0,"CLN":"1877","PSGC":"174001018","Barangay":"Bunganay","Land_Class":"RESIDENTIAL","PIN":"030-01-019-01-141","Owner":"MANUBA, CLODUALDO M.","TaxDecNo":"32404"},"geometry":{"type":"Polygon","coordinates":[[[121.82685868538421,13.392189992737821],[121.82682852366136,13.392082268656717],[121.82676467885905,13.392103654685815],[121.82679339780863,13.392206282320945],[121.82685868538421,13.392189992737821]]]}},{"type":"Feature","properties":{"Id":0,"CLN":"1877","PSGC":"174001018","Barangay":"Bunganay","Land_Class":"RESIDENTIAL","PIN":"030-01-019-01-139","Owner":"HRS.OF DIOSDADO MANUBA","TaxDecNo":"11395"},"geometry":{"type":"Polygon","coordinates":[[[121.82695583848508,13.392165752507614],[121.82694213983062,13.392108913809754],[121.82684426441642,13.392138487550492],[121.82685868538421,13.392189992737821],[121.82695583848508,13.392165752507614]]]}},{"type":"Feature","properties":{"Id":0,"CLN":"1877","PSGC":"174001018","Barangay":"Bunganay","Land_Class":"RESIDENTIAL","PIN":"030-01-019-01-140","Owner":"HRS.OF JOSEFINA MANUBA","TaxDecNo":"11396"},"geometry":{"type":"Polygon","coordinates":[[[121.82694196701301,13.392108967745143],[121.82692703017419,13.392049271989242],[121.82682852366136,13.392082268656717],[121.82684426441642,13.392138487550492],[121.82694196701301,13.392108967745143]]]}},{"type":"Feature","properties":{"Id":0,"CLN":"1877","PSGC":"174001018","Barangay":"Bunganay","Land_Class":"RESIDENTIAL","PIN":"030-01-019-01-137","Owner":"MANUBA, NILO","TaxDecNo":"11393"},"geometry":{"type":"Polygon","coordinates":[[[121.82706490220905,13.392138540460387],[121.82705102682502,13.392076012788598],[121.82694213983062,13.392108913809754],[121.82695583848508,13.392165752507614],[121.82706490220905,13.392138540460387]]]}},{"type":"Feature","properties":{"Id":0,"CLN":"1877","PSGC":"174001018","Barangay":"Bunganay","Land_Class":"RESIDENTIAL","PIN":"030-01-019-01-138","Owner":"MANUBA, JENNIFER J.","TaxDecNo":"11394"},"geometry":{"type":"Polygon","coordinates":[[[121.82705112365863,13.392075984779922],[121.82703776749923,13.392012178315726],[121.82692703017419,13.392049271989242],[121.82694196701301,13.392108967745143],[121.82705112365863,13.392075984779922]]]}},{"type":"Feature","properties":{"Id":0,"CLN":"1877","PSGC":"174001018","Barangay":"Bunganay","Land_Class":"RESIDENTIAL","PIN":"030-01-019-01-135","Owner":"MANUBA, IGNACIO","TaxDecNo":"11391"},"geometry":{"type":"Polygon","coordinates":[[[121.82720787981077,13.39210286661677],[121.82719813093463,13.392031564088795],[121.82705102682502,13.392076012788598],[121.82706490220905,13.392138540460387],[121.82720787981077,13.39210286661677]]]}},{"type":"Feature","properties":{"Id":0,"CLN":"1877","PSGC":"174001018","Barangay":"Bunganay","Land_Class":"RESIDENTIAL","PIN":"030-01-019-01-136","Owner":"MANUBA, NINOY","TaxDecNo":"11392"},"geometry":{"type":"Polygon","coordinates":[[[121.82719814157308,13.39203156149569],[121.82718437440674,13.391963070765504],[121.82703776749923,13.392012178315726],[121.82705112365863,13.392075984779922],[121.82719814157308,13.39203156149569]]]}},{"type":"Feature","properties":{"Id":0,"CLN":"1877","PSGC":"174001018","Barangay":"Bunganay","Land_Class":"RESIDENTIAL","PIN":"030-01-019-01-133","Owner":"MANUBA, MARIVEL J.","TaxDecNo":"31998"},"geometry":{"type":"Polygon","coordinates":[[[121.82719813093463,13.392031564088795],[121.82720787981077,13.39210286661677],[121.82734674044674,13.39206821989349],[121.82734339153237,13.391987672318376],[121.82719813093463,13.392031564088795]]]}},{"type":"Feature","properties":{"Id":0,"CLN":"1874","PSGC":"174001018","Barangay":"Bunganay","Land_Class":"AGRICULTURAL","PIN":"030-01-019-01-160","Owner":"LABOG, TERESITA","TaxDecNo":"11414"},"geometry":{"type":"Polygon","coordinates":[[[121.82733335752505,13.392310625821324],[121.82685842297991,13.392366573765155],[121.82688262449328,13.392448353776258],[121.82732805875449,13.39240660263398],[121.82733335752505,13.392310625821324]]]}},{"type":"Feature","properties":{"Id":0,"CLN":"1874","PSGC":"174001018","Barangay":"Bunganay","Land_Class":"RESIDENTIAL","PIN":"030-01-019-01-161","Owner":"HRS. OF ORNEDO, ROSITA","TaxDecNo":"11415"},"geometry":{"type":"Polygon","coordinates":[[[121.82688262449328,13.392448353776258],[121.82685842297991,13.392366573765155],[121.82733335752505,13.392310625821324],[121.82733439705747,13.392291796718817],[121.82683794765008,13.392352274726193],[121.8268676934278,13.392449753270792],[121.82688262449328,13.392448353776258]]]}},{"type":"Feature","properties":{"Id":0,"CLN":"1874","PSGC":"174001018","Barangay":"Bunganay","Land_Class":"AGRICULTURAL","PIN":"030-01-019-01-162"},"geometry":{"type":"Polygon","coordinates":[[[121.82707473603008,13.392323429034724],[121.827092560431,13.392131639560967],[121.82679339780863,13.392206282320945],[121.82683794765008,13.392352274726193],[121.82707473603008,13.392323429034724]]]}},{"type":"Feature","properties":{"Id":0,"CLN":"1873","PSGC":"174001018","Barangay":"Bunganay","Land_Class":"RESIDENTIAL","PIN":"030-01-019-01-163","Owner":"LABOG, TERESITA","TaxDecNo":"11416"},"geometry":{"type":"Polygon","coordinates":[[[121.82737234899224,13.392287070851982],[121.82733438679553,13.392291982593598],[121.82732805875449,13.39240660263398],[121.8273670590841,13.39239724932691],[121.82737234899224,13.392287070851982]]]}},{"type":"Feature","properties":{"Id":0,"CLN":"1897","PSGC":"174001018","Barangay":"Bunganay","Land_Class":"RESIDENTIAL","PIN":"030-01-019-01-193","Owner":"PAGLINAWAN, MARYGOR URDAS","TaxDecNo":"30218"},"geometry":{"type":"Polygon","coordinates":[[[121.82782484158139,13.39140291308484],[121.82747569591811,13.391582566532055],[121.82748424461683,13.391624953311261],[121.82782937098928,13.39151740452481],[121.82782484158139,13.39140291308484]]]}},{"type":"Feature","properties":{"Id":0,"CLN":"1901","PSGC":"174001018","Barangay":"Bunganay","Land_Class":"AGRICULTURAL","PIN":"030-01-019-01-188"},"geometry":{"type":"Polygon","coordinates":[[[121.827715480738,13.391844082062418],[121.82752289955285,13.391890268467616],[121.82753607203904,13.392001553793937],[121.82773820750009,13.391946496075208],[121.827715480738,13.391844082062418]]]}},{"type":"Feature","properties":{"Id":0,"CLN":"2123","PSGC":"174001018","Barangay":"Bunganay","Land_Class":"AGRICULTURAL","PIN":"030-01-019-01-168","Owner":"JANDA, FE","TaxDecNo":"11424"},"geometry":{"type":"Polygon","coordinates":[[[121.82792230021452,13.392967010690738],[121.82797685553132,13.393080743056084],[121.82807389007071,13.393099773637017],[121.82808188442822,13.39310134150245],[121.82825669278573,13.393117896568498],[121.82829360602757,13.393121392387757],[121.82827988640791,13.392937792445032],[121.82792230021452,13.392967010690738]]]}},{"type":"Feature","properties":{"Id":0,"CLN":"1802","PSGC":"174001018","Barangay":"Bunganay","Land_Class":"AGRICULTURAL","PIN":"030-01-019-02-037","Owner":"JACOLBIA, GILBERT J.","TaxDecNo":"11502"},"geometry":{"type":"Polygon","coordinates":[[[121.82709926941983,13.38996915407351],[121.82705523741252,13.389890311764725],[121.82678355289906,13.390012476880733],[121.82683753381171,13.390088742051732],[121.82709926941983,13.38996915407351]]]}},{"type":"Feature","properties":{"Id":0,"CLN":"1658","PSGC":"174001018","Barangay":"Bunganay","Land_Class":"RESIDENTIAL","PIN":"030-01-019-03-118","Owner":"HRS. OF MAGO, FILOMENA LOLONG","TaxDecNo":"11620"},"geometry":{"type":"Polygon","coordinates":[[[121.82423770058291,13.38613407489963],[121.82423835685161,13.385998866338964],[121.82416928257076,13.386006591351045],[121.82416189464708,13.386080271218107],[121.82417476549159,13.386134626107706],[121.82423770058291,13.38613407489963]]]}},{"type":"Feature","properties":{"Id":0,"CLN":"1658","PSGC":"174001018","Barangay":"Bunganay","Land_Class":"RESIDENTIAL","PIN":"030-01-019-03-116","Owner":"LOLONG, FLORENCIO","TaxDecNo":"11618"},"geometry":{"type":"Polygon","coordinates":[[[121.82431293956921,13.385990525261693],[121.8243122460283,13.386133421983626],[121.8243878483778,13.386132759788103],[121.82437789623768,13.386078418482958],[121.82437576604802,13.385983498944464],[121.82431293956921,13.385990525261693]]]}},{"type":"Feature","properties":{"Id":0,"CLN":"1664","PSGC":"174001018","Barangay":"Bunganay","Land_Class":"RESIDENTIAL","PIN":"030-01-019-03-030"},"geometry":{"type":"Polygon","coordinates":[[[121.82440972244028,13.386232778239625],[121.82421780533633,13.386255489788113],[121.82422561936734,13.386300078098905],[121.82442361860423,13.386280094235019],[121.82440972244028,13.386232778239625]]]}},{"type":"Feature","properties":{"Id":0,"CLN":"1676","PSGC":"174001018","Barangay":"Bunganay","Land_Class":"RESIDENTIAL","PIN":"030-01-019-03-114","Owner":"MAZON, ROEL","TaxDecNo":"11617"},"geometry":{"type":"Polygon","coordinates":[[[121.82463352133493,13.386824722049607],[121.82459666402312,13.386709543963814],[121.82446138015307,13.38674704217897],[121.82449005219522,13.386866502633557],[121.82463352133493,13.386824722049607]]]}},{"type":"Feature","properties":{"Id":0,"CLN":"1676","PSGC":"174001018","Barangay":"Bunganay","Land_Class":"RESIDENTIAL","PIN":"030-01-019-03-106","Owner":"MAZON, JOSEFINA","TaxDecNo":"11609"},"geometry":{"type":"Polygon","coordinates":[[[121.82463352133493,13.386824722049607],[121.82449005219522,13.386866502633557],[121.82451095604856,13.386953597302535],[121.8246584814455,13.386902721652234],[121.82463352133493,13.386824722049607]]]}},{"type":"Feature","properties":{"Id":0,"CLN":"1676","PSGC":"174001018","Barangay":"Bunganay","Land_Class":"RESIDENTIAL","PIN":"030-01-019-03-107","Owner":"MAZON, REYNALDO","TaxDecNo":"11610"},"geometry":{"type":"Polygon","coordinates":[[[121.82448990565233,13.386865892071114],[121.82435066214956,13.386904798284963],[121.82437497957133,13.387000490091173],[121.82451095604856,13.386953597302535],[121.82448990565233,13.386865892071114]]]}},{"type":"Feature","properties":{"Id":0,"CLN":"1676","PSGC":"174001018","Barangay":"Bunganay","Land_Class":"RESIDENTIAL","PIN":"030-01-019-03-108","Owner":"MAZON, TEODORO","TaxDecNo":"11611"},"geometry":{"type":"Polygon","coordinates":[[[121.82435107377583,13.386906418081596],[121.82417538837473,13.386952956468154],[121.82420508397195,13.387059080081409],[121.82437497957133,13.387000490091173],[121.82435107377583,13.386906418081596]]]}},{"type":"Feature","properties":{"Id":0,"CLN":"1676","PSGC":"174001018","Barangay":"Bunganay","Land_Class":"RESIDENTIAL","PIN":"030-01-019-03-112","Owner":"MAZON, RESURRECTION","TaxDecNo":"11615"},"geometry":{"type":"Polygon","coordinates":[[[121.82435107377583,13.386906418081596],[121.82432049638363,13.386786092492393],[121.82418601635837,13.386823367722132],[121.82419179146133,13.386836253935561],[121.82414558325927,13.386846441385511],[121.82417538837473,13.386952956468154],[121.82435107377583,13.386906418081596]]]}},{"type":"Feature","properties":{"Id":0,"CLN":"1676","PSGC":"174001018","Barangay":"Bunganay","Land_Class":"RESIDENTIAL","PIN":"030-01-019-03-109","Owner":"MAZON, YOLENI","TaxDecNo":"11612"},"geometry":{"type":"Polygon","coordinates":[[[121.82417545173828,13.386953182911503],[121.82398860002014,13.386998688507937],[121.82402704751449,13.387120477360705],[121.82420508397195,13.387059080081409],[121.82417545173828,13.386953182911503]]]}},{"type":"Feature","properties":{"Id":0,"CLN":"1676","PSGC":"174001018","Barangay":"Bunganay","Land_Class":"RESIDENTIAL","PIN":"030-01-019-03-111","Owner":"MAZON, ELINITA","TaxDecNo":"11614"},"geometry":{"type":"Polygon","coordinates":[[[121.82417545173828,13.386953182911503],[121.82414558325927,13.386846441385511],[121.8239538796592,13.386888705876668],[121.82398860002014,13.386998688507937],[121.82417545173828,13.386953182911503]]]}},{"type":"Feature","properties":{"Id":0,"CLN":"1676","PSGC":"174001018","Barangay":"Bunganay","Land_Class":"RESIDENTIAL","PIN":"030-01-019-03-110","Owner":"HISTORILLO, ROSALIA","TaxDecNo":"11613"},"geometry":{"type":"Polygon","coordinates":[[[121.82402704751449,13.387120477360705],[121.8239538796592,13.386888705876668],[121.82380463230649,13.386921610014843],[121.82373458430745,13.387221335259145],[121.82402704751449,13.387120477360705]]]}},{"type":"Feature","properties":{"Id":0,"CLN":"1679","PSGC":"174001018","Barangay":"Bunganay","Land_Class":"RESIDENTIAL","PIN":"030-01-019-03-119","Owner":"SPOUSES TEGERERO, ROQUE U. & TEGERERO, MERLYN","TaxDecNo":"11621"},"geometry":{"type":"Polygon","coordinates":[[[121.82396169778777,13.38727517135741],[121.82396234053189,13.387142792035071],[121.82373458430745,13.387221335259145],[121.82372222925417,13.387361301678803],[121.82396169778777,13.38727517135741]]]}},{"type":"Feature","properties":{"Id":0,"CLN":"1695","PSGC":"174001018","Barangay":"Bunganay","Land_Class":"RESIDENTIAL","PIN":null},"geometry":{"type":"Polygon","coordinates":[[[121.82497550023747,13.387524827647075],[121.82464717158416,13.387681996281788],[121.82467534418802,13.387737821425036],[121.82500455996718,13.387574901493904],[121.82497550023747,13.387524827647075]]]}},{"type":"Feature","properties":{"Id":0,"CLN":"1695","PSGC":"174001018","Barangay":"Bunganay","Land_Class":"RESIDENTIAL","PIN":null},"geometry":{"type":"Polygon","coordinates":[[[121.82497550023747,13.387524827647075],[121.82493943350771,13.387462679760064],[121.82461232153571,13.387612939477993],[121.82464717158416,13.387681996281788],[121.82497550023747,13.387524827647075]]]}},{"type":"Feature","properties":{"Id":0,"CLN":"1696","PSGC":"174001018","Barangay":"Bunganay","Land_Class":"RESIDENTIAL","PIN":null},"geometry":{"type":"Polygon","coordinates":[[[121.82448777072355,13.387889781551081],[121.82446204137096,13.387843378825757],[121.82404638157358,13.388049076036888],[121.82407289303706,13.388099205714175],[121.82448777072355,13.387889781551081]]]}},{"type":"Feature","properties":{"Id":0,"CLN":"1696","PSGC":"174001018","Barangay":"Bunganay","Land_Class":"RESIDENTIAL","PIN":"030-01-019-03-074","Owner":"MONCADA, WELMIE","TaxDecNo":"11578"},"geometry":{"type":"Polygon","coordinates":[[[121.82489160547681,13.387630799673563],[121.82491303106963,13.387675115248342],[121.82503111779963,13.387615506286613],[121.82500455996718,13.387574901493904],[121.82489160547681,13.387630799673563]]]}},{"type":"Feature","properties":{"Id":0,"CLN":"1696","PSGC":"174001018","Barangay":"Bunganay","Land_Class":"RESIDENTIAL","PIN":"030-01-019-03-011"},"geometry":{"type":"Polygon","coordinates":[[[121.82457078318359,13.387847877950211],[121.82454760971129,13.387801033560617],[121.82446204137096,13.387843378825757],[121.82448777072355,13.387889781551081],[121.82457078318359,13.387847877950211]]]}},{"type":"Feature","properties":{"Id":0,"CLN":"1699","PSGC":"174001018","Barangay":"Bunganay","Land_Class":"RESIDENTIAL","PIN":null},"geometry":{"type":"Polygon","coordinates":[[[121.82451724854516,13.38794427662924],[121.82448745951172,13.387889938646618],[121.82407289303706,13.388099205714175],[121.8241018367163,13.388149346707912],[121.82451724854516,13.38794427662924]]]}},{"type":"Feature","properties":{"Id":0,"CLN":"1699","PSGC":"174001018","Barangay":"Bunganay","Land_Class":"RESIDENTIAL","PIN":"030-01-019-03-073","Owner":"MONCADA, WELMIE","TaxDecNo":"11577"},"geometry":{"type":"Polygon","coordinates":[[[121.82491318049753,13.387675039818724],[121.82493465281269,13.387721249344692],[121.82505523188819,13.38765848096772],[121.82503111779963,13.387615506286613],[121.82491318049753,13.387675039818724]]]}},{"type":"Feature","properties":{"Id":0,"CLN":"1699","PSGC":"174001018","Barangay":"Bunganay","Land_Class":"RESIDENTIAL","PIN":"030-01-019-03-010"},"geometry":{"type":"Polygon","coordinates":[[[121.82459856230459,13.387902872929613],[121.82457080348438,13.387847867702591],[121.82448745951172,13.387889938646618],[121.82451724854516,13.38794427662924],[121.82457970463491,13.38791344478285],[121.82459856230459,13.387902872929613]]]}},{"type":"Feature","properties":{"Id":0,"CLN":"1707","PSGC":"174001018","Barangay":"Bunganay","Land_Class":"RESIDENTIAL","PIN":"030-01-019-03-096","Owner":"MONCADA, WILMIE & MONCADA, EDELIZA","TaxDecNo":"11598"},"geometry":{"type":"Polygon","coordinates":[[[121.82432804074264,13.388241296710428],[121.82430442900213,13.38815172633513],[121.82416960321945,13.388218718377498],[121.82419524387392,13.388309060700415],[121.82432804074264,13.388241296710428]]]}},{"type":"Feature","properties":{"Id":0,"CLN":"1707","PSGC":"174001018","Barangay":"Bunganay","Land_Class":"RESIDENTIAL","PIN":"030-01-019-03-097","Owner":"LANOT, MODESTO & LANOT, CHONA","TaxDecNo":"11599"},"geometry":{"type":"Polygon","coordinates":[[[121.8243982268589,13.388205481880355],[121.82437820878157,13.388115066695699],[121.82430442900213,13.38815172633513],[121.82432804074264,13.388241296710428],[121.8243982268589,13.388205481880355]]]}},{"type":"Feature","properties":{"Id":0,"CLN":"1651","PSGC":"174001018","Barangay":"Bunganay","Land_Class":"RESIDENTIAL","PIN":"030-01-019-03-091","Owner":"LORING, CECILIA","TaxDecNo":"11593"},"geometry":{"type":"Polygon","coordinates":[[[121.82496016148959,13.387103768985071],[121.82491948041206,13.387119221022127],[121.82496929893597,13.38721136255546],[121.82500730529125,13.387198679931004],[121.82496016148959,13.387103768985071]]]}},{"type":"Feature","properties":{"Id":0,"CLN":"1652","PSGC":"174001018","Barangay":"Bunganay","Land_Class":"RESIDENTIAL","PIN":"030-01-019-03-092","Owner":"ESTRADA, LILIA","TaxDecNo":"11594"},"geometry":{"type":"Polygon","coordinates":[[[121.82510468697797,13.387054554529412],[121.82514530659083,13.387149745742043],[121.82527776247558,13.387102777821916],[121.82523760638094,13.387009083812538],[121.82510468697797,13.387054554529412]]]}},{"type":"Feature","properties":{"Id":0,"CLN":"1652","PSGC":"174001018","Barangay":"Bunganay","Land_Class":"RESIDENTIAL","PIN":"030-01-019-03-124","Owner":"MONCADA, CHONA S.","TaxDecNo":"11628"},"geometry":{"type":"Polygon","coordinates":[[[121.8250642850074,13.38696525995201],[121.82510442441084,13.387054647046332],[121.82523760638094,13.387009083812538],[121.82519983586901,13.386920955887451],[121.8250642850074,13.38696525995201]]]}},{"type":"Feature","properties":{"Id":0,"CLN":"1651","PSGC":"174001018","Barangay":"Bunganay","Land_Class":"RESIDENTIAL","PIN":"030-01-019-03-121","Owner":"MANGUBAT, JENIFHER CONAG","TaxDecNo":"30598"},"geometry":{"type":"Polygon","coordinates":[[[121.82492392419996,13.387030827648912],[121.82491625135937,13.387015368069807],[121.82487094118572,13.387029445534735],[121.82487941771994,13.387045123271932],[121.82492392419996,13.387030827648912]]]}},{"type":"Feature","properties":{"Id":0,"CLN":"1652","PSGC":"174001018","Barangay":"Bunganay","Land_Class":"RESIDENTIAL","PIN":"030-01-019-03-123","Owner":"MANGUBAT, JENIFHER CONAG","TaxDecNo":"30597"},"geometry":{"type":"Polygon","coordinates":[[[121.82506759884727,13.386972639598751],[121.82493645041492,13.387017893718165],[121.82494043611041,13.387025393977858],[121.82492392419996,13.387030827648912],[121.8249602576607,13.38710396259897],[121.82510442441084,13.387054647046332],[121.82506759884727,13.386972639598751]]]}},{"type":"Feature","properties":{"Id":0,"CLN":"1652","PSGC":"174001018","Barangay":"Bunganay","Land_Class":"RESIDENTIAL","PIN":null},"geometry":{"type":"Polygon","coordinates":[[[121.82506759884727,13.386972639598751],[121.8250642850074,13.38696525995201],[121.825031736639,13.386975898196193],[121.82491625135937,13.387015368069807],[121.82492392419996,13.387030827648912],[121.82494043611041,13.387025393977858],[121.82493645041492,13.387017893718165],[121.82506759884727,13.386972639598751]]]}},{"type":"Feature","properties":{"Id":0,"CLN":"1734","PSGC":"174001018","Barangay":"Bunganay","Land_Class":"AGRICULTURAL","PIN":"030-01-019-04-023","Owner":"JANDA, JOSE","TaxDecNo":"11651"},"geometry":{"type":"Polygon","coordinates":[[[121.82955697683127,13.387208560500307],[121.82955631479449,13.387207730688056],[121.82935532897558,13.386901455900022],[121.82920783327373,13.386664293574931],[121.82873102858709,13.386155489042823],[121.82850700541155,13.386259959097444],[121.82830860625788,13.386283450144948],[121.82829532033932,13.386493601674616],[121.82890810076528,13.387015104600028],[121.8292985370219,13.387512393514925],[121.82929851575615,13.387512639135522],[121.82933945642507,13.387497440236482],[121.82939121672922,13.38730851215014],[121.82955697683127,13.387208560500307]]]}},{"type":"Feature","properties":{"Id":0,"CLN":"1732","PSGC":"174001018","Barangay":"Bunganay","Land_Class":"AGRICULTURAL","PIN":"030-01-019-04-081","Owner":"LOLONG, TERESITA LANOT","TaxDecNo":"11707"},"geometry":{"type":"Polygon","coordinates":[[[121.82882636138248,13.38708402038992],[121.82824709444998,13.386804796144027],[121.82825607248581,13.386997931187848],[121.82877567624233,13.38718750388355],[121.82882636138248,13.38708402038992]]]}},{"type":"Feature","properties":{"Id":0,"CLN":"2100","PSGC":"174001018","Barangay":"Bunganay","Land_Class":"RESIDENTIAL","PIN":"030-01-019-04-040","Owner":"ATIENZA, ADELINO","TaxDecNo":"11669"},"geometry":{"type":"Polygon","coordinates":[[[121.82472598669376,13.385123819020166],[121.82470715512648,13.385257254584156],[121.82489585904608,13.38525813203806],[121.82490535809792,13.38512217976265],[121.82472598669376,13.385123819020166]]]}},{"type":"Feature","properties":{"Id":0,"CLN":"2100","PSGC":"174001018","Barangay":"Bunganay","Land_Class":"AGRICULTURAL","PIN":"030-01-019-04-052","Owner":"BONGCARON, PABLO & BONGCARON, EDNA JALOS","TaxDecNo":"11679"},"geometry":{"type":"Polygon","coordinates":[[[121.82490527241816,13.385123406029045],[121.82489585904608,13.38525813203806],[121.82507375983043,13.38525895912948],[121.82507441939421,13.385122965746977],[121.82490527241816,13.385123406029045]]]}},{"type":"Feature","properties":{"Id":0,"CLN":"2100","PSGC":"174001018","Barangay":"Bunganay","Land_Class":"RESIDENTIAL","PIN":"030-01-019-04-040","Owner":"ATIENZA, ADELINO","TaxDecNo":"11669"},"geometry":{"type":"Polygon","coordinates":[[[121.82459037859451,13.384996262711992],[121.82456781243488,13.385114092429228],[121.82472490871214,13.385121978403218],[121.82473690055636,13.384996944091766],[121.82459037859451,13.384996262711992]]]}},{"type":"Feature","properties":{"Id":0,"CLN":"2100","PSGC":"174001018","Barangay":"Bunganay","Land_Class":"AGRICULTURAL","PIN":"030-01-019-04-051","Owner":"MAGO, TRANQUILINO & MAGO, FILOMENA LOLONG","TaxDecNo":"11678"},"geometry":{"type":"Polygon","coordinates":[[[121.82490408687535,13.385122191380686],[121.82490470872777,13.384993990784071],[121.82473679156664,13.384998080486142],[121.82472490871214,13.385121978403218],[121.82472623704676,13.38512204508302],[121.82472598669376,13.385123819020166],[121.82490408687535,13.385122191380686]]]}},{"type":"Feature","properties":{"Id":0,"CLN":"2100","PSGC":"174001018","Barangay":"Bunganay","Land_Class":"RESIDENTIAL","PIN":"030-01-019-04-058","Owner":"BRIONES, LINA","TaxDecNo":"11683"},"geometry":{"type":"Polygon","coordinates":[[[121.82498801872235,13.385123190658252],[121.82498865254553,13.38499251284318],[121.82490470313508,13.38499514377282],[121.82490408687535,13.385122191380686],[121.82490535809792,13.38512217976265],[121.82490527241816,13.385123406029045],[121.82498801872235,13.385123190658252]]]}},{"type":"Feature","properties":{"Id":0,"CLN":"2100","PSGC":"174001018","Barangay":"Bunganay","Land_Class":"RESIDENTIAL","PIN":"030-01-019-04-057","Owner":"MAWAC, EDILBERTO & PABLO, ELISA","TaxDecNo":"11682"},"geometry":{"type":"Polygon","coordinates":[[[121.82498865254553,13.38499251284318],[121.82498801872235,13.385123190658252],[121.82507441939421,13.385122965746977],[121.82507506521422,13.384989804687043],[121.82498865254553,13.38499251284318]]]}},{"type":"Feature","properties":{"Id":0,"CLN":"2100","PSGC":"174001018","Barangay":"Bunganay","Land_Class":"COMMERCIAL","PIN":"030-01-019-04-063","Owner":"NAPILOT, REYNALDO & NAPILOT, NIEVES L.","TaxDecNo":"11685"},"geometry":{"type":"Polygon","coordinates":[[[121.8247538965992,13.384866253407095],[121.82461523376892,13.384866480684483],[121.82459037859451,13.384996262711992],[121.82473471137634,13.38499693391192],[121.8247538965992,13.384866253407095]]]}},{"type":"Feature","properties":{"Id":0,"CLN":"2100","PSGC":"174001018","Barangay":"Bunganay","Land_Class":"AGRICULTURAL","PIN":"030-01-019-04-056","Owner":"MABATO, ELBERTO","TaxDecNo":"11681"},"geometry":{"type":"Polygon","coordinates":[[[121.82498861281555,13.384992514088287],[121.82498922707966,13.384865867510962],[121.8247538965992,13.384866253407095],[121.82473471137634,13.38499693391192],[121.82473690055636,13.384996944091766],[121.82473679156664,13.384998080486142],[121.82490470872777,13.384993990784071],[121.82490470313508,13.38499514377282],[121.82498861281555,13.384992514088287]]]}},{"type":"Feature","properties":{"Id":0,"CLN":"1715","PSGC":"174001018","Barangay":"Bunganay","Land_Class":"AGRICULTURAL","PIN":"030-01-019-04-045","Owner":"GO, AGNES S.","TaxDecNo":"11673"},"geometry":{"type":"Polygon","coordinates":[[[121.8256994707518,13.388710345901867],[121.82548065132788,13.388425751344405],[121.82498573405753,13.388700140940651],[121.82502084187222,13.388916636198115],[121.82441538946313,13.389242701500073],[121.8244326114689,13.389599287922886],[121.82509551401381,13.389259181318073],[121.82509658257767,13.38903892097918],[121.8256994707518,13.388710345901867]]]}},{"type":"Feature","properties":{"Id":0,"CLN":"1715","PSGC":"174001018","Barangay":"Bunganay","Land_Class":"AGRICULTURAL","PIN":"030-01-019-04-046"},"geometry":{"type":"Polygon","coordinates":[[[121.82548065132788,13.388425751344405],[121.8253886881525,13.388306144632336],[121.8243958997569,13.388839161559835],[121.82441538946313,13.389242701500073],[121.82502084187222,13.388916636198115],[121.82498573405753,13.388700140940651],[121.82548065132788,13.388425751344405]]]}},{"type":"Feature","properties":{"Id":0,"CLN":"1713","PSGC":"174001018","Barangay":"Bunganay","Land_Class":"AGRICULTURAL","PIN":"030-01-019-04-079"},"geometry":{"type":"Polygon","coordinates":[[[121.82459916229564,13.388730032717724],[121.82446591779096,13.388278589565589],[121.82424667884597,13.388402433466206],[121.8243958997569,13.388839161559835],[121.82459916229564,13.388730032717724]]]}},{"type":"Feature","properties":{"Id":0,"CLN":"1713","PSGC":"174001018","Barangay":"Bunganay","Land_Class":"AGRICULTURAL","PIN":"030-01-019-04-078","Owner":"HRS. OF ORNEDO, VICENTE","TaxDecNo":"11704"},"geometry":{"type":"Polygon","coordinates":[[[121.82527064306691,13.388083343611925],[121.82516159406457,13.387877521627503],[121.8248798000405,13.388028611514889],[121.82471495700251,13.388137911661632],[121.82446591779096,13.388278589565589],[121.82453078097548,13.388498351465437],[121.82527064306691,13.388083343611925]]]}},{"type":"Feature","properties":{"Id":0,"CLN":"1635","PSGC":"174001018","Barangay":"Bunganay","Land_Class":"AGRICULTURAL","PIN":null},"geometry":{"type":"Polygon","coordinates":[[[121.8236827494769,13.385573807743594],[121.8237733450818,13.385581415886168],[121.8238928291323,13.385594238199792],[121.8238953611007,13.385417339324226],[121.82369201115993,13.385409755488412],[121.8236827494769,13.385573807743594]]]}},{"type":"Feature","properties":{"Id":0,"CLN":"1635","PSGC":"174001018","Barangay":"Bunganay","Land_Class":"AGRICULTURAL","PIN":null},"geometry":{"type":"Polygon","coordinates":[[[121.82369275253987,13.385409783138131],[121.82379824031834,13.385413717272934],[121.82379869170256,13.38532075001821],[121.82369318724567,13.385320258990381],[121.82369275253987,13.385409783138131]]]}},{"type":"Feature","properties":{"Id":0,"CLN":"1635","PSGC":"174001018","Barangay":"Bunganay","Land_Class":"AGRICULTURAL","PIN":null},"geometry":{"type":"Polygon","coordinates":[[[121.8237410522122,13.385148948458443],[121.82354485620947,13.385135942185284],[121.8235389151984,13.385241135945765],[121.82374060004,13.385242074685934],[121.8237410522122,13.385148948458443]]]}},{"type":"Feature","properties":{"Id":0,"CLN":"1635","PSGC":"174001018","Barangay":"Bunganay","Land_Class":"AGRICULTURAL","PIN":"030-01-019-04-074","Owner":"ORNEDO, RODOLFO & ORNEDO, VIRGILIO & ORNEDO, AURORA & ORNEDO, REYNALDO","TaxDecNo":"11697"},"geometry":{"type":"Polygon","coordinates":[[[121.82371479659191,13.38532035956593],[121.82371494161917,13.385290491679859],[121.8235361747328,13.38528965959826],[121.82352089455335,13.385560215221957],[121.8236827494769,13.385573807743594],[121.82369201115993,13.385409755488412],[121.82369275253987,13.385409783138131],[121.82369318724567,13.385320258990381],[121.82371479659191,13.38532035956593]]]}},{"type":"Feature","properties":{"Id":0,"CLN":"1635","PSGC":"174001018","Barangay":"Bunganay","Land_Class":"AGRICULTURAL","PIN":"030-01-019-04-069","Owner":"ORNEDO, RODOLFO","TaxDecNo":"11692"},"geometry":{"type":"Polygon","coordinates":[[[121.82436312011123,13.385363200930266],[121.82389558153322,13.385361025664267],[121.82389530814497,13.3854173373493],[121.8238953611007,13.385417339324226],[121.8238928291323,13.385594238199792],[121.82433565895795,13.385641759547863],[121.82436312011123,13.385363200930266]]]}},{"type":"Feature","properties":{"Id":0,"CLN":"1635","PSGC":"174001018","Barangay":"Bunganay","Land_Class":"RESIDENTIAL","PIN":"030-01-019-04-070","Owner":"GO, AGNES S.","TaxDecNo":"11693"},"geometry":{"type":"Polygon","coordinates":[[[121.82438065653632,13.385185315621653],[121.82418451704375,13.385184403194858],[121.82418423314739,13.385242894482094],[121.82399102020457,13.385241995516731],[121.82399130414753,13.385183504233558],[121.82389596884211,13.385183060612745],[121.82389543716005,13.385292576202774],[121.82379755953922,13.385292120710814],[121.8237974205645,13.38532074410247],[121.82379869170256,13.38532075001821],[121.82379824031834,13.385413717272934],[121.82389530814497,13.3854173373493],[121.82389558153322,13.385361025664267],[121.82436312011123,13.385363200930266],[121.82438065653632,13.385185315621653]]]}},{"type":"Feature","properties":{"Id":0,"CLN":"1635","PSGC":"174001018","Barangay":"Bunganay","Land_Class":"AGRICULTURAL","PIN":"030-01-019-04-073","Owner":"DEL CARMEN, NUESTRA SENORA","TaxDecNo":"11696"},"geometry":{"type":"Polygon","coordinates":[[[121.82418727117503,13.385184416007926],[121.8241877342644,13.385089004687684],[121.82399113174556,13.385088089962712],[121.82399066857883,13.38518350127621],[121.82399130414753,13.385183504233558],[121.82399102020457,13.385241995516731],[121.82418423314739,13.385242894482094],[121.82418451704375,13.385184403194858],[121.82418727117503,13.385184416007926]]]}},{"type":"Feature","properties":{"Id":0,"CLN":"1635","PSGC":"174001018","Barangay":"Bunganay","Land_Class":"AGRICULTURAL","PIN":"030-01-019-04-072","Owner":"ORNEDO, VIRGILIO","TaxDecNo":"11695"},"geometry":{"type":"Polygon","coordinates":[[[121.82439880608425,13.385001210540954],[121.82441255936122,13.384861700008743],[121.82398278284954,13.384925997799172],[121.82381460592826,13.384923322510126],[121.82382121756329,13.38515426275539],[121.8237410522122,13.385148948458443],[121.82374060004,13.385242074685934],[121.8235389151984,13.385241135945765],[121.8235361747328,13.38528965959826],[121.82371494161917,13.385290491679859],[121.82371479659191,13.38532035956593],[121.8237974205645,13.38532074410247],[121.82379755953922,13.385292120710814],[121.82389543716005,13.385292576202774],[121.82389686302402,13.384998875300129],[121.82439880608425,13.385001210540954]]]}},{"type":"Feature","properties":{"Id":0,"CLN":"1934","PSGC":"174001018","Barangay":"Bunganay","Land_Class":"AGRICULTURAL","PIN":"030-01-019-07-057","Owner":"ORNEDO, ANTONIO","TaxDecNo":"11924"},"geometry":{"type":"Polygon","coordinates":[[[121.83630124886521,13.392489657979846],[121.83598404572429,13.392492450390026],[121.83571413395565,13.392414026929403],[121.8356193897091,13.392209615640573],[121.83573816849233,13.392099906555396],[121.83552496376096,13.391939051869834],[121.83508151308824,13.3925024084982],[121.83523562678664,13.392717731849313],[121.83532830624851,13.393577528715491],[121.83630124886521,13.392489657979846]]]}},{"type":"Feature","properties":{"Id":0,"CLN":"1961","PSGC":"174001018","Barangay":"Bunganay","Land_Class":"RESIDENTIAL","PIN":"030-01-019-07-060","Owner":"SANGGUNIANG BARANGAY","TaxDecNo":"11926"},"geometry":{"type":"Polygon","coordinates":[[[121.83678738410136,13.389948435564003],[121.83655001153903,13.389971009534603],[121.83655597901007,13.39013468781445],[121.83678650826833,13.390130771167357],[121.83678738410136,13.389948435564003]]]}},{"type":"Feature","properties":{"Id":0,"CLN":"2078","PSGC":"174001018","Barangay":"Bunganay","Land_Class":"AGRICULTURAL","PIN":"030-01-019-10-031","Owner":"MAGSISI, SABAS ABAD","TaxDecNo":"12042"},"geometry":{"type":"Polygon","coordinates":[[[121.85002795362075,13.397215842216943],[121.8492189712377,13.397122815540182],[121.84906237146788,13.397269598082236],[121.84885414372013,13.397335113625514],[121.84891269753402,13.39751400431284],[121.84901026905251,13.397518603098554],[121.84900456407038,13.397825976155493],[121.84907197963702,13.397925980423999],[121.84945982036423,13.397566346190203],[121.84986269890986,13.397724628256626],[121.85002581071939,13.39721998471607],[121.85002795362075,13.397215842216943]]]}},{"type":"Feature","properties":{"Id":0,"CLN":"2069","PSGC":"174001018","Barangay":"Bunganay","Land_Class":"AGRICULTURAL","PIN":"030-01-019-10-035","Owner":"LOLONG, JUAN","TaxDecNo":"12046"},"geometry":{"type":"Polygon","coordinates":[[[121.85006362963321,13.400013720540766],[121.84942774600725,13.401547676433063],[121.84907169106494,13.402070498152938],[121.84853474471564,13.402330271875615],[121.84821794409955,13.401358604186704],[121.84794663656214,13.400958788397205],[121.8480008049683,13.400684748560554],[121.84798661663976,13.40068630347951],[121.84750837337806,13.400668511735933],[121.84782335534032,13.401719024383407],[121.84774703046114,13.402333456980049],[121.84813360800219,13.402304956000265],[121.84846322049783,13.4023367249889],[121.84864028664698,13.402646371299857],[121.849718488218,13.402056937198806],[121.84984158105264,13.401815509997117],[121.84975734975683,13.401546967614825],[121.85017261027755,13.400470488655683],[121.85031447280934,13.400373351488328],[121.85013764882129,13.399836959614827],[121.85008931261144,13.399977871589867],[121.85006362963321,13.400013720540766]]]}},{"type":"Feature","properties":{"Id":0,"CLN":"2069","PSGC":"174001018","Barangay":"Bunganay","Land_Class":"AGRICULTURAL","PIN":"030-01-019-10-034","Owner":"LOLONG, MARIA","TaxDecNo":"12045"},"geometry":{"type":"Polygon","coordinates":[[[121.84973872973737,13.40025801394521],[121.84938609934119,13.400328473630042],[121.84862472018884,13.400616371994825],[121.8480008049683,13.400684748560554],[121.84794663656214,13.400958788397205],[121.84821794409955,13.401358604186704],[121.84831973986854,13.401670825508488],[121.84874996000627,13.40139577529814],[121.84973872973737,13.40025801394521]]]}},{"type":"Feature","properties":{"Id":0,"CLN":"1787","PSGC":"174001018","Barangay":"Bunganay","Land_Class":"AGRICULTURAL","PIN":"030-01-019-05-021","Owner":"ORNEDO, ROSITA","TaxDecNo":"32077"},"geometry":{"type":"Polygon","coordinates":[[[121.82770113564693,13.389439407529656],[121.82836734364996,13.390868271209335],[121.82839635092816,13.390852933558886],[121.82770588732872,13.389401399956805],[121.82770113564693,13.389439407529656]]]}},{"type":"Feature","properties":{"Id":0,"CLN":"1787","PSGC":"174001018","Barangay":"Bunganay","Land_Class":"RESIDENTIAL","PIN":"030-01-019-05-081","Owner":"JAMILLA, RACHELL (MINOR)","TaxDecNo":"11792"},"geometry":{"type":"Polygon","coordinates":[[[121.82775891044034,13.389771664454539],[121.8277196529741,13.389683603361146],[121.82764186250031,13.389721239980682],[121.82767788591092,13.389806227225261],[121.82775891044034,13.389771664454539]]]}},{"type":"Feature","properties":{"Id":0,"CLN":"1787","PSGC":"174001018","Barangay":"Bunganay","Land_Class":"RESIDENTIAL","PIN":"030-01-019-05-082","Owner":"MONLEON, MARICEL (MINOR)","TaxDecNo":"11793"},"geometry":{"type":"Polygon","coordinates":[[[121.8277196529741,13.389683603361146],[121.82775891044034,13.389771664454539],[121.82783993494839,13.389737101655781],[121.82779744342524,13.389645966715552],[121.8277196529741,13.389683603361146]]]}},{"type":"Feature","properties":{"Id":0,"CLN":"1787","PSGC":"174001018","Barangay":"Bunganay","Land_Class":"AGRICULTURAL","PIN":"030-01-019-05-021","Owner":"ORNEDO, ROSITA","TaxDecNo":"32077"},"geometry":{"type":"Polygon","coordinates":[[[121.82779744342524,13.389645966715552],[121.82770113564693,13.389439407529656],[121.8276963839631,13.389477415102135],[121.82764153200587,13.389581047125239],[121.82756349792984,13.38966176719946],[121.82761783475775,13.389664553154846],[121.82764186250031,13.389721239980682],[121.82779744342524,13.389645966715552]]]}},{"type":"Feature","properties":{"Id":0,"CLN":"1787","PSGC":"174001018","Barangay":"Bunganay","Land_Class":"AGRICULTURAL","PIN":"030-01-019-05-021","Owner":"ORNEDO, ROSITA","TaxDecNo":"32077"},"geometry":{"type":"Polygon","coordinates":[[[121.82781159711331,13.389403291608984],[121.82772661482765,13.389444974791946],[121.82839635092816,13.390852933558886],[121.82847277159559,13.390812525967425],[121.82822471624769,13.390251232220018],[121.82781159711331,13.389403291608984]]]}},{"type":"Feature","properties":{"Id":0,"CLN":"1787","PSGC":"174001018","Barangay":"Bunganay","Land_Class":"RESIDENTIAL","PIN":"030-01-019-05-083","Owner":"MAGTURO, JEANNA MARIE","TaxDecNo":"11794"},"geometry":{"type":"Polygon","coordinates":[[[121.82781159711331,13.389403291608984],[121.82779796841196,13.389375318148483],[121.82771539068634,13.389325384810213],[121.82770588732872,13.389401399956805],[121.82772661482765,13.389444974791946],[121.82781159711331,13.389403291608984]]]}},{"type":"Feature","properties":{"Id":0,"CLN":"1824","PSGC":"174001018","Barangay":"Bunganay","Land_Class":"AGRICULTURAL","PIN":"030-01-019-04-065","Owner":"MONROYO, NERISSA C.","TaxDecNo":"11688"},"geometry":{"type":"Polygon","coordinates":[[[121.82629258355662,13.39040048224021],[121.82628810615675,13.39039206039437],[121.82620562583809,13.39023691744743],[121.82605091046638,13.389939004795092],[121.82621617306742,13.389876229031804],[121.82619298482207,13.38983393247898],[121.82641807173205,13.389764966088643],[121.82642126749386,13.389707828269259],[121.82638005775131,13.389628575666364],[121.82589032481756,13.389898728005006],[121.82579731115331,13.38981828203399],[121.82559464541555,13.389878302904],[121.82571531334243,13.390250419569288],[121.82576773582484,13.390249170819926],[121.82588175625726,13.390211122684608],[121.82594970615241,13.390042838126478],[121.82605820540431,13.390240518947158],[121.82616426625187,13.390441439500055],[121.82617414960616,13.390460655377863],[121.82629258355662,13.39040048224021]]]}},{"type":"Feature","properties":{"Id":0,"CLN":"1824","PSGC":"174001018","Barangay":"Bunganay","Land_Class":"AGRICULTURAL","PIN":"030-01-019-04-054","Owner":"MONROYO, NEIL ANDREI GIBA (MINORS), MONROYO, BEN FRANCIS GIBA & MONROYO, ARVIE GIBA","TaxDecNo":"11680"},"geometry":{"type":"Polygon","coordinates":[[[121.82629258355662,13.39040048224021],[121.82617414960616,13.390460655377863],[121.82635755096504,13.39081723598337],[121.82641210725252,13.390795182962613],[121.82648389607954,13.39076039085772],[121.82641151601592,13.390624190163509],[121.82629258355662,13.39040048224021]]]}}]}