{"type":"FeatureCollection","name":"Pawa","crs":{"type":"name","properties":{"name":"urn:ogc:def:crs:OGC:1.3:CRS84"}},"features":[{"type":"Feature","properties":{"Id":0,"CLN":"14965 pt","PSGC":"174001042","Barangay":"Pawa","Land_Class":"AGRICULTURAL","PIN":"030-01-039-04-076","ALN":"076","Section":"04","Brgy_Code":"039","Owner":"SELDAS, ALBERTO M.","TaxDecNo":"21428"},"geometry":{"type":"Polygon","coordinates":[[[121.87393288241636,13.456888588410903],[121.87393644723568,13.456681266528085],[121.8726886860118,13.456254792824897],[121.87285798048025,13.456540872119417],[121.87292459266178,13.45679328204578],[121.87372342684549,13.456885182182608],[121.87393288241636,13.456888588410903]]]}},{"type":"Feature","properties":{"Id":0,"CLN":"14563 pt","PSGC":"174001042","Barangay":"Pawa","Land_Class":"AGRICULTURAL","PIN":"030-01-039-04-064","ALN":"064","Section":"04","Brgy_Code":"039","Owner":"MATARUNDO, FELISA","TaxDecNo":"21419"},"geometry":{"type":"Polygon","coordinates":[[[121.87466558488856,13.456099445618449],[121.8739766209616,13.456569772453385],[121.87403039739588,13.456713377553873],[121.87458024874105,13.45655319471068],[121.87479066211824,13.456363206306428],[121.87466558488856,13.456099445618449]]]}},{"type":"Feature","properties":{"Id":0,"CLN":"14571","PSGC":"174001042","Barangay":"Pawa","Land_Class":"AGRICULTURAL","PIN":"030-01-039-04-008","ALN":"008","Section":"04","Brgy_Code":"039","Owner":"MARTE, PAMFILO","TaxDecNo":"21367"},"geometry":{"type":"Polygon","coordinates":[[[121.87392334612503,13.456430039255443],[121.87446795403433,13.455845544545804],[121.8740657078704,13.455341669366524],[121.87316863635063,13.455592225094618],[121.87392334612503,13.456430039255443]]]}},{"type":"Feature","properties":{"Id":0,"CLN":"14568","PSGC":"174001042","Barangay":"Pawa","Land_Class":"AGRICULTURAL","PIN":"030-01-039-04-006","ALN":"006","Section":"04","Brgy_Code":"039","Owner":"MORALES, EDWEN","TaxDecNo":"21365"},"geometry":{"type":"Polygon","coordinates":[[[121.87403038641241,13.456713388689316],[121.87392334612503,13.456430039255443],[121.87316863635063,13.455592225094618],[121.87292196592293,13.45581033552853],[121.87261749613398,13.456028186606696],[121.8726886860118,13.456254792824879],[121.87403038641241,13.456713388689316]]]}},{"type":"Feature","properties":{"Id":0,"CLN":"14569 pt","PSGC":"174001042","Barangay":"Pawa","Land_Class":"AGRICULTURAL","PIN":"030-01-039-04-070","ALN":"070","Section":"04","Brgy_Code":"039","Owner":"LANCION, CONRADO JR.","TaxDecNo":"21436"},"geometry":{"type":"Polygon","coordinates":[[[121.87233296698649,13.455480120739196],[121.87292159183731,13.455810603190894],[121.8729219659229,13.45581033552853],[121.87316863635061,13.455592225094636],[121.87311892226074,13.455408144043608],[121.87301810514911,13.455336977597563],[121.8728230012611,13.455343174801198],[121.87233296698649,13.455480120739196]]]}},{"type":"Feature","properties":{"Id":0,"CLN":"14570","PSGC":"174001042","Barangay":"Pawa","Land_Class":"AGRICULTURAL","PIN":"030-01-039-04-009","ALN":"009","Section":"04","Brgy_Code":"039","Owner":"MAPACPAC, ANDRES","TaxDecNo":"21368"},"geometry":{"type":"Polygon","coordinates":[[[121.87311892226074,13.455408144043608],[121.87316863635063,13.455592225094618],[121.8740657078704,13.455341669366524],[121.87341672803973,13.455070047338014],[121.87330782641929,13.45518270313635],[121.87311892226074,13.455408144043608]]]}},{"type":"Feature","properties":{"Id":0,"CLN":"14850","PSGC":"174001042","Barangay":"Pawa","Land_Class":"AGRICULTURAL","PIN":"030-01-039-04-011","ALN":"011","Section":"04","Brgy_Code":"039","Owner":"LAZO, ARACELI","TaxDecNo":"21369"},"geometry":{"type":"Polygon","coordinates":[[[121.87277341980291,13.455130808403068],[121.87261477114231,13.455066454101544],[121.87226904118135,13.454693366717223],[121.87189208900793,13.455105642700666],[121.87226599323786,13.455489178901056],[121.87233296698649,13.455480120739196],[121.8728230012611,13.455343174801193],[121.87301810514911,13.455336977597572],[121.87277341980291,13.455130808403068]]]}},{"type":"Feature","properties":{"Id":0,"CLN":"14849","PSGC":"174001042","Barangay":"Pawa","Land_Class":"AGRICULTURAL","PIN":"030-01-039-04-012","ALN":"012","Section":"04","Brgy_Code":"039","Owner":"MOLATO, FELIMON","TaxDecNo":"21370"},"geometry":{"type":"Polygon","coordinates":[[[121.87226904118135,13.454693366717223],[121.87261477114231,13.455066454101544],[121.87277341980291,13.455130808403068],[121.87301810514911,13.455336977597572],[121.87311892226074,13.4554081440436],[121.87330782641929,13.45518270313635],[121.8722706597713,13.454492122233958],[121.87226904118135,13.454693366717223]]]}},{"type":"Feature","properties":{"Id":0,"CLN":"14848 pt","PSGC":"174001042","Barangay":"Pawa","Land_Class":"AGRICULTURAL","PIN":"030-01-039-04-065","ALN":"065","Section":"04","Brgy_Code":"039","Owner":"LAZO, ROLITO","TaxDecNo":"21420"},"geometry":{"type":"Polygon","coordinates":[[[121.87231345700498,13.454446844363806],[121.87341421627163,13.45506584316186],[121.87332353257845,13.454914057458584],[121.87328803666175,13.454779540441951],[121.87235052987438,13.45440762263572],[121.87231345700498,13.454446844363806]]]}},{"type":"Feature","properties":{"Id":0,"CLN":"14847","PSGC":"174001042","Barangay":"Pawa","Land_Class":"AGRICULTURAL","PIN":"030-01-039-04-014","ALN":"014","Section":"04","Brgy_Code":"039","Owner":"MANUBA, GILBERTO J.","TaxDecNo":"21371"},"geometry":{"type":"Polygon","coordinates":[[[121.87235052987438,13.454407622635738],[121.87328803666175,13.454779540441931],[121.87332525192356,13.454546348475091],[121.87240892402247,13.454280597898949],[121.87235052987438,13.454407622635738]]]}},{"type":"Feature","properties":{"Id":0,"CLN":"14846","PSGC":"174001042","Barangay":"Pawa","Land_Class":"AGRICULTURAL","PIN":"030-01-039-04-015","ALN":"015","Section":"04","Brgy_Code":"039","Owner":"LAZO, PREDISVINDA","TaxDecNo":"21372"},"geometry":{"type":"Polygon","coordinates":[[[121.87226904118135,13.454693366717224],[121.8722706597713,13.454492122233958],[121.87235052987438,13.45440762263572],[121.87240892402247,13.454280597898967],[121.87332525192356,13.454546348475112],[121.87331842386872,13.454461460192986],[121.87345665416822,13.454257006534828],[121.87335620108058,13.454108055650806],[121.87335646557445,13.454051485034443],[121.87312908208332,13.454017472612668],[121.87296659059312,13.453993166719972],[121.87259238954097,13.453673273540765],[121.87259994516307,13.453602592666599],[121.87205778793306,13.453663805501643],[121.87148782415828,13.453491533848183],[121.8714509716702,13.453646940886122],[121.87199127525224,13.453981723505517],[121.87185221629369,13.454362959358626],[121.87226904118135,13.454693366717224]]]}},{"type":"Feature","properties":{"Id":0,"CLN":"14852","PSGC":"174001042","Barangay":"Pawa","Land_Class":"AGRICULTURAL","PIN":"030-01-039-04-016","ALN":"016","Section":"04","Brgy_Code":"039","Owner":"MONTOYA, CIPRIANO","TaxDecNo":"21373"},"geometry":{"type":"Polygon","coordinates":[[[121.87185221629368,13.454362959358624],[121.87199127525224,13.453981723505517],[121.8714509716702,13.453646940886122],[121.87129795934322,13.45392204173073],[121.87185221629368,13.454362959358624]]]}},{"type":"Feature","properties":{"Id":0,"CLN":"14966","PSGC":"174001042","Barangay":"Pawa","Land_Class":"AGRICULTURAL","PIN":"030-01-039-01-058","ALN":"058","Section":"01","Brgy_Code":"039","Owner":"LANCION, CONRADO JR.","TaxDecNo":"30729"},"geometry":{"type":"Polygon","coordinates":[[[121.87347776661035,13.454377316167232],[121.87339779769958,13.45448303013638],[121.87339650828487,13.45475881188329],[121.87396783157402,13.454641155083717],[121.8740045504985,13.454514032886536],[121.87347776661035,13.454377316167232]]]}},{"type":"Feature","properties":{"Id":0,"CLN":"14816","PSGC":"174001042","Barangay":"Pawa","Land_Class":"AGRICULTURAL","PIN":"030-01-039-01-057","ALN":"057","Section":"01","Brgy_Code":"039","Owner":"MOLATO, SUSANA","TaxDecNo":"21160"},"geometry":{"type":"Polygon","coordinates":[[[121.87339650828487,13.454758811883304],[121.87339578090997,13.45491438107118],[121.87344592494574,13.455006534835668],[121.8742184208589,13.455130208647436],[121.87396783157399,13.454641155083717],[121.87339650828487,13.454758811883304]]]}},{"type":"Feature","properties":{"Id":0,"CLN":"14572","PSGC":"174001042","Barangay":"Pawa","Land_Class":"AGRICULTURAL","PIN":"030-01-039-01-056","ALN":"056","Section":"01","Brgy_Code":"039","Owner":"JAO, SISON","TaxDecNo":"21159"},"geometry":{"type":"Polygon","coordinates":[[[121.87344592494574,13.455006534835668],[121.87396528703565,13.455185647345175],[121.87405878042101,13.455277995071752],[121.87492536582786,13.455366730585004],[121.87500662205686,13.454985234218553],[121.87497828397656,13.454864892341345],[121.87468932358792,13.45485652825932],[121.8742184208589,13.455130208647436],[121.87344592494574,13.455006534835668]]]}},{"type":"Feature","properties":{"Id":0,"CLN":"14815","PSGC":"174001042","Barangay":"Pawa","Land_Class":"AGRICULTURAL","PIN":"030-01-039-01-061","ALN":"061","Section":"01","Brgy_Code":"039","Owner":"LAZO, PREVISVENDA","TaxDecNo":"21164"},"geometry":{"type":"Polygon","coordinates":[[[121.8740045504985,13.454514032886536],[121.87396783157402,13.454641155083717],[121.87421842085892,13.455130208647452],[121.87468932358794,13.454856528259343],[121.8746762609527,13.454559467756587],[121.87469213061033,13.454255465206149],[121.87462723935997,13.454226888984572],[121.87421346422434,13.454293296912526],[121.87402711712593,13.454323204041694],[121.8740045504985,13.454514032886536]]]}},{"type":"Feature","properties":{"Id":0,"CLN":"14817","PSGC":"174001042","Barangay":"Pawa","Land_Class":"AGRICULTURAL","PIN":"030-01-039-01-059","ALN":"059","Section":"01","Brgy_Code":"039","Owner":"LANCION, CONRADO JR.","TaxDecNo":"21162"},"geometry":{"type":"Polygon","coordinates":[[[121.87347776661035,13.454377316167232],[121.8740045504985,13.454514032886536],[121.87402711712593,13.454323204041694],[121.87421346422434,13.454293296912526],[121.87430327886307,13.453977937701929],[121.87373384113667,13.45369252970634],[121.87374311480781,13.45378612528004],[121.873646515573,13.453826496750608],[121.87345111536199,13.453896336486626],[121.87344289878969,13.454108443949364],[121.87355074203005,13.45422207052016],[121.87347776661035,13.454377316167232]]]}},{"type":"Feature","properties":{"Id":0,"CLN":"14818","PSGC":"174001042","Barangay":"Pawa","Land_Class":"AGRICULTURAL","PIN":"030-01-039-01-060","ALN":"060","Section":"01","Brgy_Code":"039","Owner":"MAPACPAC, ANDRES","TaxDecNo":"21163"},"geometry":{"type":"Polygon","coordinates":[[[121.87430327886304,13.45397793770191],[121.87421346422434,13.454293296912493],[121.87462723935995,13.454226888984573],[121.87464211830692,13.454135026338916],[121.87430327886304,13.45397793770191]]]}},{"type":"Feature","properties":{"Id":0,"CLN":"14814","PSGC":"174001042","Barangay":"Pawa","Land_Class":"AGRICULTURAL","PIN":"030-01-039-01-062","ALN":"062","Section":"01","Brgy_Code":"039","Owner":"MAPACPAC, PONCIANO S.","TaxDecNo":"21165"},"geometry":{"type":"Polygon","coordinates":[[[121.87469213061033,13.454255465206149],[121.8746762609527,13.454559467756587],[121.87509566401127,13.454483557477687],[121.87503182906944,13.454228698760524],[121.8747059892096,13.454150378647503],[121.87469213061033,13.454255465206149]]]}},{"type":"Feature","properties":{"Id":0,"CLN":"14952","PSGC":"174001042","Barangay":"Pawa","Land_Class":"AGRICULTURAL","PIN":"030-01-039-01-053","ALN":"053","Section":"01","Brgy_Code":"039","Owner":"MOLATO, ANACLETO","TaxDecNo":"21156"},"geometry":{"type":"Polygon","coordinates":[[[121.87509566401127,13.454483557477657],[121.87467626095273,13.454559467756566],[121.87468932358792,13.45485652825932],[121.87497828397656,13.454864892341345],[121.87500662205686,13.454985234218553],[121.87556900460724,13.455235250704822],[121.87565623074092,13.45512249695994],[121.87510958547716,13.45459676339512],[121.87509566401127,13.454483557477657]]]}},{"type":"Feature","properties":{"Id":0,"CLN":"14573","PSGC":"174001042","Barangay":"Pawa","Land_Class":"AGRICULTURAL","PIN":"030-01-039-01-054","ALN":"054","Section":"01","Brgy_Code":"039","Owner":"SELDAS, ALBERTO M.","TaxDecNo":"29193"},"geometry":{"type":"Polygon","coordinates":[[[121.87556900460724,13.455235250704822],[121.87500662205686,13.454985234218553],[121.87492536582786,13.455366730585004],[121.87545294499125,13.45533373254213],[121.87556900460724,13.455235250704822]]]}},{"type":"Feature","properties":{"Id":0,"CLN":"14562 pt","PSGC":"174001042","Barangay":"Pawa","Land_Class":"AGRICULTURAL","PIN":"030-01-039-01-076","ALN":"076","Section":"01","Brgy_Code":"039","Owner":"LAZO, HELENCIA","TaxDecNo":"21179"},"geometry":{"type":"Polygon","coordinates":[[[121.87543718885159,13.455708396931332],[121.87544476572025,13.45552822727258],[121.87465806534749,13.455912587528642],[121.87478387112884,13.456194246800392],[121.87543718885159,13.455708396931332]]]}},{"type":"Feature","properties":{"Id":0,"CLN":"14561","PSGC":"174001042","Barangay":"Pawa","Land_Class":"AGRICULTURAL","PIN":"030-01-039-01-016","ALN":"016","Section":"01","Brgy_Code":"039","Owner":"JANDA, ROMEO","TaxDecNo":"21120"},"geometry":{"type":"Polygon","coordinates":[[[121.87627452777633,13.455740398020838],[121.87604663628825,13.455067669965947],[121.8759667011716,13.455166313484154],[121.8758435488558,13.45523647790043],[121.87565623074094,13.45512249695994],[121.87556900460724,13.455235250704822],[121.87545294499125,13.455333732542151],[121.87542856404335,13.455913484796886],[121.87514451619353,13.456400146563128],[121.87544611287996,13.456797498068545],[121.87559014873504,13.456897142775736],[121.87574870019508,13.456972466814493],[121.8759802932637,13.456898886774038],[121.87642226533727,13.45663214546371],[121.87649468033226,13.456595955636788],[121.87647273144083,13.456485934801288],[121.87648073119965,13.45637604775303],[121.87627452777633,13.455740398020838]]]}},{"type":"Feature","properties":{"Id":0,"CLN":"14575","PSGC":"174001042","Barangay":"Pawa","Land_Class":"AGRICULTURAL","PIN":"030-01-039-01-047","ALN":"047","Section":"01","Brgy_Code":"039","Owner":"CONSTANTINO, CECILIO MOSCORO","TaxDecNo":"21150"},"geometry":{"type":"Polygon","coordinates":[[[121.87670759539549,13.45428852786144],[121.87638074623064,13.454214650682863],[121.87594218911933,13.454225697044983],[121.87604663628822,13.455067669965949],[121.87642321852417,13.454878422458272],[121.87684072356181,13.454640875336015],[121.87670759539549,13.45428852786144]]]}},{"type":"Feature","properties":{"Id":0,"CLN":"14844","PSGC":"174001042","Barangay":"Pawa","Land_Class":"AGRICULTURAL","PIN":"030-01-039-04-029","ALN":"029","Section":"04","Brgy_Code":"039","Owner":"MAPACPAC, BENJAMIN","TaxDecNo":"21385"},"geometry":{"type":"Polygon","coordinates":[[[121.87312908208335,13.454017472612646],[121.87335646557445,13.454051485034423],[121.87339351530042,13.45385364966665],[121.87362527085943,13.453734472435935],[121.87357542446394,13.45357867676297],[121.87358334338357,13.453430211228405],[121.87296214386703,13.453399142940725],[121.87312908208335,13.454017472612646]]]}},{"type":"Feature","properties":{"Id":0,"CLN":"14845","PSGC":"174001042","Barangay":"Pawa","Land_Class":"AGRICULTURAL","PIN":"030-01-039-04-028","ALN":"028","Section":"04","Brgy_Code":"039","Owner":"MAPACPAC, MARCELINO S.","TaxDecNo":"21384"},"geometry":{"type":"Polygon","coordinates":[[[121.87259238954097,13.453673273540765],[121.87296659059312,13.45399316671994],[121.87312908208335,13.454017472612646],[121.87296214386703,13.453399142940725],[121.87273984260091,13.453041744567631],[121.87259994516307,13.453602592666584],[121.87259238954097,13.453673273540765]]]}},{"type":"Feature","properties":{"Id":0,"CLN":"14843","PSGC":"174001042","Barangay":"Pawa","Land_Class":"AGRICULTURAL","PIN":"030-01-039-04-030","ALN":"030","Section":"04","Brgy_Code":"039","Owner":"MOLATO, DOMINGA","TaxDecNo":"21386"},"geometry":{"type":"Polygon","coordinates":[[[121.87273984260091,13.453041744567631],[121.87296214386703,13.453399142940725],[121.87358334338357,13.453430211228405],[121.87362723417189,13.453314435551876],[121.87273984260091,13.453041744567631]]]}},{"type":"Feature","properties":{"Id":0,"CLN":"14964","PSGC":"174001042","Barangay":"Pawa","Land_Class":"AGRICULTURAL","PIN":"030-01-039-04-031","ALN":"031","Section":"04","Brgy_Code":"039","Owner":"NILO, FRANCISCO","TaxDecNo":"21387"},"geometry":{"type":"Polygon","coordinates":[[[121.87273984260091,13.453041744567631],[121.87362723417189,13.453314435551876],[121.87383032127967,13.45314562937679],[121.87288599173729,13.452688825690329],[121.87279919533187,13.452709651219457],[121.87273984260091,13.453041744567631]]]}},{"type":"Feature","properties":{"Id":0,"CLN":"14819","PSGC":"174001042","Barangay":"Pawa","Land_Class":"AGRICULTURAL","PIN":"030-01-039-01-063","ALN":"063","Section":"01","Brgy_Code":"039","Owner":"LEDESMA, GENOVEVA","TaxDecNo":"21166"},"geometry":{"type":"Polygon","coordinates":[[[121.87373384113667,13.45369252970634],[121.87430327886307,13.453977937701929],[121.87464211830692,13.45413502633893],[121.87467278097623,13.453757546587992],[121.87479649410633,13.453567170080552],[121.87474677903691,13.45338308925755],[121.87460297671369,13.453233944918917],[121.87445267637722,13.452929198917788],[121.8737138985543,13.453321895062917],[121.87373384113667,13.45369252970634]]]}},{"type":"Feature","properties":{"Id":0,"CLN":"14813","PSGC":"174001042","Barangay":"Pawa","Land_Class":"AGRICULTURAL","PIN":"030-01-039-01-052","ALN":"052","Section":"01","Brgy_Code":"039","Owner":"MOGOL, EDWIN","TaxDecNo":"21155"},"geometry":{"type":"Polygon","coordinates":[[[121.87510958547715,13.454596763395127],[121.87565623074092,13.455122496959929],[121.8758435488558,13.455236477900419],[121.8759667011716,13.455166313484158],[121.87604663628822,13.455067669965958],[121.87594218911936,13.454225697044961],[121.87613796501644,13.454075242133928],[121.87616848023713,13.453728875884138],[121.8762346576426,13.453481669674419],[121.87599660214876,13.45340281980368],[121.87580027913874,13.453670658780728],[121.87559452749338,13.453930158234403],[121.87533403042481,13.4544959377381],[121.87510958547715,13.454596763395127]]]}},{"type":"Feature","properties":{"Id":0,"CLN":"14812","PSGC":"174001042","Barangay":"Pawa","Land_Class":"AGRICULTURAL","PIN":"030-01-039-01-067","ALN":"067","Section":"01","Brgy_Code":"039","Owner":"MAGYAYA, MARCIANA","TaxDecNo":"21170"},"geometry":{"type":"Polygon","coordinates":[[[121.87613796501644,13.454075242133921],[121.87594218911933,13.454225697044983],[121.87638074623064,13.454214650682863],[121.87636470881557,13.453951406855913],[121.87613796501644,13.454075242133921]]]}},{"type":"Feature","properties":{"Id":0,"CLN":"14811","PSGC":"174001042","Barangay":"Pawa","Land_Class":"AGRICULTURAL","PIN":"030-01-039-01-048","ALN":"048","Section":"01","Brgy_Code":"039","Owner":"MAPACPAC, PONCIANO","TaxDecNo":"21151"},"geometry":{"type":"Polygon","coordinates":[[[121.87670759539549,13.45428852786144],[121.8766188071071,13.454136297163789],[121.87652992089889,13.453855371324872],[121.87636470881557,13.453951406855913],[121.87638074623064,13.454214650682863],[121.87670759539549,13.45428852786144]]]}},{"type":"Feature","properties":{"Id":0,"CLN":"14810","PSGC":"174001042","Barangay":"Pawa","Land_Class":"AGRICULTURAL","PIN":"030-01-039-01-049","ALN":"049","Section":"01","Brgy_Code":"039","Owner":"MAPACPAC, PONCIANO S.","TaxDecNo":"21152"},"geometry":{"type":"Polygon","coordinates":[[[121.87652992089889,13.453855371324872],[121.87650540669384,13.453736078129591],[121.87616848023713,13.453728875884163],[121.87613796501644,13.454075242133921],[121.87636470881557,13.453951406855913],[121.87652992089889,13.453855371324872]]]}},{"type":"Feature","properties":{"Id":0,"CLN":"14809","PSGC":"174001042","Barangay":"Pawa","Land_Class":"AGRICULTURAL","PIN":"030-01-039-01-050","ALN":"050","Section":"01","Brgy_Code":"039","Owner":"MAPACPAC, PONCIANO","TaxDecNo":"21153"},"geometry":{"type":"Polygon","coordinates":[[[121.87664424259516,13.453423518818393],[121.87662219132288,13.45333548209177],[121.87635927442669,13.453432626137182],[121.8762346576426,13.453481669674444],[121.87616848023713,13.453728875884163],[121.87650540669384,13.453736078129591],[121.87647867298345,13.453605984070212],[121.87664424259516,13.453423518818393]]]}},{"type":"Feature","properties":{"Id":0,"CLN":"14898","PSGC":"174001042","Barangay":"Pawa","Land_Class":"AGRICULTURAL","PIN":"030-01-039-01-051","ALN":"051","Section":"01","Brgy_Code":"039","Owner":"MAPACPAC, MARCELINO","TaxDecNo":"21154"},"geometry":{"type":"Polygon","coordinates":[[[121.87599660214876,13.453402819803683],[121.8762346576426,13.453481669674408],[121.87635927442666,13.453432626137168],[121.87618596373346,13.453078377681784],[121.87599660214876,13.453402819803683]]]}},{"type":"Feature","properties":{"Id":0,"CLN":"14853","PSGC":"174001042","Barangay":"Pawa","Land_Class":"AGRICULTURAL","PIN":"030-01-039-04-027","ALN":"027","Section":"04","Brgy_Code":"039","Owner":"LANOT, BIENVINIDO J.","TaxDecNo":"21383"},"geometry":{"type":"Polygon","coordinates":[[[121.87148782415828,13.453491533848148],[121.87205778793307,13.453663805501645],[121.87259994516307,13.453602592666584],[121.87273984260091,13.453041744567631],[121.87279919533187,13.452709651219457],[121.87258261777487,13.452673323331824],[121.87246009454829,13.452609130940015],[121.87193275318646,13.452592623877896],[121.87166530464927,13.452619710350804],[121.87159975205387,13.452732559878497],[121.8716494314654,13.452923712456466],[121.87148782415828,13.453491533848148]]]}},{"type":"Feature","properties":{"Id":0,"CLN":"14842","PSGC":"174001042","Barangay":"Pawa","Land_Class":"AGRICULTURAL","PIN":"030-01-039-04-032","ALN":"032","Section":"04","Brgy_Code":"039","Owner":"LAZO, ARACELI","TaxDecNo":"21388"},"geometry":{"type":"Polygon","coordinates":[[[121.87288599173729,13.452688825690329],[121.87383032127967,13.45314562937679],[121.874351595569,13.45291460368453],[121.87420037079191,13.45280785480274],[121.87421686836456,13.452369497008105],[121.87345210175346,13.452139786289294],[121.87297361485878,13.45249121695643],[121.87288599173729,13.452688825690329]]]}},{"type":"Feature","properties":{"Id":0,"CLN":"14855","PSGC":"174001042","Barangay":"Pawa","Land_Class":"AGRICULTURAL","PIN":"030-01-039-04-033","ALN":"033","Section":"04","Brgy_Code":"039","Owner":"NATAGOK, PEDRO","TaxDecNo":"21389"},"geometry":{"type":"Polygon","coordinates":[[[121.87246009454829,13.452609130940015],[121.87258261777487,13.452673323331824],[121.87279919533188,13.452709651219457],[121.87288599173729,13.452688825690364],[121.87297361485878,13.45249121695643],[121.87345210175346,13.452139786289308],[121.87330726496526,13.452113340931213],[121.87271603728927,13.451952630808139],[121.8728160592265,13.452193509119187],[121.87264840146263,13.452510974226675],[121.87246009454829,13.452609130940015]]]}},{"type":"Feature","properties":{"Id":0,"CLN":"14820","PSGC":"174001042","Barangay":"Pawa","Land_Class":"AGRICULTURAL","PIN":"030-01-039-01-064","ALN":"064","Section":"01","Brgy_Code":"039","Owner":"CORDERO, NONITA","TaxDecNo":"21167"},"geometry":{"type":"Polygon","coordinates":[[[121.87510958547716,13.454596763395152],[121.87533403042481,13.45449593773812],[121.87559452749338,13.453930158234403],[121.87580027913874,13.453670658780755],[121.8754400620425,13.453449832804605],[121.87526096036463,13.453123744010043],[121.87506688146321,13.452910731814274],[121.87527029731507,13.452671211040483],[121.874911930828,13.452054389859677],[121.87487531188971,13.45216029828515],[121.87457157503121,13.452222583009599],[121.87449144224463,13.452363654092105],[121.87429597738587,13.452447637265664],[121.87428720018315,13.452779957453505],[121.87445267637722,13.452929198917788],[121.87460297671369,13.453233944918917],[121.87474677903691,13.45338308925755],[121.87479649410633,13.453567170080552],[121.87467278097623,13.453757546587992],[121.87464211830692,13.45413502633893],[121.87462723935997,13.454226888984572],[121.87469213061033,13.454255465206149],[121.8747059892096,13.454150378647503],[121.87503182906944,13.454228698760524],[121.87509566401127,13.454483557477687],[121.87510958547716,13.454596763395152]]]}},{"type":"Feature","properties":{"Id":0,"CLN":"14808","PSGC":"174001042","Barangay":"Pawa","Land_Class":"AGRICULTURAL","PIN":"030-01-039-01-065","ALN":"065","Section":"01","Brgy_Code":"039","Owner":"MALAPAD, JOSEFINA","TaxDecNo":"21168"},"geometry":{"type":"Polygon","coordinates":[[[121.87635641990454,13.452159846397247],[121.87624811447986,13.452145219672849],[121.87527029731507,13.452671211040483],[121.87506688146321,13.452910731814274],[121.87526096036463,13.453123744010043],[121.8754400620425,13.453449832804605],[121.87580027913874,13.453670658780755],[121.87599660214876,13.453402819803683],[121.87618596373346,13.453078377681784],[121.87648145276432,13.452336252102333],[121.87640606289139,13.452209313791709],[121.87635641990454,13.452159846397247]]]}},{"type":"Feature","properties":{"Id":0,"CLN":"14807","PSGC":"174001042","Barangay":"Pawa","Land_Class":"AGRICULTURAL","PIN":"030-01-039-04-051","ALN":"051","Section":"04","Brgy_Code":"039","Owner":"LEDESMA, SANTIAGO","TaxDecNo":"21406"},"geometry":{"type":"Polygon","coordinates":[[[121.87671223905848,13.45143283324137],[121.87661030358056,13.451380198326717],[121.8764242778127,13.45155200193153],[121.87609787849927,13.45182633184911],[121.87624811447986,13.452145219672849],[121.87635641990454,13.452159846397247],[121.87640606289139,13.452209313791709],[121.87662487155599,13.45206729707268],[121.87684785079163,13.451885663425811],[121.8766890940735,13.45163275237916],[121.87671223905848,13.45143283324137]]]}},{"type":"Feature","properties":{"Id":0,"CLN":"14822","PSGC":"174001042","Barangay":"Pawa","Land_Class":"AGRICULTURAL","PIN":"030-01-039-04-050","ALN":"050","Section":"04","Brgy_Code":"039","Owner":"JABAT, REDENTOR","TaxDecNo":"21405"},"geometry":{"type":"Polygon","coordinates":[[[121.87624811447984,13.452145219672847],[121.87609787849927,13.451826331849093],[121.8759761790766,13.451585357756272],[121.87594774182648,13.451486229954504],[121.87555849680217,13.451293560577707],[121.87505081842178,13.451708508423302],[121.87502848406193,13.451849838155152],[121.87491193082798,13.45205438985966],[121.87527029731507,13.452671211040483],[121.87624811447984,13.452145219672847]]]}},{"type":"Feature","properties":{"Id":0,"CLN":"14821","PSGC":"174001042","Barangay":"Pawa","Land_Class":"AGRICULTURAL","PIN":"030-01-039-04-049","ALN":"049","Section":"04","Brgy_Code":"039","Owner":"JINANG, AGUSTIN","TaxDecNo":"21404"},"geometry":{"type":"Polygon","coordinates":[[[121.87457157503121,13.452222583009574],[121.87487531188971,13.45216029828515],[121.87491193082798,13.45205438985966],[121.87502848406193,13.451849838155152],[121.87460288449925,13.451706505106005],[121.87463791859382,13.451940020630728],[121.87457157503121,13.452222583009574]]]}},{"type":"Feature","properties":{"Id":0,"CLN":"14841 pt","PSGC":"174001042","Barangay":"Pawa","Land_Class":"AGRICULTURAL","PIN":"030-01-039-04-068","ALN":"068","Section":"04","Brgy_Code":"039","Owner":"HRS. OF LANCION, VIOLETA","TaxDecNo":"21423"},"geometry":{"type":"Polygon","coordinates":[[[121.87436697576167,13.452309067279554],[121.87355153901517,13.451813585709486],[121.87325099889938,13.45188431254436],[121.87330726496526,13.452113340931213],[121.87345210175346,13.452139786289308],[121.87421686836456,13.452369497008105],[121.87436697576167,13.452309067279554]]]}},{"type":"Feature","properties":{"Id":0,"CLN":"14840","PSGC":"174001042","Barangay":"Pawa","Land_Class":"AGRICULTURAL","PIN":"030-01-039-04-035","ALN":"035","Section":"04","Brgy_Code":"039","Owner":"JINANG, AGUSTIN","TaxDecNo":"21390"},"geometry":{"type":"Polygon","coordinates":[[[121.87401768061358,13.451703886667902],[121.8745211998799,13.452179928778085],[121.87457276378744,13.451968015089243],[121.8745452847036,13.45166381856768],[121.87462581340816,13.451437891460458],[121.87408356214857,13.451520323087529],[121.87401768061358,13.451703886667902]]]}},{"type":"Feature","properties":{"Id":0,"CLN":"14805","PSGC":"174001042","Barangay":"Pawa","Land_Class":"AGRICULTURAL","PIN":"030-01-039-04-052","ALN":"052","Section":"04","Brgy_Code":"039","Owner":"MAYANGITAN, ELIGIO","TaxDecNo":"21407"},"geometry":{"type":"Polygon","coordinates":[[[121.87648177366202,13.45131439967023],[121.87635341502802,13.45125468316223],[121.8759761790766,13.451585357756272],[121.87609787849927,13.45182633184911],[121.8764242778127,13.45155200193153],[121.87661030358056,13.451380198326717],[121.87648177366202,13.45131439967023]]]}},{"type":"Feature","properties":{"Id":0,"CLN":"14856","PSGC":"174001042","Barangay":"Pawa","Land_Class":"AGRICULTURAL","PIN":"030-01-039-04-025","ALN":"025","Section":"04","Brgy_Code":"039","Owner":"HRS. OF LANOT, FRANCISCO","TaxDecNo":"21381"},"geometry":{"type":"Polygon","coordinates":[[[121.87330726496526,13.452113340931184],[121.87325099889938,13.45188431254436],[121.87317271694171,13.451629388798127],[121.8733330494433,13.45133310484896],[121.87252520343017,13.451046626882494],[121.87253206428429,13.451124443852217],[121.87206199439585,13.451221337525759],[121.8719044384028,13.451342681606754],[121.87168534901473,13.451424721385864],[121.87141435869631,13.452208439319016],[121.8716664302975,13.452379285341706],[121.87195992014637,13.45214419183508],[121.87223197956641,13.451950461368002],[121.8724938897353,13.451562704210234],[121.87263059731391,13.451683531911836],[121.87271603728924,13.451952630808123],[121.87330726496526,13.452113340931184]]]}},{"type":"Feature","properties":{"Id":0,"CLN":"14858","PSGC":"174001042","Barangay":"Pawa","Land_Class":"AGRICULTURAL","PIN":"030-01-039-04-021","ALN":"021","Section":"04","Brgy_Code":"039","Owner":"LOSLOS, MANUEL","TaxDecNo":"21377"},"geometry":{"type":"Polygon","coordinates":[[[121.87093391436731,13.452977073852251],[121.87079949321462,13.45236832405857],[121.87071098561698,13.452372493593304],[121.87061181539883,13.452332124233976],[121.8705365520998,13.452975290089386],[121.87060850152398,13.453039256344924],[121.87093391436731,13.452977073852251]]]}},{"type":"Feature","properties":{"Id":0,"CLN":"14859","PSGC":"174001042","Barangay":"Pawa","Land_Class":"AGRICULTURAL","PIN":"030-01-039-04-020","ALN":"020","Section":"04","Brgy_Code":"039","Owner":"MANUBA, WILLIAM & MANUBA, RODOLFO","TaxDecNo":"21376"},"geometry":{"type":"Polygon","coordinates":[[[121.8705365520998,13.452975290089386],[121.87061181539883,13.452332124233976],[121.87038817963524,13.452260405470222],[121.87035865089183,13.452394630800416],[121.87031980906912,13.452974316863404],[121.8705365520998,13.452975290089386]]]}},{"type":"Feature","properties":{"Id":0,"CLN":"14857","PSGC":"174001042","Barangay":"Pawa","Land_Class":"AGRICULTURAL","PIN":"030-01-039-04-024","ALN":"024","Section":"04","Brgy_Code":"039","Owner":"MARTIZANA, JULITO & MIRANDA, BASILITA","TaxDecNo":"21380"},"geometry":{"type":"Polygon","coordinates":[[[121.87038817963524,13.452260405470222],[121.87061181539883,13.452332124233994],[121.87071098561698,13.452372493593304],[121.87079949321462,13.45236832405857],[121.87141435869631,13.45220843931903],[121.87168534901473,13.451424721385864],[121.87046850304723,13.450730024682747],[121.87043649193855,13.450940046674708],[121.87086676879774,13.451887766009966],[121.8704181723395,13.452027181638828],[121.87038817963524,13.452260405470222]]]}},{"type":"Feature","properties":{"Id":0,"CLN":"14862","PSGC":"174001042","Barangay":"Pawa","Land_Class":"AGRICULTURAL","PIN":"030-01-039-04-023","ALN":"023","Section":"04","Brgy_Code":"039","Owner":"NILO, MIGUELA","TaxDecNo":"21379"},"geometry":{"type":"Polygon","coordinates":[[[121.8704181723395,13.452027181638828],[121.87086676879774,13.451887766009966],[121.87043649193855,13.45094004667469],[121.87007346384712,13.451158196247304],[121.8704181723395,13.452027181638828]]]}},{"type":"Feature","properties":{"Id":0,"CLN":"14823","PSGC":"174001042","Barangay":"Pawa","Land_Class":null,"PIN":"030-01-039-04-048","ALN":"048","Section":"04","Brgy_Code":"039"},"geometry":{"type":"Polygon","coordinates":[[[121.87460288449925,13.451706505106005],[121.87502848406193,13.451849838155152],[121.87505081842178,13.451708508423302],[121.87555849680217,13.451293560577707],[121.87566798929787,13.451053619531782],[121.8755459937458,13.450876287288802],[121.87534479049492,13.450642029102815],[121.87529401954801,13.450684231040464],[121.87460747397293,13.450723590000768],[121.87470515340057,13.451466532258896],[121.87460288449925,13.451706505106005]]]}},{"type":"Feature","properties":{"Id":0,"CLN":"14804","PSGC":"174001042","Barangay":"Pawa","Land_Class":"AGRICULTURAL","PIN":"030-01-039-04-053","ALN":"053","Section":"04","Brgy_Code":"039","Owner":"MAAC, ELENA","TaxDecNo":"21408"},"geometry":{"type":"Polygon","coordinates":[[[121.87566798929787,13.451053619531782],[121.87555849680217,13.451293560577707],[121.87594774182648,13.451486229954504],[121.8759761790766,13.451585357756272],[121.87635341502802,13.45125468316221],[121.87615877593896,13.451161884525215],[121.87613066837346,13.450992043383696],[121.87607329925679,13.450899857837037],[121.87589261531465,13.450913193595216],[121.87566798929787,13.451053619531782]]]}},{"type":"Feature","properties":{"Id":0,"CLN":"14860","PSGC":"174001042","Barangay":"Pawa","Land_Class":"AGRICULTURAL","PIN":"030-01-039-04-019","ALN":"019","Section":"04","Brgy_Code":"039","Owner":"MONARES, LERIDA","TaxDecNo":"21375"},"geometry":{"type":"Polygon","coordinates":[[[121.87060850152398,13.453039256344924],[121.8705365520998,13.452975290089386],[121.87031980906912,13.452974316863404],[121.87035865089183,13.452394630800416],[121.87038817963524,13.452260405470222],[121.8699768001638,13.452166628877029],[121.86981775635492,13.452187128843107],[121.86963654080563,13.452313601106429],[121.87008241955085,13.452754035188047],[121.87006627910938,13.453114607588775],[121.87034738223736,13.453257299446824],[121.87067272914291,13.45320925996353],[121.87060850152398,13.453039256344924]]]}},{"type":"Feature","properties":{"Id":0,"CLN":"14839","PSGC":"174001042","Barangay":"Pawa","Land_Class":"AGRICULTURAL","PIN":"030-01-039-04-036","ALN":"036","Section":"04","Brgy_Code":"039","Owner":"LEDESMA, SANTIAGO","TaxDecNo":"21391"},"geometry":{"type":"Polygon","coordinates":[[[121.87462581340816,13.451437891460458],[121.87453492969925,13.450786908820907],[121.87376927550089,13.45074812532148],[121.8733330494433,13.45133310484896],[121.87317271694171,13.451629388798127],[121.87325099889938,13.45188431254436],[121.87401768061358,13.451703886667902],[121.87408356214857,13.451520323087529],[121.87462581340816,13.451437891460458]]]}},{"type":"Feature","properties":{"Id":0,"CLN":"14851","PSGC":"174001042","Barangay":"Pawa","Land_Class":"AGRICULTURAL","PIN":"030-01-039-04-017","ALN":"017","Section":"04","Brgy_Code":"039","Owner":"DELA SANTA, JOSE","TaxDecNo":"01-27449"},"geometry":{"type":"Polygon","coordinates":[[[121.87189208900793,13.455105642700666],[121.87226904118135,13.454693366717223],[121.87185221629369,13.454362959358622],[121.87129795934322,13.453922041730742],[121.8714509716702,13.453646940886117],[121.87148782415828,13.453491533848155],[121.8716494314654,13.452923712456467],[121.87159975205387,13.452732559878488],[121.87152037899448,13.45271098942283],[121.8714549587631,13.452795553612209],[121.87093391436731,13.452977073852251],[121.87060850152398,13.453039256344928],[121.87067272914291,13.453209259963533],[121.87034738223736,13.453257299446815],[121.87018253144483,13.453173618948151],[121.86928156347552,13.453373118774984],[121.87014841611513,13.454772450085407],[121.87136831394051,13.45484078429749],[121.8716633169845,13.45493010835094],[121.87189208900793,13.455105642700666]]]}},{"type":"Feature","properties":{"Id":0,"CLN":"14861","PSGC":"174001042","Barangay":"Pawa","Land_Class":"AGRICULTURAL","PIN":"030-01-039-04-018","ALN":"018","Section":"04","Brgy_Code":"039","Owner":"HRS. OF LANOT, FRANCISCO","TaxDecNo":"21374"},"geometry":{"type":"Polygon","coordinates":[[[121.86928156347552,13.453373118775001],[121.87018253144483,13.453173618948151],[121.87006627910938,13.453114607588775],[121.87008241955085,13.452754035188082],[121.86963654080563,13.45231360110645],[121.86944235225283,13.452425527430501],[121.86931723678713,13.45249764129487],[121.8692889264426,13.452484797866063],[121.8692211346227,13.45258086712719],[121.86924006414473,13.452612207782066],[121.86916561815252,13.45283466082843],[121.86897360135947,13.453308876848773],[121.86928156347552,13.453373118775001]]]}},{"type":"Feature","properties":{"Id":0,"CLN":"14863","PSGC":"174001042","Barangay":"Pawa","Land_Class":"AGRICULTURAL","PIN":"030-01-039-04-038","ALN":"038","Section":"04","Brgy_Code":"039","Owner":"MANRIQUE, ANUNSACION","TaxDecNo":"21394"},"geometry":{"type":"Polygon","coordinates":[[[121.87046850304723,13.450730024682747],[121.87168534901473,13.451424721385864],[121.8719044384028,13.451342681606754],[121.87206199439585,13.451221337525778],[121.87253206428429,13.451124443852217],[121.87252520343017,13.451046626882512],[121.87264703409187,13.450572205385845],[121.87097915126482,13.450175009955283],[121.87065655384133,13.450308653231422],[121.87046850304723,13.450730024682747]]]}},{"type":"Feature","properties":{"Id":0,"CLN":"14864","PSGC":"174001042","Barangay":"Pawa","Land_Class":"AGRICULTURAL","PIN":"030-01-039-04-037","ALN":"037","Section":"04","Brgy_Code":"039","Owner":"NATAGOK, PEDRO & OSINSAO, EGNACIA","TaxDecNo":"21392"},"geometry":{"type":"Polygon","coordinates":[[[121.87264703409187,13.450572205385845],[121.87252520343017,13.451046626882512],[121.8733330494433,13.451333104848976],[121.87376927550089,13.450748125321498],[121.8732785601678,13.450109888211193],[121.87324144738338,13.450143631951244],[121.87307217630755,13.45029753664575],[121.87264703409187,13.450572205385845]]]}},{"type":"Feature","properties":{"Id":0,"CLN":"14838","PSGC":"174001042","Barangay":"Pawa","Land_Class":"AGRICULTURAL","PIN":"030-01-039-04-047","ALN":"047","Section":"04","Brgy_Code":"039","Owner":"CORDERO, NONITA","TaxDecNo":"21403"},"geometry":{"type":"Polygon","coordinates":[[[121.87376927550089,13.450748125321498],[121.87453492969925,13.45078690882094],[121.87439633117587,13.450039462007721],[121.87397928329283,13.450101401185082],[121.8732785601678,13.450109888211193],[121.87376927550089,13.450748125321498]]]}},{"type":"Feature","properties":{"Id":0,"CLN":"14865","PSGC":"174001042","Barangay":"Pawa","Land_Class":"AGRICULTURAL","PIN":"030-01-039-04-039","ALN":"039","Section":"04","Brgy_Code":"039","Owner":"OSINSAO, PEDRO","TaxDecNo":"21395"},"geometry":{"type":"Polygon","coordinates":[[[121.87097915126482,13.450175009955247],[121.87264703409187,13.450572205385813],[121.87307217630755,13.450297536645714],[121.87290596977691,13.450133362497079],[121.87289436030908,13.44986930871003],[121.87261114826977,13.450006326547975],[121.87258598968488,13.449893070209672],[121.87162375834271,13.44966246974249],[121.87109539386927,13.45003724495941],[121.87097915126482,13.450175009955247]]]}},{"type":"Feature","properties":{"Id":0,"CLN":"14836","PSGC":"174001042","Barangay":"Pawa","Land_Class":"AGRICULTURAL","PIN":"030-01-039-04-045","ALN":"045","Section":"04","Brgy_Code":"039","Owner":"MONTOYA, SANTOS","TaxDecNo":"32694"},"geometry":{"type":"Polygon","coordinates":[[[121.87439633117587,13.450039462007721],[121.87437061127028,13.44973195376589],[121.87417215675853,13.449710243594188],[121.8741808038377,13.449377125543057],[121.87401761073913,13.449397217626816],[121.87396084932747,13.449403904386223],[121.87397073012183,13.449777769544717],[121.87397928329283,13.450101401185082],[121.87439633117587,13.450039462007721]]]}},{"type":"Feature","properties":{"Id":0,"CLN":"14867","PSGC":"174001042","Barangay":"Pawa","Land_Class":"AGRICULTURAL","PIN":"030-01-039-04-043","ALN":"043","Section":"04","Brgy_Code":"039","Owner":"NATAGOK, PEDRO","TaxDecNo":"21399"},"geometry":{"type":"Polygon","coordinates":[[[121.87324144738338,13.450143631951244],[121.8732785601678,13.450109888211193],[121.87397928329283,13.450101401185082],[121.87397073012183,13.449777769544717],[121.8733707290407,13.449734419513419],[121.87333601950284,13.449574626535846],[121.87310191496881,13.44959440048488],[121.87310236922085,13.449497231835494],[121.8730242695058,13.44951770434072],[121.8729530337484,13.449586792905013],[121.87324144738338,13.450143631951244]]]}},{"type":"Feature","properties":{"Id":0,"CLN":"14866","PSGC":"174001042","Barangay":"Pawa","Land_Class":"AGRICULTURAL","PIN":"030-01-039-04-042","ALN":"042","Section":"04","Brgy_Code":"039","Owner":"GO, MELCHAN J.","TaxDecNo":"29705"},"geometry":{"type":"Polygon","coordinates":[[[121.87258598968488,13.449893070209672],[121.87261114826977,13.450006326547975],[121.87289436030908,13.44986930871003],[121.87290596977691,13.450133362497079],[121.87307217630755,13.450297536645714],[121.87324144738338,13.450143631951244],[121.87295303374839,13.449586792905004],[121.87252740385627,13.449619589895507],[121.87258598968488,13.449893070209672]]]}},{"type":"Feature","properties":{"Id":0,"CLN":"14868","PSGC":"174001042","Barangay":"Pawa","Land_Class":"AGRICULTURAL","PIN":"030-01-039-04-040","ALN":"040","Section":"04","Brgy_Code":"039","Owner":"NATAGOC, CONSTANCIO","TaxDecNo":"21396"},"geometry":{"type":"Polygon","coordinates":[[[121.87162375834271,13.44966246974249],[121.87258598968488,13.449893070209672],[121.87252740385627,13.449619589895507],[121.87250762379689,13.449300226215792],[121.87188383291273,13.449248845017472],[121.87162375834271,13.44966246974249]]]}},{"type":"Feature","properties":{"Id":0,"CLN":"14986","PSGC":"174001042","Barangay":"Pawa","Land_Class":"AGRICULTURAL","PIN":"030-01-039-04-041","ALN":"041","Section":"04","Brgy_Code":"039","Owner":"MAGCAMIT, EDWIN L.","TaxDecNo":"21397"},"geometry":{"type":"Polygon","coordinates":[[[121.87250762379689,13.449300226215792],[121.87252740385627,13.449619589895507],[121.87295303374839,13.449586792905004],[121.8730242695058,13.44951770434072],[121.87291916824002,13.449246543836617],[121.87250762379689,13.449300226215792]]]}},{"type":"Feature","properties":{"Id":0,"CLN":"14869","PSGC":"174001042","Barangay":"Pawa","Land_Class":"AGRICULTURAL","PIN":"030-01-039-05-002","ALN":"002","Section":"05","Brgy_Code":"039","Owner":"MAAÑO, IRENEO","TaxDecNo":"21439"},"geometry":{"type":"Polygon","coordinates":[[[121.87188383291273,13.449248845017472],[121.87250762379689,13.449300226215792],[121.87291916824002,13.449246543836617],[121.87295504567321,13.449156474616483],[121.87295595426137,13.448962137320029],[121.87233883309295,13.449001017083571],[121.8720554810618,13.44893728025719],[121.87188383291273,13.449248845017472]]]}},{"type":"Feature","properties":{"Id":0,"CLN":"14834 pt","PSGC":"174001042","Barangay":"Pawa","Land_Class":"AGRICULTURAL","PIN":"030-01-039-05-095","ALN":"095","Section":"05","Brgy_Code":"039","Owner":"LANOT, SERAFIN L.","TaxDecNo":"21522"},"geometry":{"type":"Polygon","coordinates":[[[121.87346447069918,13.449401682560401],[121.87348085644918,13.449401755919801],[121.87396084932747,13.449403904386223],[121.87401761073913,13.449397217626816],[121.87390632506732,13.44893168835642],[121.87366931826013,13.448987693183685],[121.87370733066916,13.449172258088776],[121.87295738010597,13.449345130241609],[121.8730242695058,13.44951770434072],[121.87310236922085,13.449497231835494],[121.87346447069918,13.449401682560401]]]}},{"type":"Feature","properties":{"Id":0,"CLN":"14835 pt","PSGC":"174001042","Barangay":"Pawa","Land_Class":"AGRICULTURAL","PIN":"030-01-039-04-044","ALN":"044","Section":"04","Brgy_Code":"039","Owner":"MAAÑO, PEDRO","TaxDecNo":"21400"},"geometry":{"type":"Polygon","coordinates":[[[121.8739651497846,13.449566623117295],[121.87346385995004,13.449532370159263],[121.87346382197988,13.449540494934908],[121.87333601950284,13.449574626535846],[121.8733707290407,13.449734419513419],[121.87397073012183,13.449777769544717],[121.8739651497846,13.449566623117295]]]}},{"type":"Feature","properties":{"Id":0,"CLN":"14833","PSGC":"174001042","Barangay":"Pawa","Land_Class":"AGRICULTURAL","PIN":"030-01-039-05-004","ALN":"004","Section":"05","Brgy_Code":"039","Owner":"MAPACPAC, MARCELINO S. & LANDOY, JOSE L. & MARTIZANA, JOSE M.","TaxDecNo":"21440"},"geometry":{"type":"Polygon","coordinates":[[[121.8741808038377,13.449377125543041],[121.8741741016964,13.449293806369843],[121.87403950007285,13.44926544103777],[121.8739918722575,13.448834900463547],[121.87306954178297,13.448934882992976],[121.87295595426137,13.448962137320029],[121.87295504567321,13.449156474616483],[121.87341068284555,13.4490720014089],[121.87342850878943,13.449045995751904],[121.87390632506732,13.448931688356405],[121.87401761073913,13.449397217626803],[121.8741808038377,13.449377125543041]]]}},{"type":"Feature","properties":{"Id":0,"CLN":"14988","PSGC":"174001042","Barangay":"Pawa","Land_Class":"AGRICULTURAL","PIN":"030-01-039-04-046","ALN":"046","Section":"04","Brgy_Code":"039","Owner":"MARION PEDIMENTE LAZARTE AND SALLY PEDIMENTE LAZARTE","TaxDecNo":"32579"},"geometry":{"type":"Polygon","coordinates":[[[121.8741741016964,13.449293806369843],[121.8741808038377,13.449377125543041],[121.87417215675853,13.449710243594188],[121.87437061127028,13.449731953765873],[121.8743931810557,13.449454424097487],[121.87430860612336,13.44934299349476],[121.8741741016964,13.449293806369843]]]}},{"type":"Feature","properties":{"Id":0,"CLN":"14832","PSGC":"174001042","Barangay":"Pawa","Land_Class":null,"PIN":"030-01-039-05-012","ALN":"012","Section":"05","Brgy_Code":"039"},"geometry":{"type":"Polygon","coordinates":[[[121.87233883309295,13.449001017083585],[121.8729559542614,13.448962137320029],[121.87306954178297,13.448934882992976],[121.87399187225753,13.448834900463567],[121.8737731828233,13.448590995004983],[121.87380908968161,13.448557351691981],[121.8738349432742,13.448312173273978],[121.87382088913583,13.448298290990564],[121.87348557020273,13.448296790114163],[121.8733619670772,13.448310056143285],[121.87319532965786,13.448468232952889],[121.8723656299382,13.448512884156099],[121.87236970941211,13.448613549100896],[121.87233883309295,13.449001017083585]]]}},{"type":"Feature","properties":{"Id":0,"CLN":"14870","PSGC":"174001042","Barangay":"Pawa","Land_Class":"AGRICULTURAL","PIN":"030-01-039-05-001","ALN":"001","Section":"05","Brgy_Code":"039","Owner":"LOZANO, FAUSTO & LOZANO, LUIS","TaxDecNo":"21438"},"geometry":{"type":"Polygon","coordinates":[[[121.87188383291276,13.449248845017488],[121.8720554810618,13.448937280257207],[121.87233883309295,13.449001017083585],[121.87236970941211,13.448613549100896],[121.87090673204392,13.448620253081462],[121.87082330488113,13.44817729033041],[121.87057276542923,13.448508490262205],[121.87050282307982,13.448576323389377],[121.87016915005621,13.448949639952184],[121.86984321972899,13.448892650256608],[121.87039811515577,13.450026485297148],[121.87045425878937,13.450151670973437],[121.87065655384133,13.450308653231422],[121.87097915126482,13.450175009955283],[121.87109539386927,13.450037244959422],[121.8716237583427,13.449662469742528],[121.87188383291276,13.449248845017488]]]}},{"type":"Feature","properties":{"Id":0,"CLN":"14831","PSGC":"174001042","Barangay":"Pawa","Land_Class":null,"PIN":"030-01-039-05-005","ALN":"005","Section":"05","Brgy_Code":"039"},"geometry":{"type":"Polygon","coordinates":[[[121.87428775410828,13.449252670253264],[121.87460740537846,13.449136107055358],[121.87466410191932,13.449143301387045],[121.87481327457037,13.449088442337988],[121.87469337357807,13.448949090824094],[121.87470878694634,13.448685410608702],[121.8745603597885,13.448580635314066],[121.8744959316874,13.448449933525342],[121.87391886310198,13.448398216229663],[121.87389382878212,13.448570712640786],[121.87404902254258,13.448744926240197],[121.87410403332444,13.44911303295824],[121.87428775410828,13.449252670253264]]]}},{"type":"Feature","properties":{"Id":0,"CLN":"14829","PSGC":"174001042","Barangay":"Pawa","Land_Class":"AGRICULTURAL","PIN":"030-01-039-04-061","ALN":"061","Section":"04","Brgy_Code":"039","Owner":"MARION PEDIMENTE LAZARTE AND SALLY PEDIMENTE LAZARTE","TaxDecNo":"32581"},"geometry":{"type":"Polygon","coordinates":[[[121.8746641019193,13.449143301387046],[121.87460740537844,13.44913610705534],[121.87428775410825,13.449252670253252],[121.87448507404159,13.449517302048122],[121.87444217078264,13.449593458562587],[121.87478260987174,13.449581099661017],[121.87486799500833,13.449519014575808],[121.87486831896408,13.449449608355005],[121.8746641019193,13.449143301387046]]]}},{"type":"Feature","properties":{"Id":0,"CLN":"14827","PSGC":"174001042","Barangay":"Pawa","Land_Class":"AGRICULTURAL","PIN":"030-01-039-04-060","ALN":"060","Section":"04","Brgy_Code":"039","Owner":"NATAGOC, EDILBERTO & PATRICIO ERLINDA","TaxDecNo":"21415"},"geometry":{"type":"Polygon","coordinates":[[[121.87444217078267,13.449593458562607],[121.87445460300124,13.449968315532887],[121.87456796405462,13.449989644902896],[121.87455934982457,13.4503158223711],[121.87482884601974,13.450310086913005],[121.8749353428947,13.450282800068518],[121.87500032942967,13.45003322303905],[121.87494369745485,13.450012147522433],[121.87491737376082,13.449574761504818],[121.87486799500833,13.44951901457582],[121.87478260987174,13.449581099661037],[121.87444217078267,13.449593458562607]]]}},{"type":"Feature","properties":{"Id":0,"CLN":"14824","PSGC":"174001042","Barangay":"Pawa","Land_Class":"AGRICULTURAL","PIN":"030-01-039-04-057","ALN":"057","Section":"04","Brgy_Code":"039","Owner":"CONSTANTINO, CECILIO MOSCORO","TaxDecNo":"21412"},"geometry":{"type":"Polygon","coordinates":[[[121.87445460300124,13.449968315532852],[121.87450271783207,13.45029474675345],[121.87460747397293,13.450723590000768],[121.87529401954801,13.450684231040464],[121.875139949834,13.450505819426558],[121.87511249214154,13.450311355193744],[121.8749353428947,13.450282800068518],[121.87482884601974,13.450310086912973],[121.87455934982457,13.450315822371083],[121.87456796405462,13.449989644902882],[121.87445460300124,13.449968315532852]]]}},{"type":"Feature","properties":{"Id":0,"CLN":"14826","PSGC":"174001042","Barangay":"Pawa","Land_Class":"AGRICULTURAL","PIN":"030-01-039-04-058","ALN":"058","Section":"04","Brgy_Code":"039","Owner":"MAAÑO, EUFROCINA","TaxDecNo":"21413"},"geometry":{"type":"Polygon","coordinates":[[[121.87511249214154,13.450311355193744],[121.87527558867484,13.450312084310468],[121.87531214552011,13.450076261626496],[121.87519875194575,13.450061873206142],[121.87500032942967,13.45003322303905],[121.8749353428947,13.450282800068518],[121.87511249214154,13.450311355193744]]]}},{"type":"Feature","properties":{"Id":0,"CLN":"14828","PSGC":"174001042","Barangay":"Pawa","Land_Class":"AGRICULTURAL","PIN":"030-01-039-04-059","ALN":"059","Section":"04","Brgy_Code":"039","Owner":"LEDESMA, SANTIAGO","TaxDecNo":"21414"},"geometry":{"type":"Polygon","coordinates":[[[121.87519875194575,13.450061873206142],[121.87521452118399,13.449721846094278],[121.87491737376082,13.449574761504818],[121.87494369745485,13.450012147522417],[121.87500032942967,13.45003322303905],[121.87519875194575,13.450061873206142]]]}},{"type":"Feature","properties":{"Id":0,"CLN":"14825","PSGC":"174001042","Barangay":"Pawa","Land_Class":"AGRICULTURAL","PIN":"030-01-039-04-056","ALN":"056","Section":"04","Brgy_Code":"039","Owner":"MADRIGAL, ESCOLASTICA","TaxDecNo":"21411"},"geometry":{"type":"Polygon","coordinates":[[[121.87521452118399,13.449721846094278],[121.87519875194575,13.450061873206142],[121.87531214552011,13.450076261626496],[121.87527558867484,13.450312084310468],[121.87511249214154,13.450311355193744],[121.875139949834,13.450505819426558],[121.87529401954801,13.450684231040464],[121.87534479049492,13.450642029102815],[121.8755459937458,13.450876287288802],[121.87566798929787,13.451053619531782],[121.87589261531465,13.450913193595216],[121.87607329925679,13.450899857837037],[121.87613066837346,13.450992043383696],[121.87620155286162,13.450954772557964],[121.87638747646326,13.450622446009874],[121.87636646180805,13.45056682600506],[121.87616994792131,13.450128679857686],[121.87621288312585,13.450045582391322],[121.87619232157195,13.449892793626601],[121.87594445520755,13.449822278752745],[121.87578184451793,13.449717440733913],[121.87565468964539,13.44961276105343],[121.87521452118399,13.449721846094278]]]}},{"type":"Feature","properties":{"Id":0,"CLN":"14801","PSGC":"174001042","Barangay":"Pawa","Land_Class":"AGRICULTURAL","PIN":"030-01-039-03-049","ALN":"049","Section":"03","Brgy_Code":"039","Owner":"MALAPAD, MARIA L.","TaxDecNo":"21316"},"geometry":{"type":"Polygon","coordinates":[[[121.87680491087494,13.450124028078722],[121.87623373591977,13.450135905529832],[121.87643031463801,13.450560170386261],[121.87645720248076,13.450619859160012],[121.87650912048763,13.450554032251336],[121.87673961631177,13.450504545865854],[121.87677975095299,13.45041146562545],[121.87693903128992,13.45035757815733],[121.87690498031532,13.450126117666002],[121.87680491087494,13.450124028078722]]]}},{"type":"Feature","properties":{"Id":0,"CLN":"14727","PSGC":"174001042","Barangay":"Pawa","Land_Class":"AGRICULTURAL","PIN":"030-01-039-03-057","ALN":"057","Section":"03","Brgy_Code":"039","Owner":"MAGTURO, ANSELMO","TaxDecNo":"21324"},"geometry":{"type":"Polygon","coordinates":[[[121.87623373591977,13.450135905529832],[121.87680491087494,13.450124028078722],[121.87674655594483,13.449867304182604],[121.87670453376654,13.449513507964394],[121.8769030151796,13.449518279758395],[121.87688756971797,13.449424951394905],[121.8767212466404,13.449334835353975],[121.8765069941064,13.449306678157887],[121.87646685958238,13.449399758368898],[121.87642804394189,13.449525985520262],[121.87639893531652,13.44968549325261],[121.8763487473389,13.449803262223616],[121.87627006530377,13.449948667004053],[121.87629817104111,13.450004318682534],[121.87623373591977,13.450135905529832]]]}},{"type":"Feature","properties":{"Id":0,"CLN":"14725","PSGC":"174001042","Barangay":"Pawa","Land_Class":"AGRICULTURAL","PIN":"030-01-039-05-006","ALN":"006","Section":"05","Brgy_Code":"039","Owner":"LEDESMA, SANTIAGO","TaxDecNo":"21441"},"geometry":{"type":"Polygon","coordinates":[[[121.87486317154509,13.44903313931511],[121.87499676905104,13.449276663503783],[121.87495305617047,13.449526335680677],[121.87518696630852,13.44954820372855],[121.87540154590634,13.44915353907818],[121.87530314454138,13.448965698537247],[121.87521860170003,13.448847327593407],[121.87504873893775,13.448777160587424],[121.87486317154509,13.44903313931511]]]}},{"type":"Feature","properties":{"Id":0,"CLN":"14724","PSGC":"174001042","Barangay":"Pawa","Land_Class":"AGRICULTURAL","PIN":"030-01-039-05-007","ALN":"007","Section":"05","Brgy_Code":"039","Owner":"HRS. OF JINANG, AGUSTIN","TaxDecNo":"21442"},"geometry":{"type":"Polygon","coordinates":[[[121.87481601528827,13.448354565229742],[121.87463287536215,13.448267375086232],[121.87462117354751,13.448505707242255],[121.87476596933344,13.448588495575247],[121.87478552564309,13.448956443681285],[121.87486317154509,13.44903313931511],[121.87504873893775,13.448777160587424],[121.87521957320872,13.448639108893637],[121.87514901840295,13.448562445066637],[121.87497465720979,13.448396732701582],[121.87481601528827,13.448354565229742]]]}},{"type":"Feature","properties":{"Id":0,"CLN":"14721","PSGC":"174001042","Barangay":"Pawa","Land_Class":"AGRICULTURAL","PIN":"030-01-039-06-026","ALN":"026","Section":"06","Brgy_Code":"039","Owner":"MONTEMAR, TRINIDAD","TaxDecNo":"21596"},"geometry":{"type":"Polygon","coordinates":[[[121.87598382258307,13.448470339380545],[121.87585832433298,13.448451565475748],[121.87585042265826,13.448697454058303],[121.87594247760961,13.448725628362265],[121.87598382258307,13.448470339380545]]]}},{"type":"Feature","properties":{"Id":0,"CLN":"14722","PSGC":"174001042","Barangay":"Pawa","Land_Class":"AGRICULTURAL","PIN":"030-01-039-06-002","ALN":"002","Section":"06","Brgy_Code":"039","Owner":"LEDESMA, SANTIAGO","TaxDecNo":"21571"},"geometry":{"type":"Polygon","coordinates":[[[121.87594247760961,13.448725628362265],[121.87585042265826,13.448697454058303],[121.87589057431096,13.449211250362326],[121.87617489203355,13.449166074876157],[121.87618315469216,13.448816933362925],[121.87594247760961,13.448725628362265]]]}},{"type":"Feature","properties":{"Id":0,"CLN":"14718","PSGC":"174001042","Barangay":"Pawa","Land_Class":"AGRICULTURAL","PIN":"030-01-039-06-025","ALN":"025","Section":"06","Brgy_Code":"039","Owner":"MONTEMAR, FRANCISCO","TaxDecNo":"21595"},"geometry":{"type":"Polygon","coordinates":[[[121.87641591780567,13.44860490485802],[121.8764790979304,13.448336006353017],[121.87608220326524,13.448479011651957],[121.87598382258307,13.448470339380545],[121.87594247760961,13.448725628362265],[121.87618315469216,13.448816933362925],[121.87634621792324,13.44882460233237],[121.8763395473796,13.4487343425296],[121.87641591780567,13.44860490485802]]]}},{"type":"Feature","properties":{"Id":0,"CLN":"14830","PSGC":"174001042","Barangay":"Pawa","Land_Class":"AGRICULTURAL","PIN":"030-01-039-04-062","ALN":"062","Section":"04","Brgy_Code":"039","Owner":"LITRERO, JUANA","TaxDecNo":"21417"},"geometry":{"type":"Polygon","coordinates":[[[121.87486831896408,13.449449608355005],[121.87486938800517,13.449220567823645],[121.87481327457037,13.449088442337974],[121.8746641019193,13.449143301387046],[121.87486831896408,13.449449608355005]]]}},{"type":"Feature","properties":{"Id":0,"CLN":"14543","PSGC":"174001042","Barangay":"Pawa","Land_Class":"AGRICULTURAL","PIN":"030-01-039-01-009","ALN":"009","Section":"01","Brgy_Code":"039","Owner":"JAO, NAPOLEON L.","TaxDecNo":"21113"},"geometry":{"type":"Polygon","coordinates":[[[121.87883344531927,13.457591970495635],[121.8783112049704,13.457297614056412],[121.8781929996874,13.457554758240242],[121.8779322756145,13.457636622531634],[121.8770177503761,13.458036225506351],[121.87706409892171,13.458133774977677],[121.87728898816889,13.458209217492357],[121.87739421337774,13.458226865344304],[121.87751141934336,13.458184443313964],[121.87847436568812,13.458065630050038],[121.8785353077605,13.457967273142446],[121.87884208749884,13.457620639188674],[121.87883344531927,13.457591970495635]]]}},{"type":"Feature","properties":{"Id":0,"CLN":"14542 pt","PSGC":"174001042","Barangay":"Pawa","Land_Class":"AGRICULTURAL","PIN":"030-01-039-01-083","ALN":"083","Section":"01","Brgy_Code":"039","Owner":"LAGANG, JUAN","TaxDecNo":"21186"},"geometry":{"type":"Polygon","coordinates":[[[121.87936018592826,13.457430039118886],[121.8792833122554,13.457682279592422],[121.87869840198279,13.458268726604146],[121.8788359379321,13.458522939087691],[121.87893012903187,13.458397386302195],[121.8792119557964,13.458181053288982],[121.87951294568168,13.458037335065999],[121.87960454981207,13.457629286105073],[121.87936018592826,13.457430039118886]]]}},{"type":"Feature","properties":{"Id":0,"CLN":"14540","PSGC":"174001042","Barangay":"Pawa","Land_Class":"AGRICULTURAL","PIN":"030-01-039-01-007","ALN":"007","Section":"01","Brgy_Code":"039","Owner":"MALAPAD, MARIA","TaxDecNo":"21112"},"geometry":{"type":"Polygon","coordinates":[[[121.87951294568168,13.458037335065999],[121.8792119557964,13.458181053288982],[121.87962145592574,13.459025877479066],[121.8797049918324,13.458954992352274],[121.87990879677747,13.45874212831199],[121.87951294568168,13.458037335065999]]]}},{"type":"Feature","properties":{"Id":0,"CLN":"14541","PSGC":"174001042","Barangay":"Pawa","Land_Class":"AGRICULTURAL","PIN":"030-01-039-01-003","ALN":"003","Section":"01","Brgy_Code":"039","Owner":"MAPACPAC, LAURA M.","TaxDecNo":"21109"},"geometry":{"type":"Polygon","coordinates":[[[121.87962145592574,13.459025877479066],[121.8792119557964,13.458181053288982],[121.87893012903187,13.458397386302195],[121.8790565911547,13.458600906103342],[121.87897296046032,13.458692149816146],[121.87861319386914,13.458894137965297],[121.87848262483622,13.459191943625179],[121.87868946842202,13.45926603395253],[121.87919320930486,13.459415884183645],[121.87951055414527,13.459102022784492],[121.87962145592574,13.459025877479066]]]}},{"type":"Feature","properties":{"Id":0,"CLN":"14538","PSGC":"174001042","Barangay":"Pawa","Land_Class":"AGRICULTURAL","PIN":"030-01-039-01-005","ALN":"005","Section":"01","Brgy_Code":"039","Owner":"MAYANGITAN, DIA , MAYANGITAN, RHANDY & MAYANGITAN, IRENE","TaxDecNo":"21111"},"geometry":{"type":"Polygon","coordinates":[[[121.88135865775855,13.45896744409435],[121.88062986132364,13.459127074810608],[121.88072663279735,13.459565229172373],[121.88113263412177,13.459485599119404],[121.88169362791515,13.459625519612388],[121.88172551497112,13.45947805691525],[121.88168070726194,13.459341003445408],[121.88165885637673,13.459274168027296],[121.88155503963304,13.45923298779623],[121.88135865775855,13.45896744409435]]]}},{"type":"Feature","properties":{"Id":0,"CLN":"14537","PSGC":"174001042","Barangay":"Pawa","Land_Class":"AGRICULTURAL","PIN":"030-01-039-01-004","ALN":"004","Section":"01","Brgy_Code":"039","Owner":"MALCO, FELICITACION","TaxDecNo":"21110"},"geometry":{"type":"Polygon","coordinates":[[[121.88072663279735,13.459565229172373],[121.88062986132364,13.459127074810608],[121.87990879677747,13.45874212831199],[121.8797049918324,13.458954992352274],[121.88002357540948,13.45978096041915],[121.88041884543861,13.459772541086824],[121.88078870524231,13.459636762797363],[121.88072663279735,13.459565229172373]]]}},{"type":"Feature","properties":{"Id":0,"CLN":"14536 pt","PSGC":"174001042","Barangay":"Pawa","Land_Class":"AGRICULTURAL","PIN":"030-01-039-01-072","ALN":"072","Section":"01","Brgy_Code":"039","Owner":"MALAPAD, ALEX","TaxDecNo":"21175"},"geometry":{"type":"Polygon","coordinates":[[[121.87951055414527,13.459102022784492],[121.87941344263922,13.459860502462767],[121.8796643287063,13.459870976554418],[121.88000168553671,13.460014994082098],[121.88032339455766,13.460169121121202],[121.88041884543861,13.459772541086824],[121.88002357540948,13.45978096041915],[121.8797049918324,13.458954992352274],[121.87962145592574,13.459025877479066],[121.87951055414527,13.459102022784492]]]}},{"type":"Feature","properties":{"Id":0,"CLN":"14723","PSGC":"174001042","Barangay":"Pawa","Land_Class":"AGRICULTURAL","PIN":"030-01-039-06-012","ALN":"012","Section":"06","Brgy_Code":"039","Owner":"GARCIA, CARINA D.","TaxDecNo":"21583"},"geometry":{"type":"Polygon","coordinates":[[[121.87526381664948,13.44845675771491],[121.87565467424317,13.44833978345609],[121.87497465720979,13.448396732701566],[121.87514901840295,13.448562445066637],[121.87521957320872,13.448639108893637],[121.87526381664948,13.44845675771491]]]}},{"type":"Feature","properties":{"Id":0,"CLN":"14720","PSGC":"174001042","Barangay":"Pawa","Land_Class":"RESIDENTIAL","PIN":"030-01-039-06-011","ALN":"011","Section":"06","Brgy_Code":"039","Owner":"NATAGOC, EDILBERTO","TaxDecNo":"21582"},"geometry":{"type":"Polygon","coordinates":[[[121.87583625271891,13.448324576523467],[121.87585832433298,13.448451565475748],[121.87598382258307,13.448470339380545],[121.8759697272925,13.448322682051554],[121.87583625271891,13.448324576523467]]]}},{"type":"Feature","properties":{"Id":0,"CLN":"14719","PSGC":"174001042","Barangay":"Pawa","Land_Class":"AGRICULTURAL","PIN":"030-01-039-06-010","ALN":"010","Section":"06","Brgy_Code":"039","Owner":"MONTEMAR, TRINIDAD","TaxDecNo":"21581"},"geometry":{"type":"Polygon","coordinates":[[[121.87608220326524,13.448479011651957],[121.87606686025325,13.44830293558223],[121.8759697272925,13.448322682051554],[121.87598382258307,13.448470339380545],[121.87608220326524,13.448479011651957]]]}},{"type":"Feature","properties":{"Id":0,"CLN":"14716","PSGC":"174001042","Barangay":"Pawa","Land_Class":"AGRICULTURAL","PIN":"030-01-039-06-013","ALN":"013","Section":"06","Brgy_Code":"039","Owner":"GARCIA, CARINA D.","TaxDecNo":"01-23639"},"geometry":{"type":"Polygon","coordinates":[[[121.87681537216129,13.448018964466906],[121.8766585107147,13.447598548108449],[121.87632281346433,13.447684147647836],[121.87618968455861,13.447469352499294],[121.87569806243201,13.447681357254679],[121.87503603201752,13.448103344994776],[121.87502827945579,13.44825186880723],[121.87570285006304,13.448168512341294],[121.87641629505912,13.44807496305595],[121.87681537216129,13.448018964466906]]]}},{"type":"Feature","properties":{"Id":0,"CLN":"14874","PSGC":"174001042","Barangay":"Pawa","Land_Class":"AGRICULTURAL","PIN":"030-01-039-05-009","ALN":"009","Section":"05","Brgy_Code":"039","Owner":"OSMILLO, CAROLINA , OSMILLO, BENITO , OSMILLO, AMANDA & OSMILLO, FRANCISCO","TaxDecNo":"21445"},"geometry":{"type":"Polygon","coordinates":[[[121.87453517348679,13.448025098805068],[121.87453556056306,13.447942184192371],[121.87433638578607,13.447509437394723],[121.87411366213094,13.447584447692428],[121.87421734187117,13.448058225614526],[121.87453517348679,13.448025098805068]]]}},{"type":"Feature","properties":{"Id":0,"CLN":"14875","PSGC":"174001042","Barangay":"Pawa","Land_Class":"AGRICULTURAL","PIN":"030-01-039-05-008","ALN":"008","Section":"05","Brgy_Code":"039","Owner":"MONREAL, ENCARNACION","TaxDecNo":"21444"},"geometry":{"type":"Polygon","coordinates":[[[121.87453556056306,13.447942184192371],[121.87468127679628,13.447728635277294],[121.87468192182345,13.447590444245634],[121.8746930107015,13.447483393544854],[121.87462630189466,13.447407088588264],[121.87433638578607,13.447509437394723],[121.87453556056306,13.447942184192371]]]}},{"type":"Feature","properties":{"Id":0,"CLN":"14876","PSGC":"174001042","Barangay":"Pawa","Land_Class":null,"PIN":"030-01-039-05-010","ALN":"010","Section":"05","Brgy_Code":"039"},"geometry":{"type":"Polygon","coordinates":[[[121.87453517348679,13.448025098805068],[121.87421734187117,13.448058225614526],[121.87411366213094,13.447584447692428],[121.87433638578607,13.447509437394723],[121.87462630189466,13.447407088588264],[121.87439556116544,13.447183218974192],[121.8741289850134,13.446822722386607],[121.87386034420184,13.446904436779425],[121.87331066554398,13.446699292186183],[121.87330232942023,13.44646893175229],[121.873332116347,13.446137399805947],[121.87315912834342,13.445892482851297],[121.87242595479059,13.445677302005274],[121.87251185062455,13.445424331423384],[121.8726074601035,13.44510691383785],[121.87226517786567,13.444933894811696],[121.87228501339021,13.44479774401494],[121.87246894587913,13.4445350921221],[121.87250754275361,13.444332580690494],[121.87248945041064,13.44417587994271],[121.87232974293266,13.444110674046112],[121.87217925395387,13.444086967512149],[121.87214141089382,13.444128256105888],[121.87203332033842,13.444095526532887],[121.87199934308956,13.444316484415468],[121.87196037948688,13.444597303932753],[121.87202115012381,13.444685099034093],[121.87164953613853,13.444646581746083],[121.87164504552113,13.444600497009317],[121.87146640564342,13.444558237994029],[121.87137668689178,13.444622326166884],[121.87131973870632,13.444723412934454],[121.8713755658133,13.444861857070055],[121.87143158700567,13.444958843925047],[121.87153928981733,13.445074488324616],[121.87185000443205,13.445052848879461],[121.87189579462593,13.445324835298772],[121.87181043701196,13.445462646525828],[121.87186628609717,13.445596484216356],[121.87180975863548,13.44583116032446],[121.87198271216826,13.44585957429916],[121.87198711665643,13.445924084488619],[121.8721891161961,13.44600329957645],[121.87223997932693,13.446196998852738],[121.87225779146375,13.446413582329441],[121.87154214860965,13.446474865002052],[121.871546552977,13.446539375187738],[121.87159332411449,13.446825185404789],[121.87216649921854,13.446813935316056],[121.87217064518113,13.446933721870794],[121.87178400380023,13.447088608503085],[121.87191979402903,13.447236623941162],[121.87196567072472,13.447490184886956],[121.8720414920562,13.447630445966203],[121.87217937510886,13.447582696109869],[121.87221148143513,13.447510288244391],[121.87244435819721,13.447528605991186],[121.87258559307749,13.447518874222247],[121.87297394721834,13.447594875617527],[121.87311080199291,13.44767323982958],[121.87303211583858,13.447893997617292],[121.87294999676233,13.44809401091537],[121.87298161842942,13.448125246151077],[121.87291755137382,13.448238969127491],[121.87294915690259,13.448273659141659],[121.87316738292887,13.448405920580838],[121.87334464162532,13.448240881648086],[121.87340833716428,13.448206618352218],[121.87364474444878,13.448224950849088],[121.87390232982226,13.448243377898345],[121.87391245085266,13.448343613749952],[121.87448047034941,13.448401432528055],[121.87453517348679,13.448025098805068]],[[121.87230708194107,13.446943546188429],[121.87260840812296,13.446917257453547],[121.87260679265432,13.44726273480081],[121.87222554667842,13.447270239524522],[121.87214141674548,13.447145488065589],[121.87229676462906,13.44713697130665],[121.87230708194107,13.446943546188429]]]}},{"type":"Feature","properties":{"Id":0,"CLN":"14715","PSGC":"174001042","Barangay":"Pawa","Land_Class":"AGRICULTURAL","PIN":"030-01-039-06-014","ALN":"014","Section":"06","Brgy_Code":"039","Owner":"BUENAVENTURA, GERARDO","TaxDecNo":"21585"},"geometry":{"type":"Polygon","coordinates":[[[121.87724995483619,13.447917270125519],[121.87648977215981,13.447173046645123],[121.87642107226085,13.447246268296968],[121.87618968455861,13.447469352499294],[121.87632281346433,13.447684147647836],[121.8766585107147,13.447598548108449],[121.87681537216129,13.448018964466906],[121.87724995483619,13.447917270125519]]]}},{"type":"Feature","properties":{"Id":0,"CLN":"14837","PSGC":"174001042","Barangay":"Pawa","Land_Class":"AGRICULTURAL","PIN":"030-01-039-05-015","ALN":"015","Section":"05","Brgy_Code":"039","Owner":"NATAGOK, PEDRO","TaxDecNo":"21449"},"geometry":{"type":"Polygon","coordinates":[[[121.87258559307749,13.447518874222247],[121.87244435819721,13.447528605991186],[121.87246862246953,13.44784713630393],[121.87303211583858,13.447893997617292],[121.87311080199291,13.44767323982958],[121.87297394721834,13.447594875617527],[121.87258559307749,13.447518874222247]]]}},{"type":"Feature","properties":{"Id":0,"CLN":"14878","PSGC":"174001042","Barangay":"Pawa","Land_Class":"AGRICULTURAL","PIN":"030-01-039-05-016","ALN":"016","Section":"05","Brgy_Code":"039","Owner":"MAPACPAC, MARCELINO S. & SELDAS, EDMUNDO M. & SELDAS, FELIPE J.","TaxDecNo":"01-31945"},"geometry":{"type":"Polygon","coordinates":[[[121.87244435819721,13.447528605991186],[121.87221148143513,13.447510288244391],[121.87217937510886,13.447582696109869],[121.8720414920562,13.447630445966203],[121.87203059922095,13.447918876703888],[121.87212379696938,13.448117372211675],[121.87226416488852,13.448293046789539],[121.87233050456821,13.448196608414358],[121.8723357279114,13.448086076772253],[121.87228976457139,13.44785094132137],[121.87246862246953,13.44784713630393],[121.87244435819721,13.447528605991186]]]}},{"type":"Feature","properties":{"Id":0,"CLN":"14877","PSGC":"174001042","Barangay":"Pawa","Land_Class":"AGRICULTURAL","PIN":"030-01-039-05-014","ALN":"014","Section":"05","Brgy_Code":"039","Owner":"OLIVAR, ROY .","TaxDecNo":"21448"},"geometry":{"type":"Polygon","coordinates":[[[121.87246862246953,13.44784713630393],[121.87228976457139,13.44785094132137],[121.8723357279114,13.448086076772253],[121.87294999676233,13.44809401091537],[121.87303211583858,13.447893997617292],[121.87246862246953,13.44784713630393]]]}},{"type":"Feature","properties":{"Id":0,"CLN":"14873","PSGC":"174001042","Barangay":"Pawa","Land_Class":"AGRICULTURAL","PIN":"030-01-039-05-011","ALN":"011","Section":"05","Brgy_Code":"039","Owner":"LARDIZABAL, REYNALDO","TaxDecNo":"21446"},"geometry":{"type":"Polygon","coordinates":[[[121.87294915690259,13.448273659141659],[121.87284724190593,13.448401607769576],[121.87316738292887,13.448405920580838],[121.87294915690259,13.448273659141659]]]}},{"type":"Feature","properties":{"Id":0,"CLN":"14872","PSGC":"174001042","Barangay":"Pawa","Land_Class":"AGRICULTURAL","PIN":"030-01-039-05-013","ALN":"013","Section":"05","Brgy_Code":"039","Owner":"GO, MELCHAN J.","TaxDecNo":"29711"},"geometry":{"type":"Polygon","coordinates":[[[121.87294915690259,13.448273659141659],[121.87291755137382,13.448238969127491],[121.87298161842942,13.448125246151077],[121.87294999676233,13.44809401091537],[121.8723357279114,13.448086076772253],[121.87233050456821,13.448196608414358],[121.87226416488852,13.448293046789539],[121.87238600972526,13.448404147854884],[121.87284724190593,13.448401607769576],[121.87294915690259,13.448273659141659]]]}},{"type":"Feature","properties":{"Id":0,"CLN":"14880","PSGC":"174001042","Barangay":"Pawa","Land_Class":"AGRICULTURAL","PIN":"030-01-039-05-024","ALN":"024","Section":"05","Brgy_Code":"039","Owner":"MONTEALEGRE, PAMFILO","TaxDecNo":"21458"},"geometry":{"type":"Polygon","coordinates":[[[121.87178400380023,13.447088608503085],[121.87217064518113,13.446933721870794],[121.87216649921854,13.446813935316056],[121.87159332411449,13.446825185404789],[121.87162115170291,13.44691283290997],[121.87178400380023,13.447088608503085]]]}},{"type":"Feature","properties":{"Id":0,"CLN":"14894","PSGC":"174001042","Barangay":"Pawa","Land_Class":"AGRICULTURAL","PIN":"030-01-039-05-027","ALN":"027","Section":"05","Brgy_Code":"039","Owner":"OLIVAR, JOSELITO","TaxDecNo":"21461"},"geometry":{"type":"Polygon","coordinates":[[[121.87154214860965,13.446474865002052],[121.87225779146375,13.446413582329441],[121.87223997932693,13.446196998852738],[121.8721891161961,13.44600329957645],[121.87198711665643,13.445924084488619],[121.87198271216826,13.44585957429916],[121.87180975863548,13.44583116032446],[121.87154146330106,13.445839170458555],[121.87157212144315,13.446327592675823],[121.87154214860965,13.446474865002052]]]}},{"type":"Feature","properties":{"Id":0,"CLN":"14895","PSGC":"174001042","Barangay":"Pawa","Land_Class":"AGRICULTURAL","PIN":"030-01-039-05-036","ALN":"036","Section":"05","Brgy_Code":"039","Owner":"LAZARTE, DELFIN","TaxDecNo":"21468"},"geometry":{"type":"Polygon","coordinates":[[[121.87154146330106,13.445839170458555],[121.87180975863548,13.44583116032446],[121.87186628609717,13.445596484216356],[121.87181043701196,13.445462646525828],[121.87155732797775,13.445466118318334],[121.87154146330106,13.445839170458555]]]}},{"type":"Feature","properties":{"Id":0,"CLN":"14896","PSGC":"174001042","Barangay":"Pawa","Land_Class":"AGRICULTURAL","PIN":"030-01-039-05-037","ALN":"037","Section":"05","Brgy_Code":"039","Owner":"GARCIA, CARINA STO. DOMINGO","TaxDecNo":"21469"},"geometry":{"type":"Polygon","coordinates":[[[121.87181043701196,13.445462646525828],[121.87189579462593,13.445324835298772],[121.87185000443205,13.445052848879461],[121.87153928981733,13.445074488324616],[121.87155732797775,13.445466118318334],[121.87181043701196,13.445462646525828]]]}},{"type":"Feature","properties":{"Id":0,"CLN":"14892","PSGC":"174001042","Barangay":"Pawa","Land_Class":"AGRICULTURAL","PIN":"030-01-039-05-035","ALN":"035","Section":"05","Brgy_Code":"039","Owner":"MALINAO, LIBRADA","TaxDecNo":"21467"},"geometry":{"type":"Polygon","coordinates":[[[121.87147281091035,13.445424281237475],[121.87117146503194,13.44545517511579],[121.87120717364652,13.445869916631501],[121.87148023985372,13.445848108869392],[121.87147281091035,13.445424281237475]]]}},{"type":"Feature","properties":{"Id":0,"CLN":"14899","PSGC":"174001042","Barangay":"Pawa","Land_Class":"AGRICULTURAL","PIN":"030-01-039-05-038","ALN":"038","Section":"05","Brgy_Code":"039","Owner":"JAO, VIVIAN L.","TaxDecNo":"21470"},"geometry":{"type":"Polygon","coordinates":[[[121.87117146503194,13.44545517511579],[121.87147281091035,13.445424281237475],[121.87145553844252,13.44509253866258],[121.87135245558851,13.444995340786287],[121.87113143847638,13.444957497949707],[121.8709390681986,13.444832260696193],[121.87070630754086,13.444997260005524],[121.87062656323826,13.445236227097034],[121.87096070104238,13.445237726169248],[121.87122001459886,13.445137547129223],[121.8712197127183,13.44520203621286],[121.87132290340148,13.44527620232846],[121.87114847329251,13.445339910506872],[121.87117146503194,13.44545517511579]]]}},{"type":"Feature","properties":{"Id":0,"CLN":"14897","PSGC":"174001042","Barangay":"Pawa","Land_Class":"AGRICULTURAL","PIN":"030-01-039-05-039","ALN":"039","Section":"05","Brgy_Code":"039","Owner":"JAO, VIVIAN L.","TaxDecNo":"21471"},"geometry":{"type":"Polygon","coordinates":[[[121.8713755658133,13.444861857070055],[121.87117871572327,13.444911645383439],[121.87143158700567,13.444958843925047],[121.8713755658133,13.444861857070055]]]}},{"type":"Feature","properties":{"Id":0,"CLN":"14927","PSGC":"174001042","Barangay":"Pawa","Land_Class":"AGRICULTURAL","PIN":"030-01-039-05-040","ALN":"040","Section":"05","Brgy_Code":"039","Owner":"MONTALAN, SIMEONA","TaxDecNo":"21472"},"geometry":{"type":"Polygon","coordinates":[[[121.87117871572327,13.444911645383439],[121.8713755658133,13.444861857070055],[121.87131973870632,13.444723412934454],[121.87112301810814,13.444745563034061],[121.87099575776809,13.444786450385152],[121.87117871572327,13.444911645383439]]]}},{"type":"Feature","properties":{"Id":0,"CLN":"14925","PSGC":"174001042","Barangay":"Pawa","Land_Class":"AGRICULTURAL","PIN":"030-01-039-05-042","ALN":"042","Section":"05","Brgy_Code":"039","Owner":"GARCIA, CARINA STO. DOMINGO","TaxDecNo":"21474"},"geometry":{"type":"Polygon","coordinates":[[[121.87099575776809,13.444786450385152],[121.87080884879563,13.444500011461534],[121.87071455318757,13.444536440098867],[121.87099575776809,13.444786450385152]]]}},{"type":"Feature","properties":{"Id":0,"CLN":"14926","PSGC":"174001042","Barangay":"Pawa","Land_Class":"AGRICULTURAL","PIN":"030-01-039-05-041","ALN":"041","Section":"05","Brgy_Code":"039","Owner":"LOZANO, ROSARIO","TaxDecNo":"21473"},"geometry":{"type":"Polygon","coordinates":[[[121.87100689536666,13.444417983564819],[121.87080884879563,13.444500011461534],[121.87099575776809,13.444786450385152],[121.87112301810814,13.444745563034061],[121.87100689536666,13.444417983564819]]]}},{"type":"Feature","properties":{"Id":0,"CLN":"14891","PSGC":"174001042","Barangay":"Pawa","Land_Class":"AGRICULTURAL","PIN":"030-01-039-05-028","ALN":"028","Section":"05","Brgy_Code":"039","Owner":"SPS. JINANG, SIMEON JR. & JINANG, FLORIAN L. & SPS. RICAMARA, SATURNO S. & RICAMARA, FE L.","TaxDecNo":"21462"},"geometry":{"type":"Polygon","coordinates":[[[121.87145448828583,13.446322458764838],[121.87148023985372,13.445848108869392],[121.87120717364652,13.445869916631501],[121.87106594513772,13.445878496109048],[121.87107114735412,13.445772570877832],[121.87096776243939,13.445739861913777],[121.87094854949035,13.44582269199259],[121.87077463663668,13.445775847177735],[121.87023305945716,13.445851726527467],[121.8702449333539,13.446330851470343],[121.87029199522136,13.446331062722304],[121.87048509993843,13.44629968423269],[121.87051884163132,13.446129396698296],[121.87061305160168,13.446111393637567],[121.87062574613137,13.446415476869506],[121.87145448828583,13.446322458764838]]]}},{"type":"Feature","properties":{"Id":0,"CLN":"14890","PSGC":"174001042","Barangay":"Pawa","Land_Class":"AGRICULTURAL","PIN":"030-01-039-05-083","ALN":"083","Section":"05","Brgy_Code":"039","Owner":"DELA SANTA, MANUEL & DELA SANTA, JESUS","TaxDecNo":"21511"},"geometry":{"type":"Polygon","coordinates":[[[121.87061305160168,13.446111393637567],[121.87051884163132,13.446129396698296],[121.87048509993843,13.44629968423269],[121.87061305160168,13.446111393637567]]]}},{"type":"Feature","properties":{"Id":0,"CLN":"14929","PSGC":"174001042","Barangay":"Pawa","Land_Class":"AGRICULTURAL","PIN":"030-01-039-05-045","ALN":"045","Section":"05","Brgy_Code":"039","Owner":"LORICO, LIOBA M.","TaxDecNo":"21477"},"geometry":{"type":"Polygon","coordinates":[[[121.87196037948688,13.444597303932753],[121.87199934308956,13.444316484415468],[121.87162426331867,13.444236493453852],[121.87154775785436,13.444494112276873],[121.87196037948688,13.444597303932753]]]}},{"type":"Feature","properties":{"Id":0,"CLN":"14930","PSGC":"174001042","Barangay":"Pawa","Land_Class":"AGRICULTURAL","PIN":"030-01-039-05-046","ALN":"046","Section":"05","Brgy_Code":"039","Owner":"LOZANO, DARIA","TaxDecNo":"21478"},"geometry":{"type":"Polygon","coordinates":[[[121.87162426331867,13.444236493453852],[121.87199934308956,13.444316484415468],[121.87203332033842,13.444095526532887],[121.87166758852013,13.444029396930627],[121.87165148044275,13.444106394357902],[121.87162426331867,13.444236493453852]]]}},{"type":"Feature","properties":{"Id":0,"CLN":"14928","PSGC":"174001042","Barangay":"Pawa","Land_Class":"AGRICULTURAL","PIN":"030-01-039-05-044","ALN":"044","Section":"05","Brgy_Code":"039","Owner":"PASTORFIDE, MA. AGNES LABAY","TaxDecNo":"21476"},"geometry":{"type":"Polygon","coordinates":[[[121.87165148044275,13.444106394357902],[121.87117329249924,13.44405942596291],[121.8711728181346,13.44416076595831],[121.87107368717624,13.4442248118204],[121.87111075413746,13.444349352480895],[121.87100689536666,13.444417983564819],[121.87112301810814,13.444745563034061],[121.87131973870632,13.444723412934454],[121.87137668689178,13.444622326166884],[121.87146640564342,13.444558237994029],[121.87164504552113,13.444600497009317],[121.87164953613853,13.444646581746083],[121.87202115012381,13.444685099034093],[121.87196037948688,13.444597303932753],[121.87154775785436,13.444494112276873],[121.87162426331867,13.444236493453852],[121.87165148044275,13.444106394357902]]]}},{"type":"Feature","properties":{"Id":0,"CLN":"14924","PSGC":"174001042","Barangay":"Pawa","Land_Class":"AGRICULTURAL","PIN":"030-01-039-05-043","ALN":"043","Section":"05","Brgy_Code":"039","Owner":"JANDA, KRISTINE JOY","TaxDecNo":"21475"},"geometry":{"type":"Polygon","coordinates":[[[121.87071455318757,13.444536440098867],[121.87080884879563,13.444500011461534],[121.87100689536666,13.444417983564819],[121.87111075413746,13.444349352480895],[121.87107368717624,13.4442248118204],[121.87099873387373,13.44415077228882],[121.87089530651393,13.444127276072525],[121.87075390647358,13.444172706357902],[121.87065971885089,13.444186103172152],[121.87060777866671,13.4442227218064],[121.87062565404688,13.444425486217144],[121.87071455318757,13.444536440098867]]]}},{"type":"Feature","properties":{"Id":0,"CLN":"14923","PSGC":"174001042","Barangay":"Pawa","Land_Class":"AGRICULTURAL","PIN":"030-01-039-05-055","ALN":"055","Section":"05","Brgy_Code":"039","Owner":"OSINSAO, TIRSO M. & OSINSAO, JOVITA M.","TaxDecNo":"21486"},"geometry":{"type":"Polygon","coordinates":[[[121.87089530651393,13.444127276072525],[121.87087740933949,13.44392911802314],[121.87068404771901,13.444015773325837],[121.87075390647358,13.444172706357902],[121.87089530651393,13.444127276072525]]]}},{"type":"Feature","properties":{"Id":0,"CLN":"14932","PSGC":"174001042","Barangay":"Pawa","Land_Class":"AGRICULTURAL","PIN":"030-01-039-05-054","ALN":"054","Section":"05","Brgy_Code":"039","Owner":"MAPACPAC, PAULINO M.","TaxDecNo":"21485"},"geometry":{"type":"Polygon","coordinates":[[[121.87107368717624,13.4442248118204],[121.8711728181346,13.44416076595831],[121.87117329249924,13.44405942596291],[121.87114604750151,13.443847406614367],[121.87086380853802,13.443818501979917],[121.87087740933949,13.44392911802314],[121.87089530651393,13.444127276072525],[121.87099873387373,13.44415077228882],[121.87107368717624,13.4442248118204]]]}},{"type":"Feature","properties":{"Id":0,"CLN":"14922","PSGC":"174001042","Barangay":"Pawa","Land_Class":"AGRICULTURAL","PIN":"030-01-039-05-058","ALN":"058","Section":"05","Brgy_Code":"039","Owner":"JAO, VIVIAN L.","TaxDecNo":"21488"},"geometry":{"type":"Polygon","coordinates":[[[121.87065971885089,13.444186103172152],[121.87075390647358,13.444172706357902],[121.87068404771901,13.444015773325837],[121.87087740933949,13.44392911802314],[121.87086380853802,13.443818501979917],[121.87081685499314,13.44379525905871],[121.8704777757435,13.443844408822603],[121.87041130724609,13.443968484951421],[121.8705756554363,13.444047532221312],[121.87065971885089,13.444186103172152]]]}},{"type":"Feature","properties":{"Id":0,"CLN":"14921","PSGC":"174001042","Barangay":"Pawa","Land_Class":"AGRICULTURAL","PIN":"030-01-039-05-057","ALN":"057","Section":"05","Brgy_Code":"039","Owner":"BARANGAY PAWA","TaxDecNo":"21487"},"geometry":{"type":"Polygon","coordinates":[[[121.8704777757435,13.443844408822603],[121.87035058381265,13.443591536267967],[121.87025575722055,13.443643437547893],[121.87028924968662,13.443903446761496],[121.87033100076134,13.444032614987377],[121.87054221623437,13.444153330743394],[121.87060777866671,13.4442227218064],[121.87065971885089,13.444186103172152],[121.8705756554363,13.444047532221312],[121.87041130724609,13.443968484951421],[121.8704777757435,13.443844408822603]]]}},{"type":"Feature","properties":{"Id":0,"CLN":"14920","PSGC":"174001042","Barangay":"Pawa","Land_Class":"AGRICULTURAL","PIN":"030-01-039-05-056","ALN":"056","Section":"05","Brgy_Code":"039","Owner":"MALAPAD, AURELIO M.","TaxDecNo":"01-28081"},"geometry":{"type":"Polygon","coordinates":[[[121.87062565404688,13.444425486217144],[121.87060777866671,13.4442227218064],[121.87054221623437,13.444153330743394],[121.87033100076134,13.444032614987377],[121.87042439000801,13.44418965369551],[121.87057410213532,13.444379190316724],[121.87062565404688,13.444425486217144]]]}},{"type":"Feature","properties":{"Id":0,"CLN":"14951","PSGC":"174001042","Barangay":"Pawa","Land_Class":"AGRICULTURAL","PIN":"030-01-039-05-047","ALN":"047","Section":"05","Brgy_Code":"039","Owner":"LOZANO, ROSARIO","TaxDecNo":"21479"},"geometry":{"type":"Polygon","coordinates":[[[121.87166758852013,13.444029396930627],[121.87203332033842,13.444095526532887],[121.87214141089382,13.444128256105888],[121.87214305992028,13.44399928257215],[121.87213010482941,13.443750475600124],[121.87205502204515,13.443704074556399],[121.87165549600776,13.443596335399327],[121.87166758852013,13.444029396930627]]]}},{"type":"Feature","properties":{"Id":0,"CLN":"14943","PSGC":"174001042","Barangay":"Pawa","Land_Class":"AGRICULTURAL","PIN":"030-01-039-05-048","ALN":"048","Section":"05","Brgy_Code":"039","Owner":"PASTORFIDE, ESTER","TaxDecNo":"21480"},"geometry":{"type":"Polygon","coordinates":[[[121.87205502204515,13.443704074556399],[121.8720373393583,13.44345985285992],[121.87207664727009,13.443105331440972],[121.8718932160659,13.443081477178684],[121.87185619192608,13.442947723874793],[121.87172014534474,13.442854984924171],[121.87165859940633,13.4429330189105],[121.87167647567013,13.443135783329021],[121.8716553882292,13.443319204361527],[121.87165549600776,13.443596335399327],[121.87205502204515,13.443704074556399]]]}},{"type":"Feature","properties":{"Id":0,"CLN":"14941","PSGC":"174001042","Barangay":"Pawa","Land_Class":"AGRICULTURAL","PIN":"030-01-039-05-052","ALN":"052","Section":"05","Brgy_Code":"039","Owner":"MARING, MARIA","TaxDecNo":"21484"},"geometry":{"type":"Polygon","coordinates":[[[121.8716553882292,13.443319204361527],[121.87123597582975,13.443334805780331],[121.87114371315465,13.44334068551707],[121.87115735719931,13.44344208882997],[121.87080433263131,13.443454324862111],[121.87079936768241,13.443509580108017],[121.87115666723622,13.443589492465748],[121.87165549600776,13.443596335399327],[121.8716553882292,13.443319204361527]]]}},{"type":"Feature","properties":{"Id":0,"CLN":"14931 pt","PSGC":"174001042","Barangay":"Pawa","Land_Class":"AGRICULTURAL","PIN":"030-01-039-05-088","ALN":"088","Section":"05","Brgy_Code":"039","Owner":"MARQUEZ, ADELFA J.","TaxDecNo":"21515"},"geometry":{"type":"Polygon","coordinates":[[[121.8713255358192,13.443591809115766],[121.87115666723622,13.443589492465748],[121.87079936768241,13.443509580108017],[121.87081685499314,13.44379525905871],[121.87086380853802,13.443818501979917],[121.87114604750151,13.443847406614367],[121.87117329249924,13.44405942596291],[121.8713480256855,13.44407658864635],[121.87139610452188,13.443973046368045],[121.87140647918844,13.443819507683445],[121.87132681788715,13.443819150508086],[121.8713255358192,13.443591809115766]]]}},{"type":"Feature","properties":{"Id":0,"CLN":"14983","PSGC":"174001042","Barangay":"Pawa","Land_Class":"AGRICULTURAL","PIN":"030-01-039-05-059","ALN":"058","Section":"05","Brgy_Code":"039","Owner":"RAMOS, ELIZABETH LAZARTE","TaxDecNo":"30586"},"geometry":{"type":"Polygon","coordinates":[[[121.8704777757435,13.443844408822603],[121.87081685499314,13.44379525905871],[121.87079936768241,13.443509580108017],[121.87041647388376,13.443571706239487],[121.87035058381265,13.443591536267967],[121.8704777757435,13.443844408822603]]]}},{"type":"Feature","properties":{"Id":0,"CLN":"14933","PSGC":"174001042","Barangay":"Pawa","Land_Class":"AGRICULTURAL","PIN":"030-01-039-05-061","ALN":"061","Section":"05","Brgy_Code":"039","Owner":"HRS. OF FELISA MARQUEZ LABAY","TaxDecNo":"21491"},"geometry":{"type":"Polygon","coordinates":[[[121.87095675992813,13.443236018121361],[121.87093714094047,13.443034672978905],[121.87065305787215,13.443105851233794],[121.87068938942559,13.443250919360118],[121.87032713590642,13.443329796804322],[121.87041647388376,13.443571706239496],[121.87079936768241,13.443509580108024],[121.87080433263131,13.44345432486211],[121.87074269767383,13.443283359646864],[121.87095675992813,13.443236018121361]]]}},{"type":"Feature","properties":{"Id":0,"CLN":"14940","PSGC":"174001042","Barangay":"Pawa","Land_Class":"AGRICULTURAL","PIN":"030-01-039-05-060","ALN":"060","Section":"05","Brgy_Code":"039","Owner":"MARQUEZ, JEANIA J.","TaxDecNo":"21490"},"geometry":{"type":"Polygon","coordinates":[[[121.87074269767383,13.443283359646864],[121.87080433263131,13.443454324862111],[121.87115735719931,13.44344208882997],[121.87114371315465,13.44334068551707],[121.87123597582975,13.443334805780331],[121.87118719568372,13.44320485040272],[121.87095675992813,13.44323601812136],[121.87074269767383,13.443283359646864]]]}},{"type":"Feature","properties":{"Id":0,"CLN":"14942","PSGC":"174001042","Barangay":"Pawa","Land_Class":"AGRICULTURAL","PIN":"030-01-039-05-051","ALN":"051","Section":"05","Brgy_Code":"039","Owner":"BUENAVENTURA, ALVARO","TaxDecNo":"21483"},"geometry":{"type":"Polygon","coordinates":[[[121.87118719568372,13.44320485040272],[121.87123597582975,13.443334805780331],[121.8716553882292,13.443319204361527],[121.87167647567013,13.443135783329021],[121.87165859940633,13.4429330189105],[121.87150519364583,13.442916465822115],[121.87147621970769,13.44295658737168],[121.87120058736826,13.442979502428429],[121.87118719568372,13.44320485040272]]]}},{"type":"Feature","properties":{"Id":0,"CLN":"14939","PSGC":"174001042","Barangay":"Pawa","Land_Class":"AGRICULTURAL","PIN":"030-01-039-05-050","ALN":"050","Section":"05","Brgy_Code":"039","Owner":"VERGARA, FRANCISCA J.","TaxDecNo":"21482"},"geometry":{"type":"Polygon","coordinates":[[[121.87095675992813,13.44323601812136],[121.87118719568372,13.44320485040272],[121.87120058736826,13.442979502428429],[121.87147621970769,13.44295658737168],[121.87150519364583,13.442916465822115],[121.87165859940633,13.4429330189105],[121.87172014534474,13.442854984924171],[121.87169497754596,13.442784486770845],[121.87090507223283,13.44285742285314],[121.87093714094044,13.44303467297891],[121.87095675992813,13.44323601812136]]]}},{"type":"Feature","properties":{"Id":0,"CLN":"14937","PSGC":"174001042","Barangay":"Pawa","Land_Class":"AGRICULTURAL","PIN":"030-01-039-05-064","ALN":"064","Section":"05","Brgy_Code":"039","Owner":"MANDIA, ERNESTO L.","TaxDecNo":"21494"},"geometry":{"type":"Polygon","coordinates":[[[121.87065305787215,13.443105851233799],[121.87093714094044,13.44303467297891],[121.87090507223283,13.44285742285314],[121.87088911326785,13.442752697555225],[121.87091848297683,13.4426280498485],[121.87052359656988,13.442650429294158],[121.87060850190062,13.442960746205799],[121.87065305787215,13.443105851233799]]]}},{"type":"Feature","properties":{"Id":0,"CLN":"14938","PSGC":"174001042","Barangay":"Pawa","Land_Class":"AGRICULTURAL","PIN":"030-01-039-05-049","ALN":"049","Section":"05","Brgy_Code":"039","Owner":"JOSUE, ADRIAN L.","TaxDecNo":"21481"},"geometry":{"type":"Polygon","coordinates":[[[121.87091848297683,13.4426280498485],[121.87088911326785,13.442752697555225],[121.87090507223283,13.44285742285314],[121.87169497754596,13.442784486770845],[121.87165425073626,13.44269977620448],[121.87149423182109,13.442622581186829],[121.87130510724334,13.442613683021232],[121.87109530853989,13.442628842864615],[121.87091848297683,13.4426280498485]]]}},{"type":"Feature","properties":{"Id":0,"CLN":"14934","PSGC":"174001042","Barangay":"Pawa","Land_Class":"AGRICULTURAL","PIN":"030-01-039-05-062","ALN":"062","Section":"05","Brgy_Code":"039","Owner":"LOZANO, PABLO","TaxDecNo":"21492"},"geometry":{"type":"Polygon","coordinates":[[[121.87068938942559,13.443250919360118],[121.87065305787215,13.443105851233799],[121.87028163441092,13.443173157598464],[121.87025001354026,13.443005360492307],[121.87021436916696,13.442822122818718],[121.87025575722055,13.443643437547893],[121.87035058381265,13.443591536267967],[121.87041647388376,13.443571706239487],[121.87032713590642,13.443329796804319],[121.87068938942559,13.443250919360118]]]}},{"type":"Feature","properties":{"Id":0,"CLN":"14935","PSGC":"174001042","Barangay":"Pawa","Land_Class":"AGRICULTURAL","PIN":"030-01-039-05-063","ALN":"063","Section":"05","Brgy_Code":"039","Owner":"LOZANO, ROSARIO","TaxDecNo":"21493"},"geometry":{"type":"Polygon","coordinates":[[[121.87028163441092,13.44317315759847],[121.87065305787215,13.443105851233794],[121.87060850190062,13.442960746205808],[121.87025001354026,13.443005360492307],[121.87028163441092,13.44317315759847]]]}},{"type":"Feature","properties":{"Id":0,"CLN":"14936","PSGC":"174001042","Barangay":"Pawa","Land_Class":"AGRICULTURAL","PIN":"030-01-039-05-065","ALN":"065","Section":"05","Brgy_Code":"039","Owner":"JANDA, KRISTINE JOY","TaxDecNo":"21495"},"geometry":{"type":"Polygon","coordinates":[[[121.87025001354026,13.443005360492307],[121.87060850190062,13.442960746205808],[121.87052359656988,13.442650429294154],[121.87027248707929,13.442705654516852],[121.87021436916696,13.442822122818718],[121.87025001354026,13.443005360492307]]]}},{"type":"Feature","properties":{"Id":0,"CLN":"14916","PSGC":"174001042","Barangay":"Pawa","Land_Class":"AGRICULTURAL","PIN":"030-01-039-05-069","ALN":"069","Section":"05","Brgy_Code":"039","Owner":"MONTALAN JR., CLEMENTE","TaxDecNo":"21498"},"geometry":{"type":"Polygon","coordinates":[[[121.86967387528192,13.444079565756486],[121.86976015697515,13.444096053752908],[121.86979771423748,13.443979493290815],[121.86976164725489,13.44377807428532],[121.86972876819789,13.443773901513639],[121.86967387528192,13.444079565756486]]]}},{"type":"Feature","properties":{"Id":0,"CLN":"14917","PSGC":"174001042","Barangay":"Pawa","Land_Class":"AGRICULTURAL","PIN":"030-01-039-05-067","ALN":"067","Section":"05","Brgy_Code":"039","Owner":"MONTALAN, CLEMENTE","TaxDecNo":"21497"},"geometry":{"type":"Polygon","coordinates":[[[121.86990018081453,13.44405240588591],[121.86996787587537,13.444061102161747],[121.87003292310618,13.443807468169963],[121.86997148467754,13.443754865526836],[121.86979077266038,13.443783923250876],[121.86976164725489,13.44377807428532],[121.86979771423748,13.443979493290815],[121.8698635478629,13.443971738589713],[121.86990018081453,13.44405240588591]]]}},{"type":"Feature","properties":{"Id":0,"CLN":"14919","PSGC":"174001042","Barangay":"Pawa","Land_Class":"AGRICULTURAL","PIN":"030-01-039-05-084","ALN":"084","Section":"05","Brgy_Code":"039","Owner":"QUIAZON, ILUMINADA L.","TaxDecNo":"21512"},"geometry":{"type":"Polygon","coordinates":[[[121.87003292310618,13.443807468169963],[121.86996590129263,13.444068801500142],[121.8702121834633,13.44416651042086],[121.87022485962895,13.444094114763953],[121.87027431972031,13.444070185899575],[121.87021738940841,13.443933075563349],[121.87014355760493,13.443892492757586],[121.87003292310618,13.443807468169963]]]}},{"type":"Feature","properties":{"Id":0,"CLN":"14915","PSGC":"174001042","Barangay":"Pawa","Land_Class":"AGRICULTURAL","PIN":"030-01-039-05-070","ALN":"070","Section":"05","Brgy_Code":"039","Owner":"LOZANO, ROSARIO","TaxDecNo":"21499"},"geometry":{"type":"Polygon","coordinates":[[[121.86972876819789,13.443773901513646],[121.86984140199418,13.44343227020948],[121.86980013128075,13.443428937955908],[121.86977988824727,13.443395767755906],[121.86955392293773,13.443350476551496],[121.8695068770557,13.443736678818142],[121.86972876819789,13.443773901513646]]]}},{"type":"Feature","properties":{"Id":0,"CLN":"14914","PSGC":"174001042","Barangay":"Pawa","Land_Class":"AGRICULTURAL","PIN":"030-01-039-05-072","ALN":"072","Section":"05","Brgy_Code":"039","Owner":"LEVA, PETRA","TaxDecNo":"21501"},"geometry":{"type":"Polygon","coordinates":[[[121.86938303812433,13.443836751142914],[121.86939595982128,13.443712029814874],[121.86935070632654,13.443715851696801],[121.8694347059316,13.443341890869474],[121.8692580686655,13.443300846085334],[121.86914956525209,13.443638470489553],[121.86922675410972,13.443840074275622],[121.86938303812433,13.443836751142914]]]}},{"type":"Feature","properties":{"Id":0,"CLN":"14949","PSGC":"174001042","Barangay":"Pawa","Land_Class":"AGRICULTURAL","PIN":"030-01-039-05-074","ALN":"074","Section":"05","Brgy_Code":"039","Owner":"MARQUEZ, JEANIA J.","TaxDecNo":"21490"},"geometry":{"type":"Polygon","coordinates":[[[121.86914956525209,13.443638470489553],[121.86912104383653,13.443581990389726],[121.86919625308595,13.44332874439391],[121.86913053287432,13.443312348597825],[121.86899820530041,13.443468734572535],[121.86889100404944,13.443528630001449],[121.86878344402483,13.443665001430636],[121.86873402165824,13.443680879887216],[121.8687121894039,13.44389731549413],[121.86897145541661,13.443911379822586],[121.86922675410969,13.443840074275625],[121.86914956525209,13.443638470489553]]]}},{"type":"Feature","properties":{"Id":0,"CLN":"14911","PSGC":"174001042","Barangay":"Pawa","Land_Class":"AGRICULTURAL","PIN":"030-01-039-05-073","ALN":"073","Section":"05","Brgy_Code":"039","Owner":"MACARANG, IRMA","TaxDecNo":"21502"},"geometry":{"type":"Polygon","coordinates":[[[121.86873402165824,13.443680879887216],[121.86855727100463,13.44366398493194],[121.86837663479324,13.44359877071127],[121.86830570683084,13.443815809379139],[121.86830392616125,13.443902126810274],[121.86860952120159,13.443896854056943],[121.8687121894039,13.44389731549413],[121.86873402165824,13.443680879887216]]]}},{"type":"Feature","properties":{"Id":0,"CLN":"14910","PSGC":"174001042","Barangay":"Pawa","Land_Class":"AGRICULTURAL","PIN":"030-01-039-05-076","ALN":"076","Section":"05","Brgy_Code":"039","Owner":"JINAHON, JAVIER M.","TaxDecNo":"21504"},"geometry":{"type":"Polygon","coordinates":[[[121.86938528389877,13.444093291163458],[121.86936182335403,13.443837202247202],[121.86922675410969,13.443840074275625],[121.86897145541661,13.443911379822586],[121.86896198500047,13.4441769965247],[121.8690812967617,13.444165457183821],[121.86920473963583,13.444149911203478],[121.8693857161974,13.444142673870221],[121.86938528389877,13.444093291163458]]]}},{"type":"Feature","properties":{"Id":0,"CLN":"14908","PSGC":"174001042","Barangay":"Pawa","Land_Class":"AGRICULTURAL","PIN":"030-01-039-05-080","ALN":"080","Section":"05","Brgy_Code":"039","Owner":"LOZANO, LUIS","TaxDecNo":"21508"},"geometry":{"type":"Polygon","coordinates":[[[121.86943268547489,13.444650052564107],[121.8693857161974,13.444142673870221],[121.86920473963583,13.444149911203478],[121.86919330647012,13.444834133705541],[121.86924676581711,13.444834373872636],[121.86928028670398,13.444701694826753],[121.86943268547489,13.444650052564107]]]}},{"type":"Feature","properties":{"Id":0,"CLN":"14907","PSGC":"174001042","Barangay":"Pawa","Land_Class":"AGRICULTURAL","PIN":"030-01-039-05-079","ALN":"079","Section":"05","Brgy_Code":"039","Owner":"LOZANO, ROSARIO","TaxDecNo":"21507"},"geometry":{"type":"Polygon","coordinates":[[[121.86919330647012,13.444834133705541],[121.86920473963583,13.444149911203478],[121.8690812967617,13.444165457183821],[121.86905352747624,13.444825455411994],[121.86919330647012,13.444834133705541]]]}},{"type":"Feature","properties":{"Id":0,"CLN":"14906","PSGC":"174001042","Barangay":"Pawa","Land_Class":"AGRICULTURAL","PIN":"030-01-039-05-078","ALN":"078","Section":"05","Brgy_Code":"039","Owner":"CHAVEZ, EUGENIA","TaxDecNo":"21506"},"geometry":{"type":"Polygon","coordinates":[[[121.86905352747624,13.444825455411994],[121.8690812967617,13.444165457183821],[121.86896198500047,13.4441769965247],[121.86891774747754,13.44484094585151],[121.86905352747624,13.444825455411994]]]}},{"type":"Feature","properties":{"Id":0,"CLN":"14905","PSGC":"174001042","Barangay":"Pawa","Land_Class":"AGRICULTURAL","PIN":"030-01-039-05-077","ALN":"077","Section":"05","Brgy_Code":"039","Owner":"MONTALAN, PABLO","TaxDecNo":"21505"},"geometry":{"type":"Polygon","coordinates":[[[121.86896198500047,13.4441769965247],[121.8688000757681,13.444191609493748],[121.86876424392071,13.444837438390241],[121.86891774747754,13.44484094585151],[121.86896198500047,13.4441769965247]]]}},{"type":"Feature","properties":{"Id":0,"CLN":"14950","PSGC":"174001042","Barangay":"Pawa","Land_Class":"AGRICULTURAL","PIN":"030-01-039-05-081","ALN":"081","Section":"05","Brgy_Code":"039","Owner":"MARQUEZ, JEANIA J.","TaxDecNo":"21509"},"geometry":{"type":"Polygon","coordinates":[[[121.869551884255,13.444662663353384],[121.86943268547489,13.444650052564107],[121.86928028670398,13.444701694826753],[121.86924676581711,13.444834373872636],[121.86924099260116,13.445188560281476],[121.86933146240034,13.445188966704817],[121.8695124774887,13.445173679230775],[121.869551884255,13.444662663353384]]]}},{"type":"Feature","properties":{"Id":0,"CLN":"14904","PSGC":"174001042","Barangay":"Pawa","Land_Class":"AGRICULTURAL","PIN":"030-01-039-05-082","ALN":"082","Section":"05","Brgy_Code":"039","Owner":"MARQUEZ, MIRIAM J.","TaxDecNo":"21510"},"geometry":{"type":"Polygon","coordinates":[[[121.86924099260116,13.445188560281476],[121.86924676581711,13.444834373872636],[121.86919330647012,13.444834133705541],[121.86905352747624,13.444825455411994],[121.86891774747754,13.44484094585151],[121.86876424392071,13.444837438390241],[121.86901403680005,13.445147622420302],[121.8691057449715,13.44527906625011],[121.86924099260116,13.445188560281476]]]}},{"type":"Feature","properties":{"Id":0,"CLN":"14903","PSGC":"174001042","Barangay":"Pawa","Land_Class":"AGRICULTURAL","PIN":"030-01-039-05-031","ALN":"031","Section":"05","Brgy_Code":"039","Owner":"MARQUEZ, EULOGIO & MARQUEZ, ASUNCION BELTRAN","TaxDecNo":"21464"},"geometry":{"type":"Polygon","coordinates":[[[121.86928663325325,13.445669579573567],[121.86966621519325,13.445713738541354],[121.86985958636151,13.44569448119606],[121.86989438096856,13.445215153086185],[121.86974220181429,13.44522593825074],[121.8696439189845,13.445206470686609],[121.86972474989824,13.444631238531027],[121.869551884255,13.444662663353387],[121.8695124774887,13.445173679230772],[121.86933146240034,13.445188966704817],[121.86924099260116,13.44518856028147],[121.86910574497152,13.445279066250103],[121.86914893977365,13.445340976599736],[121.8692644747295,13.445512593901661],[121.86928663325325,13.445669579573567]]]}},{"type":"Feature","properties":{"Id":0,"CLN":"14902","PSGC":"174001042","Barangay":"Pawa","Land_Class":"AGRICULTURAL","PIN":"030-01-039-05-032","ALN":"032","Section":"05","Brgy_Code":"039","Owner":"MOGOL, EDWIN","TaxDecNo":"21465"},"geometry":{"type":"Polygon","coordinates":[[[121.86985958636151,13.445694481196066],[121.86997476773563,13.445686948080024],[121.86998923604261,13.445232172097839],[121.86989438096856,13.445215153086185],[121.86985958636151,13.445694481196066]]]}},{"type":"Feature","properties":{"Id":0,"CLN":"14901","PSGC":"174001042","Barangay":"Pawa","Land_Class":"AGRICULTURAL","PIN":"030-01-039-05-033","ALN":"033","Section":"05","Brgy_Code":"039","Owner":"MACARANG, IRMA","TaxDecNo":"21466"},"geometry":{"type":"Polygon","coordinates":[[[121.86997476773563,13.445686948080024],[121.8701022859262,13.445679470294369],[121.87010426631171,13.445256839357338],[121.86998923604261,13.445232172097839],[121.86997476773563,13.445686948080024]]]}},{"type":"Feature","properties":{"Id":0,"CLN":"14888","PSGC":"174001042","Barangay":"Pawa","Land_Class":"AGRICULTURAL","PIN":"030-01-039-05-029","ALN":"029","Section":"05","Brgy_Code":"039","Owner":"BARANGAY PAWA","TaxDecNo":"21463"},"geometry":{"type":"Polygon","coordinates":[[[121.86902353850779,13.446478311363013],[121.86912837274174,13.446403646556275],[121.86926525958346,13.446295339798468],[121.86926685731531,13.446258116666595],[121.86915580696453,13.446286005634843],[121.86890760119151,13.44628298279572],[121.86892249342475,13.446305048706915],[121.86902353850779,13.446478311363013]]]}},{"type":"Feature","properties":{"Id":0,"CLN":"14889","PSGC":"174001042","Barangay":"Pawa","Land_Class":"AGRICULTURAL","PIN":"030-01-039-05-026","ALN":"026","Section":"05","Brgy_Code":"039","Owner":"DELA SANTA, XAVIER","TaxDecNo":"21460"},"geometry":{"type":"Polygon","coordinates":[[[121.8714837705745,13.446615476333955],[121.87146811267293,13.446446350133703],[121.87145448828583,13.446322458764838],[121.87062574613137,13.446415476869506],[121.87061305160168,13.446111393637567],[121.87048509993843,13.44629968423269],[121.87029199522136,13.446331062722304],[121.8703573990781,13.446525895118175],[121.87051792915523,13.446494414478261],[121.87062811250789,13.446676040311644],[121.87075940419227,13.446741031714055],[121.87141803043998,13.446603106114399],[121.8714837705745,13.446615476333955]]]}},{"type":"Feature","properties":{"Id":0,"CLN":"14887","PSGC":"174001042","Barangay":"Pawa","Land_Class":"AGRICULTURAL","PIN":"030-01-039-05-020","ALN":"020","Section":"05","Brgy_Code":"039","Owner":"MALINAO, LIBRADA","TaxDecNo":"21454"},"geometry":{"type":"Polygon","coordinates":[[[121.8702449333539,13.446330851470343],[121.8699670335863,13.446459740400213],[121.87019564299972,13.446819004310846],[121.87046365859102,13.446667251989846],[121.87049153952643,13.446860583904352],[121.87040910507353,13.446900465329172],[121.87062043672346,13.447436757585846],[121.87071230255413,13.44713930937577],[121.87083203049993,13.447039218061784],[121.87075940419227,13.446741031714055],[121.87062811250789,13.446676040311644],[121.87051792915523,13.446494414478261],[121.8703573990781,13.446525895118175],[121.87029199522136,13.446331062722304],[121.8702449333539,13.446330851470343]]]}},{"type":"Feature","properties":{"Id":0,"CLN":"14881","PSGC":"174001042","Barangay":"Pawa","Land_Class":"AGRICULTURAL","PIN":"030-01-039-05-025","ALN":"025","Section":"05","Brgy_Code":"039","Owner":"OLIVAR, JOSELITO","TaxDecNo":"21459"},"geometry":{"type":"Polygon","coordinates":[[[121.87173637818537,13.447119751769817],[121.87156052890526,13.446909655924081],[121.8714837705745,13.446615476333955],[121.87141803043998,13.446603106114399],[121.87132263753838,13.446775759444533],[121.8714000551524,13.446929062043452],[121.87146547508861,13.447009858259694],[121.87173637818537,13.447119751769817]]]}},{"type":"Feature","properties":{"Id":0,"CLN":"14885","PSGC":"174001042","Barangay":"Pawa","Land_Class":"AGRICULTURAL","PIN":"030-01-039-05-019","ALN":"019","Section":"05","Brgy_Code":"039","Owner":"HRS. OF JOSUE, VICENTE","TaxDecNo":"21453"},"geometry":{"type":"Polygon","coordinates":[[[121.87017590442379,13.447838563614832],[121.87047927950718,13.447721909080686],[121.87034187507057,13.447206074280983],[121.87012545108803,13.44687906630404],[121.86982427255165,13.447087021268295],[121.87006459664285,13.447579167556762],[121.86995797527288,13.447596732562536],[121.87006944235806,13.44771751454306],[121.87017590442379,13.447838563614832]]]}},{"type":"Feature","properties":{"Id":0,"CLN":"14884","PSGC":"174001042","Barangay":"Pawa","Land_Class":"AGRICULTURAL","PIN":"030-01-039-05-018","ALN":"018","Section":"05","Brgy_Code":"039","Owner":"OLIVAR, ROY .","TaxDecNo":"21452"},"geometry":{"type":"Polygon","coordinates":[[[121.87081675275472,13.447667071591265],[121.87058293573986,13.447541242958758],[121.87062043672346,13.447436757585841],[121.87040910507353,13.446900465329174],[121.87049153952643,13.446860583904352],[121.87046365859102,13.446667251989838],[121.87019564299972,13.446819004310845],[121.87012545108803,13.44687906630404],[121.87034187507057,13.447206074280983],[121.87047927950718,13.447721909080686],[121.87017590442379,13.447838563614832],[121.87030810399655,13.447988876424112],[121.87034413275008,13.44802891707146],[121.8703481821718,13.448130848021071],[121.87054693223642,13.448224790938571],[121.87076013504628,13.448132696962045],[121.87081675275472,13.447667071591265]]]}},{"type":"Feature","properties":{"Id":0,"CLN":"14871","PSGC":"174001042","Barangay":"Pawa","Land_Class":"AGRICULTURAL","PIN":"030-01-039-05-017","ALN":"017","Section":"05","Brgy_Code":"039","Owner":"LOZANO, ARCADIO","TaxDecNo":"21451"},"geometry":{"type":"Polygon","coordinates":[[[121.87197519434346,13.447642078335475],[121.87189498753506,13.447498826231556],[121.87150371553042,13.447625876522787],[121.87119185856066,13.447479572758636],[121.87081675275472,13.44766707159127],[121.87076013504628,13.448132696962054],[121.87082330488113,13.44817729033041],[121.87090673204392,13.448620253081462],[121.87236970941211,13.448613549100896],[121.8723656299382,13.448512884156099],[121.87208925413104,13.448265145014037],[121.87195192276955,13.447928206398311],[121.87197519434346,13.447642078335475]]]}},{"type":"Feature","properties":{"Id":0,"CLN":"14886","PSGC":"174001042","Barangay":"Pawa","Land_Class":null,"PIN":"030-01-039-05-030","ALN":"030","Section":"05","Brgy_Code":"039"},"geometry":{"type":"Polygon","coordinates":[[[121.86995797527288,13.447596732562536],[121.87006459664285,13.447579167556762],[121.86982427255165,13.447087021268295],[121.87012545108803,13.44687906630404],[121.87019564299972,13.446819004310845],[121.86996703358628,13.446459740400213],[121.8702449333539,13.446330851470336],[121.87023305945716,13.445851726527467],[121.87022638808607,13.445266676380568],[121.87031224282453,13.445022919435512],[121.87045347082154,13.44501434034296],[121.8704553264375,13.444618193208766],[121.87058705559417,13.444627997232732],[121.87065315747928,13.444582229232555],[121.87027431972031,13.44407018589958],[121.87022485962895,13.444094114763955],[121.8702121834633,13.44416651042087],[121.8701030396391,13.444640987220847],[121.87013918241776,13.444826305969531],[121.87010426631171,13.445256839357333],[121.8701022859262,13.445679470294365],[121.86997476773563,13.445686948080011],[121.86985958636151,13.44569448119606],[121.86966621519325,13.445713738541354],[121.86928663325325,13.445669579573567],[121.86926876650271,13.44581918226195],[121.86928779972241,13.445952907372153],[121.86929517150415,13.446193440656376],[121.86926685731531,13.44625811666657],[121.86926525958346,13.446295339798468],[121.86912837274174,13.446403646556286],[121.86902353850779,13.446478311363007],[121.86900291794956,13.446531390562402],[121.86895868692488,13.446551131237541],[121.86903580988147,13.446757518799995],[121.86917452969904,13.446861162638738],[121.86926124712132,13.44720485006444],[121.86928002168449,13.447324804784712],[121.86930780160104,13.447365754700487],[121.86947912281369,13.447486161085815],[121.86970994609888,13.44754327761863],[121.86995797527288,13.447596732562536]]]}},{"type":"Feature","properties":{"Id":0,"CLN":"14918","PSGC":"174001042","Barangay":"Pawa","Land_Class":"AGRICULTURAL","PIN":"030-01-039-05-066","ALN":"066","Section":"05","Brgy_Code":"039","Owner":"REGIO, NORMA LOZANO","TaxDecNo":"21496"},"geometry":{"type":"Polygon","coordinates":[[[121.8692580686655,13.44330084608532],[121.8694347059316,13.443341890869444],[121.8695539229377,13.443350476551487],[121.86977988824727,13.443395767755911],[121.86980013128075,13.443428937955908],[121.86984140199418,13.443432270209474],[121.86972876819789,13.443773901513639],[121.86976164725489,13.44377807428532],[121.86979077266038,13.443783923250876],[121.86997148467754,13.443754865526836],[121.87003292310618,13.443807468169963],[121.87014355760493,13.443892492757586],[121.87021738940841,13.443933075563349],[121.87013466456835,13.442850354397375],[121.86976639770607,13.442776541405502],[121.86972902996884,13.4428846133925],[121.86957052490084,13.442997295699675],[121.86948619980555,13.443012379840336],[121.86938081154672,13.4430273693514],[121.86930660722018,13.443130121535441],[121.8692580686655,13.44330084608532]]]}},{"type":"Feature","properties":{"Id":0,"CLN":"14591","PSGC":"174001042","Barangay":"Pawa","Land_Class":"AGRICULTURAL","PIN":"030-01-039-02-003","ALN":"003","Section":"02","Brgy_Code":"039","Owner":"GO, MELCHAN JINANG","TaxDecNo":"21189"},"geometry":{"type":"Polygon","coordinates":[[[121.88468371298583,13.455562366136565],[121.88444858797561,13.455578686022186],[121.88436436689048,13.45556963115526],[121.88416080814923,13.455473233771322],[121.88406173473226,13.455798343284458],[121.88410485650624,13.456063314507226],[121.88473269549108,13.456026409951198],[121.88527098012243,13.456020434088016],[121.88554449095453,13.455996559596185],[121.885264100132,13.455660829289261],[121.8850761802012,13.455651634154393],[121.88468371298583,13.455562366136565]]]}},{"type":"Feature","properties":{"Id":0,"CLN":"14593","PSGC":"174001042","Barangay":"Pawa","Land_Class":"AGRICULTURAL","PIN":"030-01-039-02-016","ALN":"016","Section":"02","Brgy_Code":"039","Owner":"JABALLAS, BENEDICTO J.","TaxDecNo":"21201"},"geometry":{"type":"Polygon","coordinates":[[[121.8850761802012,13.455651634154393],[121.88514296970014,13.455487245377945],[121.88514592167776,13.455350904344446],[121.88478794352979,13.455165349144824],[121.8840702906814,13.454908547125259],[121.88371052965539,13.455024148416326],[121.88391812050638,13.455207377100665],[121.88416080814923,13.455473233771322],[121.88436436689048,13.45556963115526],[121.88444858797561,13.455578686022186],[121.88468371298583,13.455562366136565],[121.8850761802012,13.455651634154393]]]}},{"type":"Feature","properties":{"Id":0,"CLN":"14592","PSGC":"174001042","Barangay":"Pawa","Land_Class":"AGRICULTURAL","PIN":"030-01-039-02-004","ALN":"004","Section":"02","Brgy_Code":"039","Owner":"LAZO, MANUELA","TaxDecNo":"21190"},"geometry":{"type":"Polygon","coordinates":[[[121.88554449095453,13.455996559596185],[121.88577278141081,13.455959704228754],[121.88597486907213,13.455708632881091],[121.88590713751482,13.455419493179924],[121.88538247427674,13.454821052789901],[121.88514592167776,13.455350904344446],[121.88514296970014,13.455487245377945],[121.8850761802012,13.455651634154393],[121.885264100132,13.455660829289261],[121.88554449095453,13.455996559596185]]]}},{"type":"Feature","properties":{"Id":0,"CLN":"14594","PSGC":"174001042","Barangay":"Pawa","Land_Class":"AGRICULTURAL","PIN":"030-01-039-02-015","ALN":"015","Section":"02","Brgy_Code":"039","Owner":"LAZO, ZOILO","TaxDecNo":"21200"},"geometry":{"type":"Polygon","coordinates":[[[121.88457421507131,13.454307431251868],[121.88442395498677,13.454193907863333],[121.88412044027493,13.45461360510612],[121.88413759649542,13.45473956019765],[121.8840702906814,13.454908547125259],[121.88478794352979,13.455165349144824],[121.88514592167776,13.455350904344446],[121.88538247427674,13.454821052789901],[121.88475587403589,13.454541726773428],[121.88457421507131,13.454307431251868]]]}},{"type":"Feature","properties":{"Id":0,"CLN":"14609","PSGC":"174001042","Barangay":"Pawa","Land_Class":"AGRICULTURAL","PIN":"030-01-039-02-005","ALN":"005","Section":"02","Brgy_Code":"039","Owner":"LAZO, MARIA","TaxDecNo":"21191"},"geometry":{"type":"Polygon","coordinates":[[[121.88597486907213,13.455708632881091],[121.88634443832069,13.455202924323604],[121.88642643766266,13.455050361667118],[121.88614478774838,13.454682823958917],[121.88579224463473,13.4544664278003],[121.88538247427674,13.454821052789901],[121.88590713751482,13.455419493179924],[121.88597486907213,13.455708632881091]]]}},{"type":"Feature","properties":{"Id":0,"CLN":"14610","PSGC":"174001042","Barangay":"Pawa","Land_Class":"AGRICULTURAL","PIN":"030-01-039-02-006","ALN":"006","Section":"02","Brgy_Code":"039","Owner":"LAZO, CONRADO","TaxDecNo":"21192"},"geometry":{"type":"Polygon","coordinates":[[[121.88597486907213,13.455708632881091],[121.88662110555569,13.45581596834317],[121.88666758464234,13.455269222202785],[121.88680671233445,13.455054744539678],[121.88674446368732,13.454937704018917],[121.88681517724713,13.454581576391899],[121.88677221934569,13.45436629281304],[121.88689199902095,13.454262348916837],[121.88599475705385,13.454123175303502],[121.88579224463473,13.4544664278003],[121.88614478774838,13.454682823958917],[121.88642643766266,13.455050361667118],[121.88634443832069,13.455202924323604],[121.88597486907213,13.455708632881091]]]}},{"type":"Feature","properties":{"Id":0,"CLN":"14608","PSGC":"174001042","Barangay":"Pawa","Land_Class":"AGRICULTURAL","PIN":"030-01-039-02-014","ALN":"014","Section":"02","Brgy_Code":"039","Owner":"LAZARTE, VICTOR L. & LANDICHO, MA. VERONICA L.","TaxDecNo":"21199"},"geometry":{"type":"Polygon","coordinates":[[[121.88599475705385,13.454123175303502],[121.88599545300602,13.453519892549185],[121.88596431472888,13.453011724456854],[121.88604064456706,13.452799017538245],[121.88476834086147,13.45275241027203],[121.8844186066198,13.45274521325762],[121.88341204846898,13.452369611803636],[121.88277441377012,13.452349911098581],[121.88282737958214,13.452684219442498],[121.88284773107921,13.453265423720849],[121.88288044323548,13.453275520555541],[121.88335498266504,13.453273286792905],[121.88361615093834,13.453378621666298],[121.88376109070053,13.453683110665546],[121.88381886332077,13.45365732309413],[121.8839113501415,13.453796634405439],[121.88442395498677,13.454193907863333],[121.88457421507131,13.454307431251868],[121.88475587403589,13.454541726773428],[121.88538247427674,13.454821052789901],[121.88579224463473,13.4544664278003],[121.88599475705385,13.454123175303502]]]}},{"type":"Feature","properties":{"Id":0,"CLN":"14611 pt","PSGC":"174001042","Barangay":"Pawa","Land_Class":"AGRICULTURAL","PIN":"030-01-039-02-075","ALN":"075","Section":"02","Brgy_Code":"039","Owner":"LAZO, ISABELO","TaxDecNo":"21258"},"geometry":{"type":"Polygon","coordinates":[[[121.88765388084765,13.453346962556685],[121.88743621686466,13.453345999985],[121.88599475705385,13.454123175303502],[121.88687266380843,13.45425934981508],[121.88817759259975,13.454152293766887],[121.88843199476585,13.45344873055413],[121.88833815873562,13.45339383702177],[121.8883070996955,13.453300685897274],[121.88775392515035,13.45343753935532],[121.88765388084765,13.453346962556685]]]}},{"type":"Feature","properties":{"Id":0,"CLN":"14614","PSGC":"174001042","Barangay":"Pawa","Land_Class":"AGRICULTURAL","PIN":"030-01-039-02-009","ALN":"009","Section":"02","Brgy_Code":"039","Owner":"MOGOL, BENEDICTO","TaxDecNo":"21194"},"geometry":{"type":"Polygon","coordinates":[[[121.88817759259975,13.454152293766887],[121.88868777639713,13.454261070809103],[121.88899255858118,13.453524953327031],[121.88883394963182,13.45342592425865],[121.88858298765192,13.453383845379536],[121.88843199476585,13.45344873055413],[121.88817759259975,13.454152293766887]]]}},{"type":"Feature","properties":{"Id":0,"CLN":"14612","PSGC":"174001042","Barangay":"Pawa","Land_Class":"AGRICULTURAL","PIN":"030-01-039-02-008","ALN":"008","Section":"02","Brgy_Code":"039","Owner":"NATAL, ANITA L","TaxDecNo":"21193"},"geometry":{"type":"Polygon","coordinates":[[[121.88899255858118,13.453524953327031],[121.88868777639713,13.454261070809103],[121.88817759259975,13.454152293766887],[121.88820104430194,13.454512935196378],[121.88935558848976,13.454681916525788],[121.88984265966783,13.45435630494024],[121.89022779716265,13.45434981038636],[121.89052254329675,13.453974184484867],[121.88961055434977,13.453855443765363],[121.88947672019302,13.453830270824442],[121.88931746879902,13.453870537936089],[121.88908377850517,13.453713819178681],[121.88899255858118,13.453524953327031]]]}},{"type":"Feature","properties":{"Id":0,"CLN":"14613","PSGC":"174001042","Barangay":"Pawa","Land_Class":"AGRICULTURAL","PIN":"030-01-039-02-010","ALN":"010","Section":"02","Brgy_Code":"039","Owner":"GO, NOEMI G.","TaxDecNo":"21195"},"geometry":{"type":"Polygon","coordinates":[[[121.89052254329675,13.453974184484867],[121.89045066872292,13.453220015196123],[121.88987253109137,13.453323987132146],[121.88958917707652,13.453044139012809],[121.88916169229692,13.453156968313465],[121.88883394963182,13.45342592425865],[121.88899255858118,13.453524953327031],[121.88908377850517,13.453713819178681],[121.88931746879902,13.453870537936089],[121.88947672019302,13.453830270824442],[121.88961055434977,13.453855443765363],[121.89052254329675,13.453974184484867]]]}},{"type":"Feature","properties":{"Id":0,"CLN":"14615","PSGC":"174001042","Barangay":"Pawa","Land_Class":"AGRICULTURAL","PIN":"030-01-039-02-011","ALN":"011","Section":"02","Brgy_Code":"039","Owner":"MAYORES, POLICARPIO","TaxDecNo":"21196"},"geometry":{"type":"Polygon","coordinates":[[[121.89045066872292,13.453220015196123],[121.88998660912917,13.452185518177233],[121.88928282347463,13.452305322598676],[121.88904830367804,13.452328869202134],[121.88886235157582,13.452713167994697],[121.88881932201049,13.452966993261985],[121.88865916423897,13.453203913002703],[121.8883070996955,13.453300685897274],[121.88833815873562,13.45339383702177],[121.88843199476585,13.45344873055413],[121.88858298765192,13.453383845379536],[121.88883394963182,13.45342592425865],[121.88916169229692,13.453156968313465],[121.88958917707652,13.453044139012809],[121.88987253109137,13.453323987132146],[121.89045066872292,13.453220015196123]]]}},{"type":"Feature","properties":{"Id":0,"CLN":"14622","PSGC":"174001042","Barangay":"Pawa","Land_Class":"AGRICULTURAL","PIN":"030-01-039-02-012","ALN":"012","Section":"02","Brgy_Code":"039","Owner":"LAZO, PASTOR","TaxDecNo":"21197"},"geometry":{"type":"Polygon","coordinates":[[[121.88886235157582,13.452713167994697],[121.8885612358718,13.452654479535184],[121.88837891105673,13.452252165897878],[121.8884974746635,13.45195770423148],[121.88768727808922,13.451552615427458],[121.88760356179294,13.451552245289378],[121.88750170282398,13.451854974386453],[121.88743438928262,13.451928423076128],[121.88733048708562,13.452673621154833],[121.88743621686466,13.453345999985],[121.88765388084765,13.453346962556685],[121.88775392515035,13.45343753935532],[121.8883070996955,13.453300685897274],[121.88865916423897,13.453203913002703],[121.88881932201049,13.452966993261985],[121.88886235157582,13.452713167994697]]]}},{"type":"Feature","properties":{"Id":0,"CLN":"14623","PSGC":"174001042","Barangay":"Pawa","Land_Class":"AGRICULTURAL","PIN":"030-01-039-02-013","ALN":"013","Section":"02","Brgy_Code":"039","Owner":"LAZO, SALUD","TaxDecNo":"21198"},"geometry":{"type":"Polygon","coordinates":[[[121.88604064456706,13.452799017538245],[121.88596431472888,13.453011724456854],[121.88733048708562,13.452673621154833],[121.88743438928262,13.451928423076128],[121.8869404624435,13.451926238302732],[121.88620277362163,13.452136018453725],[121.88599177810129,13.452503815857437],[121.88604064456706,13.452799017538245]]]}},{"type":"Feature","properties":{"Id":0,"CLN":"14624","PSGC":"174001042","Barangay":"Pawa","Land_Class":"AGRICULTURAL","PIN":"030-01-039-02-038","ALN":"038","Section":"02","Brgy_Code":"039","Owner":"MAAC, FIDELA","TaxDecNo":"21224"},"geometry":{"type":"Polygon","coordinates":[[[121.8869404624435,13.451926238302732],[121.88697478149518,13.45174612128283],[121.88666619660619,13.45150877865199],[121.88665790847207,13.45147431595764],[121.88628842114608,13.4517185017333],[121.88595370740433,13.451684243659816],[121.88620277362163,13.452136018453725],[121.8869404624435,13.451926238302732]]]}},{"type":"Feature","properties":{"Id":0,"CLN":"14630","PSGC":"174001042","Barangay":"Pawa","Land_Class":"AGRICULTURAL","PIN":"030-01-039-02-036","ALN":"036","Section":"02","Brgy_Code":"039","Owner":"BUENAVENTURA, REMEDIOS","TaxDecNo":"21222"},"geometry":{"type":"Polygon","coordinates":[[[121.88469506237082,13.451666770745414],[121.88463717596748,13.451526610822416],[121.88444874009527,13.450889667057206],[121.88439765698726,13.450444499112567],[121.88367288675556,13.450632475728696],[121.88369492969888,13.450835011298336],[121.88390578082796,13.451207082645945],[121.88359363517317,13.451307619529034],[121.88348793688655,13.451800592484908],[121.88356085541719,13.451872612783706],[121.88403206418855,13.451541524575717],[121.88419494169335,13.451727814969722],[121.88436616386572,13.451973186634692],[121.88440764951089,13.452106901898711],[121.8844186066198,13.45274521325762],[121.88476834086147,13.45275241027203],[121.88604064456706,13.452799017538245],[121.88599177810129,13.452503815857437],[121.88585809673891,13.452445865604435],[121.88569070151874,13.452436930167565],[121.88498009660604,13.452220736753787],[121.8850058180742,13.452089746214495],[121.88494242782865,13.451950869891345],[121.88492339062454,13.451810783739885],[121.88469506237082,13.451666770745414]]]}},{"type":"Feature","properties":{"Id":0,"CLN":"14616","PSGC":"174001042","Barangay":"Pawa","Land_Class":"AGRICULTURAL","PIN":"030-01-039-02-068","ALN":"068","Section":"02","Brgy_Code":"039","Owner":"JINANG, MELCHOR","TaxDecNo":"21251"},"geometry":{"type":"Polygon","coordinates":[[[121.8884974746635,13.45195770423148],[121.88837891105673,13.452252165897878],[121.8885612358718,13.452654479535184],[121.88886235157582,13.452713167994697],[121.88904830367804,13.452328869202134],[121.88928282347463,13.452305322598676],[121.88998660912917,13.452185518177233],[121.88936850359029,13.45187961054674],[121.88915940128153,13.451837717138309],[121.8886649453745,13.451950250030773],[121.8884974746635,13.45195770423148]]]}},{"type":"Feature","properties":{"Id":0,"CLN":"14617","PSGC":"174001042","Barangay":"Pawa","Land_Class":"AGRICULTURAL","PIN":"030-01-039-02-041","ALN":"041","Section":"02","Brgy_Code":"039","Owner":"NATAL, VIOLETA MANDIA","TaxDecNo":"21227"},"geometry":{"type":"Polygon","coordinates":[[[121.88998660912917,13.452185518177233],[121.89012138581754,13.45200584378319],[121.89006595397957,13.451317299316337],[121.88992408916293,13.451218344861198],[121.88981718285761,13.45079997678223],[121.88927506724366,13.450355105678717],[121.8886649453745,13.451950250030773],[121.88915940128153,13.451837717138309],[121.88936850359029,13.45187961054674],[121.88998660912917,13.452185518177233]]]}},{"type":"Feature","properties":{"Id":0,"CLN":"14618","PSGC":"174001042","Barangay":"Pawa","Land_Class":"AGRICULTURAL","PIN":"030-01-039-02-040","ALN":"040","Section":"02","Brgy_Code":"039","Owner":"JANDA, KRISTINE JOY","TaxDecNo":"21226"},"geometry":{"type":"Polygon","coordinates":[[[121.88768727808922,13.451552615427458],[121.8884974746635,13.45195770423148],[121.8886649453745,13.451950250030773],[121.88927506724366,13.450355105678717],[121.88823646083617,13.4504652352113],[121.88791049796856,13.450349078093186],[121.88765037372188,13.45047903289273],[121.88749244802655,13.450232513424247],[121.88707985700273,13.450746913310276],[121.88768727808922,13.451552615427458]]]}},{"type":"Feature","properties":{"Id":0,"CLN":"14621","PSGC":"174001042","Barangay":"Pawa","Land_Class":"AGRICULTURAL","PIN":"030-01-039-02-039","ALN":"039","Section":"02","Brgy_Code":"039","Owner":"LETRUNO, PETRONILO","TaxDecNo":"21225"},"geometry":{"type":"Polygon","coordinates":[[[121.88707985700273,13.450746913310276],[121.88691390072198,13.45042661163626],[121.88669650435062,13.450368291528486],[121.88625182595355,13.450579368528606],[121.88651842991639,13.4508591458363],[121.88665036955065,13.451294013753811],[121.88663343706274,13.451334909014705],[121.88665790847207,13.45147431595764],[121.88666619660619,13.45150877865199],[121.88697478149518,13.45174612128283],[121.8869404624435,13.451926238302732],[121.88743438928262,13.451928423076128],[121.88750170282398,13.451854974386453],[121.88760356179294,13.451552245289378],[121.88768727808922,13.451552615427458],[121.88707985700273,13.450746913310276]]]}},{"type":"Feature","properties":{"Id":0,"CLN":"14625","PSGC":"174001042","Barangay":"Pawa","Land_Class":"AGRICULTURAL","PIN":"030-01-039-02-045","ALN":"045","Section":"02","Brgy_Code":"039","Owner":"MAAC, MARTA","TaxDecNo":"21231"},"geometry":{"type":"Polygon","coordinates":[[[121.88628842114608,13.4517185017333],[121.88665790847207,13.45147431595764],[121.88663343706274,13.451334909014705],[121.88665036955065,13.451294013753811],[121.88651842991639,13.4508591458363],[121.88635940733506,13.450850247976529],[121.88629997318917,13.451030253728865],[121.88638160703117,13.451481287143071],[121.88630076475575,13.451597196965102],[121.88628842114608,13.4517185017333]]]}},{"type":"Feature","properties":{"Id":0,"CLN":"14626","PSGC":"174001042","Barangay":"Pawa","Land_Class":"AGRICULTURAL","PIN":"030-01-039-02-046","ALN":"046","Section":"02","Brgy_Code":"039","Owner":"MONROYO, EMILIO & OSINSAO, BENJAMIN & OSINSAO, DIOSDADO & OSINSAO, JAIME & OSINSAO, CARLITO & OSINSAO, MARILYN","TaxDecNo":"21232"},"geometry":{"type":"Polygon","coordinates":[[[121.88628842114608,13.4517185017333],[121.88630076475575,13.451597196965102],[121.88638160703117,13.451481287143071],[121.88629997318917,13.451030253728865],[121.88635940733506,13.450850247976529],[121.88603408883642,13.450594792677478],[121.8858663918844,13.450651408408746],[121.88587029413111,13.45161832199398],[121.88595370740433,13.451684243659816],[121.88628842114608,13.4517185017333]]]}},{"type":"Feature","properties":{"Id":0,"CLN":"14629","PSGC":"174001042","Barangay":"Pawa","Land_Class":"AGRICULTURAL","PIN":"030-01-039-02-037","ALN":"037","Section":"02","Brgy_Code":"039","Owner":"GARCIA, CARINA STO. DOMINGO","TaxDecNo":"21223"},"geometry":{"type":"Polygon","coordinates":[[[121.88587029413111,13.45161832199398],[121.88580324535793,13.451634413137215],[121.88571119534284,13.45162581142385],[121.88528564459727,13.451320746989873],[121.88492339062454,13.451810783739885],[121.88494242782865,13.451950869891345],[121.8850058180742,13.452089746214495],[121.88498009660604,13.452220736753787],[121.88569070151874,13.452436930167565],[121.88585809673891,13.452445865604435],[121.88599177810129,13.452503815857437],[121.88620277362163,13.452136018453725],[121.88595370740433,13.451684243659816],[121.88587029413111,13.45161832199398]]]}},{"type":"Feature","properties":{"Id":0,"CLN":"14627","PSGC":"174001042","Barangay":"Pawa","Land_Class":"AGRICULTURAL","PIN":"030-01-039-02-047","ALN":"047","Section":"02","Brgy_Code":"039","Owner":"MAAC, FIDELA","TaxDecNo":"21233"},"geometry":{"type":"Polygon","coordinates":[[[121.88580324535793,13.451634413137215],[121.88587029413111,13.45161832199398],[121.8858663918844,13.450651408408746],[121.8856071755723,13.450584708140632],[121.88555588524343,13.450813913970215],[121.88566418567,13.450929110161034],[121.88580324535793,13.451634413137215]]]}},{"type":"Feature","properties":{"Id":0,"CLN":"14628","PSGC":"174001042","Barangay":"Pawa","Land_Class":"AGRICULTURAL","PIN":"030-01-039-02-048","ALN":"048","Section":"02","Brgy_Code":"039","Owner":"HRS. OF MAAC, TEOFILO","TaxDecNo":"32651"},"geometry":{"type":"Polygon","coordinates":[[[121.88571119534284,13.45162581142385],[121.88580324535793,13.451634413137215],[121.88566418567,13.450929110161034],[121.88555588524343,13.450813913970215],[121.8856071755723,13.450584708140632],[121.88545701738731,13.45046932652141],[121.88509647071665,13.450590639670185],[121.88521189179508,13.450976270743118],[121.88571119534284,13.45162581142385]]]}},{"type":"Feature","properties":{"Id":0,"CLN":"14631","PSGC":"174001042","Barangay":"Pawa","Land_Class":"AGRICULTURAL","PIN":"030-01-039-02-049","ALN":"049","Section":"02","Brgy_Code":"039","Owner":"MAAC, TEOFILA","TaxDecNo":"21235"},"geometry":{"type":"Polygon","coordinates":[[[121.88492339062454,13.451810783739885],[121.88528564459727,13.451320746989873],[121.88571119534284,13.45162581142385],[121.88521189179508,13.450976270743118],[121.88509647071665,13.450590639670185],[121.88498881508386,13.450336147529883],[121.88476095868434,13.450683180357476],[121.88444874009527,13.450889667057206],[121.88463717596748,13.451526610822416],[121.88469506237082,13.451666770745414],[121.88492339062454,13.451810783739885]]]}},{"type":"Feature","properties":{"Id":0,"CLN":"14620","PSGC":"174001042","Barangay":"Pawa","Land_Class":"AGRICULTURAL","PIN":"030-01-039-02-044","ALN":"044","Section":"02","Brgy_Code":"039","Owner":"MAAC, GERARDO","TaxDecNo":"21230"},"geometry":{"type":"Polygon","coordinates":[[[121.88625182595355,13.450579368528606],[121.88669650435062,13.450368291528486],[121.88691390072198,13.45042661163626],[121.88707985700273,13.450746913310276],[121.88749244802655,13.450232513424247],[121.88765037372188,13.45047903289273],[121.88791049796856,13.450349078093186],[121.88770169980721,13.450241632595118],[121.8870598874618,13.449632435531278],[121.8867755192775,13.449573819308766],[121.88658248142565,13.449679487707257],[121.88642209689586,13.449965569309324],[121.88618682209155,13.450152990811903],[121.8861112507114,13.450201820493945],[121.88611916791159,13.450300183995399],[121.88612651713692,13.450521455545076],[121.88625182595355,13.450579368528606]]]}},{"type":"Feature","properties":{"Id":0,"CLN":"14619","PSGC":"174001042","Barangay":"Pawa","Land_Class":"AGRICULTURAL","PIN":"030-01-039-02-042","ALN":"042","Section":"02","Brgy_Code":"039","Owner":"OSINSAO, MELQUIADES","TaxDecNo":"01-17381"},"geometry":{"type":"Polygon","coordinates":[[[121.88787672986402,13.448595403737734],[121.8876112568743,13.448508275123373],[121.88742474304146,13.448577017683016],[121.88726523020442,13.448674640874904],[121.88700423743595,13.4489930542253],[121.88691075062563,13.449295820197475],[121.88672638734272,13.449335974784303],[121.88675089653867,13.449467187855776],[121.88698526224583,13.44947641868192],[121.88714413266862,13.449518091571784],[121.8874525945106,13.449798053026898],[121.88767862685991,13.449799052343632],[121.88801122163876,13.45029216496714],[121.88791049796856,13.450349078093186],[121.88823646083617,13.4504652352113],[121.88927506724366,13.450355105678717],[121.88904217327207,13.450026315662075],[121.88884223739963,13.449812387640334],[121.88847581515653,13.449392872992982],[121.88850244106345,13.449065228838842],[121.88794188775205,13.448989005765325],[121.8879851061641,13.448694211205407],[121.88787672986402,13.448595403737734]]]}},{"type":"Feature","properties":{"Id":0,"CLN":"14635 pt","PSGC":"174001042","Barangay":"Pawa","Land_Class":"AGRICULTURAL","PIN":"030-01-039-07-046","ALN":"046","Section":"07","Brgy_Code":"039","Owner":"MALABAYABAS, LORENZO","TaxDecNo":"21640"},"geometry":{"type":"Polygon","coordinates":[[[121.89021401073751,13.447125418621605],[121.88814460323002,13.447395296736412],[121.88810102331524,13.44783659116898],[121.88772447484894,13.448410021935384],[121.8876112568743,13.448508275123373],[121.88787672986402,13.448595403737734],[121.8879851061641,13.448694211205407],[121.88794188775205,13.448989005765325],[121.88850244106345,13.449065228838842],[121.88857816275288,13.448983622857927],[121.88872892607733,13.448967900621836],[121.88905598268914,13.448846434084471],[121.88926299448069,13.448583250142802],[121.8893292551587,13.448497603006654],[121.88968211596897,13.4482938124525],[121.88981448265959,13.448091785706655],[121.88983888128203,13.44780715791744],[121.88985672090163,13.447661592927423],[121.89021401073751,13.447125418621605]]]}},{"type":"Feature","properties":{"Id":0,"CLN":"14633 pt","PSGC":"174001042","Barangay":"Pawa","Land_Class":"AGRICULTURAL","PIN":"030-01-039-07-053","ALN":"053","Section":"07","Brgy_Code":"039","Owner":"MAAC, EMILIA","TaxDecNo":"21647"},"geometry":{"type":"Polygon","coordinates":[[[121.88599347789769,13.447906895243069],[121.88592231865695,13.447960563163253],[121.8856008167569,13.448179882950736],[121.88592608888335,13.448603163357014],[121.88629721805334,13.449088229823861],[121.88662932991396,13.449529711365509],[121.88675089653867,13.449467187855776],[121.88672638734272,13.449335974784303],[121.88691075062563,13.449295820197475],[121.88700423743595,13.4489930542253],[121.88726523020442,13.448674640874904],[121.88730275031072,13.44857498120332],[121.88599347789769,13.447906895243069]]]}},{"type":"Feature","properties":{"Id":0,"CLN":"14646","PSGC":"174001042","Barangay":"Pawa","Land_Class":"AGRICULTURAL","PIN":"030-01-039-07-009","ALN":"009","Section":"07","Brgy_Code":"039","Owner":"MAAC, CARMEN & MAAC, EMILIA & MAAC, FLORENTINO & MAAC, SANCHO","TaxDecNo":"21608"},"geometry":{"type":"Polygon","coordinates":[[[121.8856008167569,13.448179882950736],[121.8847283549328,13.448728962370328],[121.88496749751057,13.449071234166356],[121.88540534973305,13.448969589017567],[121.88529769434827,13.448715097008547],[121.8856008167569,13.448179882950736]]]}},{"type":"Feature","properties":{"Id":0,"CLN":"14647","PSGC":"174001042","Barangay":"Pawa","Land_Class":"AGRICULTURAL","PIN":"030-01-039-07-010","ALN":"010","Section":"07","Brgy_Code":"039","Owner":"HRS OF LABAY, LIBRADA","TaxDecNo":"21610"},"geometry":{"type":"Polygon","coordinates":[[[121.88592608888335,13.448603163357014],[121.8856008167569,13.448179882950736],[121.88529769434827,13.448715097008547],[121.88540534973305,13.448969589017567],[121.88592608888335,13.448603163357014]]]}},{"type":"Feature","properties":{"Id":0,"CLN":"14645","PSGC":"174001042","Barangay":"Pawa","Land_Class":"AGRICULTURAL","PIN":"030-01-039-07-008","ALN":"008","Section":"07","Brgy_Code":"039","Owner":"MAGYAYA, EUSEBIO & MAAC, FIDELA","TaxDecNo":"21607"},"geometry":{"type":"Polygon","coordinates":[[[121.88545397629267,13.447848117678278],[121.8852303594259,13.447434685777866],[121.88505172355181,13.447561693157683],[121.8849093950555,13.447537826406114],[121.88473092018043,13.44762998005335],[121.884384141205,13.44839130671628],[121.88434307508007,13.44858295373125],[121.8847283549328,13.448728962370328],[121.8856008167569,13.448179882950736],[121.88545397629267,13.447848117678278]]]}},{"type":"Feature","properties":{"Id":0,"CLN":"14632","PSGC":"174001042","Barangay":"Pawa","Land_Class":"AGRICULTURAL","PIN":"030-01-039-02-043","ALN":"043","Section":"02","Brgy_Code":"039","Owner":"JANDA, KRISTINE JOY","TaxDecNo":"21229"},"geometry":{"type":"Polygon","coordinates":[[[121.88770169980721,13.450241632595118],[121.88791049796856,13.450349078093186],[121.88801122163876,13.45029216496714],[121.88767862685991,13.449799052343632],[121.8874525945106,13.449798053026898],[121.88770169980721,13.450241632595118]]]}},{"type":"Feature","properties":{"Id":0,"CLN":"14560","PSGC":"174001042","Barangay":"Pawa","Land_Class":"AGRICULTURAL","PIN":"030-01-039-01-015","ALN":"015","Section":"01","Brgy_Code":"039","Owner":"ASOCHE, CONRADO","TaxDecNo":"21119"},"geometry":{"type":"Polygon","coordinates":[[[121.87676677539153,13.457909131992297],[121.87692877934978,13.457669362300733],[121.87672487396691,13.457485218679244],[121.8766065777781,13.456684393712552],[121.87649468033226,13.456595955636788],[121.87642226533727,13.45663214546371],[121.8759802932637,13.456898886774038],[121.87574870019508,13.456972466814493],[121.87570611986362,13.457215663091237],[121.87558799941763,13.457363871265219],[121.8757121438717,13.457404990729124],[121.87591879903644,13.457527607830903],[121.87599503318361,13.457473862650133],[121.87642757913012,13.457881849601414],[121.8765974108896,13.457845389144845],[121.87676677539153,13.457909131992297]]]}},{"type":"Feature","properties":{"Id":0,"CLN":"14546","PSGC":"174001042","Barangay":"Pawa","Land_Class":"AGRICULTURAL","PIN":"030-01-039-01-014","ALN":"014","Section":"01","Brgy_Code":"039","Owner":"TAN, CORAZON JINANG","TaxDecNo":"21118"},"geometry":{"type":"Polygon","coordinates":[[[121.87815070928673,13.45631022045299],[121.8778449644251,13.456045041678106],[121.87737300074195,13.456101560987385],[121.87648073119965,13.45637604775303],[121.87647273144083,13.456485934801288],[121.87649468033226,13.456595955636788],[121.8766065777781,13.456684393712552],[121.87672487396691,13.457485218679244],[121.87692877934978,13.457669362300733],[121.87718977058836,13.457530239971241],[121.87755239042765,13.456924899450788],[121.87819399443775,13.45666216662092],[121.87815070928673,13.45631022045299]]]}},{"type":"Feature","properties":{"Id":0,"CLN":"14559","PSGC":"174001042","Barangay":"Pawa","Land_Class":"AGRICULTURAL","PIN":"030-01-039-01-017","ALN":"017","Section":"01","Brgy_Code":"039","Owner":"MALAPAD, ALEX M.","TaxDecNo":"21121"},"geometry":{"type":"Polygon","coordinates":[[[121.87737300074195,13.456101560987385],[121.8770308801342,13.455609045128751],[121.87627452777633,13.455740398020838],[121.87648073119965,13.45637604775303],[121.87737300074195,13.456101560987385]]]}},{"type":"Feature","properties":{"Id":0,"CLN":"14544","PSGC":"174001042","Barangay":"Pawa","Land_Class":"AGRICULTURAL","PIN":"030-01-039-01-010","ALN":"010","Section":"01","Brgy_Code":"039","Owner":"CONSTANTINO, CECILIO MOSCORO","TaxDecNo":"21114"},"geometry":{"type":"Polygon","coordinates":[[[121.8781929996874,13.457554758240242],[121.8783112049704,13.457297614056412],[121.87883344531927,13.457591970495635],[121.87917715192816,13.457278570736408],[121.87906973445207,13.45710344795894],[121.87904367466523,13.457046071470948],[121.87894124169794,13.457057066950458],[121.87866105517669,13.456921256054844],[121.87862778677032,13.456869908589008],[121.87833550012165,13.456824017937572],[121.87819399443775,13.45666216662092],[121.87755239042765,13.456924899450788],[121.87718977058836,13.457530239971241],[121.87692877934978,13.457669362300733],[121.87676677539153,13.457909131992297],[121.87686904857698,13.45793249289592],[121.87697411346163,13.457984496373568],[121.8770177503761,13.458036225506351],[121.8779322756145,13.457636622531634],[121.8781929996874,13.457554758240242]]]}},{"type":"Feature","properties":{"Id":0,"CLN":"14545 pt","PSGC":"174001042","Barangay":"Pawa","Land_Class":"AGRICULTURAL","PIN":"030-01-039-01-084","ALN":"084","Section":"01","Brgy_Code":"039","Owner":"BISCOCHO, MONALINDA M.","TaxDecNo":"29187"},"geometry":{"type":"Polygon","coordinates":[[[121.88016964736225,13.456210876171006],[121.88002981108606,13.457538612797753],[121.88037593565477,13.457815954711856],[121.88051244239652,13.457816562424158],[121.88098546511635,13.457581991514076],[121.88109129323668,13.456726370652166],[121.8807695487192,13.456680969841154],[121.88071758104853,13.456585472030811],[121.88070379826348,13.456328923860688],[121.88045764112604,13.456129966985321],[121.88016964736225,13.456210876171006]]]}},{"type":"Feature","properties":{"Id":0,"CLN":"14976","PSGC":"174001042","Barangay":"Pawa","Land_Class":"AGRICULTURAL","PIN":"030-01-039-01-013","ALN":"013","Section":"01","Brgy_Code":"039","Owner":"LANSAGAN, FELISA","TaxDecNo":"21117"},"geometry":{"type":"Polygon","coordinates":[[[121.87885990949538,13.456760402522468],[121.8785023670882,13.456363086124824],[121.87860763078314,13.456268289013886],[121.87825005536769,13.455878300369983],[121.87805641323932,13.45565759096015],[121.87786950776822,13.45559813164364],[121.87790649979854,13.455693563140088],[121.8778449644251,13.456045041678106],[121.87815070928673,13.45631022045299],[121.87819399443775,13.45666216662092],[121.87833550012165,13.456824017937572],[121.87862778677032,13.456869908589008],[121.87866105517669,13.456921256054844],[121.87885990949538,13.456760402522468]]]}},{"type":"Feature","properties":{"Id":0,"CLN":"14547","PSGC":"174001042","Barangay":"Pawa","Land_Class":"AGRICULTURAL","PIN":"030-01-039-01-012","ALN":"012","Section":"01","Brgy_Code":"039","Owner":"GARCIA, CARINA","TaxDecNo":"21116"},"geometry":{"type":"Polygon","coordinates":[[[121.87825005536769,13.455878300369983],[121.87860763078314,13.456268289013886],[121.8785023670882,13.456363086124824],[121.87885990949538,13.456760402522468],[121.8794305369193,13.456418520619415],[121.88045764112604,13.456129966985321],[121.88036830600295,13.456019646391338],[121.88018126330962,13.455989500898662],[121.88012915976577,13.455923315161561],[121.8794709378344,13.455781147866661],[121.8794198910666,13.455487792732027],[121.87941325595867,13.455304558349583],[121.87939865658747,13.455223883183988],[121.87936197074286,13.455062499493412],[121.87912030327024,13.455508442392606],[121.87943989862897,13.456015511745193],[121.879215147633,13.456043823073566],[121.8789246488764,13.455720087951068],[121.8786624283074,13.455755559976952],[121.87825005536769,13.455878300369983]]]}},{"type":"Feature","properties":{"Id":0,"CLN":"14554","PSGC":"174001042","Barangay":"Pawa","Land_Class":"AGRICULTURAL","PIN":"030-01-039-01-022","ALN":"022","Section":"01","Brgy_Code":"039","Owner":"JULIANO, CARLOS N.","TaxDecNo":"21126"},"geometry":{"type":"Polygon","coordinates":[[[121.8786624283074,13.455755559976952],[121.8789246488764,13.455720087951068],[121.879215147633,13.456043823073566],[121.87943989862897,13.456015511745193],[121.87912030327024,13.455508442392606],[121.87881445589316,13.455265248895115],[121.8786624283074,13.455755559976952]]]}},{"type":"Feature","properties":{"Id":0,"CLN":"14574","PSGC":"174001042","Barangay":"Pawa","Land_Class":"AGRICULTURAL","PIN":"030-01-039-01-046","ALN":"046","Section":"01","Brgy_Code":"039","Owner":"MAPACPAC, LORNA","TaxDecNo":"21149"},"geometry":{"type":"Polygon","coordinates":[[[121.87701870647678,13.455008079399361],[121.87684072356181,13.454640875336015],[121.87642321852417,13.454878422458272],[121.87604663628822,13.455067669965949],[121.87627452777633,13.455740398020838],[121.8770308801342,13.455609045128751],[121.87701870647678,13.455008079399361]]]}},{"type":"Feature","properties":{"Id":0,"CLN":"14555","PSGC":"174001042","Barangay":"Pawa","Land_Class":"AGRICULTURAL","PIN":"030-01-039-01-021","ALN":"021","Section":"01","Brgy_Code":"039","Owner":"MALAPAD, NEMESIA & MALAPAD, AYRELIO & MALAPAD, ERENE & MALAPAD, LEONILA & MALAPAD, MARIA & MALAPAD, LAURO","TaxDecNo":"21125"},"geometry":{"type":"Polygon","coordinates":[[[121.87825005536769,13.455878300369983],[121.8786624283074,13.455755559976952],[121.87881445589316,13.455265248895115],[121.87865749899652,13.455205923667368],[121.87848543149762,13.455175843735068],[121.87811097284026,13.45519615836519],[121.87799835883685,13.455261609748645],[121.8781328200625,13.455328163231677],[121.87814660012766,13.455584711343704],[121.87805641323932,13.45565759096015],[121.87825005536769,13.455878300369983]]]}},{"type":"Feature","properties":{"Id":0,"CLN":"14556","PSGC":"174001042","Barangay":"Pawa","Land_Class":"AGRICULTURAL","PIN":"030-01-039-01-019","ALN":"019","Section":"01","Brgy_Code":"039","Owner":"BEJER, MARINO A. & BEJER, MARIVIC M.","TaxDecNo":"21123"},"geometry":{"type":"Polygon","coordinates":[[[121.87786950776822,13.45559813164364],[121.87805641323932,13.45565759096015],[121.87814660012766,13.455584711343704],[121.8781328200625,13.455328163231677],[121.87799835883685,13.455261609748645],[121.87749158975738,13.454753703603762],[121.87748225915504,13.455149384156908],[121.87751938752635,13.455215503550878],[121.87762400246973,13.45525993952993],[121.8777210620612,13.455318998134846],[121.87774270427941,13.455494971238608],[121.87786950776822,13.45559813164364]]]}},{"type":"Feature","properties":{"Id":0,"CLN":"14558","PSGC":"174001042","Barangay":"Pawa","Land_Class":"AGRICULTURAL","PIN":"030-01-039-01-018","ALN":"018","Section":"01","Brgy_Code":"039","Owner":"LUCI, JULIO & SISTER","TaxDecNo":"21122"},"geometry":{"type":"Polygon","coordinates":[[[121.87786950776822,13.45559813164364],[121.87774270427941,13.455494971238608],[121.8777210620612,13.455318998134846],[121.87762400246973,13.45525993952993],[121.87751938752635,13.455215503550878],[121.87748225915504,13.455149384156908],[121.87749158975738,13.454753703603762],[121.87727562445689,13.454503581316878],[121.87701870647678,13.455008079399361],[121.8770308801342,13.455609045128751],[121.87737300074195,13.456101560987385],[121.8778449644251,13.456045041678106],[121.87790649979854,13.455693563140088],[121.87786950776822,13.45559813164364]]]}},{"type":"Feature","properties":{"Id":0,"CLN":"14557","PSGC":"174001042","Barangay":"Pawa","Land_Class":"AGRICULTURAL","PIN":"030-01-039-01-020","ALN":"020","Section":"01","Brgy_Code":"039","Owner":"BEJER, MARINO A. & BEJER, MARIVIC M.","TaxDecNo":"21124"},"geometry":{"type":"Polygon","coordinates":[[[121.87749158975738,13.454753703603762],[121.87799835883685,13.455261609748645],[121.87811097284026,13.45519615836519],[121.87802256047723,13.454887980021738],[121.87749158975738,13.454753703603762]]]}},{"type":"Feature","properties":{"Id":0,"CLN":"14576","PSGC":"174001042","Barangay":"Pawa","Land_Class":"AGRICULTURAL","PIN":"030-01-039-01-045","ALN":"045","Section":"01","Brgy_Code":"039","Owner":"NATAGOC, VENCHITO","TaxDecNo":"21148"},"geometry":{"type":"Polygon","coordinates":[[[121.8766188071071,13.454136297163789],[121.87670759539549,13.45428852786144],[121.87684072356181,13.454640875336015],[121.87701870647678,13.455008079399361],[121.87727562445689,13.454503581316878],[121.87703576397946,13.454561136095895],[121.87700068493221,13.454055334510839],[121.8766188071071,13.454136297163789]]]}},{"type":"Feature","properties":{"Id":0,"CLN":"14577","PSGC":"174001042","Barangay":"Pawa","Land_Class":"AGRICULTURAL","PIN":"030-01-039-01-066","ALN":"066","Section":"01","Brgy_Code":"039","Owner":"LOZANTA, MANUEL","TaxDecNo":"21169"},"geometry":{"type":"Polygon","coordinates":[[[121.87700068493221,13.454055334510839],[121.87693630653631,13.4534101665277],[121.87664424259516,13.453423518818393],[121.87647867298345,13.453605984070212],[121.87650540669384,13.453736078129591],[121.87652992089889,13.453855371324872],[121.8766188071071,13.454136297163789],[121.87700068493221,13.454055334510839]]]}},{"type":"Feature","properties":{"Id":0,"CLN":"14552","PSGC":"174001042","Barangay":"Pawa","Land_Class":"AGRICULTURAL","PIN":"030-01-039-01-025","ALN":"025","Section":"01","Brgy_Code":"039","Owner":"MANDIA, ROMANITO M.","TaxDecNo":"21129"},"geometry":{"type":"Polygon","coordinates":[[[121.87936197074286,13.455062499493412],[121.87939865658747,13.455223883183988],[121.87989359074705,13.455057539288777],[121.87987926374781,13.454918239798554],[121.87936197074286,13.455062499493412]]]}},{"type":"Feature","properties":{"Id":0,"CLN":"14580","PSGC":"174001042","Barangay":"Pawa","Land_Class":"AGRICULTURAL","PIN":"030-01-039-01-043","ALN":"043","Section":"01","Brgy_Code":"039","Owner":"JANDA, KRISTINE JOY","TaxDecNo":"21146"},"geometry":{"type":"Polygon","coordinates":[[[121.87739965133001,13.453595439431615],[121.87754060866692,13.453874539645938],[121.8774339119145,13.454277113920858],[121.87767363551535,13.454248870880305],[121.8781064200032,13.454565913700549],[121.87821065952859,13.454690957846536],[121.8787090713314,13.453777156185833],[121.87857495177374,13.453637322659342],[121.87847755154002,13.453651544809885],[121.87804306216012,13.453700904628786],[121.8778119523362,13.453487356215252],[121.87768593486082,13.453215650982356],[121.87746128883062,13.453221976825766],[121.87737862390078,13.453287561638348],[121.87741829148727,13.453378335152344],[121.87739965133001,13.453595439431615]]]}},{"type":"Feature","properties":{"Id":0,"CLN":"14581 pt","PSGC":"174001042","Barangay":"Pawa","Land_Class":"AGRICULTURAL","PIN":"030-01-039-01-080","ALN":"080","Section":"01","Brgy_Code":"039","Owner":"MAAÑO, LETECIA & MAAÑO, PEDRO","TaxDecNo":"21183"},"geometry":{"type":"Polygon","coordinates":[[[121.87957589980012,13.45299352377049],[121.87882549443958,13.453354228897709],[121.87883077394385,13.453367319868564],[121.8787090713314,13.453777156185833],[121.87821065952859,13.454690957846536],[121.8781064200032,13.454565913700549],[121.87767363551535,13.454248870880305],[121.8774339119145,13.454277113920858],[121.8773492670868,13.454456729300203],[121.87727562445689,13.454503581316878],[121.87749158975738,13.454753703603762],[121.87802256047723,13.454887980021738],[121.87811097284026,13.45519615836519],[121.87848543149762,13.455175843735068],[121.87865749899652,13.455205923667368],[121.87866183000165,13.454275262651784],[121.87890261044893,13.454019849175216],[121.87983825860408,13.454075314844081],[121.88003312745288,13.45403221337889],[121.87995124626629,13.453929254073042],[121.87974919700504,13.453906369752746],[121.8797510025318,13.453517983482564],[121.8795121315747,13.453363027521421],[121.87955749693936,13.453267963058725],[121.87964005912178,13.453224361611438],[121.87969253673774,13.453209938934956],[121.87957589980012,13.45299352377049]]]}},{"type":"Feature","properties":{"Id":0,"CLN":"14551","PSGC":"174001042","Barangay":"Pawa","Land_Class":"AGRICULTURAL","PIN":"030-01-039-01-024","ALN":"024","Section":"01","Brgy_Code":"039","Owner":"MALAPAD, AURELIO","TaxDecNo":"21128"},"geometry":{"type":"Polygon","coordinates":[[[121.87989359074705,13.455057539288777],[121.87939865658747,13.455223883183988],[121.87941325595867,13.455304558349583],[121.87993034508365,13.455204266844815],[121.87989359074705,13.455057539288777]]]}},{"type":"Feature","properties":{"Id":0,"CLN":"14550","PSGC":"174001042","Barangay":"Pawa","Land_Class":"AGRICULTURAL","PIN":"030-01-039-01-023","ALN":"023","Section":"01","Brgy_Code":"039","Owner":"MALAPAD, MARIANITO","TaxDecNo":"21127"},"geometry":{"type":"Polygon","coordinates":[[[121.87993034508365,13.455204266844815],[121.87941325595867,13.455304558349583],[121.8794198910666,13.455487792732027],[121.8799671335224,13.455343666354912],[121.87993034508365,13.455204266844815]]]}},{"type":"Feature","properties":{"Id":0,"CLN":"14549","PSGC":"174001042","Barangay":"Pawa","Land_Class":"AGRICULTURAL","PIN":"030-01-039-01-068","ALN":"068","Section":"01","Brgy_Code":"039","Owner":"MALAPAD, JUAN","TaxDecNo":"01-32102"},"geometry":{"type":"Polygon","coordinates":[[[121.88012915976577,13.455923315161561],[121.8801445087364,13.455842773366886],[121.88007920213046,13.455395462734865],[121.88007974710317,13.455278214051312],[121.88021526475228,13.45511759713025],[121.88017102312324,13.454970836268958],[121.87987926374781,13.454918239798554],[121.87989359074705,13.455057539288777],[121.87993034508365,13.455204266844815],[121.8799671335224,13.455343666354912],[121.8794198910666,13.455487792732027],[121.8794709378344,13.455781147866661],[121.88012915976577,13.455923315161561]]]}},{"type":"Feature","properties":{"Id":0,"CLN":"14553","PSGC":"174001042","Barangay":"Pawa","Land_Class":"AGRICULTURAL","PIN":"030-01-039-01-026","ALN":"026","Section":"01","Brgy_Code":"039","Owner":"MAAÑO, LETECIA & MAAÑO, PEDRO","TaxDecNo":"21130"},"geometry":{"type":"Polygon","coordinates":[[[121.87912030327024,13.455508442392606],[121.87936197074286,13.455062499493412],[121.87987926374781,13.454918239798554],[121.88017102312324,13.454970836268958],[121.8801047629436,13.454728710837843],[121.88020318522723,13.45449464678121],[121.88018249475702,13.454113488520315],[121.88005483945464,13.454193530337783],[121.8797850654017,13.45424362643176],[121.87898432073236,13.454159448992405],[121.87882627341314,13.454334621205655],[121.87881445589316,13.455265248895115],[121.87912030327024,13.455508442392606]]]}},{"type":"Feature","properties":{"Id":0,"CLN":"14750 RW","PSGC":"174001042","Barangay":"Pawa","Land_Class":null,"PIN":"030-01-039-01-","ALN":null,"Section":"01","Brgy_Code":"039"},"geometry":{"type":"Polygon","coordinates":[[[121.88018249475702,13.454113488520315],[121.87980041433276,13.4541630846482],[121.87896961927115,13.45410075793335],[121.87875892360168,13.454326992809477],[121.8787473218439,13.455239874155502],[121.87881445589316,13.455265248895115],[121.87882627341314,13.454334621205655],[121.87898432073236,13.454159448992405],[121.8797850654017,13.45424362643176],[121.88005483945464,13.454193530337783],[121.88018249475702,13.454113488520315]]]}},{"type":"Feature","properties":{"Id":0,"CLN":"14799 RW","PSGC":"174001042","Barangay":"Pawa","Land_Class":"AGRICULTURAL","PIN":"030-01-039-01-","ALN":null,"Section":"01","Brgy_Code":"039","Owner":"MASCULINO, JOSE & MASCULINO, ANATALIO","TaxDecNo":"21332"},"geometry":{"type":"Polygon","coordinates":[[[121.87868909122798,13.455217864639266],[121.87872911908947,13.454294465862015],[121.87891195445835,13.454078248418488],[121.87980757602588,13.454125644951258],[121.88003312745288,13.45403221337889],[121.87983825860408,13.454075314844081],[121.87890261044893,13.454019849175216],[121.87866183000165,13.454275262651784],[121.87865749899652,13.455205923667368],[121.87868909122798,13.455217864639266]]]}},{"type":"Feature","properties":{"Id":0,"CLN":"14990","PSGC":"174001042","Barangay":"Pawa","Land_Class":"AGRICULTURAL","PIN":"030-01-039-01-039","ALN":"039","Section":"01","Brgy_Code":"039","Owner":"MAAÑO, LETECIA & MAAÑO, PEDRO","TaxDecNo":"21143"},"geometry":{"type":"Polygon","coordinates":[[[121.87959007950593,13.452602318373378],[121.87934000530699,13.452589114456009],[121.8793366706252,13.452640324502974],[121.87946970535204,13.452693096914626],[121.8794722949003,13.452791572452828],[121.87949856028781,13.452865480476243],[121.87960015587242,13.452952745958115],[121.87968820513859,13.453092038866759],[121.87978091120375,13.45318360534607],[121.87992723788841,13.453188597561105],[121.87968078848127,13.452779479093346],[121.87965605110386,13.452746106684613],[121.87959007950593,13.452602318373378]]]}},{"type":"Feature","properties":{"Id":0,"CLN":"14989","PSGC":"174001042","Barangay":"Pawa","Land_Class":"AGRICULTURAL","PIN":"030-01-039-01-037","ALN":"037","Section":"01","Brgy_Code":"039","Owner":"MAPACPAC, PAMFILO","TaxDecNo":"21141"},"geometry":{"type":"Polygon","coordinates":[[[121.87992723788841,13.453188597561105],[121.8801693743578,13.453571652738631],[121.88005723445036,13.453844614418937],[121.88019890491246,13.453897332920716],[121.8802893952625,13.453511417907022],[121.88009594006814,13.453150282807966],[121.87992723788841,13.453188597561105]]]}},{"type":"Feature","properties":{"Id":0,"CLN":"14587","PSGC":"174001042","Barangay":"Pawa","Land_Class":"AGRICULTURAL","PIN":"030-01-039-01-038","ALN":"038","Section":"01","Brgy_Code":"039","Owner":"MAPACPAC, EPIFANIO","TaxDecNo":"21142"},"geometry":{"type":"Polygon","coordinates":[[[121.88005723445036,13.453844614418937],[121.8801693743578,13.453571652738631],[121.87992723788841,13.453188597561105],[121.87978091120375,13.45318360534607],[121.87977627467966,13.453226991191638],[121.8797228154949,13.453278840914916],[121.87970064172073,13.453278742166022],[121.8796429293699,13.453291507087302],[121.87961615939913,13.453326113052883],[121.87962478674969,13.453378239265303],[121.8796380506596,13.453386979637603],[121.87968675226783,13.45340455913328],[121.87981525934335,13.45342683465898],[121.87984612106163,13.45346603792906],[121.8798754494124,13.453835123709975],[121.88005723445036,13.453844614418937]]]}},{"type":"Feature","properties":{"Id":0,"CLN":"14774","PSGC":"174001042","Barangay":"Pawa","Land_Class":"AGRICULTURAL","PIN":"030-01-039-01-035","ALN":"035","Section":"01","Brgy_Code":"039","Owner":"MALAPAD, GLIGERIA","TaxDecNo":"21139"},"geometry":{"type":"Polygon","coordinates":[[[121.88013587301644,13.453146119930254],[121.8799161596857,13.452111890173054],[121.87926870034822,13.452182837111748],[121.87931518438464,13.45243173611367],[121.87962872738584,13.452452561725229],[121.87977495067562,13.452596987924615],[121.87985819848579,13.452775928455413],[121.88009594006814,13.453150282807966],[121.88013587301644,13.453146119930254]]]}},{"type":"Feature","properties":{"Id":0,"CLN":"14775","PSGC":"174001042","Barangay":"Pawa","Land_Class":"AGRICULTURAL","PIN":"030-01-039-01-034","ALN":"034","Section":"01","Brgy_Code":"039","Owner":"LAZO, IGNACIO","TaxDecNo":"21138"},"geometry":{"type":"Polygon","coordinates":[[[121.88033505205439,13.452529536779169],[121.88021394861332,13.452105444199436],[121.8799161596857,13.452111890173054],[121.88013587301644,13.453146119930254],[121.88023738828755,13.45325074742043],[121.8806327266936,13.453113606071028],[121.88033505205439,13.452529536779169]]]}},{"type":"Feature","properties":{"Id":0,"CLN":"14584","PSGC":"174001042","Barangay":"Pawa","Land_Class":"AGRICULTURAL","PIN":"030-01-039-01-036","ALN":"036","Section":"01","Brgy_Code":"039","Owner":"MAPACPAC, EPIFANIO","TaxDecNo":"21140"},"geometry":{"type":"Polygon","coordinates":[[[121.88023738828755,13.45325074742043],[121.88013587301644,13.453146119930254],[121.88009594006814,13.453150282807966],[121.8802893952625,13.453511417907022],[121.88019890491246,13.453897332920716],[121.88027365053362,13.454036566441122],[121.88058853935911,13.454033627292288],[121.88099008743,13.45351453584077],[121.8807374875001,13.453474346194865],[121.88023738828755,13.45325074742043]]]}},{"type":"Feature","properties":{"Id":0,"CLN":"14776","PSGC":"174001042","Barangay":"Pawa","Land_Class":"AGRICULTURAL","PIN":"030-01-039-01-033","ALN":"033","Section":"01","Brgy_Code":"039","Owner":"MOGOL, GESILA J.","TaxDecNo":"32532"},"geometry":{"type":"Polygon","coordinates":[[[121.88059073810551,13.452605563128154],[121.88033505205439,13.452529536779169],[121.8806327266936,13.453113606071028],[121.88023738828755,13.45325074742043],[121.8807374875001,13.453474346194865],[121.88099008743,13.45351453584077],[121.88124486375558,13.453085944591994],[121.88109019151864,13.452968059098998],[121.88112661668467,13.452764210504846],[121.88059073810551,13.452605563128154]]]}},{"type":"Feature","properties":{"Id":0,"CLN":"14539 pt","PSGC":"174001042","Barangay":"Pawa","Land_Class":"AGRICULTURAL","PIN":"030-01-039-01-078","ALN":"078","Section":"01","Brgy_Code":"039","Owner":"MALAPAD, VALENTINA","TaxDecNo":"21181"},"geometry":{"type":"Polygon","coordinates":[[[121.88051244239652,13.457816562424158],[121.88037593565477,13.457815954711856],[121.88002621386543,13.4575357304193],[121.87960454981207,13.457629286105073],[121.87951294568168,13.458037335065999],[121.87990879677747,13.45874212831199],[121.88062792960457,13.459126043550082],[121.88051244239652,13.457816562424158]]]}},{"type":"Feature","properties":{"Id":0,"CLN":"14597","PSGC":"174001042","Barangay":"Pawa","Land_Class":"AGRICULTURAL","PIN":"030-01-039-02-018","ALN":"018","Section":"02","Brgy_Code":"039","Owner":"LAZO, MANUELA","TaxDecNo":"21203"},"geometry":{"type":"Polygon","coordinates":[[[121.88352119107208,13.455687428041044],[121.88391812050638,13.455207377100665],[121.88371052965539,13.455024148416326],[121.88363064305051,13.455036815824851],[121.8833257487116,13.454796726471027],[121.88312553942806,13.454934738462807],[121.88318732471978,13.455000122600994],[121.88315529533756,13.455212672387516],[121.88329644435869,13.455378243916089],[121.88342396732324,13.455613205340347],[121.88352119107208,13.455687428041044]]]}},{"type":"Feature","properties":{"Id":0,"CLN":"14595","PSGC":"174001042","Barangay":"Pawa","Land_Class":"AGRICULTURAL","PIN":"030-01-039-02-066","ALN":"066","Section":"02","Brgy_Code":"039","Owner":"MAALINDOG, ADELINIA M.","TaxDecNo":"21249"},"geometry":{"type":"Polygon","coordinates":[[[121.88371052965539,13.455024148416326],[121.8840702906814,13.454908547125259],[121.88413759649542,13.45473956019765],[121.88412044027493,13.45461360510612],[121.88364636061247,13.454516007119507],[121.88368583127165,13.454611676680749],[121.88361396974251,13.454806687171498],[121.88375112647249,13.454876746348852],[121.88371052965539,13.455024148416326]]]}},{"type":"Feature","properties":{"Id":0,"CLN":"14589","PSGC":"174001042","Barangay":"Pawa","Land_Class":"AGRICULTURAL","PIN":"030-01-039-02-001","ALN":"001","Section":"02","Brgy_Code":"039","Owner":"QUIAZON, HERNANDO","TaxDecNo":"21187"},"geometry":{"type":"Polygon","coordinates":[[[121.88312553942806,13.454934738462807],[121.88301938615677,13.4548734979417],[121.88284574514977,13.455020308980306],[121.88251740954293,13.455053575688519],[121.88243766382048,13.45503585877322],[121.88242192339294,13.455561007738071],[121.8833737361145,13.45592550937037],[121.88319432327195,13.45540383441698],[121.88329644435869,13.455378243916089],[121.88315529533756,13.455212672387516],[121.88318732471978,13.455000122600994],[121.88312553942806,13.454934738462807]]]}},{"type":"Feature","properties":{"Id":0,"CLN":"14588","PSGC":"174001042","Barangay":"Pawa","Land_Class":"AGRICULTURAL","PIN":"030-01-039-01-030","ALN":"030","Section":"01","Brgy_Code":"039","Owner":"ADATO, MARTIN","TaxDecNo":"21134"},"geometry":{"type":"Polygon","coordinates":[[[121.8818753552012,13.45579297372793],[121.88210602545655,13.455780977129452],[121.88242192339294,13.455561007738071],[121.88243766382048,13.45503585877322],[121.88238168255221,13.45467533590589],[121.88236426553739,13.454605808082148],[121.88226234606164,13.454587992597583],[121.88200928150644,13.45464763706021],[121.88201704341998,13.454886407403885],[121.8819677169645,13.455003385749148],[121.88164264764559,13.455288423589446],[121.8818753552012,13.45579297372793]]]}},{"type":"Feature","properties":{"Id":0,"CLN":"14599","PSGC":"174001042","Barangay":"Pawa","Land_Class":"AGRICULTURAL","PIN":"030-01-039-02-019","ALN":"019","Section":"02","Brgy_Code":"039","Owner":"LLAMAS, CARLITO & LLAMAS, EMMA NARVAEZ","TaxDecNo":"21204"},"geometry":{"type":"Polygon","coordinates":[[[121.88251740954293,13.455053575688519],[121.88284574514977,13.455020308980306],[121.88301938615677,13.4548734979417],[121.88293625202843,13.45463005218577],[121.88251740954293,13.455053575688519]]]}},{"type":"Feature","properties":{"Id":0,"CLN":"14600","PSGC":"174001042","Barangay":"Pawa","Land_Class":"AGRICULTURAL","PIN":"030-01-039-02-020","ALN":"020","Section":"02","Brgy_Code":"039","Owner":"LAZO, ROSALIO","TaxDecNo":"21205"},"geometry":{"type":"Polygon","coordinates":[[[121.88293625202843,13.45463005218577],[121.88289240726041,13.454521341143748],[121.88238168255221,13.45467533590589],[121.88243766382048,13.45503585877322],[121.88251740954293,13.455053575688519],[121.88293625202843,13.45463005218577]]]}},{"type":"Feature","properties":{"Id":0,"CLN":"14601","PSGC":"174001042","Barangay":"Pawa","Land_Class":"AGRICULTURAL","PIN":"030-01-039-02-028","ALN":"028","Section":"02","Brgy_Code":"039","Owner":"MALING, DOMINGA L.","TaxDecNo":"21214"},"geometry":{"type":"Polygon","coordinates":[[[121.88238168255221,13.45467533590589],[121.88289240726041,13.454521341143748],[121.88281763981053,13.454386448840427],[121.88236426553739,13.454605808082148],[121.88238168255221,13.45467533590589]]]}},{"type":"Feature","properties":{"Id":0,"CLN":"14602","PSGC":"174001042","Barangay":"Pawa","Land_Class":"AGRICULTURAL","PIN":"030-01-039-02-021","ALN":"021","Section":"02","Brgy_Code":"039","Owner":"MAALINDOG, ADELINIA M.","TaxDecNo":"21206"},"geometry":{"type":"Polygon","coordinates":[[[121.88226234606164,13.454587992597583],[121.88236426553739,13.454605808082148],[121.88281763981053,13.454386448840427],[121.88275625727225,13.454234253358948],[121.8821837079784,13.45433154467343],[121.88226234606164,13.454587992597583]]]}},{"type":"Feature","properties":{"Id":0,"CLN":"14607","PSGC":"174001042","Barangay":"Pawa","Land_Class":"AGRICULTURAL","PIN":"030-01-039-02-065","ALN":"065","Section":"02","Brgy_Code":"039","Owner":"MANDIA, RODRIGO L.","TaxDecNo":"21248"},"geometry":{"type":"Polygon","coordinates":[[[121.88364636061247,13.454516007119507],[121.88412044027493,13.45461360510612],[121.88442395498677,13.454193907863333],[121.8839113501415,13.453796634405439],[121.88367540244508,13.453990916865088],[121.88299172300063,13.454144145374984],[121.8831149310325,13.454353043826844],[121.8834203877938,13.454471597581897],[121.88364636061247,13.454516007119507]]]}},{"type":"Feature","properties":{"Id":0,"CLN":"14603","PSGC":"174001042","Barangay":"Pawa","Land_Class":"AGRICULTURAL","PIN":"030-01-039-02-022","ALN":"022","Section":"02","Brgy_Code":"039","Owner":"LAZO, MARIA","TaxDecNo":"21207"},"geometry":{"type":"Polygon","coordinates":[[[121.88275625727225,13.454234253358948],[121.88269949071115,13.454043012493907],[121.88215798528636,13.454140441671473],[121.8821837079784,13.45433154467343],[121.88275625727225,13.454234253358948]]]}},{"type":"Feature","properties":{"Id":0,"CLN":"14604","PSGC":"174001042","Barangay":"Pawa","Land_Class":"AGRICULTURAL","PIN":"030-01-039-02-023","ALN":"023","Section":"02","Brgy_Code":"039","Owner":"LAZO, MANUELA","TaxDecNo":"21208"},"geometry":{"type":"Polygon","coordinates":[[[121.88215798528636,13.454140441671473],[121.88269949071115,13.454043012493907],[121.88264746089375,13.453786682867127],[121.88247055325927,13.453681721336565],[121.88225363224208,13.453598285162181],[121.88224781358083,13.45361130529064],[121.8822224882219,13.453619850036826],[121.88215798528636,13.454140441671473]]]}},{"type":"Feature","properties":{"Id":0,"CLN":"14598","PSGC":"174001042","Barangay":"Pawa","Land_Class":"AGRICULTURAL","PIN":"030-01-039-02-063","ALN":"063","Section":"02","Brgy_Code":"039","Owner":"NATAL, MILAGROS L","TaxDecNo":"21246"},"geometry":{"type":"Polygon","coordinates":[[[121.88264746089375,13.453786682867127],[121.88269949071115,13.454043012493907],[121.88275625727225,13.454234253358948],[121.88281763981053,13.454386448840427],[121.88289240726041,13.454521341143748],[121.88293625202843,13.45463005218577],[121.88301938615677,13.4548734979417],[121.88312553942806,13.454934738462807],[121.8833257487116,13.454796726471027],[121.88363064305051,13.455036815824851],[121.88371052965539,13.455024148416326],[121.88375112647249,13.454876746348852],[121.88361396974251,13.454806687171498],[121.88368583127165,13.454611676680749],[121.88364636061247,13.454516007119507],[121.8834203877938,13.454471597581897],[121.8831149310325,13.454353043826844],[121.88299172300063,13.454144145374984],[121.88291816288663,13.453748819271123],[121.88264746089375,13.453786682867127]]]}},{"type":"Feature","properties":{"Id":0,"CLN":"14606","PSGC":"174001042","Barangay":"Pawa","Land_Class":"AGRICULTURAL","PIN":"030-01-039-02-064","ALN":"064","Section":"02","Brgy_Code":"039","Owner":"LAZO, LEONILA","TaxDecNo":"21247"},"geometry":{"type":"Polygon","coordinates":[[[121.88291816288663,13.453748819271123],[121.88299172300063,13.454144145374984],[121.88367540244508,13.453990916865088],[121.8839113501415,13.453796634405439],[121.88381886332077,13.45365732309413],[121.88376109070053,13.453683110665546],[121.88361615093834,13.453378621666298],[121.88335498266504,13.453273286792905],[121.88288044323548,13.453275520555541],[121.88291816288663,13.453748819271123]]]}},{"type":"Feature","properties":{"Id":0,"CLN":"14977","PSGC":"174001042","Barangay":"Pawa","Land_Class":"AGRICULTURAL","PIN":"030-01-039-01-027","ALN":"027","Section":"01","Brgy_Code":"039","Owner":"MAPACPAC, MANUEL","TaxDecNo":"21131"},"geometry":{"type":"Polygon","coordinates":[[[121.88075123270983,13.456243742056667],[121.88080144721314,13.455935779388906],[121.88092628706399,13.455793093434455],[121.88016105569686,13.455589944097415],[121.88018622320946,13.455737666810075],[121.88019417462861,13.45588109542307],[121.88030154508014,13.455957487499116],[121.88038770410377,13.45596208850188],[121.8805120556425,13.456093382906877],[121.88075123270983,13.456243742056667]]]}},{"type":"Feature","properties":{"Id":0,"CLN":"14548","PSGC":"174001042","Barangay":"Pawa","Land_Class":"AGRICULTURAL","PIN":"030-01-039-01-028","ALN":"028","Section":"01","Brgy_Code":"039","Owner":"MARTE, MIGUEL","TaxDecNo":"21132"},"geometry":{"type":"Polygon","coordinates":[[[121.88092628706399,13.455793093434455],[121.88103772601693,13.455172100933812],[121.88028844473757,13.45506754773291],[121.8801536139218,13.455336864117237],[121.88016105569686,13.455589944097415],[121.88092628706399,13.455793093434455]]]}},{"type":"Feature","properties":{"Id":0,"CLN":"14586","PSGC":"174001042","Barangay":"Pawa","Land_Class":"AGRICULTURAL","PIN":"030-01-039-01-031","ALN":"031","Section":"01","Brgy_Code":"039","Owner":"MOGOL, GESILA J.","TaxDecNo":"32531"},"geometry":{"type":"Polygon","coordinates":[[[121.88164264764559,13.455288423589446],[121.8819677169645,13.455003385749148],[121.88201704341998,13.454886407403885],[121.88120453926746,13.454510703489861],[121.88104898778711,13.454602795447736],[121.88103067499546,13.454834673667634],[121.88124527860879,13.455016978578659],[121.88136095362857,13.45516088632663],[121.88164264764559,13.455288423589446]]]}},{"type":"Feature","properties":{"Id":0,"CLN":"14583","PSGC":"174001042","Barangay":"Pawa","Land_Class":"AGRICULTURAL","PIN":"030-01-039-01-032","ALN":"032","Section":"01","Brgy_Code":"039","Owner":"LETRIRO, JEFFREY MONTEAGUDO","TaxDecNo":"31563"},"geometry":{"type":"Polygon","coordinates":[[[121.88120453926746,13.454510703489861],[121.88201704341998,13.454886407403885],[121.88200928150644,13.45464763706021],[121.88173292680489,13.45393104503983],[121.88087052079513,13.454062168036575],[121.88118381716319,13.454333478457588],[121.88120453926746,13.454510703489861]]]}},{"type":"Feature","properties":{"Id":0,"CLN":"14585","PSGC":"174001042","Barangay":"Pawa","Land_Class":"AGRICULTURAL","PIN":"030-01-039-01-029","ALN":"029","Section":"01","Brgy_Code":"039","Owner":"GO, MELCHAN JINANG","TaxDecNo":"21133"},"geometry":{"type":"Polygon","coordinates":[[[121.88164264764559,13.455288423589446],[121.88136095362857,13.45516088632663],[121.88124527860879,13.455016978578659],[121.88103067499546,13.454834673667634],[121.88104898778711,13.454602795447736],[121.88120453926746,13.454510703489861],[121.88118381716319,13.454333478457588],[121.88087052079513,13.454062168036575],[121.88173292680489,13.45393104503983],[121.88200928150644,13.45464763706021],[121.88226234606164,13.454587992597583],[121.8821837079784,13.45433154467343],[121.88215798528636,13.454140441671473],[121.8822224882219,13.453619850036826],[121.88188093607289,13.453606959315302],[121.88163098124288,13.453614283070689],[121.88124486375558,13.453085944591994],[121.88099008743,13.45351453584077],[121.88058853935911,13.454033627292288],[121.88027365053362,13.454036566441122],[121.88031269375634,13.454485647873904],[121.88016485821768,13.454771776202456],[121.88028844473757,13.45506754773291],[121.88103772601693,13.455172100933812],[121.88092628706399,13.455793093434455],[121.88130223530378,13.4558610232554],[121.8818753552012,13.45579297372793],[121.88164264764559,13.455288423589446]]]}},{"type":"Feature","properties":{"Id":0,"CLN":"14658","PSGC":"174001042","Barangay":"Pawa","Land_Class":"AGRICULTURAL","PIN":"030-01-039-02-026","ALN":"026","Section":"02","Brgy_Code":"039","Owner":"MAAC, GERARDO","TaxDecNo":"21212"},"geometry":{"type":"Polygon","coordinates":[[[121.88112661668467,13.452764210504846],[121.88109019151864,13.452968059098998],[121.88124486375558,13.453085944591994],[121.88163098124288,13.453614283070689],[121.88188093607289,13.453606959315302],[121.88191289850808,13.453219095948237],[121.88112661668467,13.452764210504846]]]}},{"type":"Feature","properties":{"Id":0,"CLN":"14657","PSGC":"174001042","Barangay":"Pawa","Land_Class":"AGRICULTURAL","PIN":"030-01-039-02-025","ALN":"025","Section":"02","Brgy_Code":"039","Owner":"MANDIA, LOURDES & LAZO, ARSENIA","TaxDecNo":"21211"},"geometry":{"type":"Polygon","coordinates":[[[121.88191289850808,13.453219095948237],[121.88188093607289,13.453606959315302],[121.8822224882219,13.453619850036826],[121.88224781358083,13.45361130529064],[121.88225363224208,13.453598285162181],[121.88237273054088,13.452554782036072],[121.88213997314801,13.452570617682406],[121.88191289850808,13.453219095948237]]]}},{"type":"Feature","properties":{"Id":0,"CLN":"14659","PSGC":"174001042","Barangay":"Pawa","Land_Class":"AGRICULTURAL","PIN":"030-01-039-02-027","ALN":"027","Section":"02","Brgy_Code":"039","Owner":"NATAL, VIOLETA MANDIA","TaxDecNo":"21213"},"geometry":{"type":"Polygon","coordinates":[[[121.8805902680032,13.452243200612918],[121.88021394861332,13.452105444199436],[121.88033505205439,13.452529536779169],[121.88059073810551,13.452605563128154],[121.88112661668467,13.452764210504846],[121.88191289850808,13.453219095948237],[121.88213997314801,13.452570617682406],[121.88178682168487,13.452531091138274],[121.88110674446165,13.452372021686765],[121.88086652574998,13.452404229274253],[121.88085690846052,13.452354040598422],[121.8805902680032,13.452243200612918]]]}},{"type":"Feature","properties":{"Id":0,"CLN":"14605","PSGC":"174001042","Barangay":"Pawa","Land_Class":"AGRICULTURAL","PIN":"030-01-039-02-024","ALN":"024","Section":"02","Brgy_Code":"039","Owner":"NATAL, ALICIA L.","TaxDecNo":"21209"},"geometry":{"type":"Polygon","coordinates":[[[121.88237273054088,13.452554782036072],[121.88225363224208,13.453598285162181],[121.88247055325927,13.453681721336565],[121.88264746089375,13.453786682867127],[121.88291816288663,13.453748819271123],[121.88288044323548,13.453275520555541],[121.88284773107921,13.453265423720849],[121.88282737958214,13.452684219442498],[121.88277441377012,13.452349911098581],[121.8827285607449,13.452016528769834],[121.88234828549203,13.452251016944523],[121.88237273054088,13.452554782036072]]]}},{"type":"Feature","properties":{"Id":0,"CLN":"14655","PSGC":"174001042","Barangay":"Pawa","Land_Class":"AGRICULTURAL","PIN":"030-01-039-02-032","ALN":"032","Section":"02","Brgy_Code":"039","Owner":"LAZARTE, RENAN L.","TaxDecNo":"21218"},"geometry":{"type":"Polygon","coordinates":[[[121.88213997314801,13.452570617682406],[121.88237273054088,13.452554782036072],[121.88234828549203,13.452251016944523],[121.8827285607449,13.452016528769834],[121.88243585133979,13.451951966896209],[121.88222191430131,13.45162627271053],[121.88215726189559,13.451630202907827],[121.88207622038915,13.452380549096711],[121.88213997314801,13.452570617682406]]]}},{"type":"Feature","properties":{"Id":0,"CLN":"14656","PSGC":"174001042","Barangay":"Pawa","Land_Class":"AGRICULTURAL","PIN":"030-01-039-02-031","ALN":"031","Section":"02","Brgy_Code":"039","Owner":"MAAC, MARTA","TaxDecNo":"21217"},"geometry":{"type":"Polygon","coordinates":[[[121.88213997314801,13.452570617682406],[121.88207622038915,13.452380549096711],[121.88215726189559,13.451630202907827],[121.88195456957757,13.451667259286245],[121.88176129718285,13.451531441885404],[121.8816224353711,13.45174169717274],[121.88165111543071,13.45191126672318],[121.88178682168487,13.452531091138274],[121.88213997314801,13.452570617682406]]]}},{"type":"Feature","properties":{"Id":0,"CLN":"14660","PSGC":"174001042","Barangay":"Pawa","Land_Class":"AGRICULTURAL","PIN":"030-01-039-02-030","ALN":"030","Section":"02","Brgy_Code":"039","Owner":"MAAC, TEOFILO","TaxDecNo":"21216"},"geometry":{"type":"Polygon","coordinates":[[[121.88110674446165,13.452372021686765],[121.88178682168487,13.452531091138274],[121.88165111543071,13.45191126672318],[121.88114781499364,13.451878762721702],[121.88116391488995,13.452123446413653],[121.88110674446165,13.452372021686765]]]}},{"type":"Feature","properties":{"Id":0,"CLN":"14661","PSGC":"174001042","Barangay":"Pawa","Land_Class":"AGRICULTURAL","PIN":"030-01-039-02-029","ALN":"029","Section":"02","Brgy_Code":"039","Owner":"MAAC, ROMULO","TaxDecNo":"21215"},"geometry":{"type":"Polygon","coordinates":[[[121.88085690846052,13.452354040598422],[121.88086652574998,13.452404229274253],[121.88110674446165,13.452372021686765],[121.88116391488995,13.452123446413653],[121.88114781499364,13.451878762721702],[121.88120028482345,13.451714515514917],[121.88069634452184,13.451670099487957],[121.88069597238689,13.451750229369898],[121.88085690846052,13.452354040598422]]]}},{"type":"Feature","properties":{"Id":0,"CLN":"14662","PSGC":"174001042","Barangay":"Pawa","Land_Class":"AGRICULTURAL","PIN":"030-01-039-03-078","ALN":"078","Section":"03","Brgy_Code":"039","Owner":"LAZO, MANUELA","TaxDecNo":"21344"},"geometry":{"type":"Polygon","coordinates":[[[121.88069597238689,13.451750229369898],[121.88038684442681,13.451636030363256],[121.88027479900033,13.45182593653248],[121.88021394861332,13.452105444199436],[121.8805902680032,13.452243200612918],[121.88085690846052,13.452354040598422],[121.88069597238689,13.451750229369898]]]}},{"type":"Feature","properties":{"Id":0,"CLN":"14654","PSGC":"174001042","Barangay":"Pawa","Land_Class":"AGRICULTURAL","PIN":"030-01-039-02-035","ALN":"035","Section":"02","Brgy_Code":"039","Owner":"MONTEMAR, TRINIDAD","TaxDecNo":"21221"},"geometry":{"type":"Polygon","coordinates":[[[121.8844186066198,13.45274521325762],[121.88440764951089,13.452106901898711],[121.88436616386572,13.451973186634692],[121.88419494169335,13.451727814969722],[121.88340386059733,13.452276791504122],[121.88341204846898,13.452369611803636],[121.8844186066198,13.45274521325762]]]}},{"type":"Feature","properties":{"Id":0,"CLN":"14653","PSGC":"174001042","Barangay":"Pawa","Land_Class":"AGRICULTURAL","PIN":"030-01-039-02-034","ALN":"034","Section":"02","Brgy_Code":"039","Owner":"MAPACPAC, LEO L.","TaxDecNo":"21220"},"geometry":{"type":"Polygon","coordinates":[[[121.88340386059733,13.452276791504122],[121.88419494169335,13.451727814969722],[121.88403206418855,13.451541524575717],[121.88356085541719,13.451872612783706],[121.88348793688655,13.451800592484908],[121.88338773887767,13.452036325146048],[121.88340386059733,13.452276791504122]]]}},{"type":"Feature","properties":{"Id":0,"CLN":"14652","PSGC":"174001042","Barangay":"Pawa","Land_Class":"AGRICULTURAL","PIN":"030-01-039-02-033","ALN":"033","Section":"02","Brgy_Code":"039","Owner":"LAZO, ZENAIDA","TaxDecNo":"21219"},"geometry":{"type":"Polygon","coordinates":[[[121.88348793688655,13.451800592484908],[121.88359363517317,13.451307619529034],[121.88344742724294,13.45124370891194],[121.88347940608523,13.450851627686975],[121.88312994023795,13.450947078037172],[121.88226302142917,13.451124578617272],[121.88217300505522,13.451022959858799],[121.88159924373026,13.451168020795908],[121.88152993033108,13.451247844231444],[121.88176129718285,13.451531441885404],[121.88195456957757,13.451667259286245],[121.88215726189559,13.451630202907827],[121.88222191430131,13.45162627271053],[121.88243585133979,13.451951966896209],[121.8827285607449,13.452016528769834],[121.88277441377012,13.452349911098581],[121.88341204846898,13.452369611803636],[121.88340386059733,13.452276791504122],[121.88338773887767,13.452036325146048],[121.88348793688655,13.451800592484908]]]}},{"type":"Feature","properties":{"Id":0,"CLN":"14665","PSGC":"174001042","Barangay":"Pawa","Land_Class":"AGRICULTURAL","PIN":"030-01-039-02-067","ALN":"067","Section":"02","Brgy_Code":"039","Owner":"PAGLINAWAN, MARGARITA M.","TaxDecNo":"21250"},"geometry":{"type":"Polygon","coordinates":[[[121.88120028482345,13.451714515514917],[121.88114781499364,13.451878762721702],[121.88165111543071,13.45191126672318],[121.8816224353711,13.45174169717274],[121.88176129718285,13.451531441885404],[121.88152993033108,13.451247844231444],[121.88120028482345,13.451714515514917]]]}},{"type":"Feature","properties":{"Id":0,"CLN":"14663","PSGC":"174001042","Barangay":"Pawa","Land_Class":"AGRICULTURAL","PIN":"030-01-039-03-036","ALN":"036","Section":"03","Brgy_Code":"039","Owner":"NATAGOK, EUFRONIO","TaxDecNo":"21304"},"geometry":{"type":"Polygon","coordinates":[[[121.88034961711865,13.451103508326886],[121.8801135101304,13.450651703213294],[121.87973497120836,13.450710753867165],[121.87959218941887,13.451197741788848],[121.88038684442681,13.451636030363256],[121.88069597238689,13.451750229369898],[121.88069634452184,13.451670099487957],[121.88073287511035,13.45153600653644],[121.88058995184551,13.451383542482043],[121.88034961711865,13.451103508326886]]]}},{"type":"Feature","properties":{"Id":0,"CLN":"14664","PSGC":"174001042","Barangay":"Pawa","Land_Class":"AGRICULTURAL","PIN":"030-01-039-02-059","ALN":"059","Section":"02","Brgy_Code":"039","Owner":"MAAC, ROMULO","TaxDecNo":"01-17380"},"geometry":{"type":"Polygon","coordinates":[[[121.88159924373026,13.451168020795908],[121.88157469202898,13.450887451184446],[121.88144741207111,13.451078076449978],[121.88093061174297,13.451019545645233],[121.88088561676712,13.450811284650188],[121.88059158415604,13.450908546325035],[121.88054893032347,13.450929533638364],[121.88034961711865,13.451103508326886],[121.88058995184551,13.451383542482043],[121.88073287511035,13.45153600653644],[121.88069634452184,13.451670099487957],[121.88120028482345,13.451714515514917],[121.88152993033108,13.451247844231444],[121.88159924373026,13.451168020795908]]]}},{"type":"Feature","properties":{"Id":0,"CLN":"14668 pt","PSGC":"174001042","Barangay":"Pawa","Land_Class":"AGRICULTURAL","PIN":"030-01-039-02-078","ALN":"078","Section":"02","Brgy_Code":"039","Owner":"MAAC, REMEDIOS","TaxDecNo":"21261"},"geometry":{"type":"Polygon","coordinates":[[[121.88078667916173,13.450844011807225],[121.88071637380587,13.4504880237109],[121.88067461412798,13.450472950051688],[121.8806134661003,13.450487242003176],[121.88059887936267,13.450490651316635],[121.88068982597461,13.450876049420701],[121.88078667916173,13.450844011807225]]]}},{"type":"Feature","properties":{"Id":0,"CLN":"14669","PSGC":"174001042","Barangay":"Pawa","Land_Class":"AGRICULTURAL","PIN":"030-01-039-03-038","ALN":"038","Section":"03","Brgy_Code":"039","Owner":"LAZO, LEONILA","TaxDecNo":"21306"},"geometry":{"type":"Polygon","coordinates":[[[121.88059000432287,13.450135177658996],[121.88056138195114,13.449958135689975],[121.88035871327826,13.44999997787859],[121.88026792666673,13.449886885294116],[121.88016033949063,13.449971894378596],[121.88028853370244,13.450578651736294],[121.88046727451666,13.450560018055002],[121.88059887936264,13.450490651316635],[121.88067461412798,13.450472950051688],[121.88059000432287,13.450135177658996]]]}},{"type":"Feature","properties":{"Id":0,"CLN":"14667","PSGC":"174001042","Barangay":"Pawa","Land_Class":"AGRICULTURAL","PIN":"030-01-039-02-058","ALN":"058","Section":"02","Brgy_Code":"039","Owner":"LAZO, ROSARIO","TaxDecNo":"21243"},"geometry":{"type":"Polygon","coordinates":[[[121.88099103905951,13.450378762003016],[121.8810627733902,13.449777391444302],[121.88085532338472,13.449911427240274],[121.88056138195114,13.449958135689975],[121.88059000432287,13.450135177658996],[121.88067461412798,13.450472950051688],[121.88080079770162,13.450518497507717],[121.88088561676712,13.450811284650188],[121.88093061174297,13.451019545645233],[121.88144741207111,13.451078076449978],[121.88157469202898,13.450887451184446],[121.8815528857153,13.45063430720308],[121.88099103905951,13.450378762003016]]]}},{"type":"Feature","properties":{"Id":0,"CLN":"14670","PSGC":"174001042","Barangay":"Pawa","Land_Class":"AGRICULTURAL","PIN":"030-01-039-02-061","ALN":"061","Section":"02","Brgy_Code":"039","Owner":"MAYANGITAN, ELIGIO","TaxDecNo":"21244"},"geometry":{"type":"Polygon","coordinates":[[[121.8810627733902,13.449777391444302],[121.88091969422142,13.449658666527604],[121.88078202087524,13.449613068053146],[121.88059812574176,13.449623496547428],[121.88056636249776,13.449740552287961],[121.88053066859675,13.449732621858667],[121.88030049891037,13.449712168646158],[121.880272618672,13.449731473644558],[121.88026792666673,13.449886885294116],[121.88035871327826,13.44999997787859],[121.88056138195114,13.449958135689975],[121.88085532338472,13.449911427240274],[121.8810627733902,13.449777391444302]]]}},{"type":"Feature","properties":{"Id":0,"CLN":"14666","PSGC":"174001042","Barangay":"Pawa","Land_Class":"AGRICULTURAL","PIN":"030-01-039-02-057","ALN":"057","Section":"02","Brgy_Code":"039","Owner":"LIGERALDE, REGINA","TaxDecNo":"21242"},"geometry":{"type":"Polygon","coordinates":[[[121.8810627733902,13.449777391444302],[121.88099103905951,13.450378762003016],[121.8815528857153,13.45063430720308],[121.88157469202898,13.450887451184446],[121.88159924373026,13.451168020795908],[121.88217300505522,13.451022959858799],[121.88226302142917,13.451124578617272],[121.88312994023795,13.450947078037172],[121.88271538052113,13.450212103626964],[121.88240618750915,13.449985799679057],[121.88241885090312,13.449732808795828],[121.88249398033528,13.449637546890866],[121.88255717638118,13.449637827551406],[121.88241568674718,13.449176091039956],[121.88203066184082,13.449196873770523],[121.88218424066093,13.449529328957595],[121.88205155589642,13.449646828129184],[121.88233184011877,13.449912366938289],[121.8822853317519,13.45003024900029],[121.88183185984755,13.449943885158703],[121.88172225944582,13.450038993635992],[121.8815961019942,13.449987823494396],[121.88142565380318,13.44957656725471],[121.8810627733902,13.449777391444302]]]}},{"type":"Feature","properties":{"Id":0,"CLN":"14672","PSGC":"174001042","Barangay":"Pawa","Land_Class":null,"PIN":"030-01-039-02-055","ALN":"055","Section":"02","Brgy_Code":"039"},"geometry":{"type":"Polygon","coordinates":[[[121.88205155589642,13.449646828129184],[121.88218424066093,13.449529328957595],[121.88203066184082,13.449196873770523],[121.8817539848602,13.449392458761372],[121.88205155589642,13.449646828129184]]]}},{"type":"Feature","properties":{"Id":0,"CLN":"14671","PSGC":"174001042","Barangay":"Pawa","Land_Class":"AGRICULTURAL","PIN":"030-01-039-02-056","ALN":"056","Section":"02","Brgy_Code":"039","Owner":"MOGOL, EDWIN","TaxDecNo":"21241"},"geometry":{"type":"Polygon","coordinates":[[[121.8817539848602,13.449392458761372],[121.88142565380318,13.44957656725471],[121.8815961019942,13.449987823494396],[121.88172225944582,13.450038993635992],[121.88183185984755,13.449943885158703],[121.8822853317519,13.45003024900029],[121.88233184011877,13.449912366938289],[121.88205155589642,13.449646828129184],[121.8817539848602,13.449392458761372]]]}},{"type":"Feature","properties":{"Id":0,"CLN":"14651","PSGC":"174001042","Barangay":"Pawa","Land_Class":"AGRICULTURAL","PIN":"030-01-039-02-052","ALN":"052","Section":"02","Brgy_Code":"039","Owner":"STO. DOMINGO, CARINA","TaxDecNo":"21238"},"geometry":{"type":"Polygon","coordinates":[[[121.88255717638118,13.449637827551406],[121.88249398033528,13.449637546890866],[121.88241885090312,13.449732808795828],[121.88240618750915,13.449985799679057],[121.88271538052113,13.450212103626964],[121.88312994023795,13.450947078037172],[121.88347940608523,13.450851627686975],[121.88344742724294,13.45124370891194],[121.88359363517317,13.451307619529034],[121.88390578082796,13.451207082645945],[121.88369492969888,13.450835011298336],[121.88367288675556,13.450632475728696],[121.88373195253449,13.450284094951732],[121.88324382640357,13.450236942735136],[121.88307493847596,13.449488298080027],[121.88317364714227,13.449263805374404],[121.88297961698984,13.448981780571106],[121.88264814561262,13.449104459598242],[121.8828619791605,13.449571701745935],[121.88275841109319,13.44960498152958],[121.88255717638118,13.449637827551406]]]}},{"type":"Feature","properties":{"Id":0,"CLN":"14673","PSGC":"174001042","Barangay":"Pawa","Land_Class":"AGRICULTURAL","PIN":"030-01-039-02-054","ALN":"054","Section":"02","Brgy_Code":"039","Owner":"MINAMONROYO, SIMEONA","TaxDecNo":"21240"},"geometry":{"type":"Polygon","coordinates":[[[121.88275841109319,13.44960498152958],[121.88256518926177,13.449148638646289],[121.88241568674718,13.449176091039956],[121.88255717638118,13.449637827551406],[121.88275841109319,13.44960498152958]]]}},{"type":"Feature","properties":{"Id":0,"CLN":"14674","PSGC":"174001042","Barangay":"Pawa","Land_Class":"AGRICULTURAL","PIN":"030-01-039-02-053","ALN":"053","Section":"02","Brgy_Code":"039","Owner":"MAAC, FEDILA & MAAC, MARTA","TaxDecNo":"21239"},"geometry":{"type":"Polygon","coordinates":[[[121.88256518926177,13.449148638646289],[121.88275841109319,13.44960498152958],[121.8828619791605,13.449571701745935],[121.88264814561262,13.449104459598242],[121.88256518926177,13.449148638646289]]]}},{"type":"Feature","properties":{"Id":0,"CLN":"14650","PSGC":"174001042","Barangay":"Pawa","Land_Class":"AGRICULTURAL","PIN":"030-01-039-02-051","ALN":"051","Section":"02","Brgy_Code":"039","Owner":"BUENAVENTURA, NEMESIA","TaxDecNo":"21237"},"geometry":{"type":"Polygon","coordinates":[[[121.88317364714227,13.449263805374404],[121.88307493847596,13.449488298080027],[121.88324382640357,13.450236942735136],[121.88373195253449,13.450284094951732],[121.88367288675556,13.450632475728696],[121.88439765698726,13.450444499112567],[121.88465197734659,13.45011385349927],[121.88452584513738,13.450057061617894],[121.88441266056743,13.449685423796955],[121.88421847242019,13.449437138763303],[121.884166922753,13.449403170533971],[121.88396602675152,13.449362916670962],[121.88351720646368,13.449512753952117],[121.88317364714227,13.449263805374404]]]}},{"type":"Feature","properties":{"Id":0,"CLN":"14649","PSGC":"174001042","Barangay":"Pawa","Land_Class":"AGRICULTURAL","PIN":"030-01-039-02-050","ALN":"050","Section":"02","Brgy_Code":"039","Owner":"MINAMONROYO, EMILIO","TaxDecNo":"21236"},"geometry":{"type":"Polygon","coordinates":[[[121.88476346483611,13.450187656165832],[121.88465197734659,13.45011385349927],[121.88439765698726,13.450444499112567],[121.88444874009527,13.450889667057206],[121.88476095868434,13.450683180357476],[121.88498881508386,13.450336147529883],[121.88476346483611,13.450187656165832]]]}},{"type":"Feature","properties":{"Id":0,"CLN":"14648","PSGC":"174001042","Barangay":"Pawa","Land_Class":"AGRICULTURAL","PIN":"030-01-039-07-007","ALN":"007","Section":"07","Brgy_Code":"039","Owner":"LAZARTE, EDGARDO L.","TaxDecNo":"21606"},"geometry":{"type":"Polygon","coordinates":[[[121.88433415504946,13.449268953518642],[121.88496874357573,13.449070944899937],[121.8847283549328,13.448728962370328],[121.88434307508007,13.44858295373125],[121.88433415504946,13.449268953518642]]]}},{"type":"Feature","properties":{"Id":0,"CLN":"14675 pt","PSGC":"174001042","Barangay":"Pawa","Land_Class":"AGRICULTURAL","PIN":"030-01-039-07-045","ALN":"045","Section":"07","Brgy_Code":"039","Owner":"MAAC, ROMULO","TaxDecNo":"21639"},"geometry":{"type":"Polygon","coordinates":[[[121.88433415504946,13.449268953518642],[121.88396293705325,13.44878932916845],[121.88349087709956,13.448995296132102],[121.88398378269001,13.449250529973789],[121.88424186923272,13.44934727014504],[121.88437920492514,13.449465967816524],[121.88433415504946,13.449268953518642]]]}},{"type":"Feature","properties":{"Id":0,"CLN":"14676","PSGC":"174001042","Barangay":"Pawa","Land_Class":"AGRICULTURAL","PIN":"030-01-039-07-001","ALN":"001","Section":"07","Brgy_Code":"039","Owner":"LITRERO, ALFONSO","TaxDecNo":"21601"},"geometry":{"type":"Polygon","coordinates":[[[121.88349087709956,13.448995296132102],[121.88396293705325,13.44878932916845],[121.88396925484366,13.44866564518929],[121.88344052570388,13.448702662583813],[121.88349087709956,13.448995296132102]]]}},{"type":"Feature","properties":{"Id":0,"CLN":"14947","PSGC":"174001042","Barangay":"Pawa","Land_Class":"AGRICULTURAL","PIN":"030-01-039-07-002","ALN":"002","Section":"07","Brgy_Code":"039","Owner":"MONROYO, EMILIO MINA","TaxDecNo":"21602"},"geometry":{"type":"Polygon","coordinates":[[[121.8834928043291,13.448579182566247],[121.88316484140171,13.448521049701588],[121.88308669407438,13.448570111843422],[121.88296386694327,13.448661184211497],[121.88293992256366,13.448869138943394],[121.88299726911863,13.448891886595096],[121.88304868822655,13.44895397082097],[121.88328867914015,13.449236199551752],[121.88355781277464,13.449428585049228],[121.88362103483068,13.44942324228208],[121.88367856387417,13.449406627698272],[121.88398378269001,13.449250529973789],[121.88349087709956,13.448995296132102],[121.88344052570388,13.448702662583813],[121.8834928043291,13.448579182566247]]]}},{"type":"Feature","properties":{"Id":0,"CLN":"14698","PSGC":"174001042","Barangay":"Pawa","Land_Class":"AGRICULTURAL","PIN":"030-01-039-06-018","ALN":"018","Section":"06","Brgy_Code":"039","Owner":"TAN, ANDREA JINANG","TaxDecNo":"21588"},"geometry":{"type":"Polygon","coordinates":[[[121.88233247328135,13.447950423421837],[121.8820528573478,13.447541169575583],[121.8818566159951,13.447831734721602],[121.88266922628905,13.449014142145154],[121.88293992256366,13.448869138943394],[121.88296386694327,13.448661184211497],[121.88249372728954,13.448200185757898],[121.88234283377518,13.448051147683476],[121.88233247328135,13.447950423421837]]]}},{"type":"Feature","properties":{"Id":0,"CLN":"14699","PSGC":"174001042","Barangay":"Pawa","Land_Class":"AGRICULTURAL","PIN":"030-01-039-06-017","ALN":"017","Section":"06","Brgy_Code":"039","Owner":"MAAC, GERARDO","TaxDecNo":"21587"},"geometry":{"type":"Polygon","coordinates":[[[121.8818566159951,13.447831734721602],[121.88171945693117,13.448223240459612],[121.8818864244294,13.448753746810512],[121.88201373953659,13.449129319355345],[121.88245044400578,13.449114389439623],[121.88266922628905,13.449014142145154],[121.8818566159951,13.447831734721602]]]}},{"type":"Feature","properties":{"Id":0,"CLN":"14700 C","PSGC":"174001042","Barangay":"Pawa","Land_Class":"AGRICULTURAL","PIN":"030-01-039-06-029","ALN":"029","Section":"06","Brgy_Code":"039","Owner":"GARCIA, CARINA","TaxDecNo":"01-32847"},"geometry":{"type":"Polygon","coordinates":[[[121.88018453795898,13.449312384648103],[121.8818864244294,13.448753746810512],[121.88171945693117,13.448223240459612],[121.8818566159951,13.447831734721602],[121.8820528573478,13.447541169575583],[121.88233247328135,13.447950423421837],[121.88234283377518,13.448051147683476],[121.88249372728954,13.448200185757898],[121.88296386694327,13.448661184211497],[121.88308669407438,13.448570111843422],[121.88316484140171,13.448521049701588],[121.88315325612167,13.448404470266825],[121.88325232137134,13.448055185393875],[121.88333391832597,13.447970765779056],[121.88323674324019,13.447912047134384],[121.88309800218792,13.447476925167601],[121.88310569572027,13.44743754861495],[121.88235230045267,13.447176878606262],[121.88217443792625,13.44700652528109],[121.88212660003249,13.44681555400765],[121.88158206442117,13.4463309389269],[121.88111571010472,13.446498429406931],[121.88117422677674,13.446721241409508],[121.88104880448337,13.44691674138139],[121.88128400278295,13.447564247149602],[121.8813568920397,13.44818983588239],[121.88086442511694,13.448150554262652],[121.88031654297188,13.447220818000996],[121.88003287152893,13.446520107303526],[121.87952827619368,13.44676160846639],[121.87906120548497,13.447082758430666],[121.87866202934686,13.446773646869111],[121.87845057929951,13.446841589686143],[121.87825044936442,13.44680360579462],[121.87815344870653,13.446707794142492],[121.87802040776211,13.446734918288364],[121.87788302090742,13.446951222288059],[121.8777965941687,13.447206687168192],[121.87779023867482,13.447351269836028],[121.87786970311303,13.447842309153991],[121.87816563111915,13.447957625584143],[121.87832348390792,13.44816559658601],[121.8781138769837,13.448572737157033],[121.87798548735593,13.448862305264909],[121.87798347208832,13.448955631612622],[121.87852290435359,13.448643641493275],[121.87870646984368,13.448630643306165],[121.87888284908155,13.448645245407398],[121.87849849254891,13.44945805431218],[121.87887387276366,13.449772306384807],[121.87905530945713,13.449502619378352],[121.87886571363973,13.449294531393445],[121.87910843982115,13.448701515262044],[121.87922835721234,13.448715865615902],[121.87929948058421,13.448598744498069],[121.87967795717175,13.448336033561906],[121.87983593306379,13.448587316855168],[121.88013027230318,13.449037654250617],[121.88018327627945,13.449307522405425],[121.88018453795898,13.449312384648103]]]}},{"type":"Feature","properties":{"Id":0,"CLN":"14634","PSGC":"174001042","Barangay":"Pawa","Land_Class":"AGRICULTURAL","PIN":"030-01-039-07-012","ALN":"012","Section":"07","Brgy_Code":"039","Owner":"MAAC, ELEUTERIO","TaxDecNo":"21611"},"geometry":{"type":"Polygon","coordinates":[[[121.88742474304146,13.448577017683016],[121.8876112568743,13.448508275123373],[121.88772447484894,13.448410021935384],[121.88810102331524,13.44783659116898],[121.88814460323002,13.447395296736412],[121.88806197099731,13.44729617797952],[121.88768029257595,13.4476953149409],[121.88730275031072,13.44857498120332],[121.88726523020442,13.448674640874904],[121.88742474304146,13.448577017683016]]]}},{"type":"Feature","properties":{"Id":0,"CLN":"14636","PSGC":"174001042","Barangay":"Pawa","Land_Class":"AGRICULTURAL","PIN":"030-01-039-07-014","ALN":"014","Section":"07","Brgy_Code":"039","Owner":"NEPOMUCENO, RICARDO JR.","TaxDecNo":"21612"},"geometry":{"type":"Polygon","coordinates":[[[121.8867738714407,13.44734276469067],[121.88768029257595,13.4476953149409],[121.88806197099731,13.44729617797952],[121.88828300617303,13.446983466358423],[121.88789923195863,13.446681185311752],[121.88775026549389,13.446679042435347],[121.88772687459833,13.446603421553503],[121.88745371234927,13.446637068392581],[121.88727929719151,13.44713587458212],[121.8867738714407,13.44734276469067]]]}},{"type":"Feature","properties":{"Id":0,"CLN":"14644","PSGC":"174001042","Barangay":"Pawa","Land_Class":"AGRICULTURAL","PIN":"030-01-039-07-016","ALN":"016","Section":"07","Brgy_Code":"039","Owner":"JANDA, KRISTINE JOY","TaxDecNo":"21613"},"geometry":{"type":"Polygon","coordinates":[[[121.88615127371192,13.44593422309786],[121.88556409189097,13.445695682096227],[121.88530125553189,13.446220911592908],[121.88557339716668,13.446408005898965],[121.88598781364037,13.44663058396255],[121.88618623847876,13.446073794710092],[121.88615127371192,13.44593422309786]]]}},{"type":"Feature","properties":{"Id":0,"CLN":"14682","PSGC":"174001042","Barangay":"Pawa","Land_Class":"AGRICULTURAL","PIN":"030-01-039-07-018","ALN":"018","Section":"07","Brgy_Code":"039","Owner":"MAGYAYA, APOLINARIA","TaxDecNo":"21615"},"geometry":{"type":"Polygon","coordinates":[[[121.88559744592104,13.44545829877915],[121.88505530752207,13.445127935822008],[121.88501634775088,13.445345353564624],[121.88554330799865,13.44561490303087],[121.88559744592104,13.44545829877915]]]}},{"type":"Feature","properties":{"Id":0,"CLN":"14642","PSGC":"174001042","Barangay":"Pawa","Land_Class":"AGRICULTURAL","PIN":"030-01-039-07-020","ALN":"020","Section":"07","Brgy_Code":"039","Owner":"OSINSAO, LARRY M.","TaxDecNo":"21617"},"geometry":{"type":"Polygon","coordinates":[[[121.8863347539808,13.445159492296076],[121.88612218197922,13.444596097968894],[121.88610592737058,13.444589194114345],[121.8857416254402,13.4450813497692],[121.88606969484962,13.44568766782924],[121.88624846293126,13.44553161496795],[121.88631112024191,13.44545782700166],[121.88629836728681,13.445327793370332],[121.8863347539808,13.445159492296076]]]}},{"type":"Feature","properties":{"Id":0,"CLN":"14641","PSGC":"174001042","Barangay":"Pawa","Land_Class":"AGRICULTURAL","PIN":"030-01-039-07-025","ALN":"025","Section":"07","Brgy_Code":"039","Owner":"MANDIA, ALFONSO","TaxDecNo":"21621"},"geometry":{"type":"Polygon","coordinates":[[[121.88563721550696,13.444558074288],[121.88560713904569,13.444645076673096],[121.88569508676665,13.444877827478695],[121.885557647502,13.445080535243168],[121.8856761281949,13.445127532096327],[121.8857416254402,13.4450813497692],[121.88610592737058,13.444589194114345],[121.88582234712064,13.444309105262297],[121.88569763677405,13.444325980324916],[121.88563721550696,13.444558074288]]]}},{"type":"Feature","properties":{"Id":0,"CLN":"14639","PSGC":"174001042","Barangay":"Pawa","Land_Class":"AGRICULTURAL","PIN":"030-01-039-07-022","ALN":"022","Section":"07","Brgy_Code":"039","Owner":"MONLEON, BENITA","TaxDecNo":"01-17680"},"geometry":{"type":"Polygon","coordinates":[[[121.88675949322148,13.444285971767012],[121.8864644951998,13.443559918140183],[121.88628976698034,13.44370353161465],[121.88605608327568,13.443816371604633],[121.88633310098074,13.444498271316679],[121.88675949322148,13.444285971767012]]]}},{"type":"Feature","properties":{"Id":0,"CLN":"14984","PSGC":"174001042","Barangay":"Pawa","Land_Class":"AGRICULTURAL","PIN":"030-01-039-07-024","ALN":"024","Section":"07","Brgy_Code":"039","Owner":"LAZO, EFREN","TaxDecNo":"21620"},"geometry":{"type":"Polygon","coordinates":[[[121.88627242262278,13.44452022241001],[121.88600844434238,13.443851015006205],[121.88594861389261,13.44395531288515],[121.88595994669065,13.444071543780534],[121.88585279918026,13.44414077798912],[121.88582234712064,13.444309105262297],[121.88610592737058,13.444589194114345],[121.88614739020409,13.44460680470916],[121.88627242262278,13.44452022241001]]]}},{"type":"Feature","properties":{"Id":0,"CLN":"14688","PSGC":"174001042","Barangay":"Pawa","Land_Class":"AGRICULTURAL","PIN":"030-01-039-07-030","ALN":"030","Section":"07","Brgy_Code":"039","Owner":"MAAC, ELEUTERIO","TaxDecNo":"21625"},"geometry":{"type":"Polygon","coordinates":[[[121.88563721550696,13.444558074288],[121.88569763677405,13.444325980324916],[121.88582234712064,13.444309105262297],[121.88585279918026,13.44414077798912],[121.88595994669065,13.444071543780534],[121.88594861389261,13.44395531288515],[121.88561172925642,13.443651751790297],[121.88516571101215,13.443847284077215],[121.88518778507593,13.444207542045525],[121.88563721550696,13.444558074288]]]}},{"type":"Feature","properties":{"Id":0,"CLN":"14564","PSGC":"174001042","Barangay":"Pawa","Land_Class":"AGRICULTURAL","PIN":"030-01-039-04-003","ALN":"003","Section":"04","Brgy_Code":"039","Owner":"OSINSAO, JOVITA M.","TaxDecNo":"21362"},"geometry":{"type":"Polygon","coordinates":[[[121.87402957117335,13.456890160733177],[121.87372342684549,13.456885182182608],[121.87370597516241,13.457174996042477],[121.87377908019953,13.457121131910602],[121.87403260409788,13.457122267108867],[121.87402957117335,13.456890160733177]]]}},{"type":"Feature","properties":{"Id":0,"CLN":"14567","PSGC":"174001042","Barangay":"Pawa","Land_Class":"AGRICULTURAL","PIN":"030-01-039-04-004","ALN":"004","Section":"04","Brgy_Code":"039","Owner":"MAPACPAC, BENJAMIN & MAPACPAC, LUCIO","TaxDecNo":"21364"},"geometry":{"type":"Polygon","coordinates":[[[121.87370597516241,13.457174996042477],[121.87372342684549,13.456885182182608],[121.87292459266178,13.45679328204578],[121.87295455928911,13.457083211989271],[121.87370597516241,13.457174996042477]]]}},{"type":"Feature","properties":{"Id":0,"CLN":"14565","PSGC":"174001042","Barangay":"Pawa","Land_Class":"AGRICULTURAL","PIN":"030-01-039-04-002","ALN":"002","Section":"04","Brgy_Code":"039","Owner":"MANDIA, LAURO","TaxDecNo":"21361"},"geometry":{"type":"Polygon","coordinates":[[[121.87403260409788,13.457122267108867],[121.87377908019953,13.457121131910602],[121.87370597516241,13.457174996042477],[121.87376341651971,13.457354940960094],[121.8740491687332,13.457319142074494],[121.87403260409788,13.457122267108867]]]}},{"type":"Feature","properties":{"Id":0,"CLN":"14566","PSGC":"174001042","Barangay":"Pawa","Land_Class":"AGRICULTURAL","PIN":"030-01-039-04-001","ALN":"001","Section":"04","Brgy_Code":"039","Owner":"MAPACPAC, BENJAMIN & MAPACPAC, LUCIO","TaxDecNo":"21360"},"geometry":{"type":"Polygon","coordinates":[[[121.87376341651971,13.457354940960094],[121.87370597516241,13.457174996042477],[121.87295455928911,13.457083211989271],[121.87303225177152,13.457294621817812],[121.87376341651971,13.457354940960094]]]}},{"type":"Feature","properties":{"Id":0,"CLN":"14578","PSGC":"174001042","Barangay":"Pawa","Land_Class":"AGRICULTURAL","PIN":"030-01-039-01-044","ALN":"044","Section":"01","Brgy_Code":"039","Owner":"TAN, LINDA JINANG","TaxDecNo":"21147"},"geometry":{"type":"Polygon","coordinates":[[[121.87746128883062,13.453221976825766],[121.87771419759099,13.452672368996769],[121.8777018632408,13.452619991659327],[121.87763106555026,13.452558799388322],[121.87762244366014,13.452502232818963],[121.87771165959259,13.452424361154629],[121.87770833069733,13.452185188935074],[121.87767729347632,13.452172005527467],[121.87763290831029,13.45216311088272],[121.87753500983943,13.452197460630897],[121.87745968873337,13.452153641401813],[121.87720557115209,13.452343833262507],[121.8772316796169,13.452461354294053],[121.87690191618437,13.452677298068943],[121.87656985819693,13.452432309815903],[121.87648145276432,13.452336252102333],[121.87618596373346,13.453078377681784],[121.87635927442669,13.453432626137182],[121.87662219132288,13.45333548209177],[121.87664424259516,13.453423518818393],[121.87693630653631,13.4534101665277],[121.87700068493221,13.454055334510839],[121.87703576397946,13.454561136095895],[121.87727562445689,13.454503581316878],[121.8773492670868,13.454456729300203],[121.8774339119145,13.454277113920858],[121.87754060866692,13.453874539645938],[121.87739965133001,13.453595439431615],[121.87741829148727,13.453378335152344],[121.87737862390078,13.453287561638348],[121.87746128883062,13.453221976825766]]]}},{"type":"Feature","properties":{"Id":0,"CLN":"14967","PSGC":"174001042","Barangay":"Pawa","Land_Class":"AGRICULTURAL","PIN":"030-01-039-03-001","ALN":"001","Section":"03","Brgy_Code":"039","Owner":"NATAGOK, NELIA","TaxDecNo":"21271"},"geometry":{"type":"Polygon","coordinates":[[[121.87640606289139,13.452209313791709],[121.87648145276432,13.452336252102333],[121.87656985819693,13.452432309815903],[121.87681521278112,13.452215989632098],[121.87662487155599,13.45206729707268],[121.87640606289139,13.452209313791709]]]}},{"type":"Feature","properties":{"Id":0,"CLN":"14778","PSGC":"174001042","Barangay":"Pawa","Land_Class":"AGRICULTURAL","PIN":"030-01-039-03-003","ALN":"003","Section":"03","Brgy_Code":"039","Owner":"MAYANGITAN, ELIGIO","TaxDecNo":"21273"},"geometry":{"type":"Polygon","coordinates":[[[121.87720557115209,13.452343833262507],[121.87745968873337,13.452153641401813],[121.87740666149611,13.452092528371274],[121.87713069576817,13.452204352994677],[121.87720557115209,13.452343833262507]]]}},{"type":"Feature","properties":{"Id":0,"CLN":"14777","PSGC":"174001042","Barangay":"Pawa","Land_Class":"RESIDENTIAL","PIN":"030-01-039-03-002","ALN":"002","Section":"03","Brgy_Code":"039","Owner":"SCHOOL SITE","TaxDecNo":"21272"},"geometry":{"type":"Polygon","coordinates":[[[121.87662487155599,13.45206729707268],[121.87681521278112,13.452215989632098],[121.87656985819693,13.452432309815903],[121.87690191618437,13.452677298068943],[121.8772316796169,13.452461354294053],[121.87720557115209,13.452343833262507],[121.87713069576817,13.452204352994677],[121.87740666149611,13.452092528371274],[121.8771287044871,13.451678197974237],[121.87684785079163,13.451885663425811],[121.87662487155599,13.45206729707268]]]}},{"type":"Feature","properties":{"Id":0,"CLN":"14803","PSGC":"174001042","Barangay":"Pawa","Land_Class":"AGRICULTURAL","PIN":"030-01-039-03-047","ALN":"047","Section":"03","Brgy_Code":"039","Owner":"MARTIZANA, ROEL N. & MARTIZANA, GIRLIE G.","TaxDecNo":"21314"},"geometry":{"type":"Polygon","coordinates":[[[121.87665273870257,13.450854241714094],[121.87652859077606,13.450801507607684],[121.87649258428873,13.450901358062215],[121.87646128380955,13.45094470143449],[121.87642562185476,13.4509706320665],[121.87636096587055,13.451037338707177],[121.87642483054886,13.451077178485859],[121.87658017856324,13.451171344709572],[121.87670544125501,13.450984926463946],[121.87665273870257,13.450854241714094]]]}},{"type":"Feature","properties":{"Id":0,"CLN":"14789","PSGC":"174001042","Barangay":"Pawa","Land_Class":"AGRICULTURAL","PIN":"030-01-039-03-026","ALN":"026","Section":"03","Brgy_Code":"039","Owner":"MACARANG, NORMAN M.","TaxDecNo":"21294"},"geometry":{"type":"Polygon","coordinates":[[[121.87670544125501,13.450984926463946],[121.87658017856324,13.451171344709572],[121.87648177366202,13.45131439967023],[121.87661030358056,13.451380198326717],[121.87671223905848,13.45143283324137],[121.8766890940735,13.45163275237916],[121.87684785079163,13.451885663425811],[121.8771287044871,13.451678197974237],[121.87711582249945,13.451582477544076],[121.87704488343864,13.451551722711937],[121.87695343353435,13.451155617835544],[121.87670544125501,13.450984926463946]]]}},{"type":"Feature","properties":{"Id":0,"CLN":"14968","PSGC":"174001042","Barangay":"Pawa","Land_Class":"AGRICULTURAL","PIN":"030-01-039-03-004","ALN":"004","Section":"03","Brgy_Code":"039","Owner":"MAYANGITAN, ESTER","TaxDecNo":"21274"},"geometry":{"type":"Polygon","coordinates":[[[121.87777712379176,13.452676855505505],[121.87805234084718,13.452725914552934],[121.87822592520901,13.45265711558941],[121.87823600449143,13.452400609864611],[121.87776073035586,13.452381096901044],[121.87772924764148,13.452463574458083],[121.87768013635609,13.452515535154195],[121.87777712379176,13.452676855505505]]]}},{"type":"Feature","properties":{"Id":0,"CLN":"14991","PSGC":"174001042","Barangay":"Pawa","Land_Class":null,"PIN":"030-01-039-03-005","ALN":"005","Section":"03","Brgy_Code":"039"},"geometry":{"type":"Polygon","coordinates":[[[121.87823600449143,13.452400609864611],[121.87822592520901,13.45265711558941],[121.87836833050366,13.452605570753494],[121.87912774813682,13.452665483633544],[121.87923012964777,13.452622456600855],[121.8793366706252,13.452640324502974],[121.87934000530699,13.452589114456009],[121.87923031164267,13.452583322552055],[121.87902595312902,13.452582412029244],[121.87875964132957,13.452529045417963],[121.8785019517668,13.452532245089294],[121.87840449843921,13.452470934191057],[121.87832610686229,13.452352511161283],[121.87823600449143,13.452400609864611]]]}},{"type":"Feature","properties":{"Id":0,"CLN":"14969","PSGC":"174001042","Barangay":"Pawa","Land_Class":"AGRICULTURAL","PIN":"030-01-039-03-006","ALN":"006","Section":"03","Brgy_Code":"039","Owner":"JINANG, ANDREA","TaxDecNo":"21275"},"geometry":{"type":"Polygon","coordinates":[[[121.87776073035586,13.452381096901044],[121.87823600449143,13.452400609864611],[121.87832610686229,13.452352511161283],[121.87824125662522,13.452226700623518],[121.8777791485545,13.45224203295343],[121.87776073035586,13.452381096901044]]]}},{"type":"Feature","properties":{"Id":0,"CLN":"14972","PSGC":"174001042","Barangay":"Pawa","Land_Class":"AGRICULTURAL","PIN":"030-01-039-03-007","ALN":"007","Section":"03","Brgy_Code":"039","Owner":"LAZO, ZENAIDA","TaxDecNo":"21276"},"geometry":{"type":"Polygon","coordinates":[[[121.8777791485545,13.45224203295343],[121.87824125662522,13.452226700623518],[121.87824616468491,13.45212671122733],[121.8777530600806,13.452120163732008],[121.8777791485545,13.45224203295343]]]}},{"type":"Feature","properties":{"Id":0,"CLN":"14970 RW","PSGC":"174001042","Barangay":"Pawa","Land_Class":null,"PIN":"030-01-039-03-","ALN":null,"Section":"03","Brgy_Code":"039"},"geometry":{"type":"Polygon","coordinates":[[[121.87829012487876,13.452226918519088],[121.87824125662522,13.452226700623518],[121.87832610686226,13.452352511161271],[121.87836070005551,13.452335941102492],[121.87829012487876,13.452226918519088]]]}},{"type":"Feature","properties":{"Id":0,"CLN":"14770 RW","PSGC":"174001042","Barangay":"Pawa","Land_Class":null,"PIN":"030-01-039-03-","ALN":null,"Section":"03","Brgy_Code":"039"},"geometry":{"type":"Polygon","coordinates":[[[121.87830454311693,13.452127939372733],[121.87834917342296,13.451948889523738],[121.87827809240774,13.451948572604694],[121.87824616468491,13.45212671122733],[121.87830454311693,13.452127939372733]]]}},{"type":"Feature","properties":{"Id":0,"CLN":"14973 pt","PSGC":"174001042","Barangay":"Pawa","Land_Class":"AGRICULTURAL","PIN":"030-01-039-03-082","ALN":"082","Section":"03","Brgy_Code":"039","Owner":"MAYANGITAN, GODOFREDO","TaxDecNo":"21348"},"geometry":{"type":"Polygon","coordinates":[[[121.87801875673098,13.452005146295683],[121.87826182601079,13.452039329934646],[121.87827809240774,13.451948572604694],[121.87801630505956,13.451877832175192],[121.87795402822233,13.45189494769522],[121.87773048128905,13.452013311812966],[121.87766899556571,13.452045867350462],[121.87756647232517,13.45211933132425],[121.87766879307586,13.452089349605393],[121.87801875673098,13.452005146295683]]]}},{"type":"Feature","properties":{"Id":0,"CLN":"14779","PSGC":"174001042","Barangay":"Pawa","Land_Class":"AGRICULTURAL","PIN":"030-01-039-03-020","ALN":"020","Section":"03","Brgy_Code":"039","Owner":"PANTALEON, DIOCELYN J.","TaxDecNo":"21286"},"geometry":{"type":"Polygon","coordinates":[[[121.87756647232517,13.45211933132425],[121.87766899556571,13.452045867350462],[121.87763011774764,13.452004729175176],[121.87749373077453,13.452077073746146],[121.87750724964997,13.452097118828247],[121.87753093095617,13.452127201633543],[121.87756647232517,13.45211933132425]]]}},{"type":"Feature","properties":{"Id":0,"CLN":"14780","PSGC":"174001042","Barangay":"Pawa","Land_Class":"RESIDENTIAL","PIN":"030-01-039-03-021","ALN":"021","Section":"03","Brgy_Code":"039","Owner":"MAYANGITAN, PROCESA","TaxDecNo":"21287"},"geometry":{"type":"Polygon","coordinates":[[[121.87763011774764,13.452004729175176],[121.87759294483048,13.451964269411281],[121.87744287211693,13.452036877291258],[121.87749373077453,13.452077073746146],[121.87763011774764,13.452004729175176]]]}},{"type":"Feature","properties":{"Id":0,"CLN":"14783","PSGC":"174001042","Barangay":"Pawa","Land_Class":"AGRICULTURAL","PIN":"030-01-039-03-018","ALN":"018","Section":"03","Brgy_Code":"039","Owner":"MAYANGITAN, GODOFREDO","TaxDecNo":"21284"},"geometry":{"type":"Polygon","coordinates":[[[121.87759294483048,13.451964269411281],[121.87763011774764,13.452004729175176],[121.87766899556571,13.452045867350462],[121.87773048128905,13.452013311812966],[121.87767815909363,13.451934672427859],[121.87759294483048,13.451964269411281]]]}},{"type":"Feature","properties":{"Id":0,"CLN":"14782","PSGC":"174001042","Barangay":"Pawa","Land_Class":"AGRICULTURAL","PIN":"030-01-039-03-019","ALN":"019","Section":"03","Brgy_Code":"039","Owner":"MAYANGITAN, CLEMENTE","TaxDecNo":"21285"},"geometry":{"type":"Polygon","coordinates":[[[121.87767815909363,13.451934672427859],[121.87762063405859,13.451864469122985],[121.87754222578684,13.45189409645418],[121.87759294483048,13.451964269411281],[121.87767815909363,13.451934672427859]]]}},{"type":"Feature","properties":{"Id":0,"CLN":"14781","PSGC":"174001042","Barangay":"Pawa","Land_Class":"AGRICULTURAL","PIN":"030-01-039-03-022","ALN":"022","Section":"03","Brgy_Code":"039","Owner":"MAYANGITAN, ESTER","TaxDecNo":"21289"},"geometry":{"type":"Polygon","coordinates":[[[121.87744287211693,13.452036877291258],[121.87759294483048,13.451964269411281],[121.87754222578684,13.45189409645418],[121.87742615194372,13.45197351760242],[121.87744287211693,13.452036877291258]]]}},{"type":"Feature","properties":{"Id":0,"CLN":"14784 pt","PSGC":"174001042","Barangay":"Pawa","Land_Class":"AGRICULTURAL","PIN":"030-01-039-03-086","ALN":"086","Section":"03","Brgy_Code":"039","Owner":"MIRANDA, SEVERINO & MACARANG, NILDA","TaxDecNo":"21350"},"geometry":{"type":"Polygon","coordinates":[[[121.87773076533881,13.451808362010889],[121.87782329919419,13.451964166425864],[121.87795402822233,13.45189494769522],[121.8779135234201,13.451815813702073],[121.8779783196907,13.451786125542633],[121.87794469301197,13.451699374916522],[121.87773076533881,13.451808362010889]]]}},{"type":"Feature","properties":{"Id":0,"CLN":"14786","PSGC":"174001042","Barangay":"Pawa","Land_Class":"AGRICULTURAL","PIN":"030-01-039-03-023","ALN":"023","Section":"03","Brgy_Code":"039","Owner":"MAGDURULANG, JUANA","TaxDecNo":"21290"},"geometry":{"type":"Polygon","coordinates":[[[121.87742615194372,13.45197351760242],[121.87754222578684,13.45189409645418],[121.87762063405859,13.451864469122985],[121.87794469301191,13.45169937491654],[121.87791759319884,13.451672607696224],[121.87777853615758,13.451572063628854],[121.8773180941976,13.451793172554632],[121.87736217784415,13.451826677210548],[121.87742615194372,13.45197351760242]]]}},{"type":"Feature","properties":{"Id":0,"CLN":"14787","PSGC":"174001042","Barangay":"Pawa","Land_Class":"AGRICULTURAL","PIN":"030-01-039-03-024","ALN":"024","Section":"03","Brgy_Code":"039","Owner":"GO, MELCHAN J.","TaxDecNo":"29709"},"geometry":{"type":"Polygon","coordinates":[[[121.87744706067262,13.451137581622897],[121.87711981288312,13.45142390455552],[121.87739034808033,13.45162362448985],[121.87719943974604,13.451696050019407],[121.8773180941976,13.451793172554632],[121.87777853615758,13.451572063628854],[121.87773123561952,13.45149857516403],[121.87744706067262,13.451137581622897]]]}},{"type":"Feature","properties":{"Id":0,"CLN":"14788","PSGC":"174001042","Barangay":"Pawa","Land_Class":"AGRICULTURAL","PIN":"030-01-039-03-025","ALN":"025","Section":"03","Brgy_Code":"039","Owner":"MACARANG, NORMAN M.","TaxDecNo":"21293"},"geometry":{"type":"Polygon","coordinates":[[[121.87719943974604,13.451696050019407],[121.87739034808033,13.45162362448985],[121.87709529735395,13.451405806178984],[121.87710853684355,13.451485804316212],[121.87721673395407,13.45163617291542],[121.8771825489689,13.451669328287768],[121.87719943974604,13.451696050019407]]]}},{"type":"Feature","properties":{"Id":0,"CLN":"14974","PSGC":"174001042","Barangay":"Pawa","Land_Class":"AGRICULTURAL","PIN":"030-01-039-03-029","ALN":"029","Section":"03","Brgy_Code":"039","Owner":"MALAPAD, PERPITO L","TaxDecNo":"21298"},"geometry":{"type":"Polygon","coordinates":[[[121.87773123561952,13.45149857516403],[121.87777853615758,13.451572063628854],[121.87791759319884,13.451672607696224],[121.87809210659849,13.451466876710292],[121.87826979015215,13.45131112163476],[121.87798561454672,13.45095012865087],[121.87783633344547,13.450852869838496],[121.8776956019244,13.451112044076645],[121.87793951520369,13.451349618407779],[121.87773123561952,13.45149857516403]]]}},{"type":"Feature","properties":{"Id":0,"CLN":"14785","PSGC":"174001042","Barangay":"Pawa","Land_Class":"AGRICULTURAL","PIN":"030-01-039-03-016","ALN":"016","Section":"03","Brgy_Code":"039","Owner":"MALCO, REMEDIOS","TaxDecNo":"21283"},"geometry":{"type":"Polygon","coordinates":[[[121.87801630505956,13.451877832175192],[121.87797831969067,13.451786125542606],[121.8779135234201,13.45181581370205],[121.87795402822233,13.45189494769522],[121.87801630505956,13.451877832175192]]]}},{"type":"Feature","properties":{"Id":0,"CLN":"14763","PSGC":"174001042","Barangay":"Pawa","Land_Class":"AGRICULTURAL","PIN":"030-01-039-03-030","ALN":"030","Section":"03","Brgy_Code":"039","Owner":"LITRERO, ROMULO","TaxDecNo":"21299"},"geometry":{"type":"Polygon","coordinates":[[[121.87832047830922,13.451387955906858],[121.87826979015215,13.45131112163476],[121.87809210659849,13.451466876710292],[121.87816336764514,13.451510494804927],[121.87832047830922,13.451387955906858]]]}},{"type":"Feature","properties":{"Id":0,"CLN":"14975","PSGC":"174001042","Barangay":"Pawa","Land_Class":"AGRICULTURAL","PIN":"030-01-039-03-031","ALN":"031","Section":"03","Brgy_Code":"039","Owner":"LOZANTA, JOSE","TaxDecNo":"21300"},"geometry":{"type":"Polygon","coordinates":[[[121.87832047830922,13.451387955906858],[121.87855989567677,13.451129221181432],[121.87836325156383,13.450971797232144],[121.87825135646871,13.450884697704176],[121.87811205165245,13.450837445450567],[121.87807508407218,13.450737356765737],[121.87798561454672,13.45095012865087],[121.87826979015215,13.45131112163476],[121.87832047830922,13.451387955906858]]]}},{"type":"Feature","properties":{"Id":0,"CLN":"14946 RW","PSGC":"174001042","Barangay":"Pawa","Land_Class":null,"PIN":"030-01-039-03-","ALN":null,"Section":"03","Brgy_Code":"039"},"geometry":{"type":"Polygon","coordinates":[[[121.87839576549702,13.452317695958437],[121.87843420441801,13.452292860997268],[121.87839308109037,13.452208281287689],[121.87839976500402,13.452134855444406],[121.87841327515038,13.45198644011753],[121.87838460601047,13.451970683345996],[121.87835795210245,13.4522081246688],[121.87839576549702,13.452317695958437]]]}},{"type":"Feature","properties":{"Id":0,"CLN":"14772","PSGC":"174001042","Barangay":"Pawa","Land_Class":"AGRICULTURAL","PIN":"030-01-039-03-011","ALN":"011","Section":"03","Brgy_Code":"039","Owner":"JINANG, ANDREA","TaxDecNo":"21279"},"geometry":{"type":"Polygon","coordinates":[[[121.87839308109037,13.452208281287689],[121.87843420441801,13.452292860997268],[121.87849229914971,13.452161836740167],[121.87839308109037,13.452208281287689]]]}},{"type":"Feature","properties":{"Id":0,"CLN":"14771","PSGC":"174001042","Barangay":"Pawa","Land_Class":"AGRICULTURAL","PIN":"030-01-039-03-010","ALN":"010","Section":"03","Brgy_Code":"039","Owner":"MAYANGITAN, PROCESA","TaxDecNo":"21278"},"geometry":{"type":"Polygon","coordinates":[[[121.87849229914971,13.452161836740167],[121.87848916142175,13.452121115677041],[121.87839976500402,13.452134855444406],[121.87839308109037,13.452208281287689],[121.87849229914971,13.452161836740167]]]}},{"type":"Feature","properties":{"Id":0,"CLN":"14769","PSGC":"174001042","Barangay":"Pawa","Land_Class":"AGRICULTURAL","PIN":"030-01-039-03-009","ALN":"009","Section":"03","Brgy_Code":"039","Owner":"MAYANGITAN, GODOFREDO","TaxDecNo":"21277"},"geometry":{"type":"Polygon","coordinates":[[[121.87848916142175,13.452121115677041],[121.87848025224946,13.452005493454227],[121.87841327515038,13.45198644011753],[121.87839976500402,13.452134855444406],[121.87848916142175,13.452121115677041]]]}},{"type":"Feature","properties":{"Id":0,"CLN":"14768","PSGC":"174001042","Barangay":"Pawa","Land_Class":"AGRICULTURAL","PIN":"030-01-039-03-013","ALN":"013","Section":"03","Brgy_Code":"039","Owner":"NATAGOC, ROSARIO","TaxDecNo":"21280"},"geometry":{"type":"Polygon","coordinates":[[[121.87841327515038,13.45198644011753],[121.87848025224946,13.452005493454227],[121.8786333531946,13.45204681121213],[121.87872720200846,13.451781537196586],[121.8785063387493,13.451889955451827],[121.87841327515038,13.45198644011753]]]}},{"type":"Feature","properties":{"Id":0,"CLN":"14767 RW","PSGC":"174001042","Barangay":"Pawa","Land_Class":null,"PIN":"030-01-039-03-","ALN":null,"Section":"03","Brgy_Code":"039"},"geometry":{"type":"Polygon","coordinates":[[[121.87838460601047,13.451970683345996],[121.87841327515038,13.45198644011753],[121.8785063387493,13.451889955451827],[121.87872720200846,13.451781537196586],[121.8787210039765,13.451740874277522],[121.87847136980557,13.451855415857265],[121.87840730990983,13.4518957655671],[121.87838460601047,13.451970683345996]]]}},{"type":"Feature","properties":{"Id":0,"CLN":"14766 RW","PSGC":"174001042","Barangay":"Pawa","Land_Class":null,"PIN":"030-01-039-03-","ALN":null,"Section":"03","Brgy_Code":"039"},"geometry":{"type":"Polygon","coordinates":[[[121.87827809240774,13.451948572604694],[121.87834917342296,13.451948889523738],[121.87836595390112,13.45186119748419],[121.87843653178365,13.451792744717203],[121.87870849158061,13.451684554256104],[121.87874047058365,13.451675319405666],[121.87872144023463,13.451647102463198],[121.87839520487931,13.45175192518636],[121.87830044911098,13.451831320607546],[121.87827809240774,13.451948572604694]]]}},{"type":"Feature","properties":{"Id":0,"CLN":"14765","PSGC":"174001042","Barangay":"Pawa","Land_Class":"AGRICULTURAL","PIN":"030-01-039-03-014","ALN":"014","Section":"03","Brgy_Code":"039","Owner":"MALCO, REMEDIOS","TaxDecNo":"21281"},"geometry":{"type":"Polygon","coordinates":[[[121.87830044911098,13.451831320607546],[121.87839520487931,13.45175192518636],[121.87831863269646,13.451735954844622],[121.87830044911098,13.451831320607546]]]}},{"type":"Feature","properties":{"Id":0,"CLN":"14744 RW","PSGC":"174001042","Barangay":"Pawa","Land_Class":null,"PIN":"030-01-039-03-","ALN":null,"Section":"03","Brgy_Code":"039"},"geometry":{"type":"Polygon","coordinates":[[[121.87872144023463,13.451647102463198],[121.87874047058365,13.451675319405666],[121.8790663713596,13.451642387947519],[121.87933847609162,13.451502939490199],[121.879450947401,13.451353402401173],[121.8795065331759,13.45114253794364],[121.87947599163604,13.45112440039529],[121.87942560258101,13.451309528419678],[121.87932262468259,13.451477862541303],[121.87906018780885,13.451598599304631],[121.87872144023463,13.451647102463198]]]}},{"type":"Feature","properties":{"Id":0,"CLN":"14745","PSGC":"174001042","Barangay":"Pawa","Land_Class":null,"PIN":"030-01-039-03-034","ALN":"034","Section":"03","Brgy_Code":"039"},"geometry":{"type":"Polygon","coordinates":[[[121.87872144023463,13.451647102463198],[121.87906018780885,13.451598599304631],[121.87932262468259,13.451477862541303],[121.87942560258101,13.451309528419678],[121.87947599163604,13.45112440039529],[121.87943943755671,13.451081407167921],[121.87953692901208,13.450719249379103],[121.87951801487498,13.450666026667431],[121.87940346939573,13.450574868533776],[121.87925373712248,13.450496056792014],[121.87913527154691,13.450561170718833],[121.87904126384989,13.45086082798874],[121.87894117413673,13.451094816460836],[121.87872144023463,13.451647102463198]]]}},{"type":"Feature","properties":{"Id":0,"CLN":"14960","PSGC":"174001042","Barangay":"Pawa","Land_Class":"AGRICULTURAL","PIN":"030-01-039-03-035","ALN":"035","Section":"03","Brgy_Code":"039","Owner":"NATAGOK, EUFRONIO","TaxDecNo":"21303"},"geometry":{"type":"Polygon","coordinates":[[[121.87947599163604,13.45112440039529],[121.8795912334826,13.450716365415452],[121.87953692901208,13.450719249379103],[121.87943943755671,13.451081407167921],[121.87947599163604,13.45112440039529]]]}},{"type":"Feature","properties":{"Id":0,"CLN":"14945 RW","PSGC":"174001042","Barangay":"Pawa","Land_Class":null,"PIN":"030-01-039-03-","ALN":null,"Section":"03","Brgy_Code":"039"},"geometry":{"type":"Polygon","coordinates":[[[121.8787210039765,13.451740874277522],[121.87872720200846,13.451781537196586],[121.87907232231356,13.451736188230539],[121.87942435278335,13.45157834102431],[121.87953704204716,13.451381917975004],[121.87959218941887,13.451197741788848],[121.8795665208845,13.451179965560671],[121.87950517935757,13.451366147107851],[121.87938610300353,13.451562541692551],[121.87906610968575,13.451698651042873],[121.8787210039765,13.451740874277522]]]}},{"type":"Feature","properties":{"Id":0,"CLN":"14746","PSGC":"174001042","Barangay":"Pawa","Land_Class":"AGRICULTURAL","PIN":"030-01-039-03-033","ALN":"033","Section":"03","Brgy_Code":"039","Owner":"LAZARTE, EDGARDO L.","TaxDecNo":"21302"},"geometry":{"type":"Polygon","coordinates":[[[121.87876580625232,13.451034644943919],[121.87894117413673,13.451094816460836],[121.87904126384989,13.45086082798874],[121.87913527154691,13.450561170718833],[121.87886038138967,13.450613084438874],[121.87885379079576,13.450656816163923],[121.87891111431264,13.450691455308183],[121.87876580625232,13.451034644943919]]]}},{"type":"Feature","properties":{"Id":0,"CLN":"14747","PSGC":"174001042","Barangay":"Pawa","Land_Class":"AGRICULTURAL","PIN":"030-01-039-03-032","ALN":"032","Section":"03","Brgy_Code":"039","Owner":"MAAC, GERARDO","TaxDecNo":"21301"},"geometry":{"type":"Polygon","coordinates":[[[121.87836325156383,13.450971797232144],[121.87855989567677,13.451129221181432],[121.87876580625232,13.451034644943919],[121.87891111431264,13.450691455308183],[121.87885379079576,13.450656816163923],[121.87886038138967,13.450613084438874],[121.87859259076205,13.450511865680008],[121.87845515296165,13.4505362594164],[121.87836325156383,13.450971797232144]]]}},{"type":"Feature","properties":{"Id":0,"CLN":"14762","PSGC":"174001042","Barangay":"Pawa","Land_Class":"AGRICULTURAL","PIN":"030-01-039-03-042","ALN":"042","Section":"03","Brgy_Code":"039","Owner":"LAZO, ROSARIO","TaxDecNo":"21309"},"geometry":{"type":"Polygon","coordinates":[[[121.87825135646871,13.450884697704176],[121.87836325156383,13.450971797232144],[121.87845515296165,13.4505362594164],[121.87833716718653,13.450498223957045],[121.87825135646871,13.450884697704176]]]}},{"type":"Feature","properties":{"Id":0,"CLN":"14761","PSGC":"174001042","Barangay":"Pawa","Land_Class":"AGRICULTURAL","PIN":"030-01-039-03-043","ALN":"043","Section":"03","Brgy_Code":"039","Owner":"LAZO, LEONILA","TaxDecNo":"21310"},"geometry":{"type":"Polygon","coordinates":[[[121.87807508407218,13.450737356765737],[121.87811205165245,13.450837445450567],[121.87825135646871,13.450884697704176],[121.87833716718653,13.450498223957045],[121.87824857773938,13.450319658874667],[121.87822661586773,13.450235164581608],[121.87807508407218,13.450737356765737]]]}},{"type":"Feature","properties":{"Id":0,"CLN":"14791","PSGC":"174001042","Barangay":"Pawa","Land_Class":"AGRICULTURAL","PIN":"030-01-039-03-028","ALN":"028","Section":"03","Brgy_Code":"039","Owner":"HRS. OF MALAPAD, MARIA","TaxDecNo":"21296"},"geometry":{"type":"Polygon","coordinates":[[[121.87798561454672,13.45095012865087],[121.87763768414904,13.450516985211731],[121.87746523401283,13.450516215885433],[121.87729193565802,13.450833787198869],[121.87727753252786,13.45100359341723],[121.87733153018455,13.451100427394213],[121.87744706067262,13.451137581622897],[121.87773123561952,13.45149857516403],[121.87793951520369,13.451349618407779],[121.8776956019244,13.451112044076645],[121.87783633344547,13.450852869838496],[121.87798561454672,13.45095012865087]]]}},{"type":"Feature","properties":{"Id":0,"CLN":"14748 RW pt","PSGC":"174001042","Barangay":"Pawa","Land_Class":"AGRICULTURAL","PIN":"030-01-039-03-095","ALN":"095","Section":"03","Brgy_Code":"039","Owner":"LALO, JAVIER J.","TaxDecNo":"21359"},"geometry":{"type":"Polygon","coordinates":[[[121.87919542936991,13.450284786246314],[121.87919542936991,13.450284786246309],[121.87922879650802,13.450250974192757],[121.87892077237919,13.449988195037257],[121.87888229027541,13.45002240729311],[121.87919542936991,13.450284786246314]]]}},{"type":"Feature","properties":{"Id":0,"CLN":"14749","PSGC":"174001042","Barangay":"Pawa","Land_Class":"AGRICULTURAL","PIN":"030-01-039-03-064","ALN":"064","Section":"03","Brgy_Code":"039","Owner":"LEDESMA, SANTIAGO","TaxDecNo":"21331"},"geometry":{"type":"Polygon","coordinates":[[[121.87869117369817,13.449915278721118],[121.87860838953036,13.449861771316362],[121.87845125291645,13.450001731593863],[121.87874717389953,13.4502343590973],[121.87887824582262,13.450028751675925],[121.87869117369817,13.449915278721118]]]}},{"type":"Feature","properties":{"Id":0,"CLN":"14756","PSGC":"174001042","Barangay":"Pawa","Land_Class":null,"PIN":"030-01-039-03-070","ALN":"070","Section":"03","Brgy_Code":"039"},"geometry":{"type":"Polygon","coordinates":[[[121.87869117369817,13.449915278721118],[121.87887824582262,13.450028751675925],[121.87888229027541,13.45002240729311],[121.87874880235233,13.449884277608914],[121.87869117369817,13.449915278721118]]]}},{"type":"Feature","properties":{"Id":0,"CLN":"14758","PSGC":"174001042","Barangay":"Pawa","Land_Class":"AGRICULTURAL","PIN":"030-01-039-03-063","ALN":"063","Section":"03","Brgy_Code":"039","Owner":"STO. DOMINGO, CARINA","TaxDecNo":"21330"},"geometry":{"type":"Polygon","coordinates":[[[121.87842419834872,13.449639019113633],[121.8781688927711,13.449994093336791],[121.87824306349077,13.450132086779655],[121.87845125291645,13.450001731593863],[121.87860838953036,13.449861771316362],[121.87842419834872,13.449639019113633]]]}},{"type":"Feature","properties":{"Id":0,"CLN":"14757","PSGC":"174001042","Barangay":"Pawa","Land_Class":"AGRICULTURAL","PIN":"030-01-039-03-071","ALN":"071","Section":"03","Brgy_Code":"039","Owner":"GARCIA, CARINA STO. DOMINGO","TaxDecNo":"21337"},"geometry":{"type":"Polygon","coordinates":[[[121.87842419834872,13.449639019113633],[121.87860838953036,13.449861771316362],[121.87869117369817,13.449915278721118],[121.87874880235233,13.449884277608914],[121.87840219282567,13.449563902013521],[121.8783732330804,13.449610659806208],[121.87842419834872,13.449639019113633]]]}},{"type":"Feature","properties":{"Id":0,"CLN":"14732","PSGC":"174001042","Barangay":"Pawa","Land_Class":"AGRICULTURAL","PIN":"030-01-039-03-061","ALN":"061","Section":"03","Brgy_Code":"039","Owner":"NATAGOK, EUFRONIO","TaxDecNo":"21328"},"geometry":{"type":"Polygon","coordinates":[[[121.87783264232851,13.449798922770166],[121.87826207114499,13.449478881000385],[121.87809675983713,13.449280998299228],[121.87790775182127,13.449442917483404],[121.8778376838246,13.449401969720562],[121.87774444639466,13.449535962931375],[121.87778559821012,13.44961429125753],[121.87779140315975,13.449739348808876],[121.87783264232851,13.449798922770166]]]}},{"type":"Feature","properties":{"Id":0,"CLN":"14731","PSGC":"174001042","Barangay":"Pawa","Land_Class":"AGRICULTURAL","PIN":"030-01-039-03-074","ALN":"074","Section":"03","Brgy_Code":"039","Owner":"MARION PEDIMENTE LAZARTE AND SALLY PEDIMENTE LAZARTE","TaxDecNo":"32580"},"geometry":{"type":"Polygon","coordinates":[[[121.87774444639466,13.449535962931375],[121.8778376838246,13.449401969720562],[121.87790775182127,13.449442917483404],[121.87809675983713,13.449280998299228],[121.87788352782493,13.449158362411188],[121.87780371934268,13.449151754915968],[121.87768892785792,13.449113733451805],[121.87755385472305,13.449316307408168],[121.87774444639466,13.449535962931375]]]}},{"type":"Feature","properties":{"Id":0,"CLN":"14955","PSGC":"174001042","Barangay":"Pawa","Land_Class":"AGRICULTURAL","PIN":"030-01-039-03-072","ALN":"072","Section":"03","Brgy_Code":"039","Owner":"BARANGAY PAWA","TaxDecNo":"21338"},"geometry":{"type":"Polygon","coordinates":[[[121.87809675983713,13.449280998299228],[121.87826207114499,13.449478881000385],[121.8783732330804,13.449610659806208],[121.87840219282567,13.449563902013521],[121.87809994734472,13.449277924699363],[121.87788085811894,13.449045822002315],[121.87788352782493,13.449158362411188],[121.87809675983713,13.449280998299228]]]}},{"type":"Feature","properties":{"Id":0,"CLN":"14755 RW","PSGC":"174001042","Barangay":"Pawa","Land_Class":null,"PIN":"030-01-039-03-","ALN":null,"Section":"03","Brgy_Code":"039"},"geometry":{"type":"Polygon","coordinates":[[[121.87892077237919,13.449988195037257],[121.87878719721557,13.449868819738855],[121.87874880235233,13.449884277608914],[121.87888229027541,13.45002240729311],[121.87892077237919,13.449988195037257]]]}},{"type":"Feature","properties":{"Id":0,"CLN":"14957 RW","PSGC":"174001042","Barangay":"Pawa","Land_Class":null,"PIN":"030-01-039-03-","ALN":null,"Section":"03","Brgy_Code":"039"},"geometry":{"type":"Polygon","coordinates":[[[121.87878719721557,13.449868819738855],[121.8784310652997,13.449535898580626],[121.87840219282567,13.449563902013521],[121.87874880235233,13.449884277608914],[121.87878719721557,13.449868819738855]]]}},{"type":"Feature","properties":{"Id":0,"CLN":"14953 RW","PSGC":"174001042","Barangay":"Pawa","Land_Class":null,"PIN":"030-01-039-03-","ALN":null,"Section":"03","Brgy_Code":"039"},"geometry":{"type":"Polygon","coordinates":[[[121.8784310652997,13.449535898580626],[121.877906449783,13.449036558748883],[121.87788085811894,13.449045822002315],[121.87809994734472,13.449277924699363],[121.87840219282567,13.449563902013521],[121.8784310652997,13.449535898580626]]]}},{"type":"Feature","properties":{"Id":0,"CLN":"14944","PSGC":"174001042","Barangay":"Pawa","Land_Class":"AGRICULTURAL","PIN":"030-01-039-03-052","ALN":"052","Section":"03","Brgy_Code":"039","Owner":"GO, MELCHAN J.","TaxDecNo":"29710"},"geometry":{"type":"Polygon","coordinates":[[[121.87748233156715,13.450376767804183],[121.87749241232959,13.45032607877459],[121.87748528195198,13.450282736238206],[121.87754725537602,13.450047713135422],[121.87754429474639,13.449997687268398],[121.87738771065571,13.45001886923222],[121.87728522702683,13.450080927784576],[121.8773257381966,13.450296788122412],[121.87748233156715,13.450376767804183]]]}},{"type":"Feature","properties":{"Id":0,"CLN":"14793","PSGC":"174001042","Barangay":"Pawa","Land_Class":"AGRICULTURAL","PIN":"030-01-039-03-060","ALN":"060","Section":"03","Brgy_Code":"039","Owner":"NATAL, ANITA L","TaxDecNo":"21327"},"geometry":{"type":"Polygon","coordinates":[[[121.87754429474639,13.449997687268398],[121.8777113907514,13.449776501441384],[121.87768352233735,13.449588829652447],[121.87747533292341,13.449719184202444],[121.87754429474639,13.449997687268398]]]}},{"type":"Feature","properties":{"Id":0,"CLN":"14795","PSGC":"174001042","Barangay":"Pawa","Land_Class":"AGRICULTURAL","PIN":"030-01-039-03-053","ALN":"053","Section":"03","Brgy_Code":"039","Owner":"LAZO, ROSARIO","TaxDecNo":"21320"},"geometry":{"type":"Polygon","coordinates":[[[121.87738771065571,13.45001886923222],[121.87754429474639,13.449997687268398],[121.87747533292341,13.449719184202444],[121.87735526057236,13.449443578884987],[121.87726534740494,13.449549454608738],[121.87732582024893,13.449593485506535],[121.87738771065571,13.45001886923222]]]}},{"type":"Feature","properties":{"Id":0,"CLN":"14796","PSGC":"174001042","Barangay":"Pawa","Land_Class":"AGRICULTURAL","PIN":"030-01-039-03-054","ALN":"054","Section":"03","Brgy_Code":"039","Owner":"LAZO, FELIZARDO","TaxDecNo":"21321"},"geometry":{"type":"Polygon","coordinates":[[[121.87728522702683,13.450080927784576],[121.87738771065571,13.45001886923222],[121.87732582024893,13.449593485506535],[121.87726534740494,13.449549454608738],[121.87707986185698,13.449604891141046],[121.87713088519145,13.44962074779473],[121.87715881141207,13.449795916707226],[121.87721179074306,13.450077474304614],[121.87728522702683,13.450080927784576]]]}},{"type":"Feature","properties":{"Id":0,"CLN":"14963","PSGC":"174001042","Barangay":"Pawa","Land_Class":"AGRICULTURAL","PIN":"030-01-039-03-051","ALN":"051","Section":"03","Brgy_Code":"039","Owner":"NATAL, MILAGROS L","TaxDecNo":"21318"},"geometry":{"type":"Polygon","coordinates":[[[121.8773257381966,13.450296788122412],[121.87728522702683,13.450080927784576],[121.87721179074306,13.450077474304614],[121.87709678052727,13.45008633843277],[121.87712756536249,13.450333413289766],[121.8773257381966,13.450296788122412]]]}},{"type":"Feature","properties":{"Id":0,"CLN":"14956","PSGC":"174001042","Barangay":"Pawa","Land_Class":"AGRICULTURAL","PIN":"030-01-039-03-050","ALN":"050","Section":"03","Brgy_Code":"039","Owner":"LAZO, ISABELO","TaxDecNo":"21317"},"geometry":{"type":"Polygon","coordinates":[[[121.87693903128992,13.45035757815733],[121.87712756536249,13.450333413289766],[121.87709678052727,13.45008633843277],[121.8770104973786,13.450098456513906],[121.87690498031532,13.450126117666002],[121.87693903128992,13.45035757815733]]]}},{"type":"Feature","properties":{"Id":0,"CLN":"14797","PSGC":"174001042","Barangay":"Pawa","Land_Class":"AGRICULTURAL","PIN":"030-01-039-03-055","ALN":"055","Section":"03","Brgy_Code":"039","Owner":"LAZO, ESTELITA","TaxDecNo":"21322"},"geometry":{"type":"Polygon","coordinates":[[[121.8770104973786,13.450098456513906],[121.87709678052727,13.45008633843277],[121.87721179074306,13.450077474304614],[121.87715881141207,13.449795916707226],[121.8769638616181,13.449826304576947],[121.8770104973786,13.450098456513906]]]}},{"type":"Feature","properties":{"Id":0,"CLN":"14794","PSGC":"174001042","Barangay":"Pawa","Land_Class":"AGRICULTURAL","PIN":"030-01-039-03-059","ALN":"059","Section":"03","Brgy_Code":"039","Owner":"LAZO, SALUD","TaxDecNo":"21326"},"geometry":{"type":"Polygon","coordinates":[[[121.87735526057236,13.449443578884987],[121.87747533292341,13.449719184202444],[121.87768352233735,13.449588829652447],[121.87747099825609,13.449278428294596],[121.87735526057236,13.449443578884987]]]}},{"type":"Feature","properties":{"Id":0,"CLN":"14729","PSGC":"174001042","Barangay":"Pawa","Land_Class":"AGRICULTURAL","PIN":"030-01-039-03-075","ALN":"075","Section":"03","Brgy_Code":"039","Owner":"MAGTURO, RODOLFO L.","TaxDecNo":"21341"},"geometry":{"type":"Polygon","coordinates":[[[121.87724743838832,13.44928055666521],[121.8770431706064,13.449254638815859],[121.87699464189903,13.44938883124495],[121.87711908669496,13.449411267150506],[121.87722788427921,13.44936486577365],[121.87724743838832,13.44928055666521]]]}},{"type":"Feature","properties":{"Id":0,"CLN":"14752 RW","PSGC":"174001042","Barangay":"Pawa","Land_Class":null,"PIN":"030-01-039-03-","ALN":null,"Section":"03","Brgy_Code":"039"},"geometry":{"type":"Polygon","coordinates":[[[121.87934447820274,13.450212013819602],[121.87924267800109,13.450127163981945],[121.87920421044915,13.450158250560492],[121.87929959454387,13.450249323421195],[121.87934447820274,13.450212013819602]]]}},{"type":"Feature","properties":{"Id":0,"CLN":"14754 RW","PSGC":"174001042","Barangay":"Pawa","Land_Class":null,"PIN":"030-01-039-03-","ALN":null,"Section":"03","Brgy_Code":"039"},"geometry":{"type":"Polygon","coordinates":[[[121.87849849254891,13.44945805431218],[121.8784727845152,13.449492323443229],[121.87883858420383,13.44980653286597],[121.87887387276366,13.449772306384807],[121.87849849254891,13.44945805431218]]]}},{"type":"Feature","properties":{"Id":0,"CLN":"14760","PSGC":"174001042","Barangay":"Pawa","Land_Class":"AGRICULTURAL","PIN":"030-01-039-03-044","ALN":"044","Section":"03","Brgy_Code":"039","Owner":"LIMPIADA, RAFAEL & LIMPIADA, ELISA","TaxDecNo":"21311"},"geometry":{"type":"Polygon","coordinates":[[[121.87763768414904,13.450516985211731],[121.87798561454672,13.45095012865087],[121.87807508407218,13.450737356765737],[121.87822661586773,13.450235164581608],[121.87811832721775,13.450172165931589],[121.87812847513526,13.450050305300113],[121.87791485881745,13.449974333757167],[121.8777619921569,13.449883004043436],[121.87774596638238,13.44989543573181],[121.87763768414904,13.450516985211731]]]}},{"type":"Feature","properties":{"Id":0,"CLN":"14792","PSGC":"174001042","Barangay":"Pawa","Land_Class":"AGRICULTURAL","PIN":"030-01-039-03-045","ALN":"045","Section":"03","Brgy_Code":"039","Owner":"DELA SANTA, ANTONIO N.","TaxDecNo":"21312"},"geometry":{"type":"Polygon","coordinates":[[[121.87746523401283,13.450516215885433],[121.87763768414904,13.450516985211731],[121.87774596638238,13.44989543573181],[121.8777619921569,13.449883004043436],[121.8777113907514,13.449776501441384],[121.87754429474639,13.449997687268398],[121.87754725537602,13.450047713135422],[121.87748528195198,13.450282736238206],[121.87749241232959,13.45032607877459],[121.87748233156715,13.450376767804183],[121.87746523401283,13.450516215885433]]]}},{"type":"Feature","properties":{"Id":0,"CLN":"14800","PSGC":"174001042","Barangay":"Pawa","Land_Class":"AGRICULTURAL","PIN":"030-01-039-03-046","ALN":"046","Section":"03","Brgy_Code":"039","Owner":"MAAÑO, LEONCIO & MAAÑO, LETECIA","TaxDecNo":"21313"},"geometry":{"type":"Polygon","coordinates":[[[121.87656397614653,13.45070970953592],[121.87659142211064,13.450783662447407],[121.87671032324411,13.450826937214643],[121.87677324587007,13.450955449819427],[121.87691678639447,13.451008644955543],[121.87707044775718,13.450896083840707],[121.87729193565802,13.450833787198869],[121.87746523401283,13.450516215885433],[121.87656397614653,13.45070970953592]]]}},{"type":"Feature","properties":{"Id":0,"CLN":"14962","PSGC":"174001042","Barangay":"Pawa","Land_Class":"AGRICULTURAL","PIN":"030-01-039-03-048","ALN":"048","Section":"03","Brgy_Code":"039","Owner":"MACARANG, NORMAN M.","TaxDecNo":"21315"},"geometry":{"type":"Polygon","coordinates":[[[121.87656397614653,13.45070970953592],[121.87746523401283,13.450516215885433],[121.87748233156715,13.450376767804183],[121.8773257381966,13.450296788122412],[121.87712756536249,13.450333413289766],[121.87693903128992,13.45035757815733],[121.87677975095299,13.45041146562545],[121.87673961631177,13.450504545865854],[121.87650912048763,13.450554032251336],[121.87645720248076,13.450619859160012],[121.87656397614653,13.45070970953592]]]}},{"type":"Feature","properties":{"Id":0,"CLN":"14798","PSGC":"174001042","Barangay":"Pawa","Land_Class":"AGRICULTURAL","PIN":"030-01-039-03-056","ALN":"056","Section":"03","Brgy_Code":"039","Owner":"LAZO, CONRADO","TaxDecNo":"21323"},"geometry":{"type":"Polygon","coordinates":[[[121.87680491087494,13.450124028078722],[121.87690498031532,13.450126117666002],[121.8770104973786,13.450098456513906],[121.8769638616181,13.449826304576947],[121.87674655594483,13.449867304182604],[121.87680491087494,13.450124028078722]]]}},{"type":"Feature","properties":{"Id":0,"CLN":"14728","PSGC":"174001042","Barangay":"Pawa","Land_Class":"AGRICULTURAL","PIN":"030-01-039-03-058","ALN":"058","Section":"03","Brgy_Code":"039","Owner":"MALAPAD, RODOLFO","TaxDecNo":"21325"},"geometry":{"type":"Polygon","coordinates":[[[121.87726534740494,13.449549454608738],[121.87735526057236,13.449443578884987],[121.87747099825609,13.449278428294596],[121.87724743838832,13.44928055666521],[121.87722788427921,13.44936486577365],[121.87711908669496,13.449411267150506],[121.87699464189903,13.44938883124495],[121.87688756971797,13.449424951394905],[121.8769030151796,13.449518279758395],[121.87670453376654,13.449513507964394],[121.87674655594483,13.449867304182604],[121.8769638616181,13.449826304576947],[121.87715881141207,13.449795916707226],[121.87713088519145,13.44962074779473],[121.87707986185698,13.449604891141046],[121.87726534740494,13.449549454608738]]]}},{"type":"Feature","properties":{"Id":0,"CLN":"14753 RW","PSGC":"174001042","Barangay":"Pawa","Land_Class":null,"PIN":"030-01-039-03-","ALN":null,"Section":"03","Brgy_Code":"039"},"geometry":{"type":"Polygon","coordinates":[[[121.87920421044915,13.450158250560492],[121.87924267800109,13.450127163981945],[121.87887387276366,13.449772306384807],[121.87883858420383,13.44980653286597],[121.87920421044915,13.450158250560492]]]}},{"type":"Feature","properties":{"Id":0,"CLN":"14954 RW","PSGC":"174001042","Barangay":"Pawa","Land_Class":null,"PIN":"030-01-039-03-","ALN":null,"Section":"03","Brgy_Code":"039"},"geometry":{"type":"Polygon","coordinates":[[[121.8784727845152,13.449492323443229],[121.87849849254891,13.44945805431218],[121.87798347208832,13.448955631612622],[121.87795934337792,13.44898733383852],[121.8784727845152,13.449492323443229]]]}},{"type":"Feature","properties":{"Id":0,"CLN":"14730","PSGC":"174001042","Barangay":"Pawa","Land_Class":"AGRICULTURAL","PIN":"030-01-039-03-076","ALN":"076","Section":"03","Brgy_Code":"039","Owner":"BUENAVENTURA, NEMESIA","TaxDecNo":"21342"},"geometry":{"type":"Polygon","coordinates":[[[121.87686405755984,13.449358787690167],[121.87695601898427,13.449219309005953],[121.87704348538014,13.449192498696917],[121.87714652400538,13.449231816609942],[121.87746029768698,13.449202130107377],[121.87755385472305,13.449316307408168],[121.87768892785792,13.449113733451805],[121.87731447591479,13.448972216752033],[121.87719945502639,13.448948388687205],[121.87720835419135,13.44874248047237],[121.87692284162235,13.44867126178899],[121.87677009957109,13.44907470421362],[121.87680128007247,13.449199189293438],[121.87680485174334,13.449284693040463],[121.87686405755984,13.449358787690167]]]}},{"type":"Feature","properties":{"Id":0,"CLN":"14709","PSGC":"174001042","Barangay":"Pawa","Land_Class":"AGRICULTURAL","PIN":"030-01-039-03-077","ALN":"077","Section":"03","Brgy_Code":"039","Owner":"BUENAVENTURA, REMEDIOS","TaxDecNo":"21343"},"geometry":{"type":"Polygon","coordinates":[[[121.87731447591479,13.448972216752033],[121.87735067624895,13.448871347201038],[121.87756889853884,13.448899521365348],[121.87756153753443,13.448775142601301],[121.87743451629696,13.448770690170926],[121.87720835419135,13.44874248047237],[121.87719945502639,13.448948388687205],[121.87731447591479,13.448972216752033]]]}},{"type":"Feature","properties":{"Id":0,"CLN":"14773","PSGC":"174001042","Barangay":"Pawa","Land_Class":"RESIDENTIAL","PIN":"030-01-039-03-012","ALN":"012","Section":"03","Brgy_Code":"039","Owner":"THE ROMAN CATHOLIC CHURCH-DIOCESE OF BOAC","TaxDecNo":"01-32998"},"geometry":{"type":"Polygon","coordinates":[[[121.87931518438464,13.45243173611367],[121.87926870034822,13.452182837111748],[121.8799161596857,13.452111890173054],[121.88021394861332,13.452105444199436],[121.88027479900033,13.45182593653248],[121.88038684442681,13.451636030363256],[121.87959218941887,13.451197741788848],[121.87953704204716,13.451381917975004],[121.87942435278335,13.45157834102431],[121.87907232231356,13.451736188230539],[121.87872720200846,13.451781537196586],[121.8786333531946,13.45204681121213],[121.87848025224946,13.452005493454227],[121.87848916142175,13.452121115677036],[121.87849229914971,13.452161836740167],[121.87843420441801,13.452292860997268],[121.8785253993209,13.4523738152517],[121.87880716369668,13.452398386021493],[121.87906102942644,13.452446147038456],[121.87931518438464,13.45243173611367]]]}},{"type":"Feature","properties":{"Id":0,"CLN":"14741","PSGC":"174001042","Barangay":"Pawa","Land_Class":"AGRICULTURAL","PIN":"030-01-039-03-037","ALN":"037","Section":"03","Brgy_Code":"039","Owner":"LOZANTA, JOSE","TaxDecNo":"21305"},"geometry":{"type":"Polygon","coordinates":[[[121.8801135101304,13.450651703213294],[121.88034961711865,13.451103508326886],[121.88054893032347,13.450929533638364],[121.88046727451666,13.450560018055002],[121.88028853370244,13.450578651736294],[121.8801135101304,13.450651703213294]]]}},{"type":"Feature","properties":{"Id":0,"CLN":"14740","PSGC":"174001042","Barangay":"Pawa","Land_Class":"AGRICULTURAL","PIN":"030-01-039-03-039","ALN":"039","Section":"03","Brgy_Code":"039","Owner":"LAZO, VIRGINIA","TaxDecNo":"21307"},"geometry":{"type":"Polygon","coordinates":[[[121.87943350439612,13.450296806730785],[121.87959889911414,13.450441329761876],[121.87973497120836,13.450710753867165],[121.8801135101304,13.450651703213294],[121.88028853370244,13.450578651736294],[121.88016033949063,13.449971894378596],[121.87988196985833,13.450071686439458],[121.8795162960345,13.450163317778973],[121.87943350439612,13.450296806730785]]]}},{"type":"Feature","properties":{"Id":0,"CLN":"14736","PSGC":"174001042","Barangay":"Pawa","Land_Class":"AGRICULTURAL","PIN":"030-01-039-03-067","ALN":"067","Section":"03","Brgy_Code":"039","Owner":"LAZO, PASTOR","TaxDecNo":"21334"},"geometry":{"type":"Polygon","coordinates":[[[121.88026908187294,13.44963819838684],[121.88018327627945,13.449307522405425],[121.87996072205344,13.449357047438797],[121.88014895299825,13.449859155122601],[121.88026908187294,13.44963819838684]]]}},{"type":"Feature","properties":{"Id":0,"CLN":"14738","PSGC":"174001042","Barangay":"Pawa","Land_Class":"AGRICULTURAL","PIN":"030-01-039-03-066","ALN":"066","Section":"03","Brgy_Code":"039","Owner":"LIMBO, MIGUELA MAMPUSTI","TaxDecNo":"21333"},"geometry":{"type":"Polygon","coordinates":[[[121.8798029128866,13.449997504045369],[121.88014895299825,13.449859155122601],[121.87996072205344,13.449357047438797],[121.87963381016657,13.449650913825467],[121.8798029128866,13.449997504045369]]]}},{"type":"Feature","properties":{"Id":0,"CLN":"14739","PSGC":"174001042","Barangay":"Pawa","Land_Class":"AGRICULTURAL","PIN":"030-01-039-03-065","ALN":"065","Section":"03","Brgy_Code":"039","Owner":"MASCULINO, JOSE & MASCULINO, ANATALIO","TaxDecNo":"21332"},"geometry":{"type":"Polygon","coordinates":[[[121.87963381016657,13.449650913825467],[121.87924267800109,13.450127163981945],[121.87934447820274,13.450212013819602],[121.87952454310822,13.4500972956966],[121.8798029128866,13.449997504045369],[121.87963381016657,13.449650913825467]]]}},{"type":"Feature","properties":{"Id":0,"CLN":"14734","PSGC":"174001042","Barangay":"Pawa","Land_Class":"AGRICULTURAL","PIN":"030-01-039-03-069","ALN":"069","Section":"03","Brgy_Code":"039","Owner":"JINANG, AGUSTIN","TaxDecNo":"21336"},"geometry":{"type":"Polygon","coordinates":[[[121.87887387276366,13.449772306384807],[121.87924267800109,13.450127163981945],[121.87963381016657,13.449650913825467],[121.87922835721234,13.448715865615902],[121.87910843982115,13.448701515262044],[121.87886571363973,13.449294531393445],[121.87905530945713,13.449502619378352],[121.87887387276366,13.449772306384807]]]}},{"type":"Feature","properties":{"Id":0,"CLN":"14733","PSGC":"174001042","Barangay":"Pawa","Land_Class":"AGRICULTURAL","PIN":"030-01-039-03-073","ALN":"073","Section":"03","Brgy_Code":"039","Owner":"JINANG, AGUSTIN","TaxDecNo":"21339"},"geometry":{"type":"Polygon","coordinates":[[[121.87849849254891,13.44945805431218],[121.87888284908155,13.448645245407398],[121.87870646984368,13.448630643306165],[121.87852290435359,13.448643641493275],[121.87798347208832,13.448955631612622],[121.87849849254891,13.44945805431218]]]}},{"type":"Feature","properties":{"Id":0,"CLN":"14979 RW","PSGC":"174001042","Barangay":"Pawa","Land_Class":null,"PIN":"030-01-039-06-","ALN":null,"Section":"06","Brgy_Code":"039"},"geometry":{"type":"Polygon","coordinates":[[[121.87681537216129,13.448018964466906],[121.877228537916,13.447968991393738],[121.87724995483619,13.447917270125519],[121.87681537216129,13.448018964466906]]]}},{"type":"Feature","properties":{"Id":0,"CLN":"14714 RW","PSGC":"174001042","Barangay":"Pawa","Land_Class":null,"PIN":"030-01-039-06-","ALN":null,"Section":"06","Brgy_Code":"039"},"geometry":{"type":"Polygon","coordinates":[[[121.87726535392396,13.44802097247363],[121.87727043065006,13.44806763026342],[121.87785302551411,13.448013230332096],[121.87785853648138,13.447966619757894],[121.87726535392396,13.44802097247363]]]}},{"type":"Feature","properties":{"Id":0,"CLN":"14707 RW","PSGC":"174001042","Barangay":"Pawa","Land_Class":null,"PIN":"030-01-039-06-","ALN":null,"Section":"06","Brgy_Code":"039"},"geometry":{"type":"Polygon","coordinates":[[[121.87808063930034,13.448019426884844],[121.87785853648138,13.447966619757894],[121.87785302551411,13.448013230332096],[121.87805397686374,13.448060761482438],[121.87813802832517,13.4482010416597],[121.87783903815863,13.448861868095454],[121.87788085811894,13.449045822002315],[121.877906449783,13.449036558748883],[121.8778775685282,13.448913350694873],[121.87802328478703,13.44857710704501],[121.87820684914387,13.448201348461103],[121.87808063930034,13.448019426884844]]]}},{"type":"Feature","properties":{"Id":0,"CLN":"14705 RW","PSGC":"174001042","Barangay":"Pawa","Land_Class":null,"PIN":"030-01-039-06-","ALN":null,"Section":"06","Brgy_Code":"039"},"geometry":{"type":"Polygon","coordinates":[[[121.87724995483619,13.447917270125519],[121.877228537916,13.447968991393738],[121.87785885001517,13.4478992592745],[121.87786970311303,13.447842309153991],[121.87724995483619,13.447917270125519]]]}},{"type":"Feature","properties":{"Id":0,"CLN":"14706 RW","PSGC":"174001042","Barangay":"Pawa","Land_Class":null,"PIN":"030-01-039-06-","ALN":null,"Section":"06","Brgy_Code":"039"},"geometry":{"type":"Polygon","coordinates":[[[121.87816563111915,13.447957625584143],[121.87786970311303,13.447842309153991],[121.87785885001517,13.4478992592745],[121.87812842911943,13.447988549839254],[121.87826515447485,13.4481860633188],[121.8780510606585,13.448580662215473],[121.87793203509587,13.44887095401143],[121.87795934337792,13.44898733383852],[121.87798347208832,13.448955631612622],[121.87798548735593,13.448862305264909],[121.8781138769837,13.448572737157033],[121.87832348390792,13.44816559658601],[121.87816563111915,13.447957625584143]]]}},{"type":"Feature","properties":{"Id":0,"CLN":"14704","PSGC":"174001042","Barangay":"Pawa","Land_Class":"AGRICULTURAL","PIN":"030-01-039-06-015","ALN":"015","Section":"06","Brgy_Code":"039","Owner":"BUENAVENTURA, ROMAN","TaxDecNo":"21586"},"geometry":{"type":"Polygon","coordinates":[[[121.87786970311303,13.447842309153991],[121.87689988923897,13.446963522719942],[121.87668344008183,13.447073795890917],[121.87648977215981,13.447173046645123],[121.87724995483619,13.447917270125519],[121.87786970311303,13.447842309153991]]]}},{"type":"Feature","properties":{"Id":0,"CLN":"14713","PSGC":"174001042","Barangay":"Pawa","Land_Class":"AGRICULTURAL","PIN":"030-01-039-06-006","ALN":"006","Section":"06","Brgy_Code":"039","Owner":"JINANG, AGUSTIN","TaxDecNo":"21577"},"geometry":{"type":"Polygon","coordinates":[[[121.87779305593543,13.448386044084321],[121.8777309039009,13.448090410983662],[121.8773072225507,13.44812479291327],[121.87727043065006,13.44806763026342],[121.87691013136094,13.448133384384734],[121.87692548202979,13.448247449889218],[121.87711096188846,13.448206824152056],[121.8772321908543,13.448321362075605],[121.8773490670809,13.44823379492251],[121.87749623495117,13.4484624454611],[121.87779305593543,13.448386044084321]]]}},{"type":"Feature","properties":{"Id":0,"CLN":"14735","PSGC":"174001042","Barangay":"Pawa","Land_Class":"AGRICULTURAL","PIN":"030-01-039-03-068","ALN":"068","Section":"03","Brgy_Code":"039","Owner":"LABAY, ASUNCION","TaxDecNo":"21335"},"geometry":{"type":"Polygon","coordinates":[[[121.87983593306379,13.448587316855168],[121.87967795717175,13.448336033561906],[121.87929948058421,13.448598744498069],[121.87922835721234,13.448715865615902],[121.87963381016657,13.449650913825467],[121.87996072205344,13.449357047438797],[121.88018327627945,13.449307522405425],[121.88013027230318,13.449037654250617],[121.87983593306379,13.448587316855168]]]}},{"type":"Feature","properties":{"Id":0,"CLN":"14702","PSGC":"174001042","Barangay":"Pawa","Land_Class":"AGRICULTURAL","PIN":"030-01-039-06-021","ALN":"021","Section":"06","Brgy_Code":"039","Owner":"MARCIANO, LUZ","TaxDecNo":"21591"},"geometry":{"type":"Polygon","coordinates":[[[121.87866202934686,13.446773646869111],[121.87906120548497,13.447082758430666],[121.87952827619368,13.44676160846639],[121.87916219713131,13.446320173768713],[121.87878268046697,13.446440356868731],[121.87866202934686,13.446773646869111]]]}},{"type":"Feature","properties":{"Id":0,"CLN":"14701","PSGC":"174001042","Barangay":"Pawa","Land_Class":"AGRICULTURAL","PIN":"030-01-039-06-020","ALN":"020","Section":"06","Brgy_Code":"039","Owner":"LETRERO, ALFONSO","TaxDecNo":"21590"},"geometry":{"type":"Polygon","coordinates":[[[121.87916219713131,13.446320173768713],[121.87952827619368,13.44676160846639],[121.88003287152893,13.446520107303526],[121.8794387325235,13.446226025837348],[121.87916219713131,13.446320173768713]]]}},{"type":"Feature","properties":{"Id":0,"CLN":"14697","PSGC":"174001042","Barangay":"Pawa","Land_Class":"AGRICULTURAL","PIN":"030-01-039-06-019","ALN":"019","Section":"06","Brgy_Code":"039","Owner":"MARCIANO, LUZ","TaxDecNo":"21589"},"geometry":{"type":"Polygon","coordinates":[[[121.88212660003249,13.44681555400765],[121.88233509385239,13.446606586457431],[121.88251982999614,13.446202338685618],[121.88240399110667,13.446277185831113],[121.88198149012712,13.44606806521592],[121.88158206442117,13.4463309389269],[121.88212660003249,13.44681555400765]]]}},{"type":"Feature","properties":{"Id":0,"CLN":"14703","PSGC":"174001042","Barangay":"Pawa","Land_Class":"AGRICULTURAL","PIN":"030-01-039-06-022","ALN":"022","Section":"06","Brgy_Code":"039","Owner":"MALING, ROSA","TaxDecNo":"21592"},"geometry":{"type":"Polygon","coordinates":[[[121.87802040776211,13.446734918288364],[121.87815344870653,13.446707794142492],[121.87825044936442,13.44680360579462],[121.87845057929951,13.446841589686143],[121.87866202934686,13.446773646869111],[121.87878268046697,13.446440356868731],[121.87916219713131,13.446320173768713],[121.8794387325235,13.446226025837348],[121.87935524342629,13.445811460577275],[121.87868385865988,13.445814589173066],[121.87833682023634,13.445902034218989],[121.87822815657043,13.446051722928257],[121.87802040776211,13.446734918288364]]]}},{"type":"Feature","properties":{"Id":0,"CLN":"14680","PSGC":"174001042","Barangay":"Pawa","Land_Class":"AGRICULTURAL","PIN":"030-01-039-06-023","ALN":"023","Section":"06","Brgy_Code":"039","Owner":"MARCIANO, LUZ","TaxDecNo":"21593"},"geometry":{"type":"Polygon","coordinates":[[[121.88158206442117,13.4463309389269],[121.88198149012712,13.44606806521592],[121.88240399110667,13.446277185831113],[121.88251982999614,13.446202338685618],[121.88233509385239,13.446606586457431],[121.88212660003249,13.44681555400765],[121.88217443792625,13.44700652528109],[121.88235230045267,13.447176878606262],[121.88310569572027,13.44743754861495],[121.88309800218792,13.447476925167601],[121.88323674324019,13.447912047134384],[121.88333391832597,13.447970765779056],[121.8836900968449,13.447662372448093],[121.88372588538186,13.447630139717132],[121.88386972496602,13.447743820006718],[121.8840913867532,13.447678861676124],[121.88436204121902,13.447425716479325],[121.88452521657189,13.447520641739994],[121.88465006959244,13.447577716284853],[121.88473092018043,13.44762998005335],[121.8849093950555,13.447537826406114],[121.88505172355181,13.447561693157683],[121.8852303594259,13.447434685777866],[121.88545397629267,13.447848117678278],[121.8856008167569,13.448179882950736],[121.88592231865695,13.447960563163253],[121.88604972524595,13.447864473760019],[121.8867738714407,13.44734276469067],[121.88663830922461,13.4471388487056],[121.88654942098758,13.447109410265181],[121.8859978850158,13.44701983394062],[121.88603435278351,13.446834106216926],[121.88596345707452,13.446764083971825],[121.88598781364037,13.44663058396255],[121.88557339716668,13.446408005898965],[121.88530125553189,13.446220911592908],[121.884987893117,13.44596392599455],[121.88474529206104,13.445806007188404],[121.88459128524089,13.445721677466041],[121.88438917872364,13.445720781708651],[121.88422500202745,13.44584251646107],[121.88415767675423,13.445832797792303],[121.88417635830193,13.445955343132953],[121.88399358707166,13.445935692378011],[121.88392604377609,13.445973073643769],[121.88392774423924,13.445605693656978],[121.88419887584055,13.445248928417556],[121.88391215843916,13.444814328300515],[121.88401898241783,13.444607557679928],[121.88395274740384,13.444362338964764],[121.88335304571017,13.445009672534825],[121.88318125184806,13.444698044008085],[121.88282415735479,13.444913123710563],[121.8826406014139,13.445063031972317],[121.88246719321911,13.445099942866596],[121.88242891515442,13.445052671964769],[121.88227497343996,13.445042568213323],[121.88230423865774,13.444957916469631],[121.8823440447928,13.444675487553623],[121.8823257571725,13.44446816218627],[121.88197994603061,13.444325323609016],[121.88194193022191,13.444221532680883],[121.88178820747888,13.444164328704225],[121.88175158954392,13.44375909794505],[121.88146409191808,13.44349405535549],[121.88116513545494,13.443624609392577],[121.8809237480202,13.443793099732401],[121.88080742902514,13.443971566109672],[121.88103805627689,13.444047952908061],[121.88108560829583,13.444170626705557],[121.88107541604842,13.444293043815936],[121.88078621360133,13.444395380110503],[121.88087191204747,13.444593585035054],[121.88069802306092,13.44473411460779],[121.88052601429625,13.444469584493998],[121.88011217988262,13.444467743634757],[121.88005914780801,13.444563708166136],[121.87993423962591,13.444540904506916],[121.87991101941668,13.44464647854475],[121.87959812876788,13.444722953519035],[121.87947216094118,13.444928185507134],[121.87952813159318,13.445111979541615],[121.87931178858118,13.445200007813062],[121.87895847413947,13.445415351045684],[121.87868385865988,13.445814589173066],[121.87935524342629,13.445811460577275],[121.8794387325235,13.446226025837348],[121.88003287152893,13.446520107303526],[121.88031654297188,13.447220818000996],[121.88086442511694,13.448150554262652],[121.8813568920397,13.44818983588239],[121.88128400278295,13.447564247149602],[121.88104880448337,13.44691674138139],[121.88117422677674,13.446721241409508],[121.88111571010472,13.446498429406931],[121.88158206442117,13.4463309389269]]]}},{"type":"Feature","properties":{"Id":0,"CLN":"14678","PSGC":"174001042","Barangay":"Pawa","Land_Class":"AGRICULTURAL","PIN":"030-01-039-07-003","ALN":"003","Section":"07","Brgy_Code":"039","Owner":"MAAC, MARTA","TaxDecNo":"21603"},"geometry":{"type":"Polygon","coordinates":[[[121.8834928043291,13.448579182566247],[121.88352646525533,13.44848876562159],[121.88359050947334,13.44848904976354],[121.88369037872667,13.448200170694792],[121.88325232137134,13.448055185393875],[121.88315325612167,13.448404470266825],[121.88316484140171,13.448521049701588],[121.8834928043291,13.448579182566247]]]}},{"type":"Feature","properties":{"Id":0,"CLN":"14679","PSGC":"174001042","Barangay":"Pawa","Land_Class":"AGRICULTURAL","PIN":"030-01-039-07-004","ALN":"004","Section":"07","Brgy_Code":"039","Owner":"MAAC, FIDELA","TaxDecNo":"21604"},"geometry":{"type":"Polygon","coordinates":[[[121.88325232137134,13.448055185393875],[121.88369037872667,13.448200170694792],[121.88375000990895,13.448089528397142],[121.88377128179813,13.447935743157984],[121.88372588538186,13.44763013971716],[121.88333391832597,13.447970765779056],[121.88325232137134,13.448055185393875]]]}},{"type":"Feature","properties":{"Id":0,"CLN":"14681","PSGC":"174001042","Barangay":"Pawa","Land_Class":"AGRICULTURAL","PIN":"030-01-039-07-017","ALN":"017","Section":"07","Brgy_Code":"039","Owner":"MAGYAYA, FELIPA","TaxDecNo":"21614"},"geometry":{"type":"Polygon","coordinates":[[[121.88554330799865,13.44561490303087],[121.88501634775088,13.445345353564624],[121.88459128524089,13.445721677466041],[121.88474529206104,13.445806007188404],[121.884987893117,13.44596392599455],[121.88530125553189,13.446220911592908],[121.88557680687288,13.445670273502277],[121.88554330799865,13.44561490303087]]]}},{"type":"Feature","properties":{"Id":0,"CLN":"14684","PSGC":"174001042","Barangay":"Pawa","Land_Class":"AGRICULTURAL","PIN":"030-01-039-07-026","ALN":"026","Section":"07","Brgy_Code":"039","Owner":"MARION PEDIMENTE LAZARTE AND SALLY PEDIMENTE LAZARTE","TaxDecNo":"32582"},"geometry":{"type":"Polygon","coordinates":[[[121.88392604377609,13.445973073643769],[121.88399358707166,13.445935692378011],[121.88417635830193,13.445955343132953],[121.88415767675423,13.445832797792303],[121.88422500202745,13.44584251646107],[121.88438917872364,13.445720781708651],[121.88459128524089,13.445721677466041],[121.88501634775088,13.445345353564624],[121.88505899240567,13.445107372044397],[121.88524866341848,13.445160493467563],[121.885557647502,13.445080535243168],[121.88569508676665,13.444877827478695],[121.88560713904569,13.444645076673096],[121.88563721550696,13.444558074288],[121.88518778507593,13.444207542045525],[121.88501489845754,13.444375238313324],[121.88467421395417,13.444378246303916],[121.88460296014992,13.444635105936285],[121.88464429209483,13.445166784834443],[121.88454672407703,13.445432100317218],[121.8843897529465,13.445285671916537],[121.88439300498169,13.444582740399428],[121.8842800229629,13.444393644371674],[121.88395274740384,13.444362338964764],[121.88401898241783,13.444607557679928],[121.88391215843916,13.444814328300515],[121.88419887584055,13.445248928417556],[121.88392774423924,13.445605693656978],[121.88392604377609,13.445973073643769]]]}},{"type":"Feature","properties":{"Id":0,"CLN":"14685 pt","PSGC":"174001042","Barangay":"Pawa","Land_Class":"AGRICULTURAL","PIN":"030-01-039-07-048","ALN":"048","Section":"07","Brgy_Code":"039","Owner":"MANDIA, TRINIDAD","TaxDecNo":"21642"},"geometry":{"type":"Polygon","coordinates":[[[121.88439011191899,13.445208081530712],[121.88457575366903,13.445353160586327],[121.88464429209483,13.445166784834443],[121.88460296014992,13.444635105936285],[121.88439300498169,13.444582740399428],[121.88439011191899,13.445208081530712]]]}},{"type":"Feature","properties":{"Id":0,"CLN":"14686","PSGC":"174001042","Barangay":"Pawa","Land_Class":"AGRICULTURAL","PIN":"030-01-039-07-028","ALN":"028","Section":"07","Brgy_Code":"039","Owner":"MANDIA, PACIFICO","TaxDecNo":"21623"},"geometry":{"type":"Polygon","coordinates":[[[121.8842800229629,13.444393644371674],[121.88439300498169,13.444582740399428],[121.88460296014992,13.444635105936285],[121.88467421395417,13.444378246303916],[121.8842800229629,13.444393644371674]]]}},{"type":"Feature","properties":{"Id":0,"CLN":"14687","PSGC":"174001042","Barangay":"Pawa","Land_Class":"AGRICULTURAL","PIN":"030-01-039-07-029","ALN":"029","Section":"07","Brgy_Code":"039","Owner":"MAAC, MAXIMO","TaxDecNo":"21624"},"geometry":{"type":"Polygon","coordinates":[[[121.88467421395417,13.444378246303916],[121.88501489845754,13.444375238313324],[121.88518778507593,13.444207542045525],[121.88516571101215,13.443847284077215],[121.88476174571471,13.443932630174787],[121.88391325662683,13.444160560615154],[121.88395274740384,13.444362338964764],[121.8842800229629,13.444393644371674],[121.88467421395417,13.444378246303916]]]}},{"type":"Feature","properties":{"Id":0,"CLN":"14692","PSGC":"174001042","Barangay":"Pawa","Land_Class":"AGRICULTURAL","PIN":"030-01-039-07-031","ALN":"031","Section":"07","Brgy_Code":"039","Owner":"MALABAYABAS, VICTORIO","TaxDecNo":"21626"},"geometry":{"type":"Polygon","coordinates":[[[121.88497652447172,13.443689602173402],[121.88494706565524,13.44364299939968],[121.88476290082517,13.443682846790342],[121.88432647028746,13.443819491961492],[121.88387033933614,13.443971775087372],[121.88391325662683,13.444160560615154],[121.88476174571471,13.443932630174787],[121.88516571101215,13.443847284077215],[121.88497652447172,13.443689602173402]]]}},{"type":"Feature","properties":{"Id":0,"CLN":"14693","PSGC":"174001042","Barangay":"Pawa","Land_Class":"AGRICULTURAL","PIN":"030-01-039-07-035","ALN":"035","Section":"07","Brgy_Code":"039","Owner":"JALOTJOT, PAZ LIGERALDE","TaxDecNo":"21630"},"geometry":{"type":"Polygon","coordinates":[[[121.88194193022191,13.444221532680883],[121.88197994603061,13.444325323609016],[121.8823257571725,13.44446816218627],[121.8823440447928,13.444675487553623],[121.88230423865774,13.444957916469631],[121.88227497343996,13.445042568213323],[121.88242891515442,13.445052671964769],[121.88246719321911,13.445099942866596],[121.8826406014139,13.445063031972317],[121.88282415735479,13.444913123710563],[121.88318125184806,13.444698044008085],[121.88335304571017,13.445009672534825],[121.88395274740384,13.444362338964764],[121.88391325662683,13.444160560615154],[121.88387033933614,13.443971775087372],[121.88432647028746,13.443819491961492],[121.88302672717056,13.442690729252842],[121.88264129702296,13.442706163822002],[121.882254476374,13.44302162937149],[121.88281260462846,13.443538457432714],[121.88238207215288,13.443836584057264],[121.88194193022191,13.444221532680883]]]}},{"type":"Feature","properties":{"Id":0,"CLN":"14694","PSGC":"174001042","Barangay":"Pawa","Land_Class":"AGRICULTURAL","PIN":"030-01-039-07-036","ALN":"036","Section":"07","Brgy_Code":"039","Owner":"LIGERALDE, ISIDRO","TaxDecNo":"21631"},"geometry":{"type":"Polygon","coordinates":[[[121.88238207215288,13.443836584057264],[121.88281260462846,13.443538457432714],[121.882254476374,13.44302162937149],[121.88206166236057,13.443183194111555],[121.88202565622137,13.443260643445036],[121.88206865143471,13.443432284515568],[121.88222577884952,13.44354442486018],[121.88238207215288,13.443836584057264]]]}},{"type":"Feature","properties":{"Id":0,"CLN":"14695","PSGC":"174001042","Barangay":"Pawa","Land_Class":"AGRICULTURAL","PIN":"030-01-039-07-037","ALN":"037","Section":"07","Brgy_Code":"039","Owner":"LIGERALDE, ISIDRO","TaxDecNo":"21632"},"geometry":{"type":"Polygon","coordinates":[[[121.88146409191808,13.44349405535549],[121.88175158954392,13.44375909794505],[121.88178820747888,13.444164328704225],[121.88194193022191,13.444221532680883],[121.88238207215288,13.443836584057264],[121.88222577884952,13.44354442486018],[121.88206865143471,13.443432284515568],[121.88202565622137,13.443260643445036],[121.88206166236057,13.443183194111555],[121.882254476374,13.44302162937149],[121.88197445942363,13.442968950856253],[121.88146409191808,13.44349405535549]]]}},{"type":"Feature","properties":{"Id":0,"CLN":"14696","PSGC":"174001042","Barangay":"Pawa","Land_Class":"AGRICULTURAL","PIN":"030-01-039-06-024","ALN":"024","Section":"06","Brgy_Code":"039","Owner":"MANSIA, BENJAMIN","TaxDecNo":"21594"},"geometry":{"type":"Polygon","coordinates":[[[121.88011217988262,13.444467743634757],[121.88052601429625,13.444469584493998],[121.88069802306092,13.44473411460779],[121.88087191204747,13.444593585035054],[121.88078621360133,13.444395380110503],[121.88107541604842,13.444293043815936],[121.88108560829583,13.444170626705557],[121.88103805627689,13.444047952908061],[121.88080742902514,13.443971566109672],[121.88065574977395,13.444043225980758],[121.88051582053133,13.443999741191206],[121.88017302410545,13.444263963939303],[121.88017238719233,13.444401121116742],[121.88011217988262,13.444467743634757]]]}},{"type":"Feature","properties":{"Id":0,"CLN":"14948","PSGC":"174001042","Barangay":"Pawa","Land_Class":"AGRICULTURAL","PIN":"030-01-039-05-071","ALN":"071","Section":"05","Brgy_Code":"039","Owner":"LAZARTE, NIEVES","TaxDecNo":"21500"},"geometry":{"type":"Polygon","coordinates":[[[121.86919625308595,13.44332874439391],[121.86912104383653,13.443581990389726],[121.86914956525209,13.443638470489553],[121.8692580686655,13.44330084608532],[121.86919625308595,13.44332874439391]]]}},{"type":"Feature","properties":{"Id":0,"CLN":"14879","PSGC":"174001042","Barangay":"Pawa","Land_Class":"AGRICULTURAL","PIN":"030-01-039-05-023","ALN":"023","Section":"05","Brgy_Code":"039","Owner":"ARCAYA, RODRIGO D.","TaxDecNo":"21457"},"geometry":{"type":"Polygon","coordinates":[[[121.87222554667842,13.447270239524522],[121.87260679265432,13.44726273480081],[121.87260840812296,13.446917257453547],[121.87230708194107,13.446943546188429],[121.87229676462906,13.44713697130665],[121.87214141674548,13.447145488065589],[121.87222554667842,13.447270239524522]]]}},{"type":"Feature","properties":{"Id":0,"CLN":"14981 RW","PSGC":"174001042","Barangay":"Pawa","Land_Class":null,"PIN":"030-01-039-06-","ALN":null,"Section":"06","Brgy_Code":"039"},"geometry":{"type":"Polygon","coordinates":[[[121.8759697272925,13.448322682051554],[121.87606686025325,13.44830293558223],[121.87606624218387,13.448270252250063],[121.87596699570786,13.448294066915496],[121.8759697272925,13.448322682051554]]]}},{"type":"Feature","properties":{"Id":0,"CLN":"14980 RW","PSGC":"174001042","Barangay":"Pawa","Land_Class":null,"PIN":"030-01-039-06-","ALN":null,"Section":"06","Brgy_Code":"039"},"geometry":{"type":"Polygon","coordinates":[[[121.87596699570786,13.448294066915496],[121.87583883695811,13.448293031517759],[121.87583625271891,13.448324576523467],[121.8759697272925,13.448322682051554],[121.87596699570786,13.448294066915496]]]}},{"type":"Feature","properties":{"Id":0,"CLN":"14737","PSGC":"174001042","Barangay":"Pawa","Land_Class":"AGRICULTURAL","PIN":"030-01-039-02-062","ALN":"062","Section":"02","Brgy_Code":"039","Owner":"MAYANGITAN, ELIGIO","TaxDecNo":"21245"},"geometry":{"type":"Polygon","coordinates":[[[121.88054276204163,13.449690453131643],[121.88059295518637,13.449499750147396],[121.88026908187294,13.44963819838684],[121.88054276204163,13.449690453131643]]]}},{"type":"Feature","properties":{"Id":0,"CLN":"14806","PSGC":"174001042","Barangay":"Pawa","Land_Class":"AGRICULTURAL","PIN":"030-01-039-04-054","ALN":"054","Section":"04","Brgy_Code":"039","Owner":"LAZO, VERGINIA","TaxDecNo":"21409"},"geometry":{"type":"Polygon","coordinates":[[[121.87636096587055,13.451037338707177],[121.87620155286162,13.450954772557983],[121.87613066837346,13.450992043383707],[121.87615877593896,13.451161884525199],[121.87635341502802,13.45125468316223],[121.87648177366202,13.45131439967023],[121.87658017856324,13.451171344709572],[121.87642483054886,13.451077178485859],[121.87636096587055,13.451037338707177]]]}},{"type":"Feature","properties":{"Id":0,"CLN":"14802","PSGC":"174001042","Barangay":"Pawa","Land_Class":"AGRICULTURAL","PIN":"030-01-039-04-055","ALN":"055","Section":"04","Brgy_Code":"039","Owner":"MALCO, ROSARIO","TaxDecNo":"21410"},"geometry":{"type":"Polygon","coordinates":[[[121.87642695963936,13.450683649278725],[121.87638747646326,13.450622446009906],[121.87620155286162,13.450954772557983],[121.87636096587055,13.451037338707177],[121.87642562185476,13.4509706320665],[121.87646128380955,13.45094470143449],[121.87649258428873,13.450901358062215],[121.87652859077606,13.450801507607684],[121.87642695963936,13.450683649278725]]]}},{"type":"Feature","properties":{"Id":0,"CLN":"14971 RW","PSGC":"174001042","Barangay":"Pawa","Land_Class":null,"PIN":"030-01-039-03-","ALN":null,"Section":"03","Brgy_Code":"039"},"geometry":{"type":"Polygon","coordinates":[[[121.87824616468491,13.45212671122733],[121.87824125662522,13.452226700623518],[121.87829012487876,13.452226918519088],[121.87830454311693,13.452127939372733],[121.87824616468491,13.45212671122733]]]}},{"type":"Feature","properties":{"Id":0,"CLN":"14958","PSGC":"174001042","Barangay":"Pawa","Land_Class":"AGRICULTURAL","PIN":"030-01-039-03-040","ALN":"040","Section":"03","Brgy_Code":"039","Owner":"LAZO, VIRGINIA","TaxDecNo":"21308"},"geometry":{"type":"Polygon","coordinates":[[[121.87953692901208,13.450719249379103],[121.8795912334826,13.450716365415452],[121.87946755783813,13.450528267069066],[121.87934035461308,13.450412046197451],[121.87925373712248,13.450496056792014],[121.87940346939573,13.450574868533776],[121.87951801487498,13.450666026667431],[121.87953692901208,13.450719249379103]]]}},{"type":"Feature","properties":{"Id":0,"CLN":"14959 RW","PSGC":"174001042","Barangay":"Pawa","Land_Class":null,"PIN":"030-01-039-03-","ALN":null,"Section":"03","Brgy_Code":"039"},"geometry":{"type":"Polygon","coordinates":[[[121.87934035461308,13.450412046197451],[121.87946755783813,13.450528267069066],[121.8795912334826,13.450716365415452],[121.87963594284591,13.45071656450693],[121.87950599636147,13.450503431909686],[121.87936604810739,13.450380902706367],[121.87934035461308,13.450412046197451]]]}},{"type":"Feature","properties":{"Id":0,"CLN":"14743 RW","PSGC":"174001042","Barangay":"Pawa","Land_Class":null,"PIN":"030-01-039-03-","ALN":null,"Section":"03","Brgy_Code":"039"},"geometry":{"type":"Polygon","coordinates":[[[121.87939505136922,13.450324767609692],[121.87958288791467,13.450450635842866],[121.87969984242248,13.4507105974527],[121.87973497120836,13.450710753867165],[121.87959889911414,13.450441329761876],[121.87943350439612,13.450296806730785],[121.87939505136922,13.450324767609692]]]}},{"type":"Feature","properties":{"Id":0,"CLN":"14742 RW","PSGC":"174001042","Barangay":"Pawa","Land_Class":null,"PIN":"030-01-039-03-","ALN":null,"Section":"03","Brgy_Code":"039"},"geometry":{"type":"Polygon","coordinates":[[[121.87959218941887,13.451197741788848],[121.87973497120836,13.450710753867165],[121.87969984242248,13.4507105974527],[121.8795665208845,13.451179965560671],[121.87959218941887,13.451197741788848]]]}},{"type":"Feature","properties":{"Id":0,"CLN":"14961 RW","PSGC":"174001042","Barangay":"Pawa","Land_Class":null,"PIN":"030-01-039-03-","ALN":null,"Section":"03","Brgy_Code":"039"},"geometry":{"type":"Polygon","coordinates":[[[121.87947599163604,13.45112440039529],[121.8795065331759,13.45114253794364],[121.87963594284591,13.45071656450693],[121.8795912334826,13.450716365415452],[121.87947599163604,13.45112440039529]]]}},{"type":"Feature","properties":{"Id":0,"CLN":"14640","PSGC":"174001042","Barangay":"Pawa","Land_Class":"AGRICULTURAL","PIN":"030-01-039-07-023","ALN":"023","Section":"07","Brgy_Code":"039","Owner":"MAPACPAC, GLORIA","TaxDecNo":"21619"},"geometry":{"type":"Polygon","coordinates":[[[121.88627242262278,13.44452022241001],[121.88633310098074,13.444498271316679],[121.88605608327568,13.443816371604633],[121.88600844434238,13.443851015006205],[121.88627242262278,13.44452022241001]]]}},{"type":"Feature","properties":{"Id":0,"CLN":"14689","PSGC":"174001042","Barangay":"Pawa","Land_Class":"AGRICULTURAL","PIN":"030-01-039-07-032","ALN":"032","Section":"07","Brgy_Code":"039","Owner":"NILO, PASCUAL","TaxDecNo":"21627"},"geometry":{"type":"Polygon","coordinates":[[[121.88497652447172,13.443689602173402],[121.88516571101215,13.443847284077215],[121.88561172925642,13.443651751790297],[121.88547977166044,13.443028334479365],[121.88497652447172,13.443689602173402]]]}},{"type":"Feature","properties":{"Id":0,"CLN":"14691","PSGC":"174001042","Barangay":"Pawa","Land_Class":"AGRICULTURAL","PIN":"030-01-039-07-034","ALN":"034","Section":"07","Brgy_Code":"039","Owner":"GALANG, MIGUELA ROY","TaxDecNo":"21629"},"geometry":{"type":"Polygon","coordinates":[[[121.88490567493747,13.442291859300042],[121.88481510807912,13.442291458126059],[121.88475620461679,13.442324920730119],[121.88442450429397,13.442824435811504],[121.88474844017983,13.443283321137516],[121.885177547548,13.442640629487459],[121.88490567493747,13.442291859300042]]]}},{"type":"Feature","properties":{"Id":0,"CLN":"14690","PSGC":"174001042","Barangay":"Pawa","Land_Class":"AGRICULTURAL","PIN":"030-01-039-07-033","ALN":"033","Section":"07","Brgy_Code":"039","Owner":"MARION PEDIMENTE LAZARTE AND SALLY PEDIMENTE LAZARTE","TaxDecNo":"32583"},"geometry":{"type":"Polygon","coordinates":[[[121.8847484401798,13.44328332113751],[121.88494706565524,13.44364299939968],[121.88497652447172,13.443689602173402],[121.88547977166044,13.443028334479365],[121.885177547548,13.44264062948746],[121.8847484401798,13.44328332113751]]]}},{"type":"Feature","properties":{"Id":0,"CLN":"14536 pt","PSGC":"174001042","Barangay":"Pawa","Land_Class":"AGRICULTURAL","PIN":"030-01-039-01-081","ALN":"081","Section":"01","Brgy_Code":"039","Owner":"MALAPAD, ALEX","TaxDecNo":"21184"},"geometry":{"type":"Polygon","coordinates":[[[121.87951055414527,13.459102022784492],[121.87919320930486,13.459415884183645],[121.87868946842202,13.45926603395253],[121.87846842590851,13.459830016588576],[121.87911839202454,13.459848184251483],[121.87941344263922,13.459860502462767],[121.87951055414527,13.459102022784492]]]}},{"type":"Feature","properties":{"Id":0,"CLN":"14539 pt","PSGC":"174001042","Barangay":"Pawa","Land_Class":"AGRICULTURAL","PIN":"030-01-039-01-074","ALN":"074","Section":"01","Brgy_Code":"039","Owner":"MALAPAD, BONIFACIO","TaxDecNo":"21177"},"geometry":{"type":"Polygon","coordinates":[[[121.88109129323668,13.456726370652166],[121.88098546511635,13.457581991514076],[121.88128908113661,13.458269841725736],[121.88165663154214,13.4575130834949],[121.88164698712362,13.457350166639976],[121.88188255740496,13.457015286514764],[121.88188818283871,13.456923694908923],[121.8818973712777,13.456782740042394],[121.88170663361494,13.456790573291903],[121.88156060688412,13.456720473527016],[121.88152924072084,13.456789784442952],[121.88146767720406,13.45681957046839],[121.88127767908381,13.456772523404586],[121.88109129323668,13.456726370652166]]]}},{"type":"Feature","properties":{"Id":0,"CLN":"14539 pt","PSGC":"174001042","Barangay":"Pawa","Land_Class":"AGRICULTURAL","PIN":"030-01-039-01-073","ALN":"073","Section":"01","Brgy_Code":"039","Owner":"MALAPAD, ADELAIDA","TaxDecNo":"21176"},"geometry":{"type":"Polygon","coordinates":[[[121.88051244239652,13.457816562424158],[121.88062792960457,13.459126043550082],[121.88062986132364,13.459127074810608],[121.88135865775855,13.45896744409435],[121.88147405661994,13.458754185384839],[121.88134461692333,13.458631454142298],[121.88135612835869,13.458392284254108],[121.8812890921234,13.458269830585888],[121.88098546511635,13.457581991514076],[121.88051244239652,13.457816562424158]]]}},{"type":"Feature","properties":{"Id":0,"CLN":"14542 pt","PSGC":"174001042","Barangay":"Pawa","Land_Class":"AGRICULTURAL","PIN":"030-01-039-01-082","ALN":"082","Section":"01","Brgy_Code":"039","Owner":"NILO, JULITA","TaxDecNo":"21185"},"geometry":{"type":"Polygon","coordinates":[[[121.87936018592826,13.457430039118886],[121.87934862899341,13.457307487910143],[121.87917715192816,13.457278570736408],[121.87883344531927,13.457591970495635],[121.87884208749884,13.457620639188674],[121.8785353077605,13.457967273142446],[121.87869840198279,13.458268726604146],[121.8792833122554,13.457682279592422],[121.87936018592826,13.457430039118886]]]}},{"type":"Feature","properties":{"Id":0,"CLN":"14562 pt","PSGC":"174001042","Barangay":"Pawa","Land_Class":"AGRICULTURAL","PIN":"030-01-039-01-055","ALN":"055","Section":"01","Brgy_Code":"039","Owner":"LAZO, DEMETRIO","TaxDecNo":"21158"},"geometry":{"type":"Polygon","coordinates":[[[121.87544849730271,13.455439494121672],[121.87545294499125,13.455333732542151],[121.87492536582786,13.45536673058502],[121.87405878042101,13.455277995071768],[121.8743254389983,13.455420618159254],[121.87439864476532,13.455550480675951],[121.87544849730271,13.455439494121672]]]}},{"type":"Feature","properties":{"Id":0,"CLN":"14562 pt","PSGC":"174001042","Barangay":"Pawa","Land_Class":"AGRICULTURAL","PIN":"030-01-039-01-075","ALN":"075","Section":"01","Brgy_Code":"039","Owner":"LAZO, MEDARDO","TaxDecNo":"21178"},"geometry":{"type":"Polygon","coordinates":[[[121.87544476572025,13.45552822727258],[121.87544849730271,13.455439494121672],[121.87439864476532,13.455550480675951],[121.87439886064404,13.455550863631238],[121.87461261646156,13.455810834491086],[121.87465806534749,13.455912587528642],[121.87544476572025,13.45552822727258]]]}},{"type":"Feature","properties":{"Id":0,"CLN":"14562 pt","PSGC":"174001042","Barangay":"Pawa","Land_Class":"AGRICULTURAL","PIN":"030-01-039-01-077","ALN":"077","Section":"01","Brgy_Code":"039","Owner":"LAZO, CRISPINA","TaxDecNo":"21180"},"geometry":{"type":"Polygon","coordinates":[[[121.87543718885159,13.455708396931332],[121.87478387112884,13.456194246800392],[121.87480567330151,13.456243058354364],[121.87514451619353,13.456400146563128],[121.87542856404335,13.455913484796886],[121.87543718885159,13.455708396931332]]]}},{"type":"Feature","properties":{"Id":0,"CLN":"14563 pt","PSGC":"174001042","Barangay":"Pawa","Land_Class":"AGRICULTURAL","PIN":"030-01-039-04-007","ALN":"007","Section":"04","Brgy_Code":"039","Owner":"SELDAS, ALBERTO M. & LAMBON, EDNA S.","TaxDecNo":"21366"},"geometry":{"type":"Polygon","coordinates":[[[121.87466558488856,13.456099445618449],[121.87456887091497,13.455895496471229],[121.87446795403433,13.455845544545824],[121.87392334612503,13.456430039255443],[121.8739766209616,13.456569772453385],[121.87466558488856,13.456099445618449]]]}},{"type":"Feature","properties":{"Id":0,"CLN":"14611 pt","PSGC":"174001042","Barangay":"Pawa","Land_Class":"AGRICULTURAL","PIN":"030-01-039-02-074","ALN":"074","Section":"02","Brgy_Code":"039","Owner":"LAZO, FELIZARDO","TaxDecNo":"21257"},"geometry":{"type":"Polygon","coordinates":[[[121.88815439999148,13.454663684907029],[121.88820104430194,13.454512935196378],[121.88817759259975,13.454152293766887],[121.88687266380843,13.45425934981508],[121.88677221934569,13.45436629281304],[121.88681517724713,13.454581576391899],[121.88674446368732,13.454937704018917],[121.88680671233445,13.455054744539678],[121.88666758464234,13.455269222202785],[121.88662110555569,13.45581596834317],[121.88696396508723,13.455900450465773],[121.8874878959192,13.454845737620374],[121.88815439999148,13.454663684907029]]]}},{"type":"Feature","properties":{"Id":0,"CLN":"14611 pt","PSGC":"174001042","Barangay":"Pawa","Land_Class":"AGRICULTURAL","PIN":"030-01-039-02-076","ALN":"076","Section":"02","Brgy_Code":"039","Owner":"LAZO, ESTELITA","TaxDecNo":"21259"},"geometry":{"type":"Polygon","coordinates":[[[121.88743621686466,13.453345999985],[121.88733048708562,13.452673621154833],[121.88596431472888,13.453011724456854],[121.88599545300602,13.453519892549185],[121.88599475705385,13.454123175303502],[121.88743621686466,13.453345999985]]]}},{"type":"Feature","properties":{"Id":0,"CLN":"14611 pt","PSGC":"174001042","Barangay":"Pawa","Land_Class":"AGRICULTURAL","PIN":"030-01-039-02-081","ALN":"081","Section":"02","Brgy_Code":"039","Owner":"LAZO, ESTELITA","TaxDecNo":"21264"},"geometry":{"type":"Polygon","coordinates":[[[121.88820104430194,13.454512935196378],[121.88815439999148,13.454663684907029],[121.88816687682414,13.454660276894082],[121.88824938443484,13.454922850866193],[121.8888775679143,13.454860074295082],[121.88909512004022,13.45488561735191],[121.88935558848976,13.454681916525788],[121.88820104430194,13.454512935196378]]]}},{"type":"Feature","properties":{"Id":0,"CLN":"14668 pt","PSGC":"174001042","Barangay":"Pawa","Land_Class":"AGRICULTURAL","PIN":"030-01-039-02-080","ALN":"080","Section":"02","Brgy_Code":"039","Owner":"MAAC, ROMULO","TaxDecNo":"21263"},"geometry":{"type":"Polygon","coordinates":[[[121.88059158415604,13.450908546325035],[121.88050176663049,13.45054183784304],[121.88046727451666,13.450560018055002],[121.88054893032347,13.450929533638364],[121.88059158415604,13.450908546325035]]]}},{"type":"Feature","properties":{"Id":0,"CLN":"14668 pt","PSGC":"174001042","Barangay":"Pawa","Land_Class":"AGRICULTURAL","PIN":"030-01-039-02-079","ALN":"079","Section":"02","Brgy_Code":"039","Owner":"MAAC, MAXIMO","TaxDecNo":"21262"},"geometry":{"type":"Polygon","coordinates":[[[121.88071637380587,13.4504880237109],[121.88078667916173,13.450844011807225],[121.88088561676712,13.450811284650188],[121.88080079770162,13.450518497507717],[121.88071637380587,13.4504880237109]]]}},{"type":"Feature","properties":{"Id":0,"CLN":"14973 pt","PSGC":"174001042","Barangay":"Pawa","Land_Class":"AGRICULTURAL","PIN":"030-01-039-03-079","ALN":"079","Section":"03","Brgy_Code":"039","Owner":"MAYANGITAN, PROCESA","TaxDecNo":"21345"},"geometry":{"type":"Polygon","coordinates":[[[121.87826182601079,13.452039329934646],[121.87801875673098,13.452005146295683],[121.87766879307588,13.45208934960541],[121.87771317823037,13.452098244242862],[121.8777530600806,13.452120163732008],[121.87824616468491,13.45212671122733],[121.87826182601079,13.452039329934646]]]}},{"type":"Feature","properties":{"Id":0,"CLN":"14764","PSGC":"174001042","Barangay":"Pawa","Land_Class":"AGRICULTURAL","PIN":"030-01-039-03-015","ALN":"015","Section":"03","Brgy_Code":"039","Owner":"NATAGOC, ROSARIO","TaxDecNo":"21282"},"geometry":{"type":"Polygon","coordinates":[[[121.87830044911101,13.451831320607551],[121.87831863269646,13.451735954844622],[121.87839520487931,13.45175192518636],[121.87872144023463,13.451647102463198],[121.87894117413673,13.451094816460829],[121.87876580625232,13.451034644943919],[121.87855989567677,13.45112922118144],[121.87832060970882,13.451387822092567],[121.87832047830922,13.451387955906862],[121.87816336764514,13.451510494804916],[121.87809210659849,13.451466876710292],[121.87791759319884,13.451672607696224],[121.87794469301191,13.451699374916531],[121.87797831969067,13.451786125542611],[121.87801630505956,13.451877832175182],[121.87827809240774,13.451948572604682],[121.87830044911101,13.451831320607551]]]}},{"type":"Feature","properties":{"Id":0,"CLN":"14569 pt","PSGC":"174001042","Barangay":"Pawa","Land_Class":"AGRICULTURAL","PIN":"030-01-039-04-069","ALN":"069","Section":"04","Brgy_Code":"039","Owner":"LANCION, CONRADO JR.","TaxDecNo":"21436"},"geometry":{"type":"Polygon","coordinates":[[[121.87292159183731,13.455810603190894],[121.87233296698649,13.455480120739196],[121.87226599323786,13.455489178901056],[121.87243670905377,13.45606273353034],[121.8724950374475,13.455949851465638],[121.87261749613398,13.45602818660673],[121.87292159183731,13.455810603190894]]]}},{"type":"Feature","properties":{"Id":0,"CLN":"14848 pt","PSGC":"174001042","Barangay":"Pawa","Land_Class":"AGRICULTURAL","PIN":"030-01-039-04-066","ALN":"066","Section":"04","Brgy_Code":"039","Owner":"LAZO, ROLITO JR. LABOG","TaxDecNo":"21421"},"geometry":{"type":"Polygon","coordinates":[[[121.87341421627163,13.45506584316186],[121.87231345700498,13.454446844363806],[121.8722706597713,13.454492122233958],[121.87330782641929,13.45518270313635],[121.87341672803973,13.455070047337998],[121.87341421627163,13.45506584316186]]]}},{"type":"Feature","properties":{"Id":0,"CLN":"14841 pt","PSGC":"174001042","Barangay":"Pawa","Land_Class":"AGRICULTURAL","PIN":"030-01-039-04-067","ALN":"067","Section":"04","Brgy_Code":"039","Owner":"LANCION, AZUCENA","TaxDecNo":"21422"},"geometry":{"type":"Polygon","coordinates":[[[121.87355153901517,13.451813585709486],[121.87436697576167,13.452309067279554],[121.87447745506655,13.452264590815462],[121.8745211998799,13.452179928778119],[121.87401768061359,13.451703886667906],[121.87355153901517,13.451813585709486]]]}},{"type":"Feature","properties":{"Id":0,"CLN":"14835 pt","PSGC":"174001042","Barangay":"Pawa","Land_Class":"AGRICULTURAL","PIN":"030-01-039-04-063","ALN":"063","Section":"04","Brgy_Code":"039","Owner":"MAAÑO, LETECIA","TaxDecNo":"21418"},"geometry":{"type":"Polygon","coordinates":[[[121.87346385995004,13.449532370159263],[121.8739651497846,13.449566623117295],[121.87396084932747,13.449403904386223],[121.87346447069915,13.4494016825604],[121.87346385995004,13.449532370159263]]]}},{"type":"Feature","properties":{"Id":0,"CLN":"14834 pt","PSGC":"174001042","Barangay":"Pawa","Land_Class":"AGRICULTURAL","PIN":"030-01-039-05-096","ALN":"096","Section":"05","Brgy_Code":"039","Owner":"MAAC, GERARDO L.","TaxDecNo":"21523"},"geometry":{"type":"Polygon","coordinates":[[[121.87366931826013,13.448987693183685],[121.87342850878943,13.449045995751904],[121.87341068284555,13.4490720014089],[121.87295504567324,13.449156474616501],[121.87291916824002,13.449246543836635],[121.87295738010597,13.449345130241609],[121.87370733066916,13.449172258088776],[121.87366931826013,13.448987693183685]]]}},{"type":"Feature","properties":{"Id":0,"CLN":"14834 pt","PSGC":"174001042","Barangay":"Pawa","Land_Class":"AGRICULTURAL","PIN":"030-01-039-05-097","ALN":"097","Section":"05","Brgy_Code":"039","Owner":"MAAC, GERARDO L.","TaxDecNo":"21524"},"geometry":{"type":"Polygon","coordinates":[[[121.87346447069918,13.449401682560401],[121.8731023692208,13.44949723183551],[121.87310191496881,13.44959440048488],[121.87333601950284,13.449574626535846],[121.87346382197988,13.449540494934908],[121.87346447069918,13.449401682560401]]]}},{"type":"Feature","properties":{"Id":0,"CLN":"14900 pt","PSGC":"174001042","Barangay":"Pawa","Land_Class":"AGRICULTURAL","PIN":"030-01-039-05-091","ALN":"091","Section":"05","Brgy_Code":"039","Owner":"MANDIA, FRANCISCO L.","TaxDecNo":"21518"},"geometry":{"type":"Polygon","coordinates":[[[121.87045347082154,13.44501434034296],[121.87070630754086,13.444997260005524],[121.87093906819855,13.444832260696225],[121.87065315747928,13.444582229232553],[121.87058705559417,13.44462799723273],[121.8704553264375,13.444618193208774],[121.87045347082154,13.44501434034296]]]}},{"type":"Feature","properties":{"Id":0,"CLN":"14900 pt","PSGC":"174001042","Barangay":"Pawa","Land_Class":"AGRICULTURAL","PIN":"030-01-039-05-089","ALN":"089","Section":"05","Brgy_Code":"039","Owner":"LAZO, EFREN","TaxDecNo":"21516"},"geometry":{"type":"Polygon","coordinates":[[[121.87049020898836,13.445815697948234],[121.87046115759581,13.445250223125429],[121.87022638808607,13.44526667638056],[121.87023305945716,13.445851726527467],[121.87049020898836,13.445815697948234]]]}},{"type":"Feature","properties":{"Id":0,"CLN":"14900 pt","PSGC":"174001042","Barangay":"Pawa","Land_Class":"AGRICULTURAL","PIN":"030-01-039-05-093","ALN":"093","Section":"05","Brgy_Code":"039","Owner":"MANDIA, FRANCISCO L.","TaxDecNo":"21520"},"geometry":{"type":"Polygon","coordinates":[[[121.87097226599305,13.445741286751103],[121.87099618238007,13.445364148724254],[121.87072183827661,13.445295708058119],[121.87071438504621,13.445665329130206],[121.87078304984374,13.445665637208538],[121.87077463663668,13.445775847177735],[121.87094854949035,13.44582269199259],[121.87096776243939,13.445739861913777],[121.87097226599305,13.445741286751103]]]}},{"type":"Feature","properties":{"Id":0,"CLN":"14909 pt","PSGC":"174001042","Barangay":"Pawa","Land_Class":"AGRICULTURAL","PIN":"030-01-039-05-086","ALN":"086","Section":"05","Brgy_Code":"039","Owner":"NEPOMUCENO, GERARDO RAMON M.","TaxDecNo":"21513"},"geometry":{"type":"Polygon","coordinates":[[[121.86972474989824,13.444631238531027],[121.86976015697515,13.444096053752908],[121.86967387528192,13.444079565756486],[121.86938528389877,13.444093291163458],[121.8693857161974,13.444142673870221],[121.86943268547489,13.444650052564107],[121.869551884255,13.444662663353384],[121.86972474989824,13.444631238531027]]]}},{"type":"Feature","properties":{"Id":0,"CLN":"14985","PSGC":"174001042","Barangay":"Pawa","Land_Class":"AGRICULTURAL","PIN":"030-01-039-06-008","ALN":"008","Section":"06","Brgy_Code":"039","Owner":"BARANGAY PAWA","TaxDecNo":"21579"},"geometry":{"type":"Polygon","coordinates":[[[121.87673596704673,13.44848262826362],[121.8764790979304,13.448336006353017],[121.87641591780567,13.44860490485802],[121.87673596704673,13.44848262826362]]]}},{"type":"Feature","properties":{"Id":0,"CLN":"14700 B","PSGC":"174001042","Barangay":"Pawa","Land_Class":"AGRICULTURAL","PIN":"030-01-039-06-028","ALN":"028","Section":"06","Brgy_Code":"039","Owner":"LAZO, RAMON J.","TaxDecNo":"21599"},"geometry":{"type":"Polygon","coordinates":[[[121.88056900674552,13.449186185479192],[121.88059295518637,13.449499750147396],[121.88072846335693,13.44953414729458],[121.88093724275768,13.44959126536885],[121.8811436484341,13.449682155533942],[121.88201373953659,13.449129319355345],[121.8818864244294,13.448753746810512],[121.88056900674552,13.449186185479192]]]}},{"type":"Feature","properties":{"Id":0,"CLN":"14700 A","PSGC":"174001042","Barangay":"Pawa","Land_Class":"AGRICULTURAL","PIN":"030-01-039-06-027","ALN":"027","Section":"06","Brgy_Code":"039","Owner":"MANDIA, NORMA M.","TaxDecNo":"21598"},"geometry":{"type":"Polygon","coordinates":[[[121.88059295518637,13.449499750147396],[121.88056900674552,13.449186185479192],[121.88018453795898,13.449312384648103],[121.88026908187294,13.44963819838684],[121.88059295518637,13.449499750147396]]]}},{"type":"Feature","properties":{"Id":0,"CLN":"14675 pt","PSGC":"174001042","Barangay":"Pawa","Land_Class":"AGRICULTURAL","PIN":"030-01-039-07-041","ALN":"041","Section":"07","Brgy_Code":"039","Owner":"MAAC, MAXIMO","TaxDecNo":"21636"},"geometry":{"type":"Polygon","coordinates":[[[121.88397974284787,13.448533757278057],[121.88434039371487,13.448789167275013],[121.88434307508007,13.44858295373125],[121.884384141205,13.44839130671628],[121.88458320754155,13.447954272546054],[121.8842230403823,13.448072338061833],[121.88397974284787,13.448533757278057]]]}},{"type":"Feature","properties":{"Id":0,"CLN":"14675 pt","PSGC":"174001042","Barangay":"Pawa","Land_Class":"AGRICULTURAL","PIN":"030-01-039-07-040","ALN":"040","Section":"07","Brgy_Code":"039","Owner":"PAGLINAWAN, MARGARITA","TaxDecNo":"21635"},"geometry":{"type":"Polygon","coordinates":[[[121.88396293705325,13.44878932916845],[121.88433415504946,13.449268953518642],[121.88434039371487,13.448789167275013],[121.88397974284787,13.448533757278057],[121.88397950038843,13.44853417355249],[121.88359050947334,13.44848904976354],[121.88352646525533,13.44848876562159],[121.8834928043291,13.448579182566247],[121.88344052570388,13.448702662583813],[121.88396925484366,13.44866564518929],[121.88396293705325,13.44878932916845]]]}},{"type":"Feature","properties":{"Id":0,"CLN":"14633 pt","PSGC":"174001042","Barangay":"Pawa","Land_Class":"AGRICULTURAL","PIN":"030-01-039-07-043","ALN":"043","Section":"07","Brgy_Code":"039","Owner":"LAZARTE, EDGARDO L.","TaxDecNo":"21638"},"geometry":{"type":"Polygon","coordinates":[[[121.88496874357573,13.449070944899937],[121.88496749751057,13.449071234166356],[121.88433415504946,13.449268953518642],[121.88437920492514,13.449465967816524],[121.88451617645424,13.449663389633043],[121.88454432971666,13.44976626040404],[121.88513284358423,13.449739335317952],[121.88496874357573,13.449070944899937]]]}},{"type":"Feature","properties":{"Id":0,"CLN":"14633 pt","PSGC":"174001042","Barangay":"Pawa","Land_Class":"AGRICULTURAL","PIN":"030-01-039-07-054","ALN":"054","Section":"07","Brgy_Code":"039","Owner":"MAAC, CARMEN","TaxDecNo":"21649"},"geometry":{"type":"Polygon","coordinates":[[[121.88629721805334,13.449088229823861],[121.88489744792948,13.450180055959573],[121.8850893498434,13.45032020496255],[121.88519783931118,13.45039443198722],[121.8855161867755,13.450346678076784],[121.88569119451785,13.45051952796765],[121.88595904748118,13.450528908127641],[121.88601105685122,13.45014401865103],[121.8863385704694,13.449924229438956],[121.8863808825749,13.449826088247852],[121.88648236334551,13.449605298314838],[121.88662932991396,13.449529711365509],[121.88629721805334,13.449088229823861]]]}},{"type":"Feature","properties":{"Id":0,"CLN":"14633 pt","PSGC":"174001042","Barangay":"Pawa","Land_Class":"AGRICULTURAL","PIN":"030-01-039-07-055","ALN":"055","Section":"07","Brgy_Code":"039","Owner":"MAAC, FLORENTINO","TaxDecNo":"21650"},"geometry":{"type":"Polygon","coordinates":[[[121.88599347789769,13.447906895243069],[121.88730275031072,13.44857498120332],[121.88768029257595,13.4476953149409],[121.8867738714407,13.44734276469067],[121.88604972524595,13.447864473760019],[121.88599347789769,13.447906895243069]]]}},{"type":"Feature","properties":{"Id":0,"CLN":"14633 pt","PSGC":"174001042","Barangay":"Pawa","Land_Class":"AGRICULTURAL","PIN":"030-01-039-07-052","ALN":"052","Section":"07","Brgy_Code":"039","Owner":"SPS. ALEXANDER M. GATCHALIAN AND CHERLYN ROSE S. GATCHALIAN","TaxDecNo":"31792"},"geometry":{"type":"Polygon","coordinates":[[[121.88629721805334,13.449088229823861],[121.88592608888335,13.448603163357014],[121.88540534973305,13.448969589017567],[121.88496874357573,13.449070944899937],[121.88513284358423,13.449739335317952],[121.88454432971666,13.44976626040404],[121.88460092185916,13.449973045344784],[121.8846581387615,13.450023908438606],[121.88479744395512,13.450081284324328],[121.88489744792945,13.450180055959574],[121.88629721805334,13.449088229823861]]]}},{"type":"Feature","properties":{"Id":0,"CLN":"14635 pt","PSGC":"174001042","Barangay":"Pawa","Land_Class":"AGRICULTURAL","PIN":"030-01-039-07-039","ALN":"039","Section":"07","Brgy_Code":"039","Owner":"MAMPUSTI, TOMAS","TaxDecNo":"21634"},"geometry":{"type":"Polygon","coordinates":[[[121.88814460323002,13.447395296736412],[121.89021402173572,13.447125407474859],[121.8901459906198,13.446985065435364],[121.88999544338739,13.446632034957378],[121.88986172461436,13.446574888964083],[121.88932590952373,13.44631422521647],[121.88896843512593,13.446432419648836],[121.88866495648242,13.44660535097137],[121.8885213158723,13.446866123457832],[121.88828300617303,13.446983466358423],[121.88806197099731,13.44729617797952],[121.88814460323002,13.447395296736412]]]}},{"type":"Feature","properties":{"Id":0,"CLN":"14637 pt","PSGC":"174001042","Barangay":"Pawa","Land_Class":"AGRICULTURAL","PIN":"030-01-039-07-049","ALN":"049","Section":"07","Brgy_Code":"039","Owner":"MAPACPAC, LEO L. & MAPACPAC, MERLINA M.","TaxDecNo":"21643"},"geometry":{"type":"Polygon","coordinates":[[[121.88727929719151,13.44713587458212],[121.88610441673143,13.446303390682008],[121.88598781364037,13.44663058396255],[121.88596345707452,13.446764083971825],[121.88603435278351,13.446834106216926],[121.8859978850158,13.44701983394062],[121.88654942098758,13.447109410265181],[121.88663830922461,13.4471388487056],[121.8867738714407,13.44734276469067],[121.88727929719151,13.44713587458212]]]}},{"type":"Feature","properties":{"Id":0,"CLN":"14685 pt","PSGC":"174001042","Barangay":"Pawa","Land_Class":"AGRICULTURAL","PIN":"030-01-039-07-047","ALN":"047","Section":"07","Brgy_Code":"039","Owner":"MANDIA, LINO M.","TaxDecNo":"21641"},"geometry":{"type":"Polygon","coordinates":[[[121.88457575366903,13.445353160586327],[121.88439011191899,13.445208081530712],[121.8843897529465,13.445285671916537],[121.88454672407703,13.445432100317218],[121.88457575366903,13.445353160586327]]]}},{"type":"Feature","properties":{"Id":0,"CLN":"14931 pt","PSGC":"174001042","Barangay":"Pawa","Land_Class":"AGRICULTURAL","PIN":"030-01-039-05-087","ALN":"087","Section":"05","Brgy_Code":"039","Owner":"PASTORFIDE, ALELI LABAY","TaxDecNo":"21514"},"geometry":{"type":"Polygon","coordinates":[[[121.8713255358192,13.443591809115766],[121.87132681788715,13.443819150508086],[121.87140647918844,13.443819507683445],[121.87139610452188,13.443973046368045],[121.8713480256855,13.44407658864635],[121.87165148044275,13.444106394357902],[121.87166758852013,13.444029396930627],[121.87165549600776,13.443596335399327],[121.8713255358192,13.443591809115766]]]}},{"type":"Feature","properties":{"Id":0,"CLN":"14535 B","PSGC":"174001042","Barangay":"Pawa","Land_Class":"AGRICULTURAL","PIN":"030-01-039-01-070","ALN":"070","Section":"01","Brgy_Code":"039","Owner":"BARANGAY PAWA","TaxDecNo":"21173"},"geometry":{"type":"Polygon","coordinates":[[[121.87840260511864,13.459170829979561],[121.87794801398931,13.459261408440975],[121.87782396884825,13.459194707363299],[121.87778329560311,13.459220984856374],[121.87763195832478,13.459209725804298],[121.8775478837925,13.459267560341512],[121.87737889046711,13.459249771134843],[121.8773254331539,13.460710541659642],[121.87740149289026,13.4606519480505],[121.87745474713238,13.46061092291885],[121.87846842590851,13.459830016588613],[121.87868946842202,13.45926603395253],[121.87848262483622,13.459191943625179],[121.87840260511864,13.459170829979561]]]}},{"type":"Feature","properties":{"Id":0,"CLN":"14751 pt","PSGC":"174001042","Barangay":"Pawa","Land_Class":"RESIDENTIAL","PIN":"030-01-039-03-093","ALN":"093","Section":"03","Brgy_Code":"039","Owner":"BARANGAY PAWA","TaxDecNo":"01-35829"},"geometry":{"type":"Polygon","coordinates":[[[121.87919542936991,13.450284786246309],[121.87915224601652,13.450248603009753],[121.87902542937427,13.450311397420066],[121.87907089417136,13.45034434303201],[121.87919542936991,13.450284786246309]]]}},{"type":"Feature","properties":{"Id":0,"CLN":"14784 pt","PSGC":"174001042","Barangay":"Pawa","Land_Class":"AGRICULTURAL","PIN":"030-01-039-03-087","ALN":"087","Section":"03","Brgy_Code":"039","Owner":"LOZANTA, MANUELA","TaxDecNo":"21352"},"geometry":{"type":"Polygon","coordinates":[[[121.87782329919419,13.451964166425864],[121.87773076533881,13.451808362010889],[121.87762063405859,13.451864469122999],[121.87767815909366,13.45193467242787],[121.87773048128905,13.452013311812983],[121.87782329919419,13.451964166425864]]]}},{"type":"Feature","properties":{"Id":0,"CLN":"14900 pt","PSGC":"174001042","Barangay":"Pawa","Land_Class":"AGRICULTURAL","PIN":"030-01-039-05-094","ALN":"094","Section":"05","Brgy_Code":"039","Owner":"LAZO, BENEDECTO M.","TaxDecNo":"21521"},"geometry":{"type":"Polygon","coordinates":[[[121.87070630754086,13.444997260005524],[121.87045347082154,13.44501434034296],[121.87031224282453,13.445022919435505],[121.87022638808607,13.445266676380568],[121.87046115759581,13.445250223125429],[121.87057669199496,13.445242096228379],[121.87062656323826,13.445236227097034],[121.87070630754086,13.444997260005524]]]}},{"type":"Feature","properties":{"Id":0,"CLN":"14535 A","PSGC":"174001042","Barangay":"Pawa","Land_Class":"AGRICULTURAL","PIN":"030-01-039-01-079","ALN":"079","Section":"01","Brgy_Code":"039","Owner":"IBASCO, ELNORA G.","TaxDecNo":"21182"},"geometry":{"type":"Polygon","coordinates":[[[121.8773771752017,13.459203783162224],[121.87737906283822,13.459244915135727],[121.87737906807956,13.459244917646885],[121.87737889046711,13.459249771134843],[121.8775478837925,13.459267560341512],[121.87763195832478,13.459209725804298],[121.87778329560311,13.459220984856374],[121.87782396884825,13.459194707363299],[121.87794801398931,13.459261408440975],[121.87840260511864,13.459170829979561],[121.87848262483622,13.459191943625179],[121.87849376113024,13.459166543675694],[121.87861319386917,13.458894137965311],[121.87897296046032,13.458692149816176],[121.8790565911547,13.45860090610336],[121.87893012903187,13.458397386302211],[121.8788359379321,13.458522939087691],[121.8785353077605,13.457967273142462],[121.87847436568812,13.458065630050076],[121.87751141934336,13.458184443313982],[121.87739421337774,13.458226865344319],[121.87728898816889,13.458209217492392],[121.87706409892171,13.458133774977677],[121.87702964872744,13.45834246215814],[121.87691352696706,13.45839211290008],[121.87682613070974,13.458459401604236],[121.87687247816406,13.458663104502167],[121.87700617274355,13.458729849669398],[121.87724860558122,13.459142455744297],[121.8773771752017,13.459203783162224]]]}},{"type":"Feature","properties":{"Id":0,"CLN":"14582","PSGC":"174001042","Barangay":"Pawa","Land_Class":"AGRICULTURAL","PIN":"030-01-039-01-041","ALN":"041","Section":"01","Brgy_Code":"039","Owner":"LUCI, JUAN","TaxDecNo":"21144"},"geometry":{"type":"Polygon","coordinates":[[[121.87859916663703,13.452731638645043],[121.87841262874376,13.452719149621815],[121.8782870488813,13.452756656026912],[121.87847755154002,13.453651544809885],[121.87857495177374,13.453637322659342],[121.8787090713314,13.453777156185833],[121.87883077394385,13.453367319868564],[121.87882549443952,13.453354228897576],[121.87859916663703,13.452731638645043]]]}},{"type":"Feature","properties":{"Id":0,"CLN":"14581 pt","PSGC":"174001042","Barangay":"Pawa","Land_Class":"AGRICULTURAL","PIN":"030-01-039-01-071","ALN":"071","Section":"01","Brgy_Code":"039","Owner":"MAAÑO, FRANCO","TaxDecNo":"21174"},"geometry":{"type":"Polygon","coordinates":[[[121.87957589980012,13.45299352377049],[121.87957376575416,13.452989564129858],[121.87937222847336,13.452856758933976],[121.87933513395846,13.452783311747812],[121.87932570318102,13.452730990441761],[121.87926631511345,13.452695753573481],[121.87913902062705,13.452749587798548],[121.87859916663703,13.452731638645043],[121.87882549443958,13.453354228897709],[121.87957589980012,13.45299352377049]]]}},{"type":"Feature","properties":{"Id":0,"CLN":"14579","PSGC":"174001042","Barangay":"Pawa","Land_Class":"AGRICULTURAL","PIN":"030-01-039-01-042","ALN":"042","Section":"01","Brgy_Code":"039","Owner":"LOZANTA, GAVINO","TaxDecNo":"21145"},"geometry":{"type":"Polygon","coordinates":[[[121.87847755154002,13.453651544809885],[121.8782870488813,13.452756656026912],[121.87804719033993,13.452814211933731],[121.87789772226856,13.452754919751648],[121.87773809242378,13.452700411419512],[121.87771928930749,13.452693990766734],[121.87771419759099,13.452672368996769],[121.87746128883062,13.453221976825766],[121.87768593486082,13.453215650982356],[121.8778119523362,13.453487356215252],[121.87804306216012,13.453700904628786],[121.87847755154002,13.453651544809885]]]}},{"type":"Feature","properties":{"Id":0,"CLN":"14596","PSGC":"174001042","Barangay":"Pawa","Land_Class":"AGRICULTURAL","PIN":"030-01-039-02-017","ALN":"017","Section":"02","Brgy_Code":"039","Owner":"MAAC, ESCOLASTICA","TaxDecNo":"21202"},"geometry":{"type":"Polygon","coordinates":[[[121.88403502183975,13.455858757601233],[121.88406173473226,13.455798343284458],[121.88416080814923,13.455473233771322],[121.88391812050638,13.455207377100665],[121.88352119107208,13.455687428041044],[121.88403502183975,13.455858757601233]]]}},{"type":"Feature","properties":{"Id":0,"CLN":"14590","PSGC":"174001042","Barangay":"Pawa","Land_Class":"AGRICULTURAL","PIN":"030-01-039-02-002","ALN":"002","Section":"02","Brgy_Code":"039","Owner":"LAZO, MARTIN","TaxDecNo":"21188"},"geometry":{"type":"Polygon","coordinates":[[[121.88406173473226,13.455798343284458],[121.88403502183975,13.455858757601233],[121.88352119107208,13.455687428041044],[121.88342396732324,13.455613205340347],[121.88329644435869,13.455378243916089],[121.88319432327195,13.45540383441698],[121.8833737361145,13.45592550937037],[121.88340461885048,13.455960371702567],[121.88410485650624,13.456063314507226],[121.88406173473226,13.455798343284458]]]}},{"type":"Feature","properties":{"Id":0,"CLN":"14668 pt","PSGC":"174001042","Barangay":"Pawa","Land_Class":"AGRICULTURAL","PIN":"030-01-039-02-077","ALN":"077","Section":"02","Brgy_Code":"039","Owner":"MAAC, ELEUTERIO","TaxDecNo":"21260"},"geometry":{"type":"Polygon","coordinates":[[[121.88068982597461,13.450876049420701],[121.88059887936268,13.450490651316759],[121.88059887936264,13.450490651316635],[121.88050176663049,13.45054183784304],[121.88059158415604,13.450908546325035],[121.88068982597461,13.450876049420701]]]}},{"type":"Feature","properties":{"Id":0,"CLN":"14790","PSGC":"174001042","Barangay":"Pawa","Land_Class":"AGRICULTURAL","PIN":"030-01-039-03-027","ALN":"027","Section":"03","Brgy_Code":"039","Owner":"MALAPAD, LEONILA","TaxDecNo":"21295"},"geometry":{"type":"Polygon","coordinates":[[[121.87711981288312,13.45142390455552],[121.87744706067262,13.451137581622897],[121.87733153018455,13.451100427394213],[121.87727753252786,13.45100359341723],[121.87729193565802,13.450833787198869],[121.87707044775718,13.450896083840707],[121.87691678639447,13.451008644955543],[121.8770350990029,13.451179043529343],[121.87709529735395,13.451405806178984],[121.87711981288312,13.45142390455552]]]}},{"type":"Feature","properties":{"Id":0,"CLN":"14748 RW pt","PSGC":"174001042","Barangay":"Pawa","Land_Class":"RESIDENTIAL","PIN":"030-01-039-03-094","ALN":"094","Section":"03","Brgy_Code":"039","Owner":"BARANGAY PAWA","TaxDecNo":"21358"},"geometry":{"type":"Polygon","coordinates":[[[121.87922879650802,13.450250974192757],[121.87919542936991,13.450284786246309],[121.87919542936991,13.450284786246314],[121.87923858340173,13.450320944896875],[121.87927067847072,13.450286704137685],[121.87922879650802,13.450250974192757]]]}},{"type":"Feature","properties":{"Id":0,"CLN":"14751 pt","PSGC":"174001042","Barangay":"Pawa","Land_Class":"RESIDENTIAL","PIN":"030-01-039-03-092","ALN":"092","Section":"03","Brgy_Code":"039","Owner":"BARANGAY PAWA","TaxDecNo":"01-35829"},"geometry":{"type":"Polygon","coordinates":[[[121.87907089417136,13.45034434303201],[121.87902542937427,13.450311397420066],[121.87915224601652,13.450248603009753],[121.87888229027541,13.45002240729311],[121.87887824582262,13.450028751675925],[121.87874717389953,13.4502343590973],[121.87845125291645,13.450001731593863],[121.87824306349077,13.450132086779655],[121.87839184976546,13.450414071345117],[121.87860905280105,13.450405662118197],[121.87885784211548,13.450472412467786],[121.87917212523881,13.450347383527387],[121.87923858340173,13.450320944896875],[121.87919542936991,13.450284786246309],[121.87907089417136,13.45034434303201]]]}},{"type":"Feature","properties":{"Id":0,"CLN":"14759","PSGC":"174001042","Barangay":"Pawa","Land_Class":"AGRICULTURAL","PIN":"030-01-039-03-062","ALN":"062","Section":"03","Brgy_Code":"039","Owner":"MARQUEZ, RODOLFO M.","TaxDecNo":"21329"},"geometry":{"type":"Polygon","coordinates":[[[121.87842419834872,13.449639019113633],[121.8783732330804,13.449610659806208],[121.87826207114499,13.449478881000385],[121.87783264232851,13.449798922770166],[121.87816390929895,13.449984821660287],[121.8781688927711,13.449994093336791],[121.87842419834872,13.449639019113633]]]}},{"type":"Feature","properties":{"Id":0,"CLN":"14965 pt","PSGC":"174001042","Barangay":"Pawa","Land_Class":"RESIDENTIAL","PIN":"030-01-039-04-079","ALN":"079","Section":"04","Brgy_Code":"039","Owner":"MAPACPAC, MARLON & MAPACPAC, MARIBEL R.","TaxDecNo":"21431"},"geometry":{"type":"Polygon","coordinates":[[[121.87393499901896,13.456765491704457],[121.87403014338794,13.456767726781106],[121.87403039739588,13.456713377553873],[121.87393644723568,13.456681266528085],[121.87393499901896,13.456765491704457]]]}},{"type":"Feature","properties":{"Id":0,"CLN":"14965 pt","PSGC":"174001042","Barangay":"Pawa","Land_Class":"RESIDENTIAL","PIN":"030-01-039-04-077","ALN":"077","Section":"04","Brgy_Code":"039","Owner":"LEBRIAS, RUBEN & LEBRIAS, LOLITA M.","TaxDecNo":"21429"},"geometry":{"type":"Polygon","coordinates":[[[121.87402986391585,13.456827524206473],[121.87393397415241,13.45682509562168],[121.87393288241636,13.456888588410903],[121.87402957117335,13.456890160733177],[121.87402986391585,13.456827524206473]]]}},{"type":"Feature","properties":{"Id":0,"CLN":"14965 pt","PSGC":"174001042","Barangay":"Pawa","Land_Class":"RESIDENTIAL","PIN":"030-01-039-04-078","ALN":"078","Section":"04","Brgy_Code":"039","Owner":"MAPACPAC, HERNANDO","TaxDecNo":"21430"},"geometry":{"type":"Polygon","coordinates":[[[121.87403014338794,13.456767726781106],[121.87393499901896,13.456765491704457],[121.87393397415241,13.45682509562168],[121.87402986391585,13.456827524206473],[121.87403014338794,13.456767726781106]]]}},{"type":"Feature","properties":{"Id":0,"CLN":"14854","PSGC":"174001042","Barangay":"Pawa","Land_Class":"AGRICULTURAL","PIN":"030-01-039-04-026","ALN":"026","Section":"04","Brgy_Code":"039","Owner":"MARTIZANA, JOSE & MARTIZANA, AMELITA MANGCUPANG","TaxDecNo":"21382"},"geometry":{"type":"Polygon","coordinates":[[[121.87170386830316,13.452349296508041],[121.87193275318646,13.452592623877935],[121.87246009454829,13.452609130940015],[121.87264840146263,13.452510974226675],[121.8728160592265,13.452193509119187],[121.87271603728927,13.451952630808139],[121.87263059731394,13.451683531911838],[121.8724938897353,13.45156270421025],[121.87223197956644,13.451950461368025],[121.87195992014637,13.4521441918351],[121.87170386830316,13.452349296508041]]]}},{"type":"Feature","properties":{"Id":0,"CLN":"14987","PSGC":"174001042","Barangay":"Pawa","Land_Class":"AGRICULTURAL","PIN":"030-01-039-04-022","ALN":"022","Section":"04","Brgy_Code":"039","Owner":"JAO, NATIVIDAD ANG","TaxDecNo":"21378"},"geometry":{"type":"Polygon","coordinates":[[[121.87093391436731,13.452977073852251],[121.87145495876307,13.452795553612212],[121.87152037899449,13.452710989422824],[121.87159975205387,13.452732559878497],[121.87166530464927,13.452619710350804],[121.8719327531864,13.452592623877898],[121.87193275318646,13.452592623877935],[121.87193275318643,13.4525926238779],[121.87193275318646,13.452592623877896],[121.87193275318634,13.45259262387782],[121.87170386830316,13.452349296508041],[121.8716664302975,13.452379285341706],[121.87141435869631,13.452208439319016],[121.87079949321462,13.45236832405857],[121.87093391436731,13.452977073852251]]]}},{"type":"Feature","properties":{"Id":0,"CLN":"14883","PSGC":"174001042","Barangay":"Pawa","Land_Class":"AGRICULTURAL","PIN":"030-01-039-05-021","ALN":"021","Section":"05","Brgy_Code":"039","Owner":"GO, MELCHAN J.","TaxDecNo":"29713"},"geometry":{"type":"Polygon","coordinates":[[[121.87115924798732,13.447495873379628],[121.87122222766423,13.44714159704582],[121.8711899699977,13.44700459752876],[121.87109953715195,13.446996141604734],[121.87083203049993,13.447039218061784],[121.87071230255413,13.44713930937577],[121.87062043672346,13.447436757585846],[121.87058293573983,13.447541242958751],[121.87081675275472,13.44766707159127],[121.87115924798732,13.447495873379628]]]}},{"type":"Feature","properties":{"Id":0,"CLN":"14882","PSGC":"174001042","Barangay":"Pawa","Land_Class":"AGRICULTURAL","PIN":"030-01-039-05-022","ALN":"022","Section":"05","Brgy_Code":"039","Owner":"OLIVAR, JOSELITO","TaxDecNo":"21456"},"geometry":{"type":"Polygon","coordinates":[[[121.87173637818537,13.447119751769817],[121.87146547508861,13.447009858259694],[121.8714000551524,13.446929062043452],[121.87132263753838,13.446775759444533],[121.87141803043998,13.446603106114399],[121.87075940419227,13.446741031714055],[121.87083203049993,13.447039218061784],[121.87109953715195,13.446996141604734],[121.8711899699977,13.44700459752876],[121.87122222766423,13.44714159704582],[121.87115924798732,13.447495873379628],[121.87119185856066,13.447479572758636],[121.87150371553042,13.447625876522787],[121.87189498753506,13.447498826231556],[121.87186314379885,13.447273275485614],[121.87173637818537,13.447119751769817]]]}},{"type":"Feature","properties":{"Id":0,"CLN":"14900 pt","PSGC":"174001042","Barangay":"Pawa","Land_Class":"AGRICULTURAL","PIN":"030-01-039-05-092","ALN":"092","Section":"05","Brgy_Code":"039","Owner":"LABAY, JAIME","TaxDecNo":"21519"},"geometry":{"type":"Polygon","coordinates":[[[121.87060761424631,13.445799248498465],[121.87057669199496,13.445242096228379],[121.87046115759581,13.445250223125429],[121.87049020898836,13.445815697948234],[121.87060761424631,13.445799248498465]]]}},{"type":"Feature","properties":{"Id":0,"CLN":"14900 pt","PSGC":"174001042","Barangay":"Pawa","Land_Class":"AGRICULTURAL","PIN":"030-01-039-05-090","ALN":"090","Section":"05","Brgy_Code":"039","Owner":"LAZO, NEMESIA M.","TaxDecNo":"21517"},"geometry":{"type":"Polygon","coordinates":[[[121.87057669199496,13.445242096228379],[121.87060761424631,13.445799248498465],[121.87077463663668,13.445775847177735],[121.87078304984374,13.445665637208538],[121.87071438504621,13.445665329130206],[121.87072183827661,13.445295708058119],[121.87099618238007,13.445364148724254],[121.87097226599305,13.445741286751103],[121.87107114735412,13.445772570877832],[121.87106594513772,13.445878496109048],[121.87120717364652,13.445869916631501],[121.87117146503194,13.44545517511579],[121.87114847329251,13.445339910506872],[121.87132290340148,13.44527620232846],[121.8712197127183,13.44520203621286],[121.87122001459886,13.445137547129223],[121.87096070104238,13.445237726169248],[121.87062656323826,13.445236227097034],[121.87057669199496,13.445242096228379]]]}},{"type":"Feature","properties":{"Id":0,"CLN":"14909 pt","PSGC":"174001042","Barangay":"Pawa","Land_Class":"AGRICULTURAL","PIN":"030-01-039-05-085","ALN":"085","Section":"05","Brgy_Code":"039","Owner":"LABAY, JAIME","TaxDecNo":"21519"},"geometry":{"type":"Polygon","coordinates":[[[121.86972474989824,13.444631238531027],[121.8696439189845,13.445206470686609],[121.86974220181426,13.445225938250744],[121.86989438096856,13.445215153086185],[121.86998923604261,13.445232172097839],[121.87010426631171,13.445256839357338],[121.87013918241776,13.444826305969542],[121.8701030396391,13.444640987220843],[121.8702121834633,13.44416651042086],[121.86996590129263,13.444068801500142],[121.86996787587537,13.444061102161747],[121.86990018081453,13.44405240588591],[121.8698635478629,13.443971738589713],[121.86979771423748,13.443979493290815],[121.86976015697515,13.444096053752908],[121.86972474989824,13.444631238531027]]]}},{"type":"Feature","properties":{"Id":0,"CLN":"14912","PSGC":"174001042","Barangay":"Pawa","Land_Class":"AGRICULTURAL","PIN":"030-01-039-05-075","ALN":"075","Section":"05","Brgy_Code":"039","Owner":"MARQUEZ, ADELFA J.","TaxDecNo":"21503"},"geometry":{"type":"Polygon","coordinates":[[[121.86936182335403,13.443837202247202],[121.86938528389877,13.444093291163458],[121.86967387528192,13.444079565756486],[121.86972876819789,13.443773901513639],[121.8695068770557,13.44373667881815],[121.8695539229377,13.443350476551487],[121.8694347059316,13.443341890869444],[121.86935070632651,13.44371585169677],[121.86939595982128,13.443712029814874],[121.8693830381243,13.443836751142914],[121.86936182335403,13.443837202247202]]]}},{"type":"Feature","properties":{"Id":0,"CLN":"14726","PSGC":"174001042","Barangay":"Pawa","Land_Class":"AGRICULTURAL","PIN":"030-01-039-06-001","ALN":"001","Section":"06","Brgy_Code":"039","Owner":"MADRIGAL, ESCOLASTICA","TaxDecNo":"21570"},"geometry":{"type":"Polygon","coordinates":[[[121.87628583301543,13.4496086397026],[121.87635152969372,13.449206368420867],[121.87634784125868,13.449168013832372],[121.87617489203355,13.449166074876157],[121.87589057431096,13.449211250362326],[121.87585042265826,13.448697454058303],[121.87585832433298,13.448451565475748],[121.87583625271891,13.448324576523467],[121.87565467424317,13.44833978345609],[121.87526381664948,13.44845675771491],[121.87521957320872,13.448639108893637],[121.87504873893775,13.448777160587424],[121.87521860170003,13.448847327593421],[121.87530314454143,13.448965698537249],[121.87540154590634,13.449153539078214],[121.87518696630852,13.449548203728563],[121.87537130334329,13.449555968462546],[121.87545652644162,13.44952858628212],[121.87556302291463,13.449501299137603],[121.87577604816812,13.449439784083058],[121.87581846547225,13.449467736670831],[121.87580360346732,13.449613426418152],[121.87592386146744,13.44967643060287],[121.8760159491572,13.449697664283113],[121.87612940736062,13.44969817107591],[121.87623567736026,13.44971946802342],[121.87628583301543,13.4496086397026]]]}},{"type":"Feature","properties":{"Id":0,"CLN":"14711","PSGC":"174001042","Barangay":"Pawa","Land_Class":"AGRICULTURAL","PIN":"030-01-039-06-004","ALN":"004","Section":"06","Brgy_Code":"039","Owner":"MAGYAYA, DOMINGA","TaxDecNo":"21574"},"geometry":{"type":"Polygon","coordinates":[[[121.87749623495117,13.4484624454611],[121.8773490670809,13.44823379492251],[121.8772321908543,13.448321362075605],[121.87711096188846,13.448206824152056],[121.87692548202979,13.448247449889218],[121.87673596704673,13.44848262826362],[121.87658206697859,13.448541426709767],[121.87691825547488,13.448660569268004],[121.87749623495117,13.4484624454611]]]}},{"type":"Feature","properties":{"Id":0,"CLN":"14710","PSGC":"174001042","Barangay":"Pawa","Land_Class":"AGRICULTURAL","PIN":"030-01-039-06-003","ALN":"003","Section":"06","Brgy_Code":"039","Owner":"NABING, JUANA","TaxDecNo":"21572"},"geometry":{"type":"Polygon","coordinates":[[[121.87692284162235,13.448671261788995],[121.87691825547488,13.448660569268004],[121.87658206697859,13.448541426709767],[121.87641591780567,13.44860490485802],[121.8763395473796,13.4487343425296],[121.87634621792324,13.44882460233237],[121.87618315469216,13.448816933362925],[121.87617489203355,13.449166074876157],[121.87634784125868,13.449168013832372],[121.87635152969372,13.449206368420867],[121.87680485174334,13.449284693040463],[121.87680128007247,13.449199189293438],[121.87677009957109,13.44907470421362],[121.87692284162235,13.448671261788995]]]}},{"type":"Feature","properties":{"Id":0,"CLN":"14708","PSGC":"174001042","Barangay":"Pawa","Land_Class":"AGRICULTURAL","PIN":"030-01-039-06-005","ALN":"005","Section":"06","Brgy_Code":"039","Owner":"BARANGAY PAWA","TaxDecNo":"01-17638"},"geometry":{"type":"Polygon","coordinates":[[[121.8778879736002,13.44802149663774],[121.8777309039009,13.448090410983662],[121.87779305593543,13.448386044084321],[121.87749623495117,13.4484624454611],[121.87691825547488,13.448660569268004],[121.87692284162235,13.448671261788995],[121.87692284162235,13.44867126178899],[121.87720835419135,13.44874248047237],[121.87743451629696,13.448770690170926],[121.87756153753443,13.448775142601301],[121.87756889853884,13.448899521365348],[121.87735067624895,13.448871347201038],[121.87731447591479,13.448972216752033],[121.87768892785792,13.449113733451805],[121.87780371934268,13.449151754915968],[121.87788352782493,13.449158362411188],[121.87788085811894,13.449045822002315],[121.87783903815863,13.448861868095454],[121.87813802832517,13.4482010416597],[121.87805397686374,13.448060761482438],[121.8778879736002,13.44802149663774]]]}},{"type":"Feature","properties":{"Id":0,"CLN":"14712","PSGC":"174001042","Barangay":"Pawa","Land_Class":"AGRICULTURAL","PIN":"030-01-039-06-007","ALN":"007","Section":"06","Brgy_Code":"039","Owner":"HRS OF JINANG, AGUSTIN","TaxDecNo":"21578"},"geometry":{"type":"Polygon","coordinates":[[[121.8773072225507,13.44812479291327],[121.8777309039009,13.448090410983662],[121.8778879736002,13.44802149663774],[121.87785302551411,13.448013230332096],[121.87727043065006,13.44806763026342],[121.8773072225507,13.44812479291327]]]}},{"type":"Feature","properties":{"Id":0,"CLN":"14717","PSGC":"174001042","Barangay":"Pawa","Land_Class":"AGRICULTURAL","PIN":"030-01-039-06-009","ALN":"009","Section":"06","Brgy_Code":"039","Owner":"STO. DOMINGO, CARINA","TaxDecNo":"01-17642"},"geometry":{"type":"Polygon","coordinates":[[[121.87606686025325,13.44830293558223],[121.87608220326524,13.448479011651957],[121.8764790979304,13.448336006353017],[121.87673596704673,13.44848262826362],[121.87692548202979,13.448247449889218],[121.87691013136094,13.448133384384734],[121.87606686025325,13.44830293558223]]]}},{"type":"Feature","properties":{"Id":0,"CLN":"14978 RW","PSGC":"174001042","Barangay":"Pawa","Land_Class":null,"PIN":"030-01-039-06-","ALN":null,"Section":"06","Brgy_Code":"039"},"geometry":{"type":"Polygon","coordinates":[[[121.87690602631933,13.448099676338154],[121.87691013136094,13.448133384384734],[121.87727043065006,13.44806763026342],[121.87726535392396,13.44802097247363],[121.87690602631933,13.448099676338154]]]}},{"type":"Feature","properties":{"Id":0,"CLN":"14982 RW","PSGC":"174001042","Barangay":"Pawa","Land_Class":null,"PIN":"030-01-039-06-","ALN":null,"Section":"06","Brgy_Code":"039"},"geometry":{"type":"Polygon","coordinates":[[[121.87689439447927,13.448102224061467],[121.8764193094886,13.448185531703018],[121.87606624218387,13.448270252250063],[121.87606686025325,13.44830293558223],[121.87691013136094,13.448133384384734],[121.87690602631933,13.448099676338154],[121.87689439447927,13.448102224061467]]]}},{"type":"Feature","properties":{"Id":0,"CLN":"14675 pt","PSGC":"174001042","Barangay":"Pawa","Land_Class":"AGRICULTURAL","PIN":"030-01-039-07-042","ALN":"042","Section":"07","Brgy_Code":"039","Owner":"MAAC, REMEDIOS","TaxDecNo":"21637"},"geometry":{"type":"Polygon","coordinates":[[[121.8841406674058,13.447632769168743],[121.8842230403823,13.448072338061833],[121.88458320754155,13.447954272546054],[121.88473092018043,13.44762998005335],[121.88465006959244,13.447577716284853],[121.88452521657189,13.447520641739994],[121.88436204121902,13.447425716479325],[121.8841406674058,13.447632769168743]]]}},{"type":"Feature","properties":{"Id":0,"CLN":"14677","PSGC":"174001042","Barangay":"Pawa","Land_Class":"AGRICULTURAL","PIN":"030-01-039-07-005","ALN":"005","Section":"07","Brgy_Code":"039","Owner":"TAN, ANDREA JINANG","TaxDecNo":"21605"},"geometry":{"type":"Polygon","coordinates":[[[121.88359050947334,13.44848904976354],[121.88397950038843,13.44853417355249],[121.8842230403823,13.448072338061833],[121.8841406674058,13.447632769168743],[121.8840913867532,13.447678861676124],[121.88386972496602,13.447743820006718],[121.88372588538186,13.447630139717132],[121.88377128179813,13.447935743157984],[121.88375000990895,13.448089528397142],[121.88369037872667,13.448200170694792],[121.88359050947334,13.44848904976354]]]}},{"type":"Feature","properties":{"Id":0,"CLN":"14637 pt","PSGC":"174001042","Barangay":"Pawa","Land_Class":"AGRICULTURAL","PIN":"030-01-039-07-051","ALN":"051","Section":"07","Brgy_Code":"039","Owner":"LALO, DOROTEO","TaxDecNo":"21645"},"geometry":{"type":"Polygon","coordinates":[[[121.88616607536078,13.44584033062428],[121.88745371234927,13.446637068392581],[121.88772687459833,13.446603421553503],[121.88775026549389,13.446679042435347],[121.88789923195863,13.446681185311752],[121.88828300617303,13.446983466358423],[121.8885213158723,13.446866123457832],[121.88866495648242,13.44660535097137],[121.88896843512593,13.446432419648836],[121.88932590952373,13.44631422521647],[121.88856422556913,13.446012106498658],[121.88819924247485,13.445731655370013],[121.88799589785269,13.445700881423708],[121.88779324229007,13.44552073228894],[121.88750818344853,13.445559306625432],[121.88716493115052,13.445720393419421],[121.88676569432204,13.445513155209511],[121.88666716700276,13.44546811573788],[121.88654648469102,13.445576501335697],[121.88640465343332,13.44544517051536],[121.88631112024191,13.44545782700166],[121.88624846293126,13.44553161496795],[121.88606969484962,13.44568766782924],[121.88617152657388,13.445805751487963],[121.88616607536078,13.44584033062428]]]}},{"type":"Feature","properties":{"Id":0,"CLN":"14637 pt","PSGC":"174001042","Barangay":"Pawa","Land_Class":"AGRICULTURAL","PIN":"030-01-039-07-050","ALN":"050","Section":"07","Brgy_Code":"039","Owner":"GARCIA, JOHN EDWARD","TaxDecNo":"21644"},"geometry":{"type":"Polygon","coordinates":[[[121.88745371234927,13.446637068392581],[121.88616607536078,13.44584033062428],[121.88615127371192,13.44593422309786],[121.88618623847876,13.446073794710092],[121.88610441673143,13.446303390682008],[121.88727929719151,13.44713587458212],[121.88745371234927,13.446637068392581]]]}},{"type":"Feature","properties":{"Id":0,"CLN":"14643","PSGC":"174001042","Barangay":"Pawa","Land_Class":"AGRICULTURAL","PIN":"030-01-039-07-019","ALN":"019","Section":"07","Brgy_Code":"039","Owner":"MAGYAYA, EUSEBIA","TaxDecNo":"21616"},"geometry":{"type":"Polygon","coordinates":[[[121.88556409189097,13.445695682096227],[121.88615127371192,13.44593422309786],[121.88617152657388,13.445805751487963],[121.88606969484962,13.44568766782924],[121.8857416254402,13.4450813497692],[121.8856761281949,13.445127532096327],[121.88559744592104,13.44545829877915],[121.88554330799865,13.44561490303087],[121.88557680687288,13.445670273502277],[121.88556409189097,13.445695682096227]]]}},{"type":"Feature","properties":{"Id":0,"CLN":"14683","PSGC":"174001042","Barangay":"Pawa","Land_Class":"AGRICULTURAL","PIN":"030-01-039-07-038","ALN":"038","Section":"07","Brgy_Code":"039","Owner":"MAGYAYA, ANDRES","TaxDecNo":"21633"},"geometry":{"type":"Polygon","coordinates":[[[121.88505530752207,13.445127935822008],[121.88559744592104,13.44545829877915],[121.8856761281949,13.445127532096327],[121.885557647502,13.445080535243168],[121.88524866341848,13.445160493467563],[121.88505899240567,13.445107372044397],[121.88505530752207,13.445127935822008]]]}},{"type":"Feature","properties":{"Id":0,"CLN":"14638","PSGC":"174001042","Barangay":"Pawa","Land_Class":"AGRICULTURAL","PIN":"030-01-039-07-021","ALN":"021","Section":"07","Brgy_Code":"039","Owner":"OSINSAO, ISIDRO","TaxDecNo":"21618"},"geometry":{"type":"Polygon","coordinates":[[[121.88612218197922,13.444596097968894],[121.8863347539808,13.445159492296076],[121.88629836728681,13.445327793370332],[121.88631112024191,13.44545782700166],[121.88640465343332,13.44544517051536],[121.88654648469102,13.445576501335697],[121.88666716700276,13.44546811573788],[121.88721711011357,13.444846024317744],[121.88761851743249,13.444524106325261],[121.88729219580091,13.44413428103053],[121.88675949322148,13.444285971767012],[121.88633310098074,13.444498271316679],[121.88627242262278,13.44452022241001],[121.88614739020409,13.44460680470916],[121.88612218197922,13.444596097968894]]]}},{"type":"Feature","properties":{"Id":0,"CLN":"14545 pt","PSGC":"174001042","Barangay":"Pawa","Land_Class":"AGRICULTURAL","PIN":"030-01-039-01-085","ALN":"085","Section":"01","Brgy_Code":"039","Owner":"MALAPAD, MARIA N.","TaxDecNo":"29188"},"geometry":{"type":"Polygon","coordinates":[[[121.88002981108606,13.457538612797753],[121.88016964736225,13.456210876171006],[121.8794305369193,13.456418520619415],[121.87885990949538,13.456760402522468],[121.87866105517669,13.456921256054844],[121.87894124169794,13.457057066950458],[121.87904367466523,13.457046071470948],[121.87906973445207,13.45710344795894],[121.87917715192816,13.457278570736408],[121.87934862899341,13.457307487910143],[121.87936018592826,13.457430039118886],[121.87960454981207,13.457629286105073],[121.88002621386543,13.4575357304193],[121.88002981108606,13.457538612797753]]]}}]}